run_id,evaluation_index,training_objective,expected_energy,cvar_0.10,cvar_0.25,p_opt,p_feas,p_opt_given_feas
bfo-08c53844fa5e7a0578ff0fbefe6e36589dc6b89b31ffbd3e992070e465e49792,0,16.220799562671154,42.688138671716686,16.220799562671154,21.44689531026483,0.0027880592462267884,0.01661805279083194,0.16777292028852747
bfo-08c53844fa5e7a0578ff0fbefe6e36589dc6b89b31ffbd3e992070e465e49792,1,16.220799562671154,42.688138671716686,16.220799562671154,21.44689531026483,0.0027880592462267884,0.01661805279083194,0.16777292028852747
bfo-08c53844fa5e7a0578ff0fbefe6e36589dc6b89b31ffbd3e992070e465e49792,2,45.017610091701435,95.36644865004018,45.017610091701435,56.225553443569524,5.9694747646969145e-09,0.00019181077136442497,3.112168687000062e-05
bfo-08c53844fa5e7a0578ff0fbefe6e36589dc6b89b31ffbd3e992070e465e49792,3,18.20963949862616,49.057438655998595,18.20963949862616,24.381695203379124,0.0010908101929607305,0.018659988076898143,0.058457175238562975
bfo-08c53844fa5e7a0578ff0fbefe6e36589dc6b89b31ffbd3e992070e465e49792,4,45.899507449910665,85.8235205565932,45.899507449910665,53.678468055252395,1.1338766846485465e-05,0.0001626719318432393,0.06970327774438802
bfo-08c53844fa5e7a0578ff0fbefe6e36589dc6b89b31ffbd3e992070e465e49792,5,45.77246142715007,87.42248618948821,45.77246142715007,53.82577664598575,1.1975921655693811e-05,0.0001366225484585374,0.08765699213500103
bfo-08c53844fa5e7a0578ff0fbefe6e36589dc6b89b31ffbd3e992070e465e49792,6,45.95032272958541,87.29410922196271,45.95032272958541,53.93513367062327,9.295902428604783e-06,0.00012648159532113585,0.07349608775096925
bfo-08c53844fa5e7a0578ff0fbefe6e36589dc6b89b31ffbd3e992070e465e49792,7,45.97744769798942,87.25513605057405,45.97744769798942,53.946021962723066,8.777311921074193e-06,0.0001249139104190158,0.0702668893450798
bfo-08c53844fa5e7a0578ff0fbefe6e36589dc6b89b31ffbd3e992070e465e49792,8,46.00274624473539,87.15524855005002,46.00274624473539,53.93889245461647,7.948070729846212e-06,0.0001236523724496039,0.06427754334503812
bfo-08c53844fa5e7a0578ff0fbefe6e36589dc6b89b31ffbd3e992070e465e49792,9,45.97615390509885,86.64715424912657,45.97615390509885,53.78125117392612,5.488572081990738e-06,0.00012480243172335642,0.04397808605329897
bfo-08c53844fa5e7a0578ff0fbefe6e36589dc6b89b31ffbd3e992070e465e49792,10,45.93199696157488,86.49967338646154,45.93199696157488,53.708116437446186,5.04135767936073e-06,0.00012734350042449487,0.0395886532296941
bfo-08c53844fa5e7a0578ff0fbefe6e36589dc6b89b31ffbd3e992070e465e49792,11,45.797454607066406,86.23237380621286,45.797454607066406,53.534826915590024,4.011294130714205e-06,0.00013663553062427886,0.029357621054983744
bfo-08c53844fa5e7a0578ff0fbefe6e36589dc6b89b31ffbd3e992070e465e49792,12,45.79664724242972,86.23195950234786,45.79664724242972,53.53409910677676,3.998956124492624e-06,0.0001367336008162183,0.029246330825936227
bfo-08c53844fa5e7a0578ff0fbefe6e36589dc6b89b31ffbd3e992070e465e49792,13,45.796647242429756,86.23195950234786,45.796647242429756,53.53409910677679,3.998956124492641e-06,0.00013673360081621773,0.029246330825936473
bfo-08c53844fa5e7a0578ff0fbefe6e36589dc6b89b31ffbd3e992070e465e49792,14,45.03510742147952,85.99850453764897,45.03510742147952,52.96456632150928,8.831122985837691e-07,0.00019982759108623326,0.004419371187848991
bfo-08c53844fa5e7a0578ff0fbefe6e36589dc6b89b31ffbd3e992070e465e49792,15,45.032639343175944,85.99905439000914,45.032639343175944,52.963180550976006,8.7889463161778e-07,0.00020005118973451225,0.004393348686324536
bfo-08c53844fa5e7a0578ff0fbefe6e36589dc6b89b31ffbd3e992070e465e49792,16,45.03263934317595,85.99905439000914,45.03263934317595,52.96318055097603,8.788946316177958e-07,0.00020005118973451144,0.0043933486863246335
bfo-08c53844fa5e7a0578ff0fbefe6e36589dc6b89b31ffbd3e992070e465e49792,17,45.05812358140887,86.15646327270429,45.05812358140887,53.07220636817227,1.3693146820523615e-06,0.00020940177827799192,0.006539174085878697
bfo-08c53844fa5e7a0578ff0fbefe6e36589dc6b89b31ffbd3e992070e465e49792,18,45.01592785550469,86.40224790989019,45.01592785550469,53.11819252175993,1.8268725040433016e-06,0.00020541610293566562,0.00889352138383942
bfo-08c53844fa5e7a0578ff0fbefe6e36589dc6b89b31ffbd3e992070e465e49792,19,44.060647679858185,84.97050300947467,44.060647679858185,51.79322814329589,3.807005693879445e-06,0.00026692813579600204,0.014262287047885137
bfo-08c53844fa5e7a0578ff0fbefe6e36589dc6b89b31ffbd3e992070e465e49792,20,17.67387089908262,46.18986801732418,17.67387089908262,23.677941953846933,0.002210767660075885,0.014843652611135835,0.14893690373872995
bfo-08c53844fa5e7a0578ff0fbefe6e36589dc6b89b31ffbd3e992070e465e49792,21,17.475526003052806,45.621657974426995,17.475526003052806,23.342058269771513,0.002231729022145867,0.01584332976941352,0.1408623726594615
bfo-08c53844fa5e7a0578ff0fbefe6e36589dc6b89b31ffbd3e992070e465e49792,22,17.476542470144334,45.624775071962375,17.476542470144334,23.34361586528286,0.002232667651306685,0.015846959455100795,0.14088933953749957
bfo-08c53844fa5e7a0578ff0fbefe6e36589dc6b89b31ffbd3e992070e465e49792,23,16.712405395730134,43.92264714691547,16.712405395730134,22.213864668915786,0.0025436868223149916,0.016576836656035113,0.1534482648949137
bfo-08c53844fa5e7a0578ff0fbefe6e36589dc6b89b31ffbd3e992070e465e49792,24,23.439326474102796,59.83326488310642,23.439326474102796,30.38665398369342,0.00025924801067728226,0.006273021230238749,0.04132745628654844
bfo-08c53844fa5e7a0578ff0fbefe6e36589dc6b89b31ffbd3e992070e465e49792,25,15.375103915406243,42.61531310200342,15.375103915406243,20.74983560137474,3.2784319833118054e-06,0.012046789940419484,0.00027214154140033477
bfo-08c53844fa5e7a0578ff0fbefe6e36589dc6b89b31ffbd3e992070e465e49792,26,31.09445045547827,73.47827929963472,31.09445045547827,39.26316876468053,3.96947302391891e-06,0.0022709489809229454,0.0017479358000837436
bfo-08c53844fa5e7a0578ff0fbefe6e36589dc6b89b31ffbd3e992070e465e49792,27,20.7955883758908,59.63530025434264,20.7955883758908,27.83226702372241,0.0001087825064771936,0.006740002686278385,0.016139831323607357
bfo-08c53844fa5e7a0578ff0fbefe6e36589dc6b89b31ffbd3e992070e465e49792,28,20.991809958844925,60.778212166331464,20.991809958844925,28.118318844281433,0.00010567828561451525,0.006687176282296073,0.015803125437906074
bfo-08c53844fa5e7a0578ff0fbefe6e36589dc6b89b31ffbd3e992070e465e49792,29,21.867185255851666,64.41887096625875,21.867185255851666,29.390041953016095,8.990333429229912e-05,0.00606502035753855,0.014823253508218366
bfo-08c53844fa5e7a0578ff0fbefe6e36589dc6b89b31ffbd3e992070e465e49792,30,22.71519782608115,66.86992673246871,22.71519782608115,30.599274140542484,8.464737338181862e-05,0.005350420730961324,0.01582069478984876
bfo-08c53844fa5e7a0578ff0fbefe6e36589dc6b89b31ffbd3e992070e465e49792,31,25.220777920226894,71.1516018631535,25.220777920226894,33.88293324782943,0.00012208268418338917,0.003707871860037118,0.03292527055726436
bfo-08c53844fa5e7a0578ff0fbefe6e36589dc6b89b31ffbd3e992070e465e49792,32,27.620290751177098,73.50280137444955,27.620290751177098,36.54468522189367,0.00015240730121176052,0.0026085643391917145,0.0584257397534558
bfo-08c53844fa5e7a0578ff0fbefe6e36589dc6b89b31ffbd3e992070e465e49792,33,29.693990129755335,75.63124350761707,29.693990129755335,38.75852311481505,0.00011301609849129128,0.0017240112123056786,0.06555415514968982
bfo-08c53844fa5e7a0578ff0fbefe6e36589dc6b89b31ffbd3e992070e465e49792,34,29.69399012975528,75.63124350761714,29.69399012975528,38.75852311481501,0.00011301609849129169,0.0017240112123056805,0.06555415514968999
bfo-08c53844fa5e7a0578ff0fbefe6e36589dc6b89b31ffbd3e992070e465e49792,35,29.735537044185836,75.70716966678128,29.735537044185836,38.80702986712841,0.00011207522945232914,0.0017093398237246823,0.06556638293731155
bfo-08c53844fa5e7a0578ff0fbefe6e36589dc6b89b31ffbd3e992070e465e49792,36,30.13229260474505,76.80234614714776,30.13229260474505,39.34049082837852,0.0001039255268892909,0.0016500658570741422,0.06298265396119958
bfo-08c53844fa5e7a0578ff0fbefe6e36589dc6b89b31ffbd3e992070e465e49792,37,30.132292604745054,76.80234614714767,30.132292604745054,39.340490828378535,0.00010392552688929079,0.0016500658570741413,0.06298265396119955
bfo-08c53844fa5e7a0578ff0fbefe6e36589dc6b89b31ffbd3e992070e465e49792,38,31.49576309721646,80.63268631572433,31.49576309721646,41.67542401608172,7.3505682378073455e-06,0.002091160933274089,0.003515065780374305
bfo-08c53844fa5e7a0578ff0fbefe6e36589dc6b89b31ffbd3e992070e465e49792,39,31.65485953345563,80.8432558569312,31.65485953345563,41.71578531859279,4.0027266281305926e-05,0.0014839617380441362,0.026973246853427585
bfo-08c53844fa5e7a0578ff0fbefe6e36589dc6b89b31ffbd3e992070e465e49792,40,28.161789327654187,67.13744228303783,28.161789327654187,35.0676611435545,8.132133925410676e-05,0.0026294799487365564,0.030926776716126318
bfo-08c53844fa5e7a0578ff0fbefe6e36589dc6b89b31ffbd3e992070e465e49792,41,24.905765742032514,67.86461927443204,24.905765742032514,32.90600716863462,2.4653504205027084e-05,0.003210658782406746,0.007678643504603917
bfo-08c53844fa5e7a0578ff0fbefe6e36589dc6b89b31ffbd3e992070e465e49792,42,21.247703817491168,55.3145300227374,21.247703817491168,27.406418088801033,0.0016989387136687078,0.012523337089716863,0.13566182092660725
bfo-08c53844fa5e7a0578ff0fbefe6e36589dc6b89b31ffbd3e992070e465e49792,43,28.20724076547556,64.68262693572036,28.20724076547556,34.30531662936538,2.0989297731583636e-06,0.0005147681731696742,0.004077427243091288
bfo-08c53844fa5e7a0578ff0fbefe6e36589dc6b89b31ffbd3e992070e465e49792,44,25.408851542698685,71.84720804130173,25.408851542698685,33.509709909962105,2.3839543773334057e-06,0.0027517024185228357,0.0008663561732860474
bfo-08c53844fa5e7a0578ff0fbefe6e36589dc6b89b31ffbd3e992070e465e49792,45,25.620267444436962,72.1568425009923,25.620267444436962,33.71343238562185,4.410342151869538e-06,0.0026675388021178696,0.0016533375815819377
bfo-08c53844fa5e7a0578ff0fbefe6e36589dc6b89b31ffbd3e992070e465e49792,46,1000000.0,86.94013783077489,35.403886035659724,46.35375979168726,0.00010847031481226019,0.0014457118334081681,0.07502900115062953
bfo-08c53844fa5e7a0578ff0fbefe6e36589dc6b89b31ffbd3e992070e465e49792,47,34.772878601458835,84.8491114119214,34.772878601458835,45.372555369542546,0.0002160564835086533,0.001587207067138433,0.13612369046351358
bfo-08c53844fa5e7a0578ff0fbefe6e36589dc6b89b31ffbd3e992070e465e49792,48,29.05298003537076,71.41072335350941,29.05298003537076,37.43725028563221,2.175004711602217e-05,0.002578478904264666,0.008435223991962375
bfo-08c53844fa5e7a0578ff0fbefe6e36589dc6b89b31ffbd3e992070e465e49792,49,1000000.0,85.9182142632022,34.77667538082664,45.911768591119724,2.9805045779080244e-05,0.001621572657013861,0.018380333221680287
bfo-08c53844fa5e7a0578ff0fbefe6e36589dc6b89b31ffbd3e992070e465e49792,50,1000000.0058618987,46.99910468866797,17.033332853278832,23.32893797014894,2.688143243339798e-05,0.010370291229597952,0.0025921579093820834
bfo-08c53844fa5e7a0578ff0fbefe6e36589dc6b89b31ffbd3e992070e465e49792,51,29.235268446352624,72.69934403706358,29.235268446352624,38.017642494156334,2.6645013699525053e-06,0.0010367194382962849,0.0025701277235924804
bfo-08c53844fa5e7a0578ff0fbefe6e36589dc6b89b31ffbd3e992070e465e49792,52,15.90325217342069,43.096131083358316,15.90325217342069,21.762336570634748,7.177929607573319e-06,0.009999969329750346,0.0007177951622530145
bfo-08c53844fa5e7a0578ff0fbefe6e36589dc6b89b31ffbd3e992070e465e49792,53,16.73403283464523,45.601965264852765,16.73403283464523,23.116094516716434,3.3312178947952304e-06,0.008665155819115783,0.0003844383141323773
bfo-08c53844fa5e7a0578ff0fbefe6e36589dc6b89b31ffbd3e992070e465e49792,54,15.790484254821196,42.830074792470185,15.790484254821196,21.552519457958688,2.020946468744269e-06,0.010218142415214888,0.00019778022135755955
bfo-08c53844fa5e7a0578ff0fbefe6e36589dc6b89b31ffbd3e992070e465e49792,55,1000000.0,44.55753608572681,16.48901921292488,22.778070838251402,1.2283717848984342e-06,0.008507231202958081,0.00014439148949793587
bfo-08c53844fa5e7a0578ff0fbefe6e36589dc6b89b31ffbd3e992070e465e49792,56,1000000.0017452466,44.594215666255494,16.405889178123722,22.64291516891796,7.470364089365267e-07,0.008812361124931993,8.477142485945181e-05
bfo-08c53844fa5e7a0578ff0fbefe6e36589dc6b89b31ffbd3e992070e465e49792,57,20.720541221906636,52.85407879044782,20.720541221906636,27.61234407241052,2.4960954381659165e-07,0.003920619717895732,6.366583901959297e-05
bfo-08c53844fa5e7a0578ff0fbefe6e36589dc6b89b31ffbd3e992070e465e49792,58,1000000.01384509,42.23293038198475,15.136625450321365,20.2806527813043,5.2979109860860835e-06,0.013096869736771086,0.00040451734594347695
bfo-08c53844fa5e7a0578ff0fbefe6e36589dc6b89b31ffbd3e992070e465e49792,59,1000000.0,50.40632678937827,16.6170598823272,23.025276406763947,8.095586611814736e-05,0.015866027974099334,0.0051024658629308245
bfo-08c53844fa5e7a0578ff0fbefe6e36589dc6b89b31ffbd3e992070e465e49792,60,1000000.0164801232,42.30096682432021,15.162547935798582,20.329156903882478,4.915801420446594e-06,0.012979862330981104,0.00037872523568399245
bfo-08c53844fa5e7a0578ff0fbefe6e36589dc6b89b31ffbd3e992070e465e49792,61,1000000.0,93.78769926435362,39.18330673620576,51.74468733495956,3.546459123900969e-06,0.0003829720141472037,0.009260361052225111
bfo-08c53844fa5e7a0578ff0fbefe6e36589dc6b89b31ffbd3e992070e465e49792,62,1000000.0047900836,42.58676912788994,15.195750300783969,20.40801029321345,4.487347242175488e-06,0.012969912803756542,0.0003459812961021445
bfo-08c53844fa5e7a0578ff0fbefe6e36589dc6b89b31ffbd3e992070e465e49792,63,1000000.0,75.30058730356728,30.24774468178388,39.17033039920292,1.1978987278101406e-06,0.001009728889453739,0.0011863567937114297
bfo-08c53844fa5e7a0578ff0fbefe6e36589dc6b89b31ffbd3e992070e465e49792,64,1000000.0063784505,42.63296549617361,15.151742610395361,20.323565859347706,5.121772964886418e-06,0.013295125727893684,0.00038523689581518896
bfo-08c53844fa5e7a0578ff0fbefe6e36589dc6b89b31ffbd3e992070e465e49792,65,1000000.0,77.51055079268693,28.020723597811113,38.53696176836286,1.3839183066443253e-05,0.0031428995343875813,0.00440331703734842
bfo-08c53844fa5e7a0578ff0fbefe6e36589dc6b89b31ffbd3e992070e465e49792,66,1000000.0058925399,42.78584016937339,15.138402163495057,20.299211009963745,6.226926866851285e-06,0.013664572336938418,0.00045569862805135136
bfo-08c53844fa5e7a0578ff0fbefe6e36589dc6b89b31ffbd3e992070e465e49792,67,1000000.0,51.562051524285515,19.83819532285677,26.77069548717241,3.6799233889048903e-07,0.004293582992293602,8.570751736975511e-05
bfo-08c53844fa5e7a0578ff0fbefe6e36589dc6b89b31ffbd3e992070e465e49792,68,1000000.0164429258,42.678317872379026,15.4432211680693,20.88619395322744,2.7959384466098228e-06,0.011690819077787526,0.0002391567629270806
bfo-08c53844fa5e7a0578ff0fbefe6e36589dc6b89b31ffbd3e992070e465e49792,69,20.89195630112967,53.786082728380066,20.89195630112967,27.789022017675542,2.367565412743823e-07,0.0037811144081202185,6.261554550318033e-05
bfo-08c53844fa5e7a0578ff0fbefe6e36589dc6b89b31ffbd3e992070e465e49792,70,1000000.0070552905,42.8471847560139,15.103930198643708,20.2310344311249,8.56818370207673e-06,0.014157878502479371,0.0006051883903775727
bfo-08c53844fa5e7a0578ff0fbefe6e36589dc6b89b31ffbd3e992070e465e49792,71,43.175475400400146,101.2089991267093,43.175475400400146,57.21626291777013,3.8661657975933574e-06,0.00014129741146278892,0.027361901096196115
bfo-08c53844fa5e7a0578ff0fbefe6e36589dc6b89b31ffbd3e992070e465e49792,72,1000000.0000000137,42.99251003624725,15.085906837371736,20.19404830876306,9.927064384311113e-06,0.014486372085771906,0.0006852691844123752
bfo-08c53844fa5e7a0578ff0fbefe6e36589dc6b89b31ffbd3e992070e465e49792,73,1000000.0,104.48412485645065,46.039188827726875,60.37587240711003,5.493238577827021e-06,8.723785357943839e-05,0.06296852057260789
bfo-08c53844fa5e7a0578ff0fbefe6e36589dc6b89b31ffbd3e992070e465e49792,74,1000000.0000000121,43.23006593510944,15.06694154431305,20.15130382927937,1.1272547726538973e-05,0.014891638257720184,0.0007569716327681416
bfo-08c53844fa5e7a0578ff0fbefe6e36589dc6b89b31ffbd3e992070e465e49792,75,1000000.0,85.01386653796682,34.98481829033279,45.88211054308198,2.401811369106868e-06,0.0005142331865218529,0.004670665822546637
bfo-08c53844fa5e7a0578ff0fbefe6e36589dc6b89b31ffbd3e992070e465e49792,76,1000000.0000000156,43.719086634013436,15.081248252434728,20.19675432581635,1.545308563480072e-05,0.015300889747366368,0.0010099468651789056
bfo-08c53844fa5e7a0578ff0fbefe6e36589dc6b89b31ffbd3e992070e465e49792,77,21.301689791394242,54.00576030547265,21.301689791394242,28.01953544631845,3.652387153064066e-06,0.004231298785052047,0.0008631834664965971
bfo-08c53844fa5e7a0578ff0fbefe6e36589dc6b89b31ffbd3e992070e465e49792,78,1000000.0000000208,45.5468642175659,15.27554003951772,20.64308457598856,2.330407813579098e-05,0.01570427768566905,0.001483931868898188
bfo-08c53844fa5e7a0578ff0fbefe6e36589dc6b89b31ffbd3e992070e465e49792,79,1000000.0,95.62552229260677,40.061039085307456,53.05038978236096,3.2013597199479583e-06,0.0002361458116658811,0.013556707600969484
bfo-08c53844fa5e7a0578ff0fbefe6e36589dc6b89b31ffbd3e992070e465e49792,80,15.525872652960341,43.2643293370342,15.525872652960341,21.122515447590366,3.878001211136299e-06,0.011820620263779565,0.0003280708731519926
bfo-08c53844fa5e7a0578ff0fbefe6e36589dc6b89b31ffbd3e992070e465e49792,81,1000000.0,94.03890049790036,39.41579201846332,51.923471421048134,2.6225888801513517e-06,0.0002476264639370938,0.010590907120563597
bfo-08c53844fa5e7a0578ff0fbefe6e36589dc6b89b31ffbd3e992070e465e49792,82,1000000.0000000087,41.84737288044465,15.125080684195558,20.25428023247254,5.702762815932083e-06,0.012629288915312729,0.0004515505864322742
bfo-08c53844fa5e7a0578ff0fbefe6e36589dc6b89b31ffbd3e992070e465e49792,83,1000000.0,81.47446799941295,33.42357657872927,43.62119761269359,1.6826828312048779e-06,0.0005864526884240173,0.0028692558912582966
bfo-08c53844fa5e7a0578ff0fbefe6e36589dc6b89b31ffbd3e992070e465e49792,84,1000000.0039006198,42.33215336113739,15.359152111203874,20.674800056046884,4.395591079782725e-06,0.012588735428963204,0.00034916859636828046
bfo-08c53844fa5e7a0578ff0fbefe6e36589dc6b89b31ffbd3e992070e465e49792,85,1000000.0,43.15168459742169,15.551572103434438,21.103587771840083,1.2831965744323082e-06,0.011640092389705984,0.00011023938053680004
bfo-08c53844fa5e7a0578ff0fbefe6e36589dc6b89b31ffbd3e992070e465e49792,86,1000000.0208378976,42.290013300509365,15.35138510060289,20.657803979967422,4.495678520291991e-06,0.012608383243870647,0.0003565626483060379
bfo-08c53844fa5e7a0578ff0fbefe6e36589dc6b89b31ffbd3e992070e465e49792,87,1000000.0,75.20489071567917,30.782586288741886,39.75419782900115,1.8630385225283169e-06,0.0008234742404656609,0.002262412630509
bfo-08c53844fa5e7a0578ff0fbefe6e36589dc6b89b31ffbd3e992070e465e49792,88,1000000.0181213047,42.16491185503328,15.326663088509271,20.605235045629122,4.778644621782258e-06,0.012658262961599035,0.0003775118779155622
bfo-08c53844fa5e7a0578ff0fbefe6e36589dc6b89b31ffbd3e992070e465e49792,89,1000000.0,100.43927965290047,42.641541399013974,56.585586135824066,2.3960887909604774e-06,0.00014697463573835678,0.01630273672000098
bfo-08c53844fa5e7a0578ff0fbefe6e36589dc6b89b31ffbd3e992070e465e49792,90,1000000.0006774481,42.08166472471589,15.308883244873288,20.568554925165614,4.941167463757183e-06,0.012682976084566627,0.00038959053701677153
bfo-08c53844fa5e7a0578ff0fbefe6e36589dc6b89b31ffbd3e992070e465e49792,91,1000000.0,63.12552014293944,25.836066467603995,33.20315904911086,2.556163627495496e-06,0.0016942955282900738,0.0015086881744150276
bfo-08c53844fa5e7a0578ff0fbefe6e36589dc6b89b31ffbd3e992070e465e49792,92,1000000.0195558058,41.9152543517685,15.268472001322998,20.487562909319717,5.124695381529659e-06,0.012711621476949257,0.0004031504077448008
bfo-08c53844fa5e7a0578ff0fbefe6e36589dc6b89b31ffbd3e992070e465e49792,93,1000000.0,83.62875762905547,34.65836588970646,45.2011488173861,9.126091829938845e-07,0.0004783908611549964,0.0019076643328648443
bfo-08c53844fa5e7a0578ff0fbefe6e36589dc6b89b31ffbd3e992070e465e49792,94,1000000.0130464886,41.838658019024976,15.24539750723723,20.44517547474926,4.9360413539257285e-06,0.012668223265780414,0.0003896395927327105
bfo-08c53844fa5e7a0578ff0fbefe6e36589dc6b89b31ffbd3e992070e465e49792,95,1000000.0,46.829328632617205,15.38046330543191,20.955708252766062,1.8036082554734104e-05,0.01548945014444667,0.00116441076904208
bfo-08c53844fa5e7a0578ff0fbefe6e36589dc6b89b31ffbd3e992070e465e49792,96,1000000.024893348,41.871536503591614,15.240560699648222,20.445534048645055,4.290626717313239e-06,0.012538279817984705,0.00034220218240454595
bfo-08c53844fa5e7a0578ff0fbefe6e36589dc6b89b31ffbd3e992070e465e49792,97,33.43450759661477,80.58136950671498,33.43450759661477,43.397120291379,1.025627400728426e-06,0.0005902204100244024,0.0017377023622175687
bfo-08c53844fa5e7a0578ff0fbefe6e36589dc6b89b31ffbd3e992070e465e49792,98,15.553126412323252,43.616297365075454,15.553126412323252,21.153058385640513,2.6160014477082266e-06,0.011502185199952296,0.00022743517012046338
bfo-08c53844fa5e7a0578ff0fbefe6e36589dc6b89b31ffbd3e992070e465e49792,99,30.64008930699869,75.30414138126139,30.64008930699869,39.69380733077871,1.346238533953939e-06,0.001068282090296371,0.0012601901184924435
bfo-08c53844fa5e7a0578ff0fbefe6e36589dc6b89b31ffbd3e992070e465e49792,100,1000000.0000000019,41.87611690305836,15.241031290959441,20.447004307041333,4.258186889346116e-06,0.01253174561680775,0.00033979199862108414
bfo-08c53844fa5e7a0578ff0fbefe6e36589dc6b89b31ffbd3e992070e465e49792,101,1000000.0,78.79928039538302,32.71258809167064,42.32150325441826,1.193502763595726e-06,0.0006689745146977442,0.001784078073788766
bfo-08c53844fa5e7a0578ff0fbefe6e36589dc6b89b31ffbd3e992070e465e49792,102,1000000.0248933511,41.97369506633423,15.250132228192008,20.47308922987672,3.8026572169497004e-06,0.012456817231896086,0.00030526715983380354
bfo-08c53844fa5e7a0578ff0fbefe6e36589dc6b89b31ffbd3e992070e465e49792,103,15.255230460859723,44.906691831233374,15.255230460859723,20.64706975668716,6.368494183969932e-06,0.014326295811027276,0.00044453180835955916
bfo-08c53844fa5e7a0578ff0fbefe6e36589dc6b89b31ffbd3e992070e465e49792,104,1000000.0,58.13249968242559,23.45165289584167,30.31995324633875,1.5606099336743576e-05,0.003158988084990279,0.004940221019159558
bfo-08c53844fa5e7a0578ff0fbefe6e36589dc6b89b31ffbd3e992070e465e49792,105,1000000.0000000091,45.55616365545248,15.361054571117597,20.885297660700687,3.156649995272079e-06,0.013272772192737448,0.00023782898925963066
bfo-08c53844fa5e7a0578ff0fbefe6e36589dc6b89b31ffbd3e992070e465e49792,106,1000000.0,43.03473731586091,15.956516893697005,21.51431435655125,4.225898360263977e-06,0.009336559200718879,0.0004526183864328305
bfo-08c53844fa5e7a0578ff0fbefe6e36589dc6b89b31ffbd3e992070e465e49792,107,1000000.001248433,45.72856836519104,15.35305827850856,20.873917375560396,5.32695858084654e-06,0.013675666392365287,0.00038952095115601975
bfo-08c53844fa5e7a0578ff0fbefe6e36589dc6b89b31ffbd3e992070e465e49792,108,1000000.0,68.92665347460184,27.81672182832665,35.91774936216364,1.3217547532795439e-05,0.0017752813576566314,0.007445325483641974
bfo-08c53844fa5e7a0578ff0fbefe6e36589dc6b89b31ffbd3e992070e465e49792,109,1000000.0019952456,44.77610023429883,15.087112571032455,20.361009732020406,4.579872821560532e-06,0.014719594379885886,0.0003111412382272478
bfo-08c53844fa5e7a0578ff0fbefe6e36589dc6b89b31ffbd3e992070e465e49792,110,1000000.0,53.57335193735583,21.284691913439676,28.08432785218433,1.955005630768707e-05,0.003688083061582224,0.005300872019758661
bfo-08c53844fa5e7a0578ff0fbefe6e36589dc6b89b31ffbd3e992070e465e49792,111,1000000.0011566237,45.63633340364966,15.51240655510321,21.180415399348735,6.774105157294771e-06,0.01239631695340801,0.000546461112825324
bfo-08c53844fa5e7a0578ff0fbefe6e36589dc6b89b31ffbd3e992070e465e49792,112,1000000.0,43.39996753173759,15.285283173670694,20.46131687876972,4.9464707636909366e-06,0.011524527268935275,0.0004292124655754257
bfo-08c53844fa5e7a0578ff0fbefe6e36589dc6b89b31ffbd3e992070e465e49792,113,1000000.0015904267,45.89757492725785,15.425663493218966,21.020134079773896,5.374495498091698e-06,0.013192372000661723,0.0004073941742866344
bfo-08c53844fa5e7a0578ff0fbefe6e36589dc6b89b31ffbd3e992070e465e49792,114,1000000.0,43.97166105264141,15.444818956265692,20.701154068747005,1.4378768533967685e-06,0.011498785678448538,0.00012504597386241333
bfo-08c53844fa5e7a0578ff0fbefe6e36589dc6b89b31ffbd3e992070e465e49792,115,1000000.0005480375,45.98520937391165,15.4143990638921,21.002188079090452,6.256681688621021e-06,0.013417700154893058,0.00046630060415677014
bfo-08c53844fa5e7a0578ff0fbefe6e36589dc6b89b31ffbd3e992070e465e49792,116,1000000.0,43.03514905236764,14.897274677497162,19.84538651584637,3.2889724091846053e-06,0.016455280642595927,0.0001998733707810983
bfo-08c53844fa5e7a0578ff0fbefe6e36589dc6b89b31ffbd3e992070e465e49792,117,1000000.0012941492,45.91275380682792,15.400961823234022,21.00014806312499,8.047804007842177e-06,0.013195405711219035,0.000609894396880859
bfo-08c53844fa5e7a0578ff0fbefe6e36589dc6b89b31ffbd3e992070e465e49792,118,1000000.0,44.037073205996165,15.913282995957161,21.55421369545669,4.323276920262845e-06,0.011667092210752425,0.0003705530771650627
bfo-08c53844fa5e7a0578ff0fbefe6e36589dc6b89b31ffbd3e992070e465e49792,119,1000000.0005285571,45.42025561478111,15.266643653796029,20.668008501891713,1.878072017687437e-05,0.015305034128420504,0.0012270943023903313
bfo-08c53844fa5e7a0578ff0fbefe6e36589dc6b89b31ffbd3e992070e465e49792,120,1000000.0,60.05554588847709,21.683538357947405,28.710235511357162,6.302604925467525e-05,0.009523779307852014,0.006617756167734015
bfo-08c53844fa5e7a0578ff0fbefe6e36589dc6b89b31ffbd3e992070e465e49792,121,1000000.0037208878,46.58340807938546,15.43336964557692,21.120791220622465,1.134314741648404e-05,0.014119214803837186,0.0008033837273586424
bfo-08c53844fa5e7a0578ff0fbefe6e36589dc6b89b31ffbd3e992070e465e49792,122,1000000.0,57.5118559978892,22.784061719341118,29.76838392106232,3.372888171305361e-06,0.002924303384526588,0.0011533988536047172
bfo-08c53844fa5e7a0578ff0fbefe6e36589dc6b89b31ffbd3e992070e465e49792,123,1000000.0,44.68684456368557,15.479523126978387,21.020133420354863,2.9676500996046667e-06,0.012124866294514402,0.00024475734639212534
bfo-08c53844fa5e7a0578ff0fbefe6e36589dc6b89b31ffbd3e992070e465e49792,124,1000000.0003655199,43.944742876500165,15.042911669671565,20.080405561320493,7.543483007985982e-06,0.015545330570398346,0.0004852571628390069
bfo-08c53844fa5e7a0578ff0fbefe6e36589dc6b89b31ffbd3e992070e465e49792,125,1000000.0,48.468110281172834,15.764560438490175,22.003879066096623,1.0954741792203894e-05,0.014610566050789978,0.0007497821613565467
bfo-08c53844fa5e7a0578ff0fbefe6e36589dc6b89b31ffbd3e992070e465e49792,126,1000000.0001877279,45.11321212253063,15.245497549280149,20.64800955794014,7.356522027081285e-06,0.014496839322284731,0.0005074569610337574
bfo-08c53844fa5e7a0578ff0fbefe6e36589dc6b89b31ffbd3e992070e465e49792,127,1000000.0,44.22771531343861,15.321645974767547,20.735705985837882,3.407475279771289e-06,0.013458967583295596,0.0002531750863268612
bfo-08c53844fa5e7a0578ff0fbefe6e36589dc6b89b31ffbd3e992070e465e49792,128,1000000.0000779768,44.789484650850596,15.264970144783852,20.654072015005866,6.2713061469295285e-06,0.014216733389850444,0.0004411214570153447
bfo-08c53844fa5e7a0578ff0fbefe6e36589dc6b89b31ffbd3e992070e465e49792,129,15.340453497323834,44.340777792787755,15.340453497323834,20.76513505877403,3.7167140090564016e-06,0.013269154259236134,0.00028010180124851165
bfo-08c53844fa5e7a0578ff0fbefe6e36589dc6b89b31ffbd3e992070e465e49792,130,1000000.0001079735,45.59817206629353,15.196642948933825,20.574073839030085,1.1047449279023188e-05,0.015307965511250276,0.0007216797863115181
bfo-08c53844fa5e7a0578ff0fbefe6e36589dc6b89b31ffbd3e992070e465e49792,131,1000000.0,44.08542368622477,15.35114051775949,20.771590577256447,2.953928233289537e-06,0.013116516217024355,0.0002252067686582461
bfo-08c53844fa5e7a0578ff0fbefe6e36589dc6b89b31ffbd3e992070e465e49792,132,1000000.0003387289,44.689620134608994,15.244572548288993,20.6132364492592,5.994979291035867e-06,0.014236902976068111,0.00042108731801525107
bfo-08c53844fa5e7a0578ff0fbefe6e36589dc6b89b31ffbd3e992070e465e49792,133,15.297779507963716,45.35281408722734,15.297779507963716,20.750680191038278,6.90470890407525e-06,0.014490962751432255,0.00047648379355559405
bfo-08c53844fa5e7a0578ff0fbefe6e36589dc6b89b31ffbd3e992070e465e49792,134,1000000.0003928173,44.73538367601731,15.310545768576144,20.746165873498878,4.425355575810259e-06,0.013725447698497352,0.0003224197616734019
bfo-08c53844fa5e7a0578ff0fbefe6e36589dc6b89b31ffbd3e992070e465e49792,135,15.334094320370095,44.323546591438834,15.334094320370095,20.75382513751885,2.8483178906327906e-06,0.013304805436447013,0.0002140818897531673
bfo-08c53844fa5e7a0578ff0fbefe6e36589dc6b89b31ffbd3e992070e465e49792,136,1000000.0002310709,44.652172323321714,15.26699562797098,20.655097642407778,5.299942092961913e-06,0.013998308682456861,0.0003786130319874982
bfo-08c53844fa5e7a0578ff0fbefe6e36589dc6b89b31ffbd3e992070e465e49792,137,1000000.0,44.79722160572971,15.234755766211908,20.596862673872465,6.59481323983771e-06,0.014446873147207674,0.0004564872393243358
bfo-08c53844fa5e7a0578ff0fbefe6e36589dc6b89b31ffbd3e992070e465e49792,138,1000000.0003001571,45.441543564354006,15.243419552122518,20.65984812708796,9.298722798176666e-06,0.014875209916381419,0.0006251154000816075
bfo-08c53844fa5e7a0578ff0fbefe6e36589dc6b89b31ffbd3e992070e465e49792,139,1000000.0,44.77545824037247,15.307282393770603,20.72501166284783,4.798624450316134e-06,0.0139586445334812,0.00034377438574398507
bfo-08c53844fa5e7a0578ff0fbefe6e36589dc6b89b31ffbd3e992070e465e49792,140,1000000.00099936,44.45243952088657,15.284868974226148,20.674496427376187,4.336979834145179e-06,0.013750558474369037,0.00031540390466534764
bfo-08c53844fa5e7a0578ff0fbefe6e36589dc6b89b31ffbd3e992070e465e49792,141,15.258189792664986,45.48329339517317,15.258189792664986,20.6776147105883,9.192013132171624e-06,0.014966595299322934,0.0006141686167319201
bfo-08c53844fa5e7a0578ff0fbefe6e36589dc6b89b31ffbd3e992070e465e49792,142,1000000.0005502441,44.577396315901346,15.236843091163156,20.593570333495016,5.428327328600118e-06,0.014102341917858113,0.00038492382047027984
bfo-08c53844fa5e7a0578ff0fbefe6e36589dc6b89b31ffbd3e992070e465e49792,143,1000000.0,46.13603810957147,15.459342216095395,21.131031110994893,8.913537131446123e-06,0.014105783726525711,0.0006319065501255597
bfo-08c53844fa5e7a0578ff0fbefe6e36589dc6b89b31ffbd3e992070e465e49792,144,1000000.001714696,44.82736309674803,15.243829634490366,20.62035507345132,5.221728450489957e-06,0.014318120750899974,0.00036469370117316144
bfo-08c53844fa5e7a0578ff0fbefe6e36589dc6b89b31ffbd3e992070e465e49792,145,1000000.0,45.85917899524902,15.373910926252897,20.935532806535736,1.0290823666644951e-05,0.014524562691236366,0.0007085117731533555
bfo-08c53844fa5e7a0578ff0fbefe6e36589dc6b89b31ffbd3e992070e465e49792,146,1000000.0000951352,44.47956416782301,15.241233581669666,20.596071211564336,4.965539240464355e-06,0.014080349715652508,0.0003526573800183657
bfo-08c53844fa5e7a0578ff0fbefe6e36589dc6b89b31ffbd3e992070e465e49792,147,1000000.0001047497,44.91460155324727,15.267804283275336,20.666157833852523,6.129278736388932e-06,0.01433558554592653,0.00042755691539440275
bfo-08c53844fa5e7a0578ff0fbefe6e36589dc6b89b31ffbd3e992070e465e49792,148,1000000.0001165515,44.91390745449276,15.252591734178583,20.643803075470192,6.315643617426454e-06,0.014334421216685723,0.0004405928584039964
bfo-08c53844fa5e7a0578ff0fbefe6e36589dc6b89b31ffbd3e992070e465e49792,149,1000000.0001313596,44.93593988006773,15.258944041563808,20.654164496279183,6.601993174550877e-06,0.014339444836329927,0.00046040786445401935
bfo-08c53844fa5e7a0578ff0fbefe6e36589dc6b89b31ffbd3e992070e465e49792,150,1000000.0001504933,44.95321438662445,15.260827563665297,20.659963577719633,6.450173044110015e-06,0.014330348228122921,0.0004501058133012933
bfo-08c53844fa5e7a0578ff0fbefe6e36589dc6b89b31ffbd3e992070e465e49792,151,1000000.000176174,44.90458181591322,15.249380940094962,20.637384496239854,6.345862375391717e-06,0.014344826006568695,0.00044237987776818335
bfo-08c53844fa5e7a0578ff0fbefe6e36589dc6b89b31ffbd3e992070e465e49792,152,1000000.0002124769,44.963254450403355,15.261563668782939,20.66111053151408,6.579822568454773e-06,0.01433976185070723,0.0004588515930011947
bfo-08c53844fa5e7a0578ff0fbefe6e36589dc6b89b31ffbd3e992070e465e49792,153,1000000.0002677852,44.95930705525256,15.258332034440347,20.65662239233293,6.429587101523482e-06,0.01433954894492449,0.0004483814048976238
bfo-08c53844fa5e7a0578ff0fbefe6e36589dc6b89b31ffbd3e992070e465e49792,154,1000000.0003626095,44.99782463702816,15.264603098917965,20.66867098001927,6.668109370566569e-06,0.014347886725622162,0.0004647450525699228
bfo-08c53844fa5e7a0578ff0fbefe6e36589dc6b89b31ffbd3e992070e465e49792,155,1000000.000565174,44.969269087176954,15.252427471630483,20.64679278342356,6.550649845048779e-06,0.014373530728618116,0.00045574396219894985
bfo-08c53844fa5e7a0578ff0fbefe6e36589dc6b89b31ffbd3e992070e465e49792,156,1000000.0013855128,45.09521480340711,15.254966539571116,20.660827267543464,6.819210495202899e-06,0.014429139583124886,0.0004725999395818498
bfo-08c53844fa5e7a0578ff0fbefe6e36589dc6b89b31ffbd3e992070e465e49792,157,1000000.0001349797,44.78090728772765,15.260088888360443,20.651808812959057,5.426507177432354e-06,0.014192026652572545,0.00038236309092956134
bfo-08c53844fa5e7a0578ff0fbefe6e36589dc6b89b31ffbd3e992070e465e49792,158,1000000.0005675625,44.68147193230151,15.28512967204549,20.690726063784123,4.851655817978371e-06,0.013926258717583736,0.00034838185304230464
bfo-08c53844fa5e7a0578ff0fbefe6e36589dc6b89b31ffbd3e992070e465e49792,159,1000000.0,44.5814108884148,15.221426820988473,20.564993190777617,6.767591939371176e-06,0.01422971921243893,0.0004755956065145175
bfo-08c53844fa5e7a0578ff0fbefe6e36589dc6b89b31ffbd3e992070e465e49792,160,1000000.0001717574,45.00931396767524,15.26324898788813,20.669257687346708,7.341370537565544e-06,0.014421107225233775,0.0005090712122797171
bfo-08c53844fa5e7a0578ff0fbefe6e36589dc6b89b31ffbd3e992070e465e49792,161,1000000.0,44.34383445353326,15.286373764024864,20.673555359767015,3.3121990777800082e-06,0.01348123693899284,0.00024568955302609323
bfo-08c53844fa5e7a0578ff0fbefe6e36589dc6b89b31ffbd3e992070e465e49792,162,1000000.0006235118,44.265830894737945,15.1176295834903,20.365418501003983,4.607339188368695e-06,0.014396688310828236,0.00032002770976873615
bfo-08c53844fa5e7a0578ff0fbefe6e36589dc6b89b31ffbd3e992070e465e49792,163,1000000.0,44.99667884221877,15.424588210250173,20.9598720339823,5.470248946307199e-06,0.013562833052187842,0.00040332642341452287
bfo-08c53844fa5e7a0578ff0fbefe6e36589dc6b89b31ffbd3e992070e465e49792,164,1000000.0007085868,44.923673871878066,15.239469975932675,20.61701782421132,6.903543527527753e-06,0.014580999768587212,0.00047346160325717186
bfo-08c53844fa5e7a0578ff0fbefe6e36589dc6b89b31ffbd3e992070e465e49792,165,1000000.0,44.845983089265644,15.361747521696593,20.84200014094221,3.40213928675471e-06,0.013554763973228062,0.0002509921451582821
bfo-08c53844fa5e7a0578ff0fbefe6e36589dc6b89b31ffbd3e992070e465e49792,166,1000000.0003218387,44.82584748086397,15.242598011023064,20.613584405371054,6.5059796510902065e-06,0.014466827838814872,0.00044971708543005504
bfo-08c53844fa5e7a0578ff0fbefe6e36589dc6b89b31ffbd3e992070e465e49792,167,1000000.0,44.748178021223715,15.270931731646465,20.66174175380978,5.832558153874582e-06,0.014153382903540348,0.00041209640081281326
bfo-08c53844fa5e7a0578ff0fbefe6e36589dc6b89b31ffbd3e992070e465e49792,168,1000000.0026112227,44.93604882804932,15.272588200070775,20.676422405297348,6.665993731158465e-06,0.014294528397490219,0.0004663318401136519
bfo-08c53844fa5e7a0578ff0fbefe6e36589dc6b89b31ffbd3e992070e465e49792,169,1000000.0,44.93548051079567,15.294035426885602,20.727850932554897,5.531834393475163e-06,0.013923604541825424,0.0003972990167063395
bfo-08c53844fa5e7a0578ff0fbefe6e36589dc6b89b31ffbd3e992070e465e49792,170,1000000.002486561,44.80053981112596,15.238734166840779,20.607685128553193,6.269384123052204e-06,0.014384015804317692,0.0004358577054100778
bfo-08c53844fa5e7a0578ff0fbefe6e36589dc6b89b31ffbd3e992070e465e49792,171,15.33221562986125,46.37491692480269,15.33221562986125,20.88075879027089,1.3627032241895484e-05,0.015137604777826524,0.0009002105975085492
bfo-08c53844fa5e7a0578ff0fbefe6e36589dc6b89b31ffbd3e992070e465e49792,172,1000000.0002269447,44.857617382277034,15.26272660998747,20.655551432977727,5.7523394359357274e-06,0.014191638812084134,0.00040533299304641474
bfo-08c53844fa5e7a0578ff0fbefe6e36589dc6b89b31ffbd3e992070e465e49792,173,1000000.0,44.71591132298824,15.322976632421753,20.764465568035845,5.123632702496368e-06,0.013703584228731617,0.00037388997046144354
bfo-08c53844fa5e7a0578ff0fbefe6e36589dc6b89b31ffbd3e992070e465e49792,174,1000000.0003356206,44.82592125136705,15.246256753217859,20.623317129182674,6.6233989710183185e-06,0.014405820204302831,0.0004597724306624343
bfo-08c53844fa5e7a0578ff0fbefe6e36589dc6b89b31ffbd3e992070e465e49792,175,1000000.0,45.05414312592633,15.279854691466156,20.70633673888534,6.32059412282101e-06,0.014166659216540745,0.0004461598197718481
bfo-08c53844fa5e7a0578ff0fbefe6e36589dc6b89b31ffbd3e992070e465e49792,176,1000000.0003292414,44.667660024283165,15.21198582117819,20.55327091362452,6.132366798026127e-06,0.014435543509918394,0.0004248102465842517
bfo-08c53844fa5e7a0578ff0fbefe6e36589dc6b89b31ffbd3e992070e465e49792,177,15.078086486637586,43.8024127705744,15.078086486637586,20.27303760339244,2.8719213050356627e-06,0.013928982053440927,0.00020618314346425637
bfo-08c53844fa5e7a0578ff0fbefe6e36589dc6b89b31ffbd3e992070e465e49792,178,1000000.0,43.296174711571396,15.002136733583217,20.05027724614746,2.0517584901338418e-06,0.013955857677246527,0.0001470177281528892
bfo-08c53844fa5e7a0578ff0fbefe6e36589dc6b89b31ffbd3e992070e465e49792,179,1000000.0001022634,44.08432133346859,15.06446118824972,20.304663924835793,3.2578448267612308e-06,0.014225592083967549,0.0002290129512734215
bfo-08c53844fa5e7a0578ff0fbefe6e36589dc6b89b31ffbd3e992070e465e49792,180,1000000.0,43.712697075966254,15.055035792650887,20.170695388225393,3.5217057630795876e-06,0.014083055360253368,0.0002500668834277897
bfo-08c53844fa5e7a0578ff0fbefe6e36589dc6b89b31ffbd3e992070e465e49792,181,1000000.0,44.13888261021714,15.0616348297417,20.26983820826302,3.5198398217644045e-06,0.014347448568873919,0.0002453286244496825
bfo-08c53844fa5e7a0578ff0fbefe6e36589dc6b89b31ffbd3e992070e465e49792,182,1000000.0000632419,43.676169994036776,15.059620410439841,20.202250589877075,2.8045640366163395e-06,0.014014259502884638,0.0002001221709958389
bfo-08c53844fa5e7a0578ff0fbefe6e36589dc6b89b31ffbd3e992070e465e49792,183,15.12590993528448,43.84579162772497,15.12590993528448,20.383925765635876,2.6077435180596025e-06,0.013585841209542197,0.00019194567916987128
bfo-08c53844fa5e7a0578ff0fbefe6e36589dc6b89b31ffbd3e992070e465e49792,184,1000000.0001218925,43.7942201305564,15.083885939046477,20.286401952432563,2.8247212575220016e-06,0.013883985647160285,0.00020345175580758012
bfo-08c53844fa5e7a0578ff0fbefe6e36589dc6b89b31ffbd3e992070e465e49792,185,15.073849386522461,43.79430567853587,15.073849386522461,20.264598365709936,2.8777269552935635e-06,0.013932430259548836,0.00020654881464927935
bfo-08c53844fa5e7a0578ff0fbefe6e36589dc6b89b31ffbd3e992070e465e49792,186,15.078777115903216,43.778602319167376,15.078777115903216,20.27547376451957,2.7686212155948437e-06,0.013871826689516793,0.00019958591449871157
bfo-08c53844fa5e7a0578ff0fbefe6e36589dc6b89b31ffbd3e992070e465e49792,187,15.072253428827313,43.78505986897656,15.072253428827313,20.259596468457904,2.920723310576568e-06,0.013941572397131974,0.00020949741014703708
bfo-08c53844fa5e7a0578ff0fbefe6e36589dc6b89b31ffbd3e992070e465e49792,188,15.06567181088729,43.91255131828002,15.06567181088729,20.255942193652775,3.2653285177968953e-06,0.014105591055570367,0.0002314917896692745
bfo-08c53844fa5e7a0578ff0fbefe6e36589dc6b89b31ffbd3e992070e465e49792,189,15.06273563336535,43.8960311410113,15.06273563336535,20.250903296854013,3.2195240465141173e-06,0.014083588351047574,0.00022860111828493202
bfo-08c53844fa5e7a0578ff0fbefe6e36589dc6b89b31ffbd3e992070e465e49792,190,15.076334896029177,43.915885144482544,15.076334896029177,20.291295039037735,3.158084660294227e-06,0.013977261312260984,0.00022594445290394092
bfo-08c53844fa5e7a0578ff0fbefe6e36589dc6b89b31ffbd3e992070e465e49792,191,15.063199659069504,43.89552365009158,15.063199659069504,20.252054341646275,3.2085741110332446e-06,0.014076266148862523,0.0002279421316065783
bfo-08c53844fa5e7a0578ff0fbefe6e36589dc6b89b31ffbd3e992070e465e49792,192,15.061252407477133,43.72831918894147,15.061252407477133,20.222620179438152,2.9216109395794752e-06,0.013957585130481688,0.00020932066057752558
bfo-08c53844fa5e7a0578ff0fbefe6e36589dc6b89b31ffbd3e992070e465e49792,193,15.05580397879602,43.76368903990771,15.05580397879602,20.21478029980022,3.0878130136126877e-06,0.01403038513197485,0.00022008041722073967
bfo-08c53844fa5e7a0578ff0fbefe6e36589dc6b89b31ffbd3e992070e465e49792,194,1000000.0,43.76891324877573,15.053406401475659,20.208154703319632,3.1141490422907985e-06,0.014048307472932854,0.00022167432256810224
bfo-08c53844fa5e7a0578ff0fbefe6e36589dc6b89b31ffbd3e992070e465e49792,195,15.055488482698369,43.728535399332486,15.055488482698369,20.210151883031806,2.987417029379915e-06,0.013998837543865767,0.0002134046502089017
bfo-08c53844fa5e7a0578ff0fbefe6e36589dc6b89b31ffbd3e992070e465e49792,196,15.055410516177036,43.65115704058845,15.055410516177036,20.20000023680285,2.8092281038309733e-06,0.013933360752026419,0.00020161884514634484
bfo-08c53844fa5e7a0578ff0fbefe6e36589dc6b89b31ffbd3e992070e465e49792,197,15.05300446527634,43.68351012201673,15.05300446527634,20.198206007971926,2.859216396809232e-06,0.013970408599413193,0.00020466233156053354
bfo-08c53844fa5e7a0578ff0fbefe6e36589dc6b89b31ffbd3e992070e465e49792,198,1000000.0,43.66081867844839,15.055029051556378,20.20686417260683,2.7497195821463374e-06,0.013914789611550762,0.00019761129409127224
bfo-08c53844fa5e7a0578ff0fbefe6e36589dc6b89b31ffbd3e992070e465e49792,199,15.05256761100908,43.67315101581637,15.05256761100908,20.195983103412864,2.847287996695944e-06,0.01396982721719583,0.00020381698015499734
bfo-08c53844fa5e7a0578ff0fbefe6e36589dc6b89b31ffbd3e992070e465e49792,200,1000000.0,43.6403634610415,15.056341543925145,20.20224866271578,2.7497768953691895e-06,0.013895385302846047,0.00019789137439794356
bfo-08c53844fa5e7a0578ff0fbefe6e36589dc6b89b31ffbd3e992070e465e49792,201,15.048825205616932,43.70427190355665,15.048825205616932,20.189909929456352,2.9288804306392972e-06,0.014025289716905394,0.00020882851547151778
bfo-08c53844fa5e7a0578ff0fbefe6e36589dc6b89b31ffbd3e992070e465e49792,202,15.045935918208885,43.71376321916026,15.045935918208885,20.180303267190105,2.990579247764233e-06,0.014075435556038164,0.0002124679720110911
bfo-08c53844fa5e7a0578ff0fbefe6e36589dc6b89b31ffbd3e992070e465e49792,203,1000000.0,43.67147274593726,15.048340329355298,20.179310685265825,2.893032241224975e-06,0.014014405992654794,0.00020643274090541305
bfo-08c53844fa5e7a0578ff0fbefe6e36589dc6b89b31ffbd3e992070e465e49792,204,15.04647438603317,43.69699096904944,15.04647438603317,20.180279632603714,2.973809004823139e-06,0.01405284295233364,0.00021161618434861274
bfo-08c53844fa5e7a0578ff0fbefe6e36589dc6b89b31ffbd3e992070e465e49792,205,1000000.0,43.69488176946048,15.046169406237937,20.182902168652927,2.9018946447253285e-06,0.014049525579564976,0.00020654751851166648
bfo-08c53844fa5e7a0578ff0fbefe6e36589dc6b89b31ffbd3e992070e465e49792,206,15.047837560940499,43.717873272291705,15.047837560940499,20.184834559715476,3.0060435319810418e-06,0.01406332070130384,0.00021375062091148536
bfo-08c53844fa5e7a0578ff0fbefe6e36589dc6b89b31ffbd3e992070e465e49792,207,15.034314996158601,43.710772589199635,15.034314996158601,20.15293781758319,3.168034642051101e-06,0.014196295870797437,0.00022315924314932905
bfo-08c53844fa5e7a0578ff0fbefe6e36589dc6b89b31ffbd3e992070e465e49792,208,1000000.0,43.70720192181688,15.030401317856382,20.143178685245353,3.2491247565434093e-06,0.014224874179886271,0.00022841149351869952
bfo-08c53844fa5e7a0578ff0fbefe6e36589dc6b89b31ffbd3e992070e465e49792,209,1000000.000005299,43.71955141195317,15.031839378334313,20.147927286388676,3.2142967169955752e-06,0.014232515171224298,0.00022584179102048887
bfo-08c53844fa5e7a0578ff0fbefe6e36589dc6b89b31ffbd3e992070e465e49792,210,1000000.0,43.76407957946939,15.0373620015409,20.164740685127526,3.1641774070952374e-06,0.01420442221844755,0.00022276002208564745
bfo-08c53844fa5e7a0578ff0fbefe6e36589dc6b89b31ffbd3e992070e465e49792,211,1000000.0000081076,43.736640078351925,15.030775405930067,20.146629154944794,3.2537148688821785e-06,0.014246425455273942,0.00022838815807495576
bfo-08c53844fa5e7a0578ff0fbefe6e36589dc6b89b31ffbd3e992070e465e49792,212,15.04731475147679,43.64717437895396,15.04731475147679,20.17743891352319,2.8854613841308186e-06,0.014028716703895647,0.00020568249006907042
bfo-08c53844fa5e7a0578ff0fbefe6e36589dc6b89b31ffbd3e992070e465e49792,213,1000000.0000121521,43.713649294883936,15.03291479289226,20.150124571816967,3.1763476552969195e-06,0.014204904002063787,0.00022360923064565854
bfo-08c53844fa5e7a0578ff0fbefe6e36589dc6b89b31ffbd3e992070e465e49792,214,1000000.0,43.71521922213948,15.038056541774797,20.161388177623913,3.1650310823667933e-06,0.014167044822173779,0.00022340799525198042
bfo-08c53844fa5e7a0578ff0fbefe6e36589dc6b89b31ffbd3e992070e465e49792,215,1000000.0000086428,43.64805746119091,15.028817290704994,20.134829463743564,3.0721788090543445e-06,0.01418441443599239,0.00021658834229059271
bfo-08c53844fa5e7a0578ff0fbefe6e36589dc6b89b31ffbd3e992070e465e49792,216,15.045689124438516,43.70311190399558,15.045689124438516,20.178233340633764,3.08274029546875e-06,0.01409898658993565,0.00021864977853580753
bfo-08c53844fa5e7a0578ff0fbefe6e36589dc6b89b31ffbd3e992070e465e49792,217,15.038100058596765,43.716488331887554,15.038100058596765,20.161866576699552,3.1377085297029263e-06,0.01416393898705503,0.00022152796143577004
bfo-08c53844fa5e7a0578ff0fbefe6e36589dc6b89b31ffbd3e992070e465e49792,218,15.04069439123571,43.74628357750399,15.04069439123571,20.172711300363257,3.1892869784994565e-06,0.014172497966733302,0.00022503351109914274
bfo-08c53844fa5e7a0578ff0fbefe6e36589dc6b89b31ffbd3e992070e465e49792,219,1000000.0000162798,43.71300427708047,15.035919283604478,20.15640913990113,3.1556129386236433e-06,0.014175438263961266,0.00022261131401109997
bfo-08c53844fa5e7a0578ff0fbefe6e36589dc6b89b31ffbd3e992070e465e49792,220,15.035187820584657,43.72220943055827,15.035187820584657,20.155826761943082,3.198653093974229e-06,0.014221570417350301,0.00022491560355893434
bfo-08c53844fa5e7a0578ff0fbefe6e36589dc6b89b31ffbd3e992070e465e49792,221,1000000.0000121997,43.73396271394791,15.036285025869125,20.158920411127596,3.1985595755600757e-06,0.014197571385203599,0.00022528920537026107
bfo-08c53844fa5e7a0578ff0fbefe6e36589dc6b89b31ffbd3e992070e465e49792,222,15.043736418786674,43.756369835912366,15.043736418786674,20.183048917970915,3.1423726687361633e-06,0.014147699507444387,0.0002221119177066686
bfo-08c53844fa5e7a0578ff0fbefe6e36589dc6b89b31ffbd3e992070e465e49792,223,1000000.000023024,43.70886785017939,15.038184029700716,20.161773952374006,3.1106926590531207e-06,0.014156846451391503,0.0002197306207801219
bfo-08c53844fa5e7a0578ff0fbefe6e36589dc6b89b31ffbd3e992070e465e49792,224,1000000.0,43.63813155687289,15.061739909795717,20.213445300660425,2.7421395933758627e-06,0.013917270067086394,0.00019703142787038942
bfo-08c53844fa5e7a0578ff0fbefe6e36589dc6b89b31ffbd3e992070e465e49792,225,1000000.0000083655,43.709845005497385,15.035271434001567,20.15426067946268,3.141914056667873e-06,0.01418072398604025,0.00022156231654750684
bfo-08c53844fa5e7a0578ff0fbefe6e36589dc6b89b31ffbd3e992070e465e49792,226,1000000.0000112231,43.70687253154121,15.033463024481648,20.150343683413084,3.171313950983813e-06,0.014209999037629012,0.0002231748181393936
bfo-08c53844fa5e7a0578ff0fbefe6e36589dc6b89b31ffbd3e992070e465e49792,227,1000000.0000145021,43.721093382264065,15.033913821136156,20.15308206287598,3.231872342850935e-06,0.014213690803602656,0.00022737741994723653
bfo-08c53844fa5e7a0578ff0fbefe6e36589dc6b89b31ffbd3e992070e465e49792,228,1000000.0000032956,43.710164588202076,15.034665761327718,20.153635606026633,3.1690276774246184e-06,0.014192300932807428,0.0002232920294199076
bfo-08c53844fa5e7a0578ff0fbefe6e36589dc6b89b31ffbd3e992070e465e49792,229,1000000.0000040345,43.70748512160323,15.034254834141143,20.152723682016646,3.152637182697446e-06,0.014192307438948731,0.00022213704122879205
bfo-08c53844fa5e7a0578ff0fbefe6e36589dc6b89b31ffbd3e992070e465e49792,230,1000000.0,43.74361412152835,15.03808766546368,20.164295743309555,3.2126144644679073e-06,0.014186664538802006,0.00022645312121683515
bfo-08c53844fa5e7a0578ff0fbefe6e36589dc6b89b31ffbd3e992070e465e49792,231,1000000.0000075995,43.704880249887296,15.033907046066895,20.151214623882215,3.1623782740071097e-06,0.014197442376329833,0.00022274281452830332
bfo-08c53844fa5e7a0578ff0fbefe6e36589dc6b89b31ffbd3e992070e465e49792,232,1000000.0,43.68391628708059,15.025130558422024,20.128268610945963,3.140590750986868e-06,0.014252375922749114,0.00022035559320140956
bfo-08c53844fa5e7a0578ff0fbefe6e36589dc6b89b31ffbd3e992070e465e49792,233,1000000.0000179353,43.71088582759251,15.033731462592476,20.151958666329968,3.1839823822440672e-06,0.014203258868883982,0.00022417266429040648
bfo-08c53844fa5e7a0578ff0fbefe6e36589dc6b89b31ffbd3e992070e465e49792,234,1000000.0,43.79532593199977,15.035342965988434,20.16371198901844,3.427218053459444e-06,0.014269520248709014,0.00024017752480287553
bfo-08c53844fa5e7a0578ff0fbefe6e36589dc6b89b31ffbd3e992070e465e49792,235,15.034076461888105,43.695179167854064,15.034076461888105,20.151434453848093,3.1169850300944968e-06,0.01418404037488842,0.0002197529721935113
bfo-08c53844fa5e7a0578ff0fbefe6e36589dc6b89b31ffbd3e992070e465e49792,236,15.031783957283151,43.6998109523266,15.031783957283151,20.146539344905037,3.1473355306415193e-06,0.014206378589730909,0.00022154383052388688
bfo-08c53844fa5e7a0578ff0fbefe6e36589dc6b89b31ffbd3e992070e465e49792,237,15.043367131121418,43.6773521522575,15.043367131121418,20.17197689628446,2.9585532270221272e-06,0.014078958011551795,0.0002101400703514161
bfo-08c53844fa5e7a0578ff0fbefe6e36589dc6b89b31ffbd3e992070e465e49792,238,15.031443404941477,43.71683051038998,15.031443404941477,20.147130997769583,3.1861243818078332e-06,0.014221755197041743,0.00022403172728430713
bfo-08c53844fa5e7a0578ff0fbefe6e36589dc6b89b31ffbd3e992070e465e49792,239,15.028121751955672,43.725595091621386,15.028121751955672,20.141777598457114,3.2338160735716765e-06,0.014264825314641832,0.00022669861019976133
bfo-08c53844fa5e7a0578ff0fbefe6e36589dc6b89b31ffbd3e992070e465e49792,240,1000000.0,43.74742269834297,15.032727039575825,20.15425630804703,3.257885231101907e-06,0.014241692519387507,0.0002287568859295959
bfo-08c53844fa5e7a0578ff0fbefe6e36589dc6b89b31ffbd3e992070e465e49792,241,1000000.0000148265,43.74737899320441,15.029320880596101,20.145429509858147,3.277017939418117e-06,0.014282301827872861,0.0002294460640106904
bfo-08c53844fa5e7a0578ff0fbefe6e36589dc6b89b31ffbd3e992070e465e49792,242,15.030838780878492,43.66656757440616,15.030838780878492,20.145292663112027,3.127437902424133e-06,0.014182458790310408,0.00022051450659323112
bfo-08c53844fa5e7a0578ff0fbefe6e36589dc6b89b31ffbd3e992070e465e49792,243,1000000.0000343688,43.70875008330826,15.028620225352705,20.14171118385711,3.1918087749339753e-06,0.014252036624413796,0.00022395457288303583
bfo-08c53844fa5e7a0578ff0fbefe6e36589dc6b89b31ffbd3e992070e465e49792,244,15.035194322189769,43.70125402261621,15.035194322189769,20.157016075628633,3.0738973041933267e-06,0.01416452437249454,0.00021701380317170347
bfo-08c53844fa5e7a0578ff0fbefe6e36589dc6b89b31ffbd3e992070e465e49792,245,1000000.0000802929,43.76367440455692,15.03272830579549,20.15360524177917,3.332128551841449e-06,0.014283474881270741,0.00023328556808054564
bfo-08c53844fa5e7a0578ff0fbefe6e36589dc6b89b31ffbd3e992070e465e49792,246,1000000.0,43.761695935903745,15.023710565289155,20.13713600401679,3.2934710981605956e-06,0.01430635967747268,0.0002302102821688886
bfo-08c53844fa5e7a0578ff0fbefe6e36589dc6b89b31ffbd3e992070e465e49792,247,1000000.0000864099,43.72757566307836,15.021802098234813,20.12578859381798,3.2999695142511473e-06,0.014328260854957841,0.00023031193720271344
bfo-08c53844fa5e7a0578ff0fbefe6e36589dc6b89b31ffbd3e992070e465e49792,248,1000000.0,43.63877407207278,15.032665796525784,20.142990662638606,3.002629456915053e-06,0.014151468789365585,0.00021217793725916573
bfo-08c53844fa5e7a0578ff0fbefe6e36589dc6b89b31ffbd3e992070e465e49792,249,1000000.0000891421,43.7680088658425,15.026674536779586,20.142317441446263,3.3715305607055807e-06,0.014314028652822728,0.00023554029703864779
bfo-08c53844fa5e7a0578ff0fbefe6e36589dc6b89b31ffbd3e992070e465e49792,250,1000000.0,43.675357864675746,15.03483083587792,20.15429105637606,3.013034148515147e-06,0.014128921146765294,0.00021325295238164434
bfo-08c53844fa5e7a0578ff0fbefe6e36589dc6b89b31ffbd3e992070e465e49792,251,1000000.0000751057,43.723694987027216,15.02614988306886,20.139019016061887,3.2178829725366655e-06,0.014263090053662652,0.00022560910436868046
bfo-08c53844fa5e7a0578ff0fbefe6e36589dc6b89b31ffbd3e992070e465e49792,252,1000000.0,43.765506391717196,15.020981135119605,20.1283570188302,3.4355678374473777e-06,0.014365024497283588,0.00023916198946246422
bfo-08c53844fa5e7a0578ff0fbefe6e36589dc6b89b31ffbd3e992070e465e49792,253,1000000.0000103302,43.73743382458462,15.027408840186078,20.141544450502018,3.27424633428097e-06,0.01428376232952296,0.00022922856448776553
bfo-08c53844fa5e7a0578ff0fbefe6e36589dc6b89b31ffbd3e992070e465e49792,254,1000000.0,43.84530390885982,15.027389253100457,20.15636575447933,3.495925850607676e-06,0.014364758439852156,0.0002433682310249595
bfo-08c53844fa5e7a0578ff0fbefe6e36589dc6b89b31ffbd3e992070e465e49792,255,15.032296685020366,43.75850492843942,15.032296685020366,20.155588490790578,3.2417282248566245e-06,0.014258508008691948,0.00022735395757259285
bfo-08c53844fa5e7a0578ff0fbefe6e36589dc6b89b31ffbd3e992070e465e49792,256,1000000.0,43.6148587146599,15.034384958808081,20.14737733968328,2.899284721303935e-06,0.014111753092099309,0.0002054517750120746
bfo-08c53844fa5e7a0578ff0fbefe6e36589dc6b89b31ffbd3e992070e465e49792,257,15.027055827056838,43.70808647665744,15.027055827056838,20.13750316133874,3.183384688034986e-06,0.014254692125097763,0.0002233218830752652
bfo-08c53844fa5e7a0578ff0fbefe6e36589dc6b89b31ffbd3e992070e465e49792,258,15.025664694630093,43.650155323649614,15.025664694630093,20.127858658040076,3.058340215039972e-06,0.014210282615396233,0.00021522022452434485
bfo-08c53844fa5e7a0578ff0fbefe6e36589dc6b89b31ffbd3e992070e465e49792,259,15.033988410569838,43.664323505640084,15.033988410569838,20.14869951256469,2.983541651236201e-06,0.014142641059757667,0.00021096071367644
bfo-08c53844fa5e7a0578ff0fbefe6e36589dc6b89b31ffbd3e992070e465e49792,260,1000000.0000069564,43.639690854786956,15.024790469722761,20.12484474446785,3.055033961753197e-06,0.014213502981561162,0.0002149388483413568
bfo-08c53844fa5e7a0578ff0fbefe6e36589dc6b89b31ffbd3e992070e465e49792,261,15.023882134486138,43.56657520658927,15.023882134486138,20.113730211815597,2.9149071577838573e-06,0.01414093448535655,0.00020613256930101398
bfo-08c53844fa5e7a0578ff0fbefe6e36589dc6b89b31ffbd3e992070e465e49792,262,15.029540845071283,43.57382704819561,15.029540845071283,20.1270345365181,2.9013833615946662e-06,0.014094284297483136,0.00020585531697503618
bfo-08c53844fa5e7a0578ff0fbefe6e36589dc6b89b31ffbd3e992070e465e49792,263,1000000.0001629904,43.59217383351732,15.020872160352848,20.10783079725433,3.0426621264893794e-06,0.01419352120431544,0.00021436978764397655
bfo-08c53844fa5e7a0578ff0fbefe6e36589dc6b89b31ffbd3e992070e465e49792,264,15.034127413579236,43.49743959464529,15.034127413579236,20.131857641115534,2.6446795712644144e-06,0.013983222923528486,0.00018913233277676042
bfo-08c53844fa5e7a0578ff0fbefe6e36589dc6b89b31ffbd3e992070e465e49792,265,1000000.000002286,43.53505699547428,15.027385816346527,20.11898169591338,2.833354196712077e-06,0.014086929648109483,0.00020113355198677545
bfo-08c53844fa5e7a0578ff0fbefe6e36589dc6b89b31ffbd3e992070e465e49792,266,15.02476184914673,43.53934547563752,15.02476184914673,20.114555023056866,2.8271641830829982e-06,0.014109032510641193,0.00020037973411364096
bfo-08c53844fa5e7a0578ff0fbefe6e36589dc6b89b31ffbd3e992070e465e49792,267,1000000.0000027271,43.56684805276862,15.025135660402178,20.118258826115905,2.883805583771985e-06,0.014121506936824705,0.00020421372851164166
bfo-08c53844fa5e7a0578ff0fbefe6e36589dc6b89b31ffbd3e992070e465e49792,268,15.027002024213486,43.58019744972725,15.027002024213486,20.122782226323867,2.8727277701374393e-06,0.014114311796447591,0.00020353296792412307
bfo-08c53844fa5e7a0578ff0fbefe6e36589dc6b89b31ffbd3e992070e465e49792,269,1000000.000008823,43.54297757962337,15.022687557048933,20.10879376986567,2.919619677122286e-06,0.014136247659567766,0.00020653427609880717
bfo-08c53844fa5e7a0578ff0fbefe6e36589dc6b89b31ffbd3e992070e465e49792,270,15.023340740710646,43.59961399728017,15.023340740710646,20.112761032220398,3.0056765611155407e-06,0.01417325608207274,0.00021206676459598558
bfo-08c53844fa5e7a0578ff0fbefe6e36589dc6b89b31ffbd3e992070e465e49792,271,15.036612193630782,43.59159735921239,15.036612193630782,20.144094965270035,2.83413277904714e-06,0.014038240063313208,0.00020188661586246215
bfo-08c53844fa5e7a0578ff0fbefe6e36589dc6b89b31ffbd3e992070e465e49792,272,1000000.0000046527,43.60296787658142,15.025415255805164,20.11806794502018,2.9650029350202184e-06,0.01415933900881127,0.00020940263759311895
bfo-08c53844fa5e7a0578ff0fbefe6e36589dc6b89b31ffbd3e992070e465e49792,273,15.02310035592271,43.6595406596678,15.02310035592271,20.11599730469017,3.065716934848297e-06,0.014219836526902965,0.00021559438668990102
bfo-08c53844fa5e7a0578ff0fbefe6e36589dc6b89b31ffbd3e992070e465e49792,274,15.02956181394644,43.63015121478065,15.02956181394644,20.12952000410575,2.9770618505328487e-06,0.014128163486544103,0.00021071824751803388
bfo-08c53844fa5e7a0578ff0fbefe6e36589dc6b89b31ffbd3e992070e465e49792,275,15.011211813558235,43.705179659256856,15.011211813558235,20.091432198058403,3.3036020487838026e-06,0.0143544124648248,0.00023014540350426831
bfo-08c53844fa5e7a0578ff0fbefe6e36589dc6b89b31ffbd3e992070e465e49792,276,15.022898781501475,43.718074342288354,15.022898781501475,20.12059869887893,3.1186389065609984e-06,0.014252729520055761,0.00021880994108339728
bfo-08c53844fa5e7a0578ff0fbefe6e36589dc6b89b31ffbd3e992070e465e49792,277,15.009243068445823,43.690341010023275,15.009243068445823,20.08565535932469,3.287322197646258e-06,0.014361130811562053,0.00022890413302270433
bfo-08c53844fa5e7a0578ff0fbefe6e36589dc6b89b31ffbd3e992070e465e49792,278,15.006612023840802,43.709411350928576,15.006612023840802,20.08090819937662,3.359864623438829e-06,0.01440429730215848,0.0002332543235507472
bfo-08c53844fa5e7a0578ff0fbefe6e36589dc6b89b31ffbd3e992070e465e49792,279,15.003523953459137,43.69694998316496,15.003523953459137,20.07095728267358,3.4611706410227256e-06,0.014431584020590332,0.00023983303815329514
bfo-08c53844fa5e7a0578ff0fbefe6e36589dc6b89b31ffbd3e992070e465e49792,280,15.004622090659456,43.74446185551443,15.004622090659456,20.079601042982087,3.5033008144948394e-06,0.014439799502875987,0.00024261422838988062
bfo-08c53844fa5e7a0578ff0fbefe6e36589dc6b89b31ffbd3e992070e465e49792,281,15.002767918062005,43.65190539028817,15.002767918062005,20.06467143475726,3.313762797246513e-06,0.014393742982526662,0.00023022245160756778
bfo-08c53844fa5e7a0578ff0fbefe6e36589dc6b89b31ffbd3e992070e465e49792,282,15.00909572456536,43.62883281779684,15.00909572456536,20.076513254017087,3.2010439124592752e-06,0.014309025621947028,0.00022370802855713312
bfo-08c53844fa5e7a0578ff0fbefe6e36589dc6b89b31ffbd3e992070e465e49792,283,1000000.0001057552,43.64644189289198,15.001093769883619,20.06046559427886,3.3067515874195766e-06,0.01440352923699734,0.00022957926026391883
bfo-08c53844fa5e7a0578ff0fbefe6e36589dc6b89b31ffbd3e992070e465e49792,284,15.00485424751663,43.62897428656332,15.00485424751663,20.066712284258465,3.241665698309028e-06,0.014351860076968767,0.00022587077082162404
bfo-08c53844fa5e7a0578ff0fbefe6e36589dc6b89b31ffbd3e992070e465e49792,285,15.007217801087371,43.66322653638515,15.007217801087371,20.07630773699053,3.3252668332231686e-06,0.014364474997853,0.00023149240287028818
bfo-08c53844fa5e7a0578ff0fbefe6e36589dc6b89b31ffbd3e992070e465e49792,286,15.00247297405012,43.67537600531929,15.00247297405012,20.065184058875545,3.365746164816561e-06,0.01442378753649045,0.00023334690394611175
bfo-08c53844fa5e7a0578ff0fbefe6e36589dc6b89b31ffbd3e992070e465e49792,287,15.002447332615887,43.65992669590634,15.002447332615887,20.063698270270304,3.357678398052535e-06,0.014409725673879511,0.00023301473421794515
bfo-08c53844fa5e7a0578ff0fbefe6e36589dc6b89b31ffbd3e992070e465e49792,288,15.010295038917953,43.711147538167495,15.010295038917953,20.08663096990133,3.4917024234451293e-06,0.01438906605504653,0.00024266358984574403
bfo-08c53844fa5e7a0578ff0fbefe6e36589dc6b89b31ffbd3e992070e465e49792,289,15.001959310515147,43.6645556848344,15.001959310515147,20.063530221509467,3.3866803822859777e-06,0.014420653210810744,0.00023484930486693085
bfo-08c53844fa5e7a0578ff0fbefe6e36589dc6b89b31ffbd3e992070e465e49792,290,14.994946424800261,43.576283781587776,14.994946424800261,20.03809292364328,3.2238143696999265e-06,0.014401535752486328,0.00022385212418358624
bfo-08c53844fa5e7a0578ff0fbefe6e36589dc6b89b31ffbd3e992070e465e49792,291,14.989903825114745,43.508447078007904,14.989903825114745,20.018316729159007,3.1423204443924503e-06,0.01438008500409544,0.0002185189060772255
bfo-08c53844fa5e7a0578ff0fbefe6e36589dc6b89b31ffbd3e992070e465e49792,292,14.987431984062805,43.56568782523182,14.987431984062805,20.018059416816065,3.3536123102968003e-06,0.014448593630791831,0.00023210648703897495
bfo-08c53844fa5e7a0578ff0fbefe6e36589dc6b89b31ffbd3e992070e465e49792,293,14.985192649890667,43.51794661365544,14.985192649890667,20.00699654342953,3.22805361376558e-06,0.014420534104657766,0.00022385118264953402
bfo-08c53844fa5e7a0578ff0fbefe6e36589dc6b89b31ffbd3e992070e465e49792,294,14.98627200035884,43.517653189263996,14.98627200035884,20.009294162729365,3.247454020947824e-06,0.014412829295871177,0.00022531690026177703
bfo-08c53844fa5e7a0578ff0fbefe6e36589dc6b89b31ffbd3e992070e465e49792,295,14.985377501437268,43.5352416829925,14.985377501437268,20.009395450274575,3.3116463256278674e-06,0.014440888292896085,0.0002293242810594254
bfo-08c53844fa5e7a0578ff0fbefe6e36589dc6b89b31ffbd3e992070e465e49792,296,14.99683475188028,43.528508292967146,14.99683475188028,20.035886254542437,3.0295097031173603e-06,0.014316482629961262,0.00021160991714384232
bfo-08c53844fa5e7a0578ff0fbefe6e36589dc6b89b31ffbd3e992070e465e49792,297,14.983978151998999,43.52587566979737,14.983978151998999,20.00528791939623,3.249924273827573e-06,0.014433216867244233,0.0002251697804945467
bfo-08c53844fa5e7a0578ff0fbefe6e36589dc6b89b31ffbd3e992070e465e49792,298,14.987148766644271,43.51953521164896,14.987148766644271,20.01295417832586,3.114784688542336e-06,0.014389847040462294,0.00021645710894521565
bfo-08c53844fa5e7a0578ff0fbefe6e36589dc6b89b31ffbd3e992070e465e49792,299,14.985081361582468,43.53278915061823,14.985081361582468,20.007854623622656,3.2434097014523093e-06,0.01442454412568137,0.00022485353250628991
bfo-08c53844fa5e7a0578ff0fbefe6e36589dc6b89b31ffbd3e992070e465e49792,300,14.98779054553697,43.550461540841006,14.98779054553697,20.01507374909771,3.2713746136956417e-06,0.014415544298944517,0.0002269338254494606
bfo-08c53844fa5e7a0578ff0fbefe6e36589dc6b89b31ffbd3e992070e465e49792,301,14.990201098603677,43.59105927942653,14.990201098603677,20.025225818357562,3.3530403341367542e-06,0.014441212430028685,0.00023218551422763705
bfo-08c53844fa5e7a0578ff0fbefe6e36589dc6b89b31ffbd3e992070e465e49792,302,14.986143261486843,43.506445767269064,14.986143261486843,20.007614905688612,3.2146356026887296e-06,0.014401937452578114,0.0002232085518544779
bfo-08c53844fa5e7a0578ff0fbefe6e36589dc6b89b31ffbd3e992070e465e49792,303,14.98263210234894,43.51901499443653,14.98263210234894,20.001538363056262,3.2521533584340552e-06,0.014442092259730643,0.00022518574870914932
bfo-08c53844fa5e7a0578ff0fbefe6e36589dc6b89b31ffbd3e992070e465e49792,304,14.982647825882873,43.499892625096564,14.982647825882873,19.999703890255223,3.1484568763874666e-06,0.014420527388849027,0.00021833160407309904
bfo-08c53844fa5e7a0578ff0fbefe6e36589dc6b89b31ffbd3e992070e465e49792,305,14.981879994508635,43.51652050015483,14.981879994508635,19.99972429987339,3.263388162640114e-06,0.014446842709750902,0.0002258893675389356
bfo-08c53844fa5e7a0578ff0fbefe6e36589dc6b89b31ffbd3e992070e465e49792,306,14.978963320824791,43.64010912172811,14.978963320824791,20.000702717277104,3.592644364203793e-06,0.014587680386402685,0.00024627934455929886
bfo-08c53844fa5e7a0578ff0fbefe6e36589dc6b89b31ffbd3e992070e465e49792,307,14.96404850871022,43.725001875947854,14.96404850871022,19.971662020343786,4.036698942019729e-06,0.014777050654001731,0.00027317351997616394
bfo-08c53844fa5e7a0578ff0fbefe6e36589dc6b89b31ffbd3e992070e465e49792,308,14.96516901614368,43.66119465510781,14.96516901614368,19.96985862999432,3.856437607796298e-06,0.014711849571309795,0.0002621313920526282
bfo-08c53844fa5e7a0578ff0fbefe6e36589dc6b89b31ffbd3e992070e465e49792,309,14.962746883715834,43.71681451764415,14.962746883715834,19.968496903845647,4.024575509513302e-06,0.014780238522415454,0.00027229435461475815
bfo-08c53844fa5e7a0578ff0fbefe6e36589dc6b89b31ffbd3e992070e465e49792,310,14.969045540713003,43.69055956887627,14.969045540713003,19.981931367513763,3.8927022748588885e-06,0.014698531362323863,0.0002648361376318787
bfo-08c53844fa5e7a0578ff0fbefe6e36589dc6b89b31ffbd3e992070e465e49792,311,14.963962735639768,43.74171530332201,14.963962735639768,19.973074673452093,4.081191710265205e-06,0.014791177060957868,0.0002759206852467297
bfo-08c53844fa5e7a0578ff0fbefe6e36589dc6b89b31ffbd3e992070e465e49792,312,14.953470921272265,43.79024933238686,14.953470921272265,19.95112911063441,4.344185730364148e-06,0.014941695901876008,0.0002907424805653228
bfo-08c53844fa5e7a0578ff0fbefe6e36589dc6b89b31ffbd3e992070e465e49792,313,14.950972703175177,43.7805538483931,14.950972703175177,19.94272253342673,4.473150291136485e-06,0.014967531897236338,0.00029885690719405947
bfo-08c53844fa5e7a0578ff0fbefe6e36589dc6b89b31ffbd3e992070e465e49792,314,14.953314705010582,43.739772371150195,14.953314705010582,19.945073848393612,4.233919126252178e-06,0.014886043221779917,0.00028442206321539423
bfo-08c53844fa5e7a0578ff0fbefe6e36589dc6b89b31ffbd3e992070e465e49792,315,14.948927047246976,43.77927901987289,14.948927047246976,19.93775922878239,4.522557296130003e-06,0.01499907823723907,0.00030152234854683216
bfo-08c53844fa5e7a0578ff0fbefe6e36589dc6b89b31ffbd3e992070e465e49792,316,14.946434726583615,43.78424973973725,14.946434726583615,19.931964264445014,4.509054483133995e-06,0.015017711825570096,0.00030024910156130417
bfo-08c53844fa5e7a0578ff0fbefe6e36589dc6b89b31ffbd3e992070e465e49792,317,14.94830255762313,43.7568875439697,14.94830255762313,19.93451811283482,4.465358437569711e-06,0.014964953298608247,0.0002983877295484105
bfo-08c53844fa5e7a0578ff0fbefe6e36589dc6b89b31ffbd3e992070e465e49792,318,14.947751024773822,43.77422687618619,14.947751024773822,19.934478176172078,4.445364502803039e-06,0.014998165270642726,0.00029639388702459195
bfo-08c53844fa5e7a0578ff0fbefe6e36589dc6b89b31ffbd3e992070e465e49792,319,14.946971050417474,43.67129215994461,14.946971050417474,19.920350132093223,4.208161324276615e-06,0.014920819127460126,0.000282032862159153
bfo-08c53844fa5e7a0578ff0fbefe6e36589dc6b89b31ffbd3e992070e465e49792,320,1000000.0000133042,43.78909907314393,14.944163826739803,19.928141451725356,4.539666268332043e-06,0.015042668202496107,0.0003017859735534653
bfo-08c53844fa5e7a0578ff0fbefe6e36589dc6b89b31ffbd3e992070e465e49792,321,14.942688117305513,43.71141441649297,14.942688117305513,19.920231560879415,4.250696472361186e-06,0.01494241420418061,0.0002844718674156363
bfo-08c53844fa5e7a0578ff0fbefe6e36589dc6b89b31ffbd3e992070e465e49792,322,1000000.0,43.64788769417045,14.932064855703327,19.886553849767274,4.1816650971685266e-06,0.014985256918450193,0.0002790519455171946
bfo-08c53844fa5e7a0578ff0fbefe6e36589dc6b89b31ffbd3e992070e465e49792,323,1000000.0000377601,43.70999657500971,14.945725930713921,19.925550245037314,4.283885931129976e-06,0.014935385888985448,0.0002868279375552832
bfo-08c53844fa5e7a0578ff0fbefe6e36589dc6b89b31ffbd3e992070e465e49792,324,14.949275454708104,43.74453833891956,14.949275454708104,19.936497712100234,4.302195982237172e-06,0.014923476418823653,0.00028828376589322164
bfo-08c53844fa5e7a0578ff0fbefe6e36589dc6b89b31ffbd3e992070e465e49792,325,1000000.0000261934,43.75348975682773,14.942405722014362,19.92189224780423,4.4150670095114516e-06,0.0150047383352977,0.00029424485191623003
bfo-08c53844fa5e7a0578ff0fbefe6e36589dc6b89b31ffbd3e992070e465e49792,326,14.946987756560434,43.6698125239557,14.946987756560434,19.926024583892925,4.0084725466829465e-06,0.014841188089840982,0.00027009108182024906
bfo-08c53844fa5e7a0578ff0fbefe6e36589dc6b89b31ffbd3e992070e465e49792,327,1000000.0000266653,43.70742549805105,14.940683366245786,19.91531040726797,4.252392503650152e-06,0.014958872921435868,0.0002842722527281136
bfo-08c53844fa5e7a0578ff0fbefe6e36589dc6b89b31ffbd3e992070e465e49792,328,14.946165379560895,43.68962187218646,14.946165379560895,19.927561721501558,4.125497347928459e-06,0.014870512272245518,0.00027742805845554696
bfo-08c53844fa5e7a0578ff0fbefe6e36589dc6b89b31ffbd3e992070e465e49792,329,1000000.0000176539,43.804064757354496,14.943977503885343,19.932535679115432,4.503586609410653e-06,0.01501406234061088,0.0002999578999501753
bfo-08c53844fa5e7a0578ff0fbefe6e36589dc6b89b31ffbd3e992070e465e49792,330,14.946027784660464,43.65757003153372,14.946027784660464,19.928522686766723,3.99155451609096e-06,0.014835883730849797,0.0002690473037201623
bfo-08c53844fa5e7a0578ff0fbefe6e36589dc6b89b31ffbd3e992070e465e49792,331,14.942139612869276,43.66573292029026,14.942139612869276,19.913763482786052,4.142695882594511e-06,0.01491095663297804,0.0002778289806994848
bfo-08c53844fa5e7a0578ff0fbefe6e36589dc6b89b31ffbd3e992070e465e49792,332,14.939887235078508,43.70035710874073,14.939887235078508,19.911276814594572,4.303043553049375e-06,0.014959987546437261,0.00028763684058508127
bfo-08c53844fa5e7a0578ff0fbefe6e36589dc6b89b31ffbd3e992070e465e49792,333,14.948508309657011,43.65984147655983,14.948508309657011,19.924377728585682,4.153193499342688e-06,0.014868136757650162,0.000279335169365168
bfo-08c53844fa5e7a0578ff0fbefe6e36589dc6b89b31ffbd3e992070e465e49792,334,14.93859591071604,43.70550372323551,14.93859591071604,19.908710304172658,4.341249830305331e-06,0.014980576670047045,0.00028979190360444904
bfo-08c53844fa5e7a0578ff0fbefe6e36589dc6b89b31ffbd3e992070e465e49792,335,14.937609407835394,43.5852119859202,14.937609407835394,19.896418200489016,3.945945693186111e-06,0.014854210591149029,0.00026564492734048933
bfo-08c53844fa5e7a0578ff0fbefe6e36589dc6b89b31ffbd3e992070e465e49792,336,14.942275296759775,43.636794863209374,14.942275296759775,19.912457024048248,4.037623678544761e-06,0.014850996333501482,0.0002718756094119103
bfo-08c53844fa5e7a0578ff0fbefe6e36589dc6b89b31ffbd3e992070e465e49792,337,14.937604468210912,43.594069781271095,14.937604468210912,19.897125792911286,3.990860721071978e-06,0.014865991820977083,0.0002684557323272948
bfo-08c53844fa5e7a0578ff0fbefe6e36589dc6b89b31ffbd3e992070e465e49792,338,14.939601644112177,43.74550954819712,14.939601644112177,19.91955394099826,4.3513152468849374e-06,0.014963110264536726,0.0002908028591620927
bfo-08c53844fa5e7a0578ff0fbefe6e36589dc6b89b31ffbd3e992070e465e49792,339,14.932297439753262,43.54864618911265,14.932297439753262,19.880439019111627,3.889858916811378e-06,0.01487176124095865,0.00026156007037675074
bfo-08c53844fa5e7a0578ff0fbefe6e36589dc6b89b31ffbd3e992070e465e49792,340,14.928759547225205,43.521467942529995,14.928759547225205,19.87310001526054,3.777545346441334e-06,0.014851711938422362,0.0002543508359240778
bfo-08c53844fa5e7a0578ff0fbefe6e36589dc6b89b31ffbd3e992070e465e49792,341,14.926744173494752,43.582332070963965,14.926744173494752,19.87526965985693,3.9335484330288766e-06,0.01492794763422326,0.0002635022931089984
bfo-08c53844fa5e7a0578ff0fbefe6e36589dc6b89b31ffbd3e992070e465e49792,342,14.939770374321094,43.61494079892778,14.939770374321094,19.909628810799422,3.949788008175289e-06,0.0148576818369541,0.00026584147187425674
bfo-08c53844fa5e7a0578ff0fbefe6e36589dc6b89b31ffbd3e992070e465e49792,343,14.923920158090974,43.54691343701907,14.923920158090974,19.86452640042558,3.884805580969055e-06,0.014917572454026822,0.00026041808028359184
bfo-08c53844fa5e7a0578ff0fbefe6e36589dc6b89b31ffbd3e992070e465e49792,344,14.890502049707516,43.51590508470376,14.890502049707516,19.781744423123257,4.19186416609401e-06,0.01518296513633003,0.00027608995531865207
bfo-08c53844fa5e7a0578ff0fbefe6e36589dc6b89b31ffbd3e992070e465e49792,345,1000000.0,43.49354552255892,14.83173473304448,19.636422097953226,4.861019364416531e-06,0.015696045873254953,0.0003096970666159554
bfo-08c53844fa5e7a0578ff0fbefe6e36589dc6b89b31ffbd3e992070e465e49792,346,14.892237057063149,43.561091505084576,14.892237057063149,19.79013612576326,4.338868059858524e-06,0.015209979695116902,0.0002852645530652154
bfo-08c53844fa5e7a0578ff0fbefe6e36589dc6b89b31ffbd3e992070e465e49792,347,14.88984648883288,43.496617448548605,14.88984648883288,19.78051797904333,4.141468662481953e-06,0.015170172715018382,0.00027300075881020946
bfo-08c53844fa5e7a0578ff0fbefe6e36589dc6b89b31ffbd3e992070e465e49792,348,1000000.0,43.54673001218944,14.891285647510552,19.78864927773885,4.276332382921241e-06,0.015206295029109603,0.0002812211899568569
bfo-08c53844fa5e7a0578ff0fbefe6e36589dc6b89b31ffbd3e992070e465e49792,349,14.888309869017316,43.45094580364386,14.888309869017316,19.773415241646198,3.965768849561842e-06,0.015130607715301874,0.00026210241678205587
bfo-08c53844fa5e7a0578ff0fbefe6e36589dc6b89b31ffbd3e992070e465e49792,350,14.887157610028844,43.40179015519593,14.887157610028844,19.76591926689492,3.836249125886667e-06,0.01509334176034817,0.0002541683072442516
bfo-08c53844fa5e7a0578ff0fbefe6e36589dc6b89b31ffbd3e992070e465e49792,351,14.854150849997927,43.362777590262496,14.854150849997927,19.68312152913479,4.079484758731491e-06,0.015346672958732436,0.0002658220951017411
bfo-08c53844fa5e7a0578ff0fbefe6e36589dc6b89b31ffbd3e992070e465e49792,352,1000000.0,43.291390492967814,14.79369548270814,19.529844025335155,4.510796293445358e-06,0.015817740077717697,0.00028517324670163693
bfo-08c53844fa5e7a0578ff0fbefe6e36589dc6b89b31ffbd3e992070e465e49792,353,1000000.0000037648,43.349328574320474,14.85403110973572,19.68081092013432,4.032062273564917e-06,0.015335517649965949,0.00026292312823061897
bfo-08c53844fa5e7a0578ff0fbefe6e36589dc6b89b31ffbd3e992070e465e49792,354,14.854039201966357,43.329358746198615,14.854039201966357,19.68048014299279,3.9911427673755325e-06,0.015330426467223256,0.0002603412746480779
bfo-08c53844fa5e7a0578ff0fbefe6e36589dc6b89b31ffbd3e992070e465e49792,355,14.854562139180972,43.35807511875883,14.854562139180972,19.68597819891462,4.079274584834924e-06,0.015343408176678565,0.0002658649589362601
bfo-08c53844fa5e7a0578ff0fbefe6e36589dc6b89b31ffbd3e992070e465e49792,356,14.85441547784721,43.33973647315192,14.85441547784721,19.682473823077352,4.004559124975691e-06,0.015336055260652381,0.0002611205461191942
bfo-08c53844fa5e7a0578ff0fbefe6e36589dc6b89b31ffbd3e992070e465e49792,357,14.822564081908235,43.282662513689544,14.822564081908235,19.600092908010147,4.185491786853057e-06,0.015566312754987866,0.0002688813884657375
bfo-08c53844fa5e7a0578ff0fbefe6e36589dc6b89b31ffbd3e992070e465e49792,358,14.767071751148132,43.20148225545198,14.767071751148132,19.45615882180374,4.496725336548573e-06,0.015993410876653402,0.00028116112136609517
bfo-08c53844fa5e7a0578ff0fbefe6e36589dc6b89b31ffbd3e992070e465e49792,359,1000000.0,43.357551341105946,14.68845799114999,19.27730487307497,6.027792431473086e-06,0.016918442761131046,0.0003562852986281647
bfo-08c53844fa5e7a0578ff0fbefe6e36589dc6b89b31ffbd3e992070e465e49792,360,14.762954955831681,43.106941984768355,14.762954955831681,19.438926057653518,4.324712769651925e-06,0.015907741294537394,0.00027186215123683213
bfo-08c53844fa5e7a0578ff0fbefe6e36589dc6b89b31ffbd3e992070e465e49792,361,1000000.0,43.07603595766169,14.77215568394028,19.456685242274222,4.083121939713369e-06,0.015797141963163504,0.00025847219384586014
bfo-08c53844fa5e7a0578ff0fbefe6e36589dc6b89b31ffbd3e992070e465e49792,362,1000000.0000650324,43.09758370830185,14.762537280364747,19.437724561344886,4.3094581688699374e-06,0.01590792647452557,0.0002709000557533983
bfo-08c53844fa5e7a0578ff0fbefe6e36589dc6b89b31ffbd3e992070e465e49792,363,14.75899057927678,43.047998438930954,14.75899057927678,19.42281362360457,4.238424193961453e-06,0.01588584423606459,0.00026680509584370944
bfo-08c53844fa5e7a0578ff0fbefe6e36589dc6b89b31ffbd3e992070e465e49792,364,14.760130998990464,43.09063119288428,14.760130998990464,19.42945941495123,4.229489135685283e-06,0.01591348237163038,0.0002657802382227392
bfo-08c53844fa5e7a0578ff0fbefe6e36589dc6b89b31ffbd3e992070e465e49792,365,1000000.0000039743,43.039182731105655,14.758492464240254,19.42151398916987,4.161689190671112e-06,0.01587408116391156,0.0002621688239904163
bfo-08c53844fa5e7a0578ff0fbefe6e36589dc6b89b31ffbd3e992070e465e49792,366,14.757862945025295,43.09858847098815,14.757862945025295,19.424536145614958,4.4940344472100775e-06,0.01593934655909733,0.0002819459650085293
bfo-08c53844fa5e7a0578ff0fbefe6e36589dc6b89b31ffbd3e992070e465e49792,367,14.75456650566385,43.06934632954011,14.75456650566385,19.414033365619755,4.5358182570323815e-06,0.01595726722272872,0.0002842478097109129
bfo-08c53844fa5e7a0578ff0fbefe6e36589dc6b89b31ffbd3e992070e465e49792,368,14.752125206705246,42.98863721027427,14.752125206705246,19.402800945146033,4.309954157655333e-06,0.015894207187828,0.00027116509220767896
bfo-08c53844fa5e7a0578ff0fbefe6e36589dc6b89b31ffbd3e992070e465e49792,369,14.752810001665608,43.00943904667864,14.752810001665608,19.405335816479106,4.3259156722703785e-06,0.015915639923231938,0.0002718028111427598
bfo-08c53844fa5e7a0578ff0fbefe6e36589dc6b89b31ffbd3e992070e465e49792,370,14.752138055048142,42.98806080909006,14.752138055048142,19.402525469987108,4.266234884729e-06,0.01588572950238894,0.0002685576941296547
bfo-08c53844fa5e7a0578ff0fbefe6e36589dc6b89b31ffbd3e992070e465e49792,371,1000000.0,43.08492221442319,14.75370466405761,19.415125753117536,4.5620137589491214e-06,0.015990035668736597,0.00028530353861990946
bfo-08c53844fa5e7a0578ff0fbefe6e36589dc6b89b31ffbd3e992070e465e49792,372,14.752226405123649,42.99311953876345,14.752226405123649,19.40279157369408,4.372752889997567e-06,0.015906448860750624,0.00027490440690300106
bfo-08c53844fa5e7a0578ff0fbefe6e36589dc6b89b31ffbd3e992070e465e49792,373,14.751712560914013,42.99487773633865,14.751712560914013,19.402299324385588,4.368035937856923e-06,0.01591485983969473,0.00027446273368755646
bfo-08c53844fa5e7a0578ff0fbefe6e36589dc6b89b31ffbd3e992070e465e49792,374,14.751409791651948,42.97090890167931,14.751409791651948,19.3992485425648,4.354919563062156e-06,0.01589846576252327,0.00027392074355550767
bfo-08c53844fa5e7a0578ff0fbefe6e36589dc6b89b31ffbd3e992070e465e49792,375,14.748815585035326,42.966950618056494,14.748815585035326,19.394763986067726,4.327610238966869e-06,0.015896434931604912,0.00027223778523842587
bfo-08c53844fa5e7a0578ff0fbefe6e36589dc6b89b31ffbd3e992070e465e49792,376,14.748413058195812,43.01366756005979,14.748413058195812,19.40119217688487,4.3881743661273134e-06,0.01592772253104462,0.0002755054501718216
bfo-08c53844fa5e7a0578ff0fbefe6e36589dc6b89b31ffbd3e992070e465e49792,377,14.747514437867872,43.07307703381342,14.747514437867872,19.408254107055402,4.539195558588847e-06,0.015982764687829814,0.0002840056552947469
bfo-08c53844fa5e7a0578ff0fbefe6e36589dc6b89b31ffbd3e992070e465e49792,378,14.750569714340413,43.14813997024789,14.750569714340413,19.420608504051284,4.742281381399509e-06,0.01602900331715134,0.0002958562854825276
bfo-08c53844fa5e7a0578ff0fbefe6e36589dc6b89b31ffbd3e992070e465e49792,379,1000000.0000000013,43.07232007242423,14.747822330816495,19.408031818090336,4.516235714270849e-06,0.015971941683724615,0.00028276059377757974
bfo-08c53844fa5e7a0578ff0fbefe6e36589dc6b89b31ffbd3e992070e465e49792,380,1000000.0,43.094284542368314,14.748113279209244,19.41087171906872,4.603210166976899e-06,0.01598943222743186,0.00028789078320614285
bfo-08c53844fa5e7a0578ff0fbefe6e36589dc6b89b31ffbd3e992070e465e49792,381,14.74746557869374,43.07326293253492,14.74746557869374,19.40805803905428,4.537629365425339e-06,0.01598444965639481,0.00028387773510925947
bfo-08c53844fa5e7a0578ff0fbefe6e36589dc6b89b31ffbd3e992070e465e49792,382,14.745588314607133,43.05659495723695,14.745588314607133,19.40354922207422,4.584644083075872e-06,0.016001139383621105,0.0002865198516906084
bfo-08c53844fa5e7a0578ff0fbefe6e36589dc6b89b31ffbd3e992070e465e49792,383,14.746932700689017,42.994117483308024,14.746932700689017,19.40109206549474,4.381244091114564e-06,0.015932003670260216,0.0002749964274294575
bfo-08c53844fa5e7a0578ff0fbefe6e36589dc6b89b31ffbd3e992070e465e49792,384,14.742420438362878,42.95995185371795,14.742420438362878,19.3875961967049,4.31016687997729e-06,0.015920866304259,0.00027072439386192665
bfo-08c53844fa5e7a0578ff0fbefe6e36589dc6b89b31ffbd3e992070e465e49792,385,14.746482136387682,43.0726876148831,14.746482136387682,19.406530680158273,4.593994064898774e-06,0.015991898299533732,0.00028727009007008996
bfo-08c53844fa5e7a0578ff0fbefe6e36589dc6b89b31ffbd3e992070e465e49792,386,14.741343856732536,42.90344416572046,14.741343856732536,19.37983083596588,4.16933316118283e-06,0.015868818438404538,0.0002627374670247987
bfo-08c53844fa5e7a0578ff0fbefe6e36589dc6b89b31ffbd3e992070e465e49792,387,1000000.0,42.84707036310702,14.740347448850777,19.367117354341932,4.079953900560819e-06,0.015842140407503598,0.0002575380469818559
bfo-08c53844fa5e7a0578ff0fbefe6e36589dc6b89b31ffbd3e992070e465e49792,388,1000000.0000002107,42.90670727215246,14.741096895020513,19.380161536865405,4.181259464275768e-06,0.015886318053360597,0.0002631987758416597
bfo-08c53844fa5e7a0578ff0fbefe6e36589dc6b89b31ffbd3e992070e465e49792,389,1000000.0,42.85057558166083,14.740217303560812,19.37243022230455,3.949402210876398e-06,0.0158001822437499,0.000249959282111361
bfo-08c53844fa5e7a0578ff0fbefe6e36589dc6b89b31ffbd3e992070e465e49792,390,1000000.0000005314,42.918483745193214,14.741619699866106,19.381979913722766,4.1461993111345655e-06,0.015878865305625343,0.000261114332248017
bfo-08c53844fa5e7a0578ff0fbefe6e36589dc6b89b31ffbd3e992070e465e49792,391,1000000.0,42.92181553090778,14.740737877133473,19.378412345368375,4.289663991160116e-06,0.015928105780705814,0.00026931413252894847
bfo-08c53844fa5e7a0578ff0fbefe6e36589dc6b89b31ffbd3e992070e465e49792,392,1000000.0000375689,42.9359517336512,14.74195024474762,19.38306156576603,4.308081577863901e-06,0.015919278658874096,0.0002706204012241716
bfo-08c53844fa5e7a0578ff0fbefe6e36589dc6b89b31ffbd3e992070e465e49792,393,14.740282123932841,42.886002446234926,14.740282123932841,19.37562588943163,4.166268930432315e-06,0.015854564416211386,0.000262780409543909
bfo-08c53844fa5e7a0578ff0fbefe6e36589dc6b89b31ffbd3e992070e465e49792,394,1000000.0,42.975611435528265,14.741444999530549,19.386596870928944,4.4882270091629045e-06,0.0159434959204826,0.0002815083361608844
bfo-08c53844fa5e7a0578ff0fbefe6e36589dc6b89b31ffbd3e992070e465e49792,395,14.740866542262786,42.90688844262297,14.740866542262786,19.377529961614577,4.237579969179762e-06,0.015882544792473547,0.0002668073677454935
bfo-08c53844fa5e7a0578ff0fbefe6e36589dc6b89b31ffbd3e992070e465e49792,396,14.735572488218578,42.76841057871724,14.735572488218578,19.357679496655052,3.869826115817611e-06,0.01574847411902094,0.00024572705181282617
bfo-08c53844fa5e7a0578ff0fbefe6e36589dc6b89b31ffbd3e992070e465e49792,397,14.738475261985288,42.732692421568046,14.738475261985288,19.35903067728608,3.7362977735215974e-06,0.015662524007408214,0.00023855017056984983
bfo-08c53844fa5e7a0578ff0fbefe6e36589dc6b89b31ffbd3e992070e465e49792,398,14.73529699018196,42.774065421080806,14.73529699018196,19.359112573132606,3.913404490272926e-06,0.01576147037058398,0.0002482893028544221
bfo-08c53844fa5e7a0578ff0fbefe6e36589dc6b89b31ffbd3e992070e465e49792,399,14.733771608988189,42.81666950511416,14.733771608988189,19.357741597702574,4.0536621534819855e-06,0.01584214488141578,0.0002558783664601683
bfo-08c53844fa5e7a0578ff0fbefe6e36589dc6b89b31ffbd3e992070e465e49792,400,14.734046609206475,42.90815399449964,14.734046609206475,19.368548048176486,4.266140102121877e-06,0.015935677129528668,0.00026770999860537817
bfo-08c53844fa5e7a0578ff0fbefe6e36589dc6b89b31ffbd3e992070e465e49792,401,14.73360321189202,42.81187339117716,14.73360321189202,19.35755022718201,4.04474621724294e-06,0.015841440875215395,0.0002553269143320868
bfo-08c53844fa5e7a0578ff0fbefe6e36589dc6b89b31ffbd3e992070e465e49792,402,14.733624901671106,42.79785434504087,14.733624901671106,19.356619314496722,3.969826341723738e-06,0.015810900761364956,0.00025108160513057467
bfo-08c53844fa5e7a0578ff0fbefe6e36589dc6b89b31ffbd3e992070e465e49792,403,14.733227160265079,42.79455262960498,14.733227160265079,19.357261981210748,3.967022478142804e-06,0.015816678974808075,0.00025081260639235684
bfo-08c53844fa5e7a0578ff0fbefe6e36589dc6b89b31ffbd3e992070e465e49792,404,14.736185277365825,42.93818563372714,14.736185277365825,19.376418717911314,4.385246037844091e-06,0.015949288675379113,0.000274949317621518
bfo-08c53844fa5e7a0578ff0fbefe6e36589dc6b89b31ffbd3e992070e465e49792,405,14.73337592385856,42.76938351769623,14.73337592385856,19.355177350189145,3.895324228385589e-06,0.015793779013758526,0.0002466366171764359
bfo-08c53844fa5e7a0578ff0fbefe6e36589dc6b89b31ffbd3e992070e465e49792,406,14.739276369807305,42.779042728338865,14.739276369807305,19.370861190588435,3.848861557837826e-06,0.015741776280542776,0.00024449982576585805
bfo-08c53844fa5e7a0578ff0fbefe6e36589dc6b89b31ffbd3e992070e465e49792,407,14.73269597405953,42.74206741327325,14.73269597405953,19.3513438986314,3.807498243489025e-06,0.015757539351173733,0.00024163025448547686
bfo-08c53844fa5e7a0578ff0fbefe6e36589dc6b89b31ffbd3e992070e465e49792,408,14.733160279502235,42.79038231969201,14.733160279502235,19.357490050774217,3.946427458173591e-06,0.015791092500466782,0.0002499147831637954
bfo-08c53844fa5e7a0578ff0fbefe6e36589dc6b89b31ffbd3e992070e465e49792,409,14.733815515271246,42.81505410215969,14.733815515271246,19.36289399975602,3.9832270993734665e-06,0.01581452923679468,0.00025187136712902843
bfo-08c53844fa5e7a0578ff0fbefe6e36589dc6b89b31ffbd3e992070e465e49792,410,14.73505420682167,42.63980043298759,14.73505420682167,19.345820735581277,3.454150885575659e-06,0.015618174909352727,0.00022116226163578108
bfo-08c53844fa5e7a0578ff0fbefe6e36589dc6b89b31ffbd3e992070e465e49792,411,14.733270068415397,42.732897655719356,14.733270068415397,19.349965653495044,3.782946590684914e-06,0.01574780585081114,0.00024022055050228227
bfo-08c53844fa5e7a0578ff0fbefe6e36589dc6b89b31ffbd3e992070e465e49792,412,14.733124685570946,42.79275739584561,14.733124685570946,19.356484378321287,3.9572416812474275e-06,0.015813665247616567,0.0002502419027646903
bfo-08c53844fa5e7a0578ff0fbefe6e36589dc6b89b31ffbd3e992070e465e49792,413,14.733281776773453,42.78598023739907,14.733281776773453,19.355952004765573,3.956384967199935e-06,0.01580134319580188,0.0002503828262049945
bfo-08c53844fa5e7a0578ff0fbefe6e36589dc6b89b31ffbd3e992070e465e49792,414,1000000.0,42.74436966986377,14.732158468341469,19.354220926358543,3.7848126411076e-06,0.015735573558354518,0.0002405258776918317
bfo-08c53844fa5e7a0578ff0fbefe6e36589dc6b89b31ffbd3e992070e465e49792,415,1000000.0000140088,42.755743430815336,14.733835184890289,19.355355330985386,3.821794961969336e-06,0.015761929263057976,0.00024246999832226558
bfo-08c53844fa5e7a0578ff0fbefe6e36589dc6b89b31ffbd3e992070e465e49792,416,14.732212937803272,42.63896961842059,14.732212937803272,19.34015105836717,3.5419749288545485e-06,0.01566522023177826,0.00022610438132681624
bfo-08c53844fa5e7a0578ff0fbefe6e36589dc6b89b31ffbd3e992070e465e49792,417,14.729215449417744,42.625078354826634,14.729215449417744,19.33071290347395,3.520704591196481e-06,0.015659756030625086,0.00022482499627141035
bfo-08c53844fa5e7a0578ff0fbefe6e36589dc6b89b31ffbd3e992070e465e49792,418,14.731136833293052,42.73620114978671,14.731136833293052,19.344928820782258,3.825626954025356e-06,0.015761370624560216,0.00024272171787294048
bfo-08c53844fa5e7a0578ff0fbefe6e36589dc6b89b31ffbd3e992070e465e49792,419,14.728835490750393,42.6159264426645,14.728835490750393,19.329346890201354,3.496938545394843e-06,0.015659308296517318,0.0002233137300306281
bfo-08c53844fa5e7a0578ff0fbefe6e36589dc6b89b31ffbd3e992070e465e49792,420,14.729280924489895,42.575135294699486,14.729280924489895,19.324384181765076,3.433193656751513e-06,0.015622238498334289,0.00021976323413047208
bfo-08c53844fa5e7a0578ff0fbefe6e36589dc6b89b31ffbd3e992070e465e49792,421,14.724917994944663,42.615940896573,14.724917994944663,19.32048531249108,3.538417084490668e-06,0.015689976228530952,0.00022552086969107975
bfo-08c53844fa5e7a0578ff0fbefe6e36589dc6b89b31ffbd3e992070e465e49792,422,14.726872127121608,42.5647128415781,14.726872127121608,19.318769610724424,3.3712397651973826e-06,0.01562124774960907,0.00021581117073581714
bfo-08c53844fa5e7a0578ff0fbefe6e36589dc6b89b31ffbd3e992070e465e49792,423,14.74021092196519,42.64688793915573,14.74021092196519,19.361144852148637,3.4803036912809455e-06,0.01558220771934247,0.00022335112931146355
bfo-08c53844fa5e7a0578ff0fbefe6e36589dc6b89b31ffbd3e992070e465e49792,424,14.723507940345911,42.56535003164759,14.723507940345911,19.31544401585275,3.390759530865032e-06,0.01561898612091066,0.00021709216620184404
bfo-08c53844fa5e7a0578ff0fbefe6e36589dc6b89b31ffbd3e992070e465e49792,425,14.725160858725141,42.59582968888423,14.725160858725141,19.323246752022943,3.4838757448520774e-06,0.015636353779192938,0.00022280614739531018
bfo-08c53844fa5e7a0578ff0fbefe6e36589dc6b89b31ffbd3e992070e465e49792,426,14.722537001365698,42.54716490050606,14.722537001365698,19.31110196896871,3.3714086118771895e-06,0.015602790088546563,0.00021607729083992594
bfo-08c53844fa5e7a0578ff0fbefe6e36589dc6b89b31ffbd3e992070e465e49792,427,1000000.0,42.59899767555466,14.723910139054565,19.314853568902812,3.4646510061198505e-06,0.015648424158301734,0.0002214057448258647
bfo-08c53844fa5e7a0578ff0fbefe6e36589dc6b89b31ffbd3e992070e465e49792,428,14.723873804532804,42.54747437813275,14.723873804532804,19.314296385021137,3.300336268067098e-06,0.01559217577868708,0.0002116661789163718
bfo-08c53844fa5e7a0578ff0fbefe6e36589dc6b89b31ffbd3e992070e465e49792,429,14.721842356160018,42.616124209929254,14.721842356160018,19.31713389105738,3.619197614013276e-06,0.015675428561516287,0.00023088348747915766
bfo-08c53844fa5e7a0578ff0fbefe6e36589dc6b89b31ffbd3e992070e465e49792,430,14.721873713241962,42.59911805825344,14.721873713241962,19.315052888604338,3.6292436609778118e-06,0.01566549771136857,0.00023167113664981372
bfo-08c53844fa5e7a0578ff0fbefe6e36589dc6b89b31ffbd3e992070e465e49792,431,14.723540061880524,42.63312928887893,14.723540061880524,19.322779622028914,3.606534131215446e-06,0.01566851166483839,0.0002301771992364053
bfo-08c53844fa5e7a0578ff0fbefe6e36589dc6b89b31ffbd3e992070e465e49792,432,14.721386969709116,42.615680883868365,14.721386969709116,19.3175033090742,3.6342259473548976e-06,0.01567767959414012,0.0002318089182479064
bfo-08c53844fa5e7a0578ff0fbefe6e36589dc6b89b31ffbd3e992070e465e49792,433,14.72158735631202,42.4583475058528,14.72158735631202,19.302977766204776,3.2848137769117525e-06,0.015527108184641028,0.0002115534803937926
bfo-08c53844fa5e7a0578ff0fbefe6e36589dc6b89b31ffbd3e992070e465e49792,434,14.721447953043027,42.58065854894473,14.721447953043027,19.315016830394484,3.5394637307012057e-06,0.015640357427757372,0.00022630325087197957
bfo-08c53844fa5e7a0578ff0fbefe6e36589dc6b89b31ffbd3e992070e465e49792,435,14.71963724131883,42.61218261587678,14.71963724131883,19.31571656323651,3.5858233931365914e-06,0.01567270427076206,0.0002287941717771107
bfo-08c53844fa5e7a0578ff0fbefe6e36589dc6b89b31ffbd3e992070e465e49792,436,14.720422773869362,42.619738953945635,14.720422773869362,19.31409531717505,3.6145040939271637e-06,0.01568021662699613,0.00023051365806414864
bfo-08c53844fa5e7a0578ff0fbefe6e36589dc6b89b31ffbd3e992070e465e49792,437,14.719598178012935,42.62032872084169,14.719598178012935,19.315935720415712,3.5904818614258407e-06,0.01568407564141418,0.00022892530892576712
bfo-08c53844fa5e7a0578ff0fbefe6e36589dc6b89b31ffbd3e992070e465e49792,438,14.718806248392289,42.591388893704604,14.718806248392289,19.312821437531028,3.4950454832252035e-06,0.01564227624387666,0.0002234358624495829
bfo-08c53844fa5e7a0578ff0fbefe6e36589dc6b89b31ffbd3e992070e465e49792,439,14.718127565381542,42.58731680492261,14.718127565381542,19.309995353684172,3.499430450637109e-06,0.01564233584944156,0.00022371533793413858
bfo-08c53844fa5e7a0578ff0fbefe6e36589dc6b89b31ffbd3e992070e465e49792,440,14.743326981441502,42.59815901759881,14.743326981441502,19.372462723059453,3.2839014638855123e-06,0.015421586938948453,0.00021294186369314277
bfo-08c53844fa5e7a0578ff0fbefe6e36589dc6b89b31ffbd3e992070e465e49792,441,14.719349599198996,42.58780584242858,14.719349599198996,19.312123000304315,3.453183804892106e-06,0.015626057405382546,0.0002209888083287486
bfo-08c53844fa5e7a0578ff0fbefe6e36589dc6b89b31ffbd3e992070e465e49792,442,14.72000750802483,42.58302126360397,14.72000750802483,19.311854015477252,3.5504559382873718e-06,0.01563870862960343,0.00022702999476353856
bfo-08c53844fa5e7a0578ff0fbefe6e36589dc6b89b31ffbd3e992070e465e49792,443,14.71784648673565,42.61420715919657,14.71784648673565,19.31193233608952,3.606259289190385e-06,0.015688622781958435,0.0002298646184123633
bfo-08c53844fa5e7a0578ff0fbefe6e36589dc6b89b31ffbd3e992070e465e49792,444,14.714302159964321,42.54503835325427,14.714302159964321,19.301291853698913,3.4574431873453758e-06,0.015623216438952514,0.00022130162510743443
bfo-08c53844fa5e7a0578ff0fbefe6e36589dc6b89b31ffbd3e992070e465e49792,445,14.710122555966398,42.59718975248727,14.710122555966398,19.297983873387558,3.650314774540677e-06,0.015748025736377565,0.00023179507296006868
bfo-08c53844fa5e7a0578ff0fbefe6e36589dc6b89b31ffbd3e992070e465e49792,446,14.709483923998542,42.627468424201346,14.709483923998542,19.30143483795438,3.7190474668772745e-06,0.015790762200669002,0.00023552045301016
bfo-08c53844fa5e7a0578ff0fbefe6e36589dc6b89b31ffbd3e992070e465e49792,447,14.710509679159983,42.623035317811095,14.710509679159983,19.306813569316635,3.618792364851751e-06,0.015753793251689133,0.00022970927109658122
bfo-08c53844fa5e7a0578ff0fbefe6e36589dc6b89b31ffbd3e992070e465e49792,448,14.709601173655734,42.653821655737524,14.709601173655734,19.306906679345772,3.7618526424036653e-06,0.01581272465227526,0.00023790034450909005
bfo-08c53844fa5e7a0578ff0fbefe6e36589dc6b89b31ffbd3e992070e465e49792,449,14.709299606581476,42.57552921220521,14.709299606581476,19.295964515836936,3.6060576885459046e-06,0.01574238928668776,0.00022906673331952833
bfo-08c53844fa5e7a0578ff0fbefe6e36589dc6b89b31ffbd3e992070e465e49792,450,14.710400219911916,42.55841135772094,14.710400219911916,19.298694006995394,3.4103108438619617e-06,0.015675588010907494,0.00021755552911246302
bfo-08c53844fa5e7a0578ff0fbefe6e36589dc6b89b31ffbd3e992070e465e49792,451,14.709653406281786,42.581597007315395,14.709653406281786,19.297693630128123,3.614886335643188e-06,0.01573997674126707,0.0002296627495112924
bfo-08c53844fa5e7a0578ff0fbefe6e36589dc6b89b31ffbd3e992070e465e49792,452,14.676389492987104,42.50008809164354,14.676389492987104,19.208983928738203,3.7444228451367313e-06,0.015966762690315276,0.00023451359037282685
bfo-08c53844fa5e7a0578ff0fbefe6e36589dc6b89b31ffbd3e992070e465e49792,453,14.613870336523313,42.36835646205097,14.613870336523313,19.053552993130328,4.050614447974019e-06,0.016414880480693554,0.00024676478471702363
bfo-08c53844fa5e7a0578ff0fbefe6e36589dc6b89b31ffbd3e992070e465e49792,454,14.503206983885356,42.15079267365866,14.503206983885356,18.787205692195865,4.740931571053041e-06,0.01727473994419538,0.0002744430067467429
bfo-08c53844fa5e7a0578ff0fbefe6e36589dc6b89b31ffbd3e992070e465e49792,455,14.443674320341296,42.0938114983445,14.443674320341296,18.580111933814305,5.543942453194137e-06,0.01815799909048187,0.00030531681522663926
bfo-08c53844fa5e7a0578ff0fbefe6e36589dc6b89b31ffbd3e992070e465e49792,456,1000000.0,42.02782152377256,14.358070458093298,18.30718792872664,7.71730354793494e-06,0.019498447253028593,0.00039579067234372993
bfo-08c53844fa5e7a0578ff0fbefe6e36589dc6b89b31ffbd3e992070e465e49792,457,1000000.0,42.17816314519543,14.441531147409583,18.576985179742195,5.376254351856383e-06,0.01817898364779989,0.00029574009504690016
bfo-08c53844fa5e7a0578ff0fbefe6e36589dc6b89b31ffbd3e992070e465e49792,458,14.442230717025621,42.08403433271643,14.442230717025621,18.574793598768085,5.539401494432454e-06,0.018162236300239953,0.0003049955634791113
bfo-08c53844fa5e7a0578ff0fbefe6e36589dc6b89b31ffbd3e992070e465e49792,459,14.435749610064734,41.902232616303685,14.435749610064734,18.534429070479312,5.071101540502181e-06,0.01805275540061195,0.00028090457262442504
bfo-08c53844fa5e7a0578ff0fbefe6e36589dc6b89b31ffbd3e992070e465e49792,460,14.437036242160536,41.89076485875086,14.437036242160536,18.537305466475374,5.121760713097768e-06,0.0180399001881346,0.0002839129185685023
bfo-08c53844fa5e7a0578ff0fbefe6e36589dc6b89b31ffbd3e992070e465e49792,461,14.433435537620957,41.80608928230608,14.433435537620957,18.516561082268225,4.82909579444742e-06,0.017972651595135357,0.000268691337440409
bfo-08c53844fa5e7a0578ff0fbefe6e36589dc6b89b31ffbd3e992070e465e49792,462,14.433661887355846,41.83033773758854,14.433661887355846,18.519174307700073,4.995949894929372e-06,0.01798778758073993,0.00027774121039091473
bfo-08c53844fa5e7a0578ff0fbefe6e36589dc6b89b31ffbd3e992070e465e49792,463,14.431163937349133,41.7249887706394,14.431163937349133,18.50049998069878,4.595378510445173e-06,0.01790443632547621,0.00025666144562766334
bfo-08c53844fa5e7a0578ff0fbefe6e36589dc6b89b31ffbd3e992070e465e49792,464,14.431005347005538,41.7739645191073,14.431005347005538,18.510051553997606,4.7837959523573916e-06,0.017949359893978577,0.00026651624239604216
bfo-08c53844fa5e7a0578ff0fbefe6e36589dc6b89b31ffbd3e992070e465e49792,465,14.43224600985979,41.812359338401315,14.43224600985979,18.519148021334836,4.859404047417133e-06,0.017994072079145846,0.000270055828722
bfo-08c53844fa5e7a0578ff0fbefe6e36589dc6b89b31ffbd3e992070e465e49792,466,14.432157615081382,41.837102257742316,14.432157615081382,18.521137368284798,4.9474500953620824e-06,0.01801052110141213,0.00027469777623336916
bfo-08c53844fa5e7a0578ff0fbefe6e36589dc6b89b31ffbd3e992070e465e49792,467,14.430578038002128,41.73902001787366,14.430578038002128,18.505250290352823,4.7074974588174776e-06,0.017926887860822305,0.0002625942380721483
bfo-08c53844fa5e7a0578ff0fbefe6e36589dc6b89b31ffbd3e992070e465e49792,468,14.432282142889697,41.744121747841454,14.432282142889697,18.506417075414237,4.792462762369588e-06,0.017938740709831043,0.00026715714552600424
bfo-08c53844fa5e7a0578ff0fbefe6e36589dc6b89b31ffbd3e992070e465e49792,469,14.43016292633396,41.73248746771343,14.43016292633396,18.503917552036707,4.6983207516054405e-06,0.017921628100392318,0.000262159259487289
bfo-08c53844fa5e7a0578ff0fbefe6e36589dc6b89b31ffbd3e992070e465e49792,470,1000000.0,41.84985602041495,14.433567956803998,18.531050487267517,5.030363904438069e-06,0.018025228713520695,0.0002790735132622645
bfo-08c53844fa5e7a0578ff0fbefe6e36589dc6b89b31ffbd3e992070e465e49792,471,14.431518789430923,41.7865194327224,14.431518789430923,18.515043216198368,4.8194918962540815e-06,0.017955306738760533,0.00026841601574258454
bfo-08c53844fa5e7a0578ff0fbefe6e36589dc6b89b31ffbd3e992070e465e49792,472,1000000.0,41.7926364583776,14.430612292954097,18.517266281392395,4.827752043581885e-06,0.017963584924242736,0.00026875214852390615
bfo-08c53844fa5e7a0578ff0fbefe6e36589dc6b89b31ffbd3e992070e465e49792,473,14.43055545772327,41.74632347514847,14.43055545772327,18.50726810151796,4.7319292873547895e-06,0.01793789162810921,0.000263795176459853
bfo-08c53844fa5e7a0578ff0fbefe6e36589dc6b89b31ffbd3e992070e465e49792,474,14.430647120685535,41.65346207235791,14.430647120685535,18.493969042610516,4.426504144709381e-06,0.017820512270577935,0.0002483937654260163
bfo-08c53844fa5e7a0578ff0fbefe6e36589dc6b89b31ffbd3e992070e465e49792,475,14.429826728722421,41.722090740418075,14.429826728722421,18.50295514585033,4.6877191595618545e-06,0.017913291733081607,0.00026168943315453005
bfo-08c53844fa5e7a0578ff0fbefe6e36589dc6b89b31ffbd3e992070e465e49792,476,1000000.0,41.55589416292072,14.42631602435628,18.47100644907903,4.221218601769641e-06,0.017773692287124665,0.00023749812552046424
bfo-08c53844fa5e7a0578ff0fbefe6e36589dc6b89b31ffbd3e992070e465e49792,477,1000000.0000148017,41.787425818515274,14.431178662151451,18.514951437247483,4.859409782830422e-06,0.01795775331914093,0.00027060232404745434
bfo-08c53844fa5e7a0578ff0fbefe6e36589dc6b89b31ffbd3e992070e465e49792,478,14.432706277208194,41.79464762952715,14.432706277208194,18.517527227752755,4.8872652051181125e-06,0.017968669206575874,0.00027198815610282107
bfo-08c53844fa5e7a0578ff0fbefe6e36589dc6b89b31ffbd3e992070e465e49792,479,14.429948070665679,41.73371211766784,14.429948070665679,18.505682313844634,4.72213795637749e-06,0.017933355127716443,0.0002633159229127911
bfo-08c53844fa5e7a0578ff0fbefe6e36589dc6b89b31ffbd3e992070e465e49792,480,1000000.0,41.63012691930761,14.427644797742815,18.48594316360434,4.454578787016446e-06,0.017841119935125795,0.00024968044625081083
bfo-08c53844fa5e7a0578ff0fbefe6e36589dc6b89b31ffbd3e992070e465e49792,481,1000000.0000049575,41.71213134055492,14.429272993659712,18.500906856872053,4.623071617486775e-06,0.0178937557624306,0.00025836228452348115
bfo-08c53844fa5e7a0578ff0fbefe6e36589dc6b89b31ffbd3e992070e465e49792,482,1000000.0,41.679142657036806,14.42984843053738,18.49327414316553,4.491299410034279e-06,0.01786038665889043,0.0002514670872368056
bfo-08c53844fa5e7a0578ff0fbefe6e36589dc6b89b31ffbd3e992070e465e49792,483,1000000.0000069474,41.720014381259844,14.429549754744272,18.50319584659024,4.683919729019172e-06,0.017903576269347708,0.00026161922392222835
bfo-08c53844fa5e7a0578ff0fbefe6e36589dc6b89b31ffbd3e992070e465e49792,484,1000000.0,41.708052053260985,14.430120085750026,18.500049782771605,4.661494164119289e-06,0.017918437342616788,0.0002601507081776881
bfo-08c53844fa5e7a0578ff0fbefe6e36589dc6b89b31ffbd3e992070e465e49792,485,14.429323074497407,41.70907880042663,14.429323074497407,18.500285326262755,4.633146966825976e-06,0.017910465558831752,0.0002586837819266705
bfo-08c53844fa5e7a0578ff0fbefe6e36589dc6b89b31ffbd3e992070e465e49792,486,1000000.0,41.626150402398466,14.42757794226803,18.482826338754816,4.330956700328771e-06,0.017854697465551152,0.0002425667927829591
bfo-08c53844fa5e7a0578ff0fbefe6e36589dc6b89b31ffbd3e992070e465e49792,487,1000000.0000014397,41.69264834728608,14.428902634767896,18.497348066801333,4.632973095566801e-06,0.017904987570156815,0.00025875321484661746
bfo-08c53844fa5e7a0578ff0fbefe6e36589dc6b89b31ffbd3e992070e465e49792,488,14.430705634390005,41.72738446544409,14.430705634390005,18.50302241562183,4.688731844412901e-06,0.017919286545935838,0.00026165839986951506
bfo-08c53844fa5e7a0578ff0fbefe6e36589dc6b89b31ffbd3e992070e465e49792,489,14.42891422894144,41.70350607637104,14.42891422894144,18.49888463740843,4.64407947321495e-06,0.0179107105418421,0.000259290632963203
bfo-08c53844fa5e7a0578ff0fbefe6e36589dc6b89b31ffbd3e992070e465e49792,490,1000000.0,41.74735011356961,14.429879638140683,18.508719180729255,4.710881440259902e-06,0.01794276148267585,0.000262550524611742
bfo-08c53844fa5e7a0578ff0fbefe6e36589dc6b89b31ffbd3e992070e465e49792,491,14.431571077026476,41.791535047264546,14.431571077026476,18.5160749616131,4.849033166320127e-06,0.01796899093583674,0.0002698556186952814
bfo-08c53844fa5e7a0578ff0fbefe6e36589dc6b89b31ffbd3e992070e465e49792,492,1000000.0,41.57670413178815,14.425834144018012,18.47484456547968,4.40224419507741e-06,0.017830249275355998,0.00024689751259742354
bfo-08c53844fa5e7a0578ff0fbefe6e36589dc6b89b31ffbd3e992070e465e49792,493,1000000.0000405385,41.70549579593843,14.428761693992834,18.49938890917624,4.6583634845367235e-06,0.01791567434430667,0.0002600160839615329
bfo-08c53844fa5e7a0578ff0fbefe6e36589dc6b89b31ffbd3e992070e465e49792,494,14.429986932609694,41.74267994578101,14.429986932609694,18.50601943720201,4.7277783745714995e-06,0.017948548726272193,0.00026340727858688724
bfo-08c53844fa5e7a0578ff0fbefe6e36589dc6b89b31ffbd3e992070e465e49792,495,14.429709687775162,41.722819561865265,14.429709687775162,18.502738334198085,4.722690002725881e-06,0.017931625148083483,0.00026337211288574356
bfo-08c53844fa5e7a0578ff0fbefe6e36589dc6b89b31ffbd3e992070e465e49792,496,14.429585547934549,41.72326847994612,14.429585547934549,18.501417328352762,4.757172431275341e-06,0.017937962925302437,0.0002652013749323286
bfo-08c53844fa5e7a0578ff0fbefe6e36589dc6b89b31ffbd3e992070e465e49792,497,14.427643772085174,41.66120040557304,14.427643772085174,18.492096383780538,4.549618375993155e-06,0.017866921126268896,0.00025463919294433247
bfo-08c53844fa5e7a0578ff0fbefe6e36589dc6b89b31ffbd3e992070e465e49792,498,14.432119765169885,41.710439403620676,14.432119765169885,18.511073529141296,4.688565230545825e-06,0.017857789293874098,0.0002625501484752193
bfo-08c53844fa5e7a0578ff0fbefe6e36589dc6b89b31ffbd3e992070e465e49792,499,1000000.000024571,41.635955909695554,14.42627250165606,18.48183805241015,4.520074735111484e-06,0.017860932568257958,0.00025307047758214244
bfo-08c53844fa5e7a0578ff0fbefe6e36589dc6b89b31ffbd3e992070e465e49792,500,14.431369249383144,41.63757960361798,14.431369249383144,18.49945439532136,4.478654553551209e-06,0.017775216760408257,0.00025196061538483003
bfo-08c53844fa5e7a0578ff0fbefe6e36589dc6b89b31ffbd3e992070e465e49792,501,1000000.0000076863,41.67692325259101,14.435684932074494,18.51900810130183,4.438717199395103e-06,0.01776586745629025,0.0002498452276713071
bfo-08c53844fa5e7a0578ff0fbefe6e36589dc6b89b31ffbd3e992070e465e49792,502,14.422564952832516,41.69499091177306,14.422564952832516,18.479601214267284,4.679028909421682e-06,0.017979866384822397,0.0002602371346525388
bfo-08c53844fa5e7a0578ff0fbefe6e36589dc6b89b31ffbd3e992070e465e49792,503,14.42455419670384,41.793781474078855,14.42455419670384,18.50077016923884,4.917762466487482e-06,0.018067262713515976,0.0002721918945036728
bfo-08c53844fa5e7a0578ff0fbefe6e36589dc6b89b31ffbd3e992070e465e49792,504,14.422998556391628,41.69100388052345,14.422998556391628,18.4807305849822,4.704427484038685e-06,0.01797986090838974,0.0002616498263256036
bfo-08c53844fa5e7a0578ff0fbefe6e36589dc6b89b31ffbd3e992070e465e49792,505,14.42029000606688,41.70296552124371,14.42029000606688,18.472175273823474,4.786543802480851e-06,0.01802708572737208,0.00026551955623160036
bfo-08c53844fa5e7a0578ff0fbefe6e36589dc6b89b31ffbd3e992070e465e49792,506,14.420848315107273,41.78390610823047,14.420848315107273,18.48321908520604,5.084413284835988e-06,0.018118674930830553,0.0002806172804714545
bfo-08c53844fa5e7a0578ff0fbefe6e36589dc6b89b31ffbd3e992070e465e49792,507,14.420043329544114,41.70455478715205,14.420043329544114,18.471330737522035,4.791060256176516e-06,0.018028647065015394,0.0002657470767994329
bfo-08c53844fa5e7a0578ff0fbefe6e36589dc6b89b31ffbd3e992070e465e49792,508,14.429349121420358,41.83913088301194,14.429349121420358,18.50870281901574,5.075180021383493e-06,0.018067664342689544,0.0002808985115686516
bfo-08c53844fa5e7a0578ff0fbefe6e36589dc6b89b31ffbd3e992070e465e49792,509,14.418862407395276,41.66295340678044,14.418862407395276,18.462508826677364,4.681266112278038e-06,0.017997888391028612,0.0002601008524206375
bfo-08c53844fa5e7a0578ff0fbefe6e36589dc6b89b31ffbd3e992070e465e49792,510,14.419981182983337,41.71395120276972,14.419981182983337,18.46758588426342,4.806983163859812e-06,0.01802867050809187,0.00026662993046005677
bfo-08c53844fa5e7a0578ff0fbefe6e36589dc6b89b31ffbd3e992070e465e49792,511,14.417890199925235,41.65872316217177,14.417890199925235,18.458912635429478,4.635473953062456e-06,0.017995687140558714,0.000257588049673025
bfo-08c53844fa5e7a0578ff0fbefe6e36589dc6b89b31ffbd3e992070e465e49792,512,14.414966688444103,41.53741508241697,14.414966688444103,18.43899354940817,4.4148495225701035e-06,0.017920231291903867,0.0002463611909163626
bfo-08c53844fa5e7a0578ff0fbefe6e36589dc6b89b31ffbd3e992070e465e49792,513,14.41440752270681,41.53054425544637,14.41440752270681,18.43635471685159,4.383267791935299e-06,0.017908034668140324,0.00024476542921448804
bfo-08c53844fa5e7a0578ff0fbefe6e36589dc6b89b31ffbd3e992070e465e49792,514,14.414917783769491,41.55638263524324,14.414917783769491,18.439766142804615,4.448711629329322e-06,0.017919641307979305,0.00024825896639730106
bfo-08c53844fa5e7a0578ff0fbefe6e36589dc6b89b31ffbd3e992070e465e49792,515,14.41444667792171,41.51750662914935,14.41444667792171,18.43530528755681,4.299722425172836e-06,0.01789567807308255,0.00024026596855473075
bfo-08c53844fa5e7a0578ff0fbefe6e36589dc6b89b31ffbd3e992070e465e49792,516,14.413454578721518,41.476832132944466,14.413454578721518,18.427124307766196,4.2877250908084995e-06,0.01788166404360032,0.00023978333785680512
bfo-08c53844fa5e7a0578ff0fbefe6e36589dc6b89b31ffbd3e992070e465e49792,517,14.414376101452568,41.516999677451295,14.414376101452568,18.43275186333661,4.431930774795791e-06,0.017920489410768268,0.0002473108112846897
bfo-08c53844fa5e7a0578ff0fbefe6e36589dc6b89b31ffbd3e992070e465e49792,518,14.414827246232864,41.56726304539182,14.414827246232864,18.44023694483348,4.5125542626402215e-06,0.017966012459815644,0.00025117172064382094
bfo-08c53844fa5e7a0578ff0fbefe6e36589dc6b89b31ffbd3e992070e465e49792,519,14.427720207930085,41.508679525722684,14.427720207930085,18.47277556208913,4.097525765690444e-06,0.01770199034426167,0.00023147260200707942
bfo-08c53844fa5e7a0578ff0fbefe6e36589dc6b89b31ffbd3e992070e465e49792,520,14.41213655034844,41.42607941887295,14.41213655034844,18.416464049336607,4.161375033016436e-06,0.01783217541228889,0.0002333632850060829
bfo-08c53844fa5e7a0578ff0fbefe6e36589dc6b89b31ffbd3e992070e465e49792,521,14.410597345149913,41.402261486751954,14.410597345149913,18.406605386664374,4.158993421500971e-06,0.017832594892740944,0.00023322424170550517
bfo-08c53844fa5e7a0578ff0fbefe6e36589dc6b89b31ffbd3e992070e465e49792,522,14.41145323832321,41.44673935389631,14.41145323832321,18.413403441186905,4.2802880687636195e-06,0.017872855445507936,0.00023948540745566223
bfo-08c53844fa5e7a0578ff0fbefe6e36589dc6b89b31ffbd3e992070e465e49792,523,14.41046278893709,41.37380496230756,14.41046278893709,18.40177095392414,4.097241689639477e-06,0.01780831071680917,0.00023007469685331315
bfo-08c53844fa5e7a0578ff0fbefe6e36589dc6b89b31ffbd3e992070e465e49792,524,14.409844151201538,41.319529200148914,14.409844151201538,18.39483153346978,3.9241388938068325e-06,0.017743257890237417,0.0002211622531827116
bfo-08c53844fa5e7a0578ff0fbefe6e36589dc6b89b31ffbd3e992070e465e49792,525,14.409916090933905,41.32641266362349,14.409916090933905,18.39674835393987,4.0030984102815485e-06,0.017766203033950868,0.00022532098741817288
bfo-08c53844fa5e7a0578ff0fbefe6e36589dc6b89b31ffbd3e992070e465e49792,526,14.41014828933656,41.361738241398626,14.41014828933656,18.400119347903782,4.027483749101299e-06,0.01778262077914191,0.00022648426230993622
bfo-08c53844fa5e7a0578ff0fbefe6e36589dc6b89b31ffbd3e992070e465e49792,527,14.408694425903263,41.36848283912672,14.408694425903263,18.397699571162487,4.1250892113899516e-06,0.017822245091117066,0.00023145732708198318
bfo-08c53844fa5e7a0578ff0fbefe6e36589dc6b89b31ffbd3e992070e465e49792,528,14.409845825931965,41.445118859751844,14.409845825931965,18.410310748865587,4.282687330037745e-06,0.017889351517214443,0.0002393986906633608
bfo-08c53844fa5e7a0578ff0fbefe6e36589dc6b89b31ffbd3e992070e465e49792,529,14.409609285163345,41.43389581855588,14.409609285163345,18.407791975587624,4.313000801972939e-06,0.017881242222359678,0.0002412025265548793
bfo-08c53844fa5e7a0578ff0fbefe6e36589dc6b89b31ffbd3e992070e465e49792,530,14.406651328165236,41.24301144856436,14.406651328165236,18.378805703408954,3.888861170285003e-06,0.017740395398642334,0.00021920938529829028
bfo-08c53844fa5e7a0578ff0fbefe6e36589dc6b89b31ffbd3e992070e465e49792,531,14.40607564211541,41.20378302709832,14.40607564211541,18.373765303734533,3.748704488628571e-06,0.017686752258033376,0.0002119498500311666
bfo-08c53844fa5e7a0578ff0fbefe6e36589dc6b89b31ffbd3e992070e465e49792,532,14.406788113356228,41.32272562977542,14.406788113356228,18.389487439096953,4.080546790708048e-06,0.017792869510210536,0.00022933607130465404
bfo-08c53844fa5e7a0578ff0fbefe6e36589dc6b89b31ffbd3e992070e465e49792,533,14.405563620821948,41.22042910178454,14.405563620821948,18.37670730294087,3.828539802968037e-06,0.0177071945848612,0.00021621379855628028
bfo-08c53844fa5e7a0578ff0fbefe6e36589dc6b89b31ffbd3e992070e465e49792,534,14.405691548236385,41.25920804280925,14.405691548236385,18.383399568159472,3.958528996602348e-06,0.01771099692339693,0.0002235068423151818
bfo-08c53844fa5e7a0578ff0fbefe6e36589dc6b89b31ffbd3e992070e465e49792,535,14.405273389817337,41.197993474875375,14.405273389817337,18.37321629741299,3.7362342650553972e-06,0.017684790974763165,0.00021126821744102818
bfo-08c53844fa5e7a0578ff0fbefe6e36589dc6b89b31ffbd3e992070e465e49792,536,14.38765065870506,40.96350662261706,14.38765065870506,18.298442216394022,3.404871191663393e-06,0.017669795379108573,0.000192694432426142
bfo-08c53844fa5e7a0578ff0fbefe6e36589dc6b89b31ffbd3e992070e465e49792,537,14.357396977191838,40.737359679861044,14.357396977191838,18.18877742056653,3.3586607776091523e-06,0.017857787623619753,0.00018807821262062672
bfo-08c53844fa5e7a0578ff0fbefe6e36589dc6b89b31ffbd3e992070e465e49792,538,1000000.0,40.283399741654755,14.327624063533017,18.0508382367304,2.7761861399284133e-06,0.017771820706190898,0.00015621281498531638
bfo-08c53844fa5e7a0578ff0fbefe6e36589dc6b89b31ffbd3e992070e465e49792,539,14.358437277501114,40.725969496889775,14.358437277501114,18.18983751397837,3.322106555582858e-06,0.017821320069271996,0.0001864119236212431
bfo-08c53844fa5e7a0578ff0fbefe6e36589dc6b89b31ffbd3e992070e465e49792,540,14.363502407334598,40.79459189876606,14.363502407334598,18.213177690689776,3.3609308325048714e-06,0.017836652119328916,0.00018842834462543312
bfo-08c53844fa5e7a0578ff0fbefe6e36589dc6b89b31ffbd3e992070e465e49792,541,14.357794565458212,40.72383453615308,14.357794565458212,18.185962614757635,3.299171384967415e-06,0.01784761350192657,0.00018485224282850388
bfo-08c53844fa5e7a0578ff0fbefe6e36589dc6b89b31ffbd3e992070e465e49792,542,14.356016414594892,40.839014402720636,14.356016414594892,18.191551587965375,3.6619264436719605e-06,0.018012382144934665,0.00020330050818412963
bfo-08c53844fa5e7a0578ff0fbefe6e36589dc6b89b31ffbd3e992070e465e49792,543,14.359480709876912,40.93135936710012,14.359480709876912,18.214910277569064,3.906686776746768e-06,0.018078096184023038,0.0002161005637418501
bfo-08c53844fa5e7a0578ff0fbefe6e36589dc6b89b31ffbd3e992070e465e49792,544,14.35675431071771,40.80734588143231,14.35675431071771,18.189930320199743,3.6077969541349478e-06,0.017968961634243528,0.00020077937877387158
bfo-08c53844fa5e7a0578ff0fbefe6e36589dc6b89b31ffbd3e992070e465e49792,545,14.355011194459587,40.9299792378031,14.355011194459587,18.200548146185028,3.973478609016474e-06,0.018151241995399702,0.0002189094614034413
bfo-08c53844fa5e7a0578ff0fbefe6e36589dc6b89b31ffbd3e992070e465e49792,546,14.337006654126988,40.73577255159958,14.337006654126988,18.127610677832745,3.7639280221874106e-06,0.018196172597615395,0.0002068527324631265
bfo-08c53844fa5e7a0578ff0fbefe6e36589dc6b89b31ffbd3e992070e465e49792,547,14.303953974483587,40.33669438007657,14.303953974483587,17.98468431501074,3.310950449997051e-06,0.01824750178559858,0.0001814467804360015
bfo-08c53844fa5e7a0578ff0fbefe6e36589dc6b89b31ffbd3e992070e465e49792,548,14.245273882917614,39.68164194924687,14.245273882917614,17.742761861857563,2.837333846397306e-06,0.018396468796632714,0.00015423252569627118
bfo-08c53844fa5e7a0578ff0fbefe6e36589dc6b89b31ffbd3e992070e465e49792,549,14.181233213296363,38.29688339228558,14.181233213296363,17.47831824126783,2.0731903713958166e-06,0.018236393702060046,0.000113684229747772
bfo-08c53844fa5e7a0578ff0fbefe6e36589dc6b89b31ffbd3e992070e465e49792,550,14.151386249692916,37.7767591491902,14.151386249692916,17.396985718887038,2.378145947536919e-06,0.018091646402390634,0.0001314499462703776
bfo-08c53844fa5e7a0578ff0fbefe6e36589dc6b89b31ffbd3e992070e465e49792,551,14.137261117646403,37.74797718221121,14.137261117646403,17.372571594582116,2.892140592479868e-06,0.01814908158183228,0.00015935465271008415
bfo-08c53844fa5e7a0578ff0fbefe6e36589dc6b89b31ffbd3e992070e465e49792,552,14.122784099874421,37.73634266913571,14.122784099874421,17.34865083906358,3.0581739959014963e-06,0.01839152044073131,0.00016628173868260632
bfo-08c53844fa5e7a0578ff0fbefe6e36589dc6b89b31ffbd3e992070e465e49792,553,1000000.0,37.66161934575766,14.116212303961827,17.332154221487734,3.1644378877937673e-06,0.01845005534409473,0.0001715137341746025
bfo-08c53844fa5e7a0578ff0fbefe6e36589dc6b89b31ffbd3e992070e465e49792,554,14.121207090845628,37.75279051799152,14.121207090845628,17.3478792285063,3.0680690725616484e-06,0.018406490475772207,0.00016668408769178654
bfo-08c53844fa5e7a0578ff0fbefe6e36589dc6b89b31ffbd3e992070e465e49792,555,1000000.0,37.82988790383567,14.108079534625434,17.33448461264847,3.246991800521594e-06,0.018660568884925264,0.00017400283027516061
bfo-08c53844fa5e7a0578ff0fbefe6e36589dc6b89b31ffbd3e992070e465e49792,556,14.12180592480099,37.74475953699229,14.12180592480099,17.348950982837618,3.0309177846736802e-06,0.018393949219144397,0.00016477797935416204
bfo-08c53844fa5e7a0578ff0fbefe6e36589dc6b89b31ffbd3e992070e465e49792,557,1000000.0,37.74869907946357,14.122767443164346,17.351687911893894,3.0383274791638137e-06,0.01837038443619872,0.00016539269984882895
bfo-08c53844fa5e7a0578ff0fbefe6e36589dc6b89b31ffbd3e992070e465e49792,558,14.115678278305813,37.77552245523971,14.115678278305813,17.342221862012945,3.0866426094281575e-06,0.018508906426768786,0.00016676526091050165
bfo-08c53844fa5e7a0578ff0fbefe6e36589dc6b89b31ffbd3e992070e465e49792,559,14.123826974439224,37.723283187912614,14.123826974439224,17.350123310333746,3.0477239051831894e-06,0.018317684742906962,0.0001663815022454374
bfo-08c53844fa5e7a0578ff0fbefe6e36589dc6b89b31ffbd3e992070e465e49792,560,14.113298454016716,37.78946756592627,14.113298454016716,17.340795104499122,3.1102590481561423e-06,0.018553888621774817,0.00016763381044046727
bfo-08c53844fa5e7a0578ff0fbefe6e36589dc6b89b31ffbd3e992070e465e49792,561,14.10949622574987,37.78847726249778,14.10949622574987,17.335657667134537,3.041431981177104e-06,0.0186271659714503,0.00016327937303176884
bfo-08c53844fa5e7a0578ff0fbefe6e36589dc6b89b31ffbd3e992070e465e49792,562,1000000.0,37.84537716207137,14.099305883354015,17.325953906830605,3.1475269181471834e-06,0.018814911854610882,0.00016728895370167964
bfo-08c53844fa5e7a0578ff0fbefe6e36589dc6b89b31ffbd3e992070e465e49792,563,14.11302354399349,37.76687353238107,14.11302354399349,17.33895559453351,3.02009297107297e-06,0.018551918252408445,0.00016279141218622476
bfo-08c53844fa5e7a0578ff0fbefe6e36589dc6b89b31ffbd3e992070e465e49792,564,14.114019173790306,37.75777219309294,14.114019173790306,17.34044790422425,2.886702976891817e-06,0.018570388110783823,0.00015544656146499752
bfo-08c53844fa5e7a0578ff0fbefe6e36589dc6b89b31ffbd3e992070e465e49792,565,14.109427518733758,37.789244073168305,14.109427518733758,17.33586574035475,3.0222804231576007e-06,0.018627126514895412,0.00016225156471347295
bfo-08c53844fa5e7a0578ff0fbefe6e36589dc6b89b31ffbd3e992070e465e49792,566,14.126146919060922,37.719162868469624,14.126146919060922,17.35251888335952,2.895058053787362e-06,0.018356538833755428,0.0001577126319948565
bfo-08c53844fa5e7a0578ff0fbefe6e36589dc6b89b31ffbd3e992070e465e49792,567,14.109612494156059,37.78450677164119,14.109612494156059,17.336072442503475,2.993491178358346e-06,0.01860645266258842,0.0001608845722848231
bfo-08c53844fa5e7a0578ff0fbefe6e36589dc6b89b31ffbd3e992070e465e49792,568,1000000.0,37.69931646355191,14.120158690974392,17.344071161494718,2.898284432846518e-06,0.018384687123879417,0.00015764665524723606
bfo-08c53844fa5e7a0578ff0fbefe6e36589dc6b89b31ffbd3e992070e465e49792,569,14.113801642059203,37.76791096074906,14.113801642059203,17.339844114006333,2.9504984964036857e-06,0.018559387135432294,0.0001589760736641351
bfo-08c53844fa5e7a0578ff0fbefe6e36589dc6b89b31ffbd3e992070e465e49792,570,1000000.0000118496,37.78974857853171,14.108716544712134,17.334910729816503,3.0199309272309598e-06,0.018634718969040915,0.0001620593759556111
bfo-08c53844fa5e7a0578ff0fbefe6e36589dc6b89b31ffbd3e992070e465e49792,571,14.114294009436122,37.7616179903162,14.114294009436122,17.341198573008317,2.974483090936707e-06,0.018537407776307874,0.0001604584161296979
bfo-08c53844fa5e7a0578ff0fbefe6e36589dc6b89b31ffbd3e992070e465e49792,572,14.113569073056844,37.77490882940319,14.113569073056844,17.340521774466403,2.965344564527021e-06,0.01855982190017932,0.00015977225322934648
bfo-08c53844fa5e7a0578ff0fbefe6e36589dc6b89b31ffbd3e992070e465e49792,573,14.10215123092132,37.823577637770825,14.10215123092132,17.32880531651606,3.122515934633239e-06,0.0187527916297519,0.00016650939210988022
bfo-08c53844fa5e7a0578ff0fbefe6e36589dc6b89b31ffbd3e992070e465e49792,574,1000000.0,37.786656510925326,14.108306441390143,17.334790476784455,3.0280195695813473e-06,0.01862321992653419,0.00016259377172832788
bfo-08c53844fa5e7a0578ff0fbefe6e36589dc6b89b31ffbd3e992070e465e49792,575,1000000.0000025493,37.836411148110116,14.100184309782646,17.32572976649511,3.1557141458952622e-06,0.018791056785547034,0.00016793702354848134
bfo-08c53844fa5e7a0578ff0fbefe6e36589dc6b89b31ffbd3e992070e465e49792,576,1000000.0000340269,37.81425808027112,14.102775952460412,17.32940567098246,3.0995015256872085e-06,0.01872458469278843,0.00016553112266788742
bfo-08c53844fa5e7a0578ff0fbefe6e36589dc6b89b31ffbd3e992070e465e49792,577,1000000.0,37.86430807989841,14.095653932626467,17.322896167882043,3.231880908910126e-06,0.018860640961739544,0.00017135583649920905
bfo-08c53844fa5e7a0578ff0fbefe6e36589dc6b89b31ffbd3e992070e465e49792,578,14.106824757080139,37.79001688670502,14.106824757080139,17.332460905653704,3.018547446486631e-06,0.01868176723976414,0.00016157718955311963
bfo-08c53844fa5e7a0578ff0fbefe6e36589dc6b89b31ffbd3e992070e465e49792,579,1000000.0,37.76607288961107,14.108309271002822,17.33393206632274,2.9489099530011814e-06,0.018659277696275855,0.0001580398770521404
bfo-08c53844fa5e7a0578ff0fbefe6e36589dc6b89b31ffbd3e992070e465e49792,580,1000000.000022162,37.83240218082622,14.100579409442464,17.32688316175255,3.1424351049628986e-06,0.018777279964058927,0.00016735305171876582
bfo-08c53844fa5e7a0578ff0fbefe6e36589dc6b89b31ffbd3e992070e465e49792,581,1000000.000084525,37.78256635569496,14.108628935248436,17.334952003675284,3.0300810439320598e-06,0.018635740014207328,0.00016259515541760172
bfo-08c53844fa5e7a0578ff0fbefe6e36589dc6b89b31ffbd3e992070e465e49792,582,14.10385258918539,37.818278721769275,14.10385258918539,17.331318561166253,3.0875235132531215e-06,0.018718120069851255,0.00016494837631830924
bfo-08c53844fa5e7a0578ff0fbefe6e36589dc6b89b31ffbd3e992070e465e49792,583,1000000.0,37.78316189855815,14.112051910959869,17.338168457014106,3.137097904338959e-06,0.018571939325334397,0.00016891601083682056
bfo-08c53844fa5e7a0578ff0fbefe6e36589dc6b89b31ffbd3e992070e465e49792,584,1000000.0000190268,37.815118220474375,14.102840820813062,17.329489910360984,3.0912116872910446e-06,0.018732649583680587,0.00016501732301574842
bfo-08c53844fa5e7a0578ff0fbefe6e36589dc6b89b31ffbd3e992070e465e49792,585,14.099244171501427,37.86128735078708,14.099244171501427,17.327274590855552,3.1832947093311224e-06,0.01883463175773166,0.0001690128456068366
bfo-08c53844fa5e7a0578ff0fbefe6e36589dc6b89b31ffbd3e992070e465e49792,586,14.091505486434329,37.922733666494665,14.091505486434329,17.320799659989603,3.3377345381092126e-06,0.019000772020647635,0.00017566310118779304
bfo-08c53844fa5e7a0578ff0fbefe6e36589dc6b89b31ffbd3e992070e465e49792,587,1000000.0000250206,37.90590287725799,14.092982381040816,17.321124496866357,3.2952117166819004e-06,0.01897398448316402,0.00017366999111893472
bfo-08c53844fa5e7a0578ff0fbefe6e36589dc6b89b31ffbd3e992070e465e49792,588,14.090548109538235,37.92235289804406,14.090548109538235,17.319914818087607,3.3530329558457172e-06,0.019018754029782307,0.0001763013996918544
bfo-08c53844fa5e7a0578ff0fbefe6e36589dc6b89b31ffbd3e992070e465e49792,589,1000000.000082742,37.92658768288216,14.089827709956397,17.319505748622955,3.3697072932600868e-06,0.01902240718593778,0.00017714410486129883
bfo-08c53844fa5e7a0578ff0fbefe6e36589dc6b89b31ffbd3e992070e465e49792,590,1000000.0000383778,37.923846027408686,14.090978661698648,17.320520223780317,3.376414344712817e-06,0.019005714241888357,0.0001776525892024222
bfo-08c53844fa5e7a0578ff0fbefe6e36589dc6b89b31ffbd3e992070e465e49792,591,1000000.0000959447,37.943504800581366,14.088913557442375,17.31833100924171,3.4101550048390656e-06,0.019076934511354296,0.0001787580181086953
bfo-08c53844fa5e7a0578ff0fbefe6e36589dc6b89b31ffbd3e992070e465e49792,592,14.094712448584952,37.90961735358273,14.094712448584952,17.323361341489825,3.3085213929033457e-06,0.01894050299143675,0.0001746797006604931
bfo-08c53844fa5e7a0578ff0fbefe6e36589dc6b89b31ffbd3e992070e465e49792,593,1000000.0001103533,37.96150771423968,14.085789603078258,17.315791612675394,3.441194439084806e-06,0.019132350103884206,0.00017986261072998986
bfo-08c53844fa5e7a0578ff0fbefe6e36589dc6b89b31ffbd3e992070e465e49792,594,14.088303454142991,37.93562555560572,14.088303454142991,17.319520325316486,3.347633268885531e-06,0.019087052416474775,0.0001753876500069785
bfo-08c53844fa5e7a0578ff0fbefe6e36589dc6b89b31ffbd3e992070e465e49792,595,14.096381575582994,37.86668622440489,14.096381575582994,17.326112567250412,3.124324064594996e-06,0.018927061663593075,0.00016507179614703494
bfo-08c53844fa5e7a0578ff0fbefe6e36589dc6b89b31ffbd3e992070e465e49792,596,14.088384939690393,37.860240365418875,14.088384939690393,17.31313922283522,3.2975036174997487e-06,0.019039950538921307,0.00017318866510493395
bfo-08c53844fa5e7a0578ff0fbefe6e36589dc6b89b31ffbd3e992070e465e49792,597,14.10032565129867,37.921168522095044,14.10032565129867,17.336264182537924,3.1427211211075404e-06,0.018874803300297577,0.0001665035164132276
bfo-08c53844fa5e7a0578ff0fbefe6e36589dc6b89b31ffbd3e992070e465e49792,598,14.086495125669988,37.90600448844069,14.086495125669988,17.315932045733835,3.3659947395179184e-06,0.019079939127880016,0.00017641538146206424
bfo-08c53844fa5e7a0578ff0fbefe6e36589dc6b89b31ffbd3e992070e465e49792,599,14.086165448789497,37.896104731671514,14.086165448789497,17.313508394312137,3.410964818480929e-06,0.019076214321770552,0.00017880721829530909
bfo-08c53844fa5e7a0578ff0fbefe6e36589dc6b89b31ffbd3e992070e465e49792,600,14.084759660563218,37.94189642252344,14.084759660563218,17.314240767331892,3.4710071259991743e-06,0.01915426463413179,0.00018121328029550352
bfo-08c53844fa5e7a0578ff0fbefe6e36589dc6b89b31ffbd3e992070e465e49792,601,14.08003828932185,37.99268997045256,14.08003828932185,17.31162217562634,3.5658796868641344e-06,0.01927435844518517,0.0001850064009655745
bfo-08c53844fa5e7a0578ff0fbefe6e36589dc6b89b31ffbd3e992070e465e49792,602,14.085578970506475,37.95646537479404,14.085578970506475,17.316098402869272,3.4122856796679504e-06,0.01918839710505368,0.00017783067866410015
bfo-08c53844fa5e7a0578ff0fbefe6e36589dc6b89b31ffbd3e992070e465e49792,603,14.078165126956236,37.99290138483369,14.078165126956236,17.309356300636633,3.643489564493964e-06,0.019287805858346337,0.0001889011944257688
bfo-08c53844fa5e7a0578ff0fbefe6e36589dc6b89b31ffbd3e992070e465e49792,604,14.075269051689844,38.04876937004789,14.075269051689844,17.31005237466742,3.7803274810760433e-06,0.019349363720327518,0.00019537218565510823
bfo-08c53844fa5e7a0578ff0fbefe6e36589dc6b89b31ffbd3e992070e465e49792,605,14.076909876466933,38.05222780727588,14.076909876466933,17.31115337552903,3.7885671035209344e-06,0.019345835314261824,0.0001958337307217739
bfo-08c53844fa5e7a0578ff0fbefe6e36589dc6b89b31ffbd3e992070e465e49792,606,14.076447515540123,38.06482559288434,14.076447515540123,17.313678378731456,3.7588885590484696e-06,0.01934125391938589,0.00019434564970376126
bfo-08c53844fa5e7a0578ff0fbefe6e36589dc6b89b31ffbd3e992070e465e49792,607,14.08113044922911,37.98859277203028,14.08113044922911,17.31486739975276,3.6362980574714775e-06,0.019201187126239878,0.0001893788146307996
bfo-08c53844fa5e7a0578ff0fbefe6e36589dc6b89b31ffbd3e992070e465e49792,608,14.0782762192228,38.046755238753605,14.0782762192228,17.314276841800385,3.7260877437652226e-06,0.01928838917368522,0.0001931777563285924
bfo-08c53844fa5e7a0578ff0fbefe6e36589dc6b89b31ffbd3e992070e465e49792,609,14.072237561663753,38.09416736806263,14.072237561663753,17.30910218205467,3.848017134084419e-06,0.019448351971107013,0.00019785826273615033
bfo-08c53844fa5e7a0578ff0fbefe6e36589dc6b89b31ffbd3e992070e465e49792,610,14.073077073987683,38.098365234147174,14.073077073987683,17.310349606011886,3.837530029505048e-06,0.019450567126906983,0.0001972965623298661
bfo-08c53844fa5e7a0578ff0fbefe6e36589dc6b89b31ffbd3e992070e465e49792,611,14.069841858687584,38.12465011979284,14.069841858687584,17.307605842178553,3.888973949163521e-06,0.019529256683654402,0.00019913578955713736
bfo-08c53844fa5e7a0578ff0fbefe6e36589dc6b89b31ffbd3e992070e465e49792,612,14.076791356051187,38.01930789505738,14.076791356051187,17.310197120626597,3.6523911199233003e-06,0.019309888733824197,0.0001891461504656722
bfo-08c53844fa5e7a0578ff0fbefe6e36589dc6b89b31ffbd3e992070e465e49792,613,14.068985095144194,38.13405720799286,14.068985095144194,17.30689871843032,3.9283460844769524e-06,0.019555097860629297,0.00020088603557366885
bfo-08c53844fa5e7a0578ff0fbefe6e36589dc6b89b31ffbd3e992070e465e49792,614,14.067992909290062,38.13177887764586,14.067992909290062,17.30704063054009,3.906456152695946e-06,0.019587825990585804,0.0001994328597044637
bfo-08c53844fa5e7a0578ff0fbefe6e36589dc6b89b31ffbd3e992070e465e49792,615,14.071272767879288,37.95639063269236,14.071272767879288,17.299292812988366,3.661609176195904e-06,0.019381149256353945,0.00018892631844293116
bfo-08c53844fa5e7a0578ff0fbefe6e36589dc6b89b31ffbd3e992070e465e49792,616,14.066045308306993,38.142747239783716,14.066045308306993,17.30511110903018,3.8883499731711545e-06,0.019630699695092187,0.00019807495573595217
bfo-08c53844fa5e7a0578ff0fbefe6e36589dc6b89b31ffbd3e992070e465e49792,617,14.07356029886103,38.075930851427316,14.07356029886103,17.30784663397722,3.706999213219363e-06,0.01947238853665681,0.00019037208538854542
bfo-08c53844fa5e7a0578ff0fbefe6e36589dc6b89b31ffbd3e992070e465e49792,618,14.065496062550062,38.17387127956786,14.065496062550062,17.306265852555597,3.968026300624906e-06,0.019644949094235767,0.00020198710017473178
bfo-08c53844fa5e7a0578ff0fbefe6e36589dc6b89b31ffbd3e992070e465e49792,619,14.074786933662322,38.2020426144179,14.074786933662322,17.32292965860849,3.821175586357569e-06,0.01950446445165815,0.000195912868862837
bfo-08c53844fa5e7a0578ff0fbefe6e36589dc6b89b31ffbd3e992070e465e49792,620,14.0694535378359,38.13805673325944,14.0694535378359,17.30886347883441,3.87693382120488e-06,0.01956460154868818,0.00019816063268944168
bfo-08c53844fa5e7a0578ff0fbefe6e36589dc6b89b31ffbd3e992070e465e49792,621,14.065257563219804,38.18994735892355,14.065257563219804,17.30662467063899,4.027568772755313e-06,0.01968244657820121,0.00020462744592005872
bfo-08c53844fa5e7a0578ff0fbefe6e36589dc6b89b31ffbd3e992070e465e49792,622,14.064698712247019,38.184255983017295,14.064698712247019,17.305090317001607,4.063567277787465e-06,0.01969627927865977,0.00020631141650139973
bfo-08c53844fa5e7a0578ff0fbefe6e36589dc6b89b31ffbd3e992070e465e49792,623,14.063691297101762,38.18737178061867,14.063691297101762,17.304720797706302,4.1107459605118994e-06,0.01970935956972612,0.0002085682158250372
bfo-08c53844fa5e7a0578ff0fbefe6e36589dc6b89b31ffbd3e992070e465e49792,624,14.072789408329218,38.098199101574494,14.072789408329218,17.31149949614421,3.91794499590732e-06,0.019474371884438797,0.0002011846656290874
bfo-08c53844fa5e7a0578ff0fbefe6e36589dc6b89b31ffbd3e992070e465e49792,625,14.06062303608982,38.230934288065086,14.06062303608982,17.30308063603192,4.206960694496789e-06,0.01979555077625954,0.0002125205174660825
bfo-08c53844fa5e7a0578ff0fbefe6e36589dc6b89b31ffbd3e992070e465e49792,626,14.06571972376283,38.17901100661278,14.06571972376283,17.307499586723175,4.003750579286762e-06,0.019694537212405588,0.0002032924427777262
bfo-08c53844fa5e7a0578ff0fbefe6e36589dc6b89b31ffbd3e992070e465e49792,627,14.06285918139986,38.21378104313233,14.06285918139986,17.30624451006663,4.1227144317367695e-06,0.01973825194595921,0.0002088692779393145
bfo-08c53844fa5e7a0578ff0fbefe6e36589dc6b89b31ffbd3e992070e465e49792,628,14.064990041269363,38.23992855143141,14.064990041269363,17.30951437284754,4.110168511693698e-06,0.019733790204111465,0.00020828074430614748
bfo-08c53844fa5e7a0578ff0fbefe6e36589dc6b89b31ffbd3e992070e465e49792,629,14.060513739880824,38.23171914820108,14.060513739880824,17.30306755250681,4.223401381060587e-06,0.019793094139331235,0.00021337752204533732
bfo-08c53844fa5e7a0578ff0fbefe6e36589dc6b89b31ffbd3e992070e465e49792,630,14.062669444434457,38.18566260188386,14.062669444434457,17.304594591430195,4.082378200971837e-06,0.01970571300044447,0.00020716724134162297
bfo-08c53844fa5e7a0578ff0fbefe6e36589dc6b89b31ffbd3e992070e465e49792,631,14.06167096891504,38.2155104506318,14.06167096891504,17.304269325995744,4.1690596550177465e-06,0.01974906417392794,0.0002111016308571016
bfo-08c53844fa5e7a0578ff0fbefe6e36589dc6b89b31ffbd3e992070e465e49792,632,14.060486511361463,38.2012285730709,14.060486511361463,17.301986794732464,4.1370769404120455e-06,0.01974853827953307,0.00020948775457977145
bfo-08c53844fa5e7a0578ff0fbefe6e36589dc6b89b31ffbd3e992070e465e49792,633,14.060865349555977,38.19182544766281,14.060865349555977,17.30157803572551,4.079787191811165e-06,0.01973785559220656,0.00020669860374406923
bfo-08c53844fa5e7a0578ff0fbefe6e36589dc6b89b31ffbd3e992070e465e49792,634,14.062967436195638,38.168958716345344,14.062967436195638,17.30284594830682,4.084892337943407e-06,0.019688238089038766,0.0002074788165131765
bfo-08c53844fa5e7a0578ff0fbefe6e36589dc6b89b31ffbd3e992070e465e49792,635,14.054709741078733,38.28266691130575,14.054709741078733,17.299308318566304,4.335724756441865e-06,0.019935343319204633,0.00021748934477918233
bfo-08c53844fa5e7a0578ff0fbefe6e36589dc6b89b31ffbd3e992070e465e49792,636,14.053698325976526,38.32097290948353,14.053698325976526,17.29887649974124,4.4167845203628574e-06,0.020030931203248184,0.00022049821226716802
bfo-08c53844fa5e7a0578ff0fbefe6e36589dc6b89b31ffbd3e992070e465e49792,637,14.052597522644867,38.32731976925205,14.052597522644867,17.298238399525545,4.4225406402531956e-06,0.02005165614280758,0.00022055737485003388
bfo-08c53844fa5e7a0578ff0fbefe6e36589dc6b89b31ffbd3e992070e465e49792,638,14.03553839645359,38.6404652177505,14.03553839645359,17.294973331381136,5.467910938361809e-06,0.02068319897527012,0.0002643648569498132
bfo-08c53844fa5e7a0578ff0fbefe6e36589dc6b89b31ffbd3e992070e465e49792,639,14.033369371197649,38.71324361623384,14.033369371197649,17.295012393330786,5.690434906877864e-06,0.020823802277028732,0.0002732658921351327
bfo-08c53844fa5e7a0578ff0fbefe6e36589dc6b89b31ffbd3e992070e465e49792,640,14.03210111007263,38.82530308735771,14.03210111007263,17.301114422889444,6.07554700744037e-06,0.02103270109456539,0.0002888619478841081
bfo-08c53844fa5e7a0578ff0fbefe6e36589dc6b89b31ffbd3e992070e465e49792,641,14.030229258812208,39.01939986431066,14.030229258812208,17.312052660851435,6.748792181004805e-06,0.02131804567230908,0.0003165764950851522
bfo-08c53844fa5e7a0578ff0fbefe6e36589dc6b89b31ffbd3e992070e465e49792,642,14.033166730914196,39.200404208653865,14.033166730914196,17.330076959465863,7.422419953877621e-06,0.021499519343663724,0.0003452365532099737
bfo-08c53844fa5e7a0578ff0fbefe6e36589dc6b89b31ffbd3e992070e465e49792,643,14.029767222054819,39.00434613252553,14.029767222054819,17.311160443510172,6.6710719100263515e-06,0.021319258783515444,0.0003129129383796674
bfo-08c53844fa5e7a0578ff0fbefe6e36589dc6b89b31ffbd3e992070e465e49792,644,14.029478078237632,39.09963777897687,14.029478078237632,17.320538017835677,7.053459287796197e-06,0.021447088860842758,0.0003288772352071578
bfo-08c53844fa5e7a0578ff0fbefe6e36589dc6b89b31ffbd3e992070e465e49792,645,14.027976718132031,39.11547541379537,14.027976718132031,17.31940520584629,7.241104098083918e-06,0.021481180413978028,0.00033709060482412114
bfo-08c53844fa5e7a0578ff0fbefe6e36589dc6b89b31ffbd3e992070e465e49792,646,14.02576798322475,39.1348507325436,14.02576798322475,17.3204336612558,7.314940234507711e-06,0.021535018235813122,0.00033967652845275206
bfo-08c53844fa5e7a0578ff0fbefe6e36589dc6b89b31ffbd3e992070e465e49792,647,14.030402948490455,39.294919307766044,14.030402948490455,17.340675979826955,7.665245563466082e-06,0.021672406788829743,0.00035368686266155057
bfo-08c53844fa5e7a0578ff0fbefe6e36589dc6b89b31ffbd3e992070e465e49792,648,14.025094269232046,39.12393315222528,14.025094269232046,17.31843209979597,7.282994098115561e-06,0.021521826222443606,0.00033840037656844547
bfo-08c53844fa5e7a0578ff0fbefe6e36589dc6b89b31ffbd3e992070e465e49792,649,14.0210836906828,39.11922710407501,14.0210836906828,17.309358126244547,7.377688383281245e-06,0.021580211898820506,0.0003418728424851325
bfo-08c53844fa5e7a0578ff0fbefe6e36589dc6b89b31ffbd3e992070e465e49792,650,14.01737500894572,39.11958184949483,14.01737500894572,17.304719788699504,7.485288280187661e-06,0.02163838180468109,0.00034592643515368363
bfo-08c53844fa5e7a0578ff0fbefe6e36589dc6b89b31ffbd3e992070e465e49792,651,14.015010023745868,39.14184035580166,14.015010023745868,17.302758161000586,7.6055272477439555e-06,0.021716189442367834,0.00035022383958880607
bfo-08c53844fa5e7a0578ff0fbefe6e36589dc6b89b31ffbd3e992070e465e49792,652,14.014483027415764,39.2218716989638,14.014483027415764,17.30877961779269,8.062980894541857e-06,0.021835110336115095,0.00036926678044789873
bfo-08c53844fa5e7a0578ff0fbefe6e36589dc6b89b31ffbd3e992070e465e49792,653,14.019817268111307,39.32972779703409,14.019817268111307,17.325498406718765,8.245953397261271e-06,0.021899127401857902,0.0003765425555979775
bfo-08c53844fa5e7a0578ff0fbefe6e36589dc6b89b31ffbd3e992070e465e49792,654,14.014506382723921,39.22723202112155,14.014506382723921,17.309725842768493,8.066981425638788e-06,0.021838705410389413,0.0003693891773365399
bfo-08c53844fa5e7a0578ff0fbefe6e36589dc6b89b31ffbd3e992070e465e49792,655,14.013722917536668,39.3153898185501,14.013722917536668,17.314158640059393,8.526134213574942e-06,0.021965512430489952,0.0003881600413628394
bfo-08c53844fa5e7a0578ff0fbefe6e36589dc6b89b31ffbd3e992070e465e49792,656,14.009059857198359,39.134238905771575,14.009059857198359,17.29285855974271,7.977562506389046e-06,0.02179647544366362,0.0003660024083714038
bfo-08c53844fa5e7a0578ff0fbefe6e36589dc6b89b31ffbd3e992070e465e49792,657,14.007575607494225,39.109728610275496,14.007575607494225,17.287274720620406,8.067736638090925e-06,0.02181298348443804,0.00036985938415286755
bfo-08c53844fa5e7a0578ff0fbefe6e36589dc6b89b31ffbd3e992070e465e49792,658,14.010881571265392,39.20165203854687,14.010881571265392,17.301375698823147,8.284798939029077e-06,0.021850343434671016,0.00037916103990764645
bfo-08c53844fa5e7a0578ff0fbefe6e36589dc6b89b31ffbd3e992070e465e49792,659,14.00664637962039,39.09408296027431,14.00664637962039,17.28351643174871,8.066763917766859e-06,0.02180902393032419,0.0003698819325220002
bfo-08c53844fa5e7a0578ff0fbefe6e36589dc6b89b31ffbd3e992070e465e49792,660,14.005302781417976,39.09023983138657,14.005302781417976,17.280361087729545,8.139788975249756e-06,0.021842796209755794,0.00037265324902011526
bfo-08c53844fa5e7a0578ff0fbefe6e36589dc6b89b31ffbd3e992070e465e49792,661,14.004642837071883,39.02672150847265,14.004642837071883,17.274129157375913,7.940767560048664e-06,0.021803650811479725,0.0003641944016030477
bfo-08c53844fa5e7a0578ff0fbefe6e36589dc6b89b31ffbd3e992070e465e49792,662,14.010710111100163,39.16143345246923,14.010710111100163,17.295643029286314,8.265461272060175e-06,0.02184156595010928,0.0003784280527751638
bfo-08c53844fa5e7a0578ff0fbefe6e36589dc6b89b31ffbd3e992070e465e49792,663,14.003476605094418,39.00864669606631,14.003476605094418,17.27168437144104,7.934417120109626e-06,0.021789026124932602,0.00036414739578610554
bfo-08c53844fa5e7a0578ff0fbefe6e36589dc6b89b31ffbd3e992070e465e49792,664,14.002760651804756,38.977999881320386,14.002760651804756,17.26741114262832,7.900545997116138e-06,0.02181394393444489,0.00036217870646678123
bfo-08c53844fa5e7a0578ff0fbefe6e36589dc6b89b31ffbd3e992070e465e49792,665,14.00008039845779,38.92840294634717,14.00008039845779,17.25915566120196,7.811158761156723e-06,0.021839820845532557,0.0003576567233038697
bfo-08c53844fa5e7a0578ff0fbefe6e36589dc6b89b31ffbd3e992070e465e49792,666,13.99346931193452,38.859137396716946,13.99346931193452,17.246814291979902,7.674413195217196e-06,0.021862314715724404,0.00035103388159065323
bfo-08c53844fa5e7a0578ff0fbefe6e36589dc6b89b31ffbd3e992070e465e49792,667,13.99146194982586,38.846569895305755,13.99146194982586,17.244295008861794,7.675213325320545e-06,0.021847525623235033,0.0003513081278713727
bfo-08c53844fa5e7a0578ff0fbefe6e36589dc6b89b31ffbd3e992070e465e49792,668,1000000.0,38.78251027315122,13.988567370472309,17.235203279891447,7.558611480757482e-06,0.02183058416537819,0.0003462395428128269
bfo-08c53844fa5e7a0578ff0fbefe6e36589dc6b89b31ffbd3e992070e465e49792,669,1000000.0000289675,38.842421274203346,13.99122450759399,17.244289669736865,7.641500265449087e-06,0.021853707306435866,0.0003496660844907849
bfo-08c53844fa5e7a0578ff0fbefe6e36589dc6b89b31ffbd3e992070e465e49792,670,13.992033371970704,38.86980334126286,13.992033371970704,17.24606819576799,7.814150654238542e-06,0.02186226120886067,0.0003574264610410704
bfo-08c53844fa5e7a0578ff0fbefe6e36589dc6b89b31ffbd3e992070e465e49792,671,1000000.0000092919,38.819185726736194,13.98954789365173,17.240153668810045,7.5885620599459115e-06,0.021848426280917196,0.0003473276272796772
bfo-08c53844fa5e7a0578ff0fbefe6e36589dc6b89b31ffbd3e992070e465e49792,672,13.99039243122064,38.841964096878314,13.99039243122064,17.242232007815858,7.625348185779405e-06,0.02182009735387058,0.00034946444381591063
bfo-08c53844fa5e7a0578ff0fbefe6e36589dc6b89b31ffbd3e992070e465e49792,673,13.992397030833809,38.87356557102721,13.992397030833809,17.244679825951557,7.602629071186623e-06,0.021839475069973396,0.00034811409371461073
bfo-08c53844fa5e7a0578ff0fbefe6e36589dc6b89b31ffbd3e992070e465e49792,674,13.993043547002028,38.893116114481174,13.993043547002028,17.249023520904146,7.717630602435969e-06,0.021829945111271835,0.00035353412769008704
bfo-08c53844fa5e7a0578ff0fbefe6e36589dc6b89b31ffbd3e992070e465e49792,675,13.983903375252371,38.71154694113939,13.983903375252371,17.22614652499592,7.3915100791814464e-06,0.0217581786677214,0.000339711801803837
bfo-08c53844fa5e7a0578ff0fbefe6e36589dc6b89b31ffbd3e992070e465e49792,676,13.98514126294832,38.73611991923657,13.98514126294832,17.22827350173199,7.500287416193505e-06,0.021767746194687458,0.0003445596686543503
bfo-08c53844fa5e7a0578ff0fbefe6e36589dc6b89b31ffbd3e992070e465e49792,677,13.984368313985637,38.74924444401024,13.984368313985637,17.228851810936465,7.562174166441073e-06,0.02179884082107786,0.00034690716944586395
bfo-08c53844fa5e7a0578ff0fbefe6e36589dc6b89b31ffbd3e992070e465e49792,678,13.98741365677081,38.843289508174394,13.98741365677081,17.238702115740985,7.867474789556767e-06,0.021849297815994404,0.00036007906779491635
bfo-08c53844fa5e7a0578ff0fbefe6e36589dc6b89b31ffbd3e992070e465e49792,679,13.984509418559409,38.73916142106684,13.984509418559409,17.22862684476662,7.46957425462141e-06,0.0217691316221422,0.00034312688187450834
bfo-08c53844fa5e7a0578ff0fbefe6e36589dc6b89b31ffbd3e992070e465e49792,680,13.987037450714661,38.80052028100695,13.987037450714661,17.236105992410604,7.489052406718441e-06,0.021826651178016267,0.0003431150452553798
bfo-08c53844fa5e7a0578ff0fbefe6e36589dc6b89b31ffbd3e992070e465e49792,681,13.983319649169665,38.70900921710077,13.983319649169665,17.22568546944984,7.388784026604565e-06,0.021763840030176545,0.0003394981775440218
bfo-08c53844fa5e7a0578ff0fbefe6e36589dc6b89b31ffbd3e992070e465e49792,682,13.980271610750986,38.684156684979015,13.980271610750986,17.21948932327807,7.314159499378301e-06,0.021783866697819232,0.00033576038638312623
bfo-08c53844fa5e7a0578ff0fbefe6e36589dc6b89b31ffbd3e992070e465e49792,683,13.98019467832644,38.740716710461896,13.98019467832644,17.224025219407814,7.48182317216368e-06,0.02186386013549854,0.00034220046806904253
bfo-08c53844fa5e7a0578ff0fbefe6e36589dc6b89b31ffbd3e992070e465e49792,684,13.969501161925084,38.63339206091169,13.969501161925084,17.201931943886837,7.4865989758131785e-06,0.021951184153038854,0.0003410567249410441
bfo-08c53844fa5e7a0578ff0fbefe6e36589dc6b89b31ffbd3e992070e465e49792,685,13.963169351083836,38.61643883157121,13.963169351083836,17.191551508616342,7.661865562084223e-06,0.022039490460442294,0.00034764259073212994
bfo-08c53844fa5e7a0578ff0fbefe6e36589dc6b89b31ffbd3e992070e465e49792,686,13.957185713871475,38.5782242857625,13.957185713871475,17.180192404652267,7.673802227123645e-06,0.02213124537813638,0.00034674064183955276
bfo-08c53844fa5e7a0578ff0fbefe6e36589dc6b89b31ffbd3e992070e465e49792,687,1000000.0,38.509454500982756,13.953939384139899,17.170515907960464,7.641901568382636e-06,0.022136401347047734,0.00034521878459715466
bfo-08c53844fa5e7a0578ff0fbefe6e36589dc6b89b31ffbd3e992070e465e49792,688,13.956758736907899,38.57142468093434,13.956758736907899,17.18002851470815,7.672275725373355e-06,0.022122510371449165,0.0003468085491452647
bfo-08c53844fa5e7a0578ff0fbefe6e36589dc6b89b31ffbd3e992070e465e49792,689,13.95902733701924,38.63855619748516,13.95902733701924,17.188370620431684,7.736097837845083e-06,0.02213450042179679,0.0003495040633592533
bfo-08c53844fa5e7a0578ff0fbefe6e36589dc6b89b31ffbd3e992070e465e49792,690,13.957434137481771,38.59130588933304,13.957434137481771,17.18195743715599,7.722422834788652e-06,0.022134791454701524,0.00034888166218292405
bfo-08c53844fa5e7a0578ff0fbefe6e36589dc6b89b31ffbd3e992070e465e49792,691,13.95587951328357,38.550251772055965,13.95587951328357,17.177360821754032,7.620874198833396e-06,0.02210319457750475,0.0003447860974173139
bfo-08c53844fa5e7a0578ff0fbefe6e36589dc6b89b31ffbd3e992070e465e49792,692,1000000.0,38.50143050335495,13.947273426225268,17.16339148707318,7.733798748868917e-06,0.022191744065533134,0.00034849891590452246
bfo-08c53844fa5e7a0578ff0fbefe6e36589dc6b89b31ffbd3e992070e465e49792,693,13.955869086200131,38.550616980431975,13.955869086200131,17.177533745327636,7.594071169983589e-06,0.022108593235729213,0.00034348956937300636
bfo-08c53844fa5e7a0578ff0fbefe6e36589dc6b89b31ffbd3e992070e465e49792,694,1000000.0,38.51726515239359,13.955810987700598,17.174991814237735,7.550968334144469e-06,0.02209063468095147,0.00034181762738829736
bfo-08c53844fa5e7a0578ff0fbefe6e36589dc6b89b31ffbd3e992070e465e49792,695,1000000.0000298556,38.597839860167625,13.955404590541969,17.17951740633173,7.755969191285393e-06,0.022183831555146034,0.0003496226146509043
bfo-08c53844fa5e7a0578ff0fbefe6e36589dc6b89b31ffbd3e992070e465e49792,696,13.954113011067117,38.27675611084591,13.954113011067117,17.15816216182709,6.789677281273995e-06,0.021778705712913692,0.00031175761180555616
bfo-08c53844fa5e7a0578ff0fbefe6e36589dc6b89b31ffbd3e992070e465e49792,697,13.956282592181658,38.48899993655405,13.956282592181658,17.173629279929678,7.449060437039323e-06,0.022001269439201263,0.000338574119899045
bfo-08c53844fa5e7a0578ff0fbefe6e36589dc6b89b31ffbd3e992070e465e49792,698,1000000.0000106315,38.296684511824,13.954453291927493,17.15885296016296,6.901796219927561e-06,0.021793978740033127,0.0003166836263472041
bfo-08c53844fa5e7a0578ff0fbefe6e36589dc6b89b31ffbd3e992070e465e49792,699,13.955872588974403,38.290478660518104,13.955872588974403,17.160877131827956,6.695422987279295e-06,0.02181888007791266,0.0003068637328483737
bfo-08c53844fa5e7a0578ff0fbefe6e36589dc6b89b31ffbd3e992070e465e49792,700,1000000.0000111436,38.23374917125041,13.95520347575442,17.15604307839352,6.621046935910438e-06,0.02171201724912611,0.00030494849280653227
bfo-08c53844fa5e7a0578ff0fbefe6e36589dc6b89b31ffbd3e992070e465e49792,701,13.954456269427666,38.306439055206724,13.954456269427666,17.160456435969998,6.8411122579074335e-06,0.021824820113744963,0.00031345560798455325
bfo-08c53844fa5e7a0578ff0fbefe6e36589dc6b89b31ffbd3e992070e465e49792,702,13.95341412574489,38.280871587269466,13.95341412574489,17.157644447586662,6.86560954078042e-06,0.021785164930547878,0.00031515067995437735
bfo-08c53844fa5e7a0578ff0fbefe6e36589dc6b89b31ffbd3e992070e465e49792,703,13.95364683803361,38.34461894611833,13.95364683803361,17.162102244335845,7.163461563007559e-06,0.021863653768685837,0.0003276424717842636
bfo-08c53844fa5e7a0578ff0fbefe6e36589dc6b89b31ffbd3e992070e465e49792,704,1000000.0000244154,38.30569000628209,13.952827636922287,17.159621382555674,6.908225149209071e-06,0.021813410980485778,0.00031669623587934746
bfo-08c53844fa5e7a0578ff0fbefe6e36589dc6b89b31ffbd3e992070e465e49792,705,1000000.0,38.395420173028214,13.956595181441719,17.168326862903626,7.129147260086979e-06,0.021870056102404316,0.0003259775478720983
bfo-08c53844fa5e7a0578ff0fbefe6e36589dc6b89b31ffbd3e992070e465e49792,706,13.95329517989746,38.271758235036266,13.95329517989746,17.15688699303377,6.845328074965334e-06,0.02176309616667266,0.0003145383369416002
bfo-08c53844fa5e7a0578ff0fbefe6e36589dc6b89b31ffbd3e992070e465e49792,707,1000000.0,38.434638815758646,13.949488871170121,17.16127215074001,7.4848188911816444e-06,0.022036640053198227,0.00033965336245056813
bfo-08c53844fa5e7a0578ff0fbefe6e36589dc6b89b31ffbd3e992070e465e49792,708,13.95213696811274,38.2942859672239,13.95213696811274,17.157677684573198,6.961733788250815e-06,0.021807505943891293,0.0003192356707898058
bfo-08c53844fa5e7a0578ff0fbefe6e36589dc6b89b31ffbd3e992070e465e49792,709,13.956406012239484,38.2370370285565,13.956406012239484,17.160698908580688,6.675054916374578e-06,0.021680951963850215,0.0003078764681322225
bfo-08c53844fa5e7a0578ff0fbefe6e36589dc6b89b31ffbd3e992070e465e49792,710,13.952124718121564,38.296966809357215,13.952124718121564,17.158144622763533,6.957863736898752e-06,0.021808001895831458,0.00031905095066177194
bfo-08c53844fa5e7a0578ff0fbefe6e36589dc6b89b31ffbd3e992070e465e49792,711,13.951475062589857,38.132313545725,13.951475062589857,17.147148808768993,6.5454534850762634e-06,0.021622797779353286,0.00030271075703839983
bfo-08c53844fa5e7a0578ff0fbefe6e36589dc6b89b31ffbd3e992070e465e49792,712,13.952080725760922,38.07094533649808,13.952080725760922,17.145762637313947,6.295149791944463e-06,0.021536118975693276,0.0002923066035737209
bfo-08c53844fa5e7a0578ff0fbefe6e36589dc6b89b31ffbd3e992070e465e49792,713,13.95164723819253,38.156646177066946,13.95164723819253,17.148834103435572,6.582106527950315e-06,0.02166097164603423,0.00030386940325252633
bfo-08c53844fa5e7a0578ff0fbefe6e36589dc6b89b31ffbd3e992070e465e49792,714,13.952985462028243,38.17782049700274,13.952985462028243,17.150026090485458,6.735248505884052e-06,0.021672653437117335,0.00031077175323391794
bfo-08c53844fa5e7a0578ff0fbefe6e36589dc6b89b31ffbd3e992070e465e49792,715,13.95119555654029,38.12257784102697,13.95119555654029,17.145863505396505,6.584141407412109e-06,0.021627451872496106,0.0003044344496165654
bfo-08c53844fa5e7a0578ff0fbefe6e36589dc6b89b31ffbd3e992070e465e49792,716,13.953255838238096,38.16674600049972,13.953255838238096,17.15168142724888,6.635087630454479e-06,0.021643565288185895,0.000306561675126428
bfo-08c53844fa5e7a0578ff0fbefe6e36589dc6b89b31ffbd3e992070e465e49792,717,13.951252665078721,38.11060186817832,13.951252665078721,17.144486756204454,6.580565233813197e-06,0.0216138168594567,0.000304461043442866
bfo-08c53844fa5e7a0578ff0fbefe6e36589dc6b89b31ffbd3e992070e465e49792,718,13.948504721892995,38.25137447662796,13.948504721892995,17.151942400264982,7.047085313487222e-06,0.021847363040608383,0.0003225599950158096
bfo-08c53844fa5e7a0578ff0fbefe6e36589dc6b89b31ffbd3e992070e465e49792,719,13.95068532812252,38.28205914431423,13.95068532812252,17.157145920856586,7.046668165583058e-06,0.021866271920763257,0.0003222619837125436
bfo-08c53844fa5e7a0578ff0fbefe6e36589dc6b89b31ffbd3e992070e465e49792,720,13.949313141030766,38.25614714988022,13.949313141030766,17.15350366825649,7.041858931894034e-06,0.021833874765224276,0.00032251989203079505
bfo-08c53844fa5e7a0578ff0fbefe6e36589dc6b89b31ffbd3e992070e465e49792,721,13.949967397996128,38.30326188911219,13.949967397996128,17.15658331135532,7.1214849421133e-06,0.021879584418019526,0.00032548538427668705
bfo-08c53844fa5e7a0578ff0fbefe6e36589dc6b89b31ffbd3e992070e465e49792,722,13.94913535459849,38.22025207849126,13.94913535459849,17.150255861332628,6.972697389462456e-06,0.02180933357466678,0.0003197116209713891
bfo-08c53844fa5e7a0578ff0fbefe6e36589dc6b89b31ffbd3e992070e465e49792,723,13.950161490596823,38.17258689709608,13.950161490596823,17.148895036632773,6.7886953799443665e-06,0.02175117870902323,0.0003121070113376501
bfo-08c53844fa5e7a0578ff0fbefe6e36589dc6b89b31ffbd3e992070e465e49792,724,13.948415024698637,38.23142221003289,13.948415024698637,17.149819060879896,7.002167037741634e-06,0.021852069504698188,0.0003204349609192013
bfo-08c53844fa5e7a0578ff0fbefe6e36589dc6b89b31ffbd3e992070e465e49792,725,13.951449760169734,38.067370598062894,13.951449760169734,17.142734305059445,6.396462744545772e-06,0.02161037119952031,0.0002959904152265444
bfo-08c53844fa5e7a0578ff0fbefe6e36589dc6b89b31ffbd3e992070e465e49792,726,13.948903264356828,38.25429129280093,13.948903264356828,17.152616947199327,7.055460961315873e-06,0.02185067176130977,0.00032289446468225904
bfo-08c53844fa5e7a0578ff0fbefe6e36589dc6b89b31ffbd3e992070e465e49792,727,13.950888074455145,38.1029566333585,13.950888074455145,17.14300026982404,6.667325163746668e-06,0.021661441523757877,0.0003077969283084907
bfo-08c53844fa5e7a0578ff0fbefe6e36589dc6b89b31ffbd3e992070e465e49792,728,13.947437628857992,38.201286481585,13.947437628857992,17.147261050983133,6.914267969551754e-06,0.02182464182999951,0.0003168101462287278
bfo-08c53844fa5e7a0578ff0fbefe6e36589dc6b89b31ffbd3e992070e465e49792,729,13.948663416585202,38.076380839638915,13.948663416585202,17.142612332275988,6.479490007622025e-06,0.02163512989150977,0.00029948930466855005
bfo-08c53844fa5e7a0578ff0fbefe6e36589dc6b89b31ffbd3e992070e465e49792,730,13.947093773519526,38.20269983855721,13.947093773519526,17.14717160923822,6.931643691812141e-06,0.021806625324518124,0.0003178687022250342
bfo-08c53844fa5e7a0578ff0fbefe6e36589dc6b89b31ffbd3e992070e465e49792,731,13.951690897367698,38.16889621108788,13.951690897367698,17.15093239714654,6.706118208653651e-06,0.021680760304180043,0.0003093119482235461
bfo-08c53844fa5e7a0578ff0fbefe6e36589dc6b89b31ffbd3e992070e465e49792,732,13.947036758428679,38.19487271367424,13.947036758428679,17.14663603966906,6.873394129400537e-06,0.021784376073635744,0.00031551943953625423
bfo-08c53844fa5e7a0578ff0fbefe6e36589dc6b89b31ffbd3e992070e465e49792,733,13.944322510729101,38.23060350300206,13.944322510729101,17.144285387671356,7.069260345495186e-06,0.021861938864596506,0.0003233592587226211
bfo-08c53844fa5e7a0578ff0fbefe6e36589dc6b89b31ffbd3e992070e465e49792,734,13.944535109139977,38.19596965108574,13.944535109139977,17.14387610683462,6.961189786899573e-06,0.021781941637145516,0.0003195853658439893
bfo-08c53844fa5e7a0578ff0fbefe6e36589dc6b89b31ffbd3e992070e465e49792,735,13.94460306728432,38.24700440521114,13.94460306728432,17.144529688704832,7.0791896250916615e-06,0.02188816031233707,0.00032342551973641836
bfo-08c53844fa5e7a0578ff0fbefe6e36589dc6b89b31ffbd3e992070e465e49792,736,13.943041671721884,38.30998625560372,13.943041671721884,17.147694349297755,7.278092331524892e-06,0.021965632217845133,0.00033133998873076305
bfo-08c53844fa5e7a0578ff0fbefe6e36589dc6b89b31ffbd3e992070e465e49792,737,13.929254444502295,38.25681265175362,13.929254444502295,17.126019505794762,7.596625245315679e-06,0.02215429701071215,0.00034289624453633186
bfo-08c53844fa5e7a0578ff0fbefe6e36589dc6b89b31ffbd3e992070e465e49792,738,1000000.0,38.21988062488469,13.904219219894848,17.091515362634002,8.387966850086749e-06,0.02256186461990893,0.00037177631332319404
bfo-08c53844fa5e7a0578ff0fbefe6e36589dc6b89b31ffbd3e992070e465e49792,739,13.929567325647426,38.23661672852465,13.929567325647426,17.12505689538842,7.4590411498722815e-06,0.022134654333376576,0.0003369847587194928
bfo-08c53844fa5e7a0578ff0fbefe6e36589dc6b89b31ffbd3e992070e465e49792,740,1000000.0,38.3057895655452,13.928570554972227,17.12655283904619,7.824755425099367e-06,0.022252789269679298,0.00035163032059810337
bfo-08c53844fa5e7a0578ff0fbefe6e36589dc6b89b31ffbd3e992070e465e49792,741,13.929562540370561,38.21135484983915,13.929562540370561,17.123060540835837,7.522918570153439e-06,0.02209443694467039,0.0003404892638356242
bfo-08c53844fa5e7a0578ff0fbefe6e36589dc6b89b31ffbd3e992070e465e49792,742,1000000.0,38.14897355852832,13.929695246778554,17.11860416400688,7.231143437147106e-06,0.022050729766884866,0.0003279321597785223
bfo-08c53844fa5e7a0578ff0fbefe6e36589dc6b89b31ffbd3e992070e465e49792,743,1000000.0000137723,38.251529669750546,13.929367193604325,17.125349889044404,7.594855645360782e-06,0.02214841876216786,0.0003429073527512357
bfo-08c53844fa5e7a0578ff0fbefe6e36589dc6b89b31ffbd3e992070e465e49792,744,13.930347053921658,38.234125723552836,13.930347053921658,17.127025843698245,7.378741722032929e-06,0.02208425022789344,0.0003341178281304399
bfo-08c53844fa5e7a0578ff0fbefe6e36589dc6b89b31ffbd3e992070e465e49792,745,13.929121153006625,38.2689475246147,13.929121153006625,17.126238662631863,7.645925683684425e-06,0.022162959872581166,0.00034498666819063084
bfo-08c53844fa5e7a0578ff0fbefe6e36589dc6b89b31ffbd3e992070e465e49792,746,13.929491948636405,38.31381453995551,13.929491948636405,17.131474956815996,7.755927431107309e-06,0.022182673163085427,0.00034963898958823784
bfo-08c53844fa5e7a0578ff0fbefe6e36589dc6b89b31ffbd3e992070e465e49792,747,1000000.0000151055,38.27195685675403,13.929023116493688,17.126048532586996,7.616488892453143e-06,0.02216768381184336,0.00034358523682947604
bfo-08c53844fa5e7a0578ff0fbefe6e36589dc6b89b31ffbd3e992070e465e49792,748,13.93222772648049,38.25931262679259,13.93222772648049,17.12930172705755,7.532666007819073e-06,0.022101159086208667,0.00034082674028257316
bfo-08c53844fa5e7a0578ff0fbefe6e36589dc6b89b31ffbd3e992070e465e49792,749,13.929166706903784,38.273325624076946,13.929166706903784,17.126185662586796,7.67322270239309e-06,0.022155767272590287,0.0003463307141651517
bfo-08c53844fa5e7a0578ff0fbefe6e36589dc6b89b31ffbd3e992070e465e49792,750,13.931432122047479,38.20730895358535,13.931432122047479,17.125546748525537,7.371319151317772e-06,0.02203058401522501,0.0003345948135657031
bfo-08c53844fa5e7a0578ff0fbefe6e36589dc6b89b31ffbd3e992070e465e49792,751,1000000.0000384428,38.2685920527245,13.928920616953997,17.126548197040933,7.636743164590257e-06,0.022156698578190435,0.00034466972313769494
bfo-08c53844fa5e7a0578ff0fbefe6e36589dc6b89b31ffbd3e992070e465e49792,752,13.930474332385307,38.25599695376181,13.930474332385307,17.128169869510895,7.643631206120329e-06,0.02208912611528437,0.00034603592583191365
bfo-08c53844fa5e7a0578ff0fbefe6e36589dc6b89b31ffbd3e992070e465e49792,753,13.929216021053811,38.247485345248194,13.929216021053811,17.124448774867663,7.6210731037137465e-06,0.022148335716789775,0.00034409235985783407
bfo-08c53844fa5e7a0578ff0fbefe6e36589dc6b89b31ffbd3e992070e465e49792,754,13.928749023242517,38.29869184686886,13.928749023242517,17.128159551601644,7.813607229164422e-06,0.022197030083605643,0.00035201138169089666
bfo-08c53844fa5e7a0578ff0fbefe6e36589dc6b89b31ffbd3e992070e465e49792,755,13.93218145662507,38.2605758689525,13.93218145662507,17.130204523528782,7.658235942524736e-06,0.022074414227209512,0.0003469281614315722
bfo-08c53844fa5e7a0578ff0fbefe6e36589dc6b89b31ffbd3e992070e465e49792,756,1000000.0000288702,38.227229512059225,13.928695288402876,17.12373500463796,7.579279486234292e-06,0.022104100146824804,0.00034289020751306337
bfo-08c53844fa5e7a0578ff0fbefe6e36589dc6b89b31ffbd3e992070e465e49792,757,13.930280960138228,38.36538596834582,13.930280960138228,17.13347651293297,7.930356997566597e-06,0.022255401098148157,0.00035633404055910147
bfo-08c53844fa5e7a0578ff0fbefe6e36589dc6b89b31ffbd3e992070e465e49792,758,13.929317961779889,38.38173216080516,13.929317961779889,17.13369179687617,8.102628665373704e-06,0.02228666074225721,0.0003635640511191747
bfo-08c53844fa5e7a0578ff0fbefe6e36589dc6b89b31ffbd3e992070e465e49792,759,13.929308517923026,38.386471265571146,13.929308517923026,17.135779464587976,8.084002535751646e-06,0.02227152034247725,0.0003629748850298949
bfo-08c53844fa5e7a0578ff0fbefe6e36589dc6b89b31ffbd3e992070e465e49792,760,13.928586545209459,38.30571062540815,13.928586545209459,17.128915913739764,7.898086025719203e-06,0.02218663530761841,0.0003559839478231822
bfo-08c53844fa5e7a0578ff0fbefe6e36589dc6b89b31ffbd3e992070e465e49792,761,13.928786970756258,38.44991371197932,13.928786970756258,17.137375144353697,8.467403754791931e-06,0.022387929061311727,0.00037821290801855965
bfo-08c53844fa5e7a0578ff0fbefe6e36589dc6b89b31ffbd3e992070e465e49792,762,13.928441309760688,38.29426790829295,13.928441309760688,17.128436986405397,7.920120860776543e-06,0.02216522437487139,0.0003573219348844285
bfo-08c53844fa5e7a0578ff0fbefe6e36589dc6b89b31ffbd3e992070e465e49792,763,13.930789642962544,38.422260767228025,13.930789642962544,17.139769987973608,8.360998441994163e-06,0.022242893729403447,0.00037589526541420944
bfo-08c53844fa5e7a0578ff0fbefe6e36589dc6b89b31ffbd3e992070e465e49792,764,13.929035651984082,38.35316569058648,13.929035651984082,17.13241819155017,8.133093674616908e-06,0.022234012264074413,0.0003657951420562232
bfo-08c53844fa5e7a0578ff0fbefe6e36589dc6b89b31ffbd3e992070e465e49792,765,13.92874381507235,38.306555007965216,13.92874381507235,17.129380870841732,7.969293298948662e-06,0.022188796384522626,0.0003591584311669781
bfo-08c53844fa5e7a0578ff0fbefe6e36589dc6b89b31ffbd3e992070e465e49792,766,13.927686257785336,38.27673890807781,13.927686257785336,17.1263328168381,7.883375709337611e-06,0.02214877002255411,0.00035592837441130874
bfo-08c53844fa5e7a0578ff0fbefe6e36589dc6b89b31ffbd3e992070e465e49792,767,13.91407736774328,38.2215865475029,13.91407736774328,17.10498047933516,8.193486067702878e-06,0.022335013400194965,0.0003668449138978961
bfo-08c53844fa5e7a0578ff0fbefe6e36589dc6b89b31ffbd3e992070e465e49792,768,13.888061735866954,38.15374319475643,13.888061735866954,17.06642913279078,8.961018666478163e-06,0.02274198376730089,0.0003940297714644659
bfo-08c53844fa5e7a0578ff0fbefe6e36589dc6b89b31ffbd3e992070e465e49792,769,1000000.0,38.04071052042126,13.839441866125807,16.99395946738064,1.0713397642804896e-05,0.023582022273286877,0.00045430360122001765
bfo-08c53844fa5e7a0578ff0fbefe6e36589dc6b89b31ffbd3e992070e465e49792,770,1000000.0,38.28398833527388,13.894558834801698,17.083838951734652,9.057204998053273e-06,0.022740949268644357,0.000398277349421887
bfo-08c53844fa5e7a0578ff0fbefe6e36589dc6b89b31ffbd3e992070e465e49792,771,1000000.0000521719,38.16497843873269,13.888538537560894,17.066737414998975,9.061454946596482e-06,0.022761645687790846,0.000398101924214424
bfo-08c53844fa5e7a0578ff0fbefe6e36589dc6b89b31ffbd3e992070e465e49792,772,1000000.0,38.118605206768095,13.886767365972602,17.064368577154937,8.749931646678202e-06,0.022698381643738247,0.0003854870265207664
bfo-08c53844fa5e7a0578ff0fbefe6e36589dc6b89b31ffbd3e992070e465e49792,773,1000000.0000635115,38.15082256977325,13.887816702665893,17.066039375296455,8.948438432122552e-06,0.02273310373845462,0.0003936302994555753
bfo-08c53844fa5e7a0578ff0fbefe6e36589dc6b89b31ffbd3e992070e465e49792,774,1000000.0,38.137333207077546,13.887836241716242,17.064866540324466,8.883105581842783e-06,0.02269702662322116,0.00039137750196558974
bfo-08c53844fa5e7a0578ff0fbefe6e36589dc6b89b31ffbd3e992070e465e49792,775,13.887675458230287,38.13695272687967,13.887675458230287,17.065412382325395,8.86964725874856e-06,0.02273311686408622,0.00039016415178689504
bfo-08c53844fa5e7a0578ff0fbefe6e36589dc6b89b31ffbd3e992070e465e49792,776,1000000.0,38.209961589725026,13.889258709306311,17.07060343162569,9.127714315321849e-06,0.02282900552904044,0.0003998296948901527
bfo-08c53844fa5e7a0578ff0fbefe6e36589dc6b89b31ffbd3e992070e465e49792,777,1000000.0000218884,38.19912564364408,13.88878449532287,17.07048799390974,9.013833945707797e-06,0.022814071131449478,0.00039509975636405005
bfo-08c53844fa5e7a0578ff0fbefe6e36589dc6b89b31ffbd3e992070e465e49792,778,1000000.0,38.2148416131434,13.889639117761105,17.071426044939116,9.210530613781088e-06,0.02285016550992083,0.0004030837592743984
bfo-08c53844fa5e7a0578ff0fbefe6e36589dc6b89b31ffbd3e992070e465e49792,779,1000000.0000098683,38.12212330597304,13.887330333245073,17.06334356829269,8.864797313696589e-06,0.02272196676459929,0.0003901421653123751
bfo-08c53844fa5e7a0578ff0fbefe6e36589dc6b89b31ffbd3e992070e465e49792,780,1000000.0,38.10330640192751,13.887576346454416,17.065317622225255,8.836980003203408e-06,0.02266769651041392,0.00038984905233505095
bfo-08c53844fa5e7a0578ff0fbefe6e36589dc6b89b31ffbd3e992070e465e49792,781,1000000.0000217195,38.064499550346476,13.886816011410726,17.058966219288997,8.645552394400483e-06,0.022646486465205812,0.00038176131240859627
bfo-08c53844fa5e7a0578ff0fbefe6e36589dc6b89b31ffbd3e992070e465e49792,782,1000000.0,38.14812710663168,13.888324558704728,17.0665844399272,8.99124556709607e-06,0.022749544182747848,0.00039522750411476794
bfo-08c53844fa5e7a0578ff0fbefe6e36589dc6b89b31ffbd3e992070e465e49792,783,13.889157314509784,38.232062199241575,13.889157314509784,17.07407160575061,9.18006995561783e-06,0.022815554557511893,0.0004023601500668036
bfo-08c53844fa5e7a0578ff0fbefe6e36589dc6b89b31ffbd3e992070e465e49792,784,13.888701114786839,38.127924121238,13.888701114786839,17.06775302228554,8.677895728819794e-06,0.022677810349888538,0.00038266021255718133
bfo-08c53844fa5e7a0578ff0fbefe6e36589dc6b89b31ffbd3e992070e465e49792,785,1000000.0000099074,38.11878989267898,13.887461930376263,17.063830970514843,8.826170654234943e-06,0.022704424151607568,0.00038874232595808927
bfo-08c53844fa5e7a0578ff0fbefe6e36589dc6b89b31ffbd3e992070e465e49792,786,13.887364306588244,38.0968957571548,13.887364306588244,17.063187239704888,8.670193264527096e-06,0.022668355475611995,0.00038248002921319196
bfo-08c53844fa5e7a0578ff0fbefe6e36589dc6b89b31ffbd3e992070e465e49792,787,1000000.0,38.14547001655684,13.888371946674981,17.068503190326133,8.801134784947842e-06,0.02270763847447712,0.00038758476777935854
bfo-08c53844fa5e7a0578ff0fbefe6e36589dc6b89b31ffbd3e992070e465e49792,788,1000000.0000222535,38.13805358991881,13.887768401722697,17.0663984963624,8.783130720509248e-06,0.022701287680289492,0.00038690011087499877
bfo-08c53844fa5e7a0578ff0fbefe6e36589dc6b89b31ffbd3e992070e465e49792,789,1000000.0,38.03558692197724,13.888084586684762,17.060774984542686,8.37872708729115e-06,0.022570006465717316,0.0003712328173240893
bfo-08c53844fa5e7a0578ff0fbefe6e36589dc6b89b31ffbd3e992070e465e49792,790,13.887048250424545,38.02677559127266,13.887048250424545,17.05694972109355,8.518196137892937e-06,0.022602589965386048,0.00037686814435592704
bfo-08c53844fa5e7a0578ff0fbefe6e36589dc6b89b31ffbd3e992070e465e49792,791,13.888892704374124,38.087013427092906,13.888892704374124,17.063738731814585,8.657788101534193e-06,0.02263726808455793,0.00038245728544603514
bfo-08c53844fa5e7a0578ff0fbefe6e36589dc6b89b31ffbd3e992070e465e49792,792,1000000.000066389,38.002547507283516,13.88694550927065,17.05554320167845,8.460687797837031e-06,0.02257854401782611,0.0003747224706410292
bfo-08c53844fa5e7a0578ff0fbefe6e36589dc6b89b31ffbd3e992070e465e49792,793,1000000.0,38.050191606895496,13.887324615281962,17.05932691666831,8.607922729768172e-06,0.022618413597089656,0.00038057146195592454
bfo-08c53844fa5e7a0578ff0fbefe6e36589dc6b89b31ffbd3e992070e465e49792,794,1000000.0000089074,38.05614984019871,13.887023482148672,17.058822980708207,8.60587872342488e-06,0.02264051323050979,0.0003801097013926263
bfo-08c53844fa5e7a0578ff0fbefe6e36589dc6b89b31ffbd3e992070e465e49792,795,13.886894106875777,38.129139936195244,13.886894106875777,17.06251644681766,8.951671996040175e-06,0.02274904554886538,0.00039349659645332435
bfo-08c53844fa5e7a0578ff0fbefe6e36589dc6b89b31ffbd3e992070e465e49792,796,1000000.0,38.032246327810014,13.889467721773388,17.060614817631688,8.532393459675615e-06,0.022569166407762905,0.00037805532138487875
bfo-08c53844fa5e7a0578ff0fbefe6e36589dc6b89b31ffbd3e992070e465e49792,797,1000000.00003891,38.215166123799015,13.888390213237757,17.069207908555462,9.247412413941005e-06,0.022833989586526743,0.00040498452444760096
bfo-08c53844fa5e7a0578ff0fbefe6e36589dc6b89b31ffbd3e992070e465e49792,798,13.887024403125503,38.100490169045045,13.887024403125503,17.059777533347862,8.875093704629648e-06,0.022712693454182226,0.00039075478751708436
bfo-08c53844fa5e7a0578ff0fbefe6e36589dc6b89b31ffbd3e992070e465e49792,799,1000000.0000090838,38.13903221118847,13.886744589979564,17.062566342791516,8.96689099014103e-06,0.02275099708021312,0.0003941317806215917
bfo-08c53844fa5e7a0578ff0fbefe6e36589dc6b89b31ffbd3e992070e465e49792,800,13.88804452324414,38.23086819208039,13.88804452324414,17.072631607904597,9.259040872736728e-06,0.02285751134225341,0.00040507650785327905
bfo-08c53844fa5e7a0578ff0fbefe6e36589dc6b89b31ffbd3e992070e465e49792,801,1000000.0000354587,38.10834530944359,13.886861019482021,17.06179599235333,8.912542888725523e-06,0.022701142904875744,0.0003926032678650417
bfo-08c53844fa5e7a0578ff0fbefe6e36589dc6b89b31ffbd3e992070e465e49792,802,1000000.0,38.09486095723761,13.88735803086449,17.06056536710572,8.99479656162797e-06,0.022691524465272842,0.00039639454702100895
bfo-08c53844fa5e7a0578ff0fbefe6e36589dc6b89b31ffbd3e992070e465e49792,803,1000000.0000481961,38.16964117098886,13.886349945630903,17.064051152967696,9.116663707651881e-06,0.02280848212837305,0.000399704971875837
bfo-08c53844fa5e7a0578ff0fbefe6e36589dc6b89b31ffbd3e992070e465e49792,804,13.885705634529636,37.97730784490292,13.885705634529636,17.05036341007917,8.35750009883669e-06,0.022616353089649537,0.00036953349930946797
bfo-08c53844fa5e7a0578ff0fbefe6e36589dc6b89b31ffbd3e992070e465e49792,805,13.888185892065563,38.02720350942714,13.888185892065563,17.057130556820404,8.320363164160023e-06,0.02264186423473519,0.0003674769479182567
bfo-08c53844fa5e7a0578ff0fbefe6e36589dc6b89b31ffbd3e992070e465e49792,806,13.885619649768383,37.984934771316816,13.885619649768383,17.050826712688444,8.399167781835409e-06,0.022624711635447513,0.0003712386666920396
bfo-08c53844fa5e7a0578ff0fbefe6e36589dc6b89b31ffbd3e992070e465e49792,807,1000000.0,37.970962977078905,13.886791321929524,17.05110673311401,8.343480009045476e-06,0.02260751854373008,0.00036905775363654136
bfo-08c53844fa5e7a0578ff0fbefe6e36589dc6b89b31ffbd3e992070e465e49792,808,13.885676076146684,38.0181197401411,13.885676076146684,17.052743897078006,8.534046282468277e-06,0.022671551999594943,0.00037642091210256576
bfo-08c53844fa5e7a0578ff0fbefe6e36589dc6b89b31ffbd3e992070e465e49792,809,13.886485030721323,37.901493701040266,13.886485030721323,17.046225996711634,8.084359426525808e-06,0.022539733702249546,0.00035867147027202723
bfo-08c53844fa5e7a0578ff0fbefe6e36589dc6b89b31ffbd3e992070e465e49792,810,13.885898773805307,37.99261601538584,13.885898773805307,17.0507948236507,8.50170472039166e-06,0.022636730972228427,0.0003755712223121732
bfo-08c53844fa5e7a0578ff0fbefe6e36589dc6b89b31ffbd3e992070e465e49792,811,13.886209523211843,38.003503080074665,13.886209523211843,17.05417962978685,8.330199194603827e-06,0.02263318171186127,0.0003680525036494651
bfo-08c53844fa5e7a0578ff0fbefe6e36589dc6b89b31ffbd3e992070e465e49792,812,13.885843253189085,37.98004927724179,13.885843253189085,17.05122521155854,8.398296741231262e-06,0.02260004647891714,0.0003716052862575201
bfo-08c53844fa5e7a0578ff0fbefe6e36589dc6b89b31ffbd3e992070e465e49792,813,13.88726009044425,37.848891493397865,13.88726009044425,17.042257985021415,7.885848261863744e-06,0.02243882794443444,0.0003514376188182187
bfo-08c53844fa5e7a0578ff0fbefe6e36589dc6b89b31ffbd3e992070e465e49792,814,13.885860879618676,37.94865792522111,13.885860879618676,17.04803366495843,8.311608200086748e-06,0.02258593511817181,0.00036799929498599926
bfo-08c53844fa5e7a0578ff0fbefe6e36589dc6b89b31ffbd3e992070e465e49792,815,13.885953644305111,37.95001413263651,13.885953644305111,17.050907757857477,8.246800996829727e-06,0.022535188001027936,0.000365952172063244
bfo-08c53844fa5e7a0578ff0fbefe6e36589dc6b89b31ffbd3e992070e465e49792,816,13.885081473337957,38.03343016815251,13.885081473337957,17.053349799513363,8.555610916704518e-06,0.022696969894977187,0.00037694947635269434
bfo-08c53844fa5e7a0578ff0fbefe6e36589dc6b89b31ffbd3e992070e465e49792,817,13.887035506333985,38.11965815175673,13.887035506333985,17.061773760864806,8.77604962172354e-06,0.02275500189053114,0.00038567562700908624
bfo-08c53844fa5e7a0578ff0fbefe6e36589dc6b89b31ffbd3e992070e465e49792,818,13.885214936947698,38.074543022236796,13.885214936947698,17.055836584539364,8.663345509086561e-06,0.022735981145439236,0.0003810411986915463
bfo-08c53844fa5e7a0578ff0fbefe6e36589dc6b89b31ffbd3e992070e465e49792,819,13.886547437096425,38.038276671628786,13.886547437096425,17.054485518309992,8.588280736144373e-06,0.022691196232338565,0.00037848514675946024
bfo-08c53844fa5e7a0578ff0fbefe6e36589dc6b89b31ffbd3e992070e465e49792,820,13.884792597348223,38.03375743301848,13.884792597348223,17.053390664634133,8.61616718677529e-06,0.02269543977946786,0.0003796431032180383
bfo-08c53844fa5e7a0578ff0fbefe6e36589dc6b89b31ffbd3e992070e465e49792,821,13.887654685623701,37.96121013254766,13.887654685623701,17.051704882381454,8.241027675058428e-06,0.022587324616175516,0.0003648518722379702
bfo-08c53844fa5e7a0578ff0fbefe6e36589dc6b89b31ffbd3e992070e465e49792,822,13.884601666961586,38.03456226447881,13.884601666961586,17.05327104654774,8.660571885359884e-06,0.022711730530428693,0.000381325935236711
bfo-08c53844fa5e7a0578ff0fbefe6e36589dc6b89b31ffbd3e992070e465e49792,823,13.883026481685917,38.085395869208085,13.883026481685917,17.054413047768954,8.870429246183104e-06,0.022795165064173235,0.0003891364340293637
bfo-08c53844fa5e7a0578ff0fbefe6e36589dc6b89b31ffbd3e992070e465e49792,824,13.885614651413471,38.01156069673971,13.885614651413471,17.052308579509166,8.4852991093201e-06,0.022689037634293002,0.00037398232776938604
bfo-08c53844fa5e7a0578ff0fbefe6e36589dc6b89b31ffbd3e992070e465e49792,825,13.883637901768834,38.02375948047293,13.883637901768834,17.05054532217409,8.605001244849555e-06,0.022729583062064688,0.00037858157016576184
bfo-08c53844fa5e7a0578ff0fbefe6e36589dc6b89b31ffbd3e992070e465e49792,826,13.884560134724216,38.11227775831364,13.884560134724216,17.057739639608805,8.99544136814719e-06,0.022779932650256973,0.0003948844584510093
bfo-08c53844fa5e7a0578ff0fbefe6e36589dc6b89b31ffbd3e992070e465e49792,827,13.883398644204066,38.06495559946772,13.883398644204066,17.05399956088054,8.733321121853722e-06,0.022759955150740873,0.00038371433792431874
bfo-08c53844fa5e7a0578ff0fbefe6e36589dc6b89b31ffbd3e992070e465e49792,828,13.881113316825344,38.053647917757516,13.881113316825344,17.050148082354983,8.91852881382404e-06,0.022748210399726666,0.00039205408500754866
bfo-08c53844fa5e7a0578ff0fbefe6e36589dc6b89b31ffbd3e992070e465e49792,829,13.869451368999181,37.93328923532409,13.869451368999181,17.027272418354233,8.918534106008376e-06,0.022846741500594403,0.00039036350570064197
bfo-08c53844fa5e7a0578ff0fbefe6e36589dc6b89b31ffbd3e992070e465e49792,830,13.872479029497352,37.861356010972386,13.872479029497352,17.02579986713409,8.539890825069536e-06,0.02273736843757742,0.0003755883557287964
bfo-08c53844fa5e7a0578ff0fbefe6e36589dc6b89b31ffbd3e992070e465e49792,831,13.868135878560558,37.90110170967218,13.868135878560558,17.02342232003751,8.903220743632447e-06,0.022842513326427876,0.0003897653737310848
bfo-08c53844fa5e7a0578ff0fbefe6e36589dc6b89b31ffbd3e992070e465e49792,832,13.868091408480705,37.88601693158951,13.868091408480705,17.024007473848087,8.689261888622624e-06,0.022807028038300117,0.0003809905382687583
bfo-08c53844fa5e7a0578ff0fbefe6e36589dc6b89b31ffbd3e992070e465e49792,833,13.868215604426176,37.967691062925496,13.868215604426176,17.03097092722671,8.870491473536898e-06,0.022884468351825508,0.00038762060525777053
bfo-08c53844fa5e7a0578ff0fbefe6e36589dc6b89b31ffbd3e992070e465e49792,834,13.867971629298792,37.89144052140311,13.867971629298792,17.024241845126628,8.723751765324326e-06,0.022830947249270574,0.0003821020507856082
bfo-08c53844fa5e7a0578ff0fbefe6e36589dc6b89b31ffbd3e992070e465e49792,835,13.868636388420125,37.83642817479547,13.868636388420125,17.022535847599713,8.432524838129847e-06,0.022726885451203827,0.00037103741540982606
bfo-08c53844fa5e7a0578ff0fbefe6e36589dc6b89b31ffbd3e992070e465e49792,836,13.868460674043797,37.8925647558942,13.868460674043797,17.024912528190256,8.733429434574658e-06,0.022826352526434657,0.00038260293336224785
bfo-08c53844fa5e7a0578ff0fbefe6e36589dc6b89b31ffbd3e992070e465e49792,837,13.86822871176118,37.905966232618,13.86822871176118,17.025206920377048,8.64815174693681e-06,0.022863118580776682,0.00037825774801378926
bfo-08c53844fa5e7a0578ff0fbefe6e36589dc6b89b31ffbd3e992070e465e49792,838,13.867533896145385,37.85421229290766,13.867533896145385,17.02176573704773,8.595968710577853e-06,0.022777314670450098,0.0003773916651259044
bfo-08c53844fa5e7a0578ff0fbefe6e36589dc6b89b31ffbd3e992070e465e49792,839,13.869228102848131,37.772678369235365,13.869228102848131,17.019398062570264,8.372306988701861e-06,0.022658467916010734,0.0003695001365377353
bfo-08c53844fa5e7a0578ff0fbefe6e36589dc6b89b31ffbd3e992070e465e49792,840,13.867356894084052,37.84586221576308,13.867356894084052,17.021021934036693,8.537910836122933e-06,0.022763614962114365,0.0003750683206657921
bfo-08c53844fa5e7a0578ff0fbefe6e36589dc6b89b31ffbd3e992070e465e49792,841,13.868774001781071,37.82852732284926,13.868774001781071,17.021439054630598,8.447636463467508e-06,0.022743120082938238,0.00037143700744054364
bfo-08c53844fa5e7a0578ff0fbefe6e36589dc6b89b31ffbd3e992070e465e49792,842,13.867308908552,37.85496842369732,13.867308908552,17.020257671397875,8.53910971899056e-06,0.022789284141242948,0.00037469846205203484
bfo-08c53844fa5e7a0578ff0fbefe6e36589dc6b89b31ffbd3e992070e465e49792,843,13.867888302335878,37.86557443931167,13.867888302335878,17.02116759689033,8.456998096128624e-06,0.02278078415096456,0.0003712338451602662
bfo-08c53844fa5e7a0578ff0fbefe6e36589dc6b89b31ffbd3e992070e465e49792,844,13.867104827479633,37.81345646880628,13.867104827479633,17.017693515856713,8.380751491609197e-06,0.02271638716847094,0.000368929769925792
bfo-08c53844fa5e7a0578ff0fbefe6e36589dc6b89b31ffbd3e992070e465e49792,845,13.870747470281838,37.74499576153117,13.870747470281838,17.01723261371985,8.022602768902793e-06,0.02260466725915393,0.0003549091290275012
bfo-08c53844fa5e7a0578ff0fbefe6e36589dc6b89b31ffbd3e992070e465e49792,846,13.867152648107304,37.809932470833836,13.867152648107304,17.018126548673763,8.347441700161848e-06,0.022693285481644215,0.0003678375132994204
bfo-08c53844fa5e7a0578ff0fbefe6e36589dc6b89b31ffbd3e992070e465e49792,847,13.870725594880154,37.70651584327179,13.870725594880154,17.01486722726049,7.905158302317755e-06,0.022534528078953783,0.0003508020347539832
bfo-08c53844fa5e7a0578ff0fbefe6e36589dc6b89b31ffbd3e992070e465e49792,848,13.867251732241218,37.84579733004004,13.867251732241218,17.019154001944166,8.558137402562545e-06,0.02276013048678006,0.00037601442608307684
bfo-08c53844fa5e7a0578ff0fbefe6e36589dc6b89b31ffbd3e992070e465e49792,849,13.867802100643893,37.81109777641916,13.867802100643893,17.01659579368003,8.328943456185322e-06,0.0227500353465154,0.00036610683584986414
bfo-08c53844fa5e7a0578ff0fbefe6e36589dc6b89b31ffbd3e992070e465e49792,850,13.8672208616093,37.87903581323816,13.8672208616093,17.022412521722035,8.577832805682673e-06,0.022804944079157067,0.000376139172975325
bfo-08c53844fa5e7a0578ff0fbefe6e36589dc6b89b31ffbd3e992070e465e49792,851,13.867980184643404,37.96932934711977,13.867980184643404,17.027425260151823,8.906872503322498e-06,0.02291691445935016,0.00038865932493318146
bfo-08c53844fa5e7a0578ff0fbefe6e36589dc6b89b31ffbd3e992070e465e49792,852,13.86724247207781,37.75172606218223,13.86724247207781,17.013798703055745,8.254322038200781e-06,0.022618869635658796,0.00036493079323414944
bfo-08c53844fa5e7a0578ff0fbefe6e36589dc6b89b31ffbd3e992070e465e49792,853,13.867433837433229,37.78556678049184,13.867433837433229,17.017542599016075,8.342487537379938e-06,0.022652559213345393,0.0003682801337724832
bfo-08c53844fa5e7a0578ff0fbefe6e36589dc6b89b31ffbd3e992070e465e49792,854,13.86704735898076,37.81370828137317,13.86704735898076,17.01737510097956,8.384319314578552e-06,0.02272396867330712,0.0003689636891828343
bfo-08c53844fa5e7a0578ff0fbefe6e36589dc6b89b31ffbd3e992070e465e49792,855,13.86643544157598,37.843145191373665,13.86643544157598,17.0177581657925,8.450235909722018e-06,0.02276027767192776,0.00037127121345028376
bfo-08c53844fa5e7a0578ff0fbefe6e36589dc6b89b31ffbd3e992070e465e49792,856,13.86318873434065,37.99277889059146,13.86318873434065,17.02201617862267,8.998342210625911e-06,0.02301708489423981,0.00039094187000534593
bfo-08c53844fa5e7a0578ff0fbefe6e36589dc6b89b31ffbd3e992070e465e49792,857,13.864896916344538,37.951605815050904,13.864896916344538,17.021976813330756,8.74633787426847e-06,0.022935798647204065,0.0003813400182310491
bfo-08c53844fa5e7a0578ff0fbefe6e36589dc6b89b31ffbd3e992070e465e49792,858,13.86327533556818,37.98130889822963,13.86327533556818,17.02187332537976,8.922031104277132e-06,0.022991363225676242,0.00038806011704052443
bfo-08c53844fa5e7a0578ff0fbefe6e36589dc6b89b31ffbd3e992070e465e49792,859,13.863394320133892,38.017826969779776,13.863394320133892,17.022797994069236,9.277806274696824e-06,0.023056334985456277,0.00040239727088234875
bfo-08c53844fa5e7a0578ff0fbefe6e36589dc6b89b31ffbd3e992070e465e49792,860,13.86285085444508,37.968873872328814,13.86285085444508,17.019384986626072,8.933433938230359e-06,0.022997631489518763,0.00038845017332770975
bfo-08c53844fa5e7a0578ff0fbefe6e36589dc6b89b31ffbd3e992070e465e49792,861,13.863077608557305,38.002043061783645,13.863077608557305,17.020906060945816,9.052416473981462e-06,0.023049378708866048,0.00039274015097419564
bfo-08c53844fa5e7a0578ff0fbefe6e36589dc6b89b31ffbd3e992070e465e49792,862,13.862514066109956,37.97599376982001,13.862514066109956,17.01889798941763,9.026959855159711e-06,0.023021416934039567,0.00039211139266638313
bfo-08c53844fa5e7a0578ff0fbefe6e36589dc6b89b31ffbd3e992070e465e49792,863,13.862308824096171,37.83097445343171,13.862308824096171,17.00845861111807,8.616199127402049e-06,0.02288206913211842,0.0003765480769091778
bfo-08c53844fa5e7a0578ff0fbefe6e36589dc6b89b31ffbd3e992070e465e49792,864,13.862213235803253,37.89954962311039,13.862213235803253,17.013467318782542,8.749449035045389e-06,0.02294889057314844,0.0003812580397800476
bfo-08c53844fa5e7a0578ff0fbefe6e36589dc6b89b31ffbd3e992070e465e49792,865,13.84997336680924,37.873414282622974,13.84997336680924,16.994568380371533,9.188562301387917e-06,0.023178359756707363,0.00039642849614192083
bfo-08c53844fa5e7a0578ff0fbefe6e36589dc6b89b31ffbd3e992070e465e49792,866,1000000.0,37.891985935540056,13.831852808124001,16.965326054588296,1.036875912638725e-05,0.02364026353101619,0.0004386059027126904
bfo-08c53844fa5e7a0578ff0fbefe6e36589dc6b89b31ffbd3e992070e465e49792,867,13.850045098009494,37.88713479400168,13.850045098009494,16.995746796532757,9.180586548825823e-06,0.023201474640267776,0.0003956897865833181
bfo-08c53844fa5e7a0578ff0fbefe6e36589dc6b89b31ffbd3e992070e465e49792,868,13.850060656309193,37.887421147092326,13.850060656309193,16.994271969768434,9.339365473244482e-06,0.02324062884357385,0.0004018551105525212
bfo-08c53844fa5e7a0578ff0fbefe6e36589dc6b89b31ffbd3e992070e465e49792,869,1000000.000048862,37.95198688316989,13.849598924977768,17.001253899400503,9.454662009305535e-06,0.023263735070357533,0.0004064120391979786
bfo-08c53844fa5e7a0578ff0fbefe6e36589dc6b89b31ffbd3e992070e465e49792,870,13.850538474231074,37.81624619297948,13.850538474231074,16.990444489666686,8.825052068027098e-06,0.023102748799950768,0.0003819914307359782
bfo-08c53844fa5e7a0578ff0fbefe6e36589dc6b89b31ffbd3e992070e465e49792,871,13.84962783827842,37.93467845627691,13.84962783827842,16.999313681393495,9.37930825212098e-06,0.02323650046982748,0.00040364547425288854
bfo-08c53844fa5e7a0578ff0fbefe6e36589dc6b89b31ffbd3e992070e465e49792,872,13.850497682621443,37.80330590970664,13.850497682621443,16.98955529320512,8.86813037158131e-06,0.02311757030313597,0.0003836099665879818
bfo-08c53844fa5e7a0578ff0fbefe6e36589dc6b89b31ffbd3e992070e465e49792,873,13.849701975697723,37.96241306943637,13.849701975697723,17.000757609554405,9.52698606353265e-06,0.023271939069491234,0.0004093765472264502
bfo-08c53844fa5e7a0578ff0fbefe6e36589dc6b89b31ffbd3e992070e465e49792,874,13.849960122103347,37.85168042360841,13.849960122103347,16.991249871714295,9.252741764357464e-06,0.023132340829450867,0.0003999915889436215
bfo-08c53844fa5e7a0578ff0fbefe6e36589dc6b89b31ffbd3e992070e465e49792,875,13.84988956436203,37.91090955670068,13.84988956436203,16.997446714755558,9.314319294726947e-06,0.02321372474674396,0.00040124191168560346
bfo-08c53844fa5e7a0578ff0fbefe6e36589dc6b89b31ffbd3e992070e465e49792,876,13.853676831665602,38.04891766825558,13.853676831665602,17.013257013587733,9.506598519737495e-06,0.02327783161004129,0.00040839708264049223
bfo-08c53844fa5e7a0578ff0fbefe6e36589dc6b89b31ffbd3e992070e465e49792,877,1000000.0000012475,37.94228401207867,13.849385029790986,16.999990938510383,9.404856423265052e-06,0.02324136915266614,0.0004046601713301461
bfo-08c53844fa5e7a0578ff0fbefe6e36589dc6b89b31ffbd3e992070e465e49792,878,13.850136315926688,37.919567634736374,13.850136315926688,16.998008678739073,9.32881256941373e-06,0.023226662498617368,0.00040164240428296807
bfo-08c53844fa5e7a0578ff0fbefe6e36589dc6b89b31ffbd3e992070e465e49792,879,13.84946836752157,37.96588537919432,13.84946836752157,17.001472959715578,9.546552010628366e-06,0.023260239804472334,0.00041042362808283746
bfo-08c53844fa5e7a0578ff0fbefe6e36589dc6b89b31ffbd3e992070e465e49792,880,13.84014977716245,37.97584713081156,13.84014977716245,16.98662112969604,1.013885249982989e-05,0.023506586410980607,0.0004313196447398138
bfo-08c53844fa5e7a0578ff0fbefe6e36589dc6b89b31ffbd3e992070e465e49792,881,1000000.0,38.141496866587126,13.830262009898908,16.98526322026554,1.1359092150495243e-05,0.023863461050228213,0.00047600354896494
bfo-08c53844fa5e7a0578ff0fbefe6e36589dc6b89b31ffbd3e992070e465e49792,882,13.840458023526693,37.944586888205244,13.840458023526693,16.98360821977323,1.0043823596331901e-05,0.023489188676686576,0.0004275934658526784
bfo-08c53844fa5e7a0578ff0fbefe6e36589dc6b89b31ffbd3e992070e465e49792,883,13.839125798030402,37.96185641826766,13.839125798030402,16.982187155936185,1.0172156567973447e-05,0.02357503245414495,0.00043148006636932473
bfo-08c53844fa5e7a0578ff0fbefe6e36589dc6b89b31ffbd3e992070e465e49792,884,1000000.0,38.060029931650526,13.831660685208748,16.977310588436705,1.1010671356311331e-05,0.02386905440265388,0.0004612948284657272
bfo-08c53844fa5e7a0578ff0fbefe6e36589dc6b89b31ffbd3e992070e465e49792,885,13.839353737953967,37.918413863809526,13.839353737953967,16.978259043694525,1.0064288551924183e-05,0.023538024403653317,0.00042757575484381405
bfo-08c53844fa5e7a0578ff0fbefe6e36589dc6b89b31ffbd3e992070e465e49792,886,13.839865793042406,37.80898653035334,13.839865793042406,16.97052733988059,9.740549437758946e-06,0.023424192078950804,0.0004158328878506719
bfo-08c53844fa5e7a0578ff0fbefe6e36589dc6b89b31ffbd3e992070e465e49792,887,13.83920443759196,37.987494432813676,13.83920443759196,16.983812253361595,1.0304282016811147e-05,0.023616436183428326,0.0004363182461899849
bfo-08c53844fa5e7a0578ff0fbefe6e36589dc6b89b31ffbd3e992070e465e49792,888,13.838724803321798,37.84513657297188,13.838724803321798,16.97191413731247,9.727912428441669e-06,0.023494579069153705,0.00041404923237009825
bfo-08c53844fa5e7a0578ff0fbefe6e36589dc6b89b31ffbd3e992070e465e49792,889,1000000.0,37.88845141657001,13.8301824649442,16.96071323312678,1.039580620872595e-05,0.023762970749596882,0.0004374792326377082
bfo-08c53844fa5e7a0578ff0fbefe6e36589dc6b89b31ffbd3e992070e465e49792,890,13.838841120230274,37.865745069473235,13.838841120230274,16.9731429113134,9.735474959143456e-06,0.023511881327781065,0.00041406618311059
bfo-08c53844fa5e7a0578ff0fbefe6e36589dc6b89b31ffbd3e992070e465e49792,891,13.838531008843459,37.682878539814055,13.838531008843459,16.959006288236182,9.188155981339934e-06,0.02334004417942842,0.0003936648924357325
bfo-08c53844fa5e7a0578ff0fbefe6e36589dc6b89b31ffbd3e992070e465e49792,892,13.829258176252832,37.68760858808631,13.829258176252832,16.943653410019834,9.721529819349367e-06,0.023583911092862085,0.0004122102471074736
bfo-08c53844fa5e7a0578ff0fbefe6e36589dc6b89b31ffbd3e992070e465e49792,893,13.81413131721505,37.73396737979504,13.81413131721505,16.92140784193071,1.086559663862157e-05,0.024021324728246488,0.0004523312832054096
bfo-08c53844fa5e7a0578ff0fbefe6e36589dc6b89b31ffbd3e992070e465e49792,894,1000000.0,37.41370319386871,13.799351067044467,16.880103886405813,1.0848494948630331e-05,0.02405215520162189,0.0004510404517886527
bfo-08c53844fa5e7a0578ff0fbefe6e36589dc6b89b31ffbd3e992070e465e49792,895,1000000.0,37.95471597928075,13.815241973923914,16.93935948881654,1.1746645996513802e-05,0.024262023939683623,0.00048415771189231537
bfo-08c53844fa5e7a0578ff0fbefe6e36589dc6b89b31ffbd3e992070e465e49792,896,13.814144864670654,37.737025050044195,13.814144864670654,16.921397034277145,1.0802120162038107e-05,0.024038183985220382,0.00044937338730245485
bfo-08c53844fa5e7a0578ff0fbefe6e36589dc6b89b31ffbd3e992070e465e49792,897,13.815170017807576,37.67773870184695,13.815170017807576,16.918154960603832,1.0503773337011222e-05,0.023960937153098254,0.0004383707227266375
bfo-08c53844fa5e7a0578ff0fbefe6e36589dc6b89b31ffbd3e992070e465e49792,898,13.813859693605814,37.732023288994746,13.813859693605814,16.920650368558825,1.0881462197874923e-05,0.02403875290106485,0.0004526633408421493
bfo-08c53844fa5e7a0578ff0fbefe6e36589dc6b89b31ffbd3e992070e465e49792,899,13.813798367168161,37.800365789062454,13.813798367168161,16.926964477097876,1.113665813700318e-05,0.024056431830748723,0.0004629389019683459
bfo-08c53844fa5e7a0578ff0fbefe6e36589dc6b89b31ffbd3e992070e465e49792,900,13.813500138325573,37.7054139074251,13.813500138325573,16.91963545221678,1.079914869296956e-05,0.023943335637083108,0.00045102941614550925
bfo-08c53844fa5e7a0578ff0fbefe6e36589dc6b89b31ffbd3e992070e465e49792,901,1000000.0,37.69237233975728,13.805677207078164,16.904501056477354,1.1317404700655007e-05,0.02416400045304249,0.00046835807351717015
bfo-08c53844fa5e7a0578ff0fbefe6e36589dc6b89b31ffbd3e992070e465e49792,902,13.813512574887387,37.712393563123136,13.813512574887387,16.92017850187425,1.08496043266737e-05,0.023967544575424733,0.0004526790090044688
bfo-08c53844fa5e7a0578ff0fbefe6e36589dc6b89b31ffbd3e992070e465e49792,903,13.812852076867724,37.720230489965104,13.812852076867724,16.92047979365502,1.0894243362987813e-05,0.0239506448558733,0.000454862214714702
bfo-08c53844fa5e7a0578ff0fbefe6e36589dc6b89b31ffbd3e992070e465e49792,904,13.813002318500786,37.64295881850633,13.813002318500786,16.913745792371735,1.0722813521064666e-05,0.023892677192424466,0.00044879079203667037
bfo-08c53844fa5e7a0578ff0fbefe6e36589dc6b89b31ffbd3e992070e465e49792,905,13.813133768428646,37.67748203272075,13.813133768428646,16.91792658168482,1.069436248420464e-05,0.023882338297895475,0.00044779377759450933
bfo-08c53844fa5e7a0578ff0fbefe6e36589dc6b89b31ffbd3e992070e465e49792,906,1000000.0,37.77215250870516,13.813607579781543,16.927063543812906,1.0914508003876982e-05,0.02397157901143263,0.00045531034892076105
bfo-08c53844fa5e7a0578ff0fbefe6e36589dc6b89b31ffbd3e992070e465e49792,907,13.813562043603014,37.70956674125905,13.813562043603014,16.921365759455853,1.0853325438615634e-05,0.023905869935765597,0.0004540025302479356
bfo-08c53844fa5e7a0578ff0fbefe6e36589dc6b89b31ffbd3e992070e465e49792,908,13.817413568390998,37.641784181621944,13.817413568390998,16.919293221432415,1.046708398090623e-05,0.023807816317570226,0.0004396490564815681
bfo-08c53844fa5e7a0578ff0fbefe6e36589dc6b89b31ffbd3e992070e465e49792,909,13.812848251698755,37.71303002846105,13.812848251698755,16.919041242442223,1.083874804024571e-05,0.02394634313022193,0.00045262643992461906
bfo-08c53844fa5e7a0578ff0fbefe6e36589dc6b89b31ffbd3e992070e465e49792,910,13.812423223139005,37.67001449223263,13.812423223139005,16.913102054176516,1.0855898466796801e-05,0.023945589144540504,0.0004533569168529688
bfo-08c53844fa5e7a0578ff0fbefe6e36589dc6b89b31ffbd3e992070e465e49792,911,13.812343457400562,37.607700645541144,13.812343457400562,16.90954235345778,1.0624721635872197e-05,0.02384297369770377,0.0004456122701211311
bfo-08c53844fa5e7a0578ff0fbefe6e36589dc6b89b31ffbd3e992070e465e49792,912,13.812601531559766,37.6142174611733,13.812601531559766,16.91013193071211,1.0595582810858438e-05,0.023831031572999827,0.00044461284768146847
bfo-08c53844fa5e7a0578ff0fbefe6e36589dc6b89b31ffbd3e992070e465e49792,913,13.8122109648651,37.6841992531887,13.8122109648651,16.914791465438014,1.0908910694677982e-05,0.023940360054828046,0.000455670285229398
bfo-08c53844fa5e7a0578ff0fbefe6e36589dc6b89b31ffbd3e992070e465e49792,914,13.810782078850746,37.653311660570964,13.810782078850746,16.90929685632444,1.0992753482817964e-05,0.023951647753956553,0.00045895604326437543
bfo-08c53844fa5e7a0578ff0fbefe6e36589dc6b89b31ffbd3e992070e465e49792,915,13.802061988994707,37.65321736972659,13.802061988994707,16.89645178677459,1.1603515759124193e-05,0.024205159164600205,0.00047938192350720893
bfo-08c53844fa5e7a0578ff0fbefe6e36589dc6b89b31ffbd3e992070e465e49792,916,13.786665295286115,37.83856281291612,13.786665295286115,16.887260367941384,1.3232384110414033e-05,0.024792434289470307,0.0005337266988757941
bfo-08c53844fa5e7a0578ff0fbefe6e36589dc6b89b31ffbd3e992070e465e49792,917,13.772674480818795,37.76321755440511,13.772674480818795,16.863030922093127,1.4056488261337871e-05,0.025121342553596854,0.0005595436721324941
bfo-08c53844fa5e7a0578ff0fbefe6e36589dc6b89b31ffbd3e992070e465e49792,918,1000000.0,37.80698990656649,13.758255892725346,16.845332125471334,1.561600697353287e-05,0.025661457508299217,0.0006085393617444554
bfo-08c53844fa5e7a0578ff0fbefe6e36589dc6b89b31ffbd3e992070e465e49792,919,13.773011801549668,37.78270756560674,13.773011801549668,16.86387953278154,1.4097704980415718e-05,0.02514960643629736,0.0005605537015509355
bfo-08c53844fa5e7a0578ff0fbefe6e36589dc6b89b31ffbd3e992070e465e49792,920,1000000.0,37.74322432857623,13.772117825430664,16.861689755463924,1.3912964831522006e-05,0.025075146711760303,0.0005548507847811232
bfo-08c53844fa5e7a0578ff0fbefe6e36589dc6b89b31ffbd3e992070e465e49792,921,1000000.0000030043,37.738629865844516,13.772451713654382,16.86121893093391,1.3908972628805617e-05,0.02509406671266929,0.0005542733582430212
bfo-08c53844fa5e7a0578ff0fbefe6e36589dc6b89b31ffbd3e992070e465e49792,922,1000000.0,37.72382134252548,13.771995875222684,16.86025141159473,1.3938032020335256e-05,0.02509610256639602,0.0005553863187903307
bfo-08c53844fa5e7a0578ff0fbefe6e36589dc6b89b31ffbd3e992070e465e49792,923,13.772205674108617,37.75122108360979,13.772205674108617,16.86284665981999,1.40472831797982e-05,0.025095974594990383,0.0005597424848605918
bfo-08c53844fa5e7a0578ff0fbefe6e36589dc6b89b31ffbd3e992070e465e49792,924,1000000.0,37.809332329465406,13.772545942443557,16.867101002598808,1.4245850122570353e-05,0.025148473369018393,0.0005664697778482449
bfo-08c53844fa5e7a0578ff0fbefe6e36589dc6b89b31ffbd3e992070e465e49792,925,13.771371792145107,37.699509429231775,13.771371792145107,16.859026137714224,1.3833656810548093e-05,0.02502610033280043,0.0005527691740457473
bfo-08c53844fa5e7a0578ff0fbefe6e36589dc6b89b31ffbd3e992070e465e49792,926,13.771148779472805,37.59994660723137,13.771148779472805,16.85310503123238,1.3448463146998942e-05,0.024917851657173456,0.0005397119836824834
bfo-08c53844fa5e7a0578ff0fbefe6e36589dc6b89b31ffbd3e992070e465e49792,927,13.773432945518236,37.616444056668406,13.773432945518236,16.856474194154053,1.339980061633952e-05,0.02487969222933537,0.0005385838575824489
bfo-08c53844fa5e7a0578ff0fbefe6e36589dc6b89b31ffbd3e992070e465e49792,928,1000000.0000081536,37.534515817034446,13.770776090718286,16.84869472784996,1.3222925089713168e-05,0.024830305687452703,0.0005325317076702363
bfo-08c53844fa5e7a0578ff0fbefe6e36589dc6b89b31ffbd3e992070e465e49792,929,1000000.0,37.72185632617402,13.771566808606226,16.861523111328193,1.3771463430642637e-05,0.025007552721644816,0.0005506921682393578
bfo-08c53844fa5e7a0578ff0fbefe6e36589dc6b89b31ffbd3e992070e465e49792,930,13.770404524141732,37.512510984684255,13.770404524141732,16.847353577453045,1.3171773278103491e-05,0.024823322920265678,0.000530620872975475
bfo-08c53844fa5e7a0578ff0fbefe6e36589dc6b89b31ffbd3e992070e465e49792,931,13.77072108830984,37.4298857575644,13.77072108830984,16.84266916001311,1.2774352605369688e-05,0.0247506994598855,0.0005161208727080065
bfo-08c53844fa5e7a0578ff0fbefe6e36589dc6b89b31ffbd3e992070e465e49792,932,13.770043308689663,37.47855979839143,13.770043308689663,16.84525587358025,1.2932772618194077e-05,0.02477786551577301,0.0005219486161938112
bfo-08c53844fa5e7a0578ff0fbefe6e36589dc6b89b31ffbd3e992070e465e49792,933,13.770395227337303,37.44834428674433,13.770395227337303,16.843645397171656,1.2841774437681524e-05,0.024786134657421136,0.0005181031498122928
bfo-08c53844fa5e7a0578ff0fbefe6e36589dc6b89b31ffbd3e992070e465e49792,934,13.769982402682466,37.44820434264426,13.769982402682466,16.843838023715133,1.270175112965059e-05,0.02473090946176077,0.0005135982220666081
bfo-08c53844fa5e7a0578ff0fbefe6e36589dc6b89b31ffbd3e992070e465e49792,935,13.769099010024531,37.42630705674594,13.769099010024531,16.84296414826123,1.28203748080925e-05,0.024703561206183087,0.0005189686904284745
bfo-08c53844fa5e7a0578ff0fbefe6e36589dc6b89b31ffbd3e992070e465e49792,936,13.768162374715002,37.51944031024851,13.768162374715002,16.848674880495796,1.3181999732245327e-05,0.02478674767765252,0.0005318164328646507
bfo-08c53844fa5e7a0578ff0fbefe6e36589dc6b89b31ffbd3e992070e465e49792,937,13.768360474138436,37.673086176265556,13.768360474138436,16.856969550030776,1.3858147730384268e-05,0.02496666687850486,0.0005550659925020062
bfo-08c53844fa5e7a0578ff0fbefe6e36589dc6b89b31ffbd3e992070e465e49792,938,13.76806633366451,37.483870550179546,13.76806633366451,16.846148188529856,1.2959522363005294e-05,0.024748661443403465,0.0005236453855349635
bfo-08c53844fa5e7a0578ff0fbefe6e36589dc6b89b31ffbd3e992070e465e49792,939,13.768393285273163,37.511472827568895,13.768393285273163,16.84849197956708,1.3057956721319886e-05,0.024794139134728707,0.0005266549748053095
bfo-08c53844fa5e7a0578ff0fbefe6e36589dc6b89b31ffbd3e992070e465e49792,940,13.768349208863665,37.50137395771084,13.768349208863665,16.847771743219823,1.3035594325787057e-05,0.02477106725911826,0.00052624274075186
bfo-08c53844fa5e7a0578ff0fbefe6e36589dc6b89b31ffbd3e992070e465e49792,941,13.768669037406607,37.47848670444763,13.768669037406607,16.846921665199833,1.3005929332923184e-05,0.02473993289238343,0.00052570592610327
bfo-08c53844fa5e7a0578ff0fbefe6e36589dc6b89b31ffbd3e992070e465e49792,942,1000000.0000100537,37.51796522328265,13.767940894569259,16.848276431869774,1.3015247715591015e-05,0.024795452150429213,0.0005249046331815215
bfo-08c53844fa5e7a0578ff0fbefe6e36589dc6b89b31ffbd3e992070e465e49792,943,1000000.0,37.60489221173394,13.769355540038584,16.8533871202252,1.3323613584426616e-05,0.024866372833093262,0.0005358084861775645
bfo-08c53844fa5e7a0578ff0fbefe6e36589dc6b89b31ffbd3e992070e465e49792,944,1000000.0000211258,37.43123746577771,13.767787615485245,16.842409286704516,1.273898854054007e-05,0.024729940028161757,0.0005151241178115786
bfo-08c53844fa5e7a0578ff0fbefe6e36589dc6b89b31ffbd3e992070e465e49792,945,1000000.0,37.55832136398411,13.769429077799687,16.85157764736183,1.3076499206974696e-05,0.024805500924846843,0.0005271612634065537
bfo-08c53844fa5e7a0578ff0fbefe6e36589dc6b89b31ffbd3e992070e465e49792,946,13.767844571381463,37.44312692849208,13.767844571381463,16.843683247805334,1.2738626179319275e-05,0.024708891596766393,0.0005155482644549849
bfo-08c53844fa5e7a0578ff0fbefe6e36589dc6b89b31ffbd3e992070e465e49792,947,13.76993271190773,37.42496007793552,13.76993271190773,16.844761919646615,1.2671920400367988e-05,0.024666732261180088,0.0005137251366007143
bfo-08c53844fa5e7a0578ff0fbefe6e36589dc6b89b31ffbd3e992070e465e49792,948,13.767720748448841,37.471082002969084,13.767720748448841,16.84538991175673,1.2871683516980684e-05,0.024733392249874187,0.0005204172313664802
bfo-08c53844fa5e7a0578ff0fbefe6e36589dc6b89b31ffbd3e992070e465e49792,949,13.767871926873402,37.430839032171804,13.767871926873402,16.842669189619677,1.2729395484943242e-05,0.024666139916493985,0.0005160675942015244
bfo-08c53844fa5e7a0578ff0fbefe6e36589dc6b89b31ffbd3e992070e465e49792,950,13.767790379749995,37.46866554932359,13.767790379749995,16.845197445561386,1.2797362256586749e-05,0.024728307002405695,0.0005175187389634784
bfo-08c53844fa5e7a0578ff0fbefe6e36589dc6b89b31ffbd3e992070e465e49792,951,13.767646479201442,37.381186439860585,13.767646479201442,16.84090265451883,1.2652060820376535e-05,0.024562863256097717,0.0005150890060520802
bfo-08c53844fa5e7a0578ff0fbefe6e36589dc6b89b31ffbd3e992070e465e49792,952,13.767569662394234,37.334829889377474,13.767569662394234,16.840473214711164,1.2598039093194695e-05,0.024463200822853914,0.0005149791797247319
bfo-08c53844fa5e7a0578ff0fbefe6e36589dc6b89b31ffbd3e992070e465e49792,953,13.767927013461202,37.33619334911245,13.767927013461202,16.84216510712167,1.2594708930567933e-05,0.024473258658360964,0.0005146314639331905
bfo-08c53844fa5e7a0578ff0fbefe6e36589dc6b89b31ffbd3e992070e465e49792,954,13.767412111020434,37.36521959416587,13.767412111020434,16.842313663674247,1.26997988057763e-05,0.02447180160907152,0.0005189564302886705
bfo-08c53844fa5e7a0578ff0fbefe6e36589dc6b89b31ffbd3e992070e465e49792,955,13.768007938317584,37.36379072541311,13.768007938317584,16.84244532872171,1.2781800495976104e-05,0.024496133048543405,0.0005217884990519407
bfo-08c53844fa5e7a0578ff0fbefe6e36589dc6b89b31ffbd3e992070e465e49792,956,13.767970052948941,37.31390124036103,13.767970052948941,16.84034900019823,1.2480688868922001e-05,0.024391465865997733,0.000511682608068274
bfo-08c53844fa5e7a0578ff0fbefe6e36589dc6b89b31ffbd3e992070e465e49792,957,13.767322527638179,37.38061872849401,13.767322527638179,16.843656768176473,1.2593936570120987e-05,0.024465837974108652,0.0005147559868355505
bfo-08c53844fa5e7a0578ff0fbefe6e36589dc6b89b31ffbd3e992070e465e49792,958,13.767697494228054,37.31611435871532,13.767697494228054,16.8406905705738,1.2556005973540921e-05,0.024364751196682535,0.0005153348734072247
bfo-08c53844fa5e7a0578ff0fbefe6e36589dc6b89b31ffbd3e992070e465e49792,959,13.767347851525326,37.38294972474472,13.767347851525326,16.843789438816145,1.2638395869677621e-05,0.024485281367821524,0.0005161629829701267
bfo-08c53844fa5e7a0578ff0fbefe6e36589dc6b89b31ffbd3e992070e465e49792,960,13.767429949299942,37.409271946481226,13.767429949299942,16.846574728700517,1.260822201629429e-05,0.024468838647474574,0.0005152766830474639
bfo-08c53844fa5e7a0578ff0fbefe6e36589dc6b89b31ffbd3e992070e465e49792,961,13.767207409235004,37.389558676299956,13.767207409235004,16.8437527263986,1.2619443886530769e-05,0.024490520549039607,0.0005152787120739922
bfo-08c53844fa5e7a0578ff0fbefe6e36589dc6b89b31ffbd3e992070e465e49792,962,13.768191075962108,37.192465331352885,13.768191075962108,16.834010313535472,1.1909026540046435e-05,0.02428118300972748,0.0004904631926407977
bfo-08c53844fa5e7a0578ff0fbefe6e36589dc6b89b31ffbd3e992070e465e49792,963,13.767475425317,37.355564427425584,13.767475425317,16.84194070036607,1.2567204877330914e-05,0.02446815442727284,0.0005136147442049483
bfo-08c53844fa5e7a0578ff0fbefe6e36589dc6b89b31ffbd3e992070e465e49792,964,13.770579688284593,37.17211856651723,13.770579688284593,16.83459629791316,1.196738066686943e-05,0.02422329153124795,0.0004940443643437786
bfo-08c53844fa5e7a0578ff0fbefe6e36589dc6b89b31ffbd3e992070e465e49792,965,13.767122311252447,37.38350194055322,13.767122311252447,16.842830282183435,1.252524156547779e-05,0.024487225393957684,0.0005115010526496171
bfo-08c53844fa5e7a0578ff0fbefe6e36589dc6b89b31ffbd3e992070e465e49792,966,13.766222690775187,37.43196533666415,13.766222690775187,16.846061769709546,1.274493621316753e-05,0.02454258198294098,0.0005192989157386236
bfo-08c53844fa5e7a0578ff0fbefe6e36589dc6b89b31ffbd3e992070e465e49792,967,13.766987620410793,37.421562416879254,13.766987620410793,16.84557998664257,1.2698219992708347e-05,0.024510145011734926,0.0005180801658508636
bfo-08c53844fa5e7a0578ff0fbefe6e36589dc6b89b31ffbd3e992070e465e49792,968,13.766125440243236,37.45863655414015,13.766125440243236,16.846990810119394,1.2837178785905513e-05,0.024583043658053846,0.000522196476745052
bfo-08c53844fa5e7a0578ff0fbefe6e36589dc6b89b31ffbd3e992070e465e49792,969,1000000.0,37.478329328714516,13.766048077540676,16.84888549012526,1.2722384293620347e-05,0.02456123333526641,0.0005179863779622511
bfo-08c53844fa5e7a0578ff0fbefe6e36589dc6b89b31ffbd3e992070e465e49792,970,13.766022377924111,37.439151617783246,13.766022377924111,16.845173400809283,1.2853961425944577e-05,0.024579486425056633,0.0005229548414339972
bfo-08c53844fa5e7a0578ff0fbefe6e36589dc6b89b31ffbd3e992070e465e49792,971,13.76803585259459,37.374229804760304,13.76803585259459,16.843369008741874,1.2583330332182158e-05,0.024471879047091125,0.0005141955102004269
bfo-08c53844fa5e7a0578ff0fbefe6e36589dc6b89b31ffbd3e992070e465e49792,972,13.7661233640197,37.44049033387559,13.7661233640197,16.84527362568471,1.282417168940366e-05,0.024570968213501677,0.000521923742604364
bfo-08c53844fa5e7a0578ff0fbefe6e36589dc6b89b31ffbd3e992070e465e49792,973,13.767261261885677,37.40294926250871,13.767261261885677,16.844280998666044,1.2634665412793969e-05,0.024504242184255936,0.0005156113507934469
bfo-08c53844fa5e7a0578ff0fbefe6e36589dc6b89b31ffbd3e992070e465e49792,974,13.766062976894963,37.470148955680706,13.766062976894963,16.84643675973101,1.2988791678021816e-05,0.024632303858412623,0.0005273072203348035
bfo-08c53844fa5e7a0578ff0fbefe6e36589dc6b89b31ffbd3e992070e465e49792,975,13.766376834448826,37.49049190231014,13.766376834448826,16.849866932789112,1.3047502402968858e-05,0.024612015367978645,0.0005301273466594797
bfo-08c53844fa5e7a0578ff0fbefe6e36589dc6b89b31ffbd3e992070e465e49792,976,13.766794562522678,37.523377587009776,13.766794562522678,16.850528251424873,1.3132415369970033e-05,0.02467274959417689,0.000532263958657833
bfo-08c53844fa5e7a0578ff0fbefe6e36589dc6b89b31ffbd3e992070e465e49792,977,13.762241430272141,37.41760270030254,13.762241430272141,16.839851948362195,1.2988672998676212e-05,0.02461984710100489,0.0005275691983540411
bfo-08c53844fa5e7a0578ff0fbefe6e36589dc6b89b31ffbd3e992070e465e49792,978,1000000.0,37.378945063549665,13.763175467812678,16.83869505011596,1.269106320350722e-05,0.02457011680458681,0.0005165243333779358
bfo-08c53844fa5e7a0578ff0fbefe6e36589dc6b89b31ffbd3e992070e465e49792,979,1000000.0000027507,37.41155791823169,13.765570023260164,16.844405438552645,1.2683046147244934e-05,0.024500669889430574,0.0005176611988358863
bfo-08c53844fa5e7a0578ff0fbefe6e36589dc6b89b31ffbd3e992070e465e49792,980,1000000.0,37.47234601983597,13.756349961178104,16.834210644384633,1.3741455774172299e-05,0.02487443936723223,0.0005524327833605082
bfo-08c53844fa5e7a0578ff0fbefe6e36589dc6b89b31ffbd3e992070e465e49792,981,13.763184317947097,37.48675347252118,13.763184317947097,16.844633981547524,1.3241836854418002e-05,0.024679791197754514,0.0005365457409389593
bfo-08c53844fa5e7a0578ff0fbefe6e36589dc6b89b31ffbd3e992070e465e49792,982,1000000.0,37.44341172414215,13.76093537227972,16.839073292366123,1.336065735539551e-05,0.024730193675630768,0.0005402568831703552
bfo-08c53844fa5e7a0578ff0fbefe6e36589dc6b89b31ffbd3e992070e465e49792,983,13.76206948064521,37.42447061192259,13.76206948064521,16.840435519594028,1.2959823407791794e-05,0.024613889627409406,0.0005265248038392137
bfo-08c53844fa5e7a0578ff0fbefe6e36589dc6b89b31ffbd3e992070e465e49792,984,13.761605307019522,37.376538044485045,13.761605307019522,16.83769400089665,1.2685039140649575e-05,0.024528737066182388,0.0005171501128012969
bfo-08c53844fa5e7a0578ff0fbefe6e36589dc6b89b31ffbd3e992070e465e49792,985,1000000.0,37.485030647471255,13.763884102744921,16.846568516293893,1.2929316687027013e-05,0.02458678902564357,0.000525864384875226
bfo-08c53844fa5e7a0578ff0fbefe6e36589dc6b89b31ffbd3e992070e465e49792,986,13.761592624160404,37.37716266454396,13.761592624160404,16.838130563029793,1.2612526958675628e-05,0.024502288326494554,0.0005147489406137461
bfo-08c53844fa5e7a0578ff0fbefe6e36589dc6b89b31ffbd3e992070e465e49792,987,13.767056235492637,37.34046372087498,13.767056235492637,16.844551632247427,1.2036894091780745e-05,0.024262244788490924,0.0004961162578612917
bfo-08c53844fa5e7a0578ff0fbefe6e36589dc6b89b31ffbd3e992070e465e49792,988,1000000.0000707018,37.367640041692425,13.761366587146396,16.838106786008776,1.2659994647167415e-05,0.02448718319905031,0.0005170049386349349
bfo-08c53844fa5e7a0578ff0fbefe6e36589dc6b89b31ffbd3e992070e465e49792,989,13.76386477189801,37.31543381629564,13.76386477189801,16.837236208783853,1.2041978786269703e-05,0.024376967219024773,0.0004939900307562318
bfo-08c53844fa5e7a0578ff0fbefe6e36589dc6b89b31ffbd3e992070e465e49792,990,13.761028148706057,37.42244074050084,13.761028148706057,16.840839339691254,1.2777741152090695e-05,0.024548731557540164,0.000520505147980487
bfo-08c53844fa5e7a0578ff0fbefe6e36589dc6b89b31ffbd3e992070e465e49792,991,13.756724058293551,37.43927256244056,13.756724058293551,16.834813029113615,1.3126098603152137e-05,0.024700782949249933,0.0005314041514441439
bfo-08c53844fa5e7a0578ff0fbefe6e36589dc6b89b31ffbd3e992070e465e49792,992,13.757604290545684,37.44362558751534,13.757604290545684,16.837313010860555,1.3046135088010377e-05,0.02467115586291571,0.0005288011295660691
bfo-08c53844fa5e7a0578ff0fbefe6e36589dc6b89b31ffbd3e992070e465e49792,993,13.75645044242589,37.51241119479741,13.75645044242589,16.838238405815563,1.345209386478478e-05,0.024796923156728296,0.0005424904444701133
bfo-08c53844fa5e7a0578ff0fbefe6e36589dc6b89b31ffbd3e992070e465e49792,994,13.756552814840756,37.509194078796,13.756552814840756,16.837677919427648,1.3462076494779694e-05,0.02481571452596187,0.0005424819213122334
bfo-08c53844fa5e7a0578ff0fbefe6e36589dc6b89b31ffbd3e992070e465e49792,995,13.756179444327579,37.518377148795565,13.756179444327579,16.83822487735569,1.3447896135290502e-05,0.02480772097243804,0.0005420851093186444
bfo-08c53844fa5e7a0578ff0fbefe6e36589dc6b89b31ffbd3e992070e465e49792,996,13.75213933256084,37.415783432530176,13.75213933256084,16.827610463331443,1.3431843707199088e-05,0.024808061885417818,0.0005414305949911519
bfo-08c53844fa5e7a0578ff0fbefe6e36589dc6b89b31ffbd3e992070e465e49792,997,13.743279159484452,37.539998594635165,13.743279159484452,16.824236190244168,1.4469332786730859e-05,0.02516878640927226,0.0005748919535270207
bfo-08c53844fa5e7a0578ff0fbefe6e36589dc6b89b31ffbd3e992070e465e49792,998,13.730560398274688,37.43686269069819,13.730560398274688,16.801653110737433,1.4988875012147585e-05,0.02541387416295661,0.0005897910297358537
bfo-08c53844fa5e7a0578ff0fbefe6e36589dc6b89b31ffbd3e992070e465e49792,999,13.716219468774375,37.73518574036881,13.716219468774375,16.80287989194118,1.7320913212576482e-05,0.026131702403007596,0.0006628314124143306
bfo-08c53844fa5e7a0578ff0fbefe6e36589dc6b89b31ffbd3e992070e465e49792,1000,13.724147330677692,38.49733205639537,13.724147330677692,16.861975262274544,2.0801215869313394e-05,0.02692391677064324,0.0007725924889202677
bfo-08c53844fa5e7a0578ff0fbefe6e36589dc6b89b31ffbd3e992070e465e49792,1001,1000000.0,37.69653280230965,13.704120085684899,16.78820199816668,1.79548719233074e-05,0.02631961287813483,0.000682186018709398
bfo-08c53844fa5e7a0578ff0fbefe6e36589dc6b89b31ffbd3e992070e465e49792,1002,1000000.0001259459,37.72699456263672,13.715806757735516,16.802597679288265,1.7314114509271488e-05,0.026121113403083734,0.0006628398354270559
bfo-08c53844fa5e7a0578ff0fbefe6e36589dc6b89b31ffbd3e992070e465e49792,1003,1000000.0,37.71493642512124,13.716346664086684,16.800979004629266,1.739603861484359e-05,0.026152016091154872,0.0006651891981944471
bfo-08c53844fa5e7a0578ff0fbefe6e36589dc6b89b31ffbd3e992070e465e49792,1004,1000000.0000636132,37.7259020317521,13.716000292236112,16.80207491309787,1.7267775690321036e-05,0.026115137246557486,0.0006612171143231226
bfo-08c53844fa5e7a0578ff0fbefe6e36589dc6b89b31ffbd3e992070e465e49792,1005,1000000.0,37.62837410822334,13.715049688013362,16.793346226533973,1.6622168228825626e-05,0.026025715733089132,0.0006386824631182833
bfo-08c53844fa5e7a0578ff0fbefe6e36589dc6b89b31ffbd3e992070e465e49792,1006,1000000.0000089422,37.70834022425669,13.715815112172933,16.80079524022511,1.723034020130591e-05,0.026108369197579126,0.0006599546708916457
bfo-08c53844fa5e7a0578ff0fbefe6e36589dc6b89b31ffbd3e992070e465e49792,1007,1000000.0,37.69774236107543,13.715705393850387,16.799384572402243,1.7142214977724935e-05,0.02613330216240946,0.0006559528861370821
bfo-08c53844fa5e7a0578ff0fbefe6e36589dc6b89b31ffbd3e992070e465e49792,1008,1000000.0000330372,37.71304495815829,13.715815993543591,16.800947538970107,1.7130889604196406e-05,0.026107411617165253,0.0006561695910495044
bfo-08c53844fa5e7a0578ff0fbefe6e36589dc6b89b31ffbd3e992070e465e49792,1009,1000000.0,37.85409842885156,13.718620277055514,16.812707090268315,1.7792795308080885e-05,0.026213622357791868,0.0006787614113465729
bfo-08c53844fa5e7a0578ff0fbefe6e36589dc6b89b31ffbd3e992070e465e49792,1010,1000000.0000110397,37.74850437719743,13.716390566999367,16.80379823133685,1.741942944762415e-05,0.026155129350395486,0.0006660043318562581
bfo-08c53844fa5e7a0578ff0fbefe6e36589dc6b89b31ffbd3e992070e465e49792,1011,1000000.0,37.81535817777783,13.718104193884574,16.810355091595184,1.761973133149179e-05,0.026202417247694117,0.0006724467885894143
bfo-08c53844fa5e7a0578ff0fbefe6e36589dc6b89b31ffbd3e992070e465e49792,1012,1000000.0000908499,37.68926564443876,13.715432891879509,16.79963184865087,1.720214801928506e-05,0.02606994320077721,0.000659846010664581
bfo-08c53844fa5e7a0578ff0fbefe6e36589dc6b89b31ffbd3e992070e465e49792,1013,1000000.0,37.83129174811691,13.718468394168562,16.810322526982205,1.7602330127172437e-05,0.02623899571090168,0.00067084618333388
bfo-08c53844fa5e7a0578ff0fbefe6e36589dc6b89b31ffbd3e992070e465e49792,1014,1000000.0001853601,37.78486216868766,13.717223730188461,16.808056556931223,1.7415060895323233e-05,0.026155388313705005,0.0006658307147440828
bfo-08c53844fa5e7a0578ff0fbefe6e36589dc6b89b31ffbd3e992070e465e49792,1015,1000000.0,37.59865502448143,13.714509775883691,16.792254044088732,1.6928293206528858e-05,0.026008284370638096,0.0006508808103328783
bfo-08c53844fa5e7a0578ff0fbefe6e36589dc6b89b31ffbd3e992070e465e49792,1016,1000000.000013481,37.74612482155638,13.716279547869307,16.804425778699642,1.738811710181581e-05,0.026147317781351143,0.0006650057664506379
bfo-08c53844fa5e7a0578ff0fbefe6e36589dc6b89b31ffbd3e992070e465e49792,1017,1000000.0,37.83436394659891,13.718592190942651,16.810669089119276,1.763973990694171e-05,0.026193219264385684,0.0006734468080800613
bfo-08c53844fa5e7a0578ff0fbefe6e36589dc6b89b31ffbd3e992070e465e49792,1018,1000000.0000875633,37.71655683117793,13.716118077984618,16.802675842710364,1.7274364519259393e-05,0.026096516084843823,0.0006619414048640728
bfo-08c53844fa5e7a0578ff0fbefe6e36589dc6b89b31ffbd3e992070e465e49792,1019,13.714999325029403,37.640237569701966,13.714999325029403,16.79530119436447,1.669664500390989e-05,0.02602102343780541,0.0006416598118754882
bfo-08c53844fa5e7a0578ff0fbefe6e36589dc6b89b31ffbd3e992070e465e49792,1020,1000000.0,37.627654679288796,13.715172587107864,16.79527054332408,1.6391349399224098e-05,0.02598273318750126,0.0006308554716294819
bfo-08c53844fa5e7a0578ff0fbefe6e36589dc6b89b31ffbd3e992070e465e49792,1021,1000000.0000816819,37.62596928870025,13.714943509447288,16.794096546161693,1.678371443137972e-05,0.026026635157129635,0.0006448668577421563
bfo-08c53844fa5e7a0578ff0fbefe6e36589dc6b89b31ffbd3e992070e465e49792,1022,1000000.0,37.62467532952069,13.71463779853937,16.794418670589508,1.6642727040220844e-05,0.02595898794982203,0.000641116174189485
bfo-08c53844fa5e7a0578ff0fbefe6e36589dc6b89b31ffbd3e992070e465e49792,1023,1000000.000007771,37.5668766999778,13.713614934313382,16.78951471844862,1.6381000273469487e-05,0.025963084061711862,0.0006309343001984416
bfo-08c53844fa5e7a0578ff0fbefe6e36589dc6b89b31ffbd3e992070e465e49792,1024,1000000.0,37.753825752840115,13.718051438059828,16.80640553097717,1.6942179141698096e-05,0.026048168420300083,0.0006504172910865615
bfo-08c53844fa5e7a0578ff0fbefe6e36589dc6b89b31ffbd3e992070e465e49792,1025,1000000.0000293218,37.65411135734095,13.715175720314322,16.79664041883403,1.667158623983649e-05,0.02600525547178281,0.0006410852705494902
bfo-08c53844fa5e7a0578ff0fbefe6e36589dc6b89b31ffbd3e992070e465e49792,1026,1000000.0,37.61104192382864,13.715268100615294,16.793037083547713,1.6482951203708433e-05,0.025980716598644843,0.0006344301990718834
bfo-08c53844fa5e7a0578ff0fbefe6e36589dc6b89b31ffbd3e992070e465e49792,1027,13.7149294309214,37.63202763969315,13.7149294309214,16.794758047199622,1.666670315366883e-05,0.026006263005334998,0.0006408726678742646
bfo-08c53844fa5e7a0578ff0fbefe6e36589dc6b89b31ffbd3e992070e465e49792,1028,13.715959195854962,37.62423758325697,13.715959195854962,16.79471474738047,1.6610819929588284e-05,0.025999785560031814,0.0006388829589088333
bfo-08c53844fa5e7a0578ff0fbefe6e36589dc6b89b31ffbd3e992070e465e49792,1029,1000000.0000439147,37.62253361712959,13.71452381026649,16.793518617600874,1.6733242761936988e-05,0.026030165378692148,0.0006428404321869786
bfo-08c53844fa5e7a0578ff0fbefe6e36589dc6b89b31ffbd3e992070e465e49792,1030,1000000.0,37.58017551818443,13.71466737136971,16.791366633608686,1.6490509045727143e-05,0.025943564377658483,0.000635630047038875
bfo-08c53844fa5e7a0578ff0fbefe6e36589dc6b89b31ffbd3e992070e465e49792,1031,1000000.0000500571,37.61070940469135,13.714707662357336,16.793251999593057,1.664916055976921e-05,0.025985289229915238,0.0006407148449439644
bfo-08c53844fa5e7a0578ff0fbefe6e36589dc6b89b31ffbd3e992070e465e49792,1032,1000000.0,37.694558482327594,13.7159760518876,16.79971008353976,1.7056378053006314e-05,0.026075542822009752,0.0006541140167026332
bfo-08c53844fa5e7a0578ff0fbefe6e36589dc6b89b31ffbd3e992070e465e49792,1033,1000000.0000162548,37.560917170018726,13.714030427158006,16.789501520727075,1.637270624474304e-05,0.025940172699818725,0.0006311718288929301
bfo-08c53844fa5e7a0578ff0fbefe6e36589dc6b89b31ffbd3e992070e465e49792,1034,13.713866137973566,37.529408789397785,13.713866137973566,16.787625218821304,1.6226874267375183e-05,0.025920682469510625,0.0006260203328543588
bfo-08c53844fa5e7a0578ff0fbefe6e36589dc6b89b31ffbd3e992070e465e49792,1035,13.715552782525865,37.57330921277524,13.715552782525865,16.792203880899017,1.6146616360430235e-05,0.025892809598283106,0.0006235946044843615
bfo-08c53844fa5e7a0578ff0fbefe6e36589dc6b89b31ffbd3e992070e465e49792,1036,1000000.0000195092,37.52729148728207,13.713875039735365,16.788530020500957,1.6215636739883028e-05,0.025900878895506865,0.0006260651156010009
bfo-08c53844fa5e7a0578ff0fbefe6e36589dc6b89b31ffbd3e992070e465e49792,1037,1000000.0,37.6190981336265,13.71509662267596,16.79503916201587,1.6434673383147374e-05,0.02596999479539216,0.0006328331411935195
bfo-08c53844fa5e7a0578ff0fbefe6e36589dc6b89b31ffbd3e992070e465e49792,1038,1000000.0000032213,37.61890732410019,13.715197224875865,16.79422539799593,1.657436785011789e-05,0.02601593077230002,0.0006370853303378691
bfo-08c53844fa5e7a0578ff0fbefe6e36589dc6b89b31ffbd3e992070e465e49792,1039,1000000.0,37.46855330529847,13.71383147126485,16.783194390128077,1.5989137600109796e-05,0.025858492410463875,0.0006183321651667382
bfo-08c53844fa5e7a0578ff0fbefe6e36589dc6b89b31ffbd3e992070e465e49792,1040,13.713546036112906,37.50643800284688,13.713546036112906,16.786462017068548,1.6048112980803234e-05,0.025871145490793408,0.0006203093321288834
bfo-08c53844fa5e7a0578ff0fbefe6e36589dc6b89b31ffbd3e992070e465e49792,1041,1000000.0,37.35626870728483,13.713444528655142,16.776380961664287,1.5416683804713e-05,0.025707169402412036,0.0005997036687853504
bfo-08c53844fa5e7a0578ff0fbefe6e36589dc6b89b31ffbd3e992070e465e49792,1042,13.714014364687872,37.533838253942164,13.714014364687872,16.78981900125665,1.609053771159667e-05,0.025866528714777924,0.0006220601878598388
bfo-08c53844fa5e7a0578ff0fbefe6e36589dc6b89b31ffbd3e992070e465e49792,1043,13.715035557055847,37.53678722442455,13.715035557055847,16.79097471687221,1.5907501582830404e-05,0.025816247793002026,0.000616181782510719
bfo-08c53844fa5e7a0578ff0fbefe6e36589dc6b89b31ffbd3e992070e465e49792,1044,1000000.000006053,37.495172541764404,13.713403128585702,16.7850646241738,1.6033276478613455e-05,0.025866565186997845,0.000619845594600739
bfo-08c53844fa5e7a0578ff0fbefe6e36589dc6b89b31ffbd3e992070e465e49792,1045,1000000.0,37.5322542882124,13.714514685714288,16.788311440076672,1.6055995135696707e-05,0.025921036568159257,0.0006194194855393817
bfo-08c53844fa5e7a0578ff0fbefe6e36589dc6b89b31ffbd3e992070e465e49792,1046,1000000.0000177757,37.4787566784815,13.71323052580363,16.784766114794138,1.591553446095149e-05,0.0258332887911966,0.0006160862672032353
bfo-08c53844fa5e7a0578ff0fbefe6e36589dc6b89b31ffbd3e992070e465e49792,1047,13.714101986235917,37.74473083056923,13.714101986235917,16.80239062522954,1.6977716156216774e-05,0.026106539058290617,0.000650324277695675
bfo-08c53844fa5e7a0578ff0fbefe6e36589dc6b89b31ffbd3e992070e465e49792,1048,1000000.000048909,37.52302867759703,13.7125344824233,16.786394909837885,1.6208862975952815e-05,0.025918417448734556,0.000625380118520477
bfo-08c53844fa5e7a0578ff0fbefe6e36589dc6b89b31ffbd3e992070e465e49792,1049,1000000.0,37.463996487030954,13.713819263847853,16.785248998954028,1.5782851136913132e-05,0.025770394080486408,0.0006124412023976016
bfo-08c53844fa5e7a0578ff0fbefe6e36589dc6b89b31ffbd3e992070e465e49792,1050,13.711275864692356,37.58295796598521,13.711275864692356,16.78817876365911,1.653125389842103e-05,0.026025672588772288,0.000635190266150999
bfo-08c53844fa5e7a0578ff0fbefe6e36589dc6b89b31ffbd3e992070e465e49792,1051,13.705854155297773,37.51319888443459,13.705854155297773,16.77749085232619,1.6596631306579843e-05,0.02608140293078511,0.0006363396689443441
bfo-08c53844fa5e7a0578ff0fbefe6e36589dc6b89b31ffbd3e992070e465e49792,1052,13.70550072732858,37.7370365988489,13.70550072732858,16.79217252482613,1.7500730781465037e-05,0.026311258853146852,0.0006651422829725964
bfo-08c53844fa5e7a0578ff0fbefe6e36589dc6b89b31ffbd3e992070e465e49792,1053,13.704601343398041,37.84471720004312,13.704601343398041,16.7959478330578,1.8109576533948995e-05,0.026493820217527414,0.0006835396475578223
bfo-08c53844fa5e7a0578ff0fbefe6e36589dc6b89b31ffbd3e992070e465e49792,1054,13.704780824771303,37.83036885714394,13.704780824771303,16.79566830675231,1.7925922101036442e-05,0.026435334899185477,0.0006781045963442201
bfo-08c53844fa5e7a0578ff0fbefe6e36589dc6b89b31ffbd3e992070e465e49792,1055,13.703591809959436,37.802070291602845,13.703591809959436,16.792202724169076,1.7956162770765334e-05,0.02645473652768474,0.0006787503913325429
bfo-08c53844fa5e7a0578ff0fbefe6e36589dc6b89b31ffbd3e992070e465e49792,1056,13.703176129021891,37.83788951498208,13.703176129021891,16.7946681179259,1.815538116724604e-05,0.026512851301897365,0.0006847766375828
bfo-08c53844fa5e7a0578ff0fbefe6e36589dc6b89b31ffbd3e992070e465e49792,1057,13.699570477212736,37.93194106640161,13.699570477212736,16.79635830933666,1.8960213436711493e-05,0.02673648097915208,0.0007091514194218688
bfo-08c53844fa5e7a0578ff0fbefe6e36589dc6b89b31ffbd3e992070e465e49792,1058,13.69285860553021,37.77193378733904,13.69285860553021,16.77793067789998,1.870532319590091e-05,0.026735625434839653,0.0006996403821369251
bfo-08c53844fa5e7a0578ff0fbefe6e36589dc6b89b31ffbd3e992070e465e49792,1059,13.694602497181036,38.01109995938509,13.694602497181036,16.79654673176809,1.9659316843319098e-05,0.026944028335600136,0.0007296353981837222
bfo-08c53844fa5e7a0578ff0fbefe6e36589dc6b89b31ffbd3e992070e465e49792,1060,13.691470832025143,37.71287679202839,13.691470832025143,16.77322885583032,1.852387682859675e-05,0.026699968112573316,0.0006937789869446941
bfo-08c53844fa5e7a0578ff0fbefe6e36589dc6b89b31ffbd3e992070e465e49792,1061,1000000.0,37.816893821970126,13.690642803991656,16.77691329517331,1.9128140499485317e-05,0.026876778256923084,0.0007116976713739183
bfo-08c53844fa5e7a0578ff0fbefe6e36589dc6b89b31ffbd3e992070e465e49792,1062,13.690530066121966,37.66644527508504,13.690530066121966,16.770058653398852,1.8374576657999743e-05,0.026644629380712725,0.0006896165225439602
bfo-08c53844fa5e7a0578ff0fbefe6e36589dc6b89b31ffbd3e992070e465e49792,1063,13.68981150559674,37.56299120593012,13.68981150559674,16.763716162779787,1.7884887934519904e-05,0.02649353011849866,0.0006750662465336049
bfo-08c53844fa5e7a0578ff0fbefe6e36589dc6b89b31ffbd3e992070e465e49792,1064,13.690803223836724,37.56909948201121,13.690803223836724,16.766619258144548,1.7792643037008544e-05,0.026457596055770038,0.0006724965865947678
bfo-08c53844fa5e7a0578ff0fbefe6e36589dc6b89b31ffbd3e992070e465e49792,1065,13.690638763413387,37.62080302186156,13.690638763413387,16.7676917771622,1.811109779335545e-05,0.026545353219625933,0.0006822699868979429
bfo-08c53844fa5e7a0578ff0fbefe6e36589dc6b89b31ffbd3e992070e465e49792,1066,13.688327111905805,37.652883549654305,13.688327111905805,16.7662924184348,1.838265166488314e-05,0.026650478705758505,0.0006897681601835957
bfo-08c53844fa5e7a0578ff0fbefe6e36589dc6b89b31ffbd3e992070e465e49792,1067,13.689211196862644,37.886554822680566,13.689211196862644,16.78345691533564,1.930847516735712e-05,0.026871476605647635,0.0007185490939228482
bfo-08c53844fa5e7a0578ff0fbefe6e36589dc6b89b31ffbd3e992070e465e49792,1068,1000000.0000138904,37.702536279094225,13.689006479385256,16.771363202818577,1.8692150029787137e-05,0.026693496042016963,0.0007002511023795726
bfo-08c53844fa5e7a0578ff0fbefe6e36589dc6b89b31ffbd3e992070e465e49792,1069,13.68564517869391,37.607615646139735,13.68564517869391,16.758267737673034,1.815692668148352e-05,0.026666317222928202,0.0006808936730817801
bfo-08c53844fa5e7a0578ff0fbefe6e36589dc6b89b31ffbd3e992070e465e49792,1070,13.68567090995175,37.54179218027051,13.68567090995175,16.753516407296246,1.778557213684488e-05,0.02660091675456783,0.0006686074882660122
bfo-08c53844fa5e7a0578ff0fbefe6e36589dc6b89b31ffbd3e992070e465e49792,1071,13.685018724622852,37.55970609954389,13.685018724622852,16.754449645273535,1.801860991259815e-05,0.026620720977489624,0.0006768640837276577
bfo-08c53844fa5e7a0578ff0fbefe6e36589dc6b89b31ffbd3e992070e465e49792,1072,13.681157460949521,37.66778514574774,13.681157460949521,16.75744980418245,1.8964786815752136e-05,0.02687053824863547,0.000705783659421679
bfo-08c53844fa5e7a0578ff0fbefe6e36589dc6b89b31ffbd3e992070e465e49792,1073,13.675154561841397,37.505434688763565,13.675154561841397,16.739895273902334,1.8691724951844535e-05,0.026852681646223862,0.0006960841080269927
bfo-08c53844fa5e7a0578ff0fbefe6e36589dc6b89b31ffbd3e992070e465e49792,1074,13.678029306502438,37.61597476091539,13.678029306502438,16.751238303078352,1.8692897728276367e-05,0.02686835663715387,0.0006957216617568495
bfo-08c53844fa5e7a0578ff0fbefe6e36589dc6b89b31ffbd3e992070e465e49792,1075,1000000.0000303892,37.50059560858125,13.67495366795173,16.739582810520403,1.8548590635742062e-05,0.026821569141647482,0.000691555014465598
bfo-08c53844fa5e7a0578ff0fbefe6e36589dc6b89b31ffbd3e992070e465e49792,1076,1000000.0,37.49530334064811,13.675893234061656,16.741774622109812,1.8609061541896254e-05,0.02679190482853294,0.0006945777711959438
bfo-08c53844fa5e7a0578ff0fbefe6e36589dc6b89b31ffbd3e992070e465e49792,1077,13.674425709188064,37.508602807278855,13.674425709188064,16.739110463994873,1.8774517395124364e-05,0.02689210636398464,0.0006981423151095449
bfo-08c53844fa5e7a0578ff0fbefe6e36589dc6b89b31ffbd3e992070e465e49792,1078,1000000.0,37.578485961494486,13.673622857309299,16.7430684101766,1.9223785325522584e-05,0.02698988223193312,0.000712258955423597
bfo-08c53844fa5e7a0578ff0fbefe6e36589dc6b89b31ffbd3e992070e465e49792,1079,13.674345847135324,37.513737202217385,13.674345847135324,16.739570175298557,1.893088713756094e-05,0.026904526034914594,0.0007036320622409
bfo-08c53844fa5e7a0578ff0fbefe6e36589dc6b89b31ffbd3e992070e465e49792,1080,13.67399349040443,37.5029964218205,13.67399349040443,16.73695274995953,1.8879908910769727e-05,0.02692427814944542,0.0007012224731142368
bfo-08c53844fa5e7a0578ff0fbefe6e36589dc6b89b31ffbd3e992070e465e49792,1081,13.675678905590406,37.569485451953746,13.675678905590406,16.74109531326366,1.9253644721777068e-05,0.027032977771422394,0.0007122280380865344
bfo-08c53844fa5e7a0578ff0fbefe6e36589dc6b89b31ffbd3e992070e465e49792,1082,1000000.0000080653,37.47579031596018,13.673620351650834,16.735253807429356,1.8755587433918677e-05,0.026881454696601855,0.0006977147496519083
bfo-08c53844fa5e7a0578ff0fbefe6e36589dc6b89b31ffbd3e992070e465e49792,1083,1000000.0,37.5380935469865,13.674905995161755,16.739908214502627,1.9089345252445963e-05,0.026952638252355537,0.0007082551649940109
bfo-08c53844fa5e7a0578ff0fbefe6e36589dc6b89b31ffbd3e992070e465e49792,1084,13.673987253837444,37.50822764105651,13.673987253837444,16.73765261914971,1.8889851564242405e-05,0.026921410353203366,0.0007016664920749485
bfo-08c53844fa5e7a0578ff0fbefe6e36589dc6b89b31ffbd3e992070e465e49792,1085,1000000.0,37.375263975938445,13.672690501259268,16.728216689022823,1.820265391082066e-05,0.02677153496479268,0.0006799256723515861
bfo-08c53844fa5e7a0578ff0fbefe6e36589dc6b89b31ffbd3e992070e465e49792,1086,13.674454212155757,37.54388456552182,13.674454212155757,16.740794279145213,1.9054544752811105e-05,0.02697062330859283,0.0007064925617325401
bfo-08c53844fa5e7a0578ff0fbefe6e36589dc6b89b31ffbd3e992070e465e49792,1087,13.672621205036704,37.443964431040314,13.672621205036704,16.733273334058907,1.856169087117457e-05,0.026832446380832733,0.0006917628980872119
bfo-08c53844fa5e7a0578ff0fbefe6e36589dc6b89b31ffbd3e992070e465e49792,1088,13.673253737617772,37.45181795658416,13.673253737617772,16.734021337919305,1.851534641076515e-05,0.026865330337800402,0.0006891910941706698
bfo-08c53844fa5e7a0578ff0fbefe6e36589dc6b89b31ffbd3e992070e465e49792,1089,1000000.000039943,37.42504995015544,13.672642469401207,16.7317749247121,1.846647852404099e-05,0.026805609194335674,0.0006889035197880584
bfo-08c53844fa5e7a0578ff0fbefe6e36589dc6b89b31ffbd3e992070e465e49792,1090,13.674504655244085,37.54108188369861,13.674504655244085,16.740065274338193,1.902795511748956e-05,0.026978326783287973,0.0007053052352111265
bfo-08c53844fa5e7a0578ff0fbefe6e36589dc6b89b31ffbd3e992070e465e49792,1091,13.672466315170643,37.435470221306645,13.672466315170643,16.73265729551197,1.8487038927511718e-05,0.026830574946372084,0.0006890288025680738
bfo-08c53844fa5e7a0578ff0fbefe6e36589dc6b89b31ffbd3e992070e465e49792,1092,13.672088531270937,37.39721449107353,13.672088531270937,16.73157180300328,1.8511275559447787e-05,0.026799848846445654,0.0006907231330113586
bfo-08c53844fa5e7a0578ff0fbefe6e36589dc6b89b31ffbd3e992070e465e49792,1093,13.672551360775755,37.49724857968453,13.672551360775755,16.7378060734442,1.880855590092055e-05,0.026906566571777996,0.0006990321805179201
bfo-08c53844fa5e7a0578ff0fbefe6e36589dc6b89b31ffbd3e992070e465e49792,1094,13.672424380333831,37.440262511570154,13.672424380333831,16.734747580159237,1.8791494034596767e-05,0.026853765695669034,0.0006997712815237474
bfo-08c53844fa5e7a0578ff0fbefe6e36589dc6b89b31ffbd3e992070e465e49792,1095,13.672162620186722,37.34451849684555,13.672162620186722,16.729762261584668,1.81930436490817e-05,0.026700669754398436,0.0006813703107984674
bfo-08c53844fa5e7a0578ff0fbefe6e36589dc6b89b31ffbd3e992070e465e49792,1096,13.671804331510561,37.395791675347205,13.671804331510561,16.731024892212936,1.8654378940210436e-05,0.026814218589206282,0.0006956898213591619
bfo-08c53844fa5e7a0578ff0fbefe6e36589dc6b89b31ffbd3e992070e465e49792,1097,13.671899840855621,37.471205589760174,13.671899840855621,16.735524156088072,1.9030264023458945e-05,0.026944144856573694,0.000706285693042362
bfo-08c53844fa5e7a0578ff0fbefe6e36589dc6b89b31ffbd3e992070e465e49792,1098,13.670560367327637,37.33285782642221,13.670560367327637,16.725434502855904,1.8503969784548082e-05,0.026785711218020567,0.000690814951073586
bfo-08c53844fa5e7a0578ff0fbefe6e36589dc6b89b31ffbd3e992070e465e49792,1099,1000000.0,37.395803005448315,13.671297464990962,16.731012104857914,1.8759603867478236e-05,0.0268340181564366,0.0006990978301540138
bfo-08c53844fa5e7a0578ff0fbefe6e36589dc6b89b31ffbd3e992070e465e49792,1100,13.670291574530658,37.32903408094749,13.670291574530658,16.724887767030868,1.8505511129693664e-05,0.026805635036665502,0.0006903589899803271
