run_id,evaluation_index,training_objective,expected_energy,cvar_0.10,cvar_0.25,p_opt,p_feas,p_opt_given_feas
bfo-3ed506cdc7713a779b325406e3f8d32c94d0d2e89746b5e238f3801e4f9cd867,0,16.884048327046226,50.34839880946495,16.884048327046226,23.15085480858525,0.0018219275080643689,0.011814926170528393,0.15420557706141702
bfo-3ed506cdc7713a779b325406e3f8d32c94d0d2e89746b5e238f3801e4f9cd867,1,16.884048327046226,50.34839880946495,16.884048327046226,23.15085480858525,0.0018219275080643689,0.011814926170528393,0.15420557706141702
bfo-3ed506cdc7713a779b325406e3f8d32c94d0d2e89746b5e238f3801e4f9cd867,2,42.75654537028904,94.2547392321145,42.75654537028904,54.42287197823759,3.1985803697607186e-06,0.0002760676437262778,0.011586219690896207
bfo-3ed506cdc7713a779b325406e3f8d32c94d0d2e89746b5e238f3801e4f9cd867,3,28.305212264113447,70.59920384241929,28.305212264113447,37.05881542897244,6.713064270404376e-05,0.00484077230774855,0.013867754654890247
bfo-3ed506cdc7713a779b325406e3f8d32c94d0d2e89746b5e238f3801e4f9cd867,4,39.741753764863184,85.7726274433603,39.741753764863184,49.084472916060356,7.044094093234632e-05,0.0006892298437790594,0.10220239527951575
bfo-3ed506cdc7713a779b325406e3f8d32c94d0d2e89746b5e238f3801e4f9cd867,5,39.01354343425721,82.75902107168083,39.01354343425721,47.53401349171219,2.9888696376369976e-05,0.0005899115128285915,0.05066640627685907
bfo-3ed506cdc7713a779b325406e3f8d32c94d0d2e89746b5e238f3801e4f9cd867,6,39.773028228211025,83.69367536451918,39.773028228211025,48.4631098708845,1.4605433976128662e-05,0.0005591804109626765,0.026119359136676783
bfo-3ed506cdc7713a779b325406e3f8d32c94d0d2e89746b5e238f3801e4f9cd867,7,39.96521851226783,83.89754369980673,39.96521851226783,48.736088535415995,8.828118362625806e-06,0.0005343169958145622,0.01652224883688644
bfo-3ed506cdc7713a779b325406e3f8d32c94d0d2e89746b5e238f3801e4f9cd867,8,39.94352114651398,83.89567095296466,39.94352114651398,48.74969810743274,7.914935290649188e-06,0.0005316642496591941,0.014887093303194258
bfo-3ed506cdc7713a779b325406e3f8d32c94d0d2e89746b5e238f3801e4f9cd867,9,39.83457484091282,83.83084520879244,39.83457484091282,48.76482925874781,5.168078067423317e-06,0.0005251927842598051,0.009840344769220489
bfo-3ed506cdc7713a779b325406e3f8d32c94d0d2e89746b5e238f3801e4f9cd867,10,39.747067039607025,83.75719371971121,39.747067039607025,48.712706345097736,5.034455772443257e-06,0.0005281796470212968,0.009531711039672573
bfo-3ed506cdc7713a779b325406e3f8d32c94d0d2e89746b5e238f3801e4f9cd867,11,39.45802590195667,83.54737636933459,39.45802590195667,48.508962407368024,5.5415826615041355e-06,0.0005510289059791949,0.010056791216164198
bfo-3ed506cdc7713a779b325406e3f8d32c94d0d2e89746b5e238f3801e4f9cd867,12,39.458025901956645,83.54737636933459,39.458025901956645,48.50896240736803,5.541582661504121e-06,0.000551028905979195,0.01005679121616417
bfo-3ed506cdc7713a779b325406e3f8d32c94d0d2e89746b5e238f3801e4f9cd867,13,39.213934069973405,83.42431436568363,39.213934069973405,48.330788658048135,6.1497078172550675e-06,0.0005876240477360529,0.01046537806093561
bfo-3ed506cdc7713a779b325406e3f8d32c94d0d2e89746b5e238f3801e4f9cd867,14,37.93529867587194,82.92574476025368,37.93529867587194,47.420689683629995,7.023826659831021e-06,0.0009230447264069475,0.00760941096231819
bfo-3ed506cdc7713a779b325406e3f8d32c94d0d2e89746b5e238f3801e4f9cd867,15,37.935298675871934,82.92574476025368,37.935298675871934,47.420689683629966,7.02382665983095e-06,0.0009230447264069468,0.00760941096231812
bfo-3ed506cdc7713a779b325406e3f8d32c94d0d2e89746b5e238f3801e4f9cd867,16,36.693386884866435,82.47983095945796,36.693386884866435,46.52982090994769,6.43134248411993e-06,0.001387677290583194,0.004634609593861015
bfo-3ed506cdc7713a779b325406e3f8d32c94d0d2e89746b5e238f3801e4f9cd867,17,36.488617818644556,82.49002287185016,36.488617818644556,46.3923099269456,1.1882123781665777e-05,0.0015134423245927466,0.007851058205910257
bfo-3ed506cdc7713a779b325406e3f8d32c94d0d2e89746b5e238f3801e4f9cd867,18,36.650459877426904,82.73009196981131,36.650459877426904,46.56300089888496,2.000998411445037e-05,0.0014065349630364018,0.014226439185879307
bfo-3ed506cdc7713a779b325406e3f8d32c94d0d2e89746b5e238f3801e4f9cd867,19,35.86789826921004,81.91265698943883,35.86789826921004,45.82549024304391,3.0399740458102122e-05,0.0016116721719178213,0.018862235749797507
bfo-3ed506cdc7713a779b325406e3f8d32c94d0d2e89746b5e238f3801e4f9cd867,20,16.77083168575603,50.662851193331264,16.77083168575603,23.16607218194789,0.0013753729175713446,0.012536126693121295,0.10971274870140123
bfo-3ed506cdc7713a779b325406e3f8d32c94d0d2e89746b5e238f3801e4f9cd867,21,16.88968879580906,50.59224222572388,16.88968879580906,23.448807442094793,0.0009885292482295063,0.010638270569567999,0.09292198781419495
bfo-3ed506cdc7713a779b325406e3f8d32c94d0d2e89746b5e238f3801e4f9cd867,22,16.88968879580906,50.59224222572388,16.88968879580906,23.44880744209479,0.0009885292482295055,0.010638270569567999,0.09292198781419486
bfo-3ed506cdc7713a779b325406e3f8d32c94d0d2e89746b5e238f3801e4f9cd867,23,24.228586371730447,66.50362388811439,24.228586371730447,32.35761758814074,0.0007937932974386012,0.006583680565057971,0.12056983773659312
bfo-3ed506cdc7713a779b325406e3f8d32c94d0d2e89746b5e238f3801e4f9cd867,24,16.447343550923623,51.25661797905299,16.447343550923623,23.654655666026393,3.5590702126251843e-06,0.011603187733505441,0.00030673210624249315
bfo-3ed506cdc7713a779b325406e3f8d32c94d0d2e89746b5e238f3801e4f9cd867,25,28.789956305349353,71.72504322963627,28.789956305349353,37.08488429288869,2.7250423890918983e-05,0.0032900041043658246,0.008282793281247813
bfo-3ed506cdc7713a779b325406e3f8d32c94d0d2e89746b5e238f3801e4f9cd867,26,22.660563255757005,64.54725222305984,22.660563255757005,30.593530584094058,2.7138488911676792e-05,0.0026958045244099135,0.0100669349969346
bfo-3ed506cdc7713a779b325406e3f8d32c94d0d2e89746b5e238f3801e4f9cd867,27,22.82412768624547,64.92498842242992,22.82412768624547,30.784858140806666,2.852846605062075e-05,0.002610562077463519,0.01092809333932394
bfo-3ed506cdc7713a779b325406e3f8d32c94d0d2e89746b5e238f3801e4f9cd867,28,23.665138653573447,66.45903469322366,23.665138653573447,31.667900429720017,1.7925004580002896e-05,0.002253975196667156,0.007952618381297067
bfo-3ed506cdc7713a779b325406e3f8d32c94d0d2e89746b5e238f3801e4f9cd867,29,23.670315639531577,66.47124850268978,23.670315639531577,31.67422120727138,1.7850716107793324e-05,0.0022521632986859416,0.007926030993493496
bfo-3ed506cdc7713a779b325406e3f8d32c94d0d2e89746b5e238f3801e4f9cd867,30,24.569713543352222,68.82900928505637,24.569713543352222,32.900143493625485,6.472703516610385e-05,0.002217488071474801,0.029189349876888118
bfo-3ed506cdc7713a779b325406e3f8d32c94d0d2e89746b5e238f3801e4f9cd867,31,26.203262263416605,71.66750892960476,26.203262263416605,34.881528851596855,0.00011807886567925294,0.0025587580276616724,0.046146944886054586
bfo-3ed506cdc7713a779b325406e3f8d32c94d0d2e89746b5e238f3801e4f9cd867,32,28.457502730155078,74.32477413561696,28.457502730155078,37.17993707567751,9.679525922775658e-05,0.002236816356811465,0.04327367283997163
bfo-3ed506cdc7713a779b325406e3f8d32c94d0d2e89746b5e238f3801e4f9cd867,33,28.574171526371693,74.45832711153648,28.574171526371693,37.30046577313709,9.541868223039079e-05,0.002213393807843545,0.043109672527436436
bfo-3ed506cdc7713a779b325406e3f8d32c94d0d2e89746b5e238f3801e4f9cd867,34,29.522732246537366,75.58373689530416,29.522732246537366,38.30721705114898,8.260023057175479e-05,0.0020426001660573635,0.0404387662080681
bfo-3ed506cdc7713a779b325406e3f8d32c94d0d2e89746b5e238f3801e4f9cd867,35,30.027428221736734,76.21321531231186,30.027428221736734,38.85262486162139,7.36392500730152e-05,0.00197454776058046,0.03729423594766196
bfo-3ed506cdc7713a779b325406e3f8d32c94d0d2e89746b5e238f3801e4f9cd867,36,30.090535952800177,76.29894051484054,30.090535952800177,38.92528983929259,7.216785612339053e-05,0.001966754138046504,0.03669388802968117
bfo-3ed506cdc7713a779b325406e3f8d32c94d0d2e89746b5e238f3801e4f9cd867,37,30.45932704742063,78.63260967621446,30.45932704742063,40.174517606720755,1.584861820306554e-05,0.0026072576817272714,0.006078654332534578
bfo-3ed506cdc7713a779b325406e3f8d32c94d0d2e89746b5e238f3801e4f9cd867,38,30.99781125825747,79.75431453195719,30.99781125825747,40.89734521578543,4.574326304941485e-05,0.0022474087770399994,0.020353779658038914
bfo-3ed506cdc7713a779b325406e3f8d32c94d0d2e89746b5e238f3801e4f9cd867,39,30.291270290878735,71.2476924013517,30.291270290878735,38.021146579130274,8.858514597365044e-05,0.0025383638871094207,0.034898521218140785
bfo-3ed506cdc7713a779b325406e3f8d32c94d0d2e89746b5e238f3801e4f9cd867,40,29.156852674050533,74.9338319973868,29.156852674050533,37.97610480435747,1.0430873988474734e-05,0.001984976686274415,0.005254910075569878
bfo-3ed506cdc7713a779b325406e3f8d32c94d0d2e89746b5e238f3801e4f9cd867,41,24.05772637080809,63.365073374564346,24.05772637080809,31.87519948836371,2.0751816483235058e-05,0.005983352314139288,0.0034682591620413764
bfo-3ed506cdc7713a779b325406e3f8d32c94d0d2e89746b5e238f3801e4f9cd867,42,26.851857802196516,65.4612716901473,26.851857802196516,33.45665843165855,9.942064249504369e-06,0.0013755412715096228,0.007227746964359126
bfo-3ed506cdc7713a779b325406e3f8d32c94d0d2e89746b5e238f3801e4f9cd867,43,25.871477005160834,60.893055063729996,25.871477005160834,32.12463118597731,1.4007296931431107e-06,0.0025883030976999854,0.0005411768406829267
bfo-3ed506cdc7713a779b325406e3f8d32c94d0d2e89746b5e238f3801e4f9cd867,44,1000000.0,81.27052050779727,35.929450055864976,45.51313545930018,0.0001583287529094799,0.0006759398463447384,0.23423497485119427
bfo-3ed506cdc7713a779b325406e3f8d32c94d0d2e89746b5e238f3801e4f9cd867,45,35.211159254652316,85.8913574245556,35.211159254652316,46.10735995852326,8.992367245047067e-06,0.0012413642748429537,0.007243939129942096
bfo-3ed506cdc7713a779b325406e3f8d32c94d0d2e89746b5e238f3801e4f9cd867,46,33.9989773384531,83.60540233696533,33.9989773384531,43.55310587998425,2.1717576714308103e-06,0.00042375456158613516,0.005125036679963537
bfo-3ed506cdc7713a779b325406e3f8d32c94d0d2e89746b5e238f3801e4f9cd867,47,36.065222899424136,87.15011547459257,36.065222899424136,47.069413115620975,1.032978227759461e-05,0.0012721518711342398,0.008119928533677871
bfo-3ed506cdc7713a779b325406e3f8d32c94d0d2e89746b5e238f3801e4f9cd867,48,16.513148771811604,50.773772709286234,16.513148771811604,23.718760876121404,7.689957859140808e-07,0.011546038103044267,6.660256782898758e-05
bfo-3ed506cdc7713a779b325406e3f8d32c94d0d2e89746b5e238f3801e4f9cd867,49,1000000.0,55.29335621423435,19.978195259646643,27.215091809454137,3.747969346704584e-05,0.008298605041178722,0.004516384775642037
bfo-3ed506cdc7713a779b325406e3f8d32c94d0d2e89746b5e238f3801e4f9cd867,50,1000000.0032025201,51.446410250813486,16.788727931772634,24.097576277458167,8.002694703269551e-06,0.011176978961528037,0.0007159980108055495
bfo-3ed506cdc7713a779b325406e3f8d32c94d0d2e89746b5e238f3801e4f9cd867,51,1000000.0,77.12167965132411,30.782255558997964,39.90127977220062,3.1851743852420716e-06,0.0007662277476235812,0.0041569551548097
bfo-3ed506cdc7713a779b325406e3f8d32c94d0d2e89746b5e238f3801e4f9cd867,52,1000000.0055141036,51.09047382448919,16.08152526018836,23.127105010942348,3.076654127798914e-07,0.012535587736668682,2.4543357618559744e-05
bfo-3ed506cdc7713a779b325406e3f8d32c94d0d2e89746b5e238f3801e4f9cd867,53,1000000.0,73.4158931570208,27.472087724520303,36.72965754407875,2.1398090122833485e-06,0.004450252397626764,0.00048082868590205546
bfo-3ed506cdc7713a779b325406e3f8d32c94d0d2e89746b5e238f3801e4f9cd867,54,1000000.0060522896,51.29076198516183,16.354008103541968,23.545813489320444,1.6584138804403765e-06,0.011614180453841515,0.00014279215714199086
bfo-3ed506cdc7713a779b325406e3f8d32c94d0d2e89746b5e238f3801e4f9cd867,55,1000000.0,64.7974759653913,24.761751079488466,32.4963917923899,5.832059571633959e-06,0.002578470210649953,0.002261829338786069
bfo-3ed506cdc7713a779b325406e3f8d32c94d0d2e89746b5e238f3801e4f9cd867,56,1000000.0044072862,51.40457802011409,16.38235040011181,23.586687567307983,1.805395861589347e-06,0.011775138528324592,0.00015332268552480674
bfo-3ed506cdc7713a779b325406e3f8d32c94d0d2e89746b5e238f3801e4f9cd867,57,1000000.0,76.54727993260727,30.047953214162806,39.11092297710549,5.043124086514758e-06,0.0009253037643545877,0.005450236215165954
bfo-3ed506cdc7713a779b325406e3f8d32c94d0d2e89746b5e238f3801e4f9cd867,58,1000000.0058745946,51.47266115402763,16.386586517257133,23.597430888940345,1.5933004157396569e-06,0.01180905135602623,0.0001349219651692501
bfo-3ed506cdc7713a779b325406e3f8d32c94d0d2e89746b5e238f3801e4f9cd867,59,1000000.0,80.51092710565226,31.84080391398971,41.7771201864862,4.442624022140341e-06,0.0005471275347556197,0.00811990576223638
bfo-3ed506cdc7713a779b325406e3f8d32c94d0d2e89746b5e238f3801e4f9cd867,60,1000000.0025486585,51.5476062952871,16.83378479072607,24.17965076194584,7.823458426601988e-06,0.01040343395558232,0.0007520073141238181
bfo-3ed506cdc7713a779b325406e3f8d32c94d0d2e89746b5e238f3801e4f9cd867,61,1000000.0,78.16931467962631,30.58864055358021,40.00489244884923,3.2961741090698322e-06,0.000750487191258772,0.004392045790336871
bfo-3ed506cdc7713a779b325406e3f8d32c94d0d2e89746b5e238f3801e4f9cd867,62,16.289084978151077,51.84751569539695,16.289084978151077,23.477838823637402,7.185035613233282e-07,0.012597715877371575,5.703443134591784e-05
bfo-3ed506cdc7713a779b325406e3f8d32c94d0d2e89746b5e238f3801e4f9cd867,63,1000000.0,66.1863730878703,25.82942773679804,33.681045700911795,4.294354387507851e-06,0.0015942223347092887,0.002693698547568611
bfo-3ed506cdc7713a779b325406e3f8d32c94d0d2e89746b5e238f3801e4f9cd867,64,16.292712347841622,53.14068114609505,16.292712347841622,23.52575151328948,1.4378766569410642e-06,0.013515258786506444,0.00010638913243574973
bfo-3ed506cdc7713a779b325406e3f8d32c94d0d2e89746b5e238f3801e4f9cd867,65,19.684769881211352,55.653955985682316,19.684769881211352,27.14992371421929,4.036776138035065e-06,0.006910607606970771,0.0005841419984493324
bfo-3ed506cdc7713a779b325406e3f8d32c94d0d2e89746b5e238f3801e4f9cd867,66,16.387065896836038,53.807662529038694,16.387065896836038,23.664311412528143,4.488034332274062e-06,0.013659003391062756,0.0003285769981732807
bfo-3ed506cdc7713a779b325406e3f8d32c94d0d2e89746b5e238f3801e4f9cd867,67,18.973743410979267,55.71467063284352,18.973743410979267,26.24386731953389,6.369253833532997e-05,0.009462892424472263,0.0067307685090673575
bfo-3ed506cdc7713a779b325406e3f8d32c94d0d2e89746b5e238f3801e4f9cd867,68,1000000.000000013,51.662810880172444,17.383385210193747,24.820841928874877,1.2749047547934263e-05,0.008828165287919831,0.0014441333088064897
bfo-3ed506cdc7713a779b325406e3f8d32c94d0d2e89746b5e238f3801e4f9cd867,69,1000000.0,56.92537980800528,17.153724480635145,24.904240233659884,1.805866788884215e-05,0.013672719856279695,0.0013207809476581977
bfo-3ed506cdc7713a779b325406e3f8d32c94d0d2e89746b5e238f3801e4f9cd867,70,1000000.0000000001,52.301912187311814,16.38551021788877,23.637235941220595,5.852366013387346e-07,0.012430167125442029,4.708195758212085e-05
bfo-3ed506cdc7713a779b325406e3f8d32c94d0d2e89746b5e238f3801e4f9cd867,71,20.555090533832576,56.94555955007843,20.555090533832576,27.96487202779918,9.782368182513759e-06,0.005274528249251069,0.0018546432439531932
bfo-3ed506cdc7713a779b325406e3f8d32c94d0d2e89746b5e238f3801e4f9cd867,72,16.2803274777002,51.90275319637799,16.2803274777002,23.45935156988124,8.879893455472537e-07,0.012528227573639838,7.08790880695397e-05
bfo-3ed506cdc7713a779b325406e3f8d32c94d0d2e89746b5e238f3801e4f9cd867,73,21.458284309867988,63.61967935414822,21.458284309867988,28.905496993040575,2.1033597148628034e-05,0.00913831182589917,0.0023016939615713343
bfo-3ed506cdc7713a779b325406e3f8d32c94d0d2e89746b5e238f3801e4f9cd867,74,1000000.000000007,51.84267919766284,16.278628076620716,23.43156367326717,3.2600510297696786e-06,0.012822485934269637,0.000254244851308965
bfo-3ed506cdc7713a779b325406e3f8d32c94d0d2e89746b5e238f3801e4f9cd867,75,16.94041745385161,55.16716152110219,16.94041745385161,24.590216539691014,7.676077642872486e-07,0.012102979851768477,6.342303909355732e-05
bfo-3ed506cdc7713a779b325406e3f8d32c94d0d2e89746b5e238f3801e4f9cd867,76,1000000.0000005567,51.26507235144991,15.905407069390321,22.871844361567835,6.223482098530013e-07,0.013229355974379338,4.704297103035653e-05
bfo-3ed506cdc7713a779b325406e3f8d32c94d0d2e89746b5e238f3801e4f9cd867,77,17.029330905969353,54.45571549289416,17.029330905969353,24.622248479909523,7.416840423096118e-06,0.012242695561020108,0.0006058175984307592
bfo-3ed506cdc7713a779b325406e3f8d32c94d0d2e89746b5e238f3801e4f9cd867,78,1000000.0000005681,52.54080827319344,16.705626484331923,24.036781250849337,3.0300042714191366e-06,0.012007017485732987,0.00025235278244738603
bfo-3ed506cdc7713a779b325406e3f8d32c94d0d2e89746b5e238f3801e4f9cd867,79,17.443251326175925,53.32375334970356,17.443251326175925,24.987501600620224,6.98141041941623e-06,0.00952334521502402,0.0007330838336514741
bfo-3ed506cdc7713a779b325406e3f8d32c94d0d2e89746b5e238f3801e4f9cd867,80,1000000.0000005636,52.004408149145135,16.25167321355526,23.47815521194439,8.990541628855508e-07,0.01184128344920728,7.592539835246815e-05
bfo-3ed506cdc7713a779b325406e3f8d32c94d0d2e89746b5e238f3801e4f9cd867,81,18.38575802534671,54.23707487689524,18.38575802534671,25.87642857586925,1.3342952059394502e-05,0.008340516270401421,0.0015997753168764358
bfo-3ed506cdc7713a779b325406e3f8d32c94d0d2e89746b5e238f3801e4f9cd867,82,1000000.0000006043,52.011569690513035,16.225149398646803,23.438319820833346,7.968890663668835e-07,0.011946170901105745,6.670665211169237e-05
bfo-3ed506cdc7713a779b325406e3f8d32c94d0d2e89746b5e238f3801e4f9cd867,83,16.197402809019348,51.56670493713703,16.197402809019348,23.35779529344903,7.673934612683646e-06,0.012907636205125817,0.0005945267197441009
bfo-3ed506cdc7713a779b325406e3f8d32c94d0d2e89746b5e238f3801e4f9cd867,84,1000000.0,59.06115436819302,19.98839195164468,27.595282822845675,2.3832834719458835e-05,0.008271343446044408,0.002881374092966285
bfo-3ed506cdc7713a779b325406e3f8d32c94d0d2e89746b5e238f3801e4f9cd867,85,16.39398021481293,51.902384195026144,16.39398021481293,23.6043397012451,1.2450951679313904e-05,0.01202091665020879,0.001035773896585303
bfo-3ed506cdc7713a779b325406e3f8d32c94d0d2e89746b5e238f3801e4f9cd867,86,1000000.0,53.16695618384809,17.08526333249238,24.592162253522922,1.3845894081815554e-05,0.009843828341791185,0.0014065558237168682
bfo-3ed506cdc7713a779b325406e3f8d32c94d0d2e89746b5e238f3801e4f9cd867,87,16.480146071312483,52.26516280974172,16.480146071312483,23.77459667892792,1.0997510758125418e-05,0.012228837972222711,0.0008993095487163865
bfo-3ed506cdc7713a779b325406e3f8d32c94d0d2e89746b5e238f3801e4f9cd867,88,19.764513035121798,56.19406402669539,19.764513035121798,27.152645181859743,1.9138596040615625e-05,0.007645661351260362,0.0025031969323962657
bfo-3ed506cdc7713a779b325406e3f8d32c94d0d2e89746b5e238f3801e4f9cd867,89,16.49060707243039,51.8452832956934,16.49060707243039,23.682657280435457,5.498046260211402e-06,0.011786280359707189,0.00046647848960110704
bfo-3ed506cdc7713a779b325406e3f8d32c94d0d2e89746b5e238f3801e4f9cd867,90,1000000.0,53.50381959365008,17.119022562878392,24.649366402721242,1.7870167558677155e-05,0.010013776534119468,0.0017845582531015125
bfo-3ed506cdc7713a779b325406e3f8d32c94d0d2e89746b5e238f3801e4f9cd867,91,16.342602173334686,52.39914785441409,16.342602173334686,23.630774234580304,7.191478278557659e-06,0.01295899966191031,0.0005549408493076193
bfo-3ed506cdc7713a779b325406e3f8d32c94d0d2e89746b5e238f3801e4f9cd867,92,1000000.0,54.379891046242754,16.20704405688653,23.458439661668237,7.55718229755414e-05,0.01846412838291059,0.0040928995622391065
bfo-3ed506cdc7713a779b325406e3f8d32c94d0d2e89746b5e238f3801e4f9cd867,93,16.392880774327992,52.39410202996909,16.392880774327992,23.688498605522806,8.536950303212609e-06,0.01272559192420423,0.0006708489753608416
bfo-3ed506cdc7713a779b325406e3f8d32c94d0d2e89746b5e238f3801e4f9cd867,94,1000000.0,56.06933873939744,17.03671868355063,24.494960474527492,9.955357425070722e-06,0.013242916565383313,0.0007517496146652318
bfo-3ed506cdc7713a779b325406e3f8d32c94d0d2e89746b5e238f3801e4f9cd867,95,16.504494195990944,52.382421580431355,16.504494195990944,23.83012507398953,1.0928396371371397e-05,0.012348983516886316,0.0008849632325144517
bfo-3ed506cdc7713a779b325406e3f8d32c94d0d2e89746b5e238f3801e4f9cd867,96,20.82358855996564,57.84192091764557,20.82358855996564,28.291973990592677,4.477679868475585e-05,0.00596243020284767,0.0075098235386252985
bfo-3ed506cdc7713a779b325406e3f8d32c94d0d2e89746b5e238f3801e4f9cd867,97,16.322983488463965,52.418746311649514,16.322983488463965,23.557708369207443,9.567014243857499e-06,0.012492946515771796,0.0007657932603633229
bfo-3ed506cdc7713a779b325406e3f8d32c94d0d2e89746b5e238f3801e4f9cd867,98,1000000.0,57.35767727684059,20.96982425933007,28.33444555257645,0.00011017975303159525,0.005233264916796318,0.02105373123343519
bfo-3ed506cdc7713a779b325406e3f8d32c94d0d2e89746b5e238f3801e4f9cd867,99,16.422872130346384,52.30730227598569,16.422872130346384,23.722110077861387,9.588215212236983e-06,0.012552681802913938,0.0007638379879916343
bfo-3ed506cdc7713a779b325406e3f8d32c94d0d2e89746b5e238f3801e4f9cd867,100,17.385021320981693,56.424878223550294,17.385021320981693,24.928202387716347,3.5478693291276097e-06,0.01249725127290996,0.0002838919736548992
bfo-3ed506cdc7713a779b325406e3f8d32c94d0d2e89746b5e238f3801e4f9cd867,101,1000000.018196948,54.52811191812513,16.096874810046273,23.348058007827227,2.844117715520097e-05,0.015969199030324656,0.0017810021091973802
bfo-3ed506cdc7713a779b325406e3f8d32c94d0d2e89746b5e238f3801e4f9cd867,102,1000000.0,51.32671949926076,16.385044356549045,23.581377590810938,3.0144468757110496e-06,0.01418264571575592,0.0002125447491339512
bfo-3ed506cdc7713a779b325406e3f8d32c94d0d2e89746b5e238f3801e4f9cd867,103,1000000.0187953431,52.316188091509865,15.575842525557931,22.4645177723327,1.6672238568462503e-05,0.0162088653537344,0.001028587640443404
bfo-3ed506cdc7713a779b325406e3f8d32c94d0d2e89746b5e238f3801e4f9cd867,104,1000000.0,51.52831784465697,15.708442484074816,22.670828351213977,2.2838364557219838e-05,0.01741791200593971,0.0013111999044105682
bfo-3ed506cdc7713a779b325406e3f8d32c94d0d2e89746b5e238f3801e4f9cd867,105,1000000.0129627057,52.27706664837136,16.140812151822644,23.340473591474485,3.946737886456932e-06,0.0135147506714942,0.0002920318681706452
bfo-3ed506cdc7713a779b325406e3f8d32c94d0d2e89746b5e238f3801e4f9cd867,106,1000000.0,56.1959089694345,19.698522267496607,27.199187123886855,2.219371232187613e-05,0.006174788675363153,0.00359424645744186
bfo-3ed506cdc7713a779b325406e3f8d32c94d0d2e89746b5e238f3801e4f9cd867,107,1000000.0156145033,51.41363131791121,15.782556238922973,22.74382652116398,7.578545358332e-06,0.014385311530032457,0.0005268252510562696
bfo-3ed506cdc7713a779b325406e3f8d32c94d0d2e89746b5e238f3801e4f9cd867,108,1000000.0,52.257180934935306,17.496680648783485,24.859366588973693,1.1124845423446399e-05,0.009389523848415344,0.001184814651205548
bfo-3ed506cdc7713a779b325406e3f8d32c94d0d2e89746b5e238f3801e4f9cd867,109,16.33318619725312,52.021930316894085,16.33318619725312,23.587904006067998,9.142559217681198e-06,0.012317769455671038,0.0007422252259699511
bfo-3ed506cdc7713a779b325406e3f8d32c94d0d2e89746b5e238f3801e4f9cd867,110,1000000.0,59.247195042782806,21.67724511981196,29.262170019807968,3.2106480851118716e-05,0.00472233425090825,0.006798858180134888
bfo-3ed506cdc7713a779b325406e3f8d32c94d0d2e89746b5e238f3801e4f9cd867,111,1000000.0004109273,51.46762950356532,16.076214585252753,23.157702982105643,1.1997169683624453e-05,0.013527652594423664,0.0008868626393148134
bfo-3ed506cdc7713a779b325406e3f8d32c94d0d2e89746b5e238f3801e4f9cd867,112,1000000.0,55.831077210000146,19.87188457369397,27.25312948431274,3.909874552288633e-06,0.00636522383966114,0.000614255625690106
bfo-3ed506cdc7713a779b325406e3f8d32c94d0d2e89746b5e238f3801e4f9cd867,113,16.14133578115527,51.83772572274594,16.14133578115527,23.3384098270724,6.50528558059569e-06,0.012622333054014369,0.0005153790153339971
bfo-3ed506cdc7713a779b325406e3f8d32c94d0d2e89746b5e238f3801e4f9cd867,114,1000000.0,52.55431265841362,17.160185024315673,24.643031125507452,2.1667203674731013e-05,0.009273898236062166,0.002336364182914652
bfo-3ed506cdc7713a779b325406e3f8d32c94d0d2e89746b5e238f3801e4f9cd867,115,1000000.0002463782,52.311333431317934,16.174166028470392,23.453196442828425,5.316662578713882e-06,0.012097646985478544,0.00043947906440779415
bfo-3ed506cdc7713a779b325406e3f8d32c94d0d2e89746b5e238f3801e4f9cd867,116,1000000.0,57.14961798299659,19.272863020737375,26.711734217013383,3.110037819487147e-05,0.008159490117774093,0.0038115590246410695
bfo-3ed506cdc7713a779b325406e3f8d32c94d0d2e89746b5e238f3801e4f9cd867,117,1000000.0047901918,66.20770919375136,21.847751462166897,29.975136640436556,5.248601546110846e-05,0.007741599937242778,0.006779737507309335
bfo-3ed506cdc7713a779b325406e3f8d32c94d0d2e89746b5e238f3801e4f9cd867,118,1000000.0,81.94663312999478,33.94282759341719,44.01863227471492,1.8669722837667346e-07,0.0005378709286707624,0.00034710414418205745
bfo-3ed506cdc7713a779b325406e3f8d32c94d0d2e89746b5e238f3801e4f9cd867,119,1000000.0,50.341935058196825,16.26579576725966,23.362044920455983,1.3355234267016234e-05,0.011145918468550951,0.0011982174734813495
bfo-3ed506cdc7713a779b325406e3f8d32c94d0d2e89746b5e238f3801e4f9cd867,120,1000000.0007682357,51.66770722251255,16.199519908608394,23.41527971570056,7.817814286335224e-06,0.012435462699455734,0.0006286709610473431
bfo-3ed506cdc7713a779b325406e3f8d32c94d0d2e89746b5e238f3801e4f9cd867,121,1000000.0,56.93323809419926,16.49152350769283,23.8825621087849,0.00010757010512256543,0.01636643148186882,0.006572605961277175
bfo-3ed506cdc7713a779b325406e3f8d32c94d0d2e89746b5e238f3801e4f9cd867,122,16.34314558883651,51.877647446935214,16.34314558883651,23.591587838504775,9.946486431637758e-06,0.011940354560863025,0.0008330143280869916
bfo-3ed506cdc7713a779b325406e3f8d32c94d0d2e89746b5e238f3801e4f9cd867,123,1000000.0,52.01251657012902,16.219923297221282,23.437628943881876,7.869831877781646e-06,0.012400162281764892,0.0006346555552224231
bfo-3ed506cdc7713a779b325406e3f8d32c94d0d2e89746b5e238f3801e4f9cd867,124,1000000.0001448666,51.96030558468564,16.043770998645936,23.20017622275502,4.828316339078558e-06,0.01303731824574467,0.0003703458217455497
bfo-3ed506cdc7713a779b325406e3f8d32c94d0d2e89746b5e238f3801e4f9cd867,125,1000000.0,51.85130053108995,16.672361533376517,24.0211938214215,1.4544604510152224e-05,0.01080065547767049,0.0013466409089913159
bfo-3ed506cdc7713a779b325406e3f8d32c94d0d2e89746b5e238f3801e4f9cd867,126,1000000.000163932,51.76760836084777,16.02362380660287,23.168566751001336,4.704719606368813e-06,0.012887168784960858,0.00036507006968506176
bfo-3ed506cdc7713a779b325406e3f8d32c94d0d2e89746b5e238f3801e4f9cd867,127,16.406422437866357,52.058271931440984,16.406422437866357,23.684151284238983,8.248383253406582e-06,0.011869146918392318,0.0006949432263429956
bfo-3ed506cdc7713a779b325406e3f8d32c94d0d2e89746b5e238f3801e4f9cd867,128,1000000.0000556015,52.04080309744677,16.167185057996697,23.35122340684801,5.540023163201247e-06,0.012469981099405045,0.0004442687698592877
bfo-3ed506cdc7713a779b325406e3f8d32c94d0d2e89746b5e238f3801e4f9cd867,129,1000000.0,51.52951500566217,16.123619569262914,23.317988382877797,7.186178315492144e-06,0.012636287035296229,0.0005686938176870624
bfo-3ed506cdc7713a779b325406e3f8d32c94d0d2e89746b5e238f3801e4f9cd867,130,1000000.0000151857,51.81259165166318,16.17596678903582,23.385725656715103,7.003557720937974e-06,0.01246401788896583,0.0005619020915509193
bfo-3ed506cdc7713a779b325406e3f8d32c94d0d2e89746b5e238f3801e4f9cd867,131,16.35745167415701,52.25628907587326,16.35745167415701,23.65066817718401,9.389577907046363e-06,0.01213942836115794,0.0007734777641663781
bfo-3ed506cdc7713a779b325406e3f8d32c94d0d2e89746b5e238f3801e4f9cd867,132,16.12017411555015,51.877817415344786,16.12017411555015,23.309852241581822,6.351467067081749e-06,0.012770201559735737,0.0004973662347748554
bfo-3ed506cdc7713a779b325406e3f8d32c94d0d2e89746b5e238f3801e4f9cd867,133,1000000.0,51.97165110963529,16.10630747482328,23.296394238743492,5.865112174788222e-06,0.013054897007220723,0.00044926529650476764
bfo-3ed506cdc7713a779b325406e3f8d32c94d0d2e89746b5e238f3801e4f9cd867,134,16.113123235539987,51.86011734634775,16.113123235539987,23.300015650034524,6.178107570818044e-06,0.012755354445768993,0.0004843540488886492
bfo-3ed506cdc7713a779b325406e3f8d32c94d0d2e89746b5e238f3801e4f9cd867,135,16.59002268159033,52.142716331461315,16.59002268159033,23.92706204294107,1.3798579178377847e-05,0.011292820085564715,0.0012218895788498544
bfo-3ed506cdc7713a779b325406e3f8d32c94d0d2e89746b5e238f3801e4f9cd867,136,1000000.0003139258,51.95005422747373,16.115692920258834,23.3137880587568,5.5716491308802505e-06,0.01276687616274452,0.0004364144415482842
bfo-3ed506cdc7713a779b325406e3f8d32c94d0d2e89746b5e238f3801e4f9cd867,137,1000000.0,51.983106420065845,16.594977939572544,23.91637743018834,1.4876283877261756e-05,0.011196422214053486,0.0013286640672222412
bfo-3ed506cdc7713a779b325406e3f8d32c94d0d2e89746b5e238f3801e4f9cd867,138,1000000.0014547616,52.00031523134752,16.06739925172251,23.240484748444153,5.1900110663826865e-06,0.012976317338764169,0.00039996024533698476
bfo-3ed506cdc7713a779b325406e3f8d32c94d0d2e89746b5e238f3801e4f9cd867,139,1000000.0,51.513644919533036,16.121425320142844,23.305083762366074,6.766253077654267e-06,0.01268976424389452,0.0005332055779452122
bfo-3ed506cdc7713a779b325406e3f8d32c94d0d2e89746b5e238f3801e4f9cd867,140,1000000.0005941013,51.94795944097169,16.14180348841995,23.34136234413912,6.7875335945007925e-06,0.012690223804299123,0.0005348631906870981
bfo-3ed506cdc7713a779b325406e3f8d32c94d0d2e89746b5e238f3801e4f9cd867,141,1000000.0,51.533190797918735,16.00549585056186,23.124196375943203,6.277711899993042e-06,0.013134305615279594,0.00047796298364566467
bfo-3ed506cdc7713a779b325406e3f8d32c94d0d2e89746b5e238f3801e4f9cd867,142,16.20135686915288,52.035839157226945,16.20135686915288,23.435579130129927,6.848015017386585e-06,0.012523847603632407,0.0005467980156034789
bfo-3ed506cdc7713a779b325406e3f8d32c94d0d2e89746b5e238f3801e4f9cd867,143,16.192077973212232,51.955532777775616,16.192077973212232,23.420999333494716,6.865071608339504e-06,0.012381619988025377,0.0005544566555086422
bfo-3ed506cdc7713a779b325406e3f8d32c94d0d2e89746b5e238f3801e4f9cd867,144,1000000.0006869667,51.82206512245561,16.017379957015457,23.16930479425337,4.278493397316893e-06,0.013090663160987745,0.00032683549677356937
bfo-3ed506cdc7713a779b325406e3f8d32c94d0d2e89746b5e238f3801e4f9cd867,145,1000000.0,51.858977492421275,16.151090266439443,23.34427111762087,8.835626550467617e-06,0.012589632648921477,0.0007018176619493773
bfo-3ed506cdc7713a779b325406e3f8d32c94d0d2e89746b5e238f3801e4f9cd867,146,1000000.0000829004,51.82613764869803,16.131694512471313,23.313584576958064,6.269594486155724e-06,0.012705732461482534,0.0004934461279711358
bfo-3ed506cdc7713a779b325406e3f8d32c94d0d2e89746b5e238f3801e4f9cd867,147,16.26337119705232,51.80513929733819,16.26337119705232,23.491618651643613,8.961721532813648e-06,0.012169968035490954,0.0007363800386885831
bfo-3ed506cdc7713a779b325406e3f8d32c94d0d2e89746b5e238f3801e4f9cd867,148,1000000.0000298647,51.96303760431046,16.07563290317017,23.25699455323389,5.784738610551027e-06,0.012920582052429333,0.00044771501679085566
bfo-3ed506cdc7713a779b325406e3f8d32c94d0d2e89746b5e238f3801e4f9cd867,149,1000000.0,51.94651835391207,16.0946938028697,23.286201314007386,5.216529381462717e-06,0.012924005153398923,0.00040363101991574234
bfo-3ed506cdc7713a779b325406e3f8d32c94d0d2e89746b5e238f3801e4f9cd867,150,16.055125384414424,51.887213488057355,16.055125384414424,23.229279157274444,5.057764828590235e-06,0.013097217748468509,0.00038617093536386023
bfo-3ed506cdc7713a779b325406e3f8d32c94d0d2e89746b5e238f3801e4f9cd867,151,1000000.0,51.98202226386807,16.0463686172611,23.227140041257236,5.284789207314035e-06,0.013123155626844258,0.00040270719616428683
bfo-3ed506cdc7713a779b325406e3f8d32c94d0d2e89746b5e238f3801e4f9cd867,152,16.128460295738105,51.94308944334707,16.128460295738105,23.337075663860894,5.849867828233852e-06,0.012907961371114903,0.0004531984300266448
bfo-3ed506cdc7713a779b325406e3f8d32c94d0d2e89746b5e238f3801e4f9cd867,153,16.327082724253284,52.20279668907557,16.327082724253284,23.614972359668908,6.935258182754323e-06,0.012383782747616446,0.0005600274426720849
bfo-3ed506cdc7713a779b325406e3f8d32c94d0d2e89746b5e238f3801e4f9cd867,154,16.04021151498968,51.904055052794206,16.04021151498968,23.20259933500267,4.6679235224908245e-06,0.013216052133740816,0.0003532010524212093
bfo-3ed506cdc7713a779b325406e3f8d32c94d0d2e89746b5e238f3801e4f9cd867,155,15.987375073324012,51.68554304227818,15.987375073324012,23.11959884357362,4.6231530045303284e-06,0.01332755140287521,0.0003468869010351711
bfo-3ed506cdc7713a779b325406e3f8d32c94d0d2e89746b5e238f3801e4f9cd867,156,16.275276038970635,51.94232656406397,16.275276038970635,23.520277315873688,7.594466290609725e-06,0.012475996305945843,0.000608726237518228
bfo-3ed506cdc7713a779b325406e3f8d32c94d0d2e89746b5e238f3801e4f9cd867,157,15.939419949202213,52.3188935574849,15.939419949202213,23.09705297386653,3.202553920113053e-06,0.013873093117562164,0.00023084642285424366
bfo-3ed506cdc7713a779b325406e3f8d32c94d0d2e89746b5e238f3801e4f9cd867,158,1000000.0,52.48420414162695,15.953815349687508,23.137865624366302,3.6386065880945017e-06,0.013919222640089646,0.0002614087497684474
bfo-3ed506cdc7713a779b325406e3f8d32c94d0d2e89746b5e238f3801e4f9cd867,159,15.946514959272857,52.327603260137224,15.946514959272857,23.109803154260327,3.174905378146126e-06,0.013868437246231375,0.00022893029126326965
bfo-3ed506cdc7713a779b325406e3f8d32c94d0d2e89746b5e238f3801e4f9cd867,160,1000000.0,51.82461721117206,15.96099917374248,23.08344865999837,3.0296106086582832e-06,0.013559661470131835,0.00022342818921635126
bfo-3ed506cdc7713a779b325406e3f8d32c94d0d2e89746b5e238f3801e4f9cd867,161,15.947474592461097,52.273494194795006,15.947474592461097,23.096554011269674,3.1490675623830612e-06,0.013822927468296987,0.00022781480765239324
bfo-3ed506cdc7713a779b325406e3f8d32c94d0d2e89746b5e238f3801e4f9cd867,162,15.914106162230889,52.236321460891105,15.914106162230889,23.05865441541033,3.6542062284105715e-06,0.013913193435771427,0.0002626432418466524
bfo-3ed506cdc7713a779b325406e3f8d32c94d0d2e89746b5e238f3801e4f9cd867,163,16.050346245802942,52.14314845799393,16.050346245802942,23.2631632992411,5.286567944293023e-06,0.013244344061545914,0.0003991566452612951
bfo-3ed506cdc7713a779b325406e3f8d32c94d0d2e89746b5e238f3801e4f9cd867,164,15.918075565151446,52.21730762606165,15.918075565151446,23.062867423660563,3.7045604857566962e-06,0.013904668829312797,0.0002664256539463216
bfo-3ed506cdc7713a779b325406e3f8d32c94d0d2e89746b5e238f3801e4f9cd867,165,15.991490585240841,52.2056677312667,15.991490585240841,23.171670384137496,4.059960864314417e-06,0.013389146903621979,0.0003032277480812562
bfo-3ed506cdc7713a779b325406e3f8d32c94d0d2e89746b5e238f3801e4f9cd867,166,15.919029590725106,52.24273970542422,15.919029590725106,23.067395092990015,3.6204894191274223e-06,0.01391982355316807,0.0002600959276027188
bfo-3ed506cdc7713a779b325406e3f8d32c94d0d2e89746b5e238f3801e4f9cd867,167,1000000.0,52.319564718903095,15.824832307788968,22.936865818193084,3.7006221295245754e-06,0.014484549898299044,0.00025548754745628293
bfo-3ed506cdc7713a779b325406e3f8d32c94d0d2e89746b5e238f3801e4f9cd867,168,15.912340996028744,52.184364926481095,15.912340996028744,23.04804703684795,3.6697734894526263e-06,0.013898145775303695,0.000264047704548734
bfo-3ed506cdc7713a779b325406e3f8d32c94d0d2e89746b5e238f3801e4f9cd867,169,1000000.0,52.25680630589751,15.910791723594555,23.05326722419697,4.295083279964667e-06,0.014111205434025064,0.0003043739459428692
bfo-3ed506cdc7713a779b325406e3f8d32c94d0d2e89746b5e238f3801e4f9cd867,170,15.915132687650946,52.24048155228238,15.915132687650946,23.056427564716163,3.547014981007553e-06,0.013953381789105481,0.00025420468203464416
bfo-3ed506cdc7713a779b325406e3f8d32c94d0d2e89746b5e238f3801e4f9cd867,171,15.933326352986574,52.50789679058065,15.933326352986574,23.10361385787548,3.6202844474140715e-06,0.014013337476819385,0.00025834562632939383
bfo-3ed506cdc7713a779b325406e3f8d32c94d0d2e89746b5e238f3801e4f9cd867,172,15.91547053103475,52.15884273070889,15.91547053103475,23.05179598978325,3.6002853229377845e-06,0.0139222645787472,0.0002585991167294536
bfo-3ed506cdc7713a779b325406e3f8d32c94d0d2e89746b5e238f3801e4f9cd867,173,16.029163099469642,51.45663926357469,16.029163099469642,23.15531993633693,6.800256193270083e-06,0.012998557802833372,0.0005231546681115493
bfo-3ed506cdc7713a779b325406e3f8d32c94d0d2e89746b5e238f3801e4f9cd867,174,15.910774522684827,52.1875312080702,15.910774522684827,23.048278266556945,3.603216804954986e-06,0.01390989766651146,0.0002590397781020237
bfo-3ed506cdc7713a779b325406e3f8d32c94d0d2e89746b5e238f3801e4f9cd867,175,15.972633110185788,52.47505387414499,15.972633110185788,23.172988015899026,3.985635958208547e-06,0.013739549007811658,0.00029008491879482383
bfo-3ed506cdc7713a779b325406e3f8d32c94d0d2e89746b5e238f3801e4f9cd867,176,15.90617597092367,52.22013189445595,15.90617597092367,23.037556207347325,3.715419596402848e-06,0.013957503844749012,0.00026619513329388303
bfo-3ed506cdc7713a779b325406e3f8d32c94d0d2e89746b5e238f3801e4f9cd867,177,1000000.0,52.05127143119292,15.826231398103927,22.89858269681721,3.357233930786996e-06,0.014055719336009017,0.0002388518047728925
bfo-3ed506cdc7713a779b325406e3f8d32c94d0d2e89746b5e238f3801e4f9cd867,178,1000000.000014885,51.06589333621751,15.672901491525769,22.631557910667855,3.847826610359549e-06,0.01401855300801745,0.0002744810115679493
bfo-3ed506cdc7713a779b325406e3f8d32c94d0d2e89746b5e238f3801e4f9cd867,179,16.22796357536305,53.249912439366696,16.22796357536305,23.56308133090435,3.7236724408539795e-06,0.01345713806269159,0.000276706118604627
bfo-3ed506cdc7713a779b325406e3f8d32c94d0d2e89746b5e238f3801e4f9cd867,180,15.928329856705084,52.23371668801735,15.928329856705084,23.063929430139062,3.7825032033004185e-06,0.013940235628069286,0.0002713371067906614
bfo-3ed506cdc7713a779b325406e3f8d32c94d0d2e89746b5e238f3801e4f9cd867,181,16.10688445461157,53.560747313458364,16.10688445461157,23.415411773160443,5.641516443266968e-06,0.014226733367985309,0.00039654334535868795
bfo-3ed506cdc7713a779b325406e3f8d32c94d0d2e89746b5e238f3801e4f9cd867,182,15.940941189095314,52.4596207036383,15.940941189095314,23.1017610636886,3.8223379227604145e-06,0.013966351523687316,0.0002736819216011873
bfo-3ed506cdc7713a779b325406e3f8d32c94d0d2e89746b5e238f3801e4f9cd867,183,15.595002580956141,50.46352153301722,15.595002580956141,22.463368825929617,3.721214850916933e-06,0.014022081380566136,0.00026538248851374805
bfo-3ed506cdc7713a779b325406e3f8d32c94d0d2e89746b5e238f3801e4f9cd867,184,1000000.0,50.4884752801902,15.574578194202285,22.44897521044645,3.6494113544277995e-06,0.01434738265258886,0.00025436077386346807
bfo-3ed506cdc7713a779b325406e3f8d32c94d0d2e89746b5e238f3801e4f9cd867,185,1000000.0004609192,50.643626074566896,15.361888729794464,22.08076367012445,2.6045088653001483e-06,0.015495209362276217,0.00016808478055423647
bfo-3ed506cdc7713a779b325406e3f8d32c94d0d2e89746b5e238f3801e4f9cd867,186,16.13098586595197,51.368445084482424,16.13098586595197,23.300201764908483,9.043034744110126e-06,0.012269685616010774,0.0007370225307411157
bfo-3ed506cdc7713a779b325406e3f8d32c94d0d2e89746b5e238f3801e4f9cd867,187,1000000.0011051785,50.718971569606055,15.540202386015322,22.380879149981183,2.5076665460729746e-06,0.014439155939012726,0.00017367126975182705
bfo-3ed506cdc7713a779b325406e3f8d32c94d0d2e89746b5e238f3801e4f9cd867,188,16.093857760360738,50.43821060675915,16.093857760360738,23.167735955457225,1.3077752440481774e-05,0.01182645436148733,0.0011058050063651602
bfo-3ed506cdc7713a779b325406e3f8d32c94d0d2e89746b5e238f3801e4f9cd867,189,1000000.0000215882,50.92300992651051,15.49081145671534,22.29512928685722,1.8186772789527253e-06,0.014848926539784207,0.0001224787040383025
bfo-3ed506cdc7713a779b325406e3f8d32c94d0d2e89746b5e238f3801e4f9cd867,190,1000000.0,50.07433590459709,15.60289802428364,22.470870525981436,4.8110873935251756e-06,0.01393982501320435,0.00034513255288125386
bfo-3ed506cdc7713a779b325406e3f8d32c94d0d2e89746b5e238f3801e4f9cd867,191,15.543355511744066,50.397689988603645,15.543355511744066,22.38309239157318,3.024957829745427e-06,0.014209843387214404,0.0002128776332937768
bfo-3ed506cdc7713a779b325406e3f8d32c94d0d2e89746b5e238f3801e4f9cd867,192,16.05893727820661,50.45765770496098,16.05893727820661,23.123100935776947,1.2385825601069036e-05,0.011991209140218667,0.0010329088131343501
bfo-3ed506cdc7713a779b325406e3f8d32c94d0d2e89746b5e238f3801e4f9cd867,193,15.519973910991586,50.24651649482424,15.519973910991586,22.35801196471583,3.2809586556231855e-06,0.014303588277423819,0.00022938011022043415
bfo-3ed506cdc7713a779b325406e3f8d32c94d0d2e89746b5e238f3801e4f9cd867,194,15.740619787076417,50.96148778672833,15.740619787076417,22.7563581998299,3.913510208958914e-06,0.013723150954769234,0.00028517577499931557
bfo-3ed506cdc7713a779b325406e3f8d32c94d0d2e89746b5e238f3801e4f9cd867,195,15.567512422600306,50.15003378940692,15.567512422600306,22.4232902534828,3.959389904477767e-06,0.013877658241279178,0.0002853067740708975
bfo-3ed506cdc7713a779b325406e3f8d32c94d0d2e89746b5e238f3801e4f9cd867,196,15.842361126927655,50.599963298759064,15.842361126927655,22.872795856617476,6.838142032355722e-06,0.013231792978067352,0.0005167963286374291
bfo-3ed506cdc7713a779b325406e3f8d32c94d0d2e89746b5e238f3801e4f9cd867,197,1000000.0000663709,50.4435756991775,15.5209070464018,22.353648780082274,2.9338930298677797e-06,0.014355774849006832,0.00020437023154279643
bfo-3ed506cdc7713a779b325406e3f8d32c94d0d2e89746b5e238f3801e4f9cd867,198,15.3338834966932,50.837784436992536,15.3338834966932,22.060707736217235,3.37377212289944e-06,0.015775884863463794,0.0002138562845823588
bfo-3ed506cdc7713a779b325406e3f8d32c94d0d2e89746b5e238f3801e4f9cd867,199,15.58606964991171,51.05587062998094,15.58606964991171,22.49792058882258,1.8351659428591086e-06,0.014368613680012516,0.00012772045958838181
bfo-3ed506cdc7713a779b325406e3f8d32c94d0d2e89746b5e238f3801e4f9cd867,200,1000000.0009718888,51.41556044943264,15.333422415160225,22.069016426569,8.162846286398543e-06,0.016353158533118473,0.000499160224605364
bfo-3ed506cdc7713a779b325406e3f8d32c94d0d2e89746b5e238f3801e4f9cd867,201,15.579902191079995,50.86326676090111,15.579902191079995,22.493499553177276,2.7637577586694393e-06,0.014541188553347593,0.00019006408922695538
bfo-3ed506cdc7713a779b325406e3f8d32c94d0d2e89746b5e238f3801e4f9cd867,202,1000000.000175647,50.69217452177767,15.337831638631743,22.06473944278143,2.936836378720534e-06,0.015653504667561637,0.00018761526195513686
bfo-3ed506cdc7713a779b325406e3f8d32c94d0d2e89746b5e238f3801e4f9cd867,203,1000000.0,50.96714546785401,15.442154155404335,22.276354953952307,2.431609767309907e-06,0.01537133908498184,0.00015819114742486208
bfo-3ed506cdc7713a779b325406e3f8d32c94d0d2e89746b5e238f3801e4f9cd867,204,1000000.0003254809,50.90154764243982,15.325298161463698,22.036201143236266,3.805795749898801e-06,0.015865660894292793,0.00023987628219558282
bfo-3ed506cdc7713a779b325406e3f8d32c94d0d2e89746b5e238f3801e4f9cd867,205,1000000.0,51.69081199043581,15.415543818482496,22.16969780066992,6.77135708431153e-06,0.015869328735224897,0.0004266946130671083
bfo-3ed506cdc7713a779b325406e3f8d32c94d0d2e89746b5e238f3801e4f9cd867,206,1000000.0003194496,50.66260662949735,15.299765199694937,21.997411598697784,3.303740691449347e-06,0.015929977624159614,0.00020739142071604986
bfo-3ed506cdc7713a779b325406e3f8d32c94d0d2e89746b5e238f3801e4f9cd867,207,15.364727211709614,49.966344184013685,15.364727211709614,22.085384061939816,1.9107547703459617e-06,0.01490126814678252,0.00012822766166774413
bfo-3ed506cdc7713a779b325406e3f8d32c94d0d2e89746b5e238f3801e4f9cd867,208,1000000.0003725949,50.70303200565934,15.268300186687744,21.956157210595602,3.8527821281593135e-06,0.015992330658528273,0.0002409143614164037
bfo-3ed506cdc7713a779b325406e3f8d32c94d0d2e89746b5e238f3801e4f9cd867,209,1000000.0,51.742763056677646,15.505162298391841,22.391095916300674,5.448507389361513e-06,0.015623149434363113,0.00034874577704400127
bfo-3ed506cdc7713a779b325406e3f8d32c94d0d2e89746b5e238f3801e4f9cd867,210,1000000.0000047401,50.601258035042484,15.377885845661554,22.107855812835304,1.7751934321078612e-06,0.015338915502025414,0.00011573135218545648
bfo-3ed506cdc7713a779b325406e3f8d32c94d0d2e89746b5e238f3801e4f9cd867,211,1000000.0,50.681876275727426,15.354385224577367,22.074461657106703,3.087297853971783e-06,0.015726020093639048,0.00019631781185505104
bfo-3ed506cdc7713a779b325406e3f8d32c94d0d2e89746b5e238f3801e4f9cd867,212,15.373291152150625,51.179917619896514,15.373291152150625,22.106964739838407,3.7751349414737113e-06,0.015741590932190196,0.00023981914901332406
bfo-3ed506cdc7713a779b325406e3f8d32c94d0d2e89746b5e238f3801e4f9cd867,213,1000000.0,51.23663415901507,15.367276931312782,22.105315477222252,4.9384380845839145e-06,0.015860328607777693,0.00031137047703804643
bfo-3ed506cdc7713a779b325406e3f8d32c94d0d2e89746b5e238f3801e4f9cd867,214,1000000.0003954043,50.827096465959215,15.275040453706003,21.990948456250912,4.991531028722819e-06,0.01621690043996394,0.00030779809293408466
bfo-3ed506cdc7713a779b325406e3f8d32c94d0d2e89746b5e238f3801e4f9cd867,215,1000000.0,50.98017708371708,15.357343633915432,22.109401201325028,3.268789953355503e-06,0.015527436832924369,0.00021051703436489674
bfo-3ed506cdc7713a779b325406e3f8d32c94d0d2e89746b5e238f3801e4f9cd867,216,1000000.0008853759,50.94881398966479,15.377433323370377,22.133352085623592,3.1096351078934514e-06,0.015610854944478628,0.00019919697665202456
bfo-3ed506cdc7713a779b325406e3f8d32c94d0d2e89746b5e238f3801e4f9cd867,217,1000000.0,50.69689541281119,15.346598898046778,22.076844859510153,2.533087246958402e-06,0.015470168038900842,0.00016374012490289526
bfo-3ed506cdc7713a779b325406e3f8d32c94d0d2e89746b5e238f3801e4f9cd867,218,1000000.0000331242,51.04276263902376,15.318068759017738,22.037084631883733,5.1370313172957374e-06,0.016060916127403478,0.000319846718365637
bfo-3ed506cdc7713a779b325406e3f8d32c94d0d2e89746b5e238f3801e4f9cd867,219,1000000.0,50.91956821930485,15.347455855336095,22.098897692958424,3.720521831909554e-06,0.015740123238784914,0.00023637183619642144
bfo-3ed506cdc7713a779b325406e3f8d32c94d0d2e89746b5e238f3801e4f9cd867,220,1000000.0002544613,51.01498715843175,15.306404521810736,22.027742100543353,4.995538432478829e-06,0.01609103694593604,0.00031045472391016444
bfo-3ed506cdc7713a779b325406e3f8d32c94d0d2e89746b5e238f3801e4f9cd867,221,15.564349478562725,50.21343028433918,15.564349478562725,22.418725443883393,3.7701885111269235e-06,0.0139314867260566,0.00027062355836548254
bfo-3ed506cdc7713a779b325406e3f8d32c94d0d2e89746b5e238f3801e4f9cd867,222,15.335752929559796,50.808969120609014,15.335752929559796,22.05401922440541,3.571956824248846e-06,0.015758657459544644,0.00022666631554234314
bfo-3ed506cdc7713a779b325406e3f8d32c94d0d2e89746b5e238f3801e4f9cd867,223,1000000.0,50.5322895364038,15.321808612160465,22.030373924816587,2.5908941454680766e-06,0.015785923901208514,0.00016412686148003835
bfo-3ed506cdc7713a779b325406e3f8d32c94d0d2e89746b5e238f3801e4f9cd867,224,15.321873920106604,50.87668893447578,15.321873920106604,22.053364872978737,3.3731069424578945e-06,0.015873872107973166,0.00021249427483818785
bfo-3ed506cdc7713a779b325406e3f8d32c94d0d2e89746b5e238f3801e4f9cd867,225,1000000.0,50.91866998887873,15.263639344171876,21.96889988606455,4.829682095421993e-06,0.0161430906898531,0.00029917951823548496
bfo-3ed506cdc7713a779b325406e3f8d32c94d0d2e89746b5e238f3801e4f9cd867,226,1000000.0000433493,50.83497175397955,15.331210795744408,22.068322848714406,2.643528615607072e-06,0.015647635093772115,0.00016894109555630024
bfo-3ed506cdc7713a779b325406e3f8d32c94d0d2e89746b5e238f3801e4f9cd867,227,15.528285709996092,50.72962838211912,15.528285709996092,22.381166621576575,2.616200571513036e-06,0.014580282651429948,0.00017943414637825657
bfo-3ed506cdc7713a779b325406e3f8d32c94d0d2e89746b5e238f3801e4f9cd867,228,15.332230397057655,50.71687379934254,15.332230397057655,22.07713974566648,2.6432004027727515e-06,0.015614854622834979,0.00016927473656446127
bfo-3ed506cdc7713a779b325406e3f8d32c94d0d2e89746b5e238f3801e4f9cd867,229,15.403936593923106,50.86929394534196,15.403936593923106,22.20210182827954,1.9640164770983923e-06,0.015353864557158073,0.0001279167514984203
bfo-3ed506cdc7713a779b325406e3f8d32c94d0d2e89746b5e238f3801e4f9cd867,230,1000000.0003748157,51.03406562074415,15.329061074022265,22.076059025398468,4.095887799233087e-06,0.01593189634035509,0.0002570872739648894
bfo-3ed506cdc7713a779b325406e3f8d32c94d0d2e89746b5e238f3801e4f9cd867,231,15.467251926924567,50.22000683787685,15.467251926924567,22.311621429695787,3.582684535326671e-06,0.014818368006977617,0.00024177321913180117
bfo-3ed506cdc7713a779b325406e3f8d32c94d0d2e89746b5e238f3801e4f9cd867,232,1000000.0002574143,50.5153334276252,15.32995119743652,22.044401144386637,2.3191323348387893e-06,0.015600541074906228,0.00014865717308800005
bfo-3ed506cdc7713a779b325406e3f8d32c94d0d2e89746b5e238f3801e4f9cd867,233,15.503100409643578,50.6656547792568,15.503100409643578,22.359856928514798,2.673943216186717e-06,0.014455652309892337,0.00018497561776280934
bfo-3ed506cdc7713a779b325406e3f8d32c94d0d2e89746b5e238f3801e4f9cd867,234,15.386090610441045,50.87591732933642,15.386090610441045,22.154910708484685,2.3463203174281915e-06,0.015489895090321344,0.00015147425490920585
bfo-3ed506cdc7713a779b325406e3f8d32c94d0d2e89746b5e238f3801e4f9cd867,235,15.315214034062036,50.82284533184007,15.315214034062036,22.034700924489858,3.247206561778194e-06,0.01588704395310763,0.00020439337685240148
bfo-3ed506cdc7713a779b325406e3f8d32c94d0d2e89746b5e238f3801e4f9cd867,236,1000000.0,50.765333276482934,15.346603991608937,22.089962891673554,2.3676277241977523e-06,0.015576730260609465,0.00015199773537743184
bfo-3ed506cdc7713a779b325406e3f8d32c94d0d2e89746b5e238f3801e4f9cd867,237,1000000.0000849925,50.86467691014381,15.319916169805849,22.045398666349097,3.384211890154307e-06,0.015898653878248088,0.00021286153633323965
bfo-3ed506cdc7713a779b325406e3f8d32c94d0d2e89746b5e238f3801e4f9cd867,238,15.303202637731774,50.702331293631254,15.303202637731774,22.00800016549219,2.875504319807167e-06,0.01583563976354177,0.0001815843478851679
bfo-3ed506cdc7713a779b325406e3f8d32c94d0d2e89746b5e238f3801e4f9cd867,239,15.28881936592923,50.626493827073475,15.28881936592923,21.981752606044772,2.8731585373715524e-06,0.015881197879785487,0.00018091573186860643
bfo-3ed506cdc7713a779b325406e3f8d32c94d0d2e89746b5e238f3801e4f9cd867,240,15.286476264344548,50.64368618582442,15.286476264344548,21.978157279327473,2.924625146591777e-06,0.01589958844387962,0.00018394344966316288
bfo-3ed506cdc7713a779b325406e3f8d32c94d0d2e89746b5e238f3801e4f9cd867,241,15.278508041173142,50.64984751941862,15.278508041173142,21.96741168675809,3.118833930924852e-06,0.015954623158165718,0.00019548151654892614
bfo-3ed506cdc7713a779b325406e3f8d32c94d0d2e89746b5e238f3801e4f9cd867,242,15.279295274635096,50.58827354391549,15.279295274635096,21.97208477070526,2.99681196814264e-06,0.015924846248783722,0.00018818467201035143
bfo-3ed506cdc7713a779b325406e3f8d32c94d0d2e89746b5e238f3801e4f9cd867,243,15.278092658408974,50.64663140721999,15.278092658408974,21.96623298358376,3.104808520777213e-06,0.015955879352046697,0.00019458711439673506
bfo-3ed506cdc7713a779b325406e3f8d32c94d0d2e89746b5e238f3801e4f9cd867,244,15.287435623317995,50.762505442986196,15.287435623317995,21.98543992147488,3.476354003399258e-06,0.01600685248520141,0.00021717911167190443
bfo-3ed506cdc7713a779b325406e3f8d32c94d0d2e89746b5e238f3801e4f9cd867,245,15.278573504912858,50.65000478073071,15.278573504912858,21.967432971605913,3.1282199125394907e-06,0.01595387067482457,0.00019607905669411408
bfo-3ed506cdc7713a779b325406e3f8d32c94d0d2e89746b5e238f3801e4f9cd867,246,15.289201073447295,50.63708937925604,15.289201073447295,21.988536687591914,2.813683328479875e-06,0.015856053488732487,0.00017745167992018406
bfo-3ed506cdc7713a779b325406e3f8d32c94d0d2e89746b5e238f3801e4f9cd867,247,15.267345832173458,50.597512516218146,15.267345832173458,21.944781933515536,3.0156117235424753e-06,0.015964708999649788,0.00018889237026547919
bfo-3ed506cdc7713a779b325406e3f8d32c94d0d2e89746b5e238f3801e4f9cd867,248,15.280666391065699,50.60835417363154,15.280666391065699,21.966435942841496,2.8240351445280543e-06,0.015895178597698498,0.00017766614745284796
bfo-3ed506cdc7713a779b325406e3f8d32c94d0d2e89746b5e238f3801e4f9cd867,249,15.267304731009665,50.594651159137015,15.267304731009665,21.944394272057348,3.008007050382217e-06,0.015967880992188644,0.00018837859900469633
bfo-3ed506cdc7713a779b325406e3f8d32c94d0d2e89746b5e238f3801e4f9cd867,250,15.274852923091748,50.614159155035765,15.274852923091748,21.961085013121323,2.95314843123385e-06,0.015922332741893978,0.00018547209627542112
bfo-3ed506cdc7713a779b325406e3f8d32c94d0d2e89746b5e238f3801e4f9cd867,251,15.269235307683596,50.60350906945784,15.269235307683596,21.946745842882162,3.043351169918253e-06,0.015974233723850928,0.0001905162540206397
bfo-3ed506cdc7713a779b325406e3f8d32c94d0d2e89746b5e238f3801e4f9cd867,252,15.279445220363469,50.498441417228776,15.279445220363469,21.96229889863202,2.5236683864555563e-06,0.015817794463015067,0.0001595461612778166
bfo-3ed506cdc7713a779b325406e3f8d32c94d0d2e89746b5e238f3801e4f9cd867,253,15.272082067808423,50.644957750123396,15.272082067808423,21.95411743915792,3.1774197151125316e-06,0.015987828525250818,0.00019873991706216928
bfo-3ed506cdc7713a779b325406e3f8d32c94d0d2e89746b5e238f3801e4f9cd867,254,15.257883319618621,50.59678733459466,15.257883319618621,21.927607820467166,3.1023389012277976e-06,0.016012625941865324,0.00019374329435353085
bfo-3ed506cdc7713a779b325406e3f8d32c94d0d2e89746b5e238f3801e4f9cd867,255,15.24225565534867,50.56495009802181,15.24225565534867,21.900714676479186,3.2301889862898713e-06,0.016090860766258788,0.0002007468110757202
bfo-3ed506cdc7713a779b325406e3f8d32c94d0d2e89746b5e238f3801e4f9cd867,256,15.236167774714202,50.6372252322679,15.236167774714202,21.892793343884655,3.7348686537071325e-06,0.01621170656368096,0.00023038096816249736
bfo-3ed506cdc7713a779b325406e3f8d32c94d0d2e89746b5e238f3801e4f9cd867,257,15.2455921731281,50.68132565331903,15.2455921731281,21.909927332248344,3.821589082432769e-06,0.016196749738543192,0.00023594789967882156
bfo-3ed506cdc7713a779b325406e3f8d32c94d0d2e89746b5e238f3801e4f9cd867,258,15.24426343801917,50.71770625337806,15.24426343801917,21.909785528884846,4.03949010041584e-06,0.016242216766427023,0.00024870312707348815
bfo-3ed506cdc7713a779b325406e3f8d32c94d0d2e89746b5e238f3801e4f9cd867,259,15.226093591791608,50.53629279112002,15.226093591791608,21.869440412894043,3.3495907788892617e-06,0.01617829597529352,0.00020704224870187485
bfo-3ed506cdc7713a779b325406e3f8d32c94d0d2e89746b5e238f3801e4f9cd867,260,15.228155336855291,50.56524946676356,15.228155336855291,21.86923177453573,3.373717516753499e-06,0.016177232408485134,0.0002085472614576488
bfo-3ed506cdc7713a779b325406e3f8d32c94d0d2e89746b5e238f3801e4f9cd867,261,1000000.000004581,50.58625165316643,15.234344128169987,21.88568871318461,3.471109906544135e-06,0.01617058844204523,0.0002146557572091121
bfo-3ed506cdc7713a779b325406e3f8d32c94d0d2e89746b5e238f3801e4f9cd867,262,15.20544750361266,50.46127347840449,15.20544750361266,21.83109797022303,3.3106582314830948e-06,0.01624291103923844,0.00020382173019882014
bfo-3ed506cdc7713a779b325406e3f8d32c94d0d2e89746b5e238f3801e4f9cd867,263,15.200245489314193,50.46447374078846,15.200245489314193,21.821875459746956,3.4137746114468164e-06,0.01628304520307942,0.0002096520993997615
bfo-3ed506cdc7713a779b325406e3f8d32c94d0d2e89746b5e238f3801e4f9cd867,264,15.188678281900549,50.600516101220585,15.188678281900549,21.80748086993734,4.511094789056276e-06,0.016495275343685032,0.0002734779926412857
bfo-3ed506cdc7713a779b325406e3f8d32c94d0d2e89746b5e238f3801e4f9cd867,265,15.211646677970196,50.682844696938986,15.211646677970196,21.850411044035255,4.593655197193014e-06,0.016456175383168344,0.0002791447642136509
bfo-3ed506cdc7713a779b325406e3f8d32c94d0d2e89746b5e238f3801e4f9cd867,266,15.18884449854422,50.601616756051236,15.18884449854422,21.807788525054413,4.520659367842984e-06,0.01650356083126313,0.00027392024145961156
bfo-3ed506cdc7713a779b325406e3f8d32c94d0d2e89746b5e238f3801e4f9cd867,267,15.193240793116635,50.60840210497879,15.193240793116635,21.816114148497054,4.39545951437785e-06,0.01645239651434108,0.00026716226481330273
bfo-3ed506cdc7713a779b325406e3f8d32c94d0d2e89746b5e238f3801e4f9cd867,268,15.188639439119227,50.60609802821877,15.188639439119227,21.806969447513676,4.561097085616337e-06,0.016509683998230072,0.000276267982240321
bfo-3ed506cdc7713a779b325406e3f8d32c94d0d2e89746b5e238f3801e4f9cd867,269,15.182665345696899,50.538136605084816,15.182665345696899,21.79088562707379,4.248290892726624e-06,0.016489933254764978,0.0002576293564741401
bfo-3ed506cdc7713a779b325406e3f8d32c94d0d2e89746b5e238f3801e4f9cd867,270,15.180351419373343,50.458872611743956,15.180351419373343,21.784947051484632,3.777415032873575e-06,0.016424455255560272,0.00022998723392027163
bfo-3ed506cdc7713a779b325406e3f8d32c94d0d2e89746b5e238f3801e4f9cd867,271,15.186592430471645,50.44828534142462,15.186592430471645,21.79903065895608,3.517575094903073e-06,0.01635194262804079,0.00021511664851801965
bfo-3ed506cdc7713a779b325406e3f8d32c94d0d2e89746b5e238f3801e4f9cd867,272,1000000.0000332089,50.40471627341377,15.175773307767656,21.777490845196095,3.6039276716400867e-06,0.016409185169680984,0.00021962867957020876
bfo-3ed506cdc7713a779b325406e3f8d32c94d0d2e89746b5e238f3801e4f9cd867,273,15.18606972576439,50.52730964408492,15.18606972576439,21.79157544825962,3.958587269106665e-06,0.01642992561767985,0.00024093762572162373
bfo-3ed506cdc7713a779b325406e3f8d32c94d0d2e89746b5e238f3801e4f9cd867,274,1000000.0000061042,50.448036361902716,15.17831690829186,21.782660913191112,3.7437598874221205e-06,0.01642858363759326,0.00022788086727423877
bfo-3ed506cdc7713a779b325406e3f8d32c94d0d2e89746b5e238f3801e4f9cd867,275,15.19358510423363,50.555604039004166,15.19358510423363,21.809495536908877,4.065554607512873e-06,0.016439386114316185,0.0002473057436112166
bfo-3ed506cdc7713a779b325406e3f8d32c94d0d2e89746b5e238f3801e4f9cd867,276,15.18010427161849,50.4626307922522,15.18010427161849,21.785805397053238,3.761741083883718e-06,0.01642098761944937,0.00022908129346789298
bfo-3ed506cdc7713a779b325406e3f8d32c94d0d2e89746b5e238f3801e4f9cd867,277,15.18802879418383,50.47539838943119,15.18802879418383,21.801612850870843,3.708954829309859e-06,0.016401855425904974,0.00022613019887079129
bfo-3ed506cdc7713a779b325406e3f8d32c94d0d2e89746b5e238f3801e4f9cd867,278,1000000.0000110739,50.41503271923763,15.172028629680813,21.769911956991844,3.6295614554076753e-06,0.01642203927648452,0.00022101770640659793
bfo-3ed506cdc7713a779b325406e3f8d32c94d0d2e89746b5e238f3801e4f9cd867,279,15.198446803195733,50.58818640370815,15.198446803195733,21.821592355360455,4.084684339881393e-06,0.016412800437087715,0.0002488718701929321
bfo-3ed506cdc7713a779b325406e3f8d32c94d0d2e89746b5e238f3801e4f9cd867,280,1000000.0000526556,50.4602561712572,15.180987328280642,21.787185854124797,3.693041616878121e-06,0.016401979731271655,0.00022515828438911243
bfo-3ed506cdc7713a779b325406e3f8d32c94d0d2e89746b5e238f3801e4f9cd867,281,15.17515698189647,50.45960337646234,15.17515698189647,21.776459965721344,3.8048939639248948e-06,0.016443896354007816,0.00023138639906335464
bfo-3ed506cdc7713a779b325406e3f8d32c94d0d2e89746b5e238f3801e4f9cd867,282,15.190271953318755,50.558797635111716,15.190271953318755,21.803840270893662,4.080325809430996e-06,0.016445592858705758,0.00024811059379175893
bfo-3ed506cdc7713a779b325406e3f8d32c94d0d2e89746b5e238f3801e4f9cd867,283,15.170589914284804,50.45172268284614,15.170589914284804,21.76706049891155,3.842112971335866e-06,0.016459956635999,0.00023342181612635079
bfo-3ed506cdc7713a779b325406e3f8d32c94d0d2e89746b5e238f3801e4f9cd867,284,15.176691772367796,50.49976196814666,15.176691772367796,21.7822537528432,3.987131053102349e-06,0.016479710734868692,0.0002419418105844634
bfo-3ed506cdc7713a779b325406e3f8d32c94d0d2e89746b5e238f3801e4f9cd867,285,15.169354422711256,50.43668899797379,15.169354422711256,21.7639716623146,3.7580260621985807e-06,0.01645375190726541,0.00022839933915249844
bfo-3ed506cdc7713a779b325406e3f8d32c94d0d2e89746b5e238f3801e4f9cd867,286,15.17156779421255,50.456044444402856,15.17156779421255,21.768697765217766,3.6909290012145015e-06,0.016428641990697497,0.00022466427859980402
bfo-3ed506cdc7713a779b325406e3f8d32c94d0d2e89746b5e238f3801e4f9cd867,287,15.165754000643865,50.41961481346776,15.165754000643865,21.756268178943127,3.781902053910548e-06,0.016461984955348584,0.00022973548233512319
bfo-3ed506cdc7713a779b325406e3f8d32c94d0d2e89746b5e238f3801e4f9cd867,288,15.170597789497668,50.33801475878846,15.170597789497668,21.761645194967556,3.155913402109615e-06,0.016348452233043136,0.000193040500539308
bfo-3ed506cdc7713a779b325406e3f8d32c94d0d2e89746b5e238f3801e4f9cd867,289,15.157230238062448,50.3871315888454,15.157230238062448,21.741812659886257,3.823715541086948e-06,0.016493813705065308,0.00023182725411241133
bfo-3ed506cdc7713a779b325406e3f8d32c94d0d2e89746b5e238f3801e4f9cd867,290,15.153669420101785,50.33137816131797,15.153669420101785,21.73416610847815,3.6254895530374854e-06,0.01647843312670227,0.00022001421647077635
bfo-3ed506cdc7713a779b325406e3f8d32c94d0d2e89746b5e238f3801e4f9cd867,291,1000000.0,50.37616226516317,15.15449883564067,21.735433520064444,3.888976602825085e-06,0.01651255552963643,0.0002355163376041474
bfo-3ed506cdc7713a779b325406e3f8d32c94d0d2e89746b5e238f3801e4f9cd867,292,1000000.0000069324,50.312631318332386,15.160304683934246,21.74097430400517,3.3665378874583297e-06,0.016415967645427274,0.00020507702988779286
bfo-3ed506cdc7713a779b325406e3f8d32c94d0d2e89746b5e238f3801e4f9cd867,293,15.142865875971209,50.3319939900823,15.142865875971209,21.722900393685816,3.895642378505687e-06,0.016557720212234263,0.00023527649510753616
bfo-3ed506cdc7713a779b325406e3f8d32c94d0d2e89746b5e238f3801e4f9cd867,294,15.1381197918146,50.38883335593645,15.1381197918146,21.719094358253617,4.343963748783337e-06,0.016636175017617976,0.00026111553552322036
bfo-3ed506cdc7713a779b325406e3f8d32c94d0d2e89746b5e238f3801e4f9cd867,295,15.134642059865,50.4271130043525,15.134642059865,21.718544890867665,4.678637312916327e-06,0.01669396256261834,0.00028025924314655426
bfo-3ed506cdc7713a779b325406e3f8d32c94d0d2e89746b5e238f3801e4f9cd867,296,15.132196736923214,50.41623182038326,15.132196736923214,21.71646312381819,4.674749683970608e-06,0.01669909049682458,0.0002799403766845587
bfo-3ed506cdc7713a779b325406e3f8d32c94d0d2e89746b5e238f3801e4f9cd867,297,15.137214323968497,50.35301222644274,15.137214323968497,21.72102324089789,4.105321200466869e-06,0.01660617033634208,0.0002472166139042006
bfo-3ed506cdc7713a779b325406e3f8d32c94d0d2e89746b5e238f3801e4f9cd867,298,15.128946808820526,50.41041947980722,15.128946808820526,21.708867841091806,4.74855678495723e-06,0.016724037975570823,0.00028393602022989625
bfo-3ed506cdc7713a779b325406e3f8d32c94d0d2e89746b5e238f3801e4f9cd867,299,15.069099552365905,50.22286245528602,15.069099552365905,21.599734785622253,4.949196173014174e-06,0.016927675558160948,0.0002923730524022321
bfo-3ed506cdc7713a779b325406e3f8d32c94d0d2e89746b5e238f3801e4f9cd867,300,14.970966304858901,49.853271969197635,14.970966304858901,21.388351937520834,5.3550990550561475e-06,0.017334550207421646,0.0003089263344579547
bfo-3ed506cdc7713a779b325406e3f8d32c94d0d2e89746b5e238f3801e4f9cd867,301,1000000.0,49.37743111682096,14.917276227256204,21.264755934013547,3.902806507796296e-06,0.01736047504751947,0.0002248098912681507
bfo-3ed506cdc7713a779b325406e3f8d32c94d0d2e89746b5e238f3801e4f9cd867,302,14.979534739304986,49.97944226565123,14.979534739304986,21.407748499275495,6.056186315708096e-06,0.017383397089523245,0.00034838911430942824
bfo-3ed506cdc7713a779b325406e3f8d32c94d0d2e89746b5e238f3801e4f9cd867,303,14.97181518778294,49.87514202777105,14.97181518778294,21.390161178850207,5.480125621632208e-06,0.01734720736232301,0.0003159082327876405
bfo-3ed506cdc7713a779b325406e3f8d32c94d0d2e89746b5e238f3801e4f9cd867,304,1000000.0,49.8696293336709,14.971643183350134,21.391496858123084,5.479025675584632e-06,0.01734187586549799,0.0003159419268180361
bfo-3ed506cdc7713a779b325406e3f8d32c94d0d2e89746b5e238f3801e4f9cd867,305,14.971990265783,49.8736836911752,14.971990265783,21.38940368290027,5.54473139018101e-06,0.0173582938712115,0.00031942836267894245
bfo-3ed506cdc7713a779b325406e3f8d32c94d0d2e89746b5e238f3801e4f9cd867,306,1000000.0,49.817653919234075,14.9691360447284,21.386180688430056,5.076345723129855e-06,0.01728803002584888,0.0002936335554449961
bfo-3ed506cdc7713a779b325406e3f8d32c94d0d2e89746b5e238f3801e4f9cd867,307,1000000.00006795,49.87351799998246,14.971030168884873,21.391081029463212,5.533900524428942e-06,0.017357407023684043,0.00031882069233486195
bfo-3ed506cdc7713a779b325406e3f8d32c94d0d2e89746b5e238f3801e4f9cd867,308,1000000.0,49.94113307653051,14.977510707865182,21.401811734532753,5.7934460550127014e-06,0.01736992252122271,0.0003335332122485994
bfo-3ed506cdc7713a779b325406e3f8d32c94d0d2e89746b5e238f3801e4f9cd867,309,1000000.000038029,49.817708271193275,14.969441999928176,21.385800134951552,5.1281887520067e-06,0.0173108685739948,0.0002962409846788685
bfo-3ed506cdc7713a779b325406e3f8d32c94d0d2e89746b5e238f3801e4f9cd867,310,14.971216681070258,49.879290351053655,14.971216681070258,21.389883822885288,5.605189314648176e-06,0.017381021687088757,0.00032248905821295363
bfo-3ed506cdc7713a779b325406e3f8d32c94d0d2e89746b5e238f3801e4f9cd867,311,14.969687938364155,49.8369218675416,14.969687938364155,21.38750029299807,5.352081099587247e-06,0.01733609921793752,0.0003087246463177537
bfo-3ed506cdc7713a779b325406e3f8d32c94d0d2e89746b5e238f3801e4f9cd867,312,1000000.0,49.86317515403479,14.972875299558362,21.388395666665446,5.3917185634111795e-06,0.017322648678225895,0.00031125254939727695
bfo-3ed506cdc7713a779b325406e3f8d32c94d0d2e89746b5e238f3801e4f9cd867,313,14.969406056481406,49.81050848251371,14.969406056481406,21.38396512917759,5.180940300597974e-06,0.01731054587288127,0.00029929387199247384
bfo-3ed506cdc7713a779b325406e3f8d32c94d0d2e89746b5e238f3801e4f9cd867,314,1000000.0,49.86510168702006,14.971260474804248,21.388227461443638,5.5625844455871075e-06,0.017343668008141785,0.00032072710587955304
bfo-3ed506cdc7713a779b325406e3f8d32c94d0d2e89746b5e238f3801e4f9cd867,315,14.968387565386548,49.75204950215958,14.968387565386548,21.381138357629037,4.779362368804476e-06,0.017247042898894227,0.000277111989389839
bfo-3ed506cdc7713a779b325406e3f8d32c94d0d2e89746b5e238f3801e4f9cd867,316,14.968236823768923,49.62849737527279,14.968236823768923,21.376424176524996,4.020862127306053e-06,0.017144155859580176,0.00023453252293312475
bfo-3ed506cdc7713a779b325406e3f8d32c94d0d2e89746b5e238f3801e4f9cd867,317,14.97340595278542,49.6723443389689,14.97340595278542,21.389707886130015,4.282146830095958e-06,0.017174958468878756,0.0002493250180403791
bfo-3ed506cdc7713a779b325406e3f8d32c94d0d2e89746b5e238f3801e4f9cd867,318,14.968525257513253,49.62889594524211,14.968525257513253,21.376081935060583,4.022703162798725e-06,0.017142555078610136,0.00023466181933509488
bfo-3ed506cdc7713a779b325406e3f8d32c94d0d2e89746b5e238f3801e4f9cd867,319,14.968130270729613,49.650820810289474,14.968130270729613,21.37509417480934,4.101463072874655e-06,0.017166358193408417,0.00023892447231175365
bfo-3ed506cdc7713a779b325406e3f8d32c94d0d2e89746b5e238f3801e4f9cd867,320,1000000.0,49.7298652389553,14.969635570637564,21.38370838159241,4.578595615813829e-06,0.017241967268473764,0.0002655494900622857
bfo-3ed506cdc7713a779b325406e3f8d32c94d0d2e89746b5e238f3801e4f9cd867,321,1000000.0000189216,49.59255954510368,14.968439092041223,21.372087518023665,3.7338917779323957e-06,0.017103694218178686,0.0002183090816698432
bfo-3ed506cdc7713a779b325406e3f8d32c94d0d2e89746b5e238f3801e4f9cd867,322,14.968089323437997,49.639494742838615,14.968089323437997,21.377345728596804,4.041703700515469e-06,0.017152174846546787,0.0002356379722498676
bfo-3ed506cdc7713a779b325406e3f8d32c94d0d2e89746b5e238f3801e4f9cd867,323,1000000.0,49.67912116927333,14.971682985785598,21.38996509455317,4.303058119526275e-06,0.017184491120984434,0.00025040358130079847
bfo-3ed506cdc7713a779b325406e3f8d32c94d0d2e89746b5e238f3801e4f9cd867,324,14.968218015983457,49.64762714321891,14.968218015983457,21.375294371823177,4.052445368663792e-06,0.017153412529149425,0.00023624718182328576
bfo-3ed506cdc7713a779b325406e3f8d32c94d0d2e89746b5e238f3801e4f9cd867,325,14.96319961978049,49.6004332545276,14.96319961978049,21.3713084127188,3.9367464131144075e-06,0.01714305225502355,0.0002296409270969115
bfo-3ed506cdc7713a779b325406e3f8d32c94d0d2e89746b5e238f3801e4f9cd867,326,14.966269036129262,49.619697408164825,14.966269036129262,21.371210855703218,3.919022118971576e-06,0.017131319588904292,0.0002287635869866014
bfo-3ed506cdc7713a779b325406e3f8d32c94d0d2e89746b5e238f3801e4f9cd867,327,1000000.0000194199,49.615330988673165,14.962507772536192,21.369973797305143,4.02161479561249e-06,0.017163940407467985,0.00023430603347135228
bfo-3ed506cdc7713a779b325406e3f8d32c94d0d2e89746b5e238f3801e4f9cd867,328,1000000.0,49.655230161957476,14.964826395419562,21.374524227873053,4.201751011906798e-06,0.01716434942063897,0.0002447952386039448
bfo-3ed506cdc7713a779b325406e3f8d32c94d0d2e89746b5e238f3801e4f9cd867,329,14.962945718058073,49.59098259290646,14.962945718058073,21.370179752038066,3.849905993920675e-06,0.017122629099347565,0.00022484315764728971
bfo-3ed506cdc7713a779b325406e3f8d32c94d0d2e89746b5e238f3801e4f9cd867,330,14.965401927600967,49.57380587374656,14.965401927600967,21.37585833703841,3.688072384807226e-06,0.017073362060673954,0.00021601324751978245
bfo-3ed506cdc7713a779b325406e3f8d32c94d0d2e89746b5e238f3801e4f9cd867,331,1000000.0000002399,49.65896619128123,14.961689020568345,21.369968674732704,4.313831706900019e-06,0.017211640009760415,0.0002506345533867616
bfo-3ed506cdc7713a779b325406e3f8d32c94d0d2e89746b5e238f3801e4f9cd867,332,1000000.0,49.50039825363612,14.966287156256145,21.370286433140738,3.3622286612875963e-06,0.017017887282038135,0.00019757027447445412
bfo-3ed506cdc7713a779b325406e3f8d32c94d0d2e89746b5e238f3801e4f9cd867,333,14.963367008108152,49.58289580789606,14.963367008108152,21.371252667706944,3.7569090800305164e-06,0.017096060964267766,0.00021975290611578763
bfo-3ed506cdc7713a779b325406e3f8d32c94d0d2e89746b5e238f3801e4f9cd867,334,14.964863098500972,49.55772004834207,14.964863098500972,21.377022917395262,3.583426517388408e-06,0.017067197502003473,0.00020995986698857613
bfo-3ed506cdc7713a779b325406e3f8d32c94d0d2e89746b5e238f3801e4f9cd867,335,14.96318305089424,49.58436922071245,14.96318305089424,21.37073781439913,3.8042646513820554e-06,0.017113403977538647,0.00022229736739547287
bfo-3ed506cdc7713a779b325406e3f8d32c94d0d2e89746b5e238f3801e4f9cd867,336,14.96732266948745,49.48141041785084,14.96732266948745,21.37646915975807,3.199453157000964e-06,0.01697310257247749,0.00018850137406162826
bfo-3ed506cdc7713a779b325406e3f8d32c94d0d2e89746b5e238f3801e4f9cd867,337,14.962309918930515,49.62125613363921,14.962309918930515,21.371069797743708,4.058994536060714e-06,0.017161383876819095,0.00023651906892796913
bfo-3ed506cdc7713a779b325406e3f8d32c94d0d2e89746b5e238f3801e4f9cd867,338,14.964694431314879,49.62839017323364,14.964694431314879,21.374808704548556,4.0209992746985996e-06,0.017164691266293473,0.00023425992418486943
bfo-3ed506cdc7713a779b325406e3f8d32c94d0d2e89746b5e238f3801e4f9cd867,339,14.962449098251726,49.60216106854614,14.962449098251726,21.370019845059435,3.958530849235442e-06,0.01714518451525424,0.00023088295408623327
bfo-3ed506cdc7713a779b325406e3f8d32c94d0d2e89746b5e238f3801e4f9cd867,340,14.96498178321937,49.68743579399748,14.96498178321937,21.37805055554286,4.418003326137133e-06,0.017208963691845273,0.0002567268666056092
bfo-3ed506cdc7713a779b325406e3f8d32c94d0d2e89746b5e238f3801e4f9cd867,341,14.962286285590558,49.63812047357517,14.962286285590558,21.37123998193303,4.187914649659993e-06,0.017190101117267025,0.0002436236192615143
bfo-3ed506cdc7713a779b325406e3f8d32c94d0d2e89746b5e238f3801e4f9cd867,342,14.96436002603985,49.6393630896114,14.96436002603985,21.378735344375972,4.170723622612645e-06,0.017177642427162645,0.00024279953668249416
bfo-3ed506cdc7713a779b325406e3f8d32c94d0d2e89746b5e238f3801e4f9cd867,343,14.962268109046382,49.66486267981428,14.962268109046382,21.369097387703754,4.347461455858187e-06,0.017220150883392873,0.0002524636099472788
bfo-3ed506cdc7713a779b325406e3f8d32c94d0d2e89746b5e238f3801e4f9cd867,344,14.967316099334896,49.66957991510035,14.967316099334896,21.376088538383993,4.129759157311488e-06,0.017155350202468243,0.00024072718473082025
bfo-3ed506cdc7713a779b325406e3f8d32c94d0d2e89746b5e238f3801e4f9cd867,345,14.962170848368524,49.65161521474914,14.962170848368524,21.370800091501422,4.275146544678832e-06,0.01720916341450263,0.0002484226828293146
bfo-3ed506cdc7713a779b325406e3f8d32c94d0d2e89746b5e238f3801e4f9cd867,346,14.963442681967775,49.63686942042237,14.963442681967775,21.370467026547512,4.093619931380676e-06,0.017167561821815305,0.00023845086296289303
bfo-3ed506cdc7713a779b325406e3f8d32c94d0d2e89746b5e238f3801e4f9cd867,347,14.962215354729613,49.66822181710313,14.962215354729613,21.372730092779893,4.359066769640543e-06,0.017228456982372107,0.00025301550650186914
bfo-3ed506cdc7713a779b325406e3f8d32c94d0d2e89746b5e238f3801e4f9cd867,348,14.96678503594791,49.61495259829563,14.96678503594791,21.378596638763078,3.901214358897388e-06,0.017110664577410683,0.00022799899683894977
bfo-3ed506cdc7713a779b325406e3f8d32c94d0d2e89746b5e238f3801e4f9cd867,349,14.962131989351066,49.638422316212214,14.962131989351066,21.370803897918464,4.289054673895704e-06,0.01721279486065769,0.00024917828328384676
bfo-3ed506cdc7713a779b325406e3f8d32c94d0d2e89746b5e238f3801e4f9cd867,350,14.963439430818543,49.66058699335272,14.963439430818543,21.376044560411163,4.378702653555902e-06,0.01722516509286035,0.0002542038134293894
bfo-3ed506cdc7713a779b325406e3f8d32c94d0d2e89746b5e238f3801e4f9cd867,351,14.961479711933121,49.67872729011941,14.961479711933121,21.37205431076929,4.642062284120708e-06,0.017264998940112044,0.0002688712753602163
bfo-3ed506cdc7713a779b325406e3f8d32c94d0d2e89746b5e238f3801e4f9cd867,352,14.963260631345031,49.62339456122878,14.963260631345031,21.379324698680136,4.280790236807185e-06,0.01719117861839039,0.0002490108637593805
bfo-3ed506cdc7713a779b325406e3f8d32c94d0d2e89746b5e238f3801e4f9cd867,353,14.961155426091796,49.68033545129978,14.961155426091796,21.37490569130763,4.6740069914308925e-06,0.017275310186298114,0.00027055994601695045
bfo-3ed506cdc7713a779b325406e3f8d32c94d0d2e89746b5e238f3801e4f9cd867,354,14.964278573946874,49.748426671812354,14.964278573946874,21.383264017574295,5.024779117150396e-06,0.017316437391706876,0.0002901739545777958
bfo-3ed506cdc7713a779b325406e3f8d32c94d0d2e89746b5e238f3801e4f9cd867,355,14.960788187786488,49.71713809147079,14.960788187786488,21.376848487142528,4.921268100596035e-06,0.017310789748877533,0.0002842890574021985
bfo-3ed506cdc7713a779b325406e3f8d32c94d0d2e89746b5e238f3801e4f9cd867,356,14.964608193165141,49.83922471536741,14.964608193165141,21.388296459712098,5.725373344266407e-06,0.017418223494904638,0.00032870018839414097
bfo-3ed506cdc7713a779b325406e3f8d32c94d0d2e89746b5e238f3801e4f9cd867,357,14.961291775328457,49.692894933893804,14.961291775328457,21.37438333423684,4.743590974982428e-06,0.017283990723435328,0.0002744499838541687
bfo-3ed506cdc7713a779b325406e3f8d32c94d0d2e89746b5e238f3801e4f9cd867,358,14.963560928584672,49.78152773360007,14.963560928584672,21.384011425474956,5.115412004645594e-06,0.017320346428852426,0.0002953412061160788
bfo-3ed506cdc7713a779b325406e3f8d32c94d0d2e89746b5e238f3801e4f9cd867,359,14.960387901654004,49.75642074975532,14.960387901654004,21.37836569983864,5.219576171325776e-06,0.01735205702449389,0.0003008044616242273
bfo-3ed506cdc7713a779b325406e3f8d32c94d0d2e89746b5e238f3801e4f9cd867,360,14.96339437814327,49.805067243007414,14.96339437814327,21.388939523236655,5.410563623757873e-06,0.017376933600005653,0.0003113646946177036
bfo-3ed506cdc7713a779b325406e3f8d32c94d0d2e89746b5e238f3801e4f9cd867,361,14.960220172115042,49.75865845689951,14.960220172115042,21.376198479795747,5.2292854785942666e-06,0.01735577509600952,0.0003012994492995358
bfo-3ed506cdc7713a779b325406e3f8d32c94d0d2e89746b5e238f3801e4f9cd867,362,14.959445028341726,49.73514135487356,14.959445028341726,21.37615282265934,5.052669662357696e-06,0.017335008762960177,0.00029147199931930625
bfo-3ed506cdc7713a779b325406e3f8d32c94d0d2e89746b5e238f3801e4f9cd867,363,14.966464798244676,49.658494296647675,14.966464798244676,21.386234309878983,4.3489031165046324e-06,0.017200346231336573,0.000252838114885243
bfo-3ed506cdc7713a779b325406e3f8d32c94d0d2e89746b5e238f3801e4f9cd867,364,14.980583686524943,49.82131470601567,14.980583686524943,21.421690654434308,4.989019090311817e-06,0.01724276632288569,0.00028933983079560007
bfo-3ed506cdc7713a779b325406e3f8d32c94d0d2e89746b5e238f3801e4f9cd867,365,14.944569268190985,49.68214923849517,14.944569268190985,21.346552959832486,5.089772982279425e-06,0.017378236648639783,0.0002928820158907094
bfo-3ed506cdc7713a779b325406e3f8d32c94d0d2e89746b5e238f3801e4f9cd867,366,14.946155078177737,49.695032769573814,14.946155078177737,21.354694112596768,5.241351413535333e-06,0.017394462894729717,0.00030132298106907285
bfo-3ed506cdc7713a779b325406e3f8d32c94d0d2e89746b5e238f3801e4f9cd867,367,14.94395600492177,49.655995076290836,14.94395600492177,21.343991432622918,4.927298240126146e-06,0.0173593017068947,0.0002838419611181215
bfo-3ed506cdc7713a779b325406e3f8d32c94d0d2e89746b5e238f3801e4f9cd867,368,14.943647039198172,49.48688272144368,14.943647039198172,21.33327162219507,3.86370193221713e-06,0.017187284564918987,0.00022480002106344026
bfo-3ed506cdc7713a779b325406e3f8d32c94d0d2e89746b5e238f3801e4f9cd867,369,14.944779028337871,49.429375380624535,14.944779028337871,21.33438961664833,3.5646863013273292e-06,0.017137416720648085,0.0002080060466191735
bfo-3ed506cdc7713a779b325406e3f8d32c94d0d2e89746b5e238f3801e4f9cd867,370,14.943629707172073,49.4899275346964,14.943629707172073,21.332519110150212,3.9226491242647e-06,0.01720109799143482,0.00022804643786216195
bfo-3ed506cdc7713a779b325406e3f8d32c94d0d2e89746b5e238f3801e4f9cd867,371,14.942625795403078,49.495504266269876,14.942625795403078,21.331159853907586,4.039796140170115e-06,0.017209816341902225,0.00023473789957502772
bfo-3ed506cdc7713a779b325406e3f8d32c94d0d2e89746b5e238f3801e4f9cd867,372,14.939915475072354,49.406932860200826,14.939915475072354,21.326913581839523,3.6672384588523076e-06,0.01715237525422271,0.00021380353475822407
bfo-3ed506cdc7713a779b325406e3f8d32c94d0d2e89746b5e238f3801e4f9cd867,373,14.938877171442822,49.361400975438315,14.938877171442822,21.321659075514273,3.4963037837995463e-06,0.01711401068194502,0.0002042948230415729
bfo-3ed506cdc7713a779b325406e3f8d32c94d0d2e89746b5e238f3801e4f9cd867,374,14.89147206236869,49.19052811312052,14.89147206236869,21.221207644220776,3.6949080444783275e-06,0.017331557965030775,0.00021318960776252216
bfo-3ed506cdc7713a779b325406e3f8d32c94d0d2e89746b5e238f3801e4f9cd867,375,1000000.0,48.85542850488616,14.797544779441695,21.021554445160916,4.133425418012652e-06,0.017768098844509427,0.00023263183383797609
bfo-3ed506cdc7713a779b325406e3f8d32c94d0d2e89746b5e238f3801e4f9cd867,376,1000000.0,49.292030682244395,14.9231778931583,21.288268127872787,3.5190429668136542e-06,0.017168010250347712,0.00020497675126576658
bfo-3ed506cdc7713a779b325406e3f8d32c94d0d2e89746b5e238f3801e4f9cd867,377,14.891804866854054,49.20230346173669,14.891804866854054,21.21906365497493,3.745566086745367e-06,0.017345810155439307,0.00021593491760722578
bfo-3ed506cdc7713a779b325406e3f8d32c94d0d2e89746b5e238f3801e4f9cd867,378,14.860525192872524,49.09295442717455,14.860525192872524,21.155987178746763,3.87534562801571e-06,0.017492068936072306,0.00022154872829388046
bfo-3ed506cdc7713a779b325406e3f8d32c94d0d2e89746b5e238f3801e4f9cd867,379,14.81355034082257,48.92559198328148,14.81355034082257,21.055966115996632,4.1044226118907144e-06,0.017711623062162264,0.00023173610896559132
bfo-3ed506cdc7713a779b325406e3f8d32c94d0d2e89746b5e238f3801e4f9cd867,380,14.732211972052292,48.59640594722828,14.732211972052292,20.857529174440575,4.593000566703113e-06,0.01815075073609297,0.0002530474156955877
bfo-3ed506cdc7713a779b325406e3f8d32c94d0d2e89746b5e238f3801e4f9cd867,381,14.627644474420727,48.019046537755244,14.627644474420727,20.566743765908296,4.755948271313193e-06,0.018725552698015558,0.0002539817300995983
bfo-3ed506cdc7713a779b325406e3f8d32c94d0d2e89746b5e238f3801e4f9cd867,382,14.49988497091827,47.426454465973436,14.49988497091827,20.225361476481794,5.734521635150385e-06,0.01955066052596244,0.0002933160047219472
bfo-3ed506cdc7713a779b325406e3f8d32c94d0d2e89746b5e238f3801e4f9cd867,383,1000000.0,46.75104433980593,14.377947632738257,19.90055126061821,5.835233026502909e-06,0.020214974178660788,0.0002886589403939315
bfo-3ed506cdc7713a779b325406e3f8d32c94d0d2e89746b5e238f3801e4f9cd867,384,14.502948516975454,47.57981146997649,14.502948516975454,20.24014494907164,6.830630258411769e-06,0.01970313742171247,0.0003466772886070697
bfo-3ed506cdc7713a779b325406e3f8d32c94d0d2e89746b5e238f3801e4f9cd867,385,14.499724592810294,47.445841803501054,14.499724592810294,20.224967808085406,6.023833764077504e-06,0.019566774716954165,0.0003078603321812659
bfo-3ed506cdc7713a779b325406e3f8d32c94d0d2e89746b5e238f3801e4f9cd867,386,14.500412379995016,47.476887285606125,14.500412379995016,20.226336004494424,6.286694074469928e-06,0.01961990499723542,0.0003204242872407265
bfo-3ed506cdc7713a779b325406e3f8d32c94d0d2e89746b5e238f3801e4f9cd867,387,14.499792049909113,47.41305410028544,14.499792049909113,20.22372497848081,5.7655661018089225e-06,0.019530791523314158,0.00029520391403115904
bfo-3ed506cdc7713a779b325406e3f8d32c94d0d2e89746b5e238f3801e4f9cd867,388,14.499085109908197,47.4626663692707,14.499085109908197,20.22420288504515,6.197892465829741e-06,0.019609525651832275,0.00031606539474098
bfo-3ed506cdc7713a779b325406e3f8d32c94d0d2e89746b5e238f3801e4f9cd867,389,1000000.0,47.4049270429285,14.500566150403692,20.21962462938647,5.632044601224264e-06,0.01950892131118438,0.00028869072315112766
bfo-3ed506cdc7713a779b325406e3f8d32c94d0d2e89746b5e238f3801e4f9cd867,390,1000000.0000424911,47.47740246215412,14.49896770167618,20.224455918029278,6.319118993664931e-06,0.019633444692689236,0.0003218548294797161
bfo-3ed506cdc7713a779b325406e3f8d32c94d0d2e89746b5e238f3801e4f9cd867,391,14.499625048569191,47.47719141108206,14.499625048569191,20.223125025214387,6.251277988344425e-06,0.019620748871375444,0.00031860547369139233
bfo-3ed506cdc7713a779b325406e3f8d32c94d0d2e89746b5e238f3801e4f9cd867,392,1000000.0000865238,47.47373252192336,14.498398819379794,20.22446629304953,6.3766187995817865e-06,0.01964431940130243,0.00032460370193120627
bfo-3ed506cdc7713a779b325406e3f8d32c94d0d2e89746b5e238f3801e4f9cd867,393,1000000.0,47.53348501562466,14.500775846908182,20.226505518235008,6.68728305784323e-06,0.01966030953934109,0.0003401412904746846
bfo-3ed506cdc7713a779b325406e3f8d32c94d0d2e89746b5e238f3801e4f9cd867,394,1000000.0000250512,47.438496329813056,14.499216226492226,20.22250091064098,5.966120531380177e-06,0.01957785966538406,0.000304738139579628
bfo-3ed506cdc7713a779b325406e3f8d32c94d0d2e89746b5e238f3801e4f9cd867,395,1000000.0,47.47128403495692,14.500739393610763,20.22423163512086,6.203263754808232e-06,0.019605871508501082,0.00031639826631111527
bfo-3ed506cdc7713a779b325406e3f8d32c94d0d2e89746b5e238f3801e4f9cd867,396,14.499252672283921,47.4358214781252,14.499252672283921,20.223244341516345,5.955673735081273e-06,0.01956011106400363,0.00030448056841770536
bfo-3ed506cdc7713a779b325406e3f8d32c94d0d2e89746b5e238f3801e4f9cd867,397,1000000.0,47.49826690965947,14.498350988660148,20.23030431160669,6.261297823745779e-06,0.0196163615608214,0.00031918752131134757
bfo-3ed506cdc7713a779b325406e3f8d32c94d0d2e89746b5e238f3801e4f9cd867,398,14.49920227400175,47.42738027341089,14.49920227400175,20.221719523120527,5.919768653101074e-06,0.019573890381426172,0.0003024318895092205
bfo-3ed506cdc7713a779b325406e3f8d32c94d0d2e89746b5e238f3801e4f9cd867,399,1000000.0,47.35999234191619,14.499196130354441,20.219513901201015,5.503602341799187e-06,0.01948533706770262,0.00028244840326224226
bfo-3ed506cdc7713a779b325406e3f8d32c94d0d2e89746b5e238f3801e4f9cd867,400,1000000.0000009798,47.45750479545531,14.499033719863213,20.225781440407587,6.18070309536034e-06,0.01961007564809421,0.0003151799720854726
bfo-3ed506cdc7713a779b325406e3f8d32c94d0d2e89746b5e238f3801e4f9cd867,401,14.499187667509354,47.474571611581894,14.499187667509354,20.225571034492532,6.304817495408285e-06,0.01963439461022517,0.00032111086797271925
bfo-3ed506cdc7713a779b325406e3f8d32c94d0d2e89746b5e238f3801e4f9cd867,402,1000000.0000179567,47.49194448840289,14.49912662197657,20.22641091791621,6.466743554943802e-06,0.019657276501713717,0.00032897454305941276
bfo-3ed506cdc7713a779b325406e3f8d32c94d0d2e89746b5e238f3801e4f9cd867,403,14.498990148228899,47.4212606133109,14.498990148228899,20.22093755944508,5.879553847826841e-06,0.01956474993243018,0.0003005177100720821
bfo-3ed506cdc7713a779b325406e3f8d32c94d0d2e89746b5e238f3801e4f9cd867,404,1000000.0000235387,47.41852724323512,14.499120045257182,20.219539601292837,5.875915557808462e-06,0.01956055130985366,0.00030039621402943076
bfo-3ed506cdc7713a779b325406e3f8d32c94d0d2e89746b5e238f3801e4f9cd867,405,1000000.000010834,47.44822984186201,14.499163780471807,20.223153008481304,6.080090080609853e-06,0.019592517135349853,0.0003103271539132577
bfo-3ed506cdc7713a779b325406e3f8d32c94d0d2e89746b5e238f3801e4f9cd867,406,1000000.0,47.45708429644752,14.499281007960828,20.220956849803095,6.368903275664113e-06,0.019622864453234058,0.00032456542167137324
bfo-3ed506cdc7713a779b325406e3f8d32c94d0d2e89746b5e238f3801e4f9cd867,407,1000000.0000190323,47.402565368544366,14.49917070221107,20.219612887794078,5.6802253779484926e-06,0.01952507399942915,0.0002909195313735847
bfo-3ed506cdc7713a779b325406e3f8d32c94d0d2e89746b5e238f3801e4f9cd867,408,1000000.0,47.40266910239081,14.49854950420923,20.22140092815748,5.7912808622016415e-06,0.019545390904600033,0.0002962990553869483
bfo-3ed506cdc7713a779b325406e3f8d32c94d0d2e89746b5e238f3801e4f9cd867,409,1000000.0000959996,47.39713287955743,14.499114638942205,20.218682178824384,5.683247326443139e-06,0.01953266827514683,0.0002909611347710464
bfo-3ed506cdc7713a779b325406e3f8d32c94d0d2e89746b5e238f3801e4f9cd867,410,14.499386460384324,47.36679967471632,14.499386460384324,20.21620470317019,5.6194492410500725e-06,0.01952109733167146,0.000287865438380503
bfo-3ed506cdc7713a779b325406e3f8d32c94d0d2e89746b5e238f3801e4f9cd867,411,14.498736333822132,47.474756754691285,14.498736333822132,20.2255734670638,6.311035879483711e-06,0.019637577729017214,0.0003213754754568477
bfo-3ed506cdc7713a779b325406e3f8d32c94d0d2e89746b5e238f3801e4f9cd867,412,14.498092802846415,47.40456880303389,14.498092802846415,20.226295000623168,5.727043983200042e-06,0.019532991944566955,0.0002931985022802921
bfo-3ed506cdc7713a779b325406e3f8d32c94d0d2e89746b5e238f3801e4f9cd867,413,1000000.0000197057,47.36185189783873,14.498261161837402,20.225144757720827,5.436869788075667e-06,0.01947678935774558,0.0002791460999147438
bfo-3ed506cdc7713a779b325406e3f8d32c94d0d2e89746b5e238f3801e4f9cd867,414,1000000.0000071753,47.43670877493986,14.498556898784544,20.22542064179048,5.949727722798296e-06,0.01957200709313673,0.0003039917007226445
bfo-3ed506cdc7713a779b325406e3f8d32c94d0d2e89746b5e238f3801e4f9cd867,415,1000000.0000213583,47.4102985632556,14.497827340891726,20.226970872942847,5.741958892437817e-06,0.019540940678969776,0.00029384250158526865
bfo-3ed506cdc7713a779b325406e3f8d32c94d0d2e89746b5e238f3801e4f9cd867,416,14.499111217964336,47.383408435181806,14.499111217964336,20.22075963833363,5.518729199382836e-06,0.019490894078021768,0.0002831439736572085
bfo-3ed506cdc7713a779b325406e3f8d32c94d0d2e89746b5e238f3801e4f9cd867,417,14.497984162199597,47.42822262400527,14.497984162199597,20.229240858786483,5.991537437924556e-06,0.01957016372078769,0.00030615673549834764
bfo-3ed506cdc7713a779b325406e3f8d32c94d0d2e89746b5e238f3801e4f9cd867,418,14.498828219122432,47.44312055376236,14.498828219122432,20.237129059986856,6.0650922319280915e-06,0.019578832554012646,0.0003097780327400094
bfo-3ed506cdc7713a779b325406e3f8d32c94d0d2e89746b5e238f3801e4f9cd867,419,1000000.0000317878,47.40071361945835,14.49865896991287,20.226023588224802,5.8024734522403e-06,0.01953227780816355,0.00029707100775594876
bfo-3ed506cdc7713a779b325406e3f8d32c94d0d2e89746b5e238f3801e4f9cd867,420,1000000.0,47.41066734740207,14.497913956863377,20.230929845488195,5.780085128858678e-06,0.019552246560227873,0.00029562255728792907
bfo-3ed506cdc7713a779b325406e3f8d32c94d0d2e89746b5e238f3801e4f9cd867,421,1000000.0000621626,47.48737767886,14.498070660457753,20.233938874844245,6.4448527162789406e-06,0.019636638821201893,0.0003282054925469405
bfo-3ed506cdc7713a779b325406e3f8d32c94d0d2e89746b5e238f3801e4f9cd867,422,1000000.0000436651,47.42918310046629,14.498194298817737,20.23088132334045,5.971420126668436e-06,0.019559324467568095,0.00030529787143568414
bfo-3ed506cdc7713a779b325406e3f8d32c94d0d2e89746b5e238f3801e4f9cd867,423,1000000.0000232575,47.43551622693005,14.498638356522282,20.228481724637348,5.9903224297305846e-06,0.019569855903922326,0.0003060994653787902
bfo-3ed506cdc7713a779b325406e3f8d32c94d0d2e89746b5e238f3801e4f9cd867,424,1000000.0000748768,47.51029973614894,14.498235183554943,20.235694271838227,6.630053491734486e-06,0.019666971494509803,0.0003371161387804584
bfo-3ed506cdc7713a779b325406e3f8d32c94d0d2e89746b5e238f3801e4f9cd867,425,14.502940618003803,47.457190790555146,14.502940618003803,20.240470644740064,6.03426594722046e-06,0.019547837934401832,0.0003086922434834024
bfo-3ed506cdc7713a779b325406e3f8d32c94d0d2e89746b5e238f3801e4f9cd867,426,14.482323820679065,47.35624886593782,14.482323820679065,20.18733314155312,6.118734867062369e-06,0.019673443527831125,0.00031101494044021694
bfo-3ed506cdc7713a779b325406e3f8d32c94d0d2e89746b5e238f3801e4f9cd867,427,14.482905531760148,47.41639065377841,14.482905531760148,20.191707455185632,6.598401300357862e-06,0.01974399060303092,0.0003341979558754923
bfo-3ed506cdc7713a779b325406e3f8d32c94d0d2e89746b5e238f3801e4f9cd867,428,14.481869847301962,47.34955958655734,14.481869847301962,20.185686232742547,6.134964548806051e-06,0.019670099661404292,0.0003118929062084916
bfo-3ed506cdc7713a779b325406e3f8d32c94d0d2e89746b5e238f3801e4f9cd867,429,14.481271691266777,47.3218071809103,14.481271691266777,20.183623907997426,5.939488777161565e-06,0.019634005445359048,0.00030251029489071984
bfo-3ed506cdc7713a779b325406e3f8d32c94d0d2e89746b5e238f3801e4f9cd867,430,14.481046260282676,47.27461012230407,14.481046260282676,20.180632612688726,5.6211474209641835e-06,0.019588191878999198,0.00028696611998122715
bfo-3ed506cdc7713a779b325406e3f8d32c94d0d2e89746b5e238f3801e4f9cd867,431,1000000.0000625016,47.24578078731278,14.47981113140487,20.176456433153014,5.514820237442695e-06,0.01957401811049453,0.00028174185833035206
bfo-3ed506cdc7713a779b325406e3f8d32c94d0d2e89746b5e238f3801e4f9cd867,432,1000000.0,47.26272288227421,14.481324500703911,20.177768147212415,5.550202670259034e-06,0.019577263268507644,0.00028350247908180275
bfo-3ed506cdc7713a779b325406e3f8d32c94d0d2e89746b5e238f3801e4f9cd867,433,14.481831014218299,47.25026925387564,14.481831014218299,20.178454068576098,5.512290551638408e-06,0.01956750957573115,0.0002817062912530829
bfo-3ed506cdc7713a779b325406e3f8d32c94d0d2e89746b5e238f3801e4f9cd867,434,14.481061901848578,47.27721890549739,14.481061901848578,20.18439905918632,5.608116349316163e-06,0.019579328218209575,0.00028643047845228854
bfo-3ed506cdc7713a779b325406e3f8d32c94d0d2e89746b5e238f3801e4f9cd867,435,14.480960819456214,47.320759073091125,14.480960819456214,20.18265259770075,5.926683607149948e-06,0.019645872311714226,0.000301675767464703
bfo-3ed506cdc7713a779b325406e3f8d32c94d0d2e89746b5e238f3801e4f9cd867,436,14.48169074397235,47.295855033974064,14.48169074397235,20.182113845278934,5.777660726198296e-06,0.019619604245484323,0.0002944840606317577
bfo-3ed506cdc7713a779b325406e3f8d32c94d0d2e89746b5e238f3801e4f9cd867,437,14.480210459254183,47.28559067237161,14.480210459254183,20.18101023576669,5.69782781187807e-06,0.019619220113917604,0.0002904207088148274
bfo-3ed506cdc7713a779b325406e3f8d32c94d0d2e89746b5e238f3801e4f9cd867,438,14.472560919416892,47.322193369232124,14.472560919416892,20.159936392525182,6.2479868103990156e-06,0.019744491396569162,0.0003164420234944455
bfo-3ed506cdc7713a779b325406e3f8d32c94d0d2e89746b5e238f3801e4f9cd867,439,14.47137891967973,47.17839534681329,14.47137891967973,20.14619104629281,5.21312314875104e-06,0.019562446575703208,0.0002664862561324922
bfo-3ed506cdc7713a779b325406e3f8d32c94d0d2e89746b5e238f3801e4f9cd867,440,14.468861226030493,47.198166377624716,14.468861226030493,20.140824076588576,5.520323370469792e-06,0.019657636114687876,0.00028082335730821126
bfo-3ed506cdc7713a779b325406e3f8d32c94d0d2e89746b5e238f3801e4f9cd867,441,14.466498101871098,47.22198936811024,14.466498101871098,20.13238734751457,5.903841457459264e-06,0.019732268799303673,0.0002991972954304982
bfo-3ed506cdc7713a779b325406e3f8d32c94d0d2e89746b5e238f3801e4f9cd867,442,14.464060678252824,47.26832144774656,14.464060678252824,20.13010514495358,6.406332714657485e-06,0.019818325397125445,0.00032325297855825364
bfo-3ed506cdc7713a779b325406e3f8d32c94d0d2e89746b5e238f3801e4f9cd867,443,14.447444567163297,47.206394727789366,14.447444567163297,20.088828872432185,6.574214530113806e-06,0.01993814326487807,0.0003297305292060259
bfo-3ed506cdc7713a779b325406e3f8d32c94d0d2e89746b5e238f3801e4f9cd867,444,14.461553305992405,47.352440174339705,14.461553305992405,20.12935172222835,7.2353379516935854e-06,0.01994930521549596,0.00036268621255408005
bfo-3ed506cdc7713a779b325406e3f8d32c94d0d2e89746b5e238f3801e4f9cd867,445,14.446756491166859,47.23425429545706,14.446756491166859,20.091408268585024,6.881216642083992e-06,0.019991701518189416,0.00034420365049083634
bfo-3ed506cdc7713a779b325406e3f8d32c94d0d2e89746b5e238f3801e4f9cd867,446,14.437365380313691,47.12839329245659,14.437365380313691,20.06384964213167,6.521460061249268e-06,0.019977315800886145,0.0003264432582559461
bfo-3ed506cdc7713a779b325406e3f8d32c94d0d2e89746b5e238f3801e4f9cd867,447,14.432181277242178,47.08552818687624,14.432181277242178,20.04490636984146,6.484173815586883e-06,0.019996367837370667,0.0003242675804087174
bfo-3ed506cdc7713a779b325406e3f8d32c94d0d2e89746b5e238f3801e4f9cd867,448,14.439430216340913,47.02526198679732,14.439430216340913,20.058220589886435,5.711057873069975e-06,0.019823618053459342,0.00028809361932159304
bfo-3ed506cdc7713a779b325406e3f8d32c94d0d2e89746b5e238f3801e4f9cd867,449,14.434342499329489,47.08143151141287,14.434342499329489,20.048975150684296,6.280073664793816e-06,0.019952689090993406,0.0003147482344937969
bfo-3ed506cdc7713a779b325406e3f8d32c94d0d2e89746b5e238f3801e4f9cd867,450,1000000.0,47.08739456134742,14.439813942822735,20.06476428091209,6.147480970196467e-06,0.019891054609929158,0.00030905756837688164
bfo-3ed506cdc7713a779b325406e3f8d32c94d0d2e89746b5e238f3801e4f9cd867,451,14.434824455621076,47.067081054034674,14.434824455621076,20.049314134380175,6.184218819273387e-06,0.019938400393927257,0.0003101662468949589
bfo-3ed506cdc7713a779b325406e3f8d32c94d0d2e89746b5e238f3801e4f9cd867,452,14.438214287484495,47.112660267311824,14.438214287484495,20.059325244839666,6.515402657656114e-06,0.019989374040315522,0.0003259433059042039
bfo-3ed506cdc7713a779b325406e3f8d32c94d0d2e89746b5e238f3801e4f9cd867,453,14.432266925684056,47.06878899863473,14.432266925684056,20.04504475927409,6.308114301613794e-06,0.019966343579371302,0.0003159373811503059
bfo-3ed506cdc7713a779b325406e3f8d32c94d0d2e89746b5e238f3801e4f9cd867,454,14.42846828832811,47.12074371103055,14.42846828832811,20.039551566978652,6.798271734637969e-06,0.020063043084315994,0.0003388454934811172
bfo-3ed506cdc7713a779b325406e3f8d32c94d0d2e89746b5e238f3801e4f9cd867,455,14.425502625727159,47.120397253443336,14.425502625727159,20.03673699326626,7.0054730145891655e-06,0.020111531000450655,0.0003483311645658497
bfo-3ed506cdc7713a779b325406e3f8d32c94d0d2e89746b5e238f3801e4f9cd867,456,14.420275089113419,47.06067010715432,14.420275089113419,20.020741051379378,6.711854320680772e-06,0.020103633786333827,0.0003338627430252633
bfo-3ed506cdc7713a779b325406e3f8d32c94d0d2e89746b5e238f3801e4f9cd867,457,14.41372183681874,47.05088460665981,14.41372183681874,20.010804890844657,6.971371892212657e-06,0.020182982733795794,0.0003454084058913307
bfo-3ed506cdc7713a779b325406e3f8d32c94d0d2e89746b5e238f3801e4f9cd867,458,14.405152852048957,47.01412788214661,14.405152852048957,19.98282463862565,7.1250165912275555e-06,0.020248751197130738,0.0003518743710099601
bfo-3ed506cdc7713a779b325406e3f8d32c94d0d2e89746b5e238f3801e4f9cd867,459,14.40440998892223,46.90948996717781,14.40440998892223,19.97667772877816,6.400303208726921e-06,0.02014546114863309,0.0003177044775250129
bfo-3ed506cdc7713a779b325406e3f8d32c94d0d2e89746b5e238f3801e4f9cd867,460,14.40553469107187,46.99536801191347,14.40553469107187,19.989871857573313,6.828755565355974e-06,0.02021821211729832,0.0003377526917681025
bfo-3ed506cdc7713a779b325406e3f8d32c94d0d2e89746b5e238f3801e4f9cd867,461,14.404896215806296,46.92322740156999,14.404896215806296,19.976938894527652,6.467423526829351e-06,0.020155206944386876,0.0003208810281469472
bfo-3ed506cdc7713a779b325406e3f8d32c94d0d2e89746b5e238f3801e4f9cd867,462,14.402795516421264,46.96412660138392,14.402795516421264,19.971466601247375,6.925704987008282e-06,0.02022682475771913,0.0003424019869636353
bfo-3ed506cdc7713a779b325406e3f8d32c94d0d2e89746b5e238f3801e4f9cd867,463,14.411572256112622,46.93333829989894,14.411572256112622,19.991076184200814,6.108675159567298e-06,0.020052976266895797,0.00030462685829094245
bfo-3ed506cdc7713a779b325406e3f8d32c94d0d2e89746b5e238f3801e4f9cd867,464,14.402981138154235,46.94610597318082,14.402981138154235,19.97190322517461,6.636090384845561e-06,0.020188538077630155,0.0003287058408750587
bfo-3ed506cdc7713a779b325406e3f8d32c94d0d2e89746b5e238f3801e4f9cd867,465,14.403056400508012,46.96842953468592,14.403056400508012,19.97452169140689,6.9826999402746965e-06,0.020222698552512235,0.0003452902154548136
bfo-3ed506cdc7713a779b325406e3f8d32c94d0d2e89746b5e238f3801e4f9cd867,466,14.40300997052172,46.98995036130443,14.40300997052172,19.974187898694986,7.130002843990192e-06,0.020256298672198823,0.000351989421136247
bfo-3ed506cdc7713a779b325406e3f8d32c94d0d2e89746b5e238f3801e4f9cd867,467,14.399476070841024,46.942523828310655,14.399476070841024,19.960790964043415,6.8935098170570185e-06,0.020257995967989766,0.0003402858717096029
bfo-3ed506cdc7713a779b325406e3f8d32c94d0d2e89746b5e238f3801e4f9cd867,468,14.394715797360455,46.8944331813611,14.394715797360455,19.949471181287542,6.765237102211192e-06,0.02026090014318094,0.000333906048319779
bfo-3ed506cdc7713a779b325406e3f8d32c94d0d2e89746b5e238f3801e4f9cd867,469,14.384548808106402,46.784019662630485,14.384548808106402,19.918453631811705,6.33391296535913e-06,0.020237846073516794,0.00031297367033775777
bfo-3ed506cdc7713a779b325406e3f8d32c94d0d2e89746b5e238f3801e4f9cd867,470,14.382612772831807,46.80967823137456,14.382612772831807,19.911252028216076,6.641212760375452e-06,0.020310781132322285,0.0003269796822243691
bfo-3ed506cdc7713a779b325406e3f8d32c94d0d2e89746b5e238f3801e4f9cd867,471,14.377497088221666,46.83180134204564,14.377497088221666,19.899098593190836,6.977915740880003e-06,0.02039408577903945,0.00034215388796941007
bfo-3ed506cdc7713a779b325406e3f8d32c94d0d2e89746b5e238f3801e4f9cd867,472,14.375379527732486,46.6843606412202,14.375379527732486,19.882088864847496,5.8763594480579045e-06,0.020206452098536297,0.00029081599379257545
bfo-3ed506cdc7713a779b325406e3f8d32c94d0d2e89746b5e238f3801e4f9cd867,473,14.37299430519543,46.70589871711588,14.37299430519543,19.877252189276142,6.2122947530570855e-06,0.02030595916928157,0.00030593456340909596
bfo-3ed506cdc7713a779b325406e3f8d32c94d0d2e89746b5e238f3801e4f9cd867,474,14.371177688497134,46.73227917822999,14.371177688497134,19.870294641520935,6.637293637592573e-06,0.02038287790048796,0.00032563083927582563
bfo-3ed506cdc7713a779b325406e3f8d32c94d0d2e89746b5e238f3801e4f9cd867,475,14.369395647543968,46.78196386885969,14.369395647543968,19.87007021193319,7.17949246282232e-06,0.02047154185414127,0.00035070599537523117
bfo-3ed506cdc7713a779b325406e3f8d32c94d0d2e89746b5e238f3801e4f9cd867,476,14.353409881679413,46.72290723613021,14.353409881679413,19.83002484874387,7.344805379072228e-06,0.020589457653907347,0.0003567265103594593
bfo-3ed506cdc7713a779b325406e3f8d32c94d0d2e89746b5e238f3801e4f9cd867,477,14.358950304270607,46.83895235941618,14.358950304270607,19.854587312982183,8.252740125434416e-06,0.020694226704144985,0.0003987943228524417
bfo-3ed506cdc7713a779b325406e3f8d32c94d0d2e89746b5e238f3801e4f9cd867,478,14.35367287028725,46.747891814266694,14.35367287028725,19.832899997497318,7.605112721404913e-06,0.020629891490743128,0.00036864530891097587
bfo-3ed506cdc7713a779b325406e3f8d32c94d0d2e89746b5e238f3801e4f9cd867,479,14.354900249047724,46.71305859687308,14.354900249047724,19.83133027700708,7.282571564216254e-06,0.02055443597116701,0.0003543065630422538
bfo-3ed506cdc7713a779b325406e3f8d32c94d0d2e89746b5e238f3801e4f9cd867,480,14.352880111803954,46.69850228108531,14.352880111803954,19.826989235678248,7.157735562316713e-06,0.020562626720244073,0.00034809441710430234
bfo-3ed506cdc7713a779b325406e3f8d32c94d0d2e89746b5e238f3801e4f9cd867,481,14.337005458363846,46.55052976052473,14.337005458363846,19.78258348562473,6.672931819885231e-06,0.020575532577501904,0.00032431392940864516
bfo-3ed506cdc7713a779b325406e3f8d32c94d0d2e89746b5e238f3801e4f9cd867,482,14.33427196741978,46.50098783658739,14.33427196741978,19.768388522849083,6.430761196476168e-06,0.020549516160700096,0.000312939786328141
bfo-3ed506cdc7713a779b325406e3f8d32c94d0d2e89746b5e238f3801e4f9cd867,483,14.33512553507818,46.39348928011438,14.33512553507818,19.757476859807827,5.709101515304931e-06,0.020413830919356366,0.00027966830615274514
bfo-3ed506cdc7713a779b325406e3f8d32c94d0d2e89746b5e238f3801e4f9cd867,484,14.333732987015892,46.506464028545,14.333732987015892,19.771581114278085,6.455382468755482e-06,0.020553254234899444,0.0003140807968888078
bfo-3ed506cdc7713a779b325406e3f8d32c94d0d2e89746b5e238f3801e4f9cd867,485,14.334728499207198,46.641059736843886,14.334728499207198,19.785220501098237,7.633470085868289e-06,0.020732515797085488,0.000368188316390497
bfo-3ed506cdc7713a779b325406e3f8d32c94d0d2e89746b5e238f3801e4f9cd867,486,14.334284449175318,46.55614123744937,14.334284449175318,19.776194550244917,6.89374575810467e-06,0.02061142342393383,0.00033446238119099066
bfo-3ed506cdc7713a779b325406e3f8d32c94d0d2e89746b5e238f3801e4f9cd867,487,14.333542576406328,46.57514092296675,14.333542576406328,19.780903147341707,7.023037367151474e-06,0.02065098062043858,0.0003400825121205465
bfo-3ed506cdc7713a779b325406e3f8d32c94d0d2e89746b5e238f3801e4f9cd867,488,14.332947888261709,46.58411403401273,14.332947888261709,19.785985524064692,7.173358213809419e-06,0.020659512517414776,0.0003472181740862807
bfo-3ed506cdc7713a779b325406e3f8d32c94d0d2e89746b5e238f3801e4f9cd867,489,14.334477225419576,46.629683635796056,14.334477225419576,19.792111958749153,7.576628007537941e-06,0.020711165168403826,0.00036582335884687744
bfo-3ed506cdc7713a779b325406e3f8d32c94d0d2e89746b5e238f3801e4f9cd867,490,14.333224746569728,46.62122151272257,14.333224746569728,19.78913512506957,7.4321869141153756e-06,0.02070773554106313,0.00035890872275133416
bfo-3ed506cdc7713a779b325406e3f8d32c94d0d2e89746b5e238f3801e4f9cd867,491,14.330968046584008,46.495685993664026,14.330968046584008,19.7831404442646,6.508116198086308e-06,0.02054909729494597,0.0003167105642001594
bfo-3ed506cdc7713a779b325406e3f8d32c94d0d2e89746b5e238f3801e4f9cd867,492,14.299849952849755,46.311578486139844,14.299849952849755,19.697292121870063,6.424744868412224e-06,0.02070961773795321,0.0003102300076083973
bfo-3ed506cdc7713a779b325406e3f8d32c94d0d2e89746b5e238f3801e4f9cd867,493,14.25878467132279,45.9650988984232,14.25878467132279,19.551064918392825,6.188757535086908e-06,0.02099681521727215,0.0002947474400782451
bfo-3ed506cdc7713a779b325406e3f8d32c94d0d2e89746b5e238f3801e4f9cd867,494,14.228206729955456,45.73399306816047,14.228206729955456,19.44793456774217,6.374742113902417e-06,0.021253281001661,0.0002999415531843866
bfo-3ed506cdc7713a779b325406e3f8d32c94d0d2e89746b5e238f3801e4f9cd867,495,14.211763559170349,45.46650322595016,14.211763559170349,19.377434031353417,5.128944966247245e-06,0.02115867276744756,0.00024240390796808784
bfo-3ed506cdc7713a779b325406e3f8d32c94d0d2e89746b5e238f3801e4f9cd867,496,14.190711273544569,45.18197899022263,14.190711273544569,19.289906689570746,4.381252278090918e-06,0.021172515799247435,0.00020693111388523071
bfo-3ed506cdc7713a779b325406e3f8d32c94d0d2e89746b5e238f3801e4f9cd867,497,14.164211859142767,45.00400198063993,14.164211859142767,19.19559709130433,4.596045054042645e-06,0.0214233795133225,0.00021453408185130243
bfo-3ed506cdc7713a779b325406e3f8d32c94d0d2e89746b5e238f3801e4f9cd867,498,14.154498120479353,44.739243303484116,14.154498120479353,19.147330036172466,3.7323949146374296e-06,0.02129650883649408,0.00017525853384201312
bfo-3ed506cdc7713a779b325406e3f8d32c94d0d2e89746b5e238f3801e4f9cd867,499,14.140987280656057,44.662803726692474,14.140987280656057,19.09600665977745,3.842481307651832e-06,0.021433078932695703,0.00017927808317778408
bfo-3ed506cdc7713a779b325406e3f8d32c94d0d2e89746b5e238f3801e4f9cd867,500,14.129843461193522,44.653914211775344,14.129843461193522,19.06113370124158,4.212375238180446e-06,0.02162741766028369,0.00019477014335909356
bfo-3ed506cdc7713a779b325406e3f8d32c94d0d2e89746b5e238f3801e4f9cd867,501,14.122787633890018,44.71316922898795,14.122787633890018,19.045884238399008,4.6359225428646646e-06,0.021802077679286876,0.00021263673173997703
bfo-3ed506cdc7713a779b325406e3f8d32c94d0d2e89746b5e238f3801e4f9cd867,502,14.117574816952953,44.59345577788982,14.117574816952953,19.018084979454063,4.2874110778227215e-06,0.021743005173693212,0.00019718576358570918
bfo-3ed506cdc7713a779b325406e3f8d32c94d0d2e89746b5e238f3801e4f9cd867,503,14.110242772128032,44.53691238953239,14.110242772128032,18.986218110215443,4.3658900419725876e-06,0.021821342533823326,0.0002000743095987522
bfo-3ed506cdc7713a779b325406e3f8d32c94d0d2e89746b5e238f3801e4f9cd867,504,14.105848908400965,44.49529528704411,14.105848908400965,18.972810580036654,4.30046973688063e-06,0.021831963117786134,0.0001969804416432487
bfo-3ed506cdc7713a779b325406e3f8d32c94d0d2e89746b5e238f3801e4f9cd867,505,14.095250581231857,44.55700088169101,14.095250581231857,18.94970277540452,5.1640265634050045e-06,0.022102663729492093,0.00023363819974850023
bfo-3ed506cdc7713a779b325406e3f8d32c94d0d2e89746b5e238f3801e4f9cd867,506,14.08885701243101,44.53689611598291,14.08885701243101,18.92775240005545,5.407701022432394e-06,0.02222695819709495,0.00024329469531909128
bfo-3ed506cdc7713a779b325406e3f8d32c94d0d2e89746b5e238f3801e4f9cd867,507,14.086193071577991,44.47276954634687,14.086193071577991,18.912419392969912,5.220810317486606e-06,0.022210079820690003,0.00023506490564807032
bfo-3ed506cdc7713a779b325406e3f8d32c94d0d2e89746b5e238f3801e4f9cd867,508,1000000.0,44.36366440320034,14.080645361659142,18.880313625553697,4.925489929266547e-06,0.02218492696752984,0.00022201965940548554
bfo-3ed506cdc7713a779b325406e3f8d32c94d0d2e89746b5e238f3801e4f9cd867,509,1000000.00004387,44.47240403407162,14.087123853806117,18.917814978691503,5.216776629703997e-06,0.02219514925555236,0.00023504129526855794
bfo-3ed506cdc7713a779b325406e3f8d32c94d0d2e89746b5e238f3801e4f9cd867,510,14.086246379374483,44.48749400201131,14.086246379374483,18.91194730347954,5.219407866211796e-06,0.022215110974233884,0.00023494853895915746
bfo-3ed506cdc7713a779b325406e3f8d32c94d0d2e89746b5e238f3801e4f9cd867,511,14.085772616834362,44.49092559569859,14.085772616834362,18.91496484999106,5.3636476917687545e-06,0.022241106146786736,0.00024115921467078932
bfo-3ed506cdc7713a779b325406e3f8d32c94d0d2e89746b5e238f3801e4f9cd867,512,14.080875918451095,44.521764369049365,14.080875918451095,18.89987901401127,5.7382736136541835e-06,0.02237150885421066,0.0002564991771922506
bfo-3ed506cdc7713a779b325406e3f8d32c94d0d2e89746b5e238f3801e4f9cd867,513,14.078400782445053,44.56856797008814,14.078400782445053,18.901343568298547,6.054923947497937e-06,0.022467702128668457,0.0002694945799451357
bfo-3ed506cdc7713a779b325406e3f8d32c94d0d2e89746b5e238f3801e4f9cd867,514,14.075019874838555,44.64531894604496,14.075019874838555,18.904151023946817,6.796243647062295e-06,0.022651667336158466,0.0003000328208163983
bfo-3ed506cdc7713a779b325406e3f8d32c94d0d2e89746b5e238f3801e4f9cd867,515,14.075018425428224,44.704295244110206,14.075018425428224,18.91256208548491,7.177931566181513e-06,0.022720730518009456,0.0003159199287404939
bfo-3ed506cdc7713a779b325406e3f8d32c94d0d2e89746b5e238f3801e4f9cd867,516,14.07736672763628,44.65804183642341,14.07736672763628,18.91431928126926,6.8228275211104e-06,0.022608504857210703,0.000301781456323696
bfo-3ed506cdc7713a779b325406e3f8d32c94d0d2e89746b5e238f3801e4f9cd867,517,14.075771809026893,44.68298822657687,14.075771809026893,18.9088047823323,7.1008861360719476e-06,0.022693384547069494,0.00031290555718313593
bfo-3ed506cdc7713a779b325406e3f8d32c94d0d2e89746b5e238f3801e4f9cd867,518,14.07539271205397,44.766722662494246,14.07539271205397,18.92242053357233,7.533462836679209e-06,0.022795748294143447,0.00033047666343177963
bfo-3ed506cdc7713a779b325406e3f8d32c94d0d2e89746b5e238f3801e4f9cd867,519,14.075008483254127,44.7290140900823,14.075008483254127,18.913874356248883,7.381788397847641e-06,0.02275971764693838,0.0003243356755280588
bfo-3ed506cdc7713a779b325406e3f8d32c94d0d2e89746b5e238f3801e4f9cd867,520,14.074320681075235,44.70504424263865,14.074320681075235,18.910125821877926,7.231853144511628e-06,0.022765283498005343,0.00031767024316412624
bfo-3ed506cdc7713a779b325406e3f8d32c94d0d2e89746b5e238f3801e4f9cd867,521,14.07539746785086,44.762575191513896,14.07539746785086,18.92629954304323,7.58013227913982e-06,0.022812985854160084,0.0003322726944906924
bfo-3ed506cdc7713a779b325406e3f8d32c94d0d2e89746b5e238f3801e4f9cd867,522,14.074356655654888,44.697216583636205,14.074356655654888,18.910660329555235,7.126016556373717e-06,0.02274298124731725,0.00031332816392372917
bfo-3ed506cdc7713a779b325406e3f8d32c94d0d2e89746b5e238f3801e4f9cd867,523,14.07564754747034,44.67851027327825,14.07564754747034,18.910000173723773,6.671050488845309e-06,0.02268622278652669,0.0002940573471229082
bfo-3ed506cdc7713a779b325406e3f8d32c94d0d2e89746b5e238f3801e4f9cd867,524,14.074873032590189,44.68752352826466,14.074873032590189,18.909113621504428,7.1077358262448364e-06,0.02273360202343983,0.0003126533058384807
bfo-3ed506cdc7713a779b325406e3f8d32c94d0d2e89746b5e238f3801e4f9cd867,525,14.075504279082377,44.77921832098311,14.075504279082377,18.921836653732896,7.789406661180591e-06,0.022857763700681186,0.0003407772852664698
bfo-3ed506cdc7713a779b325406e3f8d32c94d0d2e89746b5e238f3801e4f9cd867,526,14.074878305175243,44.72092472740417,14.074878305175243,18.91299562797346,7.277150276721431e-06,0.02278591192471466,0.000319370596216002
bfo-3ed506cdc7713a779b325406e3f8d32c94d0d2e89746b5e238f3801e4f9cd867,527,14.075880775170816,44.75262790925066,14.075880775170816,18.92063794306613,7.459100114674877e-06,0.022807404946181404,0.0003270472959232365
bfo-3ed506cdc7713a779b325406e3f8d32c94d0d2e89746b5e238f3801e4f9cd867,528,14.074669194778297,44.71366861592297,14.074669194778297,18.909580810183776,7.2561656405574146e-06,0.022774894980744986,0.0003186036926489511
bfo-3ed506cdc7713a779b325406e3f8d32c94d0d2e89746b5e238f3801e4f9cd867,529,14.073137052589777,44.70907793021252,14.073137052589777,18.906663038503755,7.242978094742572e-06,0.022786416142999262,0.0003178638557853186
bfo-3ed506cdc7713a779b325406e3f8d32c94d0d2e89746b5e238f3801e4f9cd867,530,14.056878212803715,44.677758655168546,14.056878212803715,18.858533119010957,7.901973665318572e-06,0.02305883907002457,0.00034268740248899926
bfo-3ed506cdc7713a779b325406e3f8d32c94d0d2e89746b5e238f3801e4f9cd867,531,1000000.0,44.598720115108364,14.050617945912537,18.833935312221723,7.730428660916034e-06,0.023070749383546845,0.0003350748834551977
bfo-3ed506cdc7713a779b325406e3f8d32c94d0d2e89746b5e238f3801e4f9cd867,532,14.057002764790003,44.62153098485249,14.057002764790003,18.851557216232315,7.438536148663386e-06,0.02296163911985531,0.0003239549280360896
bfo-3ed506cdc7713a779b325406e3f8d32c94d0d2e89746b5e238f3801e4f9cd867,533,14.0576682793211,44.786385907605705,14.0576682793211,18.872286715344934,8.61301996333988e-06,0.023212424169471006,0.00037105215295297464
bfo-3ed506cdc7713a779b325406e3f8d32c94d0d2e89746b5e238f3801e4f9cd867,534,14.05668624555533,44.6813666877503,14.05668624555533,18.859400880769147,7.895819972711602e-06,0.023067196013990127,0.0003422964788578044
bfo-3ed506cdc7713a779b325406e3f8d32c94d0d2e89746b5e238f3801e4f9cd867,535,14.057181286735855,44.645186411281855,14.057181286735855,18.854987177406006,7.517039075130996e-06,0.022983266612482383,0.0003270657388209749
bfo-3ed506cdc7713a779b325406e3f8d32c94d0d2e89746b5e238f3801e4f9cd867,536,14.056253778039824,44.76380945232161,14.056253778039824,18.871387895212102,8.501577297960098e-06,0.023183325224020432,0.00036671086722070157
bfo-3ed506cdc7713a779b325406e3f8d32c94d0d2e89746b5e238f3801e4f9cd867,537,14.056043854146969,44.84818654935205,14.056043854146969,18.87841253041313,9.243950046692395e-06,0.02332905509926259,0.00039624193981969665
bfo-3ed506cdc7713a779b325406e3f8d32c94d0d2e89746b5e238f3801e4f9cd867,538,1000000.0,44.823195389492646,14.05903715684692,18.87868612980486,8.898269010860358e-06,0.023247313113737435,0.00038276548207208264
bfo-3ed506cdc7713a779b325406e3f8d32c94d0d2e89746b5e238f3801e4f9cd867,539,14.055175805632897,44.85974513792724,14.055175805632897,18.876599932585027,9.468470843025936e-06,0.0233733648627218,0.00040509660883817413
bfo-3ed506cdc7713a779b325406e3f8d32c94d0d2e89746b5e238f3801e4f9cd867,540,14.059182952290536,44.963262538186015,14.059182952290536,18.897146159446432,1.0184468487181096e-05,0.023474138544229327,0.000433859094253525
bfo-3ed506cdc7713a779b325406e3f8d32c94d0d2e89746b5e238f3801e4f9cd867,541,1000000.0000560125,44.85885073379796,14.054548023372115,18.874244391026718,9.558626442111884e-06,0.02339389630472493,0.00040859488806835916
bfo-3ed506cdc7713a779b325406e3f8d32c94d0d2e89746b5e238f3801e4f9cd867,542,1000000.0,44.993100150989136,14.062154814574455,18.912076495556263,1.045254300043644e-05,0.023462522651939877,0.00044549953794385474
bfo-3ed506cdc7713a779b325406e3f8d32c94d0d2e89746b5e238f3801e4f9cd867,543,14.053817013702382,44.837838258292074,14.053817013702382,18.87257432547537,9.380499778383585e-06,0.023368287508743125,0.00040142007731092485
bfo-3ed506cdc7713a779b325406e3f8d32c94d0d2e89746b5e238f3801e4f9cd867,544,14.054836964074546,44.792047106118986,14.054836964074546,18.879038511027364,8.895100074628408e-06,0.023259301505415705,0.00038243195190351134
bfo-3ed506cdc7713a779b325406e3f8d32c94d0d2e89746b5e238f3801e4f9cd867,545,14.049934269656626,44.76533740994569,14.049934269656626,18.854263824596377,8.985657643448946e-06,0.02333725782390701,0.0003850348533341357
bfo-3ed506cdc7713a779b325406e3f8d32c94d0d2e89746b5e238f3801e4f9cd867,546,14.045873124229805,44.69259695769242,14.045873124229805,18.83522946818397,8.39374769899137e-06,0.02327370167342824,0.0003606537463086319
bfo-3ed506cdc7713a779b325406e3f8d32c94d0d2e89746b5e238f3801e4f9cd867,547,14.040647383244655,44.63025555801174,14.040647383244655,18.815721882577737,8.147050721862837e-06,0.023272570787829627,0.0003500709395681946
bfo-3ed506cdc7713a779b325406e3f8d32c94d0d2e89746b5e238f3801e4f9cd867,548,14.040268861176738,44.54867921721278,14.040268861176738,18.800116846138724,7.457609636220822e-06,0.02316040411084467,0.0003219982518668082
bfo-3ed506cdc7713a779b325406e3f8d32c94d0d2e89746b5e238f3801e4f9cd867,549,14.022346325538692,44.48593248451493,14.022346325538692,18.745499019781086,7.950739632512705e-06,0.02343043309799383,0.00033933387399456426
bfo-3ed506cdc7713a779b325406e3f8d32c94d0d2e89746b5e238f3801e4f9cd867,550,13.991979935343565,44.291743918616085,13.991979935343565,18.652466012689146,8.114207282196211e-06,0.023729416109085428,0.000341947195198346
bfo-3ed506cdc7713a779b325406e3f8d32c94d0d2e89746b5e238f3801e4f9cd867,551,13.96427852877339,43.98744760426567,13.96427852877339,18.553825547632425,7.731425980952482e-06,0.023869146977187432,0.0003239087675961639
bfo-3ed506cdc7713a779b325406e3f8d32c94d0d2e89746b5e238f3801e4f9cd867,552,13.936050759192126,43.83352143692179,13.936050759192126,18.462739357281862,8.18097521155835e-06,0.024233620873802167,0.00033758781876473194
bfo-3ed506cdc7713a779b325406e3f8d32c94d0d2e89746b5e238f3801e4f9cd867,553,13.909219953415137,43.78012682128119,13.909219953415137,18.387962396952055,9.159656706901962e-06,0.024712687479719164,0.00037064591677529897
bfo-3ed506cdc7713a779b325406e3f8d32c94d0d2e89746b5e238f3801e4f9cd867,554,13.882280049140693,43.47232794970441,13.882280049140693,18.288418337427057,8.068273555133935e-06,0.024771329117691535,0.00032571015938630526
bfo-3ed506cdc7713a779b325406e3f8d32c94d0d2e89746b5e238f3801e4f9cd867,555,13.874672076814857,43.474073578955014,13.874672076814857,18.266910136546887,8.087994833243356e-06,0.02493973931430439,0.00032430149855673993
bfo-3ed506cdc7713a779b325406e3f8d32c94d0d2e89746b5e238f3801e4f9cd867,556,13.867396717179371,43.39575710864143,13.867396717179371,18.2386720174159,7.790073379999217e-06,0.024959361202378315,0.0003121102866709954
bfo-3ed506cdc7713a779b325406e3f8d32c94d0d2e89746b5e238f3801e4f9cd867,557,13.86193274594935,43.344841613018346,13.86193274594935,18.213872662123013,7.869639698870312e-06,0.025029584135994817,0.00031441352185924076
bfo-3ed506cdc7713a779b325406e3f8d32c94d0d2e89746b5e238f3801e4f9cd867,558,13.854524939043051,43.36377574092885,13.854524939043051,18.19634665104276,8.291901918201362e-06,0.025239142119159265,0.0003285334295061837
bfo-3ed506cdc7713a779b325406e3f8d32c94d0d2e89746b5e238f3801e4f9cd867,559,13.842511842208005,43.2784259709132,13.842511842208005,18.15874047994942,8.207949073226463e-06,0.025350398552051196,0.00032377988284378777
bfo-3ed506cdc7713a779b325406e3f8d32c94d0d2e89746b5e238f3801e4f9cd867,560,13.834957489600178,43.14365805678918,13.834957489600178,18.12423943435671,7.575777348038799e-06,0.025274871022550757,0.0002997355492449214
bfo-3ed506cdc7713a779b325406e3f8d32c94d0d2e89746b5e238f3801e4f9cd867,561,13.820343334949962,42.97760404238886,13.820343334949962,18.064759505011462,7.145265665945236e-06,0.025336910318726622,0.00028201014157058204
bfo-3ed506cdc7713a779b325406e3f8d32c94d0d2e89746b5e238f3801e4f9cd867,562,13.809401545511385,42.871894336457174,13.809401545511385,18.024780895342523,6.916978857508487e-06,0.02538367545893526,0.0002724971357555572
bfo-3ed506cdc7713a779b325406e3f8d32c94d0d2e89746b5e238f3801e4f9cd867,563,13.79912979374646,42.862890938425956,13.79912979374646,17.99644275677075,7.29506209218017e-06,0.025620857364874138,0.0002847313806985087
bfo-3ed506cdc7713a779b325406e3f8d32c94d0d2e89746b5e238f3801e4f9cd867,564,13.787050610955221,42.8287895977427,13.787050610955221,17.958549702097,7.498676823260617e-06,0.025840003646485452,0.0002901964305365153
bfo-3ed506cdc7713a779b325406e3f8d32c94d0d2e89746b5e238f3801e4f9cd867,565,13.782447860613471,42.75380798482213,13.782447860613471,17.934060786020968,7.196447646112121e-06,0.02580987506073851,0.0002788253577042386
bfo-3ed506cdc7713a779b325406e3f8d32c94d0d2e89746b5e238f3801e4f9cd867,566,13.778987757014326,42.73525040838833,13.778987757014326,17.923333055579217,7.127841329134823e-06,0.025847568719399992,0.0002757644793022639
bfo-3ed506cdc7713a779b325406e3f8d32c94d0d2e89746b5e238f3801e4f9cd867,567,13.774410735139755,42.759936429486984,13.774410735139755,17.911088693671342,7.459597640296053e-06,0.026005256707672217,0.0002868496059912103
bfo-3ed506cdc7713a779b325406e3f8d32c94d0d2e89746b5e238f3801e4f9cd867,568,13.77055623469266,42.841022918302635,13.77055623469266,17.90725383663168,8.292689778643667e-06,0.02629246308811766,0.00031540178456659614
bfo-3ed506cdc7713a779b325406e3f8d32c94d0d2e89746b5e238f3801e4f9cd867,569,13.769742383824356,42.921938294167965,13.769742383824356,17.91700856400543,8.888396023353024e-06,0.026501158469915714,0.00033539650855049177
bfo-3ed506cdc7713a779b325406e3f8d32c94d0d2e89746b5e238f3801e4f9cd867,570,13.768855481653514,43.023787320337085,13.768855481653514,17.93193924140802,9.571000518809322e-06,0.02669985426152509,0.00035846639554888075
bfo-3ed506cdc7713a779b325406e3f8d32c94d0d2e89746b5e238f3801e4f9cd867,571,13.76091862687888,42.91550632031325,13.76091862687888,17.89592133238616,9.317863694547553e-06,0.026721886484172366,0.0003486978249109252
bfo-3ed506cdc7713a779b325406e3f8d32c94d0d2e89746b5e238f3801e4f9cd867,572,13.754271049158241,42.85081715398876,13.754271049158241,17.875812227028337,9.360013202309699e-06,0.026765129328855913,0.00034970924621008717
bfo-3ed506cdc7713a779b325406e3f8d32c94d0d2e89746b5e238f3801e4f9cd867,573,13.75096498931516,42.83080871932762,13.75096498931516,17.865561346619,9.294329389464542e-06,0.0267956275394103,0.0003468599261500664
bfo-3ed506cdc7713a779b325406e3f8d32c94d0d2e89746b5e238f3801e4f9cd867,574,13.744985380556278,42.71583655286796,13.744985380556278,17.842328976239923,8.876424458330884e-06,0.02673815571050013,0.00033197594308440254
bfo-3ed506cdc7713a779b325406e3f8d32c94d0d2e89746b5e238f3801e4f9cd867,575,13.738772443853508,42.60142747355145,13.738772443853508,17.814688116107163,8.290848804225093e-06,0.026669729588298354,0.00031087112363759387
bfo-3ed506cdc7713a779b325406e3f8d32c94d0d2e89746b5e238f3801e4f9cd867,576,13.728700553688538,42.52888073083615,13.728700553688538,17.77992354773623,8.178578164341762e-06,0.02680254196666312,0.00030514188447178784
bfo-3ed506cdc7713a779b325406e3f8d32c94d0d2e89746b5e238f3801e4f9cd867,577,13.719329147449892,42.35276663692434,13.719329147449892,17.73536725495918,7.446651749936233e-06,0.02671098126653835,0.00027878615448938515
bfo-3ed506cdc7713a779b325406e3f8d32c94d0d2e89746b5e238f3801e4f9cd867,578,13.712083197092753,42.30908617858087,13.712083197092753,17.71457702821372,7.327930877821437e-06,0.026800574885618093,0.0002734243914205662
bfo-3ed506cdc7713a779b325406e3f8d32c94d0d2e89746b5e238f3801e4f9cd867,579,13.709900454240815,42.204120830751876,13.709900454240815,17.691347668212202,6.949050192976066e-06,0.02671218874955633,0.00026014529390039164
bfo-3ed506cdc7713a779b325406e3f8d32c94d0d2e89746b5e238f3801e4f9cd867,580,13.707533011318597,42.18856562014052,13.707533011318597,17.688308242156577,7.035347986495398e-06,0.026722148457158378,0.00026327778238993937
bfo-3ed506cdc7713a779b325406e3f8d32c94d0d2e89746b5e238f3801e4f9cd867,581,13.704660793210538,42.17620554504944,13.704660793210538,17.68006834844457,7.135490662160235e-06,0.026788723346561738,0.00026636172877107474
bfo-3ed506cdc7713a779b325406e3f8d32c94d0d2e89746b5e238f3801e4f9cd867,582,13.70413890457041,42.07428286727587,13.70413890457041,17.662696060242418,6.659809916810054e-06,0.026669669149592953,0.0002497147557194837
bfo-3ed506cdc7713a779b325406e3f8d32c94d0d2e89746b5e238f3801e4f9cd867,583,13.700599270577651,42.10421098636285,13.700599270577651,17.653148600690304,6.8852013453211736e-06,0.026839663949823213,0.00025653083280748474
bfo-3ed506cdc7713a779b325406e3f8d32c94d0d2e89746b5e238f3801e4f9cd867,584,13.697917925664512,42.079415565627954,13.697917925664512,17.63799756626042,7.012830892783291e-06,0.026937726114813303,0.00026033492444363636
bfo-3ed506cdc7713a779b325406e3f8d32c94d0d2e89746b5e238f3801e4f9cd867,585,13.69727200015365,41.99749781270533,13.69727200015365,17.624997644015167,6.770554735768765e-06,0.02682523393546196,0.00025239499316419175
bfo-3ed506cdc7713a779b325406e3f8d32c94d0d2e89746b5e238f3801e4f9cd867,586,13.696322819543498,41.98123287798956,13.696322819543498,17.61871634213764,6.734952271215529e-06,0.026845112400395034,0.00025088188012639586
bfo-3ed506cdc7713a779b325406e3f8d32c94d0d2e89746b5e238f3801e4f9cd867,587,13.692129115159776,41.904906644298734,13.692129115159776,17.591592327346728,6.636575033705042e-06,0.026883782095452207,0.0002468616584579339
bfo-3ed506cdc7713a779b325406e3f8d32c94d0d2e89746b5e238f3801e4f9cd867,588,13.690715800154507,41.95454866374499,13.690715800154507,17.595106604548253,6.921842104906646e-06,0.026999617952944956,0.0002563681499853095
bfo-3ed506cdc7713a779b325406e3f8d32c94d0d2e89746b5e238f3801e4f9cd867,589,13.690528719981529,41.96048803043402,13.690528719981529,17.594668251621673,7.0008745714213594e-06,0.027045676992940124,0.000258853737447535
bfo-3ed506cdc7713a779b325406e3f8d32c94d0d2e89746b5e238f3801e4f9cd867,590,13.69041539654389,41.93629929915245,13.69041539654389,17.5854140062415,6.9362557905862585e-06,0.027047147660975948,0.00025645054619175233
bfo-3ed506cdc7713a779b325406e3f8d32c94d0d2e89746b5e238f3801e4f9cd867,591,13.689073720014422,41.84956306045511,13.689073720014422,17.570226715798988,6.619004167189518e-06,0.026926982486932084,0.0002458130676321338
bfo-3ed506cdc7713a779b325406e3f8d32c94d0d2e89746b5e238f3801e4f9cd867,592,13.688442008062127,41.85746709447679,13.688442008062127,17.567986627871974,6.826910077180803e-06,0.02699439846887341,0.00025290098925718785
bfo-3ed506cdc7713a779b325406e3f8d32c94d0d2e89746b5e238f3801e4f9cd867,593,13.687996625863915,41.74798031141239,13.687996625863915,17.545268799173282,6.0296339460449156e-06,0.02684206884590653,0.0002246337262846432
bfo-3ed506cdc7713a779b325406e3f8d32c94d0d2e89746b5e238f3801e4f9cd867,594,13.68537293737271,41.68293795431511,13.68537293737271,17.533287510213555,5.923064886801467e-06,0.02680826871855134,0.00022094171574394515
bfo-3ed506cdc7713a779b325406e3f8d32c94d0d2e89746b5e238f3801e4f9cd867,595,13.685200385758353,41.608180345394814,13.685200385758353,17.523378411117307,5.635494189195061e-06,0.026681705779618134,0.000211211915600237
bfo-3ed506cdc7713a779b325406e3f8d32c94d0d2e89746b5e238f3801e4f9cd867,596,13.685733460701192,41.52875844982706,13.685733460701192,17.510119414578703,5.437606104941677e-06,0.026580385582332482,0.0002045721303815833
bfo-3ed506cdc7713a779b325406e3f8d32c94d0d2e89746b5e238f3801e4f9cd867,597,13.68587817231917,41.555715754551294,13.68587817231917,17.51560641055201,5.365471998289128e-06,0.026584611271022265,0.00020182623486910247
bfo-3ed506cdc7713a779b325406e3f8d32c94d0d2e89746b5e238f3801e4f9cd867,598,13.683802993460358,41.43420508780384,13.683802993460358,17.49254729985872,5.010228707031411e-06,0.026455102948625735,0.00018938609752383058
bfo-3ed506cdc7713a779b325406e3f8d32c94d0d2e89746b5e238f3801e4f9cd867,599,13.68122508836659,41.48118299549238,13.68122508836659,17.497952515650535,5.388804691291583e-06,0.02659032757669994,0.00020266033488107834
bfo-3ed506cdc7713a779b325406e3f8d32c94d0d2e89746b5e238f3801e4f9cd867,600,13.680069342641442,41.455354794327505,13.680069342641442,17.489980441179533,5.155146318064861e-06,0.026568369583815234,0.00019403322066120473
bfo-3ed506cdc7713a779b325406e3f8d32c94d0d2e89746b5e238f3801e4f9cd867,601,13.681247460891115,41.34736275483498,13.681247460891115,17.476132716846518,4.6379902972754654e-06,0.026358727143529118,0.00017595653507927674
bfo-3ed506cdc7713a779b325406e3f8d32c94d0d2e89746b5e238f3801e4f9cd867,602,13.680277672532554,41.44831695152685,13.680277672532554,17.487672190126105,5.041993284334167e-06,0.026563995291226848,0.00018980553298017486
bfo-3ed506cdc7713a779b325406e3f8d32c94d0d2e89746b5e238f3801e4f9cd867,603,13.674235606532205,41.37475523192359,13.674235606532205,17.4594332098451,5.020437356639321e-06,0.026643164461486506,0.00018843247257271237
bfo-3ed506cdc7713a779b325406e3f8d32c94d0d2e89746b5e238f3801e4f9cd867,604,13.66853125437158,41.44110645802988,13.66853125437158,17.448245251187693,5.565612949130172e-06,0.026961228663908626,0.00020643024168184602
bfo-3ed506cdc7713a779b325406e3f8d32c94d0d2e89746b5e238f3801e4f9cd867,605,13.665509911260216,41.47577279737091,13.665509911260216,17.439978847530128,5.875799025469151e-06,0.027165446969866114,0.00021629679172910403
bfo-3ed506cdc7713a779b325406e3f8d32c94d0d2e89746b5e238f3801e4f9cd867,606,13.66382423699506,41.40301637580178,13.66382423699506,17.423209383652136,5.611842998240284e-06,0.027099895006539785,0.00020707987971488548
bfo-3ed506cdc7713a779b325406e3f8d32c94d0d2e89746b5e238f3801e4f9cd867,607,13.661298346373753,41.3312416789082,13.661298346373753,17.405920742220072,5.503671833220322e-06,0.027097050737206918,0.00020310962571521625
bfo-3ed506cdc7713a779b325406e3f8d32c94d0d2e89746b5e238f3801e4f9cd867,608,13.65710136587198,41.40702437053152,13.65710136587198,17.40643804539931,5.877711355265204e-06,0.02733985997147475,0.0002149868858654638
bfo-3ed506cdc7713a779b325406e3f8d32c94d0d2e89746b5e238f3801e4f9cd867,609,13.65501379631526,41.448206204460206,13.65501379631526,17.4090448587925,6.188702264776442e-06,0.027488934946579266,0.00022513430501411866
bfo-3ed506cdc7713a779b325406e3f8d32c94d0d2e89746b5e238f3801e4f9cd867,610,13.65418609388447,41.48448344689791,13.65418609388447,17.41040826779265,6.3756638196144554e-06,0.027623444501236303,0.00023080625659588214
bfo-3ed506cdc7713a779b325406e3f8d32c94d0d2e89746b5e238f3801e4f9cd867,611,13.652769072262968,41.527668244199575,13.652769072262968,17.406520835131804,6.500963075056685e-06,0.027789016078530956,0.00023394002352170913
bfo-3ed506cdc7713a779b325406e3f8d32c94d0d2e89746b5e238f3801e4f9cd867,612,13.652324431236899,41.522091603095184,13.652324431236899,17.403469212972208,6.5919881847566715e-06,0.02782147934393098,0.00023693880915770418
bfo-3ed506cdc7713a779b325406e3f8d32c94d0d2e89746b5e238f3801e4f9cd867,613,13.651590619373591,41.46022574557091,13.651590619373591,17.39507877741127,6.344832289799938e-06,0.027745787468524657,0.0002286773189262563
bfo-3ed506cdc7713a779b325406e3f8d32c94d0d2e89746b5e238f3801e4f9cd867,614,13.651749881231083,41.412812096772925,13.651749881231083,17.392546282600918,6.142086640035043e-06,0.0276419311535266,0.00022220179212230714
bfo-3ed506cdc7713a779b325406e3f8d32c94d0d2e89746b5e238f3801e4f9cd867,615,13.652085942589398,41.42426884193942,13.652085942589398,17.39478646785054,6.135524570519426e-06,0.027643071558396636,0.0002219552395817515
bfo-3ed506cdc7713a779b325406e3f8d32c94d0d2e89746b5e238f3801e4f9cd867,616,13.650919506785367,41.34914138771836,13.650919506785367,17.372282377095615,5.683525086994083e-06,0.027556874260376545,0.0002062470885954691
bfo-3ed506cdc7713a779b325406e3f8d32c94d0d2e89746b5e238f3801e4f9cd867,617,13.649976603678322,41.33829823539277,13.649976603678322,17.36786157294474,5.715703917886524e-06,0.027585618770968802,0.00020719868440659196
bfo-3ed506cdc7713a779b325406e3f8d32c94d0d2e89746b5e238f3801e4f9cd867,618,13.646177799822597,41.39234836721005,13.646177799822597,17.360403885590138,5.989973361912679e-06,0.027799897770230363,0.00021546746003962171
bfo-3ed506cdc7713a779b325406e3f8d32c94d0d2e89746b5e238f3801e4f9cd867,619,13.641188231675153,41.42893943107894,13.641188231675153,17.35168380303206,6.434761285352721e-06,0.02804317875142409,0.0002294590546382318
bfo-3ed506cdc7713a779b325406e3f8d32c94d0d2e89746b5e238f3801e4f9cd867,620,13.635856715619036,41.565161586048006,13.635856715619036,17.35570022104063,7.384673538936562e-06,0.02851023961075806,0.00025901829096343436
bfo-3ed506cdc7713a779b325406e3f8d32c94d0d2e89746b5e238f3801e4f9cd867,621,13.631333400275826,41.62089203527323,13.631333400275826,17.34804025519359,8.022095422633982e-06,0.028819330863016548,0.000278358143038242
bfo-3ed506cdc7713a779b325406e3f8d32c94d0d2e89746b5e238f3801e4f9cd867,622,13.628787806646852,41.52283153883418,13.628787806646852,17.325342601050092,7.742575251352576e-06,0.028766333527728186,0.0002691540527363149
bfo-3ed506cdc7713a779b325406e3f8d32c94d0d2e89746b5e238f3801e4f9cd867,623,1000000.0,41.57413168783242,13.627807866029618,17.330910568568967,8.011428981688095e-06,0.028906006738892605,0.0002771544701437032
bfo-3ed506cdc7713a779b325406e3f8d32c94d0d2e89746b5e238f3801e4f9cd867,624,13.628781744363385,41.556103163817426,13.628781744363385,17.333669235851517,7.93042954958399e-06,0.028804186712786204,0.00027532211301989877
bfo-3ed506cdc7713a779b325406e3f8d32c94d0d2e89746b5e238f3801e4f9cd867,625,13.629229592264444,41.57359711892614,13.629229592264444,17.33413382620879,7.97447831214401e-06,0.02884637244803605,0.0002764464865212866
bfo-3ed506cdc7713a779b325406e3f8d32c94d0d2e89746b5e238f3801e4f9cd867,626,13.628797164210104,41.5430496338322,13.628797164210104,17.329613341676076,7.822726641016637e-06,0.02879333590303147,0.0002716853186918516
bfo-3ed506cdc7713a779b325406e3f8d32c94d0d2e89746b5e238f3801e4f9cd867,627,13.62838597070048,41.5163940095614,13.62838597070048,17.32788245406552,7.851622831036574e-06,0.028727092949831962,0.0002733176950674538
bfo-3ed506cdc7713a779b325406e3f8d32c94d0d2e89746b5e238f3801e4f9cd867,628,13.627690925356141,41.49202966166284,13.627690925356141,17.325651506485713,7.682286800487414e-06,0.028652032712058052,0.0002681236224211892
bfo-3ed506cdc7713a779b325406e3f8d32c94d0d2e89746b5e238f3801e4f9cd867,629,13.627640556389148,41.437811641572836,13.627640556389148,17.32007805180382,7.5108474491223994e-06,0.028549407943118284,0.00026308242412896896
bfo-3ed506cdc7713a779b325406e3f8d32c94d0d2e89746b5e238f3801e4f9cd867,630,13.626776650387228,41.38548529412214,13.626776650387228,17.311133718664163,7.307020830659825e-06,0.028499710899117923,0.0002563892965976009
bfo-3ed506cdc7713a779b325406e3f8d32c94d0d2e89746b5e238f3801e4f9cd867,631,13.625551038216823,41.26593424119184,13.625551038216823,17.28809261119854,6.722370999989374e-06,0.02834445073466071,0.0002371670935845299
bfo-3ed506cdc7713a779b325406e3f8d32c94d0d2e89746b5e238f3801e4f9cd867,632,13.620569695746436,41.286539317194354,13.620569695746436,17.27561091860313,7.015727982320519e-06,0.02858769717147032,0.00024541074225880666
bfo-3ed506cdc7713a779b325406e3f8d32c94d0d2e89746b5e238f3801e4f9cd867,633,1000000.0,41.21501966998625,13.61641005443713,17.25468252163242,7.01375889950647e-06,0.02866201190379977,0.0002447057423270641
bfo-3ed506cdc7713a779b325406e3f8d32c94d0d2e89746b5e238f3801e4f9cd867,634,13.621051320681566,41.31042960989241,13.621051320681566,17.281298366558058,7.209828967364041e-06,0.02860088643934507,0.00025208410874446793
bfo-3ed506cdc7713a779b325406e3f8d32c94d0d2e89746b5e238f3801e4f9cd867,635,13.62202615015064,41.439129613588406,13.62202615015064,17.30140685747309,7.559477001298429e-06,0.02877099958440511,0.00026274641515743275
bfo-3ed506cdc7713a779b325406e3f8d32c94d0d2e89746b5e238f3801e4f9cd867,636,13.620351866888598,41.29177475117431,13.620351866888598,17.276646709280445,7.026939143951357e-06,0.0285895883287999,0.0002457866501306955
bfo-3ed506cdc7713a779b325406e3f8d32c94d0d2e89746b5e238f3801e4f9cd867,637,13.6193921787223,41.19171823789925,13.6193921787223,17.261621315340594,6.50659467669257e-06,0.028415087746634624,0.0002289837967318326
bfo-3ed506cdc7713a779b325406e3f8d32c94d0d2e89746b5e238f3801e4f9cd867,638,13.620891783419344,41.29233180934394,13.620891783419344,17.275181525091128,6.955410972763304e-06,0.028573763073757193,0.0002434194948285028
bfo-3ed506cdc7713a779b325406e3f8d32c94d0d2e89746b5e238f3801e4f9cd867,639,13.619466293743098,41.19487156943828,13.619466293743098,17.261625866717132,6.530401178967844e-06,0.0284349359778464,0.00022966118805597683
bfo-3ed506cdc7713a779b325406e3f8d32c94d0d2e89746b5e238f3801e4f9cd867,640,13.619484586619397,41.189722296194105,13.619484586619397,17.258568141011043,6.424464871632508e-06,0.028409498031923337,0.00022613792276137475
bfo-3ed506cdc7713a779b325406e3f8d32c94d0d2e89746b5e238f3801e4f9cd867,641,13.619359617049618,41.17810101599232,13.619359617049618,17.25758473238314,6.458524834031518e-06,0.028409466544614202,0.0002273370682229832
bfo-3ed506cdc7713a779b325406e3f8d32c94d0d2e89746b5e238f3801e4f9cd867,642,13.619420238661661,41.11444333677098,13.619420238661661,17.253587916223562,6.054112485887337e-06,0.02823745035175739,0.00021440011086236587
bfo-3ed506cdc7713a779b325406e3f8d32c94d0d2e89746b5e238f3801e4f9cd867,643,13.619507745218488,41.205114493783405,13.619507745218488,17.260705635629385,6.6189344703993305e-06,0.028474445298610023,0.0002324517440458246
bfo-3ed506cdc7713a779b325406e3f8d32c94d0d2e89746b5e238f3801e4f9cd867,644,13.619484720879752,41.25495856844403,13.619484720879752,17.267220741522852,6.694500946399308e-06,0.028548614748070165,0.00023449477340583904
bfo-3ed506cdc7713a779b325406e3f8d32c94d0d2e89746b5e238f3801e4f9cd867,645,13.619232316747834,41.11359606265454,13.619232316747834,17.247701416699606,6.009493605766431e-06,0.028307292012526155,0.00021229489571475762
bfo-3ed506cdc7713a779b325406e3f8d32c94d0d2e89746b5e238f3801e4f9cd867,646,1000000.0,41.05536630937081,13.617822289956553,17.238675189967626,5.834571965004359e-06,0.028229645264294546,0.00020668244005120565
bfo-3ed506cdc7713a779b325406e3f8d32c94d0d2e89746b5e238f3801e4f9cd867,647,13.619078426688578,41.070233114978066,13.619078426688578,17.243736240214766,5.79165665433164e-06,0.028224882512769882,0.00020519683834684877
bfo-3ed506cdc7713a779b325406e3f8d32c94d0d2e89746b5e238f3801e4f9cd867,648,13.619291631188723,41.14960671095028,13.619291631188723,17.249678725203957,5.905119169858774e-06,0.028363814830871376,0.0002081919940977615
bfo-3ed506cdc7713a779b325406e3f8d32c94d0d2e89746b5e238f3801e4f9cd867,649,13.619129759792616,41.107548114564906,13.619129759792616,17.249374320838196,5.893603082967407e-06,0.028263901989765795,0.0002085205038250362
bfo-3ed506cdc7713a779b325406e3f8d32c94d0d2e89746b5e238f3801e4f9cd867,650,13.619908417806602,41.04354066999728,13.619908417806602,17.244248857922994,5.834793598082852e-06,0.028190822084375598,0.00020697493604901688
bfo-3ed506cdc7713a779b325406e3f8d32c94d0d2e89746b5e238f3801e4f9cd867,651,1000000.0000173362,41.160122299991066,13.619799731280585,17.257080409960782,6.187432395472599e-06,0.028349265494308752,0.0002182572383300285
bfo-3ed506cdc7713a779b325406e3f8d32c94d0d2e89746b5e238f3801e4f9cd867,652,13.619334141280124,41.11578187823672,13.619334141280124,17.244690449314923,5.868320067262826e-06,0.02832172155141716,0.00020720209598166844
bfo-3ed506cdc7713a779b325406e3f8d32c94d0d2e89746b5e238f3801e4f9cd867,653,13.619135719871542,41.08112849659469,13.619135719871542,17.24677339843891,5.846180156845726e-06,0.028237866230323275,0.0002070333540488196
bfo-3ed506cdc7713a779b325406e3f8d32c94d0d2e89746b5e238f3801e4f9cd867,654,13.619072359361871,41.04810873201299,13.619072359361871,17.241016221256885,5.7651420827874705e-06,0.028184272154907233,0.0002045517461334792
bfo-3ed506cdc7713a779b325406e3f8d32c94d0d2e89746b5e238f3801e4f9cd867,655,13.619159058038765,40.89348563846927,13.619159058038765,17.221404432886626,5.047649306840714e-06,0.0279425215906282,0.0001806440156257649
bfo-3ed506cdc7713a779b325406e3f8d32c94d0d2e89746b5e238f3801e4f9cd867,656,13.618954884442536,41.06744873494159,13.618954884442536,17.24414289216069,5.8719917118103005e-06,0.028221978478756005,0.00020806449541552947
bfo-3ed506cdc7713a779b325406e3f8d32c94d0d2e89746b5e238f3801e4f9cd867,657,13.620923496547519,41.197324081280044,13.620923496547519,17.265275408338866,6.384179827790633e-06,0.028390995714161763,0.00022486635875916563
bfo-3ed506cdc7713a779b325406e3f8d32c94d0d2e89746b5e238f3801e4f9cd867,658,13.618964507310855,41.084850771743476,13.618964507310855,17.245608533609577,5.936677247112916e-06,0.028274010126788002,0.00020996941079427057
bfo-3ed506cdc7713a779b325406e3f8d32c94d0d2e89746b5e238f3801e4f9cd867,659,13.611069781185163,40.98990102551385,13.611069781185163,17.21580063832795,5.839505358971641e-06,0.028380779444884544,0.00020575563720199992
bfo-3ed506cdc7713a779b325406e3f8d32c94d0d2e89746b5e238f3801e4f9cd867,660,13.595946389005036,40.84353843334894,13.595946389005036,17.164395140062386,5.7939649292721695e-06,0.02868773836219691,0.00020196659827695346
bfo-3ed506cdc7713a779b325406e3f8d32c94d0d2e89746b5e238f3801e4f9cd867,661,1000000.0,40.54332477825117,13.565890776524373,17.072632891942497,5.600005309319957e-06,0.029303301015442353,0.0001911049306823435
bfo-3ed506cdc7713a779b325406e3f8d32c94d0d2e89746b5e238f3801e4f9cd867,662,1000000.000023085,40.843276188170435,13.596703662997555,17.162044715856453,5.611847630106345e-06,0.02869555809137728,0.00019556502829588276
bfo-3ed506cdc7713a779b325406e3f8d32c94d0d2e89746b5e238f3801e4f9cd867,663,1000000.0,40.64629657163158,13.601620214349781,17.162432144721905,4.9595386907953005e-06,0.028088841147579174,0.00017656615539024244
bfo-3ed506cdc7713a779b325406e3f8d32c94d0d2e89746b5e238f3801e4f9cd867,664,13.595918964715827,40.84645237653304,13.595918964715827,17.16470202679675,5.761113405778607e-06,0.028679870633565467,0.0002008765478543021
bfo-3ed506cdc7713a779b325406e3f8d32c94d0d2e89746b5e238f3801e4f9cd867,665,13.594251435034042,40.91064590099954,13.594251435034042,17.169341229326072,6.193782424345108e-06,0.02884435272286755,0.00021473119829916416
bfo-3ed506cdc7713a779b325406e3f8d32c94d0d2e89746b5e238f3801e4f9cd867,666,13.593757439293835,41.002319001217394,13.593757439293835,17.174120423541318,6.479606766646007e-06,0.029078296484046175,0.00022283309375434175
bfo-3ed506cdc7713a779b325406e3f8d32c94d0d2e89746b5e238f3801e4f9cd867,667,13.58620354467334,40.943696994269345,13.58620354467334,17.151933268445827,6.5406516186042584e-06,0.02926656877836875,0.00022348542694347303
bfo-3ed506cdc7713a779b325406e3f8d32c94d0d2e89746b5e238f3801e4f9cd867,668,13.57428348489417,40.94144138228266,13.57428348489417,17.130404899135716,7.181635566268166e-06,0.02966495337724643,0.00024209158446804148
bfo-3ed506cdc7713a779b325406e3f8d32c94d0d2e89746b5e238f3801e4f9cd867,669,1000000.0,40.80543134864973,13.559566456805975,17.087203779591114,7.158539365146238e-06,0.030002520113705973,0.00023859793570727485
bfo-3ed506cdc7713a779b325406e3f8d32c94d0d2e89746b5e238f3801e4f9cd867,670,13.57366343418804,40.87582655373173,13.57366343418804,17.124503474536162,6.862092694967122e-06,0.029555896668256216,0.00023217338901909153
bfo-3ed506cdc7713a779b325406e3f8d32c94d0d2e89746b5e238f3801e4f9cd867,671,13.573313802997923,40.816821302158374,13.573313802997923,17.114822523046175,6.488550245852131e-06,0.029455715463803406,0.00022028153598324822
bfo-3ed506cdc7713a779b325406e3f8d32c94d0d2e89746b5e238f3801e4f9cd867,672,13.573853218132259,40.84424264618837,13.573853218132259,17.120044131327624,6.6312121208921875e-06,0.02948191945324785,0.00022492470788436624
bfo-3ed506cdc7713a779b325406e3f8d32c94d0d2e89746b5e238f3801e4f9cd867,673,13.57336254222883,40.8238804698168,13.57336254222883,17.11428398649064,6.4600214463213305e-06,0.029477119040429857,0.00021915375913979162
bfo-3ed506cdc7713a779b325406e3f8d32c94d0d2e89746b5e238f3801e4f9cd867,674,13.574341979886144,40.8610500113347,13.574341979886144,17.12344155953868,6.771165923819915e-06,0.029531318627869976,0.00022928762542386694
bfo-3ed506cdc7713a779b325406e3f8d32c94d0d2e89746b5e238f3801e4f9cd867,675,13.572703570478781,40.80263392928808,13.572703570478781,17.11199222928509,6.470740776088056e-06,0.029456270347477664,0.00021967277933549197
bfo-3ed506cdc7713a779b325406e3f8d32c94d0d2e89746b5e238f3801e4f9cd867,676,13.574428377906198,40.78629051964357,13.574428377906198,17.11480765793068,6.244836037241499e-06,0.029346144789287723,0.00021279919669451992
bfo-3ed506cdc7713a779b325406e3f8d32c94d0d2e89746b5e238f3801e4f9cd867,677,13.573287563151396,40.74121716572672,13.573287563151396,17.107355917856175,6.228717111605801e-06,0.029339629842153946,0.00021229705845356788
bfo-3ed506cdc7713a779b325406e3f8d32c94d0d2e89746b5e238f3801e4f9cd867,678,13.573418149542233,40.84571929323069,13.573418149542233,17.117489587497946,6.678682915688386e-06,0.02947029799322958,0.00022662420709905026
bfo-3ed506cdc7713a779b325406e3f8d32c94d0d2e89746b5e238f3801e4f9cd867,679,13.572849754205931,40.79474465973605,13.572849754205931,17.112644646689752,6.448082825140632e-06,0.029424427914140433,0.0002191404653288736
bfo-3ed506cdc7713a779b325406e3f8d32c94d0d2e89746b5e238f3801e4f9cd867,680,13.5754817227053,40.99756583228968,13.5754817227053,17.13721654201223,7.393218641465493e-06,0.029719846799915982,0.00024876368614007774
bfo-3ed506cdc7713a779b325406e3f8d32c94d0d2e89746b5e238f3801e4f9cd867,681,13.572848014506508,40.768033539607856,13.572848014506508,17.107025044017846,6.295545980723232e-06,0.029415512862068175,0.00021402128904716294
bfo-3ed506cdc7713a779b325406e3f8d32c94d0d2e89746b5e238f3801e4f9cd867,682,13.57289347995801,40.69733440795886,13.57289347995801,17.10130270790919,5.9326165128672825e-06,0.029256195007898913,0.0002027815480196768
bfo-3ed506cdc7713a779b325406e3f8d32c94d0d2e89746b5e238f3801e4f9cd867,683,13.57255959316993,40.81436875086426,13.57255959316993,17.11416130057932,6.566271873522706e-06,0.02946654919515059,0.00022283816914005455
bfo-3ed506cdc7713a779b325406e3f8d32c94d0d2e89746b5e238f3801e4f9cd867,684,13.572233348530837,40.700986625210405,13.572233348530837,17.103126040377628,6.1028509919604424e-06,0.029262430778536786,0.00020855584548487753
bfo-3ed506cdc7713a779b325406e3f8d32c94d0d2e89746b5e238f3801e4f9cd867,685,13.573714873123723,40.5830988576026,13.573714873123723,17.09333033876277,5.5442845247205275e-06,0.029014975846249222,0.0001910835478237091
bfo-3ed506cdc7713a779b325406e3f8d32c94d0d2e89746b5e238f3801e4f9cd867,686,13.571865068340655,40.7167982206425,13.571865068340655,17.10328289459576,6.139550105880976e-06,0.02931292600638997,0.0002094485587874307
bfo-3ed506cdc7713a779b325406e3f8d32c94d0d2e89746b5e238f3801e4f9cd867,687,13.564066906599798,40.60725578913937,13.564066906599798,17.076413742801453,5.937183567794471e-06,0.02941451811777795,0.00020184534535026342
bfo-3ed506cdc7713a779b325406e3f8d32c94d0d2e89746b5e238f3801e4f9cd867,688,13.558750244932543,40.635952583839014,13.558750244932543,17.059969447240228,6.327059506750883e-06,0.029791921407807728,0.00021237500663830018
bfo-3ed506cdc7713a779b325406e3f8d32c94d0d2e89746b5e238f3801e4f9cd867,689,13.544933795236455,40.37803663030736,13.544933795236455,17.006400299140672,5.728897895129742e-06,0.029862248193026752,0.00019184415915702953
bfo-3ed506cdc7713a779b325406e3f8d32c94d0d2e89746b5e238f3801e4f9cd867,690,13.53711735964795,40.26155371956188,13.53711735964795,16.969607982981508,4.714407781685092e-06,0.03005405991707439,0.00015686425709848044
bfo-3ed506cdc7713a779b325406e3f8d32c94d0d2e89746b5e238f3801e4f9cd867,691,13.524192794797218,40.088237891899226,13.524192794797218,16.925816377579018,4.472813686095998e-06,0.030244465217897525,0.00014788866835209097
bfo-3ed506cdc7713a779b325406e3f8d32c94d0d2e89746b5e238f3801e4f9cd867,692,13.515624108545474,40.000635323986245,13.515624108545474,16.89862363934628,4.236081030639019e-06,0.030377429351894487,0.00013944830490980422
bfo-3ed506cdc7713a779b325406e3f8d32c94d0d2e89746b5e238f3801e4f9cd867,693,13.504043067264769,40.0685204393752,13.504043067264769,16.87886726404478,4.907371538935677e-06,0.030943397326491116,0.000158591879461613
bfo-3ed506cdc7713a779b325406e3f8d32c94d0d2e89746b5e238f3801e4f9cd867,694,13.49086940848054,40.07296921236371,13.49086940848054,16.851861537628228,5.40135454910631e-06,0.031499009002568294,0.0001714769676933616
bfo-3ed506cdc7713a779b325406e3f8d32c94d0d2e89746b5e238f3801e4f9cd867,695,13.472379879513845,39.98627497529944,13.472379879513845,16.80779324826176,6.051127107002908e-06,0.03214205091151315,0.00018826200990290323
bfo-3ed506cdc7713a779b325406e3f8d32c94d0d2e89746b5e238f3801e4f9cd867,696,13.455371867992655,39.7225044445328,13.455371867992655,16.749043940553015,5.389433084345719e-06,0.03254710840007203,0.00016558869126247146
bfo-3ed506cdc7713a779b325406e3f8d32c94d0d2e89746b5e238f3801e4f9cd867,697,13.4394648053534,39.075553038920454,13.4394648053534,16.660684023226853,3.427431017317364e-06,0.032291477730735256,0.00010614042026497633
bfo-3ed506cdc7713a779b325406e3f8d32c94d0d2e89746b5e238f3801e4f9cd867,698,13.43351006578561,38.98312454390348,13.43351006578561,16.64389264170901,3.423757923919449e-06,0.03252764120661535,0.00010525687682582829
bfo-3ed506cdc7713a779b325406e3f8d32c94d0d2e89746b5e238f3801e4f9cd867,699,13.427365955774881,38.91476190498938,13.427365955774881,16.63316866552172,3.4378569808717027e-06,0.03253863828638218,0.00010565460516860315
bfo-3ed506cdc7713a779b325406e3f8d32c94d0d2e89746b5e238f3801e4f9cd867,700,13.422785815167858,38.76354745087276,13.422785815167858,16.61018050625918,3.1318273460665257e-06,0.03257742030960474,9.61349092808056e-05
bfo-3ed506cdc7713a779b325406e3f8d32c94d0d2e89746b5e238f3801e4f9cd867,701,13.410817169027167,38.78353211007219,13.410817169027167,16.59322349505676,3.5743885938244486e-06,0.03309489407944408,0.00010800423126431985
bfo-3ed506cdc7713a779b325406e3f8d32c94d0d2e89746b5e238f3801e4f9cd867,702,13.40435538304257,38.74529973094259,13.40435538304257,16.57995106619646,3.5551824172581595e-06,0.03326545762837592,0.00010687309511790805
bfo-3ed506cdc7713a779b325406e3f8d32c94d0d2e89746b5e238f3801e4f9cd867,703,13.395750312369504,38.820228390934545,13.395750312369504,16.570092772339805,4.04040715983738e-06,0.033727182004329524,0.00011979676094251565
bfo-3ed506cdc7713a779b325406e3f8d32c94d0d2e89746b5e238f3801e4f9cd867,704,13.390370041214254,38.86138731660813,13.390370041214254,16.567349445843004,4.626545914372408e-06,0.03405687278306885,0.0001358476435532409
bfo-3ed506cdc7713a779b325406e3f8d32c94d0d2e89746b5e238f3801e4f9cd867,705,13.386261317482386,38.855906940561624,13.386261317482386,16.56267237871144,4.5665576461911e-06,0.03404675185459802,0.00013412608831800754
bfo-3ed506cdc7713a779b325406e3f8d32c94d0d2e89746b5e238f3801e4f9cd867,706,13.385616249257152,38.79430740525074,13.385616249257152,16.559329713263256,4.375199634337541e-06,0.033935884318268945,0.0001289254640693777
bfo-3ed506cdc7713a779b325406e3f8d32c94d0d2e89746b5e238f3801e4f9cd867,707,13.383520846780545,38.84116864475172,13.383520846780545,16.558053070087077,4.438105771258477e-06,0.034096026097755056,0.00013016489835308666
bfo-3ed506cdc7713a779b325406e3f8d32c94d0d2e89746b5e238f3801e4f9cd867,708,13.38225408364622,38.80740703972751,13.38225408364622,16.55453015606419,4.390823683786204e-06,0.03408593754610698,0.00012881628025771257
bfo-3ed506cdc7713a779b325406e3f8d32c94d0d2e89746b5e238f3801e4f9cd867,709,13.380725895359472,38.827729472845554,13.380725895359472,16.551514140607416,4.361670334998793e-06,0.03420077473573308,0.00012753133134267
bfo-3ed506cdc7713a779b325406e3f8d32c94d0d2e89746b5e238f3801e4f9cd867,710,13.38049295696667,38.72510841263731,13.38049295696667,16.542966218136975,3.7749778877137284e-06,0.03406429054927819,0.00011081921351782619
bfo-3ed506cdc7713a779b325406e3f8d32c94d0d2e89746b5e238f3801e4f9cd867,711,13.379329887430114,38.59753475944488,13.379329887430114,16.53369655945469,3.4842560192147534e-06,0.03394442328618356,0.0001026459041545406
bfo-3ed506cdc7713a779b325406e3f8d32c94d0d2e89746b5e238f3801e4f9cd867,712,13.37798270447187,38.61972941589822,13.37798270447187,16.53307962688337,3.7161693476730837e-06,0.034087622288142834,0.00010901814495186219
bfo-3ed506cdc7713a779b325406e3f8d32c94d0d2e89746b5e238f3801e4f9cd867,713,13.37746416390762,38.51865332768155,13.37746416390762,16.527332478287917,3.387168134630155e-06,0.03389490922704093,9.993147088672287e-05
bfo-3ed506cdc7713a779b325406e3f8d32c94d0d2e89746b5e238f3801e4f9cd867,714,13.374614313290323,38.66731676085607,13.374614313290323,16.531343840983258,3.927278203794252e-06,0.034262262892720816,0.00011462401698600653
bfo-3ed506cdc7713a779b325406e3f8d32c94d0d2e89746b5e238f3801e4f9cd867,715,13.374547610681603,38.603691948475884,13.374547610681603,16.528021726751422,3.7337972400425544e-06,0.03416286637796568,0.00010929402699214882
bfo-3ed506cdc7713a779b325406e3f8d32c94d0d2e89746b5e238f3801e4f9cd867,716,13.372532921220316,38.677576793417764,13.372532921220316,16.529476381590715,4.143087502984399e-06,0.03437903094389126,0.00012051205020136192
bfo-3ed506cdc7713a779b325406e3f8d32c94d0d2e89746b5e238f3801e4f9cd867,717,13.37024790381013,38.74537042531069,13.37024790381013,16.53009624666079,4.378879409974085e-06,0.03459473127366143,0.00012657648285616048
bfo-3ed506cdc7713a779b325406e3f8d32c94d0d2e89746b5e238f3801e4f9cd867,718,13.368889470867073,38.73690231494106,13.368889470867073,16.526843829009874,4.3754434661388765e-06,0.03463964461890803,0.000126313174233622
bfo-3ed506cdc7713a779b325406e3f8d32c94d0d2e89746b5e238f3801e4f9cd867,719,13.368858012744736,38.72978933189765,13.368858012744736,16.525706080298637,4.37804156720888e-06,0.034665971257401326,0.0001262921939991556
bfo-3ed506cdc7713a779b325406e3f8d32c94d0d2e89746b5e238f3801e4f9cd867,720,13.366230886013875,38.6211546985477,13.366230886013875,16.516307503745846,4.080300847777555e-06,0.03457683745038571,0.00011800676836429524
bfo-3ed506cdc7713a779b325406e3f8d32c94d0d2e89746b5e238f3801e4f9cd867,721,13.365942033374095,38.5940827509785,13.365942033374095,16.515287204978673,4.022013027686728e-06,0.034533693728080815,0.000116466343257578
bfo-3ed506cdc7713a779b325406e3f8d32c94d0d2e89746b5e238f3801e4f9cd867,722,13.363874932167176,38.61208713175588,13.363874932167176,16.51424391629112,4.066988978818248e-06,0.03457232869497672,0.00011763711419905516
bfo-3ed506cdc7713a779b325406e3f8d32c94d0d2e89746b5e238f3801e4f9cd867,723,13.36056694497627,38.72056834053383,13.36056694497627,16.51600553454878,4.529682594603623e-06,0.034890305509409886,0.00012982639528283786
bfo-3ed506cdc7713a779b325406e3f8d32c94d0d2e89746b5e238f3801e4f9cd867,724,13.359366468496056,38.702339282407834,13.359366468496056,16.51363181552951,4.684357852409852e-06,0.0349291684242567,0.00013411020255371382
bfo-3ed506cdc7713a779b325406e3f8d32c94d0d2e89746b5e238f3801e4f9cd867,725,13.355282431524676,38.92332368035443,13.355282431524676,16.521048889651745,5.7382393158563155e-06,0.03547069563212447,0.00016177408459560656
bfo-3ed506cdc7713a779b325406e3f8d32c94d0d2e89746b5e238f3801e4f9cd867,726,13.35278775382229,38.92892977931976,13.35278775382229,16.519909662345633,5.930727314999716e-06,0.03549761338935141,0.00016707397339503445
bfo-3ed506cdc7713a779b325406e3f8d32c94d0d2e89746b5e238f3801e4f9cd867,727,13.350872056773284,38.9272323451147,13.350872056773284,16.514287495715138,5.921529385078519e-06,0.035632896168067106,0.00016618153509467403
bfo-3ed506cdc7713a779b325406e3f8d32c94d0d2e89746b5e238f3801e4f9cd867,728,13.346425307927225,38.83375266661204,13.346425307927225,16.503336589986763,5.669236541599229e-06,0.03560617414919108,0.00015922060364713533
bfo-3ed506cdc7713a779b325406e3f8d32c94d0d2e89746b5e238f3801e4f9cd867,729,13.343966120317791,38.908616361622464,13.343966120317791,16.504449990710516,6.0998864945611426e-06,0.03587520945135068,0.00017003068658966354
bfo-3ed506cdc7713a779b325406e3f8d32c94d0d2e89746b5e238f3801e4f9cd867,730,13.339397724392429,38.825358354587166,13.339397724392429,16.493596760904687,5.942511916197363e-06,0.03591302621547628,0.00016546953967461837
bfo-3ed506cdc7713a779b325406e3f8d32c94d0d2e89746b5e238f3801e4f9cd867,731,13.337652612754162,38.87328046411375,13.337652612754162,16.493525384310146,6.286563471617706e-06,0.03610640558901419,0.00017411213797283848
bfo-3ed506cdc7713a779b325406e3f8d32c94d0d2e89746b5e238f3801e4f9cd867,732,13.333773107194526,38.833422079022526,13.333773107194526,16.485105094131637,6.266406403568492e-06,0.03620073914875707,0.000173101614799035
bfo-3ed506cdc7713a779b325406e3f8d32c94d0d2e89746b5e238f3801e4f9cd867,733,13.332617855594519,38.732493499442384,13.332617855594519,16.47814953615459,6.022288027228378e-06,0.036091790399907224,0.00016686032919120184
bfo-3ed506cdc7713a779b325406e3f8d32c94d0d2e89746b5e238f3801e4f9cd867,734,13.332718509736443,38.77691565763917,13.332718509736443,16.48033425197408,6.198162888492547e-06,0.03619497687332745,0.00017124373114491627
bfo-3ed506cdc7713a779b325406e3f8d32c94d0d2e89746b5e238f3801e4f9cd867,735,13.332926996101534,38.72270289059686,13.332926996101534,16.478295984055645,6.001866543274715e-06,0.03608055474412702,0.0001663462933382881
bfo-3ed506cdc7713a779b325406e3f8d32c94d0d2e89746b5e238f3801e4f9cd867,736,13.331774474828348,38.85497286400212,13.331774474828348,16.485461530346594,6.619564058318767e-06,0.03628339328769505,0.00018244060046510835
bfo-3ed506cdc7713a779b325406e3f8d32c94d0d2e89746b5e238f3801e4f9cd867,737,13.32863115937678,38.826792416215724,13.32863115937678,16.48053218475749,6.528157282867584e-06,0.03630832552423755,0.00017979780638767616
bfo-3ed506cdc7713a779b325406e3f8d32c94d0d2e89746b5e238f3801e4f9cd867,738,13.325727441536248,38.894381270106805,13.325727441536248,16.481334592675843,7.1522752345413835e-06,0.03652235825919694,0.00019583278778938983
bfo-3ed506cdc7713a779b325406e3f8d32c94d0d2e89746b5e238f3801e4f9cd867,739,13.320915869181583,38.81045775706038,13.320915869181583,16.470197666645095,6.821938450654438e-06,0.03655234225969869,0.0001866347825861782
bfo-3ed506cdc7713a779b325406e3f8d32c94d0d2e89746b5e238f3801e4f9cd867,740,13.317731707099586,38.82450784164321,13.317731707099586,16.46824171736767,7.012536277977993e-06,0.036636464889161564,0.0001914086498026878
bfo-3ed506cdc7713a779b325406e3f8d32c94d0d2e89746b5e238f3801e4f9cd867,741,13.312175760612396,38.661090410205844,13.312175760612396,16.452272776136766,6.488287169696193e-06,0.03653715258715374,0.00017758053680344644
bfo-3ed506cdc7713a779b325406e3f8d32c94d0d2e89746b5e238f3801e4f9cd867,742,13.308347614235041,38.733449152371804,13.308347614235041,16.45327420712015,6.9348531847860964e-06,0.0367311065211252,0.0001888005519462815
bfo-3ed506cdc7713a779b325406e3f8d32c94d0d2e89746b5e238f3801e4f9cd867,743,13.305213037841291,38.680029796692146,13.305213037841291,16.44764674957052,6.765604537240585e-06,0.036667988677226274,0.00018450983490792233
bfo-3ed506cdc7713a779b325406e3f8d32c94d0d2e89746b5e238f3801e4f9cd867,744,13.300680947782261,38.618614045250915,13.300680947782261,16.438058753489575,6.630187482777857e-06,0.03673761559598334,0.00018047408290435595
bfo-3ed506cdc7713a779b325406e3f8d32c94d0d2e89746b5e238f3801e4f9cd867,745,13.295323528338464,38.572332392156454,13.295323528338464,16.4288193899816,6.650683246198838e-06,0.03687747576889635,0.00018034540346192128
bfo-3ed506cdc7713a779b325406e3f8d32c94d0d2e89746b5e238f3801e4f9cd867,746,13.291181212445832,38.42485419984885,13.291181212445832,16.415309048851828,6.287208809845153e-06,0.03677706726894314,0.00017095459961143954
bfo-3ed506cdc7713a779b325406e3f8d32c94d0d2e89746b5e238f3801e4f9cd867,747,13.288050728971713,38.345454483967444,13.288050728971713,16.407011293728154,6.140721791053747e-06,0.036789501700005965,0.00016691505748371555
bfo-3ed506cdc7713a779b325406e3f8d32c94d0d2e89746b5e238f3801e4f9cd867,748,13.285654985134958,38.37967737166552,13.285654985134958,16.405550823569246,6.4265930944823626e-06,0.036956832458337495,0.0001738945863860829
bfo-3ed506cdc7713a779b325406e3f8d32c94d0d2e89746b5e238f3801e4f9cd867,749,13.28136566908846,38.384248543604,13.28136566908846,16.40071412571032,6.633912534185465e-06,0.03711712729116275,0.0001787291479253282
bfo-3ed506cdc7713a779b325406e3f8d32c94d0d2e89746b5e238f3801e4f9cd867,750,13.277929792323327,38.388931577649906,13.277929792323327,16.397741860207276,6.788945707532781e-06,0.037240626991756606,0.00018229944702691358
bfo-3ed506cdc7713a779b325406e3f8d32c94d0d2e89746b5e238f3801e4f9cd867,751,13.276314995452733,38.273148388078226,13.276314995452733,16.390965599377157,6.477847237569836e-06,0.03708210966440945,0.00017468928537760954
bfo-3ed506cdc7713a779b325406e3f8d32c94d0d2e89746b5e238f3801e4f9cd867,752,13.27040492770288,38.32202536115595,13.27040492770288,16.387477900041812,6.9380188266601756e-06,0.03735000802715665,0.00018575682290658793
bfo-3ed506cdc7713a779b325406e3f8d32c94d0d2e89746b5e238f3801e4f9cd867,753,13.264468590686906,38.128877105067346,13.264468590686906,16.3685041043485,6.188716083883579e-06,0.03724054008405901,0.00016618223231764268
bfo-3ed506cdc7713a779b325406e3f8d32c94d0d2e89746b5e238f3801e4f9cd867,754,13.253073369113805,38.138649231808515,13.253073369113805,16.356132868773066,6.894023330373411e-06,0.03763858705022164,0.00018316371231403105
bfo-3ed506cdc7713a779b325406e3f8d32c94d0d2e89746b5e238f3801e4f9cd867,755,13.236451251797154,37.911568516659216,13.236451251797154,16.314694617983832,6.366362648275831e-06,0.03818408918999134,0.00016672815257158356
bfo-3ed506cdc7713a779b325406e3f8d32c94d0d2e89746b5e238f3801e4f9cd867,756,13.225433937008734,37.66162810945045,13.225433937008734,16.286771541650797,6.02934616424162e-06,0.03813770490899469,0.0001580941008020546
bfo-3ed506cdc7713a779b325406e3f8d32c94d0d2e89746b5e238f3801e4f9cd867,757,13.202659001369875,37.72356990957609,13.202659001369875,16.2665282826799,7.469843497004998e-06,0.03896338570284564,0.0001917144355465867
bfo-3ed506cdc7713a779b325406e3f8d32c94d0d2e89746b5e238f3801e4f9cd867,758,1000000.0,37.93007346114641,13.155216623822543,16.231632098680393,1.2486917697668073e-05,0.04073331339521358,0.00030655295768635814
bfo-3ed506cdc7713a779b325406e3f8d32c94d0d2e89746b5e238f3801e4f9cd867,759,1000000.0000597098,37.63895747886652,13.204057391930078,16.262165577061523,7.253553275089256e-06,0.039008830026073076,0.0001859464452084582
bfo-3ed506cdc7713a779b325406e3f8d32c94d0d2e89746b5e238f3801e4f9cd867,760,1000000.0,37.64920576510026,13.207346159443276,16.268032999655293,6.1998184112428235e-06,0.03836991254542426,0.00016158020698908715
bfo-3ed506cdc7713a779b325406e3f8d32c94d0d2e89746b5e238f3801e4f9cd867,761,1000000.0001257511,37.75052654386015,13.202101984226912,16.267002382460035,7.555435563184982e-06,0.03901589769608031,0.00019365017875633885
bfo-3ed506cdc7713a779b325406e3f8d32c94d0d2e89746b5e238f3801e4f9cd867,762,1000000.0,37.83393964423463,13.200661063608676,16.273064553526094,8.356560732270142e-06,0.03912491446499568,0.00021358668374205902
bfo-3ed506cdc7713a779b325406e3f8d32c94d0d2e89746b5e238f3801e4f9cd867,763,1000000.000095675,37.79203725705427,13.20185190514842,16.268957860757375,7.810195691972434e-06,0.03909750215440784,0.00019976201193435872
bfo-3ed506cdc7713a779b325406e3f8d32c94d0d2e89746b5e238f3801e4f9cd867,764,13.202908778943593,37.750642427801225,13.202908778943593,16.269663807135295,7.584516671708701e-06,0.03899140688722035,0.0001945176457378502
bfo-3ed506cdc7713a779b325406e3f8d32c94d0d2e89746b5e238f3801e4f9cd867,765,13.202322240447076,37.74484642583323,13.202322240447076,16.267901509672537,7.673577548527172e-06,0.03900001758293405,0.00019675830997278933
bfo-3ed506cdc7713a779b325406e3f8d32c94d0d2e89746b5e238f3801e4f9cd867,766,13.203389753640604,37.697175936300916,13.203389753640604,16.26667370147734,7.242760854382665e-06,0.03880196818533149,0.00018665962560942162
bfo-3ed506cdc7713a779b325406e3f8d32c94d0d2e89746b5e238f3801e4f9cd867,767,1000000.0000027834,37.74390240392245,13.202498025163832,16.268943090143985,7.6753633301214e-06,0.03895112108612941,0.00019705115324279113
bfo-3ed506cdc7713a779b325406e3f8d32c94d0d2e89746b5e238f3801e4f9cd867,768,13.20248588537576,37.70854929362635,13.20248588537576,16.267239810697056,7.781917699797705e-06,0.038990653317307306,0.00019958418332896824
bfo-3ed506cdc7713a779b325406e3f8d32c94d0d2e89746b5e238f3801e4f9cd867,769,1000000.0000031268,37.755695250528866,13.202198853893101,16.26837448758736,7.656344007891266e-06,0.039014989771587474,0.00019624108714920056
bfo-3ed506cdc7713a779b325406e3f8d32c94d0d2e89746b5e238f3801e4f9cd867,770,13.201811913598421,37.796438974690574,13.201811913598421,16.269669121561932,7.909192429863419e-06,0.039105614726275294,0.00020225209308752243
bfo-3ed506cdc7713a779b325406e3f8d32c94d0d2e89746b5e238f3801e4f9cd867,771,1000000.0,37.7607090902294,13.202899895348002,16.270305976480095,7.857112560203289e-06,0.03902433966400524,0.00020133877031237586
bfo-3ed506cdc7713a779b325406e3f8d32c94d0d2e89746b5e238f3801e4f9cd867,772,1000000.0000201056,37.75032067636819,13.202451328632346,16.266881102166607,7.542385760029992e-06,0.039040448908338854,0.00019319413508124325
bfo-3ed506cdc7713a779b325406e3f8d32c94d0d2e89746b5e238f3801e4f9cd867,773,13.206969905987235,37.61469247980553,13.206969905987235,16.265793392590176,6.971424737770253e-06,0.03866375153506275,0.00018030906109688094
bfo-3ed506cdc7713a779b325406e3f8d32c94d0d2e89746b5e238f3801e4f9cd867,774,13.201997792793602,37.758782122273985,13.201997792793602,16.267950915387814,7.652108080495666e-06,0.03900777011868406,0.00019616881603879316
bfo-3ed506cdc7713a779b325406e3f8d32c94d0d2e89746b5e238f3801e4f9cd867,775,1000000.0,37.87322193780501,13.201539404906915,16.273773123250685,8.055242799577566e-06,0.03917155825001922,0.0002056400909089087
bfo-3ed506cdc7713a779b325406e3f8d32c94d0d2e89746b5e238f3801e4f9cd867,776,13.201958938829138,37.77342110914274,13.201958938829138,16.268464780608532,7.817939320018489e-06,0.03906092960341692,0.00020014729294447209
bfo-3ed506cdc7713a779b325406e3f8d32c94d0d2e89746b5e238f3801e4f9cd867,777,13.201975723847534,37.812859214454306,13.201975723847534,16.270062455967622,8.041319073347269e-06,0.039136564826267574,0.0002054681883564323
bfo-3ed506cdc7713a779b325406e3f8d32c94d0d2e89746b5e238f3801e4f9cd867,778,13.201534139594086,37.79360605136087,13.201534139594086,16.26933114171743,7.84579500318169e-06,0.039098836592666365,0.0002006656894914694
bfo-3ed506cdc7713a779b325406e3f8d32c94d0d2e89746b5e238f3801e4f9cd867,779,1000000.0,37.920964324232855,13.199709501386582,16.2748309152184,8.812934593520565e-06,0.03939741745053926,0.00022369320538800789
bfo-3ed506cdc7713a779b325406e3f8d32c94d0d2e89746b5e238f3801e4f9cd867,780,13.201610574921302,37.80583222438538,13.201610574921302,16.270396134343216,7.922147608013897e-06,0.03911065103543842,0.00020255729317406623
bfo-3ed506cdc7713a779b325406e3f8d32c94d0d2e89746b5e238f3801e4f9cd867,781,1000000.0,37.72869917306187,13.202041038334103,16.264992496873987,7.522492573956716e-06,0.03903571436876472,0.00019270795207928878
bfo-3ed506cdc7713a779b325406e3f8d32c94d0d2e89746b5e238f3801e4f9cd867,782,1000000.000000783,37.78045698319984,13.20189031065234,16.268604913513077,7.870757066696626e-06,0.039111910116493155,0.0002012368366375846
bfo-3ed506cdc7713a779b325406e3f8d32c94d0d2e89746b5e238f3801e4f9cd867,783,1000000.0,37.65824058063585,13.204259604061313,16.264377127039754,7.285723562456293e-06,0.038864378385155274,0.00018746533111254303
bfo-3ed506cdc7713a779b325406e3f8d32c94d0d2e89746b5e238f3801e4f9cd867,784,1000000.0000235573,37.866646128158756,13.19992088825738,16.271252948621406,8.271818149303255e-06,0.039286050137195196,0.00021055357106189898
bfo-3ed506cdc7713a779b325406e3f8d32c94d0d2e89746b5e238f3801e4f9cd867,785,1000000.0,37.74380895240368,13.202643060818442,16.268625308787378,7.524220847042468e-06,0.03897516304646196,0.0001930516836599993
bfo-3ed506cdc7713a779b325406e3f8d32c94d0d2e89746b5e238f3801e4f9cd867,786,1000000.0000487613,37.790542486664094,13.201569778920655,16.26873391367384,7.859644060754392e-06,0.03912247791215484,0.000200898421577548
bfo-3ed506cdc7713a779b325406e3f8d32c94d0d2e89746b5e238f3801e4f9cd867,787,13.201032691803904,37.842287144049855,13.201032691803904,16.271369309452623,7.976117479175501e-06,0.03918155925194883,0.000203568148676441
bfo-3ed506cdc7713a779b325406e3f8d32c94d0d2e89746b5e238f3801e4f9cd867,788,1000000.0,37.839194584678395,13.201129699896585,16.271344554126625,7.973687893063591e-06,0.039181970210444415,0.00020350400580260028
bfo-3ed506cdc7713a779b325406e3f8d32c94d0d2e89746b5e238f3801e4f9cd867,789,1000000.0000643741,37.82991181913635,13.201286762150014,16.271505517204552,7.82278602454255e-06,0.03911085505443124,0.00020001572488393432
bfo-3ed506cdc7713a779b325406e3f8d32c94d0d2e89746b5e238f3801e4f9cd867,790,1000000.0,37.86712354912112,13.20062390363564,16.270872475182152,8.08339086209044e-06,0.0392712171106151,0.00020583499715127193
bfo-3ed506cdc7713a779b325406e3f8d32c94d0d2e89746b5e238f3801e4f9cd867,791,1000000.0000423724,37.74827590472486,13.202566079389275,16.267407375332407,7.4557932267659884e-06,0.03900174686604601,0.0001911656227187307
bfo-3ed506cdc7713a779b325406e3f8d32c94d0d2e89746b5e238f3801e4f9cd867,792,1000000.0000326004,37.74245763116842,13.20233380533265,16.26678298746176,7.538545445339521e-06,0.03901076876495321,0.0001932426784706703
bfo-3ed506cdc7713a779b325406e3f8d32c94d0d2e89746b5e238f3801e4f9cd867,793,13.201261868582296,37.82637316716133,13.201261868582296,16.270109001832104,7.925115818126422e-06,0.03914894689924988,0.00020243496813648066
bfo-3ed506cdc7713a779b325406e3f8d32c94d0d2e89746b5e238f3801e4f9cd867,794,1000000.000021683,37.85930339234211,13.200757142872646,16.27193057826789,8.119382155344875e-06,0.039230887483186365,0.0002069640193285123
bfo-3ed506cdc7713a779b325406e3f8d32c94d0d2e89746b5e238f3801e4f9cd867,795,13.200872866749771,37.836409658165636,13.200872866749771,16.270243870000154,7.891063946505707e-06,0.0391829445803593,0.00020139027403420702
bfo-3ed506cdc7713a779b325406e3f8d32c94d0d2e89746b5e238f3801e4f9cd867,796,13.201241876034059,37.90035867793431,13.201241876034059,16.273250227051253,8.196558245443465e-06,0.03927498190630395,0.00020869667782400308
bfo-3ed506cdc7713a779b325406e3f8d32c94d0d2e89746b5e238f3801e4f9cd867,797,13.201419453932177,37.79207162763641,13.201419453932177,16.267246927192367,7.58472762458155e-06,0.03914082958134047,0.00019378045140354926
bfo-3ed506cdc7713a779b325406e3f8d32c94d0d2e89746b5e238f3801e4f9cd867,798,13.201905305343407,37.835225314133,13.201905305343407,16.273995084429522,7.848747111271529e-06,0.039028196184360923,0.00020110453155958608
bfo-3ed506cdc7713a779b325406e3f8d32c94d0d2e89746b5e238f3801e4f9cd867,799,13.199649811888028,37.79461763353744,13.199649811888028,16.26667726857258,7.753807217470598e-06,0.039142995292322916,0.00019808926628032847
bfo-3ed506cdc7713a779b325406e3f8d32c94d0d2e89746b5e238f3801e4f9cd867,800,13.198603068064406,37.87596960887352,13.198603068064406,16.271446901800157,8.212073463014997e-06,0.039242668497681855,0.0002092638899798596
bfo-3ed506cdc7713a779b325406e3f8d32c94d0d2e89746b5e238f3801e4f9cd867,801,13.198764650744529,37.93059137483395,13.198764650744529,16.2763057822608,8.39140548737633e-06,0.03923348343484261,0.0002138837735709203
bfo-3ed506cdc7713a779b325406e3f8d32c94d0d2e89746b5e238f3801e4f9cd867,802,13.197976524710704,37.84198597470183,13.197976524710704,16.268532827251317,8.102943759556805e-06,0.0392073418539815,0.00020666904147019982
bfo-3ed506cdc7713a779b325406e3f8d32c94d0d2e89746b5e238f3801e4f9cd867,803,13.197045752491968,37.959816986189956,13.197045752491968,16.274051405107393,8.965954502810637e-06,0.039496040648372165,0.00022700894458341537
bfo-3ed506cdc7713a779b325406e3f8d32c94d0d2e89746b5e238f3801e4f9cd867,804,13.197671787748838,37.87396456300176,13.197671787748838,16.27001605317601,8.357324444614802e-06,0.039301602858683046,0.00021264589321370102
bfo-3ed506cdc7713a779b325406e3f8d32c94d0d2e89746b5e238f3801e4f9cd867,805,13.197646015291406,37.86978420390396,13.197646015291406,16.26905568696645,8.360275870536316e-06,0.03933933457185998,0.00021251696200567022
bfo-3ed506cdc7713a779b325406e3f8d32c94d0d2e89746b5e238f3801e4f9cd867,806,1000000.0,37.81564589708442,13.198457362916235,16.267146039810754,8.210357166999868e-06,0.0391943290594886,0.00020947819146331867
bfo-3ed506cdc7713a779b325406e3f8d32c94d0d2e89746b5e238f3801e4f9cd867,807,13.199664486410589,37.944377877899655,13.199664486410589,16.275762067592574,8.724129359224489e-06,0.03939099502604206,0.00022147522177230652
bfo-3ed506cdc7713a779b325406e3f8d32c94d0d2e89746b5e238f3801e4f9cd867,808,13.196116442823575,37.91590050055666,13.196116442823575,16.269574423074957,8.811614754115044e-06,0.03949046199704446,0.00022313273404536322
bfo-3ed506cdc7713a779b325406e3f8d32c94d0d2e89746b5e238f3801e4f9cd867,809,13.19681522199339,37.873964217062706,13.19681522199339,16.267834042384322,8.419493504393455e-06,0.039393752580336935,0.00021372661787483468
bfo-3ed506cdc7713a779b325406e3f8d32c94d0d2e89746b5e238f3801e4f9cd867,810,13.196461409968917,37.90647496263825,13.196461409968917,16.268865262672577,8.702796815026486e-06,0.03948404810647583,0.0002204129827711138
bfo-3ed506cdc7713a779b325406e3f8d32c94d0d2e89746b5e238f3801e4f9cd867,811,13.196896898874352,37.94332105491706,13.196896898874352,16.271545411470086,8.999180887846505e-06,0.03956795360297368,0.0002274360958401999
bfo-3ed506cdc7713a779b325406e3f8d32c94d0d2e89746b5e238f3801e4f9cd867,812,13.1958496852616,37.93591914961701,13.1958496852616,16.270712493514118,8.897735445532097e-06,0.03948013085064805,0.00022537249127141748
bfo-3ed506cdc7713a779b325406e3f8d32c94d0d2e89746b5e238f3801e4f9cd867,813,13.195794385971512,37.81575145666272,13.195794385971512,16.263477212497257,8.311131910141874e-06,0.03931228988053033,0.00021141307045199667
bfo-3ed506cdc7713a779b325406e3f8d32c94d0d2e89746b5e238f3801e4f9cd867,814,13.197930035804113,37.8862360732196,13.197930035804113,16.270095868777886,8.550857219189683e-06,0.0393517205723864,0.0002172930965867329
bfo-3ed506cdc7713a779b325406e3f8d32c94d0d2e89746b5e238f3801e4f9cd867,815,13.19580811415995,37.83018256449442,13.19580811415995,16.26470673039364,8.421050674530482e-06,0.03932860740619839,0.00021412023536849877
bfo-3ed506cdc7713a779b325406e3f8d32c94d0d2e89746b5e238f3801e4f9cd867,816,13.195743576635634,37.88042076498252,13.195743576635634,16.26996564693798,8.847161896290189e-06,0.039302129684286924,0.0002251064246990998
bfo-3ed506cdc7713a779b325406e3f8d32c94d0d2e89746b5e238f3801e4f9cd867,817,13.197525957952104,37.75280105804394,13.197525957952104,16.264723685432333,8.206722447271693e-06,0.03900758359377859,0.0002103878705416811
bfo-3ed506cdc7713a779b325406e3f8d32c94d0d2e89746b5e238f3801e4f9cd867,818,13.195833558178443,37.86348127590575,13.195833558178443,16.26972368066992,8.758890467637975e-06,0.03926542911581334,0.00022306875704334307
bfo-3ed506cdc7713a779b325406e3f8d32c94d0d2e89746b5e238f3801e4f9cd867,819,13.195640030823764,37.9331572591093,13.195640030823764,16.271243421515415,9.002348743336558e-06,0.03941943366146287,0.00022837336580351262
bfo-3ed506cdc7713a779b325406e3f8d32c94d0d2e89746b5e238f3801e4f9cd867,820,13.195860522942679,37.94766796808113,13.195860522942679,16.273473797912878,9.199825646005073e-06,0.03937031299511764,0.0002336741810293953
bfo-3ed506cdc7713a779b325406e3f8d32c94d0d2e89746b5e238f3801e4f9cd867,821,13.195733099432658,37.878990989233145,13.195733099432658,16.26772140247384,8.748361673546175e-06,0.039366162418792566,0.00022223049278915474
bfo-3ed506cdc7713a779b325406e3f8d32c94d0d2e89746b5e238f3801e4f9cd867,822,13.195751190268602,37.96592606185383,13.195751190268602,16.271921928438648,8.84130398616655e-06,0.03943899684587785,0.00022417669548536296
bfo-3ed506cdc7713a779b325406e3f8d32c94d0d2e89746b5e238f3801e4f9cd867,823,13.195461975031689,37.9306666384002,13.195461975031689,16.27035735653186,8.911272558024971e-06,0.03942190118989146,0.00022604877717845821
bfo-3ed506cdc7713a779b325406e3f8d32c94d0d2e89746b5e238f3801e4f9cd867,824,13.196177704893419,37.90932620559472,13.196177704893419,16.271159662212288,8.81802617779444e-06,0.039330549522000074,0.00022420297415020755
bfo-3ed506cdc7713a779b325406e3f8d32c94d0d2e89746b5e238f3801e4f9cd867,825,13.195318721303172,37.939646940168224,13.195318721303172,16.270332826659804,9.019560612725816e-06,0.03945830673711761,0.00022858458354071495
bfo-3ed506cdc7713a779b325406e3f8d32c94d0d2e89746b5e238f3801e4f9cd867,826,13.195979984831355,37.86447389269398,13.195979984831355,16.268195232114422,8.546708584355166e-06,0.0392791838492248,0.0002175887517714766
bfo-3ed506cdc7713a779b325406e3f8d32c94d0d2e89746b5e238f3801e4f9cd867,827,13.195242238715842,37.98596338506506,13.195242238715842,16.273413228093638,9.299551845972803e-06,0.039526171933489264,0.0002352758031215664
bfo-3ed506cdc7713a779b325406e3f8d32c94d0d2e89746b5e238f3801e4f9cd867,828,13.193625979913943,38.14812652931766,13.193625979913943,16.281275913432598,1.0176806802100008e-05,0.039818519125124,0.000255579740927101
bfo-3ed506cdc7713a779b325406e3f8d32c94d0d2e89746b5e238f3801e4f9cd867,829,13.193096040556279,38.16314099678409,13.193096040556279,16.27983325502262,1.0326837329568906e-05,0.03993423774962765,0.00025859607974275644
bfo-3ed506cdc7713a779b325406e3f8d32c94d0d2e89746b5e238f3801e4f9cd867,830,13.191481107019875,38.08779524108901,13.191481107019875,16.275683639452776,1.0047230214284946e-05,0.039815312732289575,0.0002523458821444043
bfo-3ed506cdc7713a779b325406e3f8d32c94d0d2e89746b5e238f3801e4f9cd867,831,13.190353289718068,38.019935306766165,13.190353289718068,16.27071526090895,9.751605562452073e-06,0.039701176347407933,0.00024562510382866146
bfo-3ed506cdc7713a779b325406e3f8d32c94d0d2e89746b5e238f3801e4f9cd867,832,1000000.0,38.11127162110888,13.191790088044446,16.278742480125903,1.0315174837842052e-05,0.03981161986878994,0.0002590996013686086
bfo-3ed506cdc7713a779b325406e3f8d32c94d0d2e89746b5e238f3801e4f9cd867,833,13.190516081550605,37.963178335128134,13.190516081550605,16.267256895401776,9.327755866859938e-06,0.039604472110585404,0.00023552279249713402
bfo-3ed506cdc7713a779b325406e3f8d32c94d0d2e89746b5e238f3801e4f9cd867,834,13.190117746038014,38.070497577949304,13.190117746038014,16.274012771984776,1.0297422138925347e-05,0.039880462446839966,0.0002582071898652542
bfo-3ed506cdc7713a779b325406e3f8d32c94d0d2e89746b5e238f3801e4f9cd867,835,13.189849496209035,38.10085938072273,13.189849496209035,16.27480681908638,1.0150724527873587e-05,0.03988382417293338,0.0002545073031076654
bfo-3ed506cdc7713a779b325406e3f8d32c94d0d2e89746b5e238f3801e4f9cd867,836,13.188272054035629,38.09616029020999,13.188272054035629,16.272236578966766,1.019285238294739e-05,0.039900615496406305,0.0002554560188141815
bfo-3ed506cdc7713a779b325406e3f8d32c94d0d2e89746b5e238f3801e4f9cd867,837,13.18975028235002,38.272738625176316,13.18975028235002,16.285231444388533,1.1252821830140751e-05,0.04013872980777932,0.000280348229354279
bfo-3ed506cdc7713a779b325406e3f8d32c94d0d2e89746b5e238f3801e4f9cd867,838,13.188385309089252,38.012673413179954,13.188385309089252,16.267457377439563,9.797075302891348e-06,0.03977420744509319,0.0002463172978723924
bfo-3ed506cdc7713a779b325406e3f8d32c94d0d2e89746b5e238f3801e4f9cd867,839,13.18739247793282,38.107795015283514,13.18739247793282,16.270608662928684,1.0535919055644698e-05,0.04005312894631996,0.0002630485890319619
bfo-3ed506cdc7713a779b325406e3f8d32c94d0d2e89746b5e238f3801e4f9cd867,840,13.189828528018143,37.93027839935194,13.189828528018143,16.261704049028538,9.144521537870888e-06,0.03968747480988414,0.00023041328735768924
bfo-3ed506cdc7713a779b325406e3f8d32c94d0d2e89746b5e238f3801e4f9cd867,841,1000000.0000171765,38.18253174398899,13.187461171374819,16.275152276810335,1.0944716983618996e-05,0.04016962688399508,0.00027246250046648396
bfo-3ed506cdc7713a779b325406e3f8d32c94d0d2e89746b5e238f3801e4f9cd867,842,13.189918381146946,38.094380650127576,13.189918381146946,16.272822149824826,1.0473915642566625e-05,0.039953163336023494,0.00026215485253261266
bfo-3ed506cdc7713a779b325406e3f8d32c94d0d2e89746b5e238f3801e4f9cd867,843,1000000.0000040985,38.097042245864095,13.187486753688399,16.27014170906724,1.0550066098644023e-05,0.04004706577030599,0.00026344167533159604
bfo-3ed506cdc7713a779b325406e3f8d32c94d0d2e89746b5e238f3801e4f9cd867,844,13.184567184729733,37.97564359483059,13.184567184729733,16.25948665518207,9.797379375909722e-06,0.039911767887760644,0.0002454759559501795
bfo-3ed506cdc7713a779b325406e3f8d32c94d0d2e89746b5e238f3801e4f9cd867,845,13.185999477549709,37.989444633252944,13.185999477549709,16.261280284778596,9.882185060893155e-06,0.03993136665075769,0.0002474792597840035
bfo-3ed506cdc7713a779b325406e3f8d32c94d0d2e89746b5e238f3801e4f9cd867,846,13.184607924306821,37.97911268180829,13.184607924306821,16.259747470150394,9.73111665488324e-06,0.03989797905734925,0.00024389998904194516
bfo-3ed506cdc7713a779b325406e3f8d32c94d0d2e89746b5e238f3801e4f9cd867,847,13.18580352942799,37.970129802510094,13.18580352942799,16.260190577861714,9.571482462903508e-06,0.03983249558952358,0.00024029331632991938
bfo-3ed506cdc7713a779b325406e3f8d32c94d0d2e89746b5e238f3801e4f9cd867,848,13.184510584635815,37.954934518261545,13.184510584635815,16.258101447901122,9.680422442333532e-06,0.0398781553780458,0.00024275000562495712
bfo-3ed506cdc7713a779b325406e3f8d32c94d0d2e89746b5e238f3801e4f9cd867,849,13.185499721429764,37.85929151294243,13.185499721429764,16.25347588271246,8.921424414124248e-06,0.03964816736972956,0.0002250147990682552
bfo-3ed506cdc7713a779b325406e3f8d32c94d0d2e89746b5e238f3801e4f9cd867,850,13.184690414216647,37.89537766338904,13.184690414216647,16.255273331283824,9.407469223161988e-06,0.039771570906056326,0.00023653753193162002
bfo-3ed506cdc7713a779b325406e3f8d32c94d0d2e89746b5e238f3801e4f9cd867,851,13.185418750099927,37.852807942096014,13.185418750099927,16.252241768133082,9.219613375777183e-06,0.039737070660330914,0.0002320154259629667
bfo-3ed506cdc7713a779b325406e3f8d32c94d0d2e89746b5e238f3801e4f9cd867,852,13.184385422878119,37.97175026960277,13.184385422878119,16.258493860254816,9.879180086332854e-06,0.03994970437415785,0.00024729044284801694
bfo-3ed506cdc7713a779b325406e3f8d32c94d0d2e89746b5e238f3801e4f9cd867,853,13.185077547309985,38.11247634225575,13.185077547309985,16.26865954676969,1.060205124442137e-05,0.040101514810472465,0.0002643803181632594
bfo-3ed506cdc7713a779b325406e3f8d32c94d0d2e89746b5e238f3801e4f9cd867,854,13.1839791444636,37.95762184824082,13.1839791444636,16.257378983064047,9.752518651653156e-06,0.03990412660674847,0.0002443987497273988
bfo-3ed506cdc7713a779b325406e3f8d32c94d0d2e89746b5e238f3801e4f9cd867,855,13.187454401557423,37.831529655594466,13.187454401557423,16.254318962812743,8.72190835694677e-06,0.03954735275848662,0.0002205434181703882
bfo-3ed506cdc7713a779b325406e3f8d32c94d0d2e89746b5e238f3801e4f9cd867,856,13.183792987544697,37.979548089170414,13.183792987544697,16.25845244822068,9.939936291460476e-06,0.03994137142409216,0.0002488631696172762
bfo-3ed506cdc7713a779b325406e3f8d32c94d0d2e89746b5e238f3801e4f9cd867,857,13.18477385060212,37.82671729879784,13.18477385060212,16.250691545177176,9.128168306191022e-06,0.03968528740244966,0.00023001391456793548
bfo-3ed506cdc7713a779b325406e3f8d32c94d0d2e89746b5e238f3801e4f9cd867,858,13.183437070852953,38.00050701786522,13.183437070852953,16.25986631403558,1.0089934519910264e-05,0.0399365910526974,0.00025264886796663055
bfo-3ed506cdc7713a779b325406e3f8d32c94d0d2e89746b5e238f3801e4f9cd867,859,13.177112211188625,38.09380894644622,13.177112211188625,16.258343386653532,1.1004863414477474e-05,0.040292207556201685,0.00027312634581084475
bfo-3ed506cdc7713a779b325406e3f8d32c94d0d2e89746b5e238f3801e4f9cd867,860,1000000.0,38.35329694426113,13.170342680700442,16.26665598512095,1.311992406892537e-05,0.04094179011106038,0.0003204531124148633
bfo-3ed506cdc7713a779b325406e3f8d32c94d0d2e89746b5e238f3801e4f9cd867,861,13.176389469540235,38.02294491632961,13.176389469540235,16.25319885915971,1.063106387700073e-05,0.040206624265797276,0.00026441075497214266
bfo-3ed506cdc7713a779b325406e3f8d32c94d0d2e89746b5e238f3801e4f9cd867,862,13.175177406426602,37.884246963150716,13.175177406426602,16.24365953119695,9.960983067080119e-06,0.03998927921166561,0.000249091338064786
bfo-3ed506cdc7713a779b325406e3f8d32c94d0d2e89746b5e238f3801e4f9cd867,863,13.175303161199755,37.8953145962996,13.175303161199755,16.244047554010276,9.889849529673853e-06,0.039996683857384,0.0002472667375359929
bfo-3ed506cdc7713a779b325406e3f8d32c94d0d2e89746b5e238f3801e4f9cd867,864,13.175088430451275,37.8689402986606,13.175088430451275,16.242280470716857,9.832067649404523e-06,0.039972161733987974,0.0002459728776951386
bfo-3ed506cdc7713a779b325406e3f8d32c94d0d2e89746b5e238f3801e4f9cd867,865,13.1688099123889,37.9036381386298,13.1688099123889,16.237209083218755,1.0382534262637486e-05,0.04021055337242864,0.0002582042123736732
bfo-3ed506cdc7713a779b325406e3f8d32c94d0d2e89746b5e238f3801e4f9cd867,866,13.158440419642236,37.83041210668695,13.158440419642236,16.22136581831635,1.0843799227940615e-05,0.040484954873554795,0.00026784763035573743
bfo-3ed506cdc7713a779b325406e3f8d32c94d0d2e89746b5e238f3801e4f9cd867,867,13.147719945182898,37.797051133908305,13.147719945182898,16.20698317338756,1.1476037471843796e-05,0.040808439083134404,0.0002812172611764191
bfo-3ed506cdc7713a779b325406e3f8d32c94d0d2e89746b5e238f3801e4f9cd867,868,13.1364566828944,37.868660336660284,13.1364566828944,16.19853769244816,1.2816853586532263e-05,0.041312336360861915,0.0003102427680336804
bfo-3ed506cdc7713a779b325406e3f8d32c94d0d2e89746b5e238f3801e4f9cd867,869,13.117194063682081,38.068210189724155,13.117194063682081,16.188668802034087,1.5715348175379015e-05,0.042214932081172316,0.0003722698912593536
bfo-3ed506cdc7713a779b325406e3f8d32c94d0d2e89746b5e238f3801e4f9cd867,870,1000000.0,37.892655700175226,13.100524928135696,16.14956008757628,1.5900550668720374e-05,0.042710373017154746,0.0003722877967451577
bfo-3ed506cdc7713a779b325406e3f8d32c94d0d2e89746b5e238f3801e4f9cd867,871,13.117639952536644,38.05964990561051,13.117639952536644,16.187460027914987,1.5551718928701013e-05,0.04220521519629228,0.0003684786075931969
bfo-3ed506cdc7713a779b325406e3f8d32c94d0d2e89746b5e238f3801e4f9cd867,872,13.119447313534659,38.05331345131418,13.119447313534659,16.192760779110234,1.5857556263717818e-05,0.04200588794090157,0.00037750794093504095
bfo-3ed506cdc7713a779b325406e3f8d32c94d0d2e89746b5e238f3801e4f9cd867,873,13.117594405773618,38.105411621224675,13.117594405773618,16.193512592321355,1.6091018063055404e-05,0.04218987393246337,0.0003813952629679234
bfo-3ed506cdc7713a779b325406e3f8d32c94d0d2e89746b5e238f3801e4f9cd867,874,1000000.0,38.06396508528002,13.118124461695212,16.18874490740178,1.557151846173378e-05,0.04220819356949033,0.0003689216984872212
bfo-3ed506cdc7713a779b325406e3f8d32c94d0d2e89746b5e238f3801e4f9cd867,875,13.116883530359583,38.055078810704615,13.116883530359583,16.188005947412083,1.5642369838277127e-05,0.04219819117374747,0.00037068815992304024
bfo-3ed506cdc7713a779b325406e3f8d32c94d0d2e89746b5e238f3801e4f9cd867,876,13.116845719677492,38.11116722189651,13.116845719677492,16.19189990616252,1.617584231256327e-05,0.04228765839500994,0.00038251922491106915
bfo-3ed506cdc7713a779b325406e3f8d32c94d0d2e89746b5e238f3801e4f9cd867,877,13.117251565649854,38.12439100971533,13.117251565649854,16.192862773266913,1.653060883335109e-05,0.042352213257861766,0.00039031275019098423
bfo-3ed506cdc7713a779b325406e3f8d32c94d0d2e89746b5e238f3801e4f9cd867,878,1000000.0000163208,38.10516227914462,13.116942190687936,16.191079986328,1.6058065576173253e-05,0.042311017245849285,0.0003795244506381739
bfo-3ed506cdc7713a779b325406e3f8d32c94d0d2e89746b5e238f3801e4f9cd867,879,1000000.0,38.1290951678793,13.117090557424293,16.19503009567023,1.64825100595578e-05,0.04227006731373315,0.0003899333761932001
bfo-3ed506cdc7713a779b325406e3f8d32c94d0d2e89746b5e238f3801e4f9cd867,880,1000000.000012084,38.181974006649725,13.117627381089596,16.19670083984733,1.6697891945245242e-05,0.042398972076762645,0.0003938277540081392
bfo-3ed506cdc7713a779b325406e3f8d32c94d0d2e89746b5e238f3801e4f9cd867,881,13.11685615262872,38.20243951987206,13.11685615262872,16.19880166356232,1.6791018508054226e-05,0.042414041961657545,0.0003958834794201734
bfo-3ed506cdc7713a779b325406e3f8d32c94d0d2e89746b5e238f3801e4f9cd867,882,1000000.000007506,38.09089842554852,13.116662981400244,16.191181556643862,1.6262521517610436e-05,0.04227663210020258,0.0003846692773224126
bfo-3ed506cdc7713a779b325406e3f8d32c94d0d2e89746b5e238f3801e4f9cd867,883,13.115174691395378,37.91076017729098,13.115174691395378,16.176493967834592,1.4775140819014628e-05,0.04201621747501598,0.00035165328311146385
bfo-3ed506cdc7713a779b325406e3f8d32c94d0d2e89746b5e238f3801e4f9cd867,884,13.115947749629912,38.00784729109064,13.115947749629912,16.184161517622535,1.56576712749874e-05,0.04213784485542109,0.00037158215681676044
bfo-3ed506cdc7713a779b325406e3f8d32c94d0d2e89746b5e238f3801e4f9cd867,885,13.114820511961591,37.86975549085848,13.114820511961591,16.173762312884588,1.4610054962996657e-05,0.04196585798614535,0.00034814145746335116
bfo-3ed506cdc7713a779b325406e3f8d32c94d0d2e89746b5e238f3801e4f9cd867,886,13.115252488900962,37.86340315440676,13.115252488900962,16.17206963061533,1.4468178451019484e-05,0.041982331189756146,0.00034462541838433633
bfo-3ed506cdc7713a779b325406e3f8d32c94d0d2e89746b5e238f3801e4f9cd867,887,13.115274791529531,37.919561225864705,13.115274791529531,16.177808776296658,1.4909744057518283e-05,0.042005748794847954,0.0003549453226113417
bfo-3ed506cdc7713a779b325406e3f8d32c94d0d2e89746b5e238f3801e4f9cd867,888,13.115164312130727,37.807007932597806,13.115164312130727,16.16873335049918,1.4302882721630015e-05,0.041981374002873446,0.0003406959172096426
bfo-3ed506cdc7713a779b325406e3f8d32c94d0d2e89746b5e238f3801e4f9cd867,889,13.114978931355887,37.85578315806904,13.114978931355887,16.172148048523063,1.4377663234690144e-05,0.04195054068254807,0.00034272891363880387
bfo-3ed506cdc7713a779b325406e3f8d32c94d0d2e89746b5e238f3801e4f9cd867,890,13.115071309986048,37.805555076328915,13.115071309986048,16.16894419125664,1.39345174994665e-05,0.04186084005324791,0.00033287715874171387
bfo-3ed506cdc7713a779b325406e3f8d32c94d0d2e89746b5e238f3801e4f9cd867,891,13.114987964892606,37.92612343999139,13.114987964892606,16.177964968407682,1.50489589473945e-05,0.04204679498891645,0.00035790977531965066
bfo-3ed506cdc7713a779b325406e3f8d32c94d0d2e89746b5e238f3801e4f9cd867,892,13.114487566441305,37.762111306797806,13.114487566441305,16.167971201139252,1.3998564881791664e-05,0.04179129686778915,0.0003349636391059481
bfo-3ed506cdc7713a779b325406e3f8d32c94d0d2e89746b5e238f3801e4f9cd867,893,13.114516682529716,37.96025032786953,13.114516682529716,16.181306945746808,1.534060846576847e-05,0.042037238482458564,0.00036492902530145624
bfo-3ed506cdc7713a779b325406e3f8d32c94d0d2e89746b5e238f3801e4f9cd867,894,13.114580403106247,37.74810860623329,13.114580403106247,16.166261485727517,1.3951560074278566e-05,0.041810990941384865,0.00033368164112248285
bfo-3ed506cdc7713a779b325406e3f8d32c94d0d2e89746b5e238f3801e4f9cd867,895,13.114354445160203,37.64745036516369,13.114354445160203,16.162652741271287,1.330182062743002e-05,0.04157398373489684,0.0003199554007682114
bfo-3ed506cdc7713a779b325406e3f8d32c94d0d2e89746b5e238f3801e4f9cd867,896,13.114309880300482,37.723452467866,13.114309880300482,16.167184003719218,1.3396855048641859e-05,0.04161961447304993,0.00032188801405925473
bfo-3ed506cdc7713a779b325406e3f8d32c94d0d2e89746b5e238f3801e4f9cd867,897,13.114145926957107,37.68973127686874,13.114145926957107,16.164510494575655,1.3378514095581753e-05,0.041652915031761495,0.0003211903437101645
bfo-3ed506cdc7713a779b325406e3f8d32c94d0d2e89746b5e238f3801e4f9cd867,898,13.114195936969148,37.766309483360814,13.114195936969148,16.170517747891726,1.42100598766962e-05,0.04184933501522705,0.00033955282375516387
bfo-3ed506cdc7713a779b325406e3f8d32c94d0d2e89746b5e238f3801e4f9cd867,899,13.114046118481376,37.68336673655534,13.114046118481376,16.165314603808998,1.3451527048853864e-05,0.041613951497847385,0.00032324560789545993
bfo-3ed506cdc7713a779b325406e3f8d32c94d0d2e89746b5e238f3801e4f9cd867,900,13.11431342432765,37.79727752233575,13.11431342432765,16.17165015380118,1.4310483682313187e-05,0.04180246592268,0.00034233587340953993
bfo-3ed506cdc7713a779b325406e3f8d32c94d0d2e89746b5e238f3801e4f9cd867,901,13.114087141882315,37.73505158923451,13.114087141882315,16.168331577190994,1.3852209218705397e-05,0.041720165040337646,0.00033202671191046875
bfo-3ed506cdc7713a779b325406e3f8d32c94d0d2e89746b5e238f3801e4f9cd867,902,13.11399664887818,37.727757731674,13.11399664887818,16.169218383061096,1.3683474328537093e-05,0.04163681407028893,0.0003286388412292406
bfo-3ed506cdc7713a779b325406e3f8d32c94d0d2e89746b5e238f3801e4f9cd867,903,13.113553535256077,37.61900862737856,13.113553535256077,16.162820034570423,1.2694290344448713e-05,0.04136916176387067,0.0003068539415158066
bfo-3ed506cdc7713a779b325406e3f8d32c94d0d2e89746b5e238f3801e4f9cd867,904,13.113530352269224,37.72814123661601,13.113530352269224,16.169966504498785,1.3242193081794547e-05,0.04148895983364935,0.0003191738991502639
bfo-3ed506cdc7713a779b325406e3f8d32c94d0d2e89746b5e238f3801e4f9cd867,905,13.113524479897043,37.88361801351593,13.113524479897043,16.17955083838307,1.4326311107147966e-05,0.04174631257095033,0.0003431754860456131
bfo-3ed506cdc7713a779b325406e3f8d32c94d0d2e89746b5e238f3801e4f9cd867,906,13.113823232648976,37.85446076694262,13.113823232648976,16.17713447196711,1.4077837220890135e-05,0.041716736819115634,0.0003374625700454913
bfo-3ed506cdc7713a779b325406e3f8d32c94d0d2e89746b5e238f3801e4f9cd867,907,13.113799880733366,37.89952778425696,13.113799880733366,16.180670259116706,1.451815625504575e-05,0.041799053074071765,0.00034733218069122864
bfo-3ed506cdc7713a779b325406e3f8d32c94d0d2e89746b5e238f3801e4f9cd867,908,13.113327215141863,37.77984003534391,13.113327215141863,16.174867277530225,1.3971917520205538e-05,0.041573779462764304,0.00033607523060826195
bfo-3ed506cdc7713a779b325406e3f8d32c94d0d2e89746b5e238f3801e4f9cd867,909,13.113217466202675,37.68607631905045,13.113217466202675,16.16910212590183,1.31806559640148e-05,0.041442847238109044,0.0003180441702831277
bfo-3ed506cdc7713a779b325406e3f8d32c94d0d2e89746b5e238f3801e4f9cd867,910,13.113257330284322,37.7296450764329,13.113257330284322,16.1695842601454,1.3355271020963618e-05,0.04157270735943922,0.0003212509328654839
bfo-3ed506cdc7713a779b325406e3f8d32c94d0d2e89746b5e238f3801e4f9cd867,911,13.113077090466675,37.67339720570614,13.113077090466675,16.168393999495414,1.313336011381573e-05,0.04142115146213831,0.00031706892855985655
bfo-3ed506cdc7713a779b325406e3f8d32c94d0d2e89746b5e238f3801e4f9cd867,912,1000000.0,37.551469059570024,13.109235787015365,16.154924048833962,1.2746985339019388e-05,0.041416396592690405,0.000307776300878602
bfo-3ed506cdc7713a779b325406e3f8d32c94d0d2e89746b5e238f3801e4f9cd867,913,1000000.000010378,37.73541451705225,13.11317909513825,16.17227512106692,1.3612550395553393e-05,0.04152605411021725,0.0003278074617786548
bfo-3ed506cdc7713a779b325406e3f8d32c94d0d2e89746b5e238f3801e4f9cd867,914,13.113658725802132,37.642794655979145,13.113658725802132,16.165994186535602,1.2619649221848928e-05,0.041363254756960344,0.0003050932354332047
bfo-3ed506cdc7713a779b325406e3f8d32c94d0d2e89746b5e238f3801e4f9cd867,915,1000000.0000344162,37.68117848557283,13.113157037028753,16.168620557597496,1.3117191345051305e-05,0.0414313279920108,0.00031660079415221
bfo-3ed506cdc7713a779b325406e3f8d32c94d0d2e89746b5e238f3801e4f9cd867,916,13.11346547789542,37.79304022167452,13.11346547789542,16.17647773848984,1.3903048803056476e-05,0.041638969648572034,0.00033389512085425164
bfo-3ed506cdc7713a779b325406e3f8d32c94d0d2e89746b5e238f3801e4f9cd867,917,13.113144665812412,37.671844261114245,13.113144665812412,16.168268598083582,1.3133325428520941e-05,0.04141832703767012,0.0003170897128842537
bfo-3ed506cdc7713a779b325406e3f8d32c94d0d2e89746b5e238f3801e4f9cd867,918,13.113459364943342,37.6544488135645,13.113459364943342,16.168848617242258,1.2912047261381448e-05,0.041310180417752605,0.00031256332290992934
bfo-3ed506cdc7713a779b325406e3f8d32c94d0d2e89746b5e238f3801e4f9cd867,919,13.112561271285596,37.68395197773397,13.112561271285596,16.16840769968759,1.3196833684183708e-05,0.041434150185433304,0.00031850137205959207
bfo-3ed506cdc7713a779b325406e3f8d32c94d0d2e89746b5e238f3801e4f9cd867,920,13.114441062748519,37.517868581781094,13.114441062748519,16.162096933856763,1.2000498073149446e-05,0.04107982317107482,0.0002921263322671567
bfo-3ed506cdc7713a779b325406e3f8d32c94d0d2e89746b5e238f3801e4f9cd867,921,13.112359173816404,37.692940053437006,13.112359173816404,16.168054334158327,1.3161147762419066e-05,0.04148174509648523,0.00031727565298438266
bfo-3ed506cdc7713a779b325406e3f8d32c94d0d2e89746b5e238f3801e4f9cd867,922,13.112255605702577,37.734499797940025,13.112255605702577,16.17016334839958,1.332872647949431e-05,0.04153508473679653,0.00032090283585448423
bfo-3ed506cdc7713a779b325406e3f8d32c94d0d2e89746b5e238f3801e4f9cd867,923,13.113450747939687,37.69296001936789,13.113450747939687,16.16955928770192,1.277052537984397e-05,0.04138691056566646,0.00030856435537950197
bfo-3ed506cdc7713a779b325406e3f8d32c94d0d2e89746b5e238f3801e4f9cd867,924,13.112151852229653,37.742242964532764,13.112151852229653,16.171180848699063,1.3415457288691769e-05,0.04154008760296741,0.000322952070224653
bfo-3ed506cdc7713a779b325406e3f8d32c94d0d2e89746b5e238f3801e4f9cd867,925,13.116237273428084,37.83041151684161,13.116237273428084,16.18307111691809,1.3569784255687312e-05,0.04148284502761319,0.0003271179748316332
bfo-3ed506cdc7713a779b325406e3f8d32c94d0d2e89746b5e238f3801e4f9cd867,926,13.112087193111552,37.708346783502606,13.112087193111552,16.1671587942294,1.3078088629870088e-05,0.04155800499891588,0.0003146948134351313
bfo-3ed506cdc7713a779b325406e3f8d32c94d0d2e89746b5e238f3801e4f9cd867,927,13.107993934525402,37.60139340611937,13.107993934525402,16.154775270230765,1.2733199879427576e-05,0.041547345732188386,0.0003064744487290474
bfo-3ed506cdc7713a779b325406e3f8d32c94d0d2e89746b5e238f3801e4f9cd867,928,13.103130436654348,37.58884485285719,13.103130436654348,16.147409517606608,1.3503682629364013e-05,0.04175989654335049,0.0003233648487453983
bfo-3ed506cdc7713a779b325406e3f8d32c94d0d2e89746b5e238f3801e4f9cd867,929,13.095865694065527,37.40977318467144,13.095865694065527,16.1269267306856,1.3004488221256117e-05,0.04173675436666718,0.0003115836010392336
bfo-3ed506cdc7713a779b325406e3f8d32c94d0d2e89746b5e238f3801e4f9cd867,930,13.088326997144515,37.078862962452334,13.088326997144515,16.09296048723537,1.139295818448933e-05,0.04170880882622318,0.00027315472450813183
bfo-3ed506cdc7713a779b325406e3f8d32c94d0d2e89746b5e238f3801e4f9cd867,931,13.081618855814519,37.12269689976726,13.081618855814519,16.09661635071434,1.2925093794184087e-05,0.04167063442415807,0.00031017271449774027
bfo-3ed506cdc7713a779b325406e3f8d32c94d0d2e89746b5e238f3801e4f9cd867,932,13.080731121545668,36.76855159168662,13.080731121545668,16.074744539760083,1.0737018485189374e-05,0.041350736732370955,0.0002596572475765352
bfo-3ed506cdc7713a779b325406e3f8d32c94d0d2e89746b5e238f3801e4f9cd867,933,13.07981718000371,36.6446761833669,13.07981718000371,16.070887025995578,1.0373727555458717e-05,0.04108056246376532,0.0002525215560183421
bfo-3ed506cdc7713a779b325406e3f8d32c94d0d2e89746b5e238f3801e4f9cd867,934,13.07807133927667,36.67737078904506,13.07807133927667,16.070313816482184,1.0952489493942927e-05,0.041151289369659595,0.0002661517940679176
bfo-3ed506cdc7713a779b325406e3f8d32c94d0d2e89746b5e238f3801e4f9cd867,935,13.077714148190713,36.67367737895954,13.077714148190713,16.070307780695614,1.1047346697928664e-05,0.04116226250690548,0.0002683853127868113
bfo-3ed506cdc7713a779b325406e3f8d32c94d0d2e89746b5e238f3801e4f9cd867,936,13.076746506457267,36.67882275570932,13.076746506457267,16.066583392858682,1.1234699262019388e-05,0.04125070654128824,0.00027235168083180505
bfo-3ed506cdc7713a779b325406e3f8d32c94d0d2e89746b5e238f3801e4f9cd867,937,13.075759436353538,36.63775481038124,13.075759436353538,16.063707433966943,1.1088821349393627e-05,0.04118035570752658,0.00026927454022372395
bfo-3ed506cdc7713a779b325406e3f8d32c94d0d2e89746b5e238f3801e4f9cd867,938,13.075995865766636,36.56390833555905,13.075995865766636,16.063116372224204,1.0677017579312236e-05,0.041000713565109426,0.0002604105307181314
bfo-3ed506cdc7713a779b325406e3f8d32c94d0d2e89746b5e238f3801e4f9cd867,939,13.07636753182249,36.599160284421814,13.07636753182249,16.06413105389538,1.0817445579069772e-05,0.04107372125272591,0.00026336658206618807
bfo-3ed506cdc7713a779b325406e3f8d32c94d0d2e89746b5e238f3801e4f9cd867,940,13.075099919277665,36.62438694952968,13.075099919277665,16.058989816510238,1.1491242677049888e-05,0.041312513735059495,0.00027815404191437396
bfo-3ed506cdc7713a779b325406e3f8d32c94d0d2e89746b5e238f3801e4f9cd867,941,13.0741572510022,36.65517253750606,13.0741572510022,16.05526093161746,1.1885080705911691e-05,0.0414926724932778,0.00028643806223465566
bfo-3ed506cdc7713a779b325406e3f8d32c94d0d2e89746b5e238f3801e4f9cd867,942,13.074704634205121,36.54447055069275,13.074704634205121,16.055070399208233,1.1184628966231823e-05,0.04118673889505436,0.0002715589839421556
bfo-3ed506cdc7713a779b325406e3f8d32c94d0d2e89746b5e238f3801e4f9cd867,943,1000000.0000358169,36.701154680774636,13.073580439802663,16.054667834002593,1.2238012335651183e-05,0.041651159053316504,0.00029382165139715897
bfo-3ed506cdc7713a779b325406e3f8d32c94d0d2e89746b5e238f3801e4f9cd867,944,13.075437140139885,36.5657785009536,13.075437140139885,16.057120234534416,1.1199791781551206e-05,0.041169607765446044,0.00027204028382683
bfo-3ed506cdc7713a779b325406e3f8d32c94d0d2e89746b5e238f3801e4f9cd867,945,13.074943089340776,36.629790746216635,13.074943089340776,16.054965185818713,1.1636082777214938e-05,0.04142044236853755,0.0002809260865367667
bfo-3ed506cdc7713a779b325406e3f8d32c94d0d2e89746b5e238f3801e4f9cd867,946,1000000.0,36.80817325869724,13.071402630547656,16.053664734943577,1.3217559886514477e-05,0.04199795017951166,0.00031471916676929985
bfo-3ed506cdc7713a779b325406e3f8d32c94d0d2e89746b5e238f3801e4f9cd867,947,1000000.0000586216,36.67304170136841,13.073946328000021,16.05644584596717,1.206304545279005e-05,0.041519961526053924,0.0002905360460225968
bfo-3ed506cdc7713a779b325406e3f8d32c94d0d2e89746b5e238f3801e4f9cd867,948,13.074483449361386,36.62407754561779,13.074483449361386,16.05337525858468,1.1693162483596291e-05,0.04143419373842584,0.0002822104505620467
bfo-3ed506cdc7713a779b325406e3f8d32c94d0d2e89746b5e238f3801e4f9cd867,949,1000000.0000135056,36.69323871589804,13.073581311185668,16.056456368902975,1.2121607935397915e-05,0.04152504121405694,0.00029191079842431423
bfo-3ed506cdc7713a779b325406e3f8d32c94d0d2e89746b5e238f3801e4f9cd867,950,13.07499268808628,36.62548293876732,13.07499268808628,16.056051633079775,1.16430848518523e-05,0.0414073714987278,0.00028118386727855985
bfo-3ed506cdc7713a779b325406e3f8d32c94d0d2e89746b5e238f3801e4f9cd867,951,1000000.000004308,36.68448016157245,13.073721595190941,16.056025857384515,1.2187604168831057e-05,0.04156747586595192,0.0002932004870378471
bfo-3ed506cdc7713a779b325406e3f8d32c94d0d2e89746b5e238f3801e4f9cd867,952,13.07616322869337,36.54873606254695,13.07616322869337,16.05509115666063,1.0726905337004028e-05,0.04117674614586123,0.00026050881482975587
bfo-3ed506cdc7713a779b325406e3f8d32c94d0d2e89746b5e238f3801e4f9cd867,953,1000000.0000958578,36.61329966506583,13.07496213745186,16.054242415587392,1.146003897061495e-05,0.04138626847399665,0.0002769043789926456
bfo-3ed506cdc7713a779b325406e3f8d32c94d0d2e89746b5e238f3801e4f9cd867,954,1000000.0,36.7216061524684,13.073249886996454,16.05439610602132,1.2491378183935617e-05,0.04175840067953455,0.0002991344970272662
bfo-3ed506cdc7713a779b325406e3f8d32c94d0d2e89746b5e238f3801e4f9cd867,955,1000000.0000273412,36.685796959488165,13.073918058105122,16.056653844808675,1.2213802366840901e-05,0.04157289569067264,0.00029379243769110864
bfo-3ed506cdc7713a779b325406e3f8d32c94d0d2e89746b5e238f3801e4f9cd867,956,13.073594964015832,36.72272310511448,13.073594964015832,16.0540615466384,1.2352385561096523e-05,0.04173364825121559,0.000295981446116126
bfo-3ed506cdc7713a779b325406e3f8d32c94d0d2e89746b5e238f3801e4f9cd867,957,13.074909860278114,36.62760028038521,13.074909860278114,16.052063526644652,1.139507522484911e-05,0.04149661337262593,0.0002746025349713502
bfo-3ed506cdc7713a779b325406e3f8d32c94d0d2e89746b5e238f3801e4f9cd867,958,13.072379956993458,36.80551508241736,13.072379956993458,16.05538430207052,1.2989548036802773e-05,0.04190879442426512,0.0003099480244003833
bfo-3ed506cdc7713a779b325406e3f8d32c94d0d2e89746b5e238f3801e4f9cd867,959,1000000.0,36.710884038975784,13.07308072293985,16.05563992707143,1.2237354856467864e-05,0.041597418668694576,0.0002941854386189945
bfo-3ed506cdc7713a779b325406e3f8d32c94d0d2e89746b5e238f3801e4f9cd867,960,13.072414517461466,36.79125549460248,13.072414517461466,16.05698117565972,1.2878245853987423e-05,0.04183234895215504,0.00030785375855218344
bfo-3ed506cdc7713a779b325406e3f8d32c94d0d2e89746b5e238f3801e4f9cd867,961,13.071954052982417,36.87272939188649,13.071954052982417,16.056336822783955,1.3560111522795568e-05,0.04213987538949102,0.0003217881257944401
bfo-3ed506cdc7713a779b325406e3f8d32c94d0d2e89746b5e238f3801e4f9cd867,962,13.071691672949513,36.9044591588456,13.071691672949513,16.057278117722007,1.360189953271851e-05,0.04216960408643188,0.0003225522228010421
bfo-3ed506cdc7713a779b325406e3f8d32c94d0d2e89746b5e238f3801e4f9cd867,963,1000000.0000153426,36.88470758113298,13.071766453409461,16.05660587473625,1.3532130049459114e-05,0.04216434102175857,0.000320937781109302
bfo-3ed506cdc7713a779b325406e3f8d32c94d0d2e89746b5e238f3801e4f9cd867,964,1000000.0000117497,36.871661868737824,13.071927030926096,16.057123091529736,1.3263600299771683e-05,0.04207932734850828,0.00031520466546245497
bfo-3ed506cdc7713a779b325406e3f8d32c94d0d2e89746b5e238f3801e4f9cd867,965,13.071789198098077,36.867612587222794,13.071789198098077,16.05731061128589,1.3332721979860893e-05,0.042041605760869454,0.0003171316066207544
bfo-3ed506cdc7713a779b325406e3f8d32c94d0d2e89746b5e238f3801e4f9cd867,966,13.072079601366093,36.86230036986238,13.072079601366093,16.056307602783658,1.3110352531485401e-05,0.042016878577774606,0.0003120258566380107
bfo-3ed506cdc7713a779b325406e3f8d32c94d0d2e89746b5e238f3801e4f9cd867,967,13.072218588308646,36.81548764646625,13.072218588308646,16.05688170315637,1.3055847906015204e-05,0.041940100783528715,0.0003112974852731559
bfo-3ed506cdc7713a779b325406e3f8d32c94d0d2e89746b5e238f3801e4f9cd867,968,1000000.0000003158,36.89472637884961,13.071768793969447,16.057437787463805,1.3429051450977987e-05,0.04211699440899443,0.00031885113454606113
bfo-3ed506cdc7713a779b325406e3f8d32c94d0d2e89746b5e238f3801e4f9cd867,969,1000000.0000332922,36.89524694681275,13.072008163616573,16.056867660181798,1.3333106118049184e-05,0.042119900673681335,0.00031655122411958556
bfo-3ed506cdc7713a779b325406e3f8d32c94d0d2e89746b5e238f3801e4f9cd867,970,1000000.0,36.83782501762765,13.072199216289714,16.05201102038408,1.327653585268624e-05,0.042169970105312655,0.0003148338929226235
bfo-3ed506cdc7713a779b325406e3f8d32c94d0d2e89746b5e238f3801e4f9cd867,971,1000000.0000189177,36.87485498577553,13.07196104064302,16.05727155263638,1.340077131823942e-05,0.042089465625047465,0.0003183877751649243
bfo-3ed506cdc7713a779b325406e3f8d32c94d0d2e89746b5e238f3801e4f9cd867,972,13.072186675853684,36.866663992329975,13.072186675853684,16.05457058173824,1.311535697308002e-05,0.042134601743215684,0.00031127283587513183
bfo-3ed506cdc7713a779b325406e3f8d32c94d0d2e89746b5e238f3801e4f9cd867,973,1000000.0000153212,36.926100428333044,13.071529204716876,16.058698974606465,1.389979986943057e-05,0.04221651975349557,0.00032925025441680686
bfo-3ed506cdc7713a779b325406e3f8d32c94d0d2e89746b5e238f3801e4f9cd867,974,13.072622158749017,36.82708272236653,13.072622158749017,16.0585345686231,1.3135636420442557e-05,0.04189451208027352,0.00031354074240734774
bfo-3ed506cdc7713a779b325406e3f8d32c94d0d2e89746b5e238f3801e4f9cd867,975,13.072239159628975,36.86600500276434,13.072239159628975,16.05432677892956,1.3212602510548098e-05,0.04214446824007182,0.0003135073963985927
bfo-3ed506cdc7713a779b325406e3f8d32c94d0d2e89746b5e238f3801e4f9cd867,976,13.071289748888177,36.96771559301432,13.071289748888177,16.057311203561195,1.406015463480127e-05,0.04233141102367078,0.0003321447193654647
bfo-3ed506cdc7713a779b325406e3f8d32c94d0d2e89746b5e238f3801e4f9cd867,977,13.07332038265803,36.77473766421818,13.07332038265803,16.051277841390615,1.2477460024730017e-05,0.041911643990645224,0.000297708675601344
bfo-3ed506cdc7713a779b325406e3f8d32c94d0d2e89746b5e238f3801e4f9cd867,978,13.07144809637515,37.01124354375453,13.07144809637515,16.06050705373086,1.4355441563599748e-05,0.04236061452656416,0.00033888652759268904
bfo-3ed506cdc7713a779b325406e3f8d32c94d0d2e89746b5e238f3801e4f9cd867,979,13.07037759516733,36.981367224244764,13.07037759516733,16.05750265364074,1.424602742657012e-05,0.042376410094533704,0.00033617825093701766
bfo-3ed506cdc7713a779b325406e3f8d32c94d0d2e89746b5e238f3801e4f9cd867,980,13.071906656263282,36.85524320163745,13.071906656263282,16.051627319513972,1.3061065946555478e-05,0.04213063885525653,0.00031001347953511706
bfo-3ed506cdc7713a779b325406e3f8d32c94d0d2e89746b5e238f3801e4f9cd867,981,13.070093569181639,36.951488581449304,13.070093569181639,16.056216807480116,1.4162854415872383e-05,0.042317620204137284,0.000334679841341544
bfo-3ed506cdc7713a779b325406e3f8d32c94d0d2e89746b5e238f3801e4f9cd867,982,13.070398604793967,36.98138990835329,13.070398604793967,16.059140814615727,1.4527582525997591e-05,0.04239246404104367,0.00034269257177247894
bfo-3ed506cdc7713a779b325406e3f8d32c94d0d2e89746b5e238f3801e4f9cd867,983,13.070488503219526,36.91417591384213,13.070488503219526,16.054387328254116,1.376634656805065e-05,0.04227155666372426,0.00032566452845736747
bfo-3ed506cdc7713a779b325406e3f8d32c94d0d2e89746b5e238f3801e4f9cd867,984,13.069928931649567,36.978676365330216,13.069928931649567,16.058142916014486,1.4515422163680655e-05,0.042361889153028146,0.000342652852691369
bfo-3ed506cdc7713a779b325406e3f8d32c94d0d2e89746b5e238f3801e4f9cd867,985,13.07007440816934,36.98024829921542,13.07007440816934,16.057708159793222,1.4865893198754345e-05,0.04249918164944008,0.00034979245768489283
bfo-3ed506cdc7713a779b325406e3f8d32c94d0d2e89746b5e238f3801e4f9cd867,986,13.07003972569409,36.97724990811514,13.07003972569409,16.05795836007408,1.4452985522224712e-05,0.04235094161715362,0.0003412671588952521
bfo-3ed506cdc7713a779b325406e3f8d32c94d0d2e89746b5e238f3801e4f9cd867,987,13.069688066314868,36.97057498258903,13.069688066314868,16.061792566906906,1.4718139086909972e-05,0.04224907075739962,0.0003483659835129556
bfo-3ed506cdc7713a779b325406e3f8d32c94d0d2e89746b5e238f3801e4f9cd867,988,13.070082019731744,36.910034850339805,13.070082019731744,16.060736497835347,1.3914500786828417e-05,0.042009922506471065,0.00033121938715038277
bfo-3ed506cdc7713a779b325406e3f8d32c94d0d2e89746b5e238f3801e4f9cd867,989,13.069952309722073,36.95281406082636,13.069952309722073,16.06248021135899,1.4534703181600186e-05,0.0421880876548562,0.0003445214985924378
bfo-3ed506cdc7713a779b325406e3f8d32c94d0d2e89746b5e238f3801e4f9cd867,990,13.071138254366367,36.81114854777894,13.071138254366367,16.059962947027767,1.3444374857735378e-05,0.04185861788007502,0.00032118535055919727
bfo-3ed506cdc7713a779b325406e3f8d32c94d0d2e89746b5e238f3801e4f9cd867,991,13.069117942400105,36.949711901453014,13.069117942400105,16.059873607420435,1.462208372791919e-05,0.04221734827946997,0.00034635249071362964
bfo-3ed506cdc7713a779b325406e3f8d32c94d0d2e89746b5e238f3801e4f9cd867,992,13.069205909465191,36.95968278355804,13.069205909465191,16.062328564305165,1.4473085168880761e-05,0.04209467478247015,0.00034382223508489754
bfo-3ed506cdc7713a779b325406e3f8d32c94d0d2e89746b5e238f3801e4f9cd867,993,13.068917779710855,36.907044835204495,13.068917779710855,16.057956630405712,1.4387081087642243e-05,0.04214251572428412,0.00034139113055730224
bfo-3ed506cdc7713a779b325406e3f8d32c94d0d2e89746b5e238f3801e4f9cd867,994,13.069550423723383,36.884842109544365,13.069550423723383,16.059402497810876,1.426593533901677e-05,0.04202483207554693,0.00033946442221045105
bfo-3ed506cdc7713a779b325406e3f8d32c94d0d2e89746b5e238f3801e4f9cd867,995,13.068665163974035,36.951256665756446,13.068665163974035,16.059229113603656,1.4681937105224523e-05,0.04223134835696852,0.0003476549453529793
bfo-3ed506cdc7713a779b325406e3f8d32c94d0d2e89746b5e238f3801e4f9cd867,996,13.068524327680148,36.997412183676644,13.068524327680148,16.06018393820648,1.5156987377510113e-05,0.042395513234134166,0.0003575139495022476
bfo-3ed506cdc7713a779b325406e3f8d32c94d0d2e89746b5e238f3801e4f9cd867,997,13.067142886304394,37.16334062219711,13.067142886304394,16.064253258851995,1.6645543870310578e-05,0.042821231633592985,0.00038872174468826474
bfo-3ed506cdc7713a779b325406e3f8d32c94d0d2e89746b5e238f3801e4f9cd867,998,13.066970963279644,37.07564612532272,13.066970963279644,16.060996644256917,1.6013427782668434e-05,0.04258437892418772,0.0003760399514379881
bfo-3ed506cdc7713a779b325406e3f8d32c94d0d2e89746b5e238f3801e4f9cd867,999,13.067666040461667,37.02502198755583,13.067666040461667,16.061862570048497,1.5559274611789652e-05,0.04238525700409536,0.0003670916661018778
bfo-3ed506cdc7713a779b325406e3f8d32c94d0d2e89746b5e238f3801e4f9cd867,1000,13.067141099272854,37.07826653568256,13.067141099272854,16.062505124288332,1.5768923041660577e-05,0.042522488287611446,0.00037083725992240944
bfo-3ed506cdc7713a779b325406e3f8d32c94d0d2e89746b5e238f3801e4f9cd867,1001,13.067302230527897,37.05598179091127,13.067302230527897,16.059812490978782,1.5867517713457244e-05,0.0425637951774506,0.0003727937710278129
bfo-3ed506cdc7713a779b325406e3f8d32c94d0d2e89746b5e238f3801e4f9cd867,1002,13.066607994645578,37.11277724091772,13.066607994645578,16.063024351418846,1.64886090851005e-05,0.0426610075475215,0.0003865030394965073
bfo-3ed506cdc7713a779b325406e3f8d32c94d0d2e89746b5e238f3801e4f9cd867,1003,13.066741888154674,37.15158642975679,13.066741888154674,16.063127557685114,1.6674783620977955e-05,0.042739238836982094,0.0003901516282163952
bfo-3ed506cdc7713a779b325406e3f8d32c94d0d2e89746b5e238f3801e4f9cd867,1004,13.066750884631091,37.079782076492926,13.066750884631091,16.062414470489614,1.622825794670811e-05,0.04256413315833352,0.0003812660271111576
bfo-3ed506cdc7713a779b325406e3f8d32c94d0d2e89746b5e238f3801e4f9cd867,1005,13.066654339670976,37.10249792349058,13.066654339670976,16.06531631199362,1.6672070538939733e-05,0.04255705133145644,0.0003917581227394958
bfo-3ed506cdc7713a779b325406e3f8d32c94d0d2e89746b5e238f3801e4f9cd867,1006,13.066808211382059,37.106554115646745,13.066808211382059,16.064449191413647,1.6347301796724592e-05,0.042604174285014805,0.0003837018806505643
bfo-3ed506cdc7713a779b325406e3f8d32c94d0d2e89746b5e238f3801e4f9cd867,1007,13.066429538342005,37.149197867966706,13.066429538342005,16.06253998515532,1.6687403745357342e-05,0.04278078371268754,0.0003900677429714394
bfo-3ed506cdc7713a779b325406e3f8d32c94d0d2e89746b5e238f3801e4f9cd867,1008,13.066566884338403,36.950033755700375,13.066566884338403,16.05214583952921,1.517925081553425e-05,0.04246544481492855,0.00035744947172195986
bfo-3ed506cdc7713a779b325406e3f8d32c94d0d2e89746b5e238f3801e4f9cd867,1009,13.066265803182798,37.171764807548016,13.066265803182798,16.065540702521197,1.6758092905278127e-05,0.042743224043471355,0.00039206431616469926
bfo-3ed506cdc7713a779b325406e3f8d32c94d0d2e89746b5e238f3801e4f9cd867,1010,13.065760797309096,37.13264570785074,13.065760797309096,16.063720595418623,1.6426138069256513e-05,0.042643048871130254,0.0003852008358712166
bfo-3ed506cdc7713a779b325406e3f8d32c94d0d2e89746b5e238f3801e4f9cd867,1011,13.066618140061188,36.99349150270337,13.066618140061188,16.054978604810533,1.5212025894408407e-05,0.04243541046810623,0.0003584748144675429
bfo-3ed506cdc7713a779b325406e3f8d32c94d0d2e89746b5e238f3801e4f9cd867,1012,13.06554085041229,37.13378007719148,13.06554085041229,16.06476294614043,1.665475187362552e-05,0.04266008833009787,0.00039040593973348935
bfo-3ed506cdc7713a779b325406e3f8d32c94d0d2e89746b5e238f3801e4f9cd867,1013,13.065095680312705,37.17853165755189,13.065095680312705,16.067573048194568,1.714434634827711e-05,0.04271221306832876,0.0004013921339278413
bfo-3ed506cdc7713a779b325406e3f8d32c94d0d2e89746b5e238f3801e4f9cd867,1014,13.065735902903128,37.11536940138635,13.065735902903128,16.066417318903,1.6380909109892807e-05,0.04250258575603976,0.0003854097066921399
bfo-3ed506cdc7713a779b325406e3f8d32c94d0d2e89746b5e238f3801e4f9cd867,1015,13.065051016419117,37.14767945523457,13.065051016419117,16.065419520390016,1.6921660182962893e-05,0.04266711517986379,0.00039659724149686265
bfo-3ed506cdc7713a779b325406e3f8d32c94d0d2e89746b5e238f3801e4f9cd867,1016,13.065572458113348,36.978434714121846,13.065572458113348,16.05736480451401,1.5704441881895123e-05,0.04233367849263778,0.0003709680434367704
bfo-3ed506cdc7713a779b325406e3f8d32c94d0d2e89746b5e238f3801e4f9cd867,1017,1000000.000101793,37.176700585064054,13.065030026059487,16.06751010281495,1.7189988899740897e-05,0.04269371882935143,0.0004026350800793437
bfo-3ed506cdc7713a779b325406e3f8d32c94d0d2e89746b5e238f3801e4f9cd867,1018,13.064994497993885,37.168689232434104,13.064994497993885,16.065861573294043,1.743293516400829e-05,0.04279799697730583,0.00040733063216141443
bfo-3ed506cdc7713a779b325406e3f8d32c94d0d2e89746b5e238f3801e4f9cd867,1019,13.06497525123261,37.15712851051804,13.06497525123261,16.064211304015032,1.719328533046373e-05,0.042769034549727525,0.0004020031200487612
bfo-3ed506cdc7713a779b325406e3f8d32c94d0d2e89746b5e238f3801e4f9cd867,1020,13.065142791220813,37.076184109616,13.065142791220813,16.05979603663204,1.6340884838391433e-05,0.04263890278803597,0.0003832388680267944
bfo-3ed506cdc7713a779b325406e3f8d32c94d0d2e89746b5e238f3801e4f9cd867,1021,13.064672459262688,37.15112845439435,13.064672459262688,16.06325127032655,1.7175692213334223e-05,0.04276383715611275,0.00040164057660759043
bfo-3ed506cdc7713a779b325406e3f8d32c94d0d2e89746b5e238f3801e4f9cd867,1022,13.062689733929092,37.508649946258515,13.062689733929092,16.08275290905226,2.061500544546755e-05,0.04341193887277508,0.00047486949398603887
bfo-3ed506cdc7713a779b325406e3f8d32c94d0d2e89746b5e238f3801e4f9cd867,1023,13.06252279859437,37.657349815089674,13.06252279859437,16.091243165169026,2.200311585190635e-05,0.04372190324148689,0.0005032515563281336
bfo-3ed506cdc7713a779b325406e3f8d32c94d0d2e89746b5e238f3801e4f9cd867,1024,1000000.0,37.67968266536636,13.061377886705433,16.093836343144492,2.254709687856158e-05,0.04377334262080107,0.0005150873917462088
bfo-3ed506cdc7713a779b325406e3f8d32c94d0d2e89746b5e238f3801e4f9cd867,1025,1000000.0000633327,37.69145670485183,13.063116265578989,16.093825471691122,2.2192601864403476e-05,0.043761223699411926,0.0005071293713548898
bfo-3ed506cdc7713a779b325406e3f8d32c94d0d2e89746b5e238f3801e4f9cd867,1026,13.061604177434463,37.6109394806588,13.061604177434463,16.08857532378424,2.180036300096738e-05,0.04364416443771414,0.0004995023568862068
bfo-3ed506cdc7713a779b325406e3f8d32c94d0d2e89746b5e238f3801e4f9cd867,1027,13.063111081019722,37.76385694866003,13.063111081019722,16.101256581667965,2.2792948054785167e-05,0.04378878998425819,0.0005205201619633494
bfo-3ed506cdc7713a779b325406e3f8d32c94d0d2e89746b5e238f3801e4f9cd867,1028,13.062197692853958,37.65861781650409,13.062197692853958,16.09238647930569,2.2101425616579175e-05,0.04371121767246783,0.000505623654371452
bfo-3ed506cdc7713a779b325406e3f8d32c94d0d2e89746b5e238f3801e4f9cd867,1029,13.061459624234017,37.60089805679122,13.061459624234017,16.087551145779095,2.191137119513003e-05,0.043654892556056916,0.0005019224630319226
bfo-3ed506cdc7713a779b325406e3f8d32c94d0d2e89746b5e238f3801e4f9cd867,1030,13.061224831060212,37.56717955206598,13.061224831060212,16.0822811003059,2.1533848406146293e-05,0.04365294243176114,0.0004932966074350725
bfo-3ed506cdc7713a779b325406e3f8d32c94d0d2e89746b5e238f3801e4f9cd867,1031,1000000.0,37.53261099958349,13.060773590464116,16.082399089289343,2.146180730411082e-05,0.043519787813356775,0.0004931505501854474
bfo-3ed506cdc7713a779b325406e3f8d32c94d0d2e89746b5e238f3801e4f9cd867,1032,1000000.0000694261,37.56042803910444,13.061122004382387,16.08326254697923,2.152359382182203e-05,0.043628535150816085,0.0004933375312148069
bfo-3ed506cdc7713a779b325406e3f8d32c94d0d2e89746b5e238f3801e4f9cd867,1033,1000000.0,37.53918923354289,13.061200923179834,16.078592395206627,2.1044206105924574e-05,0.04362219515719056,0.0004824196955263886
bfo-3ed506cdc7713a779b325406e3f8d32c94d0d2e89746b5e238f3801e4f9cd867,1034,13.060932398394263,37.53021726141213,13.060932398394263,16.07855667034921,2.1139854655795478e-05,0.043607800107721965,0.0004847723252164716
bfo-3ed506cdc7713a779b325406e3f8d32c94d0d2e89746b5e238f3801e4f9cd867,1035,13.061434397368629,37.357078811321436,13.061434397368629,16.066682150919284,1.9602445470567995e-05,0.04338034960248268,0.0004518738472648486
bfo-3ed506cdc7713a779b325406e3f8d32c94d0d2e89746b5e238f3801e4f9cd867,1036,13.061089586496907,37.56913869451974,13.061089586496907,16.08231358810305,2.1588806925186823e-05,0.04364360403656245,0.0004946614149257881
bfo-3ed506cdc7713a779b325406e3f8d32c94d0d2e89746b5e238f3801e4f9cd867,1037,13.060986973816977,37.617979526722536,13.060986973816977,16.083658456132696,2.1877038985953067e-05,0.04377595357509431,0.0004997501413287245
bfo-3ed506cdc7713a779b325406e3f8d32c94d0d2e89746b5e238f3801e4f9cd867,1038,13.060780381899622,37.52598647028728,13.060780381899622,16.078138012661103,2.093292653806001e-05,0.043543101175676766,0.0004807403692632065
bfo-3ed506cdc7713a779b325406e3f8d32c94d0d2e89746b5e238f3801e4f9cd867,1039,13.062262808898394,37.68746026987637,13.062262808898394,16.088139154133444,2.2093848284243047e-05,0.04377086650921285,0.0005047615011138231
bfo-3ed506cdc7713a779b325406e3f8d32c94d0d2e89746b5e238f3801e4f9cd867,1040,13.060850405195522,37.52777627587064,13.060850405195522,16.078084726625107,2.0893716597103096e-05,0.04354007378423233,0.00047987324735930005
bfo-3ed506cdc7713a779b325406e3f8d32c94d0d2e89746b5e238f3801e4f9cd867,1041,13.060134403565865,37.58491227799773,13.060134403565865,16.081218741623523,2.1644353798047555e-05,0.04364800102618289,0.0004958841937586987
bfo-3ed506cdc7713a779b325406e3f8d32c94d0d2e89746b5e238f3801e4f9cd867,1042,13.059714199812973,37.532453493400325,13.059714199812973,16.076863079708836,2.1093691783217542e-05,0.043565969794883246,0.0004841781758223356
bfo-3ed506cdc7713a779b325406e3f8d32c94d0d2e89746b5e238f3801e4f9cd867,1043,13.05991288290767,37.56385143720622,13.05991288290767,16.080568313086587,2.1321459756708037e-05,0.043528160617661155,0.0004898313977470725
bfo-3ed506cdc7713a779b325406e3f8d32c94d0d2e89746b5e238f3801e4f9cd867,1044,13.059564318733523,37.50255044564574,13.059564318733523,16.07506594448888,2.0676183628296044e-05,0.04347446772361209,0.0004755937153674749
bfo-3ed506cdc7713a779b325406e3f8d32c94d0d2e89746b5e238f3801e4f9cd867,1045,13.059747981720632,37.5241245507584,13.059747981720632,16.07750170338232,2.0913960653972848e-05,0.04353840402654566,0.0004803566212767346
bfo-3ed506cdc7713a779b325406e3f8d32c94d0d2e89746b5e238f3801e4f9cd867,1046,13.059643043629418,37.50993440826354,13.059643043629418,16.073345140671357,2.0593943286626104e-05,0.043534719447399374,0.0004730464224424058
bfo-3ed506cdc7713a779b325406e3f8d32c94d0d2e89746b5e238f3801e4f9cd867,1047,13.059248549035226,37.499122497062274,13.059248549035226,16.077632630010754,2.0972657247637494e-05,0.04340734108758823,0.0004831592242731116
bfo-3ed506cdc7713a779b325406e3f8d32c94d0d2e89746b5e238f3801e4f9cd867,1048,13.057044878710535,37.55547648762857,13.057044878710535,16.080752032020808,2.1999344006874375e-05,0.04353113188881552,0.0005053703648934219
bfo-3ed506cdc7713a779b325406e3f8d32c94d0d2e89746b5e238f3801e4f9cd867,1049,13.056535507456015,37.707706371120395,13.056535507456015,16.092400218556495,2.3606369266242242e-05,0.04376025666414578,0.0005394476875996872
bfo-3ed506cdc7713a779b325406e3f8d32c94d0d2e89746b5e238f3801e4f9cd867,1050,13.05453312291454,37.561759841816794,13.05453312291454,16.082762654877328,2.2698164996155294e-05,0.04349472084767972,0.0005218602293286395
