run_id,evaluation_index,training_objective,expected_energy,cvar_0.10,cvar_0.25,p_opt,p_feas,p_opt_given_feas
bfo-9f24106a164c4fa21e6f26f6f44af53710e057caa1ad7c0bfbc849cc874200f3,0,26.868613236228605,44.88772841252191,22.08191033299239,26.868613236228605,0.0005121472607479562,0.010020918718626176,0.05110781507448145
bfo-9f24106a164c4fa21e6f26f6f44af53710e057caa1ad7c0bfbc849cc874200f3,1,26.868613236228605,44.88772841252191,22.08191033299239,26.868613236228605,0.0005121472607479562,0.010020918718626176,0.05110781507448145
bfo-9f24106a164c4fa21e6f26f6f44af53710e057caa1ad7c0bfbc849cc874200f3,2,40.89804760106517,88.49135078506504,31.098594648549852,40.89804760106517,7.699025713064347e-05,0.0017055488589115923,0.045141044613506605
bfo-9f24106a164c4fa21e6f26f6f44af53710e057caa1ad7c0bfbc849cc874200f3,3,40.90662831810921,88.50553327638664,31.117781271558442,40.90662831810921,7.460392840683305e-05,0.0016904430683101562,0.04413276602175697
bfo-9f24106a164c4fa21e6f26f6f44af53710e057caa1ad7c0bfbc849cc874200f3,4,40.913460414070876,88.50510250631882,31.124806174426165,40.913460414070876,7.226081987357581e-05,0.001694352481445006,0.04264804440924189
bfo-9f24106a164c4fa21e6f26f6f44af53710e057caa1ad7c0bfbc849cc874200f3,5,40.91510645058056,88.50310002379481,31.12580516910777,40.91510645058056,7.175441339422925e-05,0.0016949913898507405,0.04233320229464286
bfo-9f24106a164c4fa21e6f26f6f44af53710e057caa1ad7c0bfbc849cc874200f3,6,40.91475799715827,88.50338524430319,31.125641597912036,40.91475799715827,7.128815086015853e-05,0.0016957091869718136,0.04204031646927882
bfo-9f24106a164c4fa21e6f26f6f44af53710e057caa1ad7c0bfbc849cc874200f3,7,40.915115873252546,88.50306064162852,31.125794157302167,40.915115873252546,7.178831963476207e-05,0.0016949751574424259,0.04235361168542704
bfo-9f24106a164c4fa21e6f26f6f44af53710e057caa1ad7c0bfbc849cc874200f3,8,40.914758045753665,88.50343771970725,31.125658533059735,40.914758045753665,7.128321711581173e-05,0.0016956854181702623,0.04203799617073445
bfo-9f24106a164c4fa21e6f26f6f44af53710e057caa1ad7c0bfbc849cc874200f3,9,40.92524034873124,88.50066576845524,31.13734740637496,40.92524034873124,7.170502526119063e-05,0.0016941180970427563,0.04232587172426677
bfo-9f24106a164c4fa21e6f26f6f44af53710e057caa1ad7c0bfbc849cc874200f3,10,40.92416832204527,88.50017726650808,31.136668683145956,40.92416832204527,7.137805789280256e-05,0.001694280985704238,0.04212881953764821
bfo-9f24106a164c4fa21e6f26f6f44af53710e057caa1ad7c0bfbc849cc874200f3,11,40.91958827340186,88.49739336875383,31.136949097220132,40.91958827340186,7.263332485724147e-05,0.0016945725605136016,0.042862327969731384
bfo-9f24106a164c4fa21e6f26f6f44af53710e057caa1ad7c0bfbc849cc874200f3,12,40.91583405325025,88.4904807413204,31.134743614914683,40.91583405325025,7.428522724275667e-05,0.001698653082246022,0.04373184143317481
bfo-9f24106a164c4fa21e6f26f6f44af53710e057caa1ad7c0bfbc849cc874200f3,13,40.91481296353787,88.48207329339428,31.13230190355539,40.91481296353787,7.192988092411186e-05,0.0017093846994657015,0.04207939906481837
bfo-9f24106a164c4fa21e6f26f6f44af53710e057caa1ad7c0bfbc849cc874200f3,14,40.9158053133326,88.49071135870288,31.13467813793621,40.9158053133326,7.425472058387513e-05,0.0016986676860836945,0.04371350629214039
bfo-9f24106a164c4fa21e6f26f6f44af53710e057caa1ad7c0bfbc849cc874200f3,15,40.91443511541164,88.49438470241722,31.127979646007773,40.91443511541164,6.993029384097713e-05,0.0017399029377828006,0.040192066075876026
bfo-9f24106a164c4fa21e6f26f6f44af53710e057caa1ad7c0bfbc849cc874200f3,16,40.90779908280195,88.4829937520916,31.125562622686562,40.90779908280195,7.324963203614284e-05,0.0017135471877217988,0.04274736789334056
bfo-9f24106a164c4fa21e6f26f6f44af53710e057caa1ad7c0bfbc849cc874200f3,17,40.90813204905488,88.48266430668494,31.125794493333164,40.90813204905488,7.304929959361788e-05,0.0017147770653621374,0.04259988138935768
bfo-9f24106a164c4fa21e6f26f6f44af53710e057caa1ad7c0bfbc849cc874200f3,18,45.99266220137702,86.02287314492062,35.11492207104894,45.99266220137702,5.168831125797214e-05,0.0012084588199521285,0.042772091530615584
bfo-9f24106a164c4fa21e6f26f6f44af53710e057caa1ad7c0bfbc849cc874200f3,19,34.38445031246683,65.7566242174773,27.110164823309287,34.38445031246683,0.00020499831679308587,0.004000970983397404,0.05123714159481672
bfo-9f24106a164c4fa21e6f26f6f44af53710e057caa1ad7c0bfbc849cc874200f3,20,34.38432529709341,65.75614252995997,27.1105793776089,34.38432529709341,0.00020378890613672755,0.004011016859628909,0.05080729233224457
bfo-9f24106a164c4fa21e6f26f6f44af53710e057caa1ad7c0bfbc849cc874200f3,21,34.384436011482194,65.75640571301061,27.110021021657424,34.384436011482194,0.00020479436164659492,0.0040031630203766835,0.05115813685432288
bfo-9f24106a164c4fa21e6f26f6f44af53710e057caa1ad7c0bfbc849cc874200f3,22,34.38425347527153,65.75640230993237,27.109928982736808,34.38425347527153,0.00020466461244649404,0.004003431872063275,0.0511222918203463
bfo-9f24106a164c4fa21e6f26f6f44af53710e057caa1ad7c0bfbc849cc874200f3,23,34.381794209562216,65.75514973998507,27.108460412501827,34.381794209562216,0.00020544842951824256,0.003995578986394792,0.051418938336047895
bfo-9f24106a164c4fa21e6f26f6f44af53710e057caa1ad7c0bfbc849cc874200f3,24,34.379877514905274,65.75664267296011,27.103535388992007,34.379877514905274,0.00020600503017145685,0.004000080532229751,0.051500220685963084
bfo-9f24106a164c4fa21e6f26f6f44af53710e057caa1ad7c0bfbc849cc874200f3,25,34.37488012242583,65.75121708069511,27.097901210190987,34.37488012242583,0.00020547384176724032,0.004005798209231732,0.05129410695069633
bfo-9f24106a164c4fa21e6f26f6f44af53710e057caa1ad7c0bfbc849cc874200f3,26,34.374082333822244,65.74740757368852,27.09802389322876,34.374082333822244,0.00020689942409470906,0.004001329394660955,0.05170767104822179
bfo-9f24106a164c4fa21e6f26f6f44af53710e057caa1ad7c0bfbc849cc874200f3,27,34.37417450379402,65.74744629207302,27.09828022971905,34.37417450379402,0.0002069818720992082,0.004000874474835466,0.05173415796998236
bfo-9f24106a164c4fa21e6f26f6f44af53710e057caa1ad7c0bfbc849cc874200f3,28,34.37426043491676,65.74757708537425,27.098456983500974,34.37426043491676,0.00020697067612891325,0.0040005284255538315,0.05173583439799214
bfo-9f24106a164c4fa21e6f26f6f44af53710e057caa1ad7c0bfbc849cc874200f3,29,34.37317544171124,65.74721677315726,27.097634240589905,34.37317544171124,0.0002061200540946721,0.004000982884291525,0.05151735462401782
bfo-9f24106a164c4fa21e6f26f6f44af53710e057caa1ad7c0bfbc849cc874200f3,30,34.37309262531802,65.74690471486988,27.097636179402354,34.37309262531802,0.00020618555355790086,0.00400105593702828,0.05153278454563218
bfo-9f24106a164c4fa21e6f26f6f44af53710e057caa1ad7c0bfbc849cc874200f3,31,34.37258461098878,65.74648531921204,27.097608836186993,34.37258461098878,0.00020728552917159321,0.004001469927708773,0.05180234586700596
bfo-9f24106a164c4fa21e6f26f6f44af53710e057caa1ad7c0bfbc849cc874200f3,32,34.36998958889152,65.73917502419685,27.095257712786164,34.36998958889152,0.00021332037072815396,0.00400502156678417,0.05326322646982384
bfo-9f24106a164c4fa21e6f26f6f44af53710e057caa1ad7c0bfbc849cc874200f3,33,34.368478638628844,65.7323835754744,27.09407769045364,34.368478638628844,0.00021204641106799426,0.004012536437246331,0.052845977696221146
bfo-9f24106a164c4fa21e6f26f6f44af53710e057caa1ad7c0bfbc849cc874200f3,34,34.369128226354896,65.73239454255152,27.094678620830877,34.369128226354896,0.0002120406132920876,0.0040123053234512535,0.052847576691819956
bfo-9f24106a164c4fa21e6f26f6f44af53710e057caa1ad7c0bfbc849cc874200f3,35,34.38173250071676,65.73683316517898,27.105298169878637,34.38173250071676,0.0002143828892066116,0.0039870868029066395,0.05376930571221163
bfo-9f24106a164c4fa21e6f26f6f44af53710e057caa1ad7c0bfbc849cc874200f3,36,34.36187173580619,65.72893234812562,27.08315098050472,34.36187173580619,0.00021352225439641288,0.004017179216617255,0.053152284944910554
bfo-9f24106a164c4fa21e6f26f6f44af53710e057caa1ad7c0bfbc849cc874200f3,37,34.366297705179676,65.73055565200536,27.089498058433044,34.366297705179676,0.00021339190877909812,0.00400972873889636,0.05321853987505206
bfo-9f24106a164c4fa21e6f26f6f44af53710e057caa1ad7c0bfbc849cc874200f3,38,34.36299576766544,65.73005612028112,27.089652325682405,34.36299576766544,0.0002136178406125626,0.004004263579242634,0.05334759722609625
bfo-9f24106a164c4fa21e6f26f6f44af53710e057caa1ad7c0bfbc849cc874200f3,39,34.3711727648556,65.8495790246804,26.856445653073642,34.3711727648556,0.00022348274989362213,0.003968370017224038,0.05631600604873868
bfo-9f24106a164c4fa21e6f26f6f44af53710e057caa1ad7c0bfbc849cc874200f3,40,34.00758364888625,65.70691970848682,26.643599876489716,34.00758364888625,0.0002270465983493275,0.004239703365120563,0.05355247261334545
bfo-9f24106a164c4fa21e6f26f6f44af53710e057caa1ad7c0bfbc849cc874200f3,41,31.004944023739654,69.24662474343549,25.01032117084697,31.004944023739654,0.0002783571299283069,0.005378278660172621,0.05175580283513476
bfo-9f24106a164c4fa21e6f26f6f44af53710e057caa1ad7c0bfbc849cc874200f3,42,26.870778187817155,44.90102991353611,22.081029609199813,26.870778187817155,0.0005132312154866263,0.010029987110713165,0.05116967846732695
bfo-9f24106a164c4fa21e6f26f6f44af53710e057caa1ad7c0bfbc849cc874200f3,43,26.86941333456297,44.89983444035461,22.08226559599007,26.86941333456297,0.0005138723855316216,0.010010350058104743,0.0513341074536721
bfo-9f24106a164c4fa21e6f26f6f44af53710e057caa1ad7c0bfbc849cc874200f3,44,26.87067006999078,44.89941268027047,22.082943520365532,26.87067006999078,0.0005146925826445326,0.010013917066358463,0.05139772770573777
bfo-9f24106a164c4fa21e6f26f6f44af53710e057caa1ad7c0bfbc849cc874200f3,45,26.869788904300627,44.89822671344815,22.08217942100792,26.869788904300627,0.000513492105747459,0.010019530044521142,0.05124912081362994
bfo-9f24106a164c4fa21e6f26f6f44af53710e057caa1ad7c0bfbc849cc874200f3,46,26.869779789324458,44.89822791977327,22.08220715648911,26.869779789324458,0.0005135295572112564,0.010019442001171375,0.05125330903170252
bfo-9f24106a164c4fa21e6f26f6f44af53710e057caa1ad7c0bfbc849cc874200f3,47,26.869739972963377,44.89835292874516,22.08212866865014,26.869739972963377,0.0005133241411532123,0.0100194921392404,0.051232550913716125
bfo-9f24106a164c4fa21e6f26f6f44af53710e057caa1ad7c0bfbc849cc874200f3,48,26.86902810083521,44.89017699848647,22.082717933883703,26.86902810083521,0.0005114188815560873,0.010021081965525654,0.05103429782487174
bfo-9f24106a164c4fa21e6f26f6f44af53710e057caa1ad7c0bfbc849cc874200f3,49,26.868855102759376,44.88942921114351,22.08247608056296,26.868855102759376,0.0005113527380666168,0.010021076761396457,0.051027723890557125
bfo-9f24106a164c4fa21e6f26f6f44af53710e057caa1ad7c0bfbc849cc874200f3,50,26.868632671661146,44.88816757214464,22.082069019347163,26.868632671661146,0.0005115638024386561,0.010021016963107499,0.05104909055857153
bfo-9f24106a164c4fa21e6f26f6f44af53710e057caa1ad7c0bfbc849cc874200f3,51,26.868608761276153,44.8877221654538,22.081923069364446,26.868608761276153,0.0005120238546574679,0.010020938602863936,0.051095398839299734
bfo-9f24106a164c4fa21e6f26f6f44af53710e057caa1ad7c0bfbc849cc874200f3,52,26.871184690731788,44.8885496946848,22.085699819876982,26.871184690731788,0.0005115958334603329,0.010004429924902325,0.051136930070038715
bfo-9f24106a164c4fa21e6f26f6f44af53710e057caa1ad7c0bfbc849cc874200f3,53,26.87268648495984,44.90064963653518,22.084037384705532,26.87268648495984,0.0005111008525231478,0.010021996073634323,0.050997909874235754
bfo-9f24106a164c4fa21e6f26f6f44af53710e057caa1ad7c0bfbc849cc874200f3,54,1000000.497261536,44.88745437246359,22.08149315331384,26.868592057022624,0.0005117785418715588,0.010022489843881153,0.05106301426526319
bfo-9f24106a164c4fa21e6f26f6f44af53710e057caa1ad7c0bfbc849cc874200f3,55,1000000.3805596526,44.88766804273811,22.08188978191444,26.868634964837604,0.0005119761487438572,0.010021263044764162,0.051088984138716015
bfo-9f24106a164c4fa21e6f26f6f44af53710e057caa1ad7c0bfbc849cc874200f3,56,1000000.496303812,44.887667859128,22.081889361683384,26.86863497159591,0.0005119781544731331,0.010021256967018558,0.05108921527091154
bfo-9f24106a164c4fa21e6f26f6f44af53710e057caa1ad7c0bfbc849cc874200f3,57,1000000.3868351293,44.8876684359589,22.08189087684364,26.8686349369785,0.0005119711912607958,0.010021277834537,0.051088414044000975
bfo-9f24106a164c4fa21e6f26f6f44af53710e057caa1ad7c0bfbc849cc874200f3,58,26.86861206196707,44.88774151580307,22.081935561631056,26.86861206196707,0.0005120292844745475,0.010020932647289765,0.05109597105345575
bfo-9f24106a164c4fa21e6f26f6f44af53710e057caa1ad7c0bfbc849cc874200f3,59,26.868584161117415,44.88772560794162,22.081887380975473,26.868584161117415,0.0005122331490092487,0.010020937639840041,0.05111628945506792
bfo-9f24106a164c4fa21e6f26f6f44af53710e057caa1ad7c0bfbc849cc874200f3,60,26.8684626763075,44.891447794399184,22.081451029914973,26.8684626763075,0.0005102356953096924,0.010020589757692235,0.05091872910154949
bfo-9f24106a164c4fa21e6f26f6f44af53710e057caa1ad7c0bfbc849cc874200f3,61,26.868239170113778,44.893118211473464,22.08095699821385,26.868239170113778,0.0005121560356151578,0.010021821489871928,0.05110408683019785
bfo-9f24106a164c4fa21e6f26f6f44af53710e057caa1ad7c0bfbc849cc874200f3,62,1000000.4972812728,44.89313254380874,22.080942596265437,26.868223944486047,0.0005120921578016106,0.010021755178593555,0.05109805105750719
bfo-9f24106a164c4fa21e6f26f6f44af53710e057caa1ad7c0bfbc849cc874200f3,63,1000000.4972831736,44.893133209959565,22.08094184038899,26.86822322669489,0.0005120897585848618,0.010021753998553122,0.05109781767331289
bfo-9f24106a164c4fa21e6f26f6f44af53710e057caa1ad7c0bfbc849cc874200f3,64,26.86860378423694,44.89355851414619,22.08112096560706,26.86860378423694,0.0005115248766163399,0.010028139599627789,0.05100895051713541
bfo-9f24106a164c4fa21e6f26f6f44af53710e057caa1ad7c0bfbc849cc874200f3,65,26.86848200075427,44.892174496348375,22.080953025486433,26.86848200075427,0.0005121207870297717,0.010024404619778163,0.0510874018412382
bfo-9f24106a164c4fa21e6f26f6f44af53710e057caa1ad7c0bfbc849cc874200f3,66,26.868226401601138,44.89325287800602,22.080766148673803,26.868226401601138,0.0005119706884351268,0.010023200897376003,0.05107856199601434
bfo-9f24106a164c4fa21e6f26f6f44af53710e057caa1ad7c0bfbc849cc874200f3,67,26.868296233674307,44.89312973317297,22.08029855514104,26.868296233674307,0.0005119976610118607,0.010028049305546835,0.0510565560072245
bfo-9f24106a164c4fa21e6f26f6f44af53710e057caa1ad7c0bfbc849cc874200f3,68,27.093270173043805,48.073974875901726,22.22062822897785,27.093270173043805,0.0005080060794209536,0.009840484656251902,0.05162409141080311
bfo-9f24106a164c4fa21e6f26f6f44af53710e057caa1ad7c0bfbc849cc874200f3,69,1000000.4868864794,44.89317628374947,22.080714826980547,26.868192023886888,0.000512079933488767,0.010024214852645761,0.05108429348495161
bfo-9f24106a164c4fa21e6f26f6f44af53710e057caa1ad7c0bfbc849cc874200f3,70,1000000.399339779,44.89315452998714,22.08088574827496,26.868193739720695,0.0005121807079331282,0.010022461990038556,0.051103282650729005
bfo-9f24106a164c4fa21e6f26f6f44af53710e057caa1ad7c0bfbc849cc874200f3,71,26.868157103985133,44.893266146546544,22.080756456406025,26.868157103985133,0.0005120452801504087,0.0100228725375336,0.051087677532853405
bfo-9f24106a164c4fa21e6f26f6f44af53710e057caa1ad7c0bfbc849cc874200f3,72,26.86737701507563,44.89359723204991,22.079854349532273,26.86737701507563,0.000511975751057009,0.010027298411029483,0.05105819434812706
bfo-9f24106a164c4fa21e6f26f6f44af53710e057caa1ad7c0bfbc849cc874200f3,73,26.866615426637644,44.89452230471143,22.078675377433388,26.866615426637644,0.0005114539761875748,0.010036324488183906,0.05096028698451573
bfo-9f24106a164c4fa21e6f26f6f44af53710e057caa1ad7c0bfbc849cc874200f3,74,26.86567730973138,44.89558211742288,22.07754780869795,26.86567730973138,0.0005108686236889907,0.010047921560804848,0.05084321375296143
bfo-9f24106a164c4fa21e6f26f6f44af53710e057caa1ad7c0bfbc849cc874200f3,75,26.86574847847335,44.897614388314985,22.077249301336003,26.86574847847335,0.0005108649287935309,0.010045461184731064,0.050855298666629384
bfo-9f24106a164c4fa21e6f26f6f44af53710e057caa1ad7c0bfbc849cc874200f3,76,26.865826081697545,44.89605317163843,22.077823938126045,26.865826081697545,0.0005105137176306758,0.010047147439905157,0.05081180710089141
bfo-9f24106a164c4fa21e6f26f6f44af53710e057caa1ad7c0bfbc849cc874200f3,77,26.865813409438655,44.89614616524529,22.077805045061986,26.865813409438655,0.0005103699376482384,0.01004720787486664,0.050797191021093785
bfo-9f24106a164c4fa21e6f26f6f44af53710e057caa1ad7c0bfbc849cc874200f3,78,1000000.4829302195,44.89541593590985,22.077465780835286,26.865618307238627,0.0005107024747053258,0.010047991604292487,0.05082632378864194
bfo-9f24106a164c4fa21e6f26f6f44af53710e057caa1ad7c0bfbc849cc874200f3,79,26.865830383233877,44.895658612183254,22.077771872271818,26.865830383233877,0.0005111536861464752,0.010047851552055785,0.05087193849334821
bfo-9f24106a164c4fa21e6f26f6f44af53710e057caa1ad7c0bfbc849cc874200f3,80,1000000.4143772952,44.89556242425298,22.07754489572766,26.865680787282233,0.000510997515366157,0.010047885618628065,0.050856223364924055
bfo-9f24106a164c4fa21e6f26f6f44af53710e057caa1ad7c0bfbc849cc874200f3,81,26.86511801400738,44.89855344780164,22.076424747730037,26.86511801400738,0.0005118936072896516,0.010048660837546582,0.05094147524384278
bfo-9f24106a164c4fa21e6f26f6f44af53710e057caa1ad7c0bfbc849cc874200f3,82,26.86512080976425,44.898742069002026,22.076371123889977,26.86512080976425,0.0005119064783321302,0.010048092030076942,0.05094563990853598
bfo-9f24106a164c4fa21e6f26f6f44af53710e057caa1ad7c0bfbc849cc874200f3,83,26.865139043518372,44.89888449947277,22.076388510389233,26.865139043518372,0.0005119234679777946,0.010048105170941403,0.05094726411286484
bfo-9f24106a164c4fa21e6f26f6f44af53710e057caa1ad7c0bfbc849cc874200f3,84,26.86525333160759,44.89932323733844,22.076387224045327,26.86525333160759,0.0005118830600851564,0.010047112125328684,0.0509482778434117
bfo-9f24106a164c4fa21e6f26f6f44af53710e057caa1ad7c0bfbc849cc874200f3,85,26.865039083578967,44.90076965371115,22.076375336649203,26.865039083578967,0.000513458279527776,0.010039018095877277,0.05114626496575774
bfo-9f24106a164c4fa21e6f26f6f44af53710e057caa1ad7c0bfbc849cc874200f3,86,26.866729328100043,44.901001560793276,22.07819092332481,26.866729328100043,0.0005152219249287386,0.010021751569908062,0.051410366873968036
bfo-9f24106a164c4fa21e6f26f6f44af53710e057caa1ad7c0bfbc849cc874200f3,87,26.867454823245836,44.90368190164145,22.084719289467714,26.867454823245836,0.000514674689066773,0.010001958799130361,0.051457389437709174
bfo-9f24106a164c4fa21e6f26f6f44af53710e057caa1ad7c0bfbc849cc874200f3,88,26.805797106944638,44.91872928339729,22.02368549296929,26.805797106944638,0.000514657846724661,0.010106257659484126,0.050924671037026754
bfo-9f24106a164c4fa21e6f26f6f44af53710e057caa1ad7c0bfbc849cc874200f3,89,26.75123740426503,44.949934316943796,21.97375153309743,26.75123740426503,0.0005179362597186118,0.01019221031431169,0.050816873253815856
bfo-9f24106a164c4fa21e6f26f6f44af53710e057caa1ad7c0bfbc849cc874200f3,90,26.48744337587309,45.323465780619514,21.681330015027303,26.48744337587309,0.0005575373318686323,0.010921183608282306,0.05105099885380668
bfo-9f24106a164c4fa21e6f26f6f44af53710e057caa1ad7c0bfbc849cc874200f3,91,26.29638566713394,47.200061351198876,21.450507723231887,26.29638566713394,0.0005954847373099973,0.011557563152820001,0.05152338165374431
bfo-9f24106a164c4fa21e6f26f6f44af53710e057caa1ad7c0bfbc849cc874200f3,92,26.296670099210225,47.20003211673888,21.450375522921714,26.296670099210225,0.0005954980151053298,0.011560120946456505,0.05151313017082804
bfo-9f24106a164c4fa21e6f26f6f44af53710e057caa1ad7c0bfbc849cc874200f3,93,26.296906651512796,47.20010624352145,21.450027457944138,26.296906651512796,0.0005954591447278696,0.011564467014032097,0.05149040971843762
bfo-9f24106a164c4fa21e6f26f6f44af53710e057caa1ad7c0bfbc849cc874200f3,94,26.296173867726875,47.2010509195855,21.450806559327845,26.296173867726875,0.0005945974713928975,0.011561938143894593,0.051427145171753154
bfo-9f24106a164c4fa21e6f26f6f44af53710e057caa1ad7c0bfbc849cc874200f3,95,26.296179139516067,47.20107219937397,21.450945277916265,26.296179139516067,0.0005945823347540936,0.011561602579885142,0.05142732857714267
bfo-9f24106a164c4fa21e6f26f6f44af53710e057caa1ad7c0bfbc849cc874200f3,96,26.296162129880845,47.201045482427446,21.450825562722184,26.296162129880845,0.0005946499620746558,0.011562077052279563,0.05143106721965803
bfo-9f24106a164c4fa21e6f26f6f44af53710e057caa1ad7c0bfbc849cc874200f3,97,26.296160540014178,47.201042481460036,21.45085062705545,26.296160540014178,0.0005947483921670884,0.011562111432955992,0.05143942744504702
bfo-9f24106a164c4fa21e6f26f6f44af53710e057caa1ad7c0bfbc849cc874200f3,98,26.2961758798178,47.201431311843265,21.450869535058878,26.2961758798178,0.0005949867473076549,0.011562035493538998,0.051460380625897625
bfo-9f24106a164c4fa21e6f26f6f44af53710e057caa1ad7c0bfbc849cc874200f3,99,26.29615362564477,47.20136533820501,21.450841076621625,26.29615362564477,0.0005952032442444566,0.01156196588686116,0.05147941535797441
bfo-9f24106a164c4fa21e6f26f6f44af53710e057caa1ad7c0bfbc849cc874200f3,100,26.29619623131914,47.201729589135766,21.45090773513003,26.29619623131914,0.0005958730919138986,0.011561789654331037,0.05153813637239846
bfo-9f24106a164c4fa21e6f26f6f44af53710e057caa1ad7c0bfbc849cc874200f3,101,26.296260028490476,47.200904507817214,21.45097795639981,26.296260028490476,0.0005946171703925536,0.011561888146217943,0.05142907134826946
bfo-9f24106a164c4fa21e6f26f6f44af53710e057caa1ad7c0bfbc849cc874200f3,102,26.291194445486834,47.20369536383171,21.445755089183038,26.291194445486834,0.0005957778090845139,0.011572632672720658,0.05148161407463476
bfo-9f24106a164c4fa21e6f26f6f44af53710e057caa1ad7c0bfbc849cc874200f3,103,26.291384765105082,47.20962451531981,21.446088066898284,26.291384765105082,0.0005956722100929861,0.011570991114894284,0.05147979150431042
bfo-9f24106a164c4fa21e6f26f6f44af53710e057caa1ad7c0bfbc849cc874200f3,104,46.10842288131814,85.9630570152237,35.329847516698756,46.10842288131814,5.2707879970605276e-05,0.0011067558044635748,0.04762376646956179
bfo-9f24106a164c4fa21e6f26f6f44af53710e057caa1ad7c0bfbc849cc874200f3,105,26.292122474135443,47.204488267510975,21.446410640134836,26.292122474135443,0.0005949212107817681,0.011575086104054942,0.05139669851556072
bfo-9f24106a164c4fa21e6f26f6f44af53710e057caa1ad7c0bfbc849cc874200f3,106,1000000.048081926,85.99831471607251,35.32497397821468,46.10469726477272,5.165005025362813e-05,0.00108760965433545,0.04748951064174516
bfo-9f24106a164c4fa21e6f26f6f44af53710e057caa1ad7c0bfbc849cc874200f3,107,41.28142741805757,91.42425940649241,29.052963115764747,41.28142741805757,0.00020147517694727802,0.00406592595266385,0.04955210185647346
bfo-9f24106a164c4fa21e6f26f6f44af53710e057caa1ad7c0bfbc849cc874200f3,108,1000000.0174538016,86.00060458553274,35.324452140242855,46.104043205310965,5.231588567599257e-05,0.0010873115548850323,0.048114899028663616
bfo-9f24106a164c4fa21e6f26f6f44af53710e057caa1ad7c0bfbc849cc874200f3,109,65.02736302712705,128.40605087748366,47.93388935804124,65.02736302712705,0.00035527691802835377,0.005882400223629611,0.06039659059599614
bfo-9f24106a164c4fa21e6f26f6f44af53710e057caa1ad7c0bfbc849cc874200f3,110,46.10137331981918,85.98308995359923,35.32050618936476,46.10137331981918,5.127598839515857e-05,0.0010865057768547177,0.04719347976556129
bfo-9f24106a164c4fa21e6f26f6f44af53710e057caa1ad7c0bfbc849cc874200f3,111,46.3019913431223,86.1131132599771,35.6006897393732,46.3019913431223,5.828023923309819e-05,0.001434364639344751,0.04063139709001881
bfo-9f24106a164c4fa21e6f26f6f44af53710e057caa1ad7c0bfbc849cc874200f3,112,1000000.1125407715,85.96386301111855,35.31660960338313,46.09747799206529,5.109502253842287e-05,0.0010885397310049195,0.046939051541327666
bfo-9f24106a164c4fa21e6f26f6f44af53710e057caa1ad7c0bfbc849cc874200f3,113,44.483506299113884,86.68266714437124,33.32623303484005,44.483506299113884,6.791092887298738e-05,0.0013939481767268364,0.048718402883850875
bfo-9f24106a164c4fa21e6f26f6f44af53710e057caa1ad7c0bfbc849cc874200f3,114,46.09755034256958,85.96376451947725,35.31656314240834,46.09755034256958,5.1092017680955724e-05,0.0010885564224861928,0.046935571391205286
bfo-9f24106a164c4fa21e6f26f6f44af53710e057caa1ad7c0bfbc849cc874200f3,115,46.34648386568398,86.0407847199603,35.08602401326183,46.34648386568398,3.642585962345403e-05,0.0009292338283128912,0.039199885447119914
bfo-9f24106a164c4fa21e6f26f6f44af53710e057caa1ad7c0bfbc849cc874200f3,116,48.41651068882986,88.06931822793572,35.54469240595399,48.41651068882986,9.635941300704086e-05,0.001998474787114386,0.04821647669930077
bfo-9f24106a164c4fa21e6f26f6f44af53710e057caa1ad7c0bfbc849cc874200f3,117,46.06879283384457,85.92127532232487,34.84717692224371,46.06879283384457,5.075978221974365e-05,0.0010180769974328524,0.049858490416479065
bfo-9f24106a164c4fa21e6f26f6f44af53710e057caa1ad7c0bfbc849cc874200f3,118,1000000.1771352182,86.00151577121923,35.29755163486495,46.080720220886,4.914037849404157e-05,0.0011018886791517202,0.04459650001293405
bfo-9f24106a164c4fa21e6f26f6f44af53710e057caa1ad7c0bfbc849cc874200f3,119,46.29214158915721,86.0505092844133,35.51087081037144,46.29214158915721,7.042697254395548e-05,0.001455460215445156,0.04838811243110153
bfo-9f24106a164c4fa21e6f26f6f44af53710e057caa1ad7c0bfbc849cc874200f3,120,1000000.2496707063,85.96342632226211,35.31661823840622,46.09774295181177,5.139535033427065e-05,0.0010887135889357164,0.047207411440976614
bfo-9f24106a164c4fa21e6f26f6f44af53710e057caa1ad7c0bfbc849cc874200f3,121,46.1947334865795,85.97080446055273,34.93100866796522,46.1947334865795,4.0147153605759006e-05,0.0009651445088564804,0.04159703882408867
bfo-9f24106a164c4fa21e6f26f6f44af53710e057caa1ad7c0bfbc849cc874200f3,122,46.10351540629044,85.99972268121654,35.3254384832057,46.10351540629044,5.1409885867530016e-05,0.0010864540313097286,0.047318970141382796
bfo-9f24106a164c4fa21e6f26f6f44af53710e057caa1ad7c0bfbc849cc874200f3,123,47.71956559031265,87.24749432722275,35.53805476964585,47.71956559031265,7.548699703157258e-05,0.0016829341818171163,0.04485439647441644
bfo-9f24106a164c4fa21e6f26f6f44af53710e057caa1ad7c0bfbc849cc874200f3,124,1000000.2498560994,86.00424269886229,35.327121810054095,46.104516353469805,5.1404375005276145e-05,0.0010860354502788235,0.047332133580058396
bfo-9f24106a164c4fa21e6f26f6f44af53710e057caa1ad7c0bfbc849cc874200f3,125,47.664552997047345,87.19759511433898,35.53984754015182,47.664552997047345,7.820547914107216e-05,0.00167296649952782,0.0467465900621112
bfo-9f24106a164c4fa21e6f26f6f44af53710e057caa1ad7c0bfbc849cc874200f3,126,48.39693255647083,88.0601280024524,35.52479650734278,48.39693255647083,9.138733302107729e-05,0.002004315936737122,0.045595273352887225
bfo-9f24106a164c4fa21e6f26f6f44af53710e057caa1ad7c0bfbc849cc874200f3,127,47.822197729829284,88.24959358632103,36.621345422005035,47.822197729829284,3.595373465646915e-05,0.0008620139764644139,0.041708992705588005
bfo-9f24106a164c4fa21e6f26f6f44af53710e057caa1ad7c0bfbc849cc874200f3,128,1000000.1843222991,86.01759423766187,35.330861024680935,46.10590771296969,5.070713363402829e-05,0.001086141786833983,0.04668555638747272
bfo-9f24106a164c4fa21e6f26f6f44af53710e057caa1ad7c0bfbc849cc874200f3,129,46.27303469615017,85.97766678344753,35.49239551038846,46.27303469615017,6.8909179873368e-05,0.0015780963390284502,0.04366601592637349
bfo-9f24106a164c4fa21e6f26f6f44af53710e057caa1ad7c0bfbc849cc874200f3,130,46.11833455726129,85.96679477712308,35.34403897815205,46.11833455726129,5.207120564837481e-05,0.0010840879102957809,0.04803227224826055
bfo-9f24106a164c4fa21e6f26f6f44af53710e057caa1ad7c0bfbc849cc874200f3,131,55.1722914847735,102.90790635034246,37.82528692554409,55.1722914847735,0.0002899787649181816,0.005126003469669719,0.05657014604729982
bfo-9f24106a164c4fa21e6f26f6f44af53710e057caa1ad7c0bfbc849cc874200f3,132,46.09737111612046,85.96356582285378,35.31708676874197,46.09737111612046,5.0882435694238797e-05,0.0010937392265708123,0.046521542300142146
bfo-9f24106a164c4fa21e6f26f6f44af53710e057caa1ad7c0bfbc849cc874200f3,133,1000000.0,86.05268914246668,35.14354211164144,46.44493431755718,6.569795869970325e-05,0.001261768439247682,0.05206815819460111
bfo-9f24106a164c4fa21e6f26f6f44af53710e057caa1ad7c0bfbc849cc874200f3,134,46.09865518506854,86.01873888037159,35.32745441674463,46.09865518506854,5.2114707962157895e-05,0.0010794902137708144,0.04827714721017593
bfo-9f24106a164c4fa21e6f26f6f44af53710e057caa1ad7c0bfbc849cc874200f3,135,1000000.0,84.13412991085346,34.99009019949398,45.19868469504746,6.0612664850318234e-05,0.001557751063996147,0.03891036652212369
bfo-9f24106a164c4fa21e6f26f6f44af53710e057caa1ad7c0bfbc849cc874200f3,136,46.153790062887595,86.08462253949762,35.33561136698246,46.153790062887595,6.0432745862699294e-05,0.0011487902778933058,0.05260555127043998
bfo-9f24106a164c4fa21e6f26f6f44af53710e057caa1ad7c0bfbc849cc874200f3,137,1000000.0,85.84720776180137,34.21312219055626,45.55132237383117,6.1078649906885e-05,0.0012428157450258396,0.049145378268131854
bfo-9f24106a164c4fa21e6f26f6f44af53710e057caa1ad7c0bfbc849cc874200f3,138,34.54870106829104,65.91039060700702,26.89534002700941,34.54870106829104,0.00019837346333853665,0.003958506750352691,0.05011320577408695
bfo-9f24106a164c4fa21e6f26f6f44af53710e057caa1ad7c0bfbc849cc874200f3,139,1000000.0,86.55395919945312,33.421883289382855,44.60688840199498,6.792838162323573e-05,0.001357236019545557,0.05004905605583631
bfo-9f24106a164c4fa21e6f26f6f44af53710e057caa1ad7c0bfbc849cc874200f3,140,35.81186545730294,68.90855225850727,26.644426728966888,35.81186545730294,0.0003349871261305501,0.006354265347471948,0.052718466701083724
bfo-9f24106a164c4fa21e6f26f6f44af53710e057caa1ad7c0bfbc849cc874200f3,141,43.488623718935294,98.34329387194316,30.355836254862492,43.488623718935294,0.0001317193397391543,0.002695654922505821,0.04886357620904642
bfo-9f24106a164c4fa21e6f26f6f44af53710e057caa1ad7c0bfbc849cc874200f3,142,35.78523590687619,68.86525007410857,26.61276599405018,35.78523590687619,0.00032266285466658103,0.0064529196862850085,0.05000261437506598
bfo-9f24106a164c4fa21e6f26f6f44af53710e057caa1ad7c0bfbc849cc874200f3,143,1000000.0,86.06994456793338,35.32928393778628,46.11589386172794,4.4005513849078904e-05,0.0012279790072813141,0.03583572161099478
bfo-9f24106a164c4fa21e6f26f6f44af53710e057caa1ad7c0bfbc849cc874200f3,144,1000000.2037494631,65.89148082508689,26.86580259599853,34.52685905325785,0.0002006695353213584,0.004025102426770195,0.04985451649298246
bfo-9f24106a164c4fa21e6f26f6f44af53710e057caa1ad7c0bfbc849cc874200f3,145,28.198584133592284,76.59574046269537,22.848837164490174,28.198584133592284,0.000489902831509304,0.009250119223145501,0.05296178564741921
bfo-9f24106a164c4fa21e6f26f6f44af53710e057caa1ad7c0bfbc849cc874200f3,146,35.796855095825464,68.89584208930745,26.63041496122971,35.796855095825464,0.0003351218740357779,0.006362022901544716,0.052675364301881
bfo-9f24106a164c4fa21e6f26f6f44af53710e057caa1ad7c0bfbc849cc874200f3,147,1000000.0,86.68901654195068,34.412516023581176,46.701338179533735,5.2257201154451384e-05,0.0012884796568072236,0.04055725744552432
bfo-9f24106a164c4fa21e6f26f6f44af53710e057caa1ad7c0bfbc849cc874200f3,148,34.47659399390336,65.80057953453166,26.827663702262424,34.47659399390336,0.000209716453063802,0.004020660176398381,0.05215970608380572
bfo-9f24106a164c4fa21e6f26f6f44af53710e057caa1ad7c0bfbc849cc874200f3,149,1000000.0,86.04025522454609,35.70832525241946,46.20918795419482,4.8285698773792236e-05,0.0013111634862628728,0.036826604218073475
bfo-9f24106a164c4fa21e6f26f6f44af53710e057caa1ad7c0bfbc849cc874200f3,150,35.73985582177043,68.86631570518509,26.578506303333604,35.73985582177043,0.00031829644722223,0.006467635962225613,0.04921372338846036
bfo-9f24106a164c4fa21e6f26f6f44af53710e057caa1ad7c0bfbc849cc874200f3,151,1000000.0,125.29355188707893,33.07405339666238,55.054936331055025,0.00026918695584221585,0.005205578741983226,0.051711244644367965
bfo-9f24106a164c4fa21e6f26f6f44af53710e057caa1ad7c0bfbc849cc874200f3,152,34.480265186716935,65.84751065878032,26.81787267854535,34.480265186716935,0.0001953105450785272,0.004057346611817687,0.04813750555835019
bfo-9f24106a164c4fa21e6f26f6f44af53710e057caa1ad7c0bfbc849cc874200f3,153,1000000.0,86.0012210169142,34.978844439646,46.113685511832664,5.955522441933874e-05,0.0014138390557923068,0.042123057907722285
bfo-9f24106a164c4fa21e6f26f6f44af53710e057caa1ad7c0bfbc849cc874200f3,154,34.48163996238872,65.81818889083308,26.828559953967822,34.48163996238872,0.00020196943538987848,0.004019429518842245,0.05024828385299158
bfo-9f24106a164c4fa21e6f26f6f44af53710e057caa1ad7c0bfbc849cc874200f3,155,1000000.0,91.49944442054624,32.24294821682079,43.855036859630566,0.0001381709330856782,0.0027137177244333536,0.05091573520769535
bfo-9f24106a164c4fa21e6f26f6f44af53710e057caa1ad7c0bfbc849cc874200f3,156,35.75713633107945,68.84424760593096,26.586788686225557,35.75713633107945,0.00033149519388947436,0.006441938679679499,0.05145891793958632
bfo-9f24106a164c4fa21e6f26f6f44af53710e057caa1ad7c0bfbc849cc874200f3,157,45.96916994359363,85.97109433125465,35.14492929290713,45.96916994359363,6.914862949752791e-05,0.0012239627426874511,0.0564956980191231
bfo-9f24106a164c4fa21e6f26f6f44af53710e057caa1ad7c0bfbc849cc874200f3,158,34.48140785329828,65.81782162662653,26.82725368615217,34.48140785329828,0.00020115581042274273,0.004022421562058645,0.05000863467920371
bfo-9f24106a164c4fa21e6f26f6f44af53710e057caa1ad7c0bfbc849cc874200f3,159,1000000.0,78.6557616044903,31.868938188582334,41.17095105236154,9.164247895957434e-05,0.001971621932842042,0.046480756494463454
bfo-9f24106a164c4fa21e6f26f6f44af53710e057caa1ad7c0bfbc849cc874200f3,160,34.48242256500221,65.8191499036867,26.83038908534173,34.48242256500221,0.0002026003490931035,0.004019526933818374,0.05040402824235888
bfo-9f24106a164c4fa21e6f26f6f44af53710e057caa1ad7c0bfbc849cc874200f3,161,1000000.0,86.0775107580849,35.06311990973395,46.32077785656542,4.185799464943826e-05,0.0012135044584934696,0.03449348237368962
bfo-9f24106a164c4fa21e6f26f6f44af53710e057caa1ad7c0bfbc849cc874200f3,162,34.48214616120382,65.81858189001696,26.83033143357333,34.48214616120382,0.0002026396664101649,0.004019564442477462,0.050413339382927705
bfo-9f24106a164c4fa21e6f26f6f44af53710e057caa1ad7c0bfbc849cc874200f3,163,1000000.0,65.93260812408397,25.02312166422682,31.043991097148893,0.00025057234025439173,0.005310942425272087,0.04718039100970946
bfo-9f24106a164c4fa21e6f26f6f44af53710e057caa1ad7c0bfbc849cc874200f3,164,34.482240310466345,65.81752545024183,26.83111222651874,34.482240310466345,0.00020210331378900322,0.004020027689948882,0.05027410987598773
bfo-9f24106a164c4fa21e6f26f6f44af53710e057caa1ad7c0bfbc849cc874200f3,165,1000000.0,101.689764370562,25.887262203666474,37.1342931163871,0.00028705941546377416,0.0057046331546505,0.05032039881999409
bfo-9f24106a164c4fa21e6f26f6f44af53710e057caa1ad7c0bfbc849cc874200f3,166,34.5986685660988,65.98424856446641,26.666994818186325,34.5986685660988,0.00023722239175759377,0.004544281251085442,0.052202400918942043
bfo-9f24106a164c4fa21e6f26f6f44af53710e057caa1ad7c0bfbc849cc874200f3,167,1000000.0,79.50565893118721,29.56986449982174,38.7454912696979,8.667482748330511e-05,0.002053615359993844,0.042205969614273295
bfo-9f24106a164c4fa21e6f26f6f44af53710e057caa1ad7c0bfbc849cc874200f3,168,34.47728519150999,65.80144619738549,26.828172697370015,34.47728519150999,0.00020947149058675316,0.0040196715776821285,0.052111593332592895
bfo-9f24106a164c4fa21e6f26f6f44af53710e057caa1ad7c0bfbc849cc874200f3,169,32.26395619044087,87.49677679510751,24.81590152370923,32.26395619044087,0.0003295740988023713,0.006506025045140842,0.05065675224360233
bfo-9f24106a164c4fa21e6f26f6f44af53710e057caa1ad7c0bfbc849cc874200f3,170,35.74431035958312,68.82958009197338,26.578484564666198,35.74431035958312,0.0003460157018550756,0.006449123605729957,0.05365313537294361
bfo-9f24106a164c4fa21e6f26f6f44af53710e057caa1ad7c0bfbc849cc874200f3,171,1000000.0,66.34714053863998,24.86545229074665,30.793806022812404,0.00026132157977755725,0.005489838566430995,0.04760095886525226
bfo-9f24106a164c4fa21e6f26f6f44af53710e057caa1ad7c0bfbc849cc874200f3,172,35.743839619174835,68.82917908425463,26.57820164118203,35.743839619174835,0.00034593425036461196,0.006449332189002256,0.053638770686136684
bfo-9f24106a164c4fa21e6f26f6f44af53710e057caa1ad7c0bfbc849cc874200f3,173,1000000.0,85.93904626102376,35.1037576456136,45.96745112382425,7.653598033051932e-05,0.0015271773451315629,0.05011597413653744
bfo-9f24106a164c4fa21e6f26f6f44af53710e057caa1ad7c0bfbc849cc874200f3,174,34.46759679815328,65.79977066624502,26.821343307859458,34.46759679815328,0.0002129439880276535,0.004004450068682666,0.05317683686282176
bfo-9f24106a164c4fa21e6f26f6f44af53710e057caa1ad7c0bfbc849cc874200f3,175,1000000.0,67.7696391889818,24.768905270120154,30.650967712926693,0.00026803261694786223,0.005576135479515364,0.04806780931570149
bfo-9f24106a164c4fa21e6f26f6f44af53710e057caa1ad7c0bfbc849cc874200f3,176,34.46680371363399,65.79969373357244,26.820512328104584,34.46680371363399,0.00021303460624204576,0.004004720698093466,0.05319587114863354
bfo-9f24106a164c4fa21e6f26f6f44af53710e057caa1ad7c0bfbc849cc874200f3,177,1000000.0,77.7217106048762,25.90972759658744,32.54769730506331,0.00019372200331294122,0.0040608007200663935,0.04770537060724662
bfo-9f24106a164c4fa21e6f26f6f44af53710e057caa1ad7c0bfbc849cc874200f3,178,35.7431274150245,68.82794629770697,26.582610805709027,35.7431274150245,0.0003473507602060487,0.006425713107582691,0.05405637543888411
bfo-9f24106a164c4fa21e6f26f6f44af53710e057caa1ad7c0bfbc849cc874200f3,179,1000000.0,73.02331161617386,24.99031401627133,31.01569555715662,0.00026145028597314446,0.005200991750379716,0.05026931372349445
bfo-9f24106a164c4fa21e6f26f6f44af53710e057caa1ad7c0bfbc849cc874200f3,180,34.10668911875816,65.7972181310304,26.550717687274073,34.10668911875816,0.00022217149525945027,0.004284318224416423,0.0518569078256816
bfo-9f24106a164c4fa21e6f26f6f44af53710e057caa1ad7c0bfbc849cc874200f3,181,1000000.0,66.63917346169524,24.837161359551995,30.73432126255225,0.0002737399863485554,0.005508540281355671,0.04969374323630925
bfo-9f24106a164c4fa21e6f26f6f44af53710e057caa1ad7c0bfbc849cc874200f3,182,31.11402589676325,70.97627070762239,24.826204456576644,31.11402589676325,0.0002952406225603253,0.005832506219587519,0.05061985558949049
bfo-9f24106a164c4fa21e6f26f6f44af53710e057caa1ad7c0bfbc849cc874200f3,183,1000000.0,66.84691913137888,25.385145738265525,31.65354542018806,0.00023420388093565883,0.00489824816451975,0.04781380466430928
bfo-9f24106a164c4fa21e6f26f6f44af53710e057caa1ad7c0bfbc849cc874200f3,184,26.32173170599269,47.275505607419504,21.470114047906613,26.32173170599269,0.0005915928773082026,0.011471470918027329,0.05157079519580344
bfo-9f24106a164c4fa21e6f26f6f44af53710e057caa1ad7c0bfbc849cc874200f3,185,1000000.0,65.65868766387024,24.9206747732219,30.861111748842166,0.0002664350384592169,0.005428202225018305,0.04908347688876282
bfo-9f24106a164c4fa21e6f26f6f44af53710e057caa1ad7c0bfbc849cc874200f3,186,26.292982595104096,47.206424960019746,21.449122313301498,26.292982595104096,0.0005976467622897798,0.011552915777478082,0.05173124895923389
bfo-9f24106a164c4fa21e6f26f6f44af53710e057caa1ad7c0bfbc849cc874200f3,187,1000000.0,69.56243708667046,26.410983874895727,33.37331795027308,0.00018292015644521292,0.0039225439307720095,0.046633042146506126
bfo-9f24106a164c4fa21e6f26f6f44af53710e057caa1ad7c0bfbc849cc874200f3,188,26.29203393424132,47.20578951281824,21.448083209381778,26.29203393424132,0.0005954174774634304,0.01157125495896218,0.05145660341726954
bfo-9f24106a164c4fa21e6f26f6f44af53710e057caa1ad7c0bfbc849cc874200f3,189,1000000.0,65.5135597816456,24.953631028414282,30.912589547726462,0.00026368311376849784,0.005391842761631272,0.04890408074302263
bfo-9f24106a164c4fa21e6f26f6f44af53710e057caa1ad7c0bfbc849cc874200f3,190,26.29221520902409,47.206752577895344,21.448059237619884,26.29221520902409,0.0005957363314585468,0.011569758988010697,0.05149081602096343
bfo-9f24106a164c4fa21e6f26f6f44af53710e057caa1ad7c0bfbc849cc874200f3,191,1000000.0,70.62674383386853,26.73162343604404,33.94684997015373,0.00016919219873492246,0.003653232462498012,0.046313011961804366
bfo-9f24106a164c4fa21e6f26f6f44af53710e057caa1ad7c0bfbc849cc874200f3,192,26.29115724496956,47.20484907129828,21.44540066344594,26.29115724496956,0.000596059996376264,0.01157296671483126,0.05150451142423033
bfo-9f24106a164c4fa21e6f26f6f44af53710e057caa1ad7c0bfbc849cc874200f3,193,1000000.0,65.50509798512076,24.961040917360975,30.928722257102773,0.00026016041537495357,0.005379021274513548,0.04836575319150066
bfo-9f24106a164c4fa21e6f26f6f44af53710e057caa1ad7c0bfbc849cc874200f3,194,26.29820312456982,47.22760461127815,21.453974441328025,26.29820312456982,0.0006022333212446032,0.011526968693468745,0.05224559355191383
bfo-9f24106a164c4fa21e6f26f6f44af53710e057caa1ad7c0bfbc849cc874200f3,195,1000000.0,70.90360096995167,26.806869388568792,34.088292070419804,0.0001670851232151659,0.0035890785222226474,0.04655376642796138
bfo-9f24106a164c4fa21e6f26f6f44af53710e057caa1ad7c0bfbc849cc874200f3,196,26.291178286987755,47.20309731175402,21.445599146332878,26.291178286987755,0.0005961131005088926,0.01157262266562069,0.051510631404218556
bfo-9f24106a164c4fa21e6f26f6f44af53710e057caa1ad7c0bfbc849cc874200f3,197,30.931987725351455,65.49850248727228,24.963119152438207,30.931987725351455,0.0002600101109718788,0.005376693227948125,0.04835874020491678
bfo-9f24106a164c4fa21e6f26f6f44af53710e057caa1ad7c0bfbc849cc874200f3,198,26.29212356497078,47.20628885071161,21.44696705847088,26.29212356497078,0.0005933487407228092,0.011573101513038067,0.051269639348998385
bfo-9f24106a164c4fa21e6f26f6f44af53710e057caa1ad7c0bfbc849cc874200f3,199,1000000.0,65.97699648669646,24.977439895076614,30.971228692152373,0.0002558405177766263,0.005364245208376223,0.0476936657140754
bfo-9f24106a164c4fa21e6f26f6f44af53710e057caa1ad7c0bfbc849cc874200f3,200,26.291279003004174,47.20534226735802,21.445585108210647,26.291279003004174,0.0005955981619983388,0.011573010075367766,0.05146441229374044
bfo-9f24106a164c4fa21e6f26f6f44af53710e057caa1ad7c0bfbc849cc874200f3,201,1000000.0,85.95752847220342,35.04143711349558,45.989310593656505,7.553476603676309e-05,0.0015233712244158838,0.04958395224100802
bfo-9f24106a164c4fa21e6f26f6f44af53710e057caa1ad7c0bfbc849cc874200f3,202,1000000.0005908009,47.0972988164068,21.52144703274929,26.372275810353603,0.000588469321459736,0.011438408112519685,0.051446784873468404
bfo-9f24106a164c4fa21e6f26f6f44af53710e057caa1ad7c0bfbc849cc874200f3,203,1000000.0,85.96779515146565,34.20188861291379,45.37613046264903,3.021368893054774e-05,0.00081178240965071,0.03721895001832812
bfo-9f24106a164c4fa21e6f26f6f44af53710e057caa1ad7c0bfbc849cc874200f3,204,1000000.0008959167,47.13321711767615,21.556046665261473,26.4078497432222,0.0005860244470859003,0.011375163460945779,0.05151789238878997
bfo-9f24106a164c4fa21e6f26f6f44af53710e057caa1ad7c0bfbc849cc874200f3,205,1000000.0,85.9793498249304,34.19948192011741,45.37684907293026,2.94799171145345e-05,0.0008161308900488407,0.036121555346067466
bfo-9f24106a164c4fa21e6f26f6f44af53710e057caa1ad7c0bfbc849cc874200f3,206,1000000.0015138506,47.30170268455818,21.63824922262885,26.490799034990346,0.000576966970520571,0.011208341879589212,0.051476567784861045
bfo-9f24106a164c4fa21e6f26f6f44af53710e057caa1ad7c0bfbc849cc874200f3,207,1000000.0,86.67560992791478,32.50685096300004,43.2172254558196,7.0362066557562e-05,0.0014964328966717187,0.04701986083977258
bfo-9f24106a164c4fa21e6f26f6f44af53710e057caa1ad7c0bfbc849cc874200f3,208,1000000.0652183825,48.72744406114677,21.992283378780495,26.883113272474922,0.0005372987474986488,0.010459590943171244,0.05136900194452013
bfo-9f24106a164c4fa21e6f26f6f44af53710e057caa1ad7c0bfbc849cc874200f3,209,1000000.0,86.62480946586265,32.75514354902048,43.53547535586299,6.921765324023507e-05,0.001467799154188566,0.04715744183576684
bfo-9f24106a164c4fa21e6f26f6f44af53710e057caa1ad7c0bfbc849cc874200f3,210,26.29575425600813,47.24571502805122,21.451354338334323,26.29575425600813,0.0005950655431451428,0.011557762165732248,0.05148622498129092
bfo-9f24106a164c4fa21e6f26f6f44af53710e057caa1ad7c0bfbc849cc874200f3,211,1000000.0,86.7929451961845,30.436148543065208,40.084430942561944,7.069930821525944e-05,0.0014694565391260236,0.048112554766205386
bfo-9f24106a164c4fa21e6f26f6f44af53710e057caa1ad7c0bfbc849cc874200f3,212,26.29804244701898,47.266638448249495,21.45434094768146,26.29804244701898,0.0005947944971769853,0.011547908180377903,0.05150668743518887
bfo-9f24106a164c4fa21e6f26f6f44af53710e057caa1ad7c0bfbc849cc874200f3,213,1000000.0,86.81242357074083,30.459308069570017,40.12833188557686,5.878788414210332e-05,0.0015031753987626985,0.03910913136982757
bfo-9f24106a164c4fa21e6f26f6f44af53710e057caa1ad7c0bfbc849cc874200f3,214,26.30605887602975,47.33840952018008,21.464868696070372,26.30605887602975,0.000592371275390767,0.01151890371143804,0.05142601155720698
bfo-9f24106a164c4fa21e6f26f6f44af53710e057caa1ad7c0bfbc849cc874200f3,215,1000000.0,86.52803122114082,33.113495091636835,44.09844383483559,6.73049278174704e-05,0.0014786709859852482,0.045517176204431097
bfo-9f24106a164c4fa21e6f26f6f44af53710e057caa1ad7c0bfbc849cc874200f3,216,26.386670703935334,48.05364632341187,21.556959261300904,26.386670703935334,0.0005793066178967199,0.01129224140746077,0.05130129590693773
bfo-9f24106a164c4fa21e6f26f6f44af53710e057caa1ad7c0bfbc849cc874200f3,217,1000000.0,86.61422267708565,32.82181949486656,43.66127374689079,6.73344389882104e-05,0.001507151161015908,0.04467663279562685
bfo-9f24106a164c4fa21e6f26f6f44af53710e057caa1ad7c0bfbc849cc874200f3,218,26.291204235007502,47.204995158842195,21.445369695851582,26.291204235007502,0.0005961160662362281,0.011571613543714372,0.05151537976828086
bfo-9f24106a164c4fa21e6f26f6f44af53710e057caa1ad7c0bfbc849cc874200f3,219,1000000.0,86.55054073474122,33.02987399370519,43.97255930461164,6.898898275346573e-05,0.0014849082271308296,0.04646009867341612
bfo-9f24106a164c4fa21e6f26f6f44af53710e057caa1ad7c0bfbc849cc874200f3,220,26.291154114763913,47.20686629300579,21.445169032862175,26.291154114763913,0.0005956602841226855,0.011577171028897583,0.0514512813739961
bfo-9f24106a164c4fa21e6f26f6f44af53710e057caa1ad7c0bfbc849cc874200f3,221,43.779179525276966,86.5965043626312,32.90122248875209,43.779179525276966,6.634202957933138e-05,0.0015072325826047629,0.04401578783858341
bfo-9f24106a164c4fa21e6f26f6f44af53710e057caa1ad7c0bfbc849cc874200f3,222,26.291020798413715,47.20862963734098,21.444742800000757,26.291020798413715,0.0005951237429101416,0.011583085763180631,0.05137868743075981
bfo-9f24106a164c4fa21e6f26f6f44af53710e057caa1ad7c0bfbc849cc874200f3,223,1000000.0,86.29917836355061,33.802407232970026,44.90230516439199,4.5560972805441674e-05,0.0012746033596729356,0.03574521631351471
bfo-9f24106a164c4fa21e6f26f6f44af53710e057caa1ad7c0bfbc849cc874200f3,224,26.290959573004475,47.21133103181516,21.444709698621118,26.290959573004475,0.0005944591153720064,0.01158903253464293,0.05129497338065091
bfo-9f24106a164c4fa21e6f26f6f44af53710e057caa1ad7c0bfbc849cc874200f3,225,1000000.0,86.88843258722989,31.54279003558529,41.841370912749476,6.54494283253813e-05,0.001460186043307029,0.044822663951198605
bfo-9f24106a164c4fa21e6f26f6f44af53710e057caa1ad7c0bfbc849cc874200f3,226,26.290886878422857,47.212379403746546,21.44459263133234,26.290886878422857,0.0005942335867778041,0.011588443679570189,0.05127811837454984
bfo-9f24106a164c4fa21e6f26f6f44af53710e057caa1ad7c0bfbc849cc874200f3,227,1000000.0,86.9374114627039,30.99594122505412,41.005434496805,6.673384526858283e-05,0.0014650864151213546,0.045549426013246595
bfo-9f24106a164c4fa21e6f26f6f44af53710e057caa1ad7c0bfbc849cc874200f3,228,26.29081519271979,47.213534847272705,21.44434510664995,26.29081519271979,0.0005943154335010882,0.011588174966020824,0.05128637039428183
bfo-9f24106a164c4fa21e6f26f6f44af53710e057caa1ad7c0bfbc849cc874200f3,229,1000000.0,106.92385586004355,29.893645043894825,46.273665606520154,0.00015307235969169958,0.002763608727955532,0.055388578760546814
bfo-9f24106a164c4fa21e6f26f6f44af53710e057caa1ad7c0bfbc849cc874200f3,230,26.29070199937093,47.21516619982666,21.44399090803852,26.29070199937093,0.0005943927629793232,0.011587816139588694,0.051294631863258146
bfo-9f24106a164c4fa21e6f26f6f44af53710e057caa1ad7c0bfbc849cc874200f3,231,1000000.0,86.0279265045418,34.05304268906027,45.31110682241623,3.554423101667603e-05,0.0008544595635560992,0.041598493986944984
bfo-9f24106a164c4fa21e6f26f6f44af53710e057caa1ad7c0bfbc849cc874200f3,232,26.290566958816257,47.21642124424138,21.443857901180067,26.290566958816257,0.0005940060671872432,0.01158855853632544,0.05125797702322292
bfo-9f24106a164c4fa21e6f26f6f44af53710e057caa1ad7c0bfbc849cc874200f3,233,1000000.0,85.95410511429554,34.276464761752486,45.41974024156573,3.4608763760606854e-05,0.0007815862198463854,0.04428016114128641
bfo-9f24106a164c4fa21e6f26f6f44af53710e057caa1ad7c0bfbc849cc874200f3,234,26.290535993752297,47.215917547294744,21.443940619785085,26.290535993752297,0.0005941474602944347,0.011589132972340972,0.051267636820843086
bfo-9f24106a164c4fa21e6f26f6f44af53710e057caa1ad7c0bfbc849cc874200f3,235,42.647068146870126,86.71631255961805,32.48264026340544,42.647068146870126,6.948396427717315e-05,0.0015977940992986028,0.043487433272957454
bfo-9f24106a164c4fa21e6f26f6f44af53710e057caa1ad7c0bfbc849cc874200f3,236,26.29051611904264,47.21596526133639,21.443901173865676,26.29051611904264,0.0005941286828234575,0.011589017163509359,0.05126652885580375
bfo-9f24106a164c4fa21e6f26f6f44af53710e057caa1ad7c0bfbc849cc874200f3,237,1000000.0,85.99048739971354,35.12071575399865,46.15455380576856,5.710912467861573e-05,0.0012652935224261516,0.04513508025324526
bfo-9f24106a164c4fa21e6f26f6f44af53710e057caa1ad7c0bfbc849cc874200f3,238,26.29054543200152,47.216042926464695,21.443953052077227,26.29054543200152,0.0005941592475168097,0.011589140217377922,0.05126862186254918
bfo-9f24106a164c4fa21e6f26f6f44af53710e057caa1ad7c0bfbc849cc874200f3,239,1000000.0,85.94456756192784,34.74305739228416,45.94350011537437,5.381378158517168e-05,0.0011530236226159518,0.046671881243057524
bfo-9f24106a164c4fa21e6f26f6f44af53710e057caa1ad7c0bfbc849cc874200f3,240,26.29052245332167,47.21668185694986,21.447602540362436,26.29052245332167,0.0005950518440476335,0.01157186334444624,0.05142230134727789
bfo-9f24106a164c4fa21e6f26f6f44af53710e057caa1ad7c0bfbc849cc874200f3,241,1000000.0,86.16317803616958,32.72140187271718,45.01551560805781,5.745818268010755e-05,0.0013554738538521217,0.0423897388480177
bfo-9f24106a164c4fa21e6f26f6f44af53710e057caa1ad7c0bfbc849cc874200f3,242,26.29012750297024,47.217611304742064,21.443443558384054,26.29012750297024,0.0005930293461661963,0.011597667808708113,0.05113349993702355
bfo-9f24106a164c4fa21e6f26f6f44af53710e057caa1ad7c0bfbc849cc874200f3,243,26.290823369164737,47.21966281078308,21.444099740809357,26.290823369164737,0.0005940729292266245,0.011589523148113985,0.05125947993151907
bfo-9f24106a164c4fa21e6f26f6f44af53710e057caa1ad7c0bfbc849cc874200f3,244,26.253866494151094,47.214172083229094,21.4003410521775,26.253866494151094,0.0005963822161887805,0.011682427212294342,0.051049512686983434
bfo-9f24106a164c4fa21e6f26f6f44af53710e057caa1ad7c0bfbc849cc874200f3,245,26.226621130134397,47.229420408513015,21.367219689662573,26.226621130134397,0.0005997532771584227,0.011755329197639794,0.05101969218172467
bfo-9f24106a164c4fa21e6f26f6f44af53710e057caa1ad7c0bfbc849cc874200f3,246,1000000.1606326104,47.573109296697915,21.21836950942389,26.10277307596725,0.0006219176076096942,0.012146493403242902,0.051201411548427056
bfo-9f24106a164c4fa21e6f26f6f44af53710e057caa1ad7c0bfbc849cc874200f3,247,26.30666886844329,50.262674126882544,21.419211245484746,26.30666886844329,0.0006011794165206936,0.011729333070533698,0.051254356313827416
bfo-9f24106a164c4fa21e6f26f6f44af53710e057caa1ad7c0bfbc849cc874200f3,248,26.226345640048795,47.22945788102486,21.36729361437111,26.226345640048795,0.0005996434943904914,0.011752924304624743,0.05102079098344344
bfo-9f24106a164c4fa21e6f26f6f44af53710e057caa1ad7c0bfbc849cc874200f3,249,26.226205099664952,47.22959938742996,21.367196689843624,26.226205099664952,0.0005995279708241335,0.011752745613436012,0.05101173721813047
bfo-9f24106a164c4fa21e6f26f6f44af53710e057caa1ad7c0bfbc849cc874200f3,250,26.22645653040964,47.230790296613264,21.36778691469516,26.22645653040964,0.0005992925162027534,0.011753020061465056,0.050990512486885804
bfo-9f24106a164c4fa21e6f26f6f44af53710e057caa1ad7c0bfbc849cc874200f3,251,26.22619934740658,47.22961199226791,21.36727817279094,26.22619934740658,0.0005995541024196931,0.011752417893577104,0.05101538320445188
bfo-9f24106a164c4fa21e6f26f6f44af53710e057caa1ad7c0bfbc849cc874200f3,252,26.226194201865194,47.22960408887818,21.367285236686747,26.226194201865194,0.0005996018026881137,0.01175247115034837,0.05101921077001242
bfo-9f24106a164c4fa21e6f26f6f44af53710e057caa1ad7c0bfbc849cc874200f3,253,26.22622084326408,47.2295704472719,21.36732816503566,26.22622084326408,0.0005994886458982877,0.011752490213642837,0.05100949968904236
bfo-9f24106a164c4fa21e6f26f6f44af53710e057caa1ad7c0bfbc849cc874200f3,254,26.226227116971387,47.22962279067574,21.367309547122417,26.226227116971387,0.0005995282200004447,0.011752478477558987,0.05101291792579976
bfo-9f24106a164c4fa21e6f26f6f44af53710e057caa1ad7c0bfbc849cc874200f3,255,1000000.2200549385,85.15444372121235,33.003916060561835,42.63113272065185,6.0377933677242706e-05,0.0012262869102943148,0.049236384381491693
bfo-9f24106a164c4fa21e6f26f6f44af53710e057caa1ad7c0bfbc849cc874200f3,256,1000000.0,87.59360596496501,36.24759090528458,46.94227881855387,5.145612912238745e-05,0.0011025661550983575,0.04666942557999811
bfo-9f24106a164c4fa21e6f26f6f44af53710e057caa1ad7c0bfbc849cc874200f3,257,1000000.0465418564,120.22447884197084,54.191972299453646,75.91709376527506,0.00015691266816038633,0.0024739998542691907,0.06342468771354785
bfo-9f24106a164c4fa21e6f26f6f44af53710e057caa1ad7c0bfbc849cc874200f3,258,46.21295237929303,86.11336096231057,35.42624352180089,46.21295237929303,5.841065497703057e-05,0.0010128366228951589,0.05767036228416159
bfo-9f24106a164c4fa21e6f26f6f44af53710e057caa1ad7c0bfbc849cc874200f3,259,1000000.1041532332,111.29487883449964,29.341599739091162,45.28096254530827,0.00029564166934919876,0.005879586215049074,0.05028273394350272
bfo-9f24106a164c4fa21e6f26f6f44af53710e057caa1ad7c0bfbc849cc874200f3,260,1000000.0,83.12940795471958,31.933014974823134,43.90407013554561,0.00017427560871098623,0.003386970051594174,0.05145472385531087
bfo-9f24106a164c4fa21e6f26f6f44af53710e057caa1ad7c0bfbc849cc874200f3,261,1000000.0187179863,88.10090674172613,31.8201434453888,40.55695621536364,7.240858131557168e-05,0.0014398004949858685,0.050290704557843874
bfo-9f24106a164c4fa21e6f26f6f44af53710e057caa1ad7c0bfbc849cc874200f3,262,1000000.0,77.9597462306973,32.66171464116384,42.918770595562385,7.743004457665484e-05,0.0017419753832509726,0.044449563019742865
bfo-9f24106a164c4fa21e6f26f6f44af53710e057caa1ad7c0bfbc849cc874200f3,263,1000000.0145032823,85.87361588670731,27.46164420057666,35.588580579796336,0.00012149686407283087,0.00282791711731528,0.04296337517422558
bfo-9f24106a164c4fa21e6f26f6f44af53710e057caa1ad7c0bfbc849cc874200f3,264,1000000.0,86.18335881678607,32.65308038171026,45.43015264512366,5.592238792985503e-05,0.0015495922504911229,0.03608845353487743
bfo-9f24106a164c4fa21e6f26f6f44af53710e057caa1ad7c0bfbc849cc874200f3,265,1000000.0953493351,111.95136077840405,67.0672492347209,77.37290876847672,9.375825599905298e-05,0.0016018203174754686,0.058532317873717356
bfo-9f24106a164c4fa21e6f26f6f44af53710e057caa1ad7c0bfbc849cc874200f3,266,1000000.0,86.12485533074367,35.37007088537601,46.07923711647911,7.904314022914067e-05,0.0012761883682170065,0.06193689129103547
bfo-9f24106a164c4fa21e6f26f6f44af53710e057caa1ad7c0bfbc849cc874200f3,267,1000000.0018102177,88.0565234864554,35.28918855808623,48.35346810424533,0.000110216693852695,0.0022932570304312993,0.04806120395146733
bfo-9f24106a164c4fa21e6f26f6f44af53710e057caa1ad7c0bfbc849cc874200f3,268,1000000.0,86.00862193066189,35.03148852040266,45.918484346443236,5.814659376523604e-05,0.001333922214282016,0.04359069302742923
bfo-9f24106a164c4fa21e6f26f6f44af53710e057caa1ad7c0bfbc849cc874200f3,269,1000000.0820425731,103.36666794203373,33.761506514460464,48.53842391062041,0.00018594188940850544,0.0037084819909677397,0.05013962312918859
bfo-9f24106a164c4fa21e6f26f6f44af53710e057caa1ad7c0bfbc849cc874200f3,270,1000000.0,86.11821542131935,35.769310997019865,46.314468678710895,6.97489394884848e-05,0.001583870657118553,0.04403701727474081
bfo-9f24106a164c4fa21e6f26f6f44af53710e057caa1ad7c0bfbc849cc874200f3,271,1000000.0082801377,98.42796318452928,42.05418159208353,53.543700303949635,0.0001236286839055392,0.002280700502235155,0.054206452703623016
bfo-9f24106a164c4fa21e6f26f6f44af53710e057caa1ad7c0bfbc849cc874200f3,272,1000000.0,124.46694894574526,33.98827219822303,64.26348642218667,0.0004500449137583087,0.008134543859536294,0.05532515670570904
bfo-9f24106a164c4fa21e6f26f6f44af53710e057caa1ad7c0bfbc849cc874200f3,273,1000000.0003584096,86.00157146453856,35.0655485513465,46.174836298340495,6.225902266277322e-05,0.0013080286103751267,0.047597600059312226
bfo-9f24106a164c4fa21e6f26f6f44af53710e057caa1ad7c0bfbc849cc874200f3,274,1000000.0,86.30924525805031,32.144525224625006,43.92864465179858,4.495886106313814e-05,0.001402151486334919,0.032064196701496225
bfo-9f24106a164c4fa21e6f26f6f44af53710e057caa1ad7c0bfbc849cc874200f3,275,46.61672851024428,86.08531339717968,35.84662974863989,46.61672851024428,6.898721248978125e-05,0.0014138852443517588,0.048792653268979164
bfo-9f24106a164c4fa21e6f26f6f44af53710e057caa1ad7c0bfbc849cc874200f3,276,1000000.0,86.05495415526123,35.19151721961695,46.24840040570668,4.7427899020440366e-05,0.000794825591318751,0.05967082532124992
bfo-9f24106a164c4fa21e6f26f6f44af53710e057caa1ad7c0bfbc849cc874200f3,277,1000000.0264309077,86.50891257893575,28.914862792667368,39.634817013766444,9.101040112125586e-05,0.002275260754042659,0.03999998723642974
bfo-9f24106a164c4fa21e6f26f6f44af53710e057caa1ad7c0bfbc849cc874200f3,278,1000000.0,103.01718535360196,39.612613443703246,54.39987910964704,6.38349459787099e-05,0.001079089060276582,0.0591563276179895
bfo-9f24106a164c4fa21e6f26f6f44af53710e057caa1ad7c0bfbc849cc874200f3,279,1000000.0027981703,119.48061991031142,41.50107277727456,64.76885674867877,0.0003363667013719121,0.006235784211765293,0.053941363259055075
bfo-9f24106a164c4fa21e6f26f6f44af53710e057caa1ad7c0bfbc849cc874200f3,280,1000000.0,86.16057345798882,35.42294684562259,46.131807966754735,6.610156204559383e-05,0.0013987509791168753,0.04725756266303253
bfo-9f24106a164c4fa21e6f26f6f44af53710e057caa1ad7c0bfbc849cc874200f3,281,1000000.004806301,86.16150530529931,32.383195778815235,44.69035351658857,4.8675346323519e-05,0.0013132916814732568,0.037063621897699656
bfo-9f24106a164c4fa21e6f26f6f44af53710e057caa1ad7c0bfbc849cc874200f3,282,46.08253802642537,86.12562756546956,35.39050305987619,46.08253802642537,7.488302751152059e-05,0.0012230674368630034,0.06122559170047488
bfo-9f24106a164c4fa21e6f26f6f44af53710e057caa1ad7c0bfbc849cc874200f3,283,1000000.0357924885,84.08744446899975,26.06810962672987,32.413690410352146,0.0001971040373978386,0.004080716693032136,0.048301328473597714
bfo-9f24106a164c4fa21e6f26f6f44af53710e057caa1ad7c0bfbc849cc874200f3,284,1000000.0,86.23626146194282,33.591838420992204,45.14667087480936,3.665588976890919e-05,0.0012750141104481594,0.02874939929568691
bfo-9f24106a164c4fa21e6f26f6f44af53710e057caa1ad7c0bfbc849cc874200f3,285,1000000.0128137623,86.08230387536221,35.64740037764805,46.36264289371362,7.083400976810738e-05,0.0014782382701396981,0.04791785681574415
bfo-9f24106a164c4fa21e6f26f6f44af53710e057caa1ad7c0bfbc849cc874200f3,286,1000000.0,78.3903330738967,23.681527323749396,28.94056761417817,0.00035532705323231705,0.006879034124050708,0.051653625614388333
bfo-9f24106a164c4fa21e6f26f6f44af53710e057caa1ad7c0bfbc849cc874200f3,287,1000000.0086413514,73.16315460079898,23.012430617036642,28.01288820583537,0.0003750140522913542,0.007958854397233968,0.047119099505286484
bfo-9f24106a164c4fa21e6f26f6f44af53710e057caa1ad7c0bfbc849cc874200f3,288,1000000.0,112.34875330286353,27.40834424889669,39.05709868293774,0.00020351663710517273,0.004420331659566077,0.04604103329322375
bfo-9f24106a164c4fa21e6f26f6f44af53710e057caa1ad7c0bfbc849cc874200f3,289,1000000.0068210452,101.45028091246257,27.44765028802871,41.882840864163185,0.00034251103551574935,0.006698088778898804,0.05113563686924731
bfo-9f24106a164c4fa21e6f26f6f44af53710e057caa1ad7c0bfbc849cc874200f3,290,46.14422076947149,86.11041559694465,35.435983101720915,46.14422076947149,4.8670745952743626e-05,0.001050166670828586,0.04634573473403245
bfo-9f24106a164c4fa21e6f26f6f44af53710e057caa1ad7c0bfbc849cc874200f3,291,1000000.0159367222,103.05658097718671,42.98969446284877,57.14162455476442,0.00015229479627001984,0.0030283064317774364,0.05029041799466503
bfo-9f24106a164c4fa21e6f26f6f44af53710e057caa1ad7c0bfbc849cc874200f3,292,1000000.0,86.07636253739308,35.32357104711315,46.22894875386801,4.038646359982665e-05,0.0010669100214369272,0.03785367349482169
bfo-9f24106a164c4fa21e6f26f6f44af53710e057caa1ad7c0bfbc849cc874200f3,293,1000000.0078999382,86.35233967486066,34.864275123027696,50.602133845038445,9.421551660005313e-05,0.001840517928077508,0.051189676103000466
bfo-9f24106a164c4fa21e6f26f6f44af53710e057caa1ad7c0bfbc849cc874200f3,294,1000000.0,53.796072432953736,24.31420696307546,29.36520739767903,0.0002907134504964692,0.0059979752164590555,0.04846859815271024
bfo-9f24106a164c4fa21e6f26f6f44af53710e057caa1ad7c0bfbc849cc874200f3,295,1000000.0139090107,119.25564699364914,46.55848649743259,75.21819185324345,0.00014078811956160897,0.002619409753334089,0.05374803212151449
bfo-9f24106a164c4fa21e6f26f6f44af53710e057caa1ad7c0bfbc849cc874200f3,296,1000000.0,94.56901595263324,26.216052420605696,40.22811292774128,0.0003051708681401476,0.006316859644060203,0.048310534875838564
bfo-9f24106a164c4fa21e6f26f6f44af53710e057caa1ad7c0bfbc849cc874200f3,297,1000000.0018514823,109.78532357496456,51.16980031481674,66.08971909149348,3.977675504940662e-05,0.0006025321089096876,0.06601599227862673
bfo-9f24106a164c4fa21e6f26f6f44af53710e057caa1ad7c0bfbc849cc874200f3,298,46.032787426975744,86.0383643057233,35.48339860448549,46.032787426975744,5.24704748797292e-05,0.0010788403550024395,0.048635995711905446
bfo-9f24106a164c4fa21e6f26f6f44af53710e057caa1ad7c0bfbc849cc874200f3,299,1000000.0166103332,95.62703960439788,40.44231001586349,52.7959208684509,4.119236604737201e-05,0.0007860994612115155,0.05240095952220528
bfo-9f24106a164c4fa21e6f26f6f44af53710e057caa1ad7c0bfbc849cc874200f3,300,46.20758619515524,86.02991317715,35.44635899004265,46.20758619515524,7.178838658933923e-05,0.0012533779078663654,0.05727593101712247
bfo-9f24106a164c4fa21e6f26f6f44af53710e057caa1ad7c0bfbc849cc874200f3,301,1000000.0097288016,114.61032547119092,35.412123357150364,66.74237865517387,0.00014722969732383886,0.002960822460842186,0.04972594583802244
bfo-9f24106a164c4fa21e6f26f6f44af53710e057caa1ad7c0bfbc849cc874200f3,302,1000000.0,66.53598328550835,26.92882144809594,34.391945992159975,0.00020595123230193342,0.0038471603317975947,0.05353331146604494
bfo-9f24106a164c4fa21e6f26f6f44af53710e057caa1ad7c0bfbc849cc874200f3,303,1000000.1664848053,54.3417479726125,25.209942412278117,30.731233705271237,0.00027052170303324796,0.005170051276204957,0.05232476209246085
bfo-9f24106a164c4fa21e6f26f6f44af53710e057caa1ad7c0bfbc849cc874200f3,304,1000000.0235466266,125.42688040466345,26.518290316483835,61.73098401630771,0.000507319083374726,0.00964823728071226,0.052581530554695714
bfo-9f24106a164c4fa21e6f26f6f44af53710e057caa1ad7c0bfbc849cc874200f3,305,1000000.0243215255,123.79460618983825,24.76542486697341,55.87230057748751,0.0005255911733069227,0.010079040362896998,0.05214694597729075
bfo-9f24106a164c4fa21e6f26f6f44af53710e057caa1ad7c0bfbc849cc874200f3,306,1000000.0250985987,120.69403494471116,24.032718839054763,48.179108673556854,0.0005417411806767469,0.010325649306193844,0.052465580092070654
bfo-9f24106a164c4fa21e6f26f6f44af53710e057caa1ad7c0bfbc849cc874200f3,307,1000000.0259160972,116.19708085328946,23.6408435158822,40.02790708015735,0.0005322199603525299,0.010345839328947434,0.051442898292784235
bfo-9f24106a164c4fa21e6f26f6f44af53710e057caa1ad7c0bfbc849cc874200f3,308,1000000.0555588041,113.20118806204795,53.1610653103183,70.35146958571517,4.1490075823221864e-05,0.000809677430230706,0.05124272243997201
bfo-9f24106a164c4fa21e6f26f6f44af53710e057caa1ad7c0bfbc849cc874200f3,309,1000000.0402847924,122.39181989020356,50.009612032381305,76.14304898383153,0.00014489415640252143,0.002656673753624261,0.05453968753402835
bfo-9f24106a164c4fa21e6f26f6f44af53710e057caa1ad7c0bfbc849cc874200f3,310,1000000.0215969025,85.89150443683013,34.69730843132771,45.43872486265612,4.892603555832902e-05,0.0009833268734347617,0.04975561726227448
bfo-9f24106a164c4fa21e6f26f6f44af53710e057caa1ad7c0bfbc849cc874200f3,311,1000000.0225399759,130.35321069421855,43.477061309069924,74.27221586361914,0.00041055262628537925,0.006676941902952795,0.06148812319361614
bfo-9f24106a164c4fa21e6f26f6f44af53710e057caa1ad7c0bfbc849cc874200f3,312,1000000.1573268552,72.80645453040114,26.27369136868963,32.19411731738744,0.00014728620755253457,0.0036426505996940022,0.040433800476199176
bfo-9f24106a164c4fa21e6f26f6f44af53710e057caa1ad7c0bfbc849cc874200f3,313,1000000.0,78.80152000991275,32.05435379383463,41.49950563955693,7.966073388951602e-05,0.001744847593844924,0.04565483780390047
bfo-9f24106a164c4fa21e6f26f6f44af53710e057caa1ad7c0bfbc849cc874200f3,314,1000000.000490086,92.4967786299169,25.876774952720545,35.73204078052941,0.00031639057693079345,0.006289695048592028,0.050303007456874826
bfo-9f24106a164c4fa21e6f26f6f44af53710e057caa1ad7c0bfbc849cc874200f3,315,1000000.0,86.08670765066829,35.09331372173618,46.15721258922969,6.95369984463608e-05,0.0013735469009016675,0.050625863886200835
bfo-9f24106a164c4fa21e6f26f6f44af53710e057caa1ad7c0bfbc849cc874200f3,316,1000000.0023820009,98.20062423677754,24.48149512768385,34.16667577652257,0.00043993782875368607,0.008264821053051527,0.05323016988870591
bfo-9f24106a164c4fa21e6f26f6f44af53710e057caa1ad7c0bfbc849cc874200f3,317,1000000.0,86.09802291423884,34.43460010329694,45.487918136215754,6.573177353483518e-05,0.0010231671576376843,0.06424343573204447
bfo-9f24106a164c4fa21e6f26f6f44af53710e057caa1ad7c0bfbc849cc874200f3,318,1000000.1809721417,86.02076699831585,34.34751858686018,44.9756560114014,5.076637217885905e-05,0.0012424520088562838,0.04085982542343112
bfo-9f24106a164c4fa21e6f26f6f44af53710e057caa1ad7c0bfbc849cc874200f3,319,1000000.0,85.95770122129102,35.172738097680586,45.95651642494054,6.572571291992282e-05,0.0013693288146845231,0.04799848817543888
bfo-9f24106a164c4fa21e6f26f6f44af53710e057caa1ad7c0bfbc849cc874200f3,320,1000000.0000437745,86.08233663748052,34.12792486886379,45.36036994985903,3.800646217872251e-05,0.0009327255054362555,0.04074774620958401
bfo-9f24106a164c4fa21e6f26f6f44af53710e057caa1ad7c0bfbc849cc874200f3,321,1000000.0,88.48788134369043,35.32441152341098,48.255281953820095,8.394166896299772e-05,0.001618913931972722,0.0518506063263727
bfo-9f24106a164c4fa21e6f26f6f44af53710e057caa1ad7c0bfbc849cc874200f3,322,1000000.0030066462,105.63866034445309,25.162487125050486,40.70709531794219,0.0005627340998729038,0.01005391242448304,0.05597165323447095
bfo-9f24106a164c4fa21e6f26f6f44af53710e057caa1ad7c0bfbc849cc874200f3,323,1000000.0,86.22914058096538,35.066544741920445,46.58446918244004,7.205332698403918e-05,0.0013564936275069592,0.053117335402793495
bfo-9f24106a164c4fa21e6f26f6f44af53710e057caa1ad7c0bfbc849cc874200f3,324,1000000.0024797557,104.98235760393331,25.01680103090611,40.16763071469966,0.0005385576048258799,0.009588501719277274,0.05616702385766201
bfo-9f24106a164c4fa21e6f26f6f44af53710e057caa1ad7c0bfbc849cc874200f3,325,1000000.0,86.05870742529413,35.69363817190522,46.25223794755084,6.46597676089805e-05,0.0014948388018204393,0.043255344676788404
bfo-9f24106a164c4fa21e6f26f6f44af53710e057caa1ad7c0bfbc849cc874200f3,326,1000000.0004253781,93.37975829593293,30.895451004090095,43.35034517908254,0.00016493293812341607,0.003228210084097861,0.05109114147678136
bfo-9f24106a164c4fa21e6f26f6f44af53710e057caa1ad7c0bfbc849cc874200f3,327,1000000.0,120.3658298673695,51.48687367151916,76.93481947599778,8.73750131482586e-05,0.001713502355280328,0.050992058971499984
bfo-9f24106a164c4fa21e6f26f6f44af53710e057caa1ad7c0bfbc849cc874200f3,328,1000000.0029974537,92.46682761477678,28.909820444708515,41.2918517466974,0.0002200095778098183,0.004211928219176223,0.05223488301822204
bfo-9f24106a164c4fa21e6f26f6f44af53710e057caa1ad7c0bfbc849cc874200f3,329,1000000.0,85.97884680555703,35.03664458620671,45.96968187154285,5.705957629576065e-05,0.0012777536075614208,0.044656165287342245
bfo-9f24106a164c4fa21e6f26f6f44af53710e057caa1ad7c0bfbc849cc874200f3,330,1000000.0042834507,106.1805564110682,31.66775381309485,48.450086364506824,0.00023472440512663898,0.00439951705682135,0.05335231165036721
bfo-9f24106a164c4fa21e6f26f6f44af53710e057caa1ad7c0bfbc849cc874200f3,331,1000000.0,76.43769291214016,31.24547908787707,40.78778420397067,0.00011222126752943191,0.002146581237181545,0.052279068495342904
bfo-9f24106a164c4fa21e6f26f6f44af53710e057caa1ad7c0bfbc849cc874200f3,332,1000000.0044166582,94.90363323976763,42.73613178313909,55.27766395947993,4.41544513947693e-05,0.0008582231121930574,0.05144868597390645
bfo-9f24106a164c4fa21e6f26f6f44af53710e057caa1ad7c0bfbc849cc874200f3,333,1000000.0,107.80307093712216,50.022110734434534,67.10719615760067,4.852924115245982e-05,0.00102743592846174,0.047233350331749635
bfo-9f24106a164c4fa21e6f26f6f44af53710e057caa1ad7c0bfbc849cc874200f3,334,1000000.0727369904,117.079526514939,39.46550196064488,59.49890126054928,0.00046962131850482303,0.008993472703687442,0.052218017886713784
bfo-9f24106a164c4fa21e6f26f6f44af53710e057caa1ad7c0bfbc849cc874200f3,335,1000000.0059705133,106.17612547246638,39.08000579277205,48.118785613344244,0.0001479909169144697,0.002093536848122475,0.07068942543198647
bfo-9f24106a164c4fa21e6f26f6f44af53710e057caa1ad7c0bfbc849cc874200f3,336,1000000.0081335634,122.95398538303824,35.31505511793968,57.19224304446856,0.0006351947166109946,0.010357562581002755,0.06132665978538543
bfo-9f24106a164c4fa21e6f26f6f44af53710e057caa1ad7c0bfbc849cc874200f3,337,1000000.0107802722,104.1935737481646,22.664473304936337,36.209808355726594,0.0008223360589951032,0.014547528181301264,0.0565275453497383
bfo-9f24106a164c4fa21e6f26f6f44af53710e057caa1ad7c0bfbc849cc874200f3,338,1000000.014195232,83.97288389106077,30.120911819194916,42.13347600423789,0.0001896033374699997,0.0037378610669176146,0.05072508958348042
bfo-9f24106a164c4fa21e6f26f6f44af53710e057caa1ad7c0bfbc849cc874200f3,339,1000000.0187476018,107.24507995312176,31.328354353989766,48.2780560175844,0.0002600193410035842,0.004713485498882793,0.055164981639429025
bfo-9f24106a164c4fa21e6f26f6f44af53710e057caa1ad7c0bfbc849cc874200f3,340,1000000.1077426802,86.22000602414907,34.1830279798684,45.279263555833666,6.50732405922147e-05,0.0014202247706354859,0.04581897312148512
bfo-9f24106a164c4fa21e6f26f6f44af53710e057caa1ad7c0bfbc849cc874200f3,341,1000000.0002648712,119.10497292322974,38.133159865402824,60.03744586441179,0.0004974794627002345,0.008919118227645814,0.055776753934961947
bfo-9f24106a164c4fa21e6f26f6f44af53710e057caa1ad7c0bfbc849cc874200f3,342,1000000.0005780027,51.17965949649637,21.327259765182855,26.134561951384477,0.0005776278283943715,0.011586608527149387,0.0498530546743589
bfo-9f24106a164c4fa21e6f26f6f44af53710e057caa1ad7c0bfbc849cc874200f3,343,1000000.0014055863,57.527785765977654,21.92900303445136,26.661538337612065,0.0004958491172438928,0.010087270355086355,0.049155926210887005
bfo-9f24106a164c4fa21e6f26f6f44af53710e057caa1ad7c0bfbc849cc874200f3,344,1000000.0025583279,65.62387195055642,22.986250647457517,27.806709232988485,0.00037776434195877005,0.007893551113737374,0.04785733778316022
bfo-9f24106a164c4fa21e6f26f6f44af53710e057caa1ad7c0bfbc849cc874200f3,345,1000000.0029631853,67.98577990961722,23.351813958973793,28.267241308041257,0.0003480725781403211,0.00726955144092306,0.04788088797073347
bfo-9f24106a164c4fa21e6f26f6f44af53710e057caa1ad7c0bfbc849cc874200f3,346,1000000.0034727121,73.55385266142478,23.618838683718966,28.70135514744009,0.00033703614176447893,0.006914463549572564,0.048743642850689946
bfo-9f24106a164c4fa21e6f26f6f44af53710e057caa1ad7c0bfbc849cc874200f3,347,1000000.0721945061,76.97130808084306,25.231122485355243,31.245038665029796,0.0002415032743945618,0.005009416346730753,0.04820986272226539
bfo-9f24106a164c4fa21e6f26f6f44af53710e057caa1ad7c0bfbc849cc874200f3,348,1000000.0433747909,55.109728282536246,21.82483543652002,26.5840412077675,0.0005150538042959109,0.010383496358510297,0.04960311888333968
bfo-9f24106a164c4fa21e6f26f6f44af53710e057caa1ad7c0bfbc849cc874200f3,349,1000000.0023022528,67.94871079091605,23.119384493687978,27.973101208720657,0.0003643327925506624,0.007678416143596937,0.04744895115569909
bfo-9f24106a164c4fa21e6f26f6f44af53710e057caa1ad7c0bfbc849cc874200f3,350,1000000.0032401915,72.42294623487284,24.135008112347858,29.34995767881971,0.00029189816470746334,0.006170417214310692,0.04730606611664456
bfo-9f24106a164c4fa21e6f26f6f44af53710e057caa1ad7c0bfbc849cc874200f3,351,1000000.0349101962,86.84327861878252,30.561073363946047,39.94453390896607,9.005499407823301e-05,0.002019352803916215,0.04459596852198665
bfo-9f24106a164c4fa21e6f26f6f44af53710e057caa1ad7c0bfbc849cc874200f3,352,26.2273567184197,47.23272188023067,21.36946386721525,26.2273567184197,0.0005999991714454042,0.011749760207961516,0.05106480139389152
bfo-9f24106a164c4fa21e6f26f6f44af53710e057caa1ad7c0bfbc849cc874200f3,353,1000000.0,86.01617569793798,35.11251196195646,45.94430972349115,6.808027181193381e-05,0.001288908073566686,0.052820114334097584
bfo-9f24106a164c4fa21e6f26f6f44af53710e057caa1ad7c0bfbc849cc874200f3,354,26.226192378137803,47.22909282736778,21.367348748274114,26.226192378137803,0.0005997648393415895,0.011750945454721889,0.051039709243189936
bfo-9f24106a164c4fa21e6f26f6f44af53710e057caa1ad7c0bfbc849cc874200f3,355,1000000.0,86.01760410425902,35.388481575202164,46.29160019582237,7.171170265112552e-05,0.0013488671361066048,0.0531643930907202
bfo-9f24106a164c4fa21e6f26f6f44af53710e057caa1ad7c0bfbc849cc874200f3,356,26.21407258701596,47.21489688223601,21.35369376262995,26.21407258701596,0.0006013909542407702,0.011783782037699064,0.05103547844968453
bfo-9f24106a164c4fa21e6f26f6f44af53710e057caa1ad7c0bfbc849cc874200f3,357,1000000.0,62.025937006431334,24.641002206198927,30.26227056934053,0.00030049438396025644,0.005902987376154516,0.050905476297327376
bfo-9f24106a164c4fa21e6f26f6f44af53710e057caa1ad7c0bfbc849cc874200f3,358,26.30575813194319,47.19728819759369,21.44987219184025,26.30575813194319,0.0005910599149534814,0.01157686347214823,0.05105527212750337
bfo-9f24106a164c4fa21e6f26f6f44af53710e057caa1ad7c0bfbc849cc874200f3,359,1000000.0,106.03481216522178,45.75619561222003,61.799174764750575,0.00011562147145712045,0.0019671319708492226,0.058776672419800065
bfo-9f24106a164c4fa21e6f26f6f44af53710e057caa1ad7c0bfbc849cc874200f3,360,26.214078892581313,47.21477554392149,21.35371528135557,26.214078892581313,0.0006014054008967106,0.011783819541565646,0.051036541995177695
bfo-9f24106a164c4fa21e6f26f6f44af53710e057caa1ad7c0bfbc849cc874200f3,361,29.248339045426267,64.93695619753869,23.98822918790586,29.248339045426267,0.0003161043259294605,0.0065148787815020185,0.04852036953120132
bfo-9f24106a164c4fa21e6f26f6f44af53710e057caa1ad7c0bfbc849cc874200f3,362,28.023504280562225,69.69528429445735,22.799511546360968,28.023504280562225,0.000452420240695175,0.009179478094137461,0.049286052655228445
bfo-9f24106a164c4fa21e6f26f6f44af53710e057caa1ad7c0bfbc849cc874200f3,363,27.386932829246952,60.90712475986121,22.571094008198056,27.386932829246952,0.00042159683790713055,0.00873802355613415,0.04824853528932945
bfo-9f24106a164c4fa21e6f26f6f44af53710e057caa1ad7c0bfbc849cc874200f3,364,26.214081214207013,47.21473200655238,21.35372465084525,26.214081214207013,0.0006014006927937867,0.011783833410250487,0.05103608238984794
bfo-9f24106a164c4fa21e6f26f6f44af53710e057caa1ad7c0bfbc849cc874200f3,365,1000000.0,86.59908583764388,32.79119250611257,43.36125909223587,4.7638778294101523e-05,0.001126067975076282,0.0423054196980199
bfo-9f24106a164c4fa21e6f26f6f44af53710e057caa1ad7c0bfbc849cc874200f3,366,26.21408605980837,47.21477256606302,21.35370399244698,26.21408605980837,0.0006014451952413817,0.011783714194353052,0.051040375328315755
bfo-9f24106a164c4fa21e6f26f6f44af53710e057caa1ad7c0bfbc849cc874200f3,367,1000000.0,92.87067320753626,38.66723031659095,53.08395430466222,0.00014545919240238988,0.0025871135809421232,0.05622450961330405
bfo-9f24106a164c4fa21e6f26f6f44af53710e057caa1ad7c0bfbc849cc874200f3,368,26.21407554146989,47.21495279637568,21.353683965727203,26.21407554146989,0.0006013741495262242,0.011783719061120131,0.051034325106275834
bfo-9f24106a164c4fa21e6f26f6f44af53710e057caa1ad7c0bfbc849cc874200f3,369,1000000.0,73.3002399936982,25.326430150194014,31.225914978793902,0.0002196686480778347,0.0047796292486909425,0.04595934886330318
bfo-9f24106a164c4fa21e6f26f6f44af53710e057caa1ad7c0bfbc849cc874200f3,370,26.214092885759577,47.2148287840803,21.353613866984684,26.214092885759577,0.0006013943487147308,0.011783990653557041,0.05103486300994287
bfo-9f24106a164c4fa21e6f26f6f44af53710e057caa1ad7c0bfbc849cc874200f3,371,1000000.0,55.534698201346,23.17203412700256,28.16334823997783,0.0003991900318743248,0.007959146406035665,0.05015487987149058
bfo-9f24106a164c4fa21e6f26f6f44af53710e057caa1ad7c0bfbc849cc874200f3,372,26.214100320625434,47.21478603017841,21.35357954726701,26.214100320625434,0.0006013945456647208,0.011784074275746842,0.051034517569400334
bfo-9f24106a164c4fa21e6f26f6f44af53710e057caa1ad7c0bfbc849cc874200f3,373,1000000.0,78.271255691791,25.81226102241834,32.807169265917715,0.00028636257162066066,0.005282763583233171,0.05420696328897616
bfo-9f24106a164c4fa21e6f26f6f44af53710e057caa1ad7c0bfbc849cc874200f3,374,26.214060439449504,47.21477615770348,21.353943965340275,26.214060439449504,0.0006015425996682467,0.01178210729622568,0.051055603598258434
bfo-9f24106a164c4fa21e6f26f6f44af53710e057caa1ad7c0bfbc849cc874200f3,375,1000000.0,59.00503235930123,23.200373504156765,28.209712889144505,0.0004004793095886478,0.007897660728430237,0.050708598831928846
bfo-9f24106a164c4fa21e6f26f6f44af53710e057caa1ad7c0bfbc849cc874200f3,376,26.214008727331233,47.214585405334276,21.35389974758991,26.214008727331233,0.0006014442572389475,0.01178283885303626,0.05104408748524677
bfo-9f24106a164c4fa21e6f26f6f44af53710e057caa1ad7c0bfbc849cc874200f3,377,27.85677637467996,49.09138228665379,22.91069933666212,27.85677637467996,0.0004218841798742307,0.008560817087073059,0.04928083097480042
bfo-9f24106a164c4fa21e6f26f6f44af53710e057caa1ad7c0bfbc849cc874200f3,378,26.21763934798213,47.21322793396623,21.358575050552464,26.21763934798213,0.0006009975452402363,0.011772511464933555,0.05105092036057138
bfo-9f24106a164c4fa21e6f26f6f44af53710e057caa1ad7c0bfbc849cc874200f3,379,1000000.0,83.35530480902175,26.5412568894263,32.98603850049543,0.0001585266143016514,0.003361346687697258,0.04716163759063261
bfo-9f24106a164c4fa21e6f26f6f44af53710e057caa1ad7c0bfbc849cc874200f3,380,26.216566239512076,47.212200218950116,21.357177143094738,26.216566239512076,0.0006010799253666993,0.011775192896346648,0.05104629118671927
bfo-9f24106a164c4fa21e6f26f6f44af53710e057caa1ad7c0bfbc849cc874200f3,381,1000000.0,62.88286098272003,22.962253408984107,27.838525359867106,0.00039321098934509365,0.008081231099432462,0.04865731279145186
bfo-9f24106a164c4fa21e6f26f6f44af53710e057caa1ad7c0bfbc849cc874200f3,382,26.212423838121314,46.98613827522859,21.354836383206383,26.212423838121314,0.0006006685532890163,0.011772757669415823,0.05102190753908741
bfo-9f24106a164c4fa21e6f26f6f44af53710e057caa1ad7c0bfbc849cc874200f3,383,1000000.0,89.13011167995292,45.53659590779681,55.6386676464978,1.3998421259214486e-05,0.0002656509598566186,0.052694788931950176
bfo-9f24106a164c4fa21e6f26f6f44af53710e057caa1ad7c0bfbc849cc874200f3,384,1000000.0046427456,49.794474415531425,21.18231042042951,26.090619973990762,0.0006254819254991592,0.012238381280689836,0.05110822347772964
bfo-9f24106a164c4fa21e6f26f6f44af53710e057caa1ad7c0bfbc849cc874200f3,385,1000000.0,93.81339550483435,34.51161471956399,43.980486960538165,3.4910516722190104e-05,0.0006778904139523013,0.05149876145710851
bfo-9f24106a164c4fa21e6f26f6f44af53710e057caa1ad7c0bfbc849cc874200f3,386,1000000.0055757768,53.48638456858794,21.341497092902983,26.26998714412806,0.00061422151423387,0.011933627968110205,0.05146980581892041
bfo-9f24106a164c4fa21e6f26f6f44af53710e057caa1ad7c0bfbc849cc874200f3,387,1000000.0,73.48127854116493,28.911438434555453,37.32298265713277,0.0001484496470704955,0.0027911851592862993,0.05318516637156877
bfo-9f24106a164c4fa21e6f26f6f44af53710e057caa1ad7c0bfbc849cc874200f3,388,26.136655754247503,47.23965732266166,21.263165794523946,26.136655754247503,0.0006165774708118933,0.012010060559454167,0.05133841480312365
bfo-9f24106a164c4fa21e6f26f6f44af53710e057caa1ad7c0bfbc849cc874200f3,389,1000000.0,67.72877803907383,25.338292522606388,31.01816820688447,0.0002401474868608989,0.004779965638851631,0.05024042116725204
bfo-9f24106a164c4fa21e6f26f6f44af53710e057caa1ad7c0bfbc849cc874200f3,390,1000000.001179347,52.25118791538768,23.458901907124194,28.509000473821832,0.0003805018669018178,0.007462519862297176,0.050988389166536634
bfo-9f24106a164c4fa21e6f26f6f44af53710e057caa1ad7c0bfbc849cc874200f3,391,28.87832646004008,55.34851303033662,23.73813739693153,28.87832646004008,0.00036058656711117023,0.006980840439791986,0.05165374717000621
bfo-9f24106a164c4fa21e6f26f6f44af53710e057caa1ad7c0bfbc849cc874200f3,392,1000000.0019696967,65.07384776103716,25.974984021134453,31.86266601864915,0.0002059348096641311,0.004084421597957197,0.05041957709927113
bfo-9f24106a164c4fa21e6f26f6f44af53710e057caa1ad7c0bfbc849cc874200f3,393,1000000.0,81.4644406611307,22.70980305228494,28.085143360650722,0.0005034635729573503,0.009548173517909675,0.052728783365006394
bfo-9f24106a164c4fa21e6f26f6f44af53710e057caa1ad7c0bfbc849cc874200f3,394,1000000.0019421773,49.62857081631133,23.080373000072882,28.061176634677892,0.00042044336282107917,0.008210277677528152,0.05120939623903939
bfo-9f24106a164c4fa21e6f26f6f44af53710e057caa1ad7c0bfbc849cc874200f3,395,1000000.0,52.9608074072484,21.726845458792717,26.48454288968826,0.0005270598976082172,0.010585682097600909,0.04978988531383043
bfo-9f24106a164c4fa21e6f26f6f44af53710e057caa1ad7c0bfbc849cc874200f3,396,27.315115863144563,57.72045133094536,22.290617565213914,27.315115863144563,0.0005204324527450247,0.009900265585374175,0.05256752440195828
bfo-9f24106a164c4fa21e6f26f6f44af53710e057caa1ad7c0bfbc849cc874200f3,397,28.60594867171058,66.84577402803114,23.537945724470138,28.60594867171058,0.00032916087124005173,0.007125916376080285,0.04619207605985288
bfo-9f24106a164c4fa21e6f26f6f44af53710e057caa1ad7c0bfbc849cc874200f3,398,26.136685130052033,47.23964280478201,21.263181252135517,26.136685130052033,0.0006166052945554603,0.01201015089603079,0.051340345337313034
bfo-9f24106a164c4fa21e6f26f6f44af53710e057caa1ad7c0bfbc849cc874200f3,399,1000000.0,59.58416473313041,25.419072472764434,31.184034992380067,0.00024176021148672545,0.0047083277092104855,0.05134736288933145
bfo-9f24106a164c4fa21e6f26f6f44af53710e057caa1ad7c0bfbc849cc874200f3,400,1000000.0011758289,49.6646010981426,21.841596569415405,26.736888031297013,0.0005589772283514747,0.010797428583100675,0.05176947678323558
bfo-9f24106a164c4fa21e6f26f6f44af53710e057caa1ad7c0bfbc849cc874200f3,401,1000000.0,98.98967917702154,37.11904871458611,47.1532331086857,2.120334095281177e-05,0.0003940613411749375,0.05380720902383285
bfo-9f24106a164c4fa21e6f26f6f44af53710e057caa1ad7c0bfbc849cc874200f3,402,25.83100772688981,50.422870483943534,20.96078208578942,25.83100772688981,0.0006363911369056997,0.012564410960969385,0.050650296212262705
bfo-9f24106a164c4fa21e6f26f6f44af53710e057caa1ad7c0bfbc849cc874200f3,403,1000000.0,86.357008718343,29.67215471182219,38.628488551197115,8.623862032530964e-05,0.001777076426510167,0.048528368864059236
bfo-9f24106a164c4fa21e6f26f6f44af53710e057caa1ad7c0bfbc849cc874200f3,404,26.249965993138023,59.42532305086348,21.384419018721275,26.249965993138023,0.0005742323959714569,0.011477490423265424,0.050031180579986394
bfo-9f24106a164c4fa21e6f26f6f44af53710e057caa1ad7c0bfbc849cc874200f3,405,1000000.0,50.618405170112396,21.018725854602376,25.84341702314684,0.0006183711988018558,0.01224406608863782,0.050503745596055576
bfo-9f24106a164c4fa21e6f26f6f44af53710e057caa1ad7c0bfbc849cc874200f3,406,26.240915052222995,48.37697691199914,21.35797965370209,26.240915052222995,0.0006078747271079016,0.011847671663670477,0.05130752643761048
bfo-9f24106a164c4fa21e6f26f6f44af53710e057caa1ad7c0bfbc849cc874200f3,407,27.297244628213402,67.27899283868612,22.50434939412201,27.297244628213402,0.00040072374399658105,0.008605929324194503,0.04656368056265533
bfo-9f24106a164c4fa21e6f26f6f44af53710e057caa1ad7c0bfbc849cc874200f3,408,1000000.0009924832,51.10110612950757,21.307110142921076,26.21758095739051,0.0006169096624921229,0.011997270907003301,0.05142083289392151
bfo-9f24106a164c4fa21e6f26f6f44af53710e057caa1ad7c0bfbc849cc874200f3,409,35.42329619361366,89.39899014053728,26.54681214893003,35.42329619361366,0.00017227997151790934,0.003841805603550157,0.04484349009192654
bfo-9f24106a164c4fa21e6f26f6f44af53710e057caa1ad7c0bfbc849cc874200f3,410,27.021229701128988,49.82175005222906,22.157013878812094,27.021229701128988,0.0005098194036740678,0.009977953492452936,0.05109458608518089
bfo-9f24106a164c4fa21e6f26f6f44af53710e057caa1ad7c0bfbc849cc874200f3,411,1000000.0,76.16145779455172,24.24138913921876,29.336831343216637,0.00025013720401926605,0.005543482825448275,0.045122752589936754
bfo-9f24106a164c4fa21e6f26f6f44af53710e057caa1ad7c0bfbc849cc874200f3,412,25.830967790165115,50.422768779582476,20.96074070354427,25.830967790165115,0.0006364166017384859,0.012564397192651105,0.05065237846115887
bfo-9f24106a164c4fa21e6f26f6f44af53710e057caa1ad7c0bfbc849cc874200f3,413,1000000.0,52.015591240654835,21.042487788135777,25.875437381564662,0.0006061211941231923,0.012217047444498398,0.049612739647347595
bfo-9f24106a164c4fa21e6f26f6f44af53710e057caa1ad7c0bfbc849cc874200f3,414,25.830975479874844,50.4226860667413,20.960788229457183,25.830975479874844,0.000636457357866575,0.012563987165759866,0.05065727539113434
bfo-9f24106a164c4fa21e6f26f6f44af53710e057caa1ad7c0bfbc849cc874200f3,415,26.56588133835031,62.525429840381804,21.764549776277036,26.56588133835031,0.0005103319783212258,0.01042231989041251,0.04896529598853323
bfo-9f24106a164c4fa21e6f26f6f44af53710e057caa1ad7c0bfbc849cc874200f3,416,25.830967833281328,50.42277160388501,20.960751402338104,25.830967833281328,0.0006364212859074772,0.012564344960683654,0.05065296184552132
bfo-9f24106a164c4fa21e6f26f6f44af53710e057caa1ad7c0bfbc849cc874200f3,417,1000000.0,70.76807026666675,24.11856664249302,29.695092498835802,0.00028906399657976483,0.006511690312570859,0.04439154546734586
bfo-9f24106a164c4fa21e6f26f6f44af53710e057caa1ad7c0bfbc849cc874200f3,418,25.92375364573724,49.08213620736014,21.029333631844313,25.92375364573724,0.0006263758651380966,0.012540662256984825,0.04994759066964118
bfo-9f24106a164c4fa21e6f26f6f44af53710e057caa1ad7c0bfbc849cc874200f3,419,1000000.0,62.890872463834356,22.06584434057109,26.798742992195972,0.0004609521255737956,0.009605566840097312,0.0479880191608896
bfo-9f24106a164c4fa21e6f26f6f44af53710e057caa1ad7c0bfbc849cc874200f3,420,28.980481155970924,77.27595511953245,23.662081947266373,28.980481155970924,0.00030972063697070576,0.006698678080925196,0.04623608318373292
bfo-9f24106a164c4fa21e6f26f6f44af53710e057caa1ad7c0bfbc849cc874200f3,421,66.37027544012088,96.1108445711067,51.773452810178576,66.37027544012088,0.00018891773614314217,0.003346300077019867,0.05645570683887611
bfo-9f24106a164c4fa21e6f26f6f44af53710e057caa1ad7c0bfbc849cc874200f3,422,28.56454800752299,74.82603788769674,23.131794272697437,28.56454800752299,0.0004525042408563145,0.008560957533610426,0.05285673233160861
bfo-9f24106a164c4fa21e6f26f6f44af53710e057caa1ad7c0bfbc849cc874200f3,423,31.747138296575443,82.35909116488949,25.855178252324777,31.747138296575443,0.00015423014104484293,0.003689810041408927,0.04179893797078813
bfo-9f24106a164c4fa21e6f26f6f44af53710e057caa1ad7c0bfbc849cc874200f3,424,26.281033805846118,51.86245967475037,21.36698988959691,26.281033805846118,0.0006049945502006634,0.011871113084363975,0.05096359085295307
bfo-9f24106a164c4fa21e6f26f6f44af53710e057caa1ad7c0bfbc849cc874200f3,425,1000000.0,51.786437947921485,20.98345078634562,25.831809563379515,0.0006290571986693192,0.012378660656968195,0.050817872474370675
bfo-9f24106a164c4fa21e6f26f6f44af53710e057caa1ad7c0bfbc849cc874200f3,426,26.230915885250365,50.488562669351396,21.416850986878817,26.230915885250365,0.0005667865392256004,0.011527398463388547,0.049168642953198484
bfo-9f24106a164c4fa21e6f26f6f44af53710e057caa1ad7c0bfbc849cc874200f3,427,26.321636048751646,59.50102154655325,21.52302233408462,26.321636048751646,0.0005356259588465633,0.010976173470275642,0.04879896990486542
bfo-9f24106a164c4fa21e6f26f6f44af53710e057caa1ad7c0bfbc849cc874200f3,428,1000000.0041711328,49.88525954353967,22.022884343128915,26.873678098711817,0.0005219397350491511,0.01027007443601464,0.05082141695281546
bfo-9f24106a164c4fa21e6f26f6f44af53710e057caa1ad7c0bfbc849cc874200f3,429,1000000.0,58.09261896112746,21.483533967905405,26.2635401496598,0.0005342041629330676,0.011047528580651802,0.04835508313313181
bfo-9f24106a164c4fa21e6f26f6f44af53710e057caa1ad7c0bfbc849cc874200f3,430,27.90308096799995,70.99271826339722,22.68849794639295,27.90308096799995,0.0004991191615927133,0.009324860734685572,0.05352564245127499
bfo-9f24106a164c4fa21e6f26f6f44af53710e057caa1ad7c0bfbc849cc874200f3,431,27.217611105484913,65.05440906233942,22.1355262595862,27.217611105484913,0.0005299971977269948,0.010272445984370236,0.0515940603176106
bfo-9f24106a164c4fa21e6f26f6f44af53710e057caa1ad7c0bfbc849cc874200f3,432,44.66133680461317,95.87321884154674,35.11904692101664,44.66133680461317,3.458510578705281e-05,0.0006114202264007767,0.05656519737765888
bfo-9f24106a164c4fa21e6f26f6f44af53710e057caa1ad7c0bfbc849cc874200f3,433,58.95846737704286,101.56502647236746,42.76554132754221,58.95846737704286,0.00018219986447326724,0.0031612107431070033,0.05763610188613736
bfo-9f24106a164c4fa21e6f26f6f44af53710e057caa1ad7c0bfbc849cc874200f3,434,29.62616830610917,91.54732292090819,23.84881440834624,29.62616830610917,0.00037335639910055754,0.007224359983733332,0.051680204189882874
bfo-9f24106a164c4fa21e6f26f6f44af53710e057caa1ad7c0bfbc849cc874200f3,435,1000000.0,61.3172187765356,22.859976072182935,27.719887644667647,0.00039184608471022153,0.008257336375270244,0.047454296022595696
bfo-9f24106a164c4fa21e6f26f6f44af53710e057caa1ad7c0bfbc849cc874200f3,436,31.85035004525478,82.95981696303751,25.59787128383052,31.85035004525478,0.00018008438059965778,0.004123699099793438,0.043670591922839
bfo-9f24106a164c4fa21e6f26f6f44af53710e057caa1ad7c0bfbc849cc874200f3,437,1000000.0,46.18259483631665,21.110490296319078,25.977118566526144,0.0006338699925678652,0.01227055050522885,0.05165782841590963
bfo-9f24106a164c4fa21e6f26f6f44af53710e057caa1ad7c0bfbc849cc874200f3,438,29.225810950520913,78.6171733019998,23.751822368913473,29.225810950520913,0.00031480427268180863,0.006772313468021178,0.04648400789011207
bfo-9f24106a164c4fa21e6f26f6f44af53710e057caa1ad7c0bfbc849cc874200f3,439,25.932320860096805,51.41060279794269,21.118081644498957,25.932320860096805,0.000602229740827723,0.01200258687310848,0.050174995373456106
bfo-9f24106a164c4fa21e6f26f6f44af53710e057caa1ad7c0bfbc849cc874200f3,440,1000000.0159711367,61.78426021512453,22.54072357584772,27.373637855364926,0.00040890474221108597,0.008891821543762524,0.0459866114269833
bfo-9f24106a164c4fa21e6f26f6f44af53710e057caa1ad7c0bfbc849cc874200f3,441,1000000.0,53.515832459851424,21.811036003339698,26.749336746499598,0.0005608969042669991,0.01096138202692671,0.05117027240626703
bfo-9f24106a164c4fa21e6f26f6f44af53710e057caa1ad7c0bfbc849cc874200f3,442,1000000.0116498616,49.10998712467942,21.93325207926961,26.796218512273764,0.0005407816395614041,0.010566416567985392,0.051179284488923976
bfo-9f24106a164c4fa21e6f26f6f44af53710e057caa1ad7c0bfbc849cc874200f3,443,28.23944740893634,67.48366063446359,23.201013825561965,28.23944740893634,0.0003537127016488122,0.007959434421499394,0.04443942658706898
bfo-9f24106a164c4fa21e6f26f6f44af53710e057caa1ad7c0bfbc849cc874200f3,444,26.26978952638253,51.263804992356384,21.46332006924752,26.26978952638253,0.0005561674222909319,0.011389188524474674,0.0488329279206997
bfo-9f24106a164c4fa21e6f26f6f44af53710e057caa1ad7c0bfbc849cc874200f3,445,1000000.0,56.659783222301414,21.435485310069726,26.369308805009393,0.0005973684202464256,0.011802475038047575,0.0506138261949881
bfo-9f24106a164c4fa21e6f26f6f44af53710e057caa1ad7c0bfbc849cc874200f3,446,27.077688606172842,61.32691919918219,22.28394613252453,27.077688606172842,0.00044809722854148327,0.009349201397828358,0.04792893098287173
bfo-9f24106a164c4fa21e6f26f6f44af53710e057caa1ad7c0bfbc849cc874200f3,447,26.482759425557127,61.39373737415704,21.675291182096867,26.482759425557127,0.000520468155432191,0.010665323171503188,0.048800036066683525
bfo-9f24106a164c4fa21e6f26f6f44af53710e057caa1ad7c0bfbc849cc874200f3,448,1000000.0022172565,52.734393516058695,21.32372269419023,26.244151028277177,0.0006163919495862175,0.011965684396004775,0.05151330498003313
bfo-9f24106a164c4fa21e6f26f6f44af53710e057caa1ad7c0bfbc849cc874200f3,449,1000000.0,53.463302793887,21.120876313259437,26.043732832944983,0.0006238799765440196,0.012403960011259653,0.050296838749697245
bfo-9f24106a164c4fa21e6f26f6f44af53710e057caa1ad7c0bfbc849cc874200f3,450,25.96207063515316,53.41423275677127,21.148139271424203,25.96207063515316,0.0005922549880029656,0.011911140227678656,0.04972277856545639
bfo-9f24106a164c4fa21e6f26f6f44af53710e057caa1ad7c0bfbc849cc874200f3,451,1000000.0,83.00422953137834,25.353461196333093,31.678246084986622,0.00019115669419661287,0.00446785162348246,0.042784924457186
bfo-9f24106a164c4fa21e6f26f6f44af53710e057caa1ad7c0bfbc849cc874200f3,452,29.441961186077087,78.16576925656526,24.112320302411273,29.441961186077087,0.0002700871431304814,0.0058678701222270365,0.046028139257447476
bfo-9f24106a164c4fa21e6f26f6f44af53710e057caa1ad7c0bfbc849cc874200f3,453,26.6855060990121,49.080435472820525,21.869684149702653,26.6855060990121,0.0005282912318794475,0.010543635428315627,0.0501052256094408
bfo-9f24106a164c4fa21e6f26f6f44af53710e057caa1ad7c0bfbc849cc874200f3,454,27.980787902195605,61.5286574835595,23.03779145613405,27.980787902195605,0.0003787074936431119,0.008081823721308574,0.046859162820467114
bfo-9f24106a164c4fa21e6f26f6f44af53710e057caa1ad7c0bfbc849cc874200f3,455,1000000.0,89.37296081330817,30.59462090102704,46.15202344085979,0.00021380684093068826,0.0038452347190085206,0.055603066276749304
bfo-9f24106a164c4fa21e6f26f6f44af53710e057caa1ad7c0bfbc849cc874200f3,456,28.744794114006933,65.01448757042147,23.573182286429056,28.744794114006933,0.00032644360539975544,0.007177415100385759,0.04548205737497477
bfo-9f24106a164c4fa21e6f26f6f44af53710e057caa1ad7c0bfbc849cc874200f3,457,1000000.0,76.68651296574949,22.589257985166952,27.834428786791783,0.0004681844543289352,0.009279486556796841,0.05045370252581587
bfo-9f24106a164c4fa21e6f26f6f44af53710e057caa1ad7c0bfbc849cc874200f3,458,28.802791276577643,65.18474670933213,23.624133393800612,28.802791276577643,0.0003383098420065587,0.007027069529445131,0.04814380170695026
bfo-9f24106a164c4fa21e6f26f6f44af53710e057caa1ad7c0bfbc849cc874200f3,459,43.526256017923075,86.51653447019052,32.95013238910979,43.526256017923075,4.593268588430373e-05,0.0009876445936815995,0.046507302503507326
bfo-9f24106a164c4fa21e6f26f6f44af53710e057caa1ad7c0bfbc849cc874200f3,460,27.64359314049376,63.97430615121465,22.800134492899772,27.64359314049376,0.00040717323799261383,0.008445545864933074,0.04821159514191336
bfo-9f24106a164c4fa21e6f26f6f44af53710e057caa1ad7c0bfbc849cc874200f3,461,1000000.0,52.549527131757515,22.031351164596263,26.89818354826159,0.0005135483899667096,0.010291862345075188,0.04989848996692521
bfo-9f24106a164c4fa21e6f26f6f44af53710e057caa1ad7c0bfbc849cc874200f3,462,26.0428229604068,51.690926397192285,21.128056864721295,26.0428229604068,0.0006289385786401382,0.01233097483856456,0.05100477349715787
bfo-9f24106a164c4fa21e6f26f6f44af53710e057caa1ad7c0bfbc849cc874200f3,463,26.574519648370266,54.32175488040929,21.648087337224045,26.574519648370266,0.0005874050889954371,0.011271279132141689,0.05211521089211306
bfo-9f24106a164c4fa21e6f26f6f44af53710e057caa1ad7c0bfbc849cc874200f3,464,1000000.0177539835,53.835882567179965,21.775399956552228,26.70705555491789,0.0005698744385546293,0.010995941463904,0.051825888708605494
bfo-9f24106a164c4fa21e6f26f6f44af53710e057caa1ad7c0bfbc849cc874200f3,465,1000000.0,58.48492190908814,21.874248866377698,26.59649725830238,0.00047845719190009234,0.010130887452291893,0.04722756956418974
bfo-9f24106a164c4fa21e6f26f6f44af53710e057caa1ad7c0bfbc849cc874200f3,466,26.08830065669498,51.507816324422805,21.174314393155136,26.08830065669498,0.0006285429237142381,0.012257825997452312,0.05127686784303151
bfo-9f24106a164c4fa21e6f26f6f44af53710e057caa1ad7c0bfbc849cc874200f3,467,1000000.0,53.02079984360671,21.356361867947275,26.134021175018464,0.0005550254650273427,0.01140592625375188,0.04866114795760423
bfo-9f24106a164c4fa21e6f26f6f44af53710e057caa1ad7c0bfbc849cc874200f3,468,1000000.0005625455,51.81036348006863,21.210522003868284,26.1235894156778,0.0006246378739614345,0.012180116628703733,0.05128340663745447
bfo-9f24106a164c4fa21e6f26f6f44af53710e057caa1ad7c0bfbc849cc874200f3,469,1000000.0,61.33815398206011,22.234946580730103,26.969624143676143,0.0004348177554936767,0.009294956563891581,0.04677996637260547
bfo-9f24106a164c4fa21e6f26f6f44af53710e057caa1ad7c0bfbc849cc874200f3,470,29.61328838761412,80.56693574219977,23.96025233671896,29.61328838761412,0.00031536958722795823,0.006534184607569446,0.04826456645602302
bfo-9f24106a164c4fa21e6f26f6f44af53710e057caa1ad7c0bfbc849cc874200f3,471,1000000.0,53.62616921096915,21.784160198645413,26.54464855216719,0.0005129509925045257,0.010496491003863281,0.0488688069485061
bfo-9f24106a164c4fa21e6f26f6f44af53710e057caa1ad7c0bfbc849cc874200f3,472,28.640630456414396,69.87019030585554,23.557249050749583,28.640630456414396,0.0003202405681740829,0.007129421992033063,0.04491816707328351
bfo-9f24106a164c4fa21e6f26f6f44af53710e057caa1ad7c0bfbc849cc874200f3,473,1000000.0,55.92198757726707,21.540262365267026,26.291584042688573,0.0005191652926284261,0.010907771459484551,0.04759590852785976
bfo-9f24106a164c4fa21e6f26f6f44af53710e057caa1ad7c0bfbc849cc874200f3,474,1000000.0106930239,68.11022848925218,24.52110423468098,30.050779241917166,0.00029097611042458845,0.005958937318529685,0.0488302015729852
bfo-9f24106a164c4fa21e6f26f6f44af53710e057caa1ad7c0bfbc849cc874200f3,475,1000000.0,55.23837151408814,21.190998473120988,26.01448897898169,0.000576673059595938,0.011780255698216514,0.04895250785458283
bfo-9f24106a164c4fa21e6f26f6f44af53710e057caa1ad7c0bfbc849cc874200f3,476,28.77479944823517,64.01636455144519,23.623979630682772,28.77479944823517,0.00031420626666488465,0.006802151653958771,0.04619218780310791
bfo-9f24106a164c4fa21e6f26f6f44af53710e057caa1ad7c0bfbc849cc874200f3,477,1000000.0,62.33543148654007,21.57720321700248,26.443555948805862,0.0005482093371500683,0.011082145949175958,0.049467796188953084
bfo-9f24106a164c4fa21e6f26f6f44af53710e057caa1ad7c0bfbc849cc874200f3,478,1000000.0002009152,50.727645377005246,21.086167996034288,25.996554562750255,0.0006356916433665078,0.012429390772079451,0.051144231847186174
bfo-9f24106a164c4fa21e6f26f6f44af53710e057caa1ad7c0bfbc849cc874200f3,479,26.18917272145382,57.06843191010241,21.40411011210637,26.18917272145382,0.0005417380498674635,0.01119814663462649,0.04837747419669621
bfo-9f24106a164c4fa21e6f26f6f44af53710e057caa1ad7c0bfbc849cc874200f3,480,25.884685030117048,51.61351082345913,21.04699490463397,25.884685030117048,0.0006138064860740396,0.012234978527723591,0.05016817027371137
bfo-9f24106a164c4fa21e6f26f6f44af53710e057caa1ad7c0bfbc849cc874200f3,481,1000000.0,62.776955691359454,21.64024636618866,26.485292582233257,0.0005346042513134393,0.010878411282743689,0.049143596194186595
bfo-9f24106a164c4fa21e6f26f6f44af53710e057caa1ad7c0bfbc849cc874200f3,482,28.089224123392597,75.41130539888086,22.862753597243557,28.089224123392597,0.0004228185214982816,0.00857693409851087,0.049297163373528956
bfo-9f24106a164c4fa21e6f26f6f44af53710e057caa1ad7c0bfbc849cc874200f3,483,26.057746939663822,54.26195564483373,21.274822033501408,26.057746939663822,0.0005611927456643094,0.011512938631165079,0.04874452680093182
bfo-9f24106a164c4fa21e6f26f6f44af53710e057caa1ad7c0bfbc849cc874200f3,484,27.14700726854826,61.687031478119266,22.36421763201602,27.14700726854826,0.0004213504249393029,0.009123355746537004,0.046183710977097094
bfo-9f24106a164c4fa21e6f26f6f44af53710e057caa1ad7c0bfbc849cc874200f3,485,26.532562361283865,63.36397894449222,21.639625977471102,26.532562361283865,0.0005415802792563636,0.010989200499493123,0.04928295550539314
bfo-9f24106a164c4fa21e6f26f6f44af53710e057caa1ad7c0bfbc849cc874200f3,486,27.543293207040158,58.628919394279805,22.656207346582388,27.543293207040158,0.0004228764881747996,0.008808533791792065,0.04800759106684052
bfo-9f24106a164c4fa21e6f26f6f44af53710e057caa1ad7c0bfbc849cc874200f3,487,27.76337609301878,76.98440470848956,22.451257069779757,27.76337609301878,0.0005322748784208463,0.010120162927238677,0.05259548509720282
bfo-9f24106a164c4fa21e6f26f6f44af53710e057caa1ad7c0bfbc849cc874200f3,488,26.763585497127753,56.20293887760509,21.983339826522638,26.763585497127753,0.000491165299496182,0.010114012040487994,0.048562854931353594
bfo-9f24106a164c4fa21e6f26f6f44af53710e057caa1ad7c0bfbc849cc874200f3,489,26.799331064005184,66.08217123779737,21.839566360562607,26.799331064005184,0.0005282618772567775,0.010613396122097328,0.04977312362410788
bfo-9f24106a164c4fa21e6f26f6f44af53710e057caa1ad7c0bfbc849cc874200f3,490,27.23994504089543,58.51429829789256,22.402684767550756,27.23994504089543,0.0004527720646339478,0.00914356876546409,0.049518090392025066
bfo-9f24106a164c4fa21e6f26f6f44af53710e057caa1ad7c0bfbc849cc874200f3,491,25.94876684501459,54.39998582828244,21.11418886719955,25.94876684501459,0.0005917449683062819,0.01200593534067294,0.04928770241678765
bfo-9f24106a164c4fa21e6f26f6f44af53710e057caa1ad7c0bfbc849cc874200f3,492,1000000.018114577,50.521403713708565,21.106879677977165,26.01809486082586,0.0006291979283066563,0.012380595537737621,0.05082129743991567
bfo-9f24106a164c4fa21e6f26f6f44af53710e057caa1ad7c0bfbc849cc874200f3,493,26.76448463921954,65.66310402547555,21.848479494046913,26.76448463921954,0.0005209316896317422,0.010491713131668322,0.04965172828251997
bfo-9f24106a164c4fa21e6f26f6f44af53710e057caa1ad7c0bfbc849cc874200f3,494,25.83397542513677,50.89037804371456,20.98162351725164,25.83397542513677,0.0006275155088496331,0.012448192406551093,0.050410171079890397
bfo-9f24106a164c4fa21e6f26f6f44af53710e057caa1ad7c0bfbc849cc874200f3,495,26.024068832662323,55.20965849292505,21.209964402710696,26.024068832662323,0.0005791221634526076,0.011734922716608321,0.049350317632086464
bfo-9f24106a164c4fa21e6f26f6f44af53710e057caa1ad7c0bfbc849cc874200f3,496,1000000.0153919333,50.96987970347999,21.00324506554699,25.902615478930493,0.0006388286776376018,0.01254929797334296,0.05090553104999121
bfo-9f24106a164c4fa21e6f26f6f44af53710e057caa1ad7c0bfbc849cc874200f3,497,26.730236830660704,65.21962842036125,21.845420195879193,26.730236830660704,0.0005156340413730682,0.010430267136435564,0.0494363216807581
bfo-9f24106a164c4fa21e6f26f6f44af53710e057caa1ad7c0bfbc849cc874200f3,498,25.83637609348957,50.95571457379624,20.98527826872985,25.83637609348957,0.0006270570088242986,0.012431920050270943,0.05043927295933925
bfo-9f24106a164c4fa21e6f26f6f44af53710e057caa1ad7c0bfbc849cc874200f3,499,1000000.0,55.26087509916881,21.23705292974721,26.042564352705465,0.0005737450971568033,0.011649635390555487,0.049250047569896135
bfo-9f24106a164c4fa21e6f26f6f44af53710e057caa1ad7c0bfbc849cc874200f3,500,28.953669115869598,77.91750368221703,23.540180527689486,28.953669115869598,0.00034074871600562164,0.0070681852270935526,0.048208798306455525
bfo-9f24106a164c4fa21e6f26f6f44af53710e057caa1ad7c0bfbc849cc874200f3,501,26.21701026895186,59.16457204041164,21.34757309203778,26.21701026895186,0.0005801205817471662,0.01163143570132313,0.04987523437722952
bfo-9f24106a164c4fa21e6f26f6f44af53710e057caa1ad7c0bfbc849cc874200f3,502,28.013135503366822,60.45016520754217,23.06473134399516,28.013135503366822,0.00038194689981367895,0.008044228850922402,0.04748085949467767
bfo-9f24106a164c4fa21e6f26f6f44af53710e057caa1ad7c0bfbc849cc874200f3,503,26.09741303969739,57.04948342962175,21.247640948687465,26.09741303969739,0.0005828604844049637,0.011738722412676606,0.049652804105456534
bfo-9f24106a164c4fa21e6f26f6f44af53710e057caa1ad7c0bfbc849cc874200f3,504,28.286992057950354,61.66111647788276,23.273207922070757,28.286992057950354,0.00036994518420796415,0.007686987350049981,0.048126160140690065
bfo-9f24106a164c4fa21e6f26f6f44af53710e057caa1ad7c0bfbc849cc874200f3,505,1000000.0,63.101525074985545,21.61021153697849,26.522978311476678,0.0005602094562691952,0.011122439581013874,0.0503674982622948
bfo-9f24106a164c4fa21e6f26f6f44af53710e057caa1ad7c0bfbc849cc874200f3,506,26.979209869303226,48.45695497049387,22.088398626279435,26.979209869303226,0.0005236910249285684,0.010198396697072523,0.05135032892757499
bfo-9f24106a164c4fa21e6f26f6f44af53710e057caa1ad7c0bfbc849cc874200f3,507,26.316190784547228,59.447210782839775,21.507298482253375,26.316190784547228,0.0005415250605152011,0.011033452904708627,0.049080289297659514
bfo-9f24106a164c4fa21e6f26f6f44af53710e057caa1ad7c0bfbc849cc874200f3,508,1000000.0045313925,49.673541350458784,21.054290882597474,25.953447616600435,0.0006376764054033083,0.012474787413259598,0.05111721621207865
bfo-9f24106a164c4fa21e6f26f6f44af53710e057caa1ad7c0bfbc849cc874200f3,509,26.637391510967365,64.36794669827322,21.748896782004227,26.637391510967365,0.0005329686398975147,0.010688153839569446,0.04986536008907077
bfo-9f24106a164c4fa21e6f26f6f44af53710e057caa1ad7c0bfbc849cc874200f3,510,29.75166867363908,80.2790459300897,24.09477896727719,29.75166867363908,0.0002938941152995367,0.006243579125256538,0.04707141679532428
bfo-9f24106a164c4fa21e6f26f6f44af53710e057caa1ad7c0bfbc849cc874200f3,511,1000000.0,51.96681336687232,21.110440785435742,25.917533682672143,0.0005930477775751447,0.011979597154372317,0.04950481806132303
bfo-9f24106a164c4fa21e6f26f6f44af53710e057caa1ad7c0bfbc849cc874200f3,512,27.305397042400536,60.22542504008442,22.477387837888763,27.305397042400536,0.00042421368416142077,0.00898163681347371,0.04723122221163975
bfo-9f24106a164c4fa21e6f26f6f44af53710e057caa1ad7c0bfbc849cc874200f3,513,27.059673981499937,68.625802178121,22.034726289844414,27.059673981499937,0.0005111368914816529,0.010245407465987339,0.049889366838607736
bfo-9f24106a164c4fa21e6f26f6f44af53710e057caa1ad7c0bfbc849cc874200f3,514,25.84330756473366,51.8476134840634,21.00216982410912,25.84330756473366,0.0006180715226420167,0.012338080357428515,0.050094626127952555
bfo-9f24106a164c4fa21e6f26f6f44af53710e057caa1ad7c0bfbc849cc874200f3,515,25.913694280389148,50.664344448098085,21.0099349830021,25.913694280389148,0.000640368255863564,0.012554026158064188,0.05100899486753243
bfo-9f24106a164c4fa21e6f26f6f44af53710e057caa1ad7c0bfbc849cc874200f3,516,25.96218003546096,54.441344328156696,21.072760826087418,25.96218003546096,0.0006214136274687759,0.01230438093581472,0.050503445131482326
bfo-9f24106a164c4fa21e6f26f6f44af53710e057caa1ad7c0bfbc849cc874200f3,517,25.840806162278252,51.13496138006808,20.990956983858986,25.840806162278252,0.0006251856951405446,0.012409704636525232,0.05037877318211492
bfo-9f24106a164c4fa21e6f26f6f44af53710e057caa1ad7c0bfbc849cc874200f3,518,25.880437601246392,49.64491415615292,20.991441839463743,25.880437601246392,0.0006409096649902484,0.012561173324674092,0.05102307311780344
bfo-9f24106a164c4fa21e6f26f6f44af53710e057caa1ad7c0bfbc849cc874200f3,519,25.854208732530978,50.82632126650873,20.965048358386788,25.854208732530978,0.0006400929586057938,0.012592550119294407,0.05083108286581589
bfo-9f24106a164c4fa21e6f26f6f44af53710e057caa1ad7c0bfbc849cc874200f3,520,25.841704045825924,51.69416449365289,20.97589751412717,25.841704045825924,0.0006301185451790478,0.012482458101341888,0.0504803252743391
bfo-9f24106a164c4fa21e6f26f6f44af53710e057caa1ad7c0bfbc849cc874200f3,521,25.856883880743496,49.746921403715845,20.972619271745216,25.856883880743496,0.0006394700776056188,0.01258120495515038,0.05082741119671835
bfo-9f24106a164c4fa21e6f26f6f44af53710e057caa1ad7c0bfbc849cc874200f3,522,25.92288368538022,53.29128751528747,21.092127215805256,25.92288368538022,0.0006042909839415409,0.012081326646923006,0.050018594944243794
bfo-9f24106a164c4fa21e6f26f6f44af53710e057caa1ad7c0bfbc849cc874200f3,523,25.855738353301536,50.112190581026596,20.96992480504489,25.855738353301536,0.0006404295481288578,0.012582196609099257,0.05089966148404554
bfo-9f24106a164c4fa21e6f26f6f44af53710e057caa1ad7c0bfbc849cc874200f3,524,25.8438037892423,50.06890122611069,20.97998463685724,25.8438037892423,0.0006337289315134432,0.012500236171605962,0.05069735665898424
bfo-9f24106a164c4fa21e6f26f6f44af53710e057caa1ad7c0bfbc849cc874200f3,525,25.85023818122101,51.674720785397525,20.99922280030933,25.85023818122101,0.0006224700802806681,0.012380855089803286,0.05027682464301893
bfo-9f24106a164c4fa21e6f26f6f44af53710e057caa1ad7c0bfbc849cc874200f3,526,25.82489510583548,51.14366152440729,20.952719251359458,25.82489510583548,0.0006357555693191393,0.012573603110101235,0.05056271967169008
bfo-9f24106a164c4fa21e6f26f6f44af53710e057caa1ad7c0bfbc849cc874200f3,527,25.968597987284337,55.03937351115342,21.099395331079275,25.968597987284337,0.0006097870110694957,0.012148083597479679,0.050196148732134675
bfo-9f24106a164c4fa21e6f26f6f44af53710e057caa1ad7c0bfbc849cc874200f3,528,25.86717279466154,52.578842704642035,20.98424550196596,25.86717279466154,0.0006306298734364,0.012482339997403825,0.05052176703787618
bfo-9f24106a164c4fa21e6f26f6f44af53710e057caa1ad7c0bfbc849cc874200f3,529,25.82255513116134,51.41612514959789,20.95646874827722,25.82255513116134,0.0006328441892703321,0.012540415266908618,0.05046437265441025
bfo-9f24106a164c4fa21e6f26f6f44af53710e057caa1ad7c0bfbc849cc874200f3,530,1000000.0,52.364324518391896,20.999868076329566,25.854573132204045,0.0006225309851356616,0.012362328094368855,0.05035709943818994
bfo-9f24106a164c4fa21e6f26f6f44af53710e057caa1ad7c0bfbc849cc874200f3,531,1000000.0000683116,52.74844384557686,20.997283043741607,25.862300106994383,0.0006235981419588915,0.012392503286125683,0.05032059524705194
bfo-9f24106a164c4fa21e6f26f6f44af53710e057caa1ad7c0bfbc849cc874200f3,532,1000000.0,49.576978447940945,20.939712525030192,25.802719390432056,0.0006381052778713517,0.012614492256929,0.05058509410244773
bfo-9f24106a164c4fa21e6f26f6f44af53710e057caa1ad7c0bfbc849cc874200f3,533,1000000.0000175871,51.221287559779,20.955560863031092,25.818186622107913,0.0006326701073127172,0.012537867633628257,0.05046074227293726
bfo-9f24106a164c4fa21e6f26f6f44af53710e057caa1ad7c0bfbc849cc874200f3,534,1000000.0,49.26197325701957,20.976845219375562,25.8346149568006,0.0006307516633249362,0.012515278434181659,0.050398532213412915
bfo-9f24106a164c4fa21e6f26f6f44af53710e057caa1ad7c0bfbc849cc874200f3,535,1000000.0000123363,51.35179795529672,20.957891131169834,25.820991258547025,0.000632195636149819,0.01252949777112788,0.0504565823545304
bfo-9f24106a164c4fa21e6f26f6f44af53710e057caa1ad7c0bfbc849cc874200f3,536,25.91521981485308,53.16631549065062,21.01431686969905,25.91521981485308,0.0006325630432613763,0.012472672840192937,0.05071591721887827
bfo-9f24106a164c4fa21e6f26f6f44af53710e057caa1ad7c0bfbc849cc874200f3,537,1000000.0000135839,51.342330022169946,20.95809390462617,25.820661741396535,0.0006320731815480914,0.012527666090554742,0.05045418491993845
bfo-9f24106a164c4fa21e6f26f6f44af53710e057caa1ad7c0bfbc849cc874200f3,538,25.871274069835387,52.53413735022101,20.97843027400275,25.871274069835387,0.0006340602043462765,0.012526269113394939,0.05061844022401256
bfo-9f24106a164c4fa21e6f26f6f44af53710e057caa1ad7c0bfbc849cc874200f3,539,1000000.0000139144,51.31268662333015,20.95771433818106,25.820161343088124,0.0006322298651154498,0.012528982454756974,0.05046138961391922
bfo-9f24106a164c4fa21e6f26f6f44af53710e057caa1ad7c0bfbc849cc874200f3,540,25.87918294233916,52.08082948685631,20.9785483260062,25.87918294233916,0.0006384145849147496,0.01256582265805884,0.05080563384406154
bfo-9f24106a164c4fa21e6f26f6f44af53710e057caa1ad7c0bfbc849cc874200f3,541,1000000.0000212411,51.31129648443931,20.959323714280565,25.82020069252614,0.0006316122488539199,0.012520305904313073,0.05044703010302154
bfo-9f24106a164c4fa21e6f26f6f44af53710e057caa1ad7c0bfbc849cc874200f3,542,25.83933300509307,51.98126501613389,20.9650428120328,25.83933300509307,0.000632106518996323,0.012525915661347607,0.050463897098307425
bfo-9f24106a164c4fa21e6f26f6f44af53710e057caa1ad7c0bfbc849cc874200f3,543,1000000.0000274399,51.28980772761201,20.960697902944474,25.820066878441327,0.0006311420785781256,0.012512806262250476,0.05043969077361966
bfo-9f24106a164c4fa21e6f26f6f44af53710e057caa1ad7c0bfbc849cc874200f3,544,25.884319802742226,53.28875179513061,21.00488248695891,25.884319802742226,0.0006248766293331751,0.012411357524673618,0.05034716211268014
bfo-9f24106a164c4fa21e6f26f6f44af53710e057caa1ad7c0bfbc849cc874200f3,545,1000000.0000981484,51.25833349530008,20.9747987841089,25.825490529993697,0.0006272902809459953,0.012450066787701164,0.050384491235474005
bfo-9f24106a164c4fa21e6f26f6f44af53710e057caa1ad7c0bfbc849cc874200f3,546,1000000.0000706196,51.2642361197379,20.967899948162316,25.822177310632547,0.0006290420643005095,0.012479088086037964,0.05040769485426612
bfo-9f24106a164c4fa21e6f26f6f44af53710e057caa1ad7c0bfbc849cc874200f3,547,25.83627561190363,51.924075910768835,20.97388162446214,25.83627561190363,0.0006280665591729918,0.012469281299850862,0.05036910661246401
bfo-9f24106a164c4fa21e6f26f6f44af53710e057caa1ad7c0bfbc849cc874200f3,548,25.827570755453564,51.558755556084925,20.972903079964603,25.827570755453564,0.0006269489705100842,0.012460894712407243,0.05031331898550067
bfo-9f24106a164c4fa21e6f26f6f44af53710e057caa1ad7c0bfbc849cc874200f3,549,25.84851002727306,51.387340129178355,20.957172910662457,25.84851002727306,0.0006379482959789457,0.012611686342565239,0.05058390120485552
bfo-9f24106a164c4fa21e6f26f6f44af53710e057caa1ad7c0bfbc849cc874200f3,550,25.83718865885816,51.89718318872541,20.96508212313921,25.83718865885816,0.0006319917216077717,0.01252149082546347,0.050472561967027534
bfo-9f24106a164c4fa21e6f26f6f44af53710e057caa1ad7c0bfbc849cc874200f3,551,25.84497553122526,52.152798210828124,20.96932242288425,25.84497553122526,0.0006312362439186024,0.01251468310660139,0.05043965065209127
bfo-9f24106a164c4fa21e6f26f6f44af53710e057caa1ad7c0bfbc849cc874200f3,552,25.866385938301864,52.7234961941326,20.986057297952495,25.866385938301864,0.0006289075635329076,0.012465966652603907,0.05044996357354611
bfo-9f24106a164c4fa21e6f26f6f44af53710e057caa1ad7c0bfbc849cc874200f3,553,25.830929459731937,51.61936339937543,20.954632707383116,25.830929459731937,0.0006326673966493697,0.012567189910687553,0.050342789529370324
bfo-9f24106a164c4fa21e6f26f6f44af53710e057caa1ad7c0bfbc849cc874200f3,554,25.818955767303667,51.02193880927419,20.967995263303234,25.818955767303667,0.0006276697078241902,0.012477275301877363,0.05030502995551837
bfo-9f24106a164c4fa21e6f26f6f44af53710e057caa1ad7c0bfbc849cc874200f3,555,25.838225959293258,51.877420758671825,20.962503272367528,25.838225959293258,0.0006325084700405603,0.01254005389494334,0.05043905515395061
bfo-9f24106a164c4fa21e6f26f6f44af53710e057caa1ad7c0bfbc849cc874200f3,556,25.833628508600707,51.27507328137359,20.990841024617456,25.833628508600707,0.0006214919893713699,0.012385645225528591,0.05017841041420965
bfo-9f24106a164c4fa21e6f26f6f44af53710e057caa1ad7c0bfbc849cc874200f3,557,25.886107940116556,53.23313678082923,21.008809799892298,25.886107940116556,0.0006226102518775085,0.012398423645831389,0.05021688802244172
bfo-9f24106a164c4fa21e6f26f6f44af53710e057caa1ad7c0bfbc849cc874200f3,558,25.81136329751346,50.54397424923025,20.952611550850303,25.81136329751346,0.0006328839843784208,0.012551370612336524,0.050423495881507165
bfo-9f24106a164c4fa21e6f26f6f44af53710e057caa1ad7c0bfbc849cc874200f3,559,25.85851262183304,51.31637577196763,20.9625420434168,25.85851262183304,0.0006391358787259965,0.012606208646852999,0.05070008728481181
bfo-9f24106a164c4fa21e6f26f6f44af53710e057caa1ad7c0bfbc849cc874200f3,560,1000000.0003894308,50.0230423945073,20.963663720552248,25.859979703730417,0.0006424596932329938,0.012627933049945967,0.05087607692343148
bfo-9f24106a164c4fa21e6f26f6f44af53710e057caa1ad7c0bfbc849cc874200f3,561,25.86671531665585,52.73923718107832,20.998333159464178,25.86671531665585,0.0006218145742125026,0.012400849439764158,0.05014290168047782
bfo-9f24106a164c4fa21e6f26f6f44af53710e057caa1ad7c0bfbc849cc874200f3,562,25.843717981453892,52.062403092358316,20.973957652221298,25.843717981453892,0.0006293923247214183,0.012486114927374978,0.05040737878693695
bfo-9f24106a164c4fa21e6f26f6f44af53710e057caa1ad7c0bfbc849cc874200f3,563,25.88770535586661,52.83221002818901,21.045578393678042,25.88770535586661,0.0006085099719786198,0.012219723299897284,0.049797360958552535
bfo-9f24106a164c4fa21e6f26f6f44af53710e057caa1ad7c0bfbc849cc874200f3,564,1000000.0000673758,51.29017660953864,20.969116250505042,25.82408699767134,0.000627555487309419,0.012479278543529036,0.050287801904608465
bfo-9f24106a164c4fa21e6f26f6f44af53710e057caa1ad7c0bfbc849cc874200f3,565,1000000.0,51.35316880113994,21.137679927480075,26.05556454966144,0.0006312562484799202,0.01234262488255893,0.05114440846143946
bfo-9f24106a164c4fa21e6f26f6f44af53710e057caa1ad7c0bfbc849cc874200f3,566,25.81117248513368,50.035830210560285,20.95454530838012,25.81117248513368,0.0006336599428296978,0.012551550873470972,0.05048459343530248
bfo-9f24106a164c4fa21e6f26f6f44af53710e057caa1ad7c0bfbc849cc874200f3,567,25.812417007062923,50.0319533702219,20.959050526936704,25.812417007062923,0.000631351169180724,0.012531141350808763,0.050382575018992695
bfo-9f24106a164c4fa21e6f26f6f44af53710e057caa1ad7c0bfbc849cc874200f3,568,25.81713384125496,49.413795412408426,20.95852811842729,25.81713384125496,0.0006344762802258041,0.01255692791477875,0.050527986186737886
bfo-9f24106a164c4fa21e6f26f6f44af53710e057caa1ad7c0bfbc849cc874200f3,569,25.89824698588755,53.47935083940479,21.018339257197855,25.89824698588755,0.0006238886888786884,0.012381326298033107,0.05038948767369124
bfo-9f24106a164c4fa21e6f26f6f44af53710e057caa1ad7c0bfbc849cc874200f3,570,25.94773896841335,48.50030433877562,21.05302699015976,25.94773896841335,0.0006389752151925137,0.012473296390378776,0.05122745384976056
bfo-9f24106a164c4fa21e6f26f6f44af53710e057caa1ad7c0bfbc849cc874200f3,571,25.8360523549318,49.29957314045943,20.988122196322667,25.8360523549318,0.0006273530455264963,0.012448604721659345,0.05039545069938351
bfo-9f24106a164c4fa21e6f26f6f44af53710e057caa1ad7c0bfbc849cc874200f3,572,25.80629349588066,49.798832832992055,20.93983422085515,25.80629349588066,0.0006407648851537273,0.01261723080559792,0.0507849063733888
bfo-9f24106a164c4fa21e6f26f6f44af53710e057caa1ad7c0bfbc849cc874200f3,573,25.830068973693,48.59693707472192,20.969343596417644,25.830068973693,0.0006363312981298438,0.012544013926720148,0.050727885176720604
bfo-9f24106a164c4fa21e6f26f6f44af53710e057caa1ad7c0bfbc849cc874200f3,574,25.814624431032456,49.996469578733056,20.964940181842284,25.814624431032456,0.0006318890628934816,0.012501171217158841,0.050546388967632416
bfo-9f24106a164c4fa21e6f26f6f44af53710e057caa1ad7c0bfbc849cc874200f3,575,26.05220467704082,50.16625640734745,21.140671664035164,26.05220467704082,0.0006363565773589284,0.012323761045569634,0.051636555999898845
bfo-9f24106a164c4fa21e6f26f6f44af53710e057caa1ad7c0bfbc849cc874200f3,576,25.803338633957036,49.75929141993582,20.945540777822398,25.803338633957036,0.0006378572342771146,0.012578732942879086,0.050709180103725014
bfo-9f24106a164c4fa21e6f26f6f44af53710e057caa1ad7c0bfbc849cc874200f3,577,1000000.0,50.7989343218285,21.0132509955589,25.921755498669224,0.000642359021555508,0.01255316629398006,0.05117107560851439
bfo-9f24106a164c4fa21e6f26f6f44af53710e057caa1ad7c0bfbc849cc874200f3,578,25.806723429418724,50.3614049706798,20.947832429833266,25.806723429418724,0.0006368228395868696,0.012563553527433916,0.05068811448896972
bfo-9f24106a164c4fa21e6f26f6f44af53710e057caa1ad7c0bfbc849cc874200f3,579,25.839352047575137,48.98800855884208,20.991410691901535,25.839352047575137,0.0006285405263216224,0.012439870142217601,0.05052629321173727
bfo-9f24106a164c4fa21e6f26f6f44af53710e057caa1ad7c0bfbc849cc874200f3,580,25.805718918816538,50.14290105989454,20.95353298660901,25.805718918816538,0.0006341388299834453,0.012534219142934355,0.05059260754515487
bfo-9f24106a164c4fa21e6f26f6f44af53710e057caa1ad7c0bfbc849cc874200f3,581,25.868287659004128,52.86898992212556,20.998819293918064,25.868287659004128,0.0006258848096629457,0.012394722145570218,0.0504960742412957
bfo-9f24106a164c4fa21e6f26f6f44af53710e057caa1ad7c0bfbc849cc874200f3,582,25.807573733055516,49.53825989369316,20.948111630402213,25.807573733055516,0.0006381139393733811,0.012581204412589093,0.05071962257722059
bfo-9f24106a164c4fa21e6f26f6f44af53710e057caa1ad7c0bfbc849cc874200f3,583,26.005540043697625,50.168839316498435,21.09499282505988,26.005540043697625,0.0006368971284876393,0.012414978973261909,0.051300701343056816
bfo-9f24106a164c4fa21e6f26f6f44af53710e057caa1ad7c0bfbc849cc874200f3,584,25.812467794456342,49.40354003494826,20.952541473556415,25.812467794456342,0.0006382674646935832,0.012571477471492246,0.050771078112413805
bfo-9f24106a164c4fa21e6f26f6f44af53710e057caa1ad7c0bfbc849cc874200f3,585,25.84270064988103,50.08938051809925,21.00300841787684,25.84270064988103,0.0006244148814538802,0.012360602587905403,0.05051654051760044
bfo-9f24106a164c4fa21e6f26f6f44af53710e057caa1ad7c0bfbc849cc874200f3,586,25.80672139888349,49.51764277507574,20.947177805841104,25.80672139888349,0.0006387330875772157,0.012583796903918287,0.05075837542946436
bfo-9f24106a164c4fa21e6f26f6f44af53710e057caa1ad7c0bfbc849cc874200f3,587,25.827061646538414,49.99089416490045,20.983645090126302,25.827061646538414,0.0006283577599009915,0.012427259923122285,0.050562856477465536
bfo-9f24106a164c4fa21e6f26f6f44af53710e057caa1ad7c0bfbc849cc874200f3,588,25.803536435463634,49.86178829809866,20.94402041475349,25.803536435463634,0.0006381990752716577,0.012586516285363666,0.050704981489897466
bfo-9f24106a164c4fa21e6f26f6f44af53710e057caa1ad7c0bfbc849cc874200f3,589,25.811010186044438,50.196038928506354,20.962723947925433,25.811010186044438,0.0006320695317673162,0.012496161668899435,0.0505810943003736
bfo-9f24106a164c4fa21e6f26f6f44af53710e057caa1ad7c0bfbc849cc874200f3,590,25.904335397848204,53.593357689420046,21.053646116179795,25.904335397848204,0.0006134698430880801,0.012204059380485095,0.050267687493314665
bfo-9f24106a164c4fa21e6f26f6f44af53710e057caa1ad7c0bfbc849cc874200f3,591,25.807936736384498,50.01150083014436,20.95760904351453,25.807936736384498,0.0006336462446104223,0.012519749343402024,0.05061173568497657
bfo-9f24106a164c4fa21e6f26f6f44af53710e057caa1ad7c0bfbc849cc874200f3,592,25.80974478204884,50.71606598310336,20.9608857934941,25.80974478204884,0.0006312537215426357,0.012491220957534285,0.05053579019126105
bfo-9f24106a164c4fa21e6f26f6f44af53710e057caa1ad7c0bfbc849cc874200f3,593,25.805840249852412,50.31664169043044,20.9528425612923,25.805840249852412,0.0006345279298224173,0.012534067986624597,0.05062426105391619
bfo-9f24106a164c4fa21e6f26f6f44af53710e057caa1ad7c0bfbc849cc874200f3,594,25.90680886834399,48.0715488107909,21.021528256171084,25.90680886834399,0.0006398722607497163,0.012506570524257677,0.051162887500504114
bfo-9f24106a164c4fa21e6f26f6f44af53710e057caa1ad7c0bfbc849cc874200f3,595,25.81029633133344,50.78112558804405,20.958439395322515,25.81029633133344,0.0006323115385994352,0.012505493749627974,0.050562700782465775
bfo-9f24106a164c4fa21e6f26f6f44af53710e057caa1ad7c0bfbc849cc874200f3,596,25.806388415651885,49.79166211836451,20.952772685700317,25.806388415651885,0.0006358137956802269,0.012546047927267854,0.05067841278513972
bfo-9f24106a164c4fa21e6f26f6f44af53710e057caa1ad7c0bfbc849cc874200f3,597,25.8149167215056,51.06603771042294,20.960171236099566,25.8149167215056,0.0006318060195260433,0.012502343549920091,0.050535007057143415
bfo-9f24106a164c4fa21e6f26f6f44af53710e057caa1ad7c0bfbc849cc874200f3,598,25.816043265528446,49.16843140256226,20.96118742569804,25.816043265528446,0.0006357692414129624,0.01253834294143395,0.05070600193204259
bfo-9f24106a164c4fa21e6f26f6f44af53710e057caa1ad7c0bfbc849cc874200f3,599,25.878626479704003,52.54317014507118,21.041325337312323,25.878626479704003,0.0006132903483785968,0.012200550175986494,0.05026743380685357
bfo-9f24106a164c4fa21e6f26f6f44af53710e057caa1ad7c0bfbc849cc874200f3,600,25.804777475884237,49.711106145184814,20.949458730729955,25.804777475884237,0.0006366980205755759,0.012562225487699643,0.050683537021286675
bfo-9f24106a164c4fa21e6f26f6f44af53710e057caa1ad7c0bfbc849cc874200f3,601,25.813521805061875,49.82876571944284,20.97080987032318,25.813521805061875,0.0006296779199686678,0.012460803054849178,0.0505326917693018
bfo-9f24106a164c4fa21e6f26f6f44af53710e057caa1ad7c0bfbc849cc874200f3,602,25.813499174729767,50.878517441793605,20.960007969197516,25.813499174729767,0.0006318114977174517,0.012504487585937005,0.05052678035587876
bfo-9f24106a164c4fa21e6f26f6f44af53710e057caa1ad7c0bfbc849cc874200f3,603,25.93275301241651,49.884632207741085,21.10886449638132,25.93275301241651,0.0006085458547068351,0.012101303799330195,0.0502876272505875
bfo-9f24106a164c4fa21e6f26f6f44af53710e057caa1ad7c0bfbc849cc874200f3,604,25.823452225242104,50.72718269371663,20.94373150879208,25.823452225242104,0.0006427594531850466,0.012620057586687387,0.05093157846308712
bfo-9f24106a164c4fa21e6f26f6f44af53710e057caa1ad7c0bfbc849cc874200f3,605,25.847596033130397,48.62176738687061,20.99471300359412,25.847596033130397,0.0006314328031738889,0.01244893113865048,0.05072184881908978
bfo-9f24106a164c4fa21e6f26f6f44af53710e057caa1ad7c0bfbc849cc874200f3,606,25.91637569803568,49.211439788880924,21.082005091437267,25.91637569803568,0.0006161521106576678,0.012197000888283044,0.05051668982410009
bfo-9f24106a164c4fa21e6f26f6f44af53710e057caa1ad7c0bfbc849cc874200f3,607,25.8728668114451,51.1787939352241,20.97244598076504,25.8728668114451,0.0006430763334893095,0.012590345771610148,0.05107693983586823
bfo-9f24106a164c4fa21e6f26f6f44af53710e057caa1ad7c0bfbc849cc874200f3,608,25.81214511545861,49.81521830155647,20.93543868228377,25.81214511545861,0.000642519169033529,0.012659278143229879,0.050754803059378635
bfo-9f24106a164c4fa21e6f26f6f44af53710e057caa1ad7c0bfbc849cc874200f3,609,26.760645252978666,48.43702547200522,21.91944315731036,26.760645252978666,0.0005405583800902407,0.010506024050298554,0.05145223135814917
bfo-9f24106a164c4fa21e6f26f6f44af53710e057caa1ad7c0bfbc849cc874200f3,610,25.89925817578058,51.9898667803988,21.0145535307701,25.89925817578058,0.0006344583763905497,0.012456775771151672,0.0509327925657838
bfo-9f24106a164c4fa21e6f26f6f44af53710e057caa1ad7c0bfbc849cc874200f3,611,25.82702157974466,52.009146933007386,20.982872639029043,25.82702157974466,0.0006186550716544475,0.012378761943146983,0.0499771362027801
bfo-9f24106a164c4fa21e6f26f6f44af53710e057caa1ad7c0bfbc849cc874200f3,612,25.826003037308297,50.68608337000291,20.940594028790688,25.826003037308297,0.0006431768734814526,0.012646901789615419,0.05085647727648014
bfo-9f24106a164c4fa21e6f26f6f44af53710e057caa1ad7c0bfbc849cc874200f3,613,25.886440907497278,53.09972700457976,21.042310887673874,25.886440907497278,0.0006136054999134796,0.012205230228227507,0.05027397996101462
bfo-9f24106a164c4fa21e6f26f6f44af53710e057caa1ad7c0bfbc849cc874200f3,614,25.812220362435394,50.552086312014225,20.93856660298598,25.812220362435394,0.000642098696421076,0.012624574830757756,0.05086101552162417
bfo-9f24106a164c4fa21e6f26f6f44af53710e057caa1ad7c0bfbc849cc874200f3,615,25.889440567639593,53.48329807129726,21.0102061510904,25.889440567639593,0.0006240975831882919,0.012392012403957129,0.05036289206658633
bfo-9f24106a164c4fa21e6f26f6f44af53710e057caa1ad7c0bfbc849cc874200f3,616,25.825238230000405,51.31443251730752,20.976495073226502,25.825238230000405,0.0006280850716818479,0.012437883262312372,0.050497746154684386
bfo-9f24106a164c4fa21e6f26f6f44af53710e057caa1ad7c0bfbc849cc874200f3,617,25.875162737639567,53.21815719989615,21.009130962178325,25.875162737639567,0.0006250385584189183,0.012345659276506304,0.050628204166330903
bfo-9f24106a164c4fa21e6f26f6f44af53710e057caa1ad7c0bfbc849cc874200f3,618,25.803863313068288,49.72228269031527,20.945890409639482,25.803863313068288,0.0006367005173836043,0.012586689767067498,0.05058522368998895
bfo-9f24106a164c4fa21e6f26f6f44af53710e057caa1ad7c0bfbc849cc874200f3,619,26.11672141596058,57.57547165240134,21.23704501584097,26.11672141596058,0.0005965300888561788,0.011866478296311088,0.05027018749460158
bfo-9f24106a164c4fa21e6f26f6f44af53710e057caa1ad7c0bfbc849cc874200f3,620,25.835659028113316,51.67530891292581,20.958081407398048,25.835659028113316,0.0006373169075031499,0.012553696694346509,0.05076726983456293
bfo-9f24106a164c4fa21e6f26f6f44af53710e057caa1ad7c0bfbc849cc874200f3,621,25.883817727431513,53.27430324641965,21.034123610381137,25.883817727431513,0.0006135030371360422,0.012244988317601511,0.05010237831375998
bfo-9f24106a164c4fa21e6f26f6f44af53710e057caa1ad7c0bfbc849cc874200f3,622,25.80320810627358,49.49615769380453,20.94062596500092,25.80320810627358,0.0006390396249888177,0.012611161286081678,0.05067254398642054
bfo-9f24106a164c4fa21e6f26f6f44af53710e057caa1ad7c0bfbc849cc874200f3,623,26.00161090062375,52.057143501902544,21.201354631415676,26.00161090062375,0.0005867867841321594,0.011778512324250909,0.04981841237488181
bfo-9f24106a164c4fa21e6f26f6f44af53710e057caa1ad7c0bfbc849cc874200f3,624,25.825873999850245,50.120420385501525,20.941670683379165,25.825873999850245,0.0006440007320446088,0.012655473652493802,0.050887129927192125
bfo-9f24106a164c4fa21e6f26f6f44af53710e057caa1ad7c0bfbc849cc874200f3,625,25.988221089766935,55.48797426238996,21.118162458540528,25.988221089766935,0.0006075569776789511,0.01210331564701081,0.05019756531170045
bfo-9f24106a164c4fa21e6f26f6f44af53710e057caa1ad7c0bfbc849cc874200f3,626,25.865221826128906,48.86436508978743,21.017988920306355,25.865221826128906,0.0006249018265184579,0.012379662041283431,0.050478100648834255
bfo-9f24106a164c4fa21e6f26f6f44af53710e057caa1ad7c0bfbc849cc874200f3,627,25.945717975124243,53.69722436720455,21.122621706604562,25.945717975124243,0.0005950037331792104,0.011972425537911339,0.04969784370720023
bfo-9f24106a164c4fa21e6f26f6f44af53710e057caa1ad7c0bfbc849cc874200f3,628,25.879004514647097,50.342319121532775,20.980492934740678,25.879004514647097,0.0006423450346262273,0.012588370614399191,0.05102686076714979
bfo-9f24106a164c4fa21e6f26f6f44af53710e057caa1ad7c0bfbc849cc874200f3,629,25.833846998959874,50.72349786354581,20.968741335287334,25.833846998959874,0.0006334771568072125,0.012525803979914157,0.050573772176463035
bfo-9f24106a164c4fa21e6f26f6f44af53710e057caa1ad7c0bfbc849cc874200f3,630,25.810810006877382,49.33754612725641,20.941560175776658,25.810810006877382,0.0006409803240806306,0.012629476557011103,0.050752722900839306
bfo-9f24106a164c4fa21e6f26f6f44af53710e057caa1ad7c0bfbc849cc874200f3,631,25.90832274179566,51.61525183784521,20.99535389843002,25.90832274179566,0.0006445013331690926,0.012580715724638283,0.05122930581023228
bfo-9f24106a164c4fa21e6f26f6f44af53710e057caa1ad7c0bfbc849cc874200f3,632,25.810753395191405,50.13035897245392,20.95137175798414,25.810753395191405,0.0006356977537458835,0.01256257498609254,0.050602504219846314
bfo-9f24106a164c4fa21e6f26f6f44af53710e057caa1ad7c0bfbc849cc874200f3,633,25.984664609054935,52.360836450544596,21.18417482491541,25.984664609054935,0.00058769039661691,0.011830109713003925,0.049677510257652754
bfo-9f24106a164c4fa21e6f26f6f44af53710e057caa1ad7c0bfbc849cc874200f3,634,25.80450247670118,49.44639031196768,20.938688377304565,25.80450247670118,0.0006402396373075929,0.012626359608005521,0.05070658979977572
bfo-9f24106a164c4fa21e6f26f6f44af53710e057caa1ad7c0bfbc849cc874200f3,635,25.881950479557496,50.65102035985632,21.05431518466194,25.881950479557496,0.0006108644026331294,0.012185693632463522,0.05012963734832007
bfo-9f24106a164c4fa21e6f26f6f44af53710e057caa1ad7c0bfbc849cc874200f3,636,25.8069031833284,49.48818594859248,20.936329406620295,25.8069031833284,0.000641702829328928,0.012640761639341995,0.050764570018609366
bfo-9f24106a164c4fa21e6f26f6f44af53710e057caa1ad7c0bfbc849cc874200f3,637,26.531106940181566,48.40966484910568,21.712584733581284,26.531106940181566,0.0005553952937995522,0.010915135660393724,0.05088304085993543
bfo-9f24106a164c4fa21e6f26f6f44af53710e057caa1ad7c0bfbc849cc874200f3,638,25.8019896443187,49.45892826223461,20.94121439449923,25.8019896443187,0.0006386309052330589,0.012604958044649565,0.05066505600184358
bfo-9f24106a164c4fa21e6f26f6f44af53710e057caa1ad7c0bfbc849cc874200f3,639,25.820770447126208,49.233811673210525,20.942358324461654,25.820770447126208,0.0006408133143592983,0.012649063046966546,0.05066093132589579
bfo-9f24106a164c4fa21e6f26f6f44af53710e057caa1ad7c0bfbc849cc874200f3,640,25.80150850875374,49.48534579239284,20.942660401684396,25.80150850875374,0.0006379180528267614,0.012595108283342479,0.050648080070135874
bfo-9f24106a164c4fa21e6f26f6f44af53710e057caa1ad7c0bfbc849cc874200f3,641,25.830163063441994,51.16264671090056,20.977495195904208,25.830163063441994,0.0006294438103313189,0.012451500962680285,0.05055164130155005
bfo-9f24106a164c4fa21e6f26f6f44af53710e057caa1ad7c0bfbc849cc874200f3,642,25.801604194459884,49.481520391879215,20.944443587775766,25.801604194459884,0.0006372352070929123,0.012585400600753163,0.050632890227966
bfo-9f24106a164c4fa21e6f26f6f44af53710e057caa1ad7c0bfbc849cc874200f3,643,26.525897247237562,48.495397826829006,21.708826459197315,26.525897247237562,0.0005550619966925753,0.010916611924115834,0.05084562871254868
bfo-9f24106a164c4fa21e6f26f6f44af53710e057caa1ad7c0bfbc849cc874200f3,644,25.797914152769195,49.93362194594398,20.943681105315356,25.797914152769195,0.0006356181853222595,0.01257168910638785,0.05055948965515645
bfo-9f24106a164c4fa21e6f26f6f44af53710e057caa1ad7c0bfbc849cc874200f3,645,26.129460829011194,57.673445098345496,21.264334396145046,26.129460829011194,0.0005881210509424828,0.011756811753409762,0.05002385538510586
bfo-9f24106a164c4fa21e6f26f6f44af53710e057caa1ad7c0bfbc849cc874200f3,646,25.798033526399603,49.90002165145141,20.94379884591636,25.798033526399603,0.0006356413439696296,0.012572147001469693,0.05055949026807614
bfo-9f24106a164c4fa21e6f26f6f44af53710e057caa1ad7c0bfbc849cc874200f3,647,25.8078204544184,49.81119648912885,20.96192488188862,25.8078204544184,0.0006312102523719219,0.012501134747956506,0.050492236512777566
bfo-9f24106a164c4fa21e6f26f6f44af53710e057caa1ad7c0bfbc849cc874200f3,648,25.797986594493043,49.876926433257026,20.94368009697572,25.797986594493043,0.0006357193485107126,0.012573090235930784,0.05056190137679787
bfo-9f24106a164c4fa21e6f26f6f44af53710e057caa1ad7c0bfbc849cc874200f3,649,26.493811392100316,48.516241609419495,21.676759366433224,26.493811392100316,0.0005577908480602047,0.010979485615566342,0.05080300367344967
bfo-9f24106a164c4fa21e6f26f6f44af53710e057caa1ad7c0bfbc849cc874200f3,650,25.80604470792872,49.52846536414133,20.932405112891022,25.80604470792872,0.0006431693704474276,0.012657607384876713,0.05081287093924917
bfo-9f24106a164c4fa21e6f26f6f44af53710e057caa1ad7c0bfbc849cc874200f3,651,26.067719817095192,47.600464904648646,21.17898518117633,26.067719817095192,0.0006287468009271587,0.012218968533329325,0.051456618389035404
bfo-9f24106a164c4fa21e6f26f6f44af53710e057caa1ad7c0bfbc849cc874200f3,652,25.798165512080942,50.069551883744644,20.945539366237206,25.798165512080942,0.0006365886864827953,0.012556548805233237,0.050697743174261546
bfo-9f24106a164c4fa21e6f26f6f44af53710e057caa1ad7c0bfbc849cc874200f3,653,26.440720860748254,48.5616893570145,21.62331544162525,26.440720860748254,0.0005622381455101326,0.011086287257782884,0.05071473726385953
bfo-9f24106a164c4fa21e6f26f6f44af53710e057caa1ad7c0bfbc849cc874200f3,654,25.79457124644955,49.169215781826665,20.937655786564193,25.79457124644955,0.0006392393985693924,0.012606886296254598,0.05070557341024843
bfo-9f24106a164c4fa21e6f26f6f44af53710e057caa1ad7c0bfbc849cc874200f3,655,25.988572299175356,49.899175294524255,21.076934115197457,25.988572299175356,0.0006417282945599728,0.012451024377121712,0.05154020063916382
bfo-9f24106a164c4fa21e6f26f6f44af53710e057caa1ad7c0bfbc849cc874200f3,656,25.802033513829684,49.32226469806898,20.954844479866388,25.802033513829684,0.0006343557169368271,0.012528624079011744,0.050632512631575824
bfo-9f24106a164c4fa21e6f26f6f44af53710e057caa1ad7c0bfbc849cc874200f3,657,25.87110505066954,47.851326914337676,20.982531400290732,25.87110505066954,0.0006452740662245762,0.0125908910865117,0.05124927709968374
bfo-9f24106a164c4fa21e6f26f6f44af53710e057caa1ad7c0bfbc849cc874200f3,658,25.850681797191616,48.05170072864338,20.972637208862608,25.850681797191616,0.0006409243014283274,0.012584846512865518,0.0509282573111328
bfo-9f24106a164c4fa21e6f26f6f44af53710e057caa1ad7c0bfbc849cc874200f3,659,26.438280369762722,48.706573269428524,21.6247432861632,26.438280369762722,0.0005608725641033055,0.011063549615384987,0.05069553476068435
bfo-9f24106a164c4fa21e6f26f6f44af53710e057caa1ad7c0bfbc849cc874200f3,660,25.804190287833325,49.566949958961175,20.96069768706404,25.804190287833325,0.0006304700578146195,0.012498252376200924,0.05044465728785855
bfo-9f24106a164c4fa21e6f26f6f44af53710e057caa1ad7c0bfbc849cc874200f3,661,26.323180133434974,50.2637346142078,21.526505156179788,26.323180133434974,0.0005624450805143731,0.01117798880913142,0.050317198390367475
bfo-9f24106a164c4fa21e6f26f6f44af53710e057caa1ad7c0bfbc849cc874200f3,662,25.790263547689374,49.589122776487194,20.93633134995022,25.790263547689374,0.0006375600289061789,0.01259472988903507,0.050621175247373626
bfo-9f24106a164c4fa21e6f26f6f44af53710e057caa1ad7c0bfbc849cc874200f3,663,26.095002602767018,47.285656248718134,21.25610352579252,26.095002602767018,0.0006035918324586746,0.011898469261704297,0.050728528114230564
bfo-9f24106a164c4fa21e6f26f6f44af53710e057caa1ad7c0bfbc849cc874200f3,664,25.80159808017581,49.29995495328515,20.95055390126497,25.80159808017581,0.0006361795630012252,0.012552032720685002,0.05068338946829219
bfo-9f24106a164c4fa21e6f26f6f44af53710e057caa1ad7c0bfbc849cc874200f3,665,25.82242901173142,48.10626361206227,20.964261420921943,25.82242901173142,0.0006368232879769633,0.012550763732572547,0.05073980369212422
bfo-9f24106a164c4fa21e6f26f6f44af53710e057caa1ad7c0bfbc849cc874200f3,666,25.812185451926556,49.779282069699015,20.974134189072775,25.812185451926556,0.0006278042281687896,0.01243986604941222,0.05046712124351638
bfo-9f24106a164c4fa21e6f26f6f44af53710e057caa1ad7c0bfbc849cc874200f3,667,26.234417953972166,46.93309520545782,21.358855652735738,26.234417953972166,0.0006056685207239114,0.011822522836247816,0.051230057164020334
bfo-9f24106a164c4fa21e6f26f6f44af53710e057caa1ad7c0bfbc849cc874200f3,668,25.802984551772926,50.79659138553903,20.95613873728165,25.802984551772926,0.0006301425750398639,0.012493597972540425,0.05043723804982752
bfo-9f24106a164c4fa21e6f26f6f44af53710e057caa1ad7c0bfbc849cc874200f3,669,26.200734134566247,57.911259588435755,21.391773308438225,26.200734134566247,0.0005594613968227061,0.011294621640985509,0.049533434107482906
bfo-9f24106a164c4fa21e6f26f6f44af53710e057caa1ad7c0bfbc849cc874200f3,670,25.848159601002433,51.022794306665986,21.015532094165124,25.848159601002433,0.0006167464585752756,0.012289756301516776,0.0501837826108202
bfo-9f24106a164c4fa21e6f26f6f44af53710e057caa1ad7c0bfbc849cc874200f3,671,26.01648372571594,53.64932008071108,21.118859043587694,26.01648372571594,0.0006276605851493975,0.012275035212659014,0.051133098543139244
bfo-9f24106a164c4fa21e6f26f6f44af53710e057caa1ad7c0bfbc849cc874200f3,672,25.788116757929313,49.69221318762599,20.92981808636243,25.788116757929313,0.000639191991621819,0.012624305136510632,0.050631855354416146
bfo-9f24106a164c4fa21e6f26f6f44af53710e057caa1ad7c0bfbc849cc874200f3,673,25.98029379997467,50.092099189079136,21.067719939384606,25.98029379997467,0.000637991537901357,0.012477904444814687,0.05112970216457143
bfo-9f24106a164c4fa21e6f26f6f44af53710e057caa1ad7c0bfbc849cc874200f3,674,25.81527199471347,48.76323439488481,20.952529533669583,25.81527199471347,0.0006397577752707038,0.01258940589246901,0.05081715378272197
bfo-9f24106a164c4fa21e6f26f6f44af53710e057caa1ad7c0bfbc849cc874200f3,675,25.85033654177952,50.60407594842435,21.013399288982313,25.85033654177952,0.0006208921399748748,0.012317979591340577,0.05040535547009318
bfo-9f24106a164c4fa21e6f26f6f44af53710e057caa1ad7c0bfbc849cc874200f3,676,25.817624777234887,48.35825834003989,20.95444902844909,25.817624777234887,0.0006391581392260641,0.012591662891361778,0.050760423364299555
bfo-9f24106a164c4fa21e6f26f6f44af53710e057caa1ad7c0bfbc849cc874200f3,677,25.995804753079778,47.34987319309002,21.15792089170495,25.995804753079778,0.0006105172596090322,0.012082881858902607,0.050527454190012304
bfo-9f24106a164c4fa21e6f26f6f44af53710e057caa1ad7c0bfbc849cc874200f3,678,25.78424956363584,49.53386273909412,20.926159364177465,25.78424956363584,0.0006395610249121205,0.01263679070939354,0.05061103247019069
bfo-9f24106a164c4fa21e6f26f6f44af53710e057caa1ad7c0bfbc849cc874200f3,679,26.15274785500768,58.002452982638715,21.287602040088952,26.15274785500768,0.0005841860246398289,0.011704073055815957,0.049913053503159464
bfo-9f24106a164c4fa21e6f26f6f44af53710e057caa1ad7c0bfbc849cc874200f3,680,25.7846518543467,49.52124380222417,20.928909003802623,25.7846518543467,0.0006385588067530363,0.012623409594770466,0.050585287751224825
bfo-9f24106a164c4fa21e6f26f6f44af53710e057caa1ad7c0bfbc849cc874200f3,681,26.01260106281296,47.19347531594035,21.161397197011684,26.01260106281296,0.000617792410813404,0.012128806781115267,0.05093595948575221
bfo-9f24106a164c4fa21e6f26f6f44af53710e057caa1ad7c0bfbc849cc874200f3,682,25.78909734346393,49.31996417545367,20.93567935169505,25.78909734346393,0.0006371673216502013,0.012602446034758694,0.050559020042048645
bfo-9f24106a164c4fa21e6f26f6f44af53710e057caa1ad7c0bfbc849cc874200f3,683,26.373759223374105,50.450284684203474,21.58017597763749,26.373759223374105,0.0005551405631149884,0.011057191405016747,0.050206290438557136
bfo-9f24106a164c4fa21e6f26f6f44af53710e057caa1ad7c0bfbc849cc874200f3,684,25.79150617354147,49.71157959736934,20.945464878757267,25.79150617354147,0.0006334062380119931,0.012545337124343489,0.0504893755930166
bfo-9f24106a164c4fa21e6f26f6f44af53710e057caa1ad7c0bfbc849cc874200f3,685,25.99938734625912,52.17005328225696,21.203123007000862,25.99938734625912,0.0005838642466032387,0.011750085121957687,0.049690214202121524
bfo-9f24106a164c4fa21e6f26f6f44af53710e057caa1ad7c0bfbc849cc874200f3,686,25.79848671108304,48.76026089425311,20.9339039927315,25.79848671108304,0.0006417669851507686,0.012645576007695614,0.05075031653443179
bfo-9f24106a164c4fa21e6f26f6f44af53710e057caa1ad7c0bfbc849cc874200f3,687,26.061596872559868,47.56577037938236,21.170436215393995,26.061596872559868,0.0006296320620023062,0.01224453830173702,0.051421462082648396
bfo-9f24106a164c4fa21e6f26f6f44af53710e057caa1ad7c0bfbc849cc874200f3,688,25.786590949167593,49.65143203517981,20.936566526804896,25.786590949167593,0.0006347976330013101,0.012584098389777684,0.05044442703316504
bfo-9f24106a164c4fa21e6f26f6f44af53710e057caa1ad7c0bfbc849cc874200f3,689,25.9867539571858,52.55343282714943,21.189779740167403,25.9867539571858,0.0005852033103736218,0.011795204303719544,0.04961366461359907
bfo-9f24106a164c4fa21e6f26f6f44af53710e057caa1ad7c0bfbc849cc874200f3,690,25.788981541484436,49.14895615943034,20.925052772075954,25.788981541484436,0.0006413263699753293,0.012665117183159538,0.050637223540898904
bfo-9f24106a164c4fa21e6f26f6f44af53710e057caa1ad7c0bfbc849cc874200f3,691,26.35576762532785,46.89354696545129,21.485834693631265,26.35576762532785,0.0005908445827371209,0.011550882663363085,0.051151466078964924
bfo-9f24106a164c4fa21e6f26f6f44af53710e057caa1ad7c0bfbc849cc874200f3,692,25.78829190743381,49.99298495064637,20.937962743253053,25.78829190743381,0.0006346004218082215,0.012575605849774098,0.05046281104775729
bfo-9f24106a164c4fa21e6f26f6f44af53710e057caa1ad7c0bfbc849cc874200f3,693,26.01723927076805,56.01217213099086,21.147598993194496,26.01723927076805,0.0006028726033352903,0.01202616775332131,0.05013006767420094
bfo-9f24106a164c4fa21e6f26f6f44af53710e057caa1ad7c0bfbc849cc874200f3,694,25.783422978558626,49.89234513649504,20.927477782995982,25.783422978558626,0.000637987003253741,0.012620396234920547,0.05055205806363159
bfo-9f24106a164c4fa21e6f26f6f44af53710e057caa1ad7c0bfbc849cc874200f3,695,1000000.0,57.532560960657804,21.34201362246155,26.16110154318189,0.0005666792039960846,0.011433574452326022,0.04956273354049841
bfo-9f24106a164c4fa21e6f26f6f44af53710e057caa1ad7c0bfbc849cc874200f3,696,25.794337100287546,49.80485082024905,20.949924893441832,25.794337100287546,0.000631302560504179,0.012529302570525397,0.050386089485083475
bfo-9f24106a164c4fa21e6f26f6f44af53710e057caa1ad7c0bfbc849cc874200f3,697,26.04102013726687,47.11575365081261,21.190478316452918,26.04102013726687,0.000613368470187942,0.012073424957158307,0.05080318736103769
bfo-9f24106a164c4fa21e6f26f6f44af53710e057caa1ad7c0bfbc849cc874200f3,698,25.785204883643306,50.245079134402964,20.924348208108928,25.785204883643306,0.000638701900670489,0.012635427093848982,0.05054850112517477
bfo-9f24106a164c4fa21e6f26f6f44af53710e057caa1ad7c0bfbc849cc874200f3,699,26.02605154348284,55.04273253581286,21.21585515481696,26.02605154348284,0.0005806797903662514,0.01171431131099597,0.049570117691953415
bfo-9f24106a164c4fa21e6f26f6f44af53710e057caa1ad7c0bfbc849cc874200f3,700,25.79967905799741,49.999496037809806,20.959171054414806,25.79967905799741,0.0006291742934657502,0.012487459612091148,0.05038449076195961
bfo-9f24106a164c4fa21e6f26f6f44af53710e057caa1ad7c0bfbc849cc874200f3,701,26.23271688655058,50.68048390239612,21.441955111160937,26.23271688655058,0.0005655970539892899,0.011313107673770587,0.04999484406045434
bfo-9f24106a164c4fa21e6f26f6f44af53710e057caa1ad7c0bfbc849cc874200f3,702,25.84291622127918,50.492200269339214,20.950043604231404,25.84291622127918,0.0006435047779851068,0.01264117047241153,0.050905474250941475
bfo-9f24106a164c4fa21e6f26f6f44af53710e057caa1ad7c0bfbc849cc874200f3,703,25.78265395023578,49.821846256094744,20.926560677723636,25.78265395023578,0.0006384057052537533,0.012624509466869676,0.0505687533388218
bfo-9f24106a164c4fa21e6f26f6f44af53710e057caa1ad7c0bfbc849cc874200f3,704,25.802201542363665,50.9592936072398,20.955885810903165,25.802201542363665,0.0006284743240741956,0.012491847401231913,0.05031075900048356
bfo-9f24106a164c4fa21e6f26f6f44af53710e057caa1ad7c0bfbc849cc874200f3,705,25.782297448267926,49.68239352012951,20.926216471510795,25.782297448267926,0.0006387958031871418,0.012628118580680341,0.050585192014622866
bfo-9f24106a164c4fa21e6f26f6f44af53710e057caa1ad7c0bfbc849cc874200f3,706,25.784545626642505,49.18520074530697,20.922275811727044,25.784545626642505,0.0006418382115438309,0.012664783188086054,0.05067897349775537
bfo-9f24106a164c4fa21e6f26f6f44af53710e057caa1ad7c0bfbc849cc874200f3,707,25.783182977313892,49.5160584704489,20.92891615964381,25.783182977313892,0.0006382499174810512,0.012618990352663612,0.050578524877493834
bfo-9f24106a164c4fa21e6f26f6f44af53710e057caa1ad7c0bfbc849cc874200f3,708,25.78277858807155,49.72825490048119,20.928863478069573,25.78277858807155,0.0006376678302408947,0.012614397696980703,0.05055079485828503
bfo-9f24106a164c4fa21e6f26f6f44af53710e057caa1ad7c0bfbc849cc874200f3,709,25.78242008620219,49.694308739054215,20.92661486137421,25.78242008620219,0.0006385886248880763,0.012626203748020539,0.05057645493707406
bfo-9f24106a164c4fa21e6f26f6f44af53710e057caa1ad7c0bfbc849cc874200f3,710,25.78553836365239,49.410606656265,20.93396134200236,25.78553836365239,0.0006369040983040711,0.012600750850203542,0.050544932272332255
bfo-9f24106a164c4fa21e6f26f6f44af53710e057caa1ad7c0bfbc849cc874200f3,711,25.78228263547364,49.69777941068697,20.925790820626666,25.78228263547364,0.0006389815052805973,0.01262997527013452,0.050592458941037304
bfo-9f24106a164c4fa21e6f26f6f44af53710e057caa1ad7c0bfbc849cc874200f3,712,25.78773683937171,49.306475391865995,20.937823433391955,25.78773683937171,0.0006361507919945024,0.01258553346556773,0.050546192081163864
bfo-9f24106a164c4fa21e6f26f6f44af53710e057caa1ad7c0bfbc849cc874200f3,713,25.782550373959264,49.785945618322124,20.926164743473425,25.782550373959264,0.0006387446035233739,0.01262685915641205,0.0505861826453503
bfo-9f24106a164c4fa21e6f26f6f44af53710e057caa1ad7c0bfbc849cc874200f3,714,25.783419489553484,50.24857698928564,20.926275415025415,25.783419489553484,0.0006377468157903164,0.01262057843877332,0.050532296826507686
bfo-9f24106a164c4fa21e6f26f6f44af53710e057caa1ad7c0bfbc849cc874200f3,715,25.782267791240983,49.71946060691997,20.925966907412228,25.782267791240983,0.000638885471960673,0.012628464605898046,0.050590906487736086
bfo-9f24106a164c4fa21e6f26f6f44af53710e057caa1ad7c0bfbc849cc874200f3,716,25.781222914945296,49.602471177501215,20.918952821566048,25.781222914945296,0.0006418495083988467,0.012665204530005586,0.05067817948602553
bfo-9f24106a164c4fa21e6f26f6f44af53710e057caa1ad7c0bfbc849cc874200f3,717,25.79662028353583,49.92915871277962,20.927948497492988,25.79662028353583,0.0006419126786586055,0.012653038003365275,0.05073190157872589
bfo-9f24106a164c4fa21e6f26f6f44af53710e057caa1ad7c0bfbc849cc874200f3,718,25.78122462018412,49.50998033764715,20.920024221716577,25.78122462018412,0.0006417190776214503,0.012660998775886265,0.05068471208161303
bfo-9f24106a164c4fa21e6f26f6f44af53710e057caa1ad7c0bfbc849cc874200f3,719,25.779987826288554,50.00451067878805,20.92133084592695,25.779987826288554,0.000639594121602604,0.012641075536522588,0.050596495508209646
bfo-9f24106a164c4fa21e6f26f6f44af53710e057caa1ad7c0bfbc849cc874200f3,720,25.780855987574526,50.11747366258284,20.918017660853554,25.780855987574526,0.0006411598892660423,0.012658576164296578,0.05065023751047366
bfo-9f24106a164c4fa21e6f26f6f44af53710e057caa1ad7c0bfbc849cc874200f3,721,25.77950126867003,49.829345522442324,20.919048459470304,25.77950126867003,0.0006407049196821814,0.012656207301450872,0.05062376938221712
bfo-9f24106a164c4fa21e6f26f6f44af53710e057caa1ad7c0bfbc849cc874200f3,722,25.780238081800505,49.62617061593722,20.91473027708681,25.780238081800505,0.0006432512813259824,0.012685373133354397,0.05070810882453619
bfo-9f24106a164c4fa21e6f26f6f44af53710e057caa1ad7c0bfbc849cc874200f3,723,25.779255334145468,49.639297108823044,20.918587502823016,25.779255334145468,0.0006412182195272517,0.012661702488846875,0.05064233819204582
bfo-9f24106a164c4fa21e6f26f6f44af53710e057caa1ad7c0bfbc849cc874200f3,724,25.774985724788102,49.425440447197026,20.916670803041566,25.774985724788102,0.0006410417519824149,0.012664474832230843,0.05061731816553309
bfo-9f24106a164c4fa21e6f26f6f44af53710e057caa1ad7c0bfbc849cc874200f3,725,25.77730318791241,49.01147646556565,20.918535938911187,25.77730318791241,0.0006417747000377101,0.01266762427622059,0.050662593556902114
bfo-9f24106a164c4fa21e6f26f6f44af53710e057caa1ad7c0bfbc849cc874200f3,726,25.775671456894916,49.410232606917326,20.915857493774922,25.775671456894916,0.0006414800022330143,0.012671444132651314,0.05062406427536322
bfo-9f24106a164c4fa21e6f26f6f44af53710e057caa1ad7c0bfbc849cc874200f3,727,25.775619174195086,49.960984874427126,20.916223114025804,25.775619174195086,0.0006402347007759341,0.012657920507668603,0.050579769432748285
bfo-9f24106a164c4fa21e6f26f6f44af53710e057caa1ad7c0bfbc849cc874200f3,728,25.77549498583651,49.31328558449302,20.91805717848364,25.77549498583651,0.0006406657444887224,0.012660494769770825,0.05060353138950189
bfo-9f24106a164c4fa21e6f26f6f44af53710e057caa1ad7c0bfbc849cc874200f3,729,25.77290279318599,49.63002024792972,20.920367532789125,25.77290279318599,0.0006384506754332451,0.012632241090735966,0.050541362442920915
bfo-9f24106a164c4fa21e6f26f6f44af53710e057caa1ad7c0bfbc849cc874200f3,730,25.773367799055972,49.162270037481115,20.92164055995264,25.773367799055972,0.0006387417233924034,0.012633689781849028,0.050558604368305074
bfo-9f24106a164c4fa21e6f26f6f44af53710e057caa1ad7c0bfbc849cc874200f3,731,25.772652362864722,49.59190319405668,20.920499788026866,25.772652362864722,0.0006382974508283968,0.012631177285157039,0.050533488400836823
bfo-9f24106a164c4fa21e6f26f6f44af53710e057caa1ad7c0bfbc849cc874200f3,732,25.768428512851244,49.47667108130152,20.910361049033856,25.768428512851244,0.0006415565723817111,0.012678284177917012,0.050602791622163815
bfo-9f24106a164c4fa21e6f26f6f44af53710e057caa1ad7c0bfbc849cc874200f3,733,25.767465935755908,49.538152137059114,20.914203664481928,25.767465935755908,0.0006390963253814196,0.012650777192405996,0.05051834489386598
bfo-9f24106a164c4fa21e6f26f6f44af53710e057caa1ad7c0bfbc849cc874200f3,734,25.76730664019942,49.80351917591747,20.911802924955,25.76730664019942,0.00063967474168535,0.012659271763380291,0.05053013740772585
bfo-9f24106a164c4fa21e6f26f6f44af53710e057caa1ad7c0bfbc849cc874200f3,735,25.768049357879615,49.81186952118874,20.91687387047536,25.768049357879615,0.0006373021807558806,0.012629666495905918,0.05046072918572086
bfo-9f24106a164c4fa21e6f26f6f44af53710e057caa1ad7c0bfbc849cc874200f3,736,25.76846834284721,49.95812765093466,20.91252292933695,25.76846834284721,0.0006394686353514322,0.012656459187000027,0.05052508177075757
bfo-9f24106a164c4fa21e6f26f6f44af53710e057caa1ad7c0bfbc849cc874200f3,737,25.767231125575844,49.90301949971108,20.912520039908806,25.767231125575844,0.0006390941802000038,0.012652668416820662,0.05051062425301383
bfo-9f24106a164c4fa21e6f26f6f44af53710e057caa1ad7c0bfbc849cc874200f3,738,25.76354559251324,49.55866621865164,20.905174400960238,25.76354559251324,0.0006416841885236586,0.012690105365018705,0.050565710060415464
bfo-9f24106a164c4fa21e6f26f6f44af53710e057caa1ad7c0bfbc849cc874200f3,739,25.772823963556466,49.794046576308105,20.909526838341787,25.772823963556466,0.0006423320579330539,0.012690898296294276,0.050613600624363514
bfo-9f24106a164c4fa21e6f26f6f44af53710e057caa1ad7c0bfbc849cc874200f3,740,25.763234781433066,49.50477261164388,20.90466322044677,25.763234781433066,0.0006418011000228617,0.012693351873587862,0.05056198759906057
bfo-9f24106a164c4fa21e6f26f6f44af53710e057caa1ad7c0bfbc849cc874200f3,741,25.762706410127464,49.313564544587095,20.906782536427315,25.762706410127464,0.0006409608766183446,0.012681565046981477,0.050542726725271894
bfo-9f24106a164c4fa21e6f26f6f44af53710e057caa1ad7c0bfbc849cc874200f3,742,25.76260260567494,49.37596355896964,20.909470108739054,25.76260260567494,0.0006393962217718835,0.012663920210637907,0.05048959651804975
bfo-9f24106a164c4fa21e6f26f6f44af53710e057caa1ad7c0bfbc849cc874200f3,743,25.765128660265432,49.55344382708682,20.915855604778642,25.765128660265432,0.0006367689701099823,0.012631697959001808,0.050410401845952746
bfo-9f24106a164c4fa21e6f26f6f44af53710e057caa1ad7c0bfbc849cc874200f3,744,25.761473374253452,49.449988138575975,20.906383987065578,25.761473374253452,0.0006402726591545547,0.012677187832426854,0.050505890392884105
bfo-9f24106a164c4fa21e6f26f6f44af53710e057caa1ad7c0bfbc849cc874200f3,745,25.759411845537652,49.38155430664423,20.902372822899313,25.759411845537652,0.0006412505346729388,0.01269524370259324,0.05051108507211653
bfo-9f24106a164c4fa21e6f26f6f44af53710e057caa1ad7c0bfbc849cc874200f3,746,25.758739496214314,49.34402268354156,20.901881802015254,25.758739496214314,0.0006410089508189132,0.012696258132904146,0.050488021282242834
bfo-9f24106a164c4fa21e6f26f6f44af53710e057caa1ad7c0bfbc849cc874200f3,747,25.759667055988498,49.57469063015918,20.9048656017878,25.759667055988498,0.0006396116097871412,0.012677641291032238,0.05045194094895099
bfo-9f24106a164c4fa21e6f26f6f44af53710e057caa1ad7c0bfbc849cc874200f3,748,25.75838168854997,49.366183529591005,20.900146490641447,25.75838168854997,0.0006416203179013606,0.01270547747310591,0.05049950458449899
bfo-9f24106a164c4fa21e6f26f6f44af53710e057caa1ad7c0bfbc849cc874200f3,749,25.757482169570114,49.383335176334725,20.897497467182184,25.757482169570114,0.0006426226625695646,0.012718276908829583,0.05052749418621542
bfo-9f24106a164c4fa21e6f26f6f44af53710e057caa1ad7c0bfbc849cc874200f3,750,25.758640173557218,49.523232996771895,20.89545362014441,25.758640173557218,0.0006440989764721284,0.012732403845290284,0.05058738195068958
bfo-9f24106a164c4fa21e6f26f6f44af53710e057caa1ad7c0bfbc849cc874200f3,751,25.75995711781883,49.27704936654855,20.89908711289361,25.75995711781883,0.0006432305715154151,0.012719867186656755,0.05056896916267878
bfo-9f24106a164c4fa21e6f26f6f44af53710e057caa1ad7c0bfbc849cc874200f3,752,25.75410909951775,49.2127400256897,20.8912103826835,25.75410909951775,0.0006445768514457958,0.012746230242174172,0.050569999066315936
bfo-9f24106a164c4fa21e6f26f6f44af53710e057caa1ad7c0bfbc849cc874200f3,753,25.756612963956037,49.23345501584353,20.887500880475727,25.756612963956037,0.0006470085536491923,0.012777499116571443,0.05063655632032652
bfo-9f24106a164c4fa21e6f26f6f44af53710e057caa1ad7c0bfbc849cc874200f3,754,25.75396697637079,49.12624337161523,20.891252239012534,25.75396697637079,0.0006446532078762121,0.01274691438587546,0.05057327509711185
bfo-9f24106a164c4fa21e6f26f6f44af53710e057caa1ad7c0bfbc849cc874200f3,755,25.753593033331708,48.592432079409846,20.89605377617012,25.753593033331708,0.000642970763699099,0.012723556931651392,0.05053388507262707
bfo-9f24106a164c4fa21e6f26f6f44af53710e057caa1ad7c0bfbc849cc874200f3,756,25.755786729133533,48.34294887221131,20.899769876948387,25.755786729133533,0.0006423244764764868,0.012712918860509103,0.050525334388137846
bfo-9f24106a164c4fa21e6f26f6f44af53710e057caa1ad7c0bfbc849cc874200f3,757,25.753931554546547,48.60953997352226,20.895669425747247,25.753931554546547,0.0006432342503280984,0.012727411676649737,0.050539282194211096
bfo-9f24106a164c4fa21e6f26f6f44af53710e057caa1ad7c0bfbc849cc874200f3,758,25.756829527400235,48.72131005966085,20.89513803220588,25.756829527400235,0.0006443720283788941,0.012740608924249395,0.05057623479459063
bfo-9f24106a164c4fa21e6f26f6f44af53710e057caa1ad7c0bfbc849cc874200f3,759,25.753590131824296,48.583993750079365,20.895587300878184,25.753590131824296,0.0006431698543232539,0.01272665584314105,0.05053722378058068
bfo-9f24106a164c4fa21e6f26f6f44af53710e057caa1ad7c0bfbc849cc874200f3,760,25.752671003014356,48.61097174050019,20.89399707876763,25.752671003014356,0.0006435481132115269,0.012732288685517427,0.05054457443645167
bfo-9f24106a164c4fa21e6f26f6f44af53710e057caa1ad7c0bfbc849cc874200f3,761,25.747135647634323,48.99791036126635,20.890844261015094,25.747135647634323,0.0006418945736376719,0.012723604431122639,0.05044911425158443
bfo-9f24106a164c4fa21e6f26f6f44af53710e057caa1ad7c0bfbc849cc874200f3,762,25.74676152753699,49.18115954997768,20.892352663776265,25.74676152753699,0.00064051150251699,0.012709390552344154,0.050396712562968043
bfo-9f24106a164c4fa21e6f26f6f44af53710e057caa1ad7c0bfbc849cc874200f3,763,25.7468892058473,49.31618565595127,20.892702262387218,25.7468892058473,0.0006400187578502599,0.012705865368910881,0.05037191401510347
bfo-9f24106a164c4fa21e6f26f6f44af53710e057caa1ad7c0bfbc849cc874200f3,764,25.74701056473858,49.18049759439758,20.89300699565576,25.74701056473858,0.0006403181839956198,0.012706202668604265,0.05039414219149683
bfo-9f24106a164c4fa21e6f26f6f44af53710e057caa1ad7c0bfbc849cc874200f3,765,25.746379352689143,49.02437151097662,20.89279755285529,25.746379352689143,0.0006403782011926018,0.012707438641163372,0.05039396366772265
bfo-9f24106a164c4fa21e6f26f6f44af53710e057caa1ad7c0bfbc849cc874200f3,766,25.746010559362997,48.854889811047435,20.893091383308555,25.746010559362997,0.0006403722900683366,0.012706788274134486,0.05039607776985291
bfo-9f24106a164c4fa21e6f26f6f44af53710e057caa1ad7c0bfbc849cc874200f3,767,25.75502406893983,49.079960172289944,20.910310587844577,25.75502406893983,0.000634935615658002,0.01263161283509884,0.050265601388109184
bfo-9f24106a164c4fa21e6f26f6f44af53710e057caa1ad7c0bfbc849cc874200f3,768,25.746194127519566,48.866976791292174,20.89342387555175,25.746194127519566,0.0006403098973798103,0.012705133018233918,0.05039773266921819
bfo-9f24106a164c4fa21e6f26f6f44af53710e057caa1ad7c0bfbc849cc874200f3,769,25.74498972290318,48.66715098200413,20.887792573379258,25.74498972290318,0.0006431966587975415,0.01273818789673903,0.05049357601030517
bfo-9f24106a164c4fa21e6f26f6f44af53710e057caa1ad7c0bfbc849cc874200f3,770,25.743675133354742,48.7849123496008,20.887315297978944,25.743675133354742,0.0006426981463043141,0.012733653621304589,0.05047240685336534
bfo-9f24106a164c4fa21e6f26f6f44af53710e057caa1ad7c0bfbc849cc874200f3,771,25.74565596335226,48.59221939673015,20.89243014619674,25.74565596335226,0.0006411428730558082,0.012713535022315843,0.05042994508847629
bfo-9f24106a164c4fa21e6f26f6f44af53710e057caa1ad7c0bfbc849cc874200f3,772,25.743603171620787,48.81186090529417,20.88728530222423,25.743603171620787,0.0006427768576006963,0.012732894684385291,0.05048159696074073
bfo-9f24106a164c4fa21e6f26f6f44af53710e057caa1ad7c0bfbc849cc874200f3,773,25.74298688143437,48.720334454694324,20.884073625930153,25.74298688143437,0.0006441275617080626,0.012751703374120148,0.05051306031908907
bfo-9f24106a164c4fa21e6f26f6f44af53710e057caa1ad7c0bfbc849cc874200f3,774,25.744382223933766,48.908258020277536,20.880999952116035,25.744382223933766,0.0006457142863305315,0.0127742488737466,0.050548121671372126
bfo-9f24106a164c4fa21e6f26f6f44af53710e057caa1ad7c0bfbc849cc874200f3,775,25.743470873105252,48.72702302138778,20.885320691725834,25.743470873105252,0.0006437685069482377,0.012745789605048928,0.05050832681980132
bfo-9f24106a164c4fa21e6f26f6f44af53710e057caa1ad7c0bfbc849cc874200f3,776,25.742126345131084,48.54910801441724,20.88185764510354,25.742126345131084,0.0006449166157338415,0.012763720005133414,0.05052732396781376
bfo-9f24106a164c4fa21e6f26f6f44af53710e057caa1ad7c0bfbc849cc874200f3,777,25.74460941783322,48.22018995882537,20.883192473457836,25.74460941783322,0.0006455136907663674,0.01277056366885414,0.05054700070449492
bfo-9f24106a164c4fa21e6f26f6f44af53710e057caa1ad7c0bfbc849cc874200f3,778,25.74183614832967,48.572027070766836,20.881313450105417,25.74183614832967,0.0006450146178137805,0.012765594634398764,0.050527581071366165
bfo-9f24106a164c4fa21e6f26f6f44af53710e057caa1ad7c0bfbc849cc874200f3,779,25.73936739271919,48.75365380395911,20.881108936307548,25.73936739271919,0.0006435729166403634,0.012754301101389542,0.05045928518735127
bfo-9f24106a164c4fa21e6f26f6f44af53710e057caa1ad7c0bfbc849cc874200f3,780,25.741110043030044,48.68250377634969,20.886863595633667,25.741110043030044,0.0006414949178073209,0.012726286103383956,0.05040707969285285
bfo-9f24106a164c4fa21e6f26f6f44af53710e057caa1ad7c0bfbc849cc874200f3,781,25.739805509358266,48.71978134012231,20.880754054216517,25.739805509358266,0.0006439215781676708,0.012758817809396769,0.05046874936120082
bfo-9f24106a164c4fa21e6f26f6f44af53710e057caa1ad7c0bfbc849cc874200f3,782,25.740294639404375,49.03745264269634,20.87763537610065,25.740294639404375,0.0006451192286573362,0.01277487606632243,0.050499059662740826
bfo-9f24106a164c4fa21e6f26f6f44af53710e057caa1ad7c0bfbc849cc874200f3,783,25.739774946020944,48.6700776476229,20.88140735818382,25.739774946020944,0.0006437266489108626,0.012755547990944527,0.050466404843434384
bfo-9f24106a164c4fa21e6f26f6f44af53710e057caa1ad7c0bfbc849cc874200f3,784,25.742607506897503,49.038241535377324,20.891508099629387,25.742607506897503,0.0006389531391660031,0.012697655438110014,0.05032056053815146
bfo-9f24106a164c4fa21e6f26f6f44af53710e057caa1ad7c0bfbc849cc874200f3,785,25.73912982716593,48.743924229514775,20.88095257854298,25.73912982716593,0.0006436203930846473,0.012754267729930066,0.05046313961046013
bfo-9f24106a164c4fa21e6f26f6f44af53710e057caa1ad7c0bfbc849cc874200f3,786,25.73913798119459,48.6120571883491,20.88115254454727,25.73913798119459,0.0006438888059270044,0.01275423861030371,0.05048429981597089
bfo-9f24106a164c4fa21e6f26f6f44af53710e057caa1ad7c0bfbc849cc874200f3,787,25.739828167536952,48.7580769023979,20.882542124118235,25.739828167536952,0.0006430059418115939,0.012746666072969105,0.05044502916532568
bfo-9f24106a164c4fa21e6f26f6f44af53710e057caa1ad7c0bfbc849cc874200f3,788,25.738462191041034,49.12000934780724,20.87833140293445,25.738462191041034,0.0006440464519819212,0.01276055991904041,0.0504716451368972
bfo-9f24106a164c4fa21e6f26f6f44af53710e057caa1ad7c0bfbc849cc874200f3,789,25.737084993550695,48.8914290318386,20.873380585305885,25.737084993550695,0.0006461654223053732,0.01279005666279879,0.05052091944086631
bfo-9f24106a164c4fa21e6f26f6f44af53710e057caa1ad7c0bfbc849cc874200f3,790,25.737726754192995,49.1680993597533,20.8715925286515,25.737726754192995,0.0006469271542119898,0.012798719467035778,0.05054624065151262
bfo-9f24106a164c4fa21e6f26f6f44af53710e057caa1ad7c0bfbc849cc874200f3,791,25.736874973204813,48.91555833065292,20.874966814692204,25.736874973204813,0.0006455022270824,0.012778300595794847,0.05051549869587709
bfo-9f24106a164c4fa21e6f26f6f44af53710e057caa1ad7c0bfbc849cc874200f3,792,25.73524531666596,49.02792600349133,20.872918337949525,25.73524531666596,0.0006455932613433242,0.012782036595456443,0.05050785581171075
bfo-9f24106a164c4fa21e6f26f6f44af53710e057caa1ad7c0bfbc849cc874200f3,793,25.735949962831906,48.642384188163206,20.867787554391217,25.735949962831906,0.000648832354414002,0.012822747051468556,0.05060010556315956
bfo-9f24106a164c4fa21e6f26f6f44af53710e057caa1ad7c0bfbc849cc874200f3,794,25.735444706677026,48.99804324866155,20.872940257516625,25.735444706677026,0.0006456776026445669,0.012783307460611543,0.050509432291608064
bfo-9f24106a164c4fa21e6f26f6f44af53710e057caa1ad7c0bfbc849cc874200f3,795,25.736763573893366,49.37727156052329,20.877336605450367,25.736763573893366,0.0006434546695034542,0.012753697709520088,0.05045240087689572
bfo-9f24106a164c4fa21e6f26f6f44af53710e057caa1ad7c0bfbc849cc874200f3,796,25.735315774585324,49.04707899725047,20.873249367266062,25.735315774585324,0.000645463956382907,0.012779901742142188,0.05050617519651707
bfo-9f24106a164c4fa21e6f26f6f44af53710e057caa1ad7c0bfbc849cc874200f3,797,25.734710887372373,48.95385187586936,20.873269770563223,25.734710887372373,0.0006454922676538487,0.012778272934440598,0.050514828644337983
bfo-9f24106a164c4fa21e6f26f6f44af53710e057caa1ad7c0bfbc849cc874200f3,798,25.73466918015353,48.90428139842812,20.873102581662987,25.73466918015353,0.0006456299503333429,0.012779910046591477,0.050519131040796215
bfo-9f24106a164c4fa21e6f26f6f44af53710e057caa1ad7c0bfbc849cc874200f3,799,25.735445001412653,48.76452751538402,20.87304190972118,25.735445001412653,0.0006462977417459185,0.01278557387132863,0.050548981864257735
bfo-9f24106a164c4fa21e6f26f6f44af53710e057caa1ad7c0bfbc849cc874200f3,800,25.73453590968681,48.85486493485229,20.873005503319106,25.73453590968681,0.0006456623929993012,0.012781002192237946,0.05051735249614616
bfo-9f24106a164c4fa21e6f26f6f44af53710e057caa1ad7c0bfbc849cc874200f3,801,25.734489143495946,49.030277978690705,20.871702338329285,25.734489143495946,0.0006463055663708494,0.012786185174174592,0.050547177095186364
bfo-9f24106a164c4fa21e6f26f6f44af53710e057caa1ad7c0bfbc849cc874200f3,802,25.7344957103407,49.1373489469257,20.87255007950428,25.7344957103407,0.0006457996129903238,0.012778716292745376,0.05053712737616311
bfo-9f24106a164c4fa21e6f26f6f44af53710e057caa1ad7c0bfbc849cc874200f3,803,25.73439712398097,49.038996291586734,20.871928971983415,25.73439712398097,0.0006460875742252086,0.012784362241989521,0.05053733318844566
bfo-9f24106a164c4fa21e6f26f6f44af53710e057caa1ad7c0bfbc849cc874200f3,804,25.732807861130045,48.85808222247283,20.871630381858335,25.732807861130045,0.0006459964320527027,0.012782606277162396,0.050537145402565514
bfo-9f24106a164c4fa21e6f26f6f44af53710e057caa1ad7c0bfbc849cc874200f3,805,25.73285616258994,48.73749431591325,20.87164457266452,25.73285616258994,0.0006462813793087723,0.012784565330704512,0.050551689681354074
bfo-9f24106a164c4fa21e6f26f6f44af53710e057caa1ad7c0bfbc849cc874200f3,806,25.732834087695927,48.86535834131632,20.87130773822603,25.732834087695927,0.000646070771974536,0.012784933315537548,0.05053376157929313
bfo-9f24106a164c4fa21e6f26f6f44af53710e057caa1ad7c0bfbc849cc874200f3,807,25.733028375329262,48.91276579867976,20.871693397234242,25.733028375329262,0.0006459808585418207,0.012782139270889354,0.05053777343930276
bfo-9f24106a164c4fa21e6f26f6f44af53710e057caa1ad7c0bfbc849cc874200f3,808,25.732832799935267,48.82610267920926,20.871136641167787,25.732832799935267,0.0006462613638913701,0.012786531599845876,0.050542350663659245
bfo-9f24106a164c4fa21e6f26f6f44af53710e057caa1ad7c0bfbc849cc874200f3,809,25.733270251452872,48.95032390458374,20.87247618276317,25.733270251452872,0.0006454950387212851,0.012776742372178868,0.050521096842872815
bfo-9f24106a164c4fa21e6f26f6f44af53710e057caa1ad7c0bfbc849cc874200f3,810,25.732797169792594,48.852169434782155,20.872018918252326,25.732797169792594,0.0006458981277867568,0.012779896103341916,0.050540170480560934
bfo-9f24106a164c4fa21e6f26f6f44af53710e057caa1ad7c0bfbc849cc874200f3,811,25.7311648790846,48.7060525530143,20.869133613075494,25.7311648790846,0.0006467383902112752,0.012793874697308251,0.050550627195633295
bfo-9f24106a164c4fa21e6f26f6f44af53710e057caa1ad7c0bfbc849cc874200f3,812,25.730626874076666,48.59211996047259,20.86696488242203,25.730626874076666,0.0006478495243878078,0.012806874001144669,0.05058607778368894
bfo-9f24106a164c4fa21e6f26f6f44af53710e057caa1ad7c0bfbc849cc874200f3,813,25.729212862633453,48.79640290216294,20.87164000455405,25.729212862633453,0.0006443991943832918,0.012768829516025546,0.05046658298433206
bfo-9f24106a164c4fa21e6f26f6f44af53710e057caa1ad7c0bfbc849cc874200f3,814,25.728912323257326,48.88682131145746,20.87031630344666,25.728912323257326,0.0006447768514591673,0.012774651304023912,0.050473146868288125
bfo-9f24106a164c4fa21e6f26f6f44af53710e057caa1ad7c0bfbc849cc874200f3,815,25.727702146763857,48.96211867933692,20.868142888902515,25.727702146763857,0.0006451849999393011,0.012781746968969564,0.05047705931791845
bfo-9f24106a164c4fa21e6f26f6f44af53710e057caa1ad7c0bfbc849cc874200f3,816,25.726509485512672,48.76694502701995,20.87009449504264,25.726509485512672,0.0006438935712721285,0.012768505518250664,0.05042826432206802
bfo-9f24106a164c4fa21e6f26f6f44af53710e057caa1ad7c0bfbc849cc874200f3,817,25.72363417527014,48.87842514309765,20.863791185686143,25.72363417527014,0.0006458957841472993,0.012794495090986758,0.050482319118814525
bfo-9f24106a164c4fa21e6f26f6f44af53710e057caa1ad7c0bfbc849cc874200f3,818,25.72271408246984,48.793606103467965,20.862723085758176,25.72271408246984,0.0006462343106954983,0.0127987390320301,0.05049202965059554
bfo-9f24106a164c4fa21e6f26f6f44af53710e057caa1ad7c0bfbc849cc874200f3,819,25.720037899333786,48.48075670356471,20.858892547772008,25.720037899333786,0.0006473679902297189,0.01281767579222097,0.05050587959344436
bfo-9f24106a164c4fa21e6f26f6f44af53710e057caa1ad7c0bfbc849cc874200f3,820,25.720088451554588,49.02274147192209,20.857846756637993,25.720088451554588,0.000646709366811716,0.012817106955860339,0.050456734818462474
bfo-9f24106a164c4fa21e6f26f6f44af53710e057caa1ad7c0bfbc849cc874200f3,821,25.720084095439624,48.47804815741556,20.85934050292706,25.720084095439624,0.0006471764389645131,0.01281559822427716,0.050499120496656794
bfo-9f24106a164c4fa21e6f26f6f44af53710e057caa1ad7c0bfbc849cc874200f3,822,25.71858423848621,48.50459595384112,20.85960669266833,25.71858423848621,0.0006462717036359669,0.012806378778578075,0.05046482809933911
bfo-9f24106a164c4fa21e6f26f6f44af53710e057caa1ad7c0bfbc849cc874200f3,823,25.719873420340473,48.16644115783448,20.86260256312624,25.719873420340473,0.0006458187498927042,0.012797816678857658,0.05046319744207732
bfo-9f24106a164c4fa21e6f26f6f44af53710e057caa1ad7c0bfbc849cc874200f3,824,25.719343382602727,48.503650344582375,20.860836967978333,25.719343382602727,0.0006460976645654378,0.012801699793907342,0.050469677852696744
bfo-9f24106a164c4fa21e6f26f6f44af53710e057caa1ad7c0bfbc849cc874200f3,825,25.720520498169556,48.41143346793869,20.86188461566102,25.720520498169556,0.0006459542157430665,0.012801692253964051,0.05045850212053383
bfo-9f24106a164c4fa21e6f26f6f44af53710e057caa1ad7c0bfbc849cc874200f3,826,25.719223993164846,48.52861567084691,20.861089250454157,25.719223993164846,0.000645836361829814,0.012798808504002303,0.05046066293029192
bfo-9f24106a164c4fa21e6f26f6f44af53710e057caa1ad7c0bfbc849cc874200f3,827,25.71778065085047,48.45943937874961,20.859022424345135,25.71778065085047,0.0006463900934834904,0.012807120987658707,0.05047114758315859
bfo-9f24106a164c4fa21e6f26f6f44af53710e057caa1ad7c0bfbc849cc874200f3,828,25.718873000456814,48.43129669126892,20.862945535667667,25.718873000456814,0.0006448109862613254,0.012786594934691798,0.05042867077237773
bfo-9f24106a164c4fa21e6f26f6f44af53710e057caa1ad7c0bfbc849cc874200f3,829,25.71776235687161,48.23948198605239,20.858887993749374,25.71776235687161,0.0006468573936914126,0.012810968646047348,0.050492465602200325
bfo-9f24106a164c4fa21e6f26f6f44af53710e057caa1ad7c0bfbc849cc874200f3,830,25.72095593810516,47.92228038222789,20.863502759557242,25.72095593810516,0.0006464014211011144,0.012799216921046252,0.05050320071052248
bfo-9f24106a164c4fa21e6f26f6f44af53710e057caa1ad7c0bfbc849cc874200f3,831,25.717600416654612,48.24307330398889,20.858152251765674,25.717600416654612,0.0006471550679071956,0.012814915414107488,0.050500143543262516
bfo-9f24106a164c4fa21e6f26f6f44af53710e057caa1ad7c0bfbc849cc874200f3,832,25.716843027310727,48.278489939910905,20.856959853716834,25.716843027310727,0.0006472856007910895,0.012818932070551915,0.050494502757999306
bfo-9f24106a164c4fa21e6f26f6f44af53710e057caa1ad7c0bfbc849cc874200f3,833,25.71565511584326,48.63314740053107,20.85084455610174,25.71565511584326,0.0006492051925120764,0.012847401183014414,0.05053202459112061
bfo-9f24106a164c4fa21e6f26f6f44af53710e057caa1ad7c0bfbc849cc874200f3,834,25.714061586571415,48.63427271076073,20.850948565882014,25.714061586571415,0.0006485211360638562,0.012839727154737957,0.05050894993703562
bfo-9f24106a164c4fa21e6f26f6f44af53710e057caa1ad7c0bfbc849cc874200f3,835,25.713704231065073,48.624396577370106,20.854431739538928,25.713704231065073,0.0006465184601379239,0.012816025517373217,0.05044609651108394
bfo-9f24106a164c4fa21e6f26f6f44af53710e057caa1ad7c0bfbc849cc874200f3,836,25.71309035039122,48.84895416097159,20.84862307988768,25.71309035039122,0.000648623639286168,0.012847995050741495,0.050484424746780554
bfo-9f24106a164c4fa21e6f26f6f44af53710e057caa1ad7c0bfbc849cc874200f3,837,25.711634408641245,48.741446578942686,20.846309078659797,25.711634408641245,0.0006492724213664096,0.01285809867553866,0.0504952122199521
bfo-9f24106a164c4fa21e6f26f6f44af53710e057caa1ad7c0bfbc849cc874200f3,838,25.710805542151352,48.60918475019086,20.84409546278539,25.710805542151352,0.0006502386647534648,0.012871157402538561,0.050519051583132614
bfo-9f24106a164c4fa21e6f26f6f44af53710e057caa1ad7c0bfbc849cc874200f3,839,25.714982038308026,48.962897041759334,20.84411120422441,25.714982038308026,0.0006512516527029756,0.012882932549697591,0.05055150682429544
bfo-9f24106a164c4fa21e6f26f6f44af53710e057caa1ad7c0bfbc849cc874200f3,840,25.710840880909373,48.60393373536407,20.844507418888316,25.710840880909373,0.00065007093425924,0.01286907407044373,0.05051419633618017
bfo-9f24106a164c4fa21e6f26f6f44af53710e057caa1ad7c0bfbc849cc874200f3,841,25.710157493200526,48.60200933961015,20.842621789552414,25.710157493200526,0.0006505740755091699,0.012878235664717413,0.05051732958199794
bfo-9f24106a164c4fa21e6f26f6f44af53710e057caa1ad7c0bfbc849cc874200f3,842,25.709423856479248,48.456918455095156,20.841319759238853,25.709423856479248,0.0006512256029938172,0.012885710769746435,0.050538586084268595
bfo-9f24106a164c4fa21e6f26f6f44af53710e057caa1ad7c0bfbc849cc874200f3,843,25.708826954902783,48.34996192507111,20.83992317075309,25.708826954902783,0.0006517349649352853,0.012893829683377149,0.05054626755117669
bfo-9f24106a164c4fa21e6f26f6f44af53710e057caa1ad7c0bfbc849cc874200f3,844,25.707249793999353,48.29431483807038,20.837966474943606,25.707249793999353,0.0006521988407365946,0.012900395751369712,0.05055649867697638
bfo-9f24106a164c4fa21e6f26f6f44af53710e057caa1ad7c0bfbc849cc874200f3,845,25.70803030458747,48.13327194078547,20.839841417040326,25.70803030458747,0.0006520589298987916,0.012893732314124485,0.05057177503091881
bfo-9f24106a164c4fa21e6f26f6f44af53710e057caa1ad7c0bfbc849cc874200f3,846,25.707364159320058,48.26867323898123,20.83741724975257,25.707364159320058,0.0006526232580772535,0.012904739241598247,0.050572370805721634
bfo-9f24106a164c4fa21e6f26f6f44af53710e057caa1ad7c0bfbc849cc874200f3,847,25.708984008243164,48.187011203189925,20.835579059715734,25.708984008243164,0.0006543399382911504,0.012924707231084203,0.05062706075983281
bfo-9f24106a164c4fa21e6f26f6f44af53710e057caa1ad7c0bfbc849cc874200f3,848,25.707477661870097,48.287776268862125,20.83806589876212,25.707477661870097,0.000652296923254636,0.012900903712063164,0.050562110826755255
bfo-9f24106a164c4fa21e6f26f6f44af53710e057caa1ad7c0bfbc849cc874200f3,849,25.70580935858917,48.09455267956426,20.83630277020804,25.70580935858917,0.0006526352190493956,0.012908048966964313,0.050560330280717936
bfo-9f24106a164c4fa21e6f26f6f44af53710e057caa1ad7c0bfbc849cc874200f3,850,25.707476001577614,48.10118209094801,20.836098340698797,25.707476001577614,0.0006536185828722262,0.012915618865807107,0.0506068342263196
bfo-9f24106a164c4fa21e6f26f6f44af53710e057caa1ad7c0bfbc849cc874200f3,851,25.705758219788148,48.11873784525239,20.83587651002299,25.705758219788148,0.0006527827755034414,0.012910238320220951,0.05056318553632009
bfo-9f24106a164c4fa21e6f26f6f44af53710e057caa1ad7c0bfbc849cc874200f3,852,25.70681243203553,48.12977233658914,20.83359844719718,25.70681243203553,0.0006538528049753079,0.012929974434464774,0.05056876239696708
bfo-9f24106a164c4fa21e6f26f6f44af53710e057caa1ad7c0bfbc849cc874200f3,853,25.704899139986566,48.22173712445944,20.83643526900372,25.704899139986566,0.0006521316583400779,0.012901393532255992,0.05054738131269479
bfo-9f24106a164c4fa21e6f26f6f44af53710e057caa1ad7c0bfbc849cc874200f3,854,25.70349854880023,48.48891024845239,20.834514545777996,25.70349854880023,0.0006521539621043836,0.012902541726350341,0.05054461174673172
bfo-9f24106a164c4fa21e6f26f6f44af53710e057caa1ad7c0bfbc849cc874200f3,855,25.701991555132174,48.21673760357028,20.838041762550983,25.701991555132174,0.0006498801157002253,0.012878550761091704,0.05046220865655349
bfo-9f24106a164c4fa21e6f26f6f44af53710e057caa1ad7c0bfbc849cc874200f3,856,25.702388256399757,48.498220086409724,20.83934736430392,25.702388256399757,0.0006488039313357189,0.012867120528879212,0.05042339736225607
bfo-9f24106a164c4fa21e6f26f6f44af53710e057caa1ad7c0bfbc849cc874200f3,857,25.702063001777336,48.25340049959343,20.837940058634803,25.702063001777336,0.000650068889299634,0.012878725859627705,0.05047618036016072
bfo-9f24106a164c4fa21e6f26f6f44af53710e057caa1ad7c0bfbc849cc874200f3,858,25.70088754133119,48.36128721187613,20.835853482807032,25.70088754133119,0.0006501095350031198,0.012885646071967821,0.05045222656063832
bfo-9f24106a164c4fa21e6f26f6f44af53710e057caa1ad7c0bfbc849cc874200f3,859,25.70059572658079,48.026878695491504,20.83745165551332,25.70059572658079,0.000649694278357014,0.012879147718706529,0.05044544037749912
bfo-9f24106a164c4fa21e6f26f6f44af53710e057caa1ad7c0bfbc849cc874200f3,860,25.700339003446082,47.84493343067925,20.83473227341358,25.700339003446082,0.0006512579670414867,0.012897770121553026,0.0504938420288009
bfo-9f24106a164c4fa21e6f26f6f44af53710e057caa1ad7c0bfbc849cc874200f3,861,25.701679819142008,47.94452930718735,20.841975171916644,25.701679819142008,0.0006478463483104724,0.012854974799049596,0.050396547518581636
bfo-9f24106a164c4fa21e6f26f6f44af53710e057caa1ad7c0bfbc849cc874200f3,862,25.700167872549834,47.88960553394336,20.834474566664102,25.700167872549834,0.0006512285369903065,0.012898269580116865,0.050489605054789534
bfo-9f24106a164c4fa21e6f26f6f44af53710e057caa1ad7c0bfbc849cc874200f3,863,25.698780221478938,48.18268503750809,20.834810055893865,25.698780221478938,0.000650004939656915,0.01288664215433756,0.05044021024810777
bfo-9f24106a164c4fa21e6f26f6f44af53710e057caa1ad7c0bfbc849cc874200f3,864,25.701322897301523,47.76369791960202,20.841919454274883,25.701322897301523,0.0006479985737125514,0.012857292445147061,0.05039930268966824
bfo-9f24106a164c4fa21e6f26f6f44af53710e057caa1ad7c0bfbc849cc874200f3,865,25.698897697672972,48.20459511183765,20.834753508544182,25.698897697672972,0.0006499854871536826,0.012887378419103118,0.050435819141478856
bfo-9f24106a164c4fa21e6f26f6f44af53710e057caa1ad7c0bfbc849cc874200f3,866,25.6987584213216,48.19123829304646,20.837075232845354,25.6987584213216,0.0006486450113443275,0.012871470935760682,0.05039400815816655
bfo-9f24106a164c4fa21e6f26f6f44af53710e057caa1ad7c0bfbc849cc874200f3,867,25.69831164654695,48.15309900014384,20.83546333164194,25.69831164654695,0.0006494803760885799,0.012880703350362352,0.05042274155551522
bfo-9f24106a164c4fa21e6f26f6f44af53710e057caa1ad7c0bfbc849cc874200f3,868,25.69905183794977,47.793069436594365,20.83728686043293,25.69905183794977,0.0006494291725484667,0.012876723602101408,0.05043434903289246
bfo-9f24106a164c4fa21e6f26f6f44af53710e057caa1ad7c0bfbc849cc874200f3,869,25.6980784336379,48.14215818497918,20.834644270389937,25.6980784336379,0.0006499402106022336,0.012885120912762454,0.05044114176363536
bfo-9f24106a164c4fa21e6f26f6f44af53710e057caa1ad7c0bfbc849cc874200f3,870,25.69665263006489,48.03347630062895,20.831744437311084,25.69665263006489,0.0006509369617157926,0.012899435228578055,0.050462438872802294
bfo-9f24106a164c4fa21e6f26f6f44af53710e057caa1ad7c0bfbc849cc874200f3,871,25.696103766694005,48.17409869390663,20.830501216641636,25.696103766694005,0.000651049244559263,0.012903768064270326,0.050454196116712216
bfo-9f24106a164c4fa21e6f26f6f44af53710e057caa1ad7c0bfbc849cc874200f3,872,25.695946969304487,48.21726275594365,20.830125491473186,25.695946969304487,0.0006512569892663338,0.01290461750512492,0.05046697346958905
bfo-9f24106a164c4fa21e6f26f6f44af53710e057caa1ad7c0bfbc849cc874200f3,873,25.696173538307463,48.33959067016491,20.830922688584213,25.696173538307463,0.0006506523592396471,0.01289738794655244,0.05044838241169375
bfo-9f24106a164c4fa21e6f26f6f44af53710e057caa1ad7c0bfbc849cc874200f3,874,25.696063710006698,48.26061230627805,20.830032617789634,25.696063710006698,0.0006512217701232886,0.012905138524024164,0.05046220688844031
bfo-9f24106a164c4fa21e6f26f6f44af53710e057caa1ad7c0bfbc849cc874200f3,875,25.696335850812844,48.18484019718061,20.83029940911506,25.696335850812844,0.0006511625137418714,0.012905950402012013,0.05045444104917344
bfo-9f24106a164c4fa21e6f26f6f44af53710e057caa1ad7c0bfbc849cc874200f3,876,25.695960759330646,48.118255054998656,20.829559339929038,25.695960759330646,0.0006517603367717028,0.01290998898144402,0.05048496460442381
bfo-9f24106a164c4fa21e6f26f6f44af53710e057caa1ad7c0bfbc849cc874200f3,877,25.69626569865365,48.52718078015488,20.82657792122375,25.69626569865365,0.0006525597307533327,0.012924452592194949,0.05049031872710897
bfo-9f24106a164c4fa21e6f26f6f44af53710e057caa1ad7c0bfbc849cc874200f3,878,25.695738403767606,48.16966402602684,20.82921893360817,25.695738403767606,0.0006516831400522415,0.012910690803273723,0.05047624096822118
bfo-9f24106a164c4fa21e6f26f6f44af53710e057caa1ad7c0bfbc849cc874200f3,879,25.694730917566595,48.04076354758686,20.826933367263422,25.694730917566595,0.0006528785041574394,0.012922925458501874,0.050520952570218276
bfo-9f24106a164c4fa21e6f26f6f44af53710e057caa1ad7c0bfbc849cc874200f3,880,25.69704925024737,47.62373781663702,20.828403623547587,25.69704925024737,0.0006540327575382317,0.012929068362842766,0.050586224713443075
bfo-9f24106a164c4fa21e6f26f6f44af53710e057caa1ad7c0bfbc849cc874200f3,881,25.694791112451625,48.114378039208546,20.82632886638632,25.694791112451625,0.0006531684092179735,0.012926027177464834,0.050531257613066434
bfo-9f24106a164c4fa21e6f26f6f44af53710e057caa1ad7c0bfbc849cc874200f3,882,25.69427787584365,48.17385719725142,20.827128626969493,25.69427787584365,0.0006525685983157414,0.012917065814333589,0.050519878716698205
bfo-9f24106a164c4fa21e6f26f6f44af53710e057caa1ad7c0bfbc849cc874200f3,883,25.694778103214997,48.38032801657871,20.82985075414153,25.694778103214997,0.0006508970188453692,0.012898099309982966,0.05046456870909523
bfo-9f24106a164c4fa21e6f26f6f44af53710e057caa1ad7c0bfbc849cc874200f3,884,25.694611710065296,48.25520021578909,20.828008126021185,25.694611710065296,0.0006521074840432556,0.012911615894494457,0.05050548973667315
bfo-9f24106a164c4fa21e6f26f6f44af53710e057caa1ad7c0bfbc849cc874200f3,885,25.696827098921396,48.465012347505436,20.83345416226758,25.696827098921396,0.0006498407197242933,0.01288236422239878,0.05044421260768303
bfo-9f24106a164c4fa21e6f26f6f44af53710e057caa1ad7c0bfbc849cc874200f3,886,25.69452034699654,48.225003962038315,20.827730367141427,25.69452034699654,0.0006522482558779606,0.01291346680233323,0.050509151869280455
bfo-9f24106a164c4fa21e6f26f6f44af53710e057caa1ad7c0bfbc849cc874200f3,887,25.69400688305531,48.18228146529947,20.82472683526919,25.69400688305531,0.0006534058522827979,0.012932515823866095,0.05052426466604285
bfo-9f24106a164c4fa21e6f26f6f44af53710e057caa1ad7c0bfbc849cc874200f3,888,25.694091306438356,48.28983656321212,20.824855660077155,25.694091306438356,0.0006531818845399897,0.012930310009339257,0.050515562586528236
bfo-9f24106a164c4fa21e6f26f6f44af53710e057caa1ad7c0bfbc849cc874200f3,889,25.694230953171814,48.17187830228453,20.824741716690365,25.694230953171814,0.0006535421716666797,0.012933445669347567,0.0505311723089836
bfo-9f24106a164c4fa21e6f26f6f44af53710e057caa1ad7c0bfbc849cc874200f3,890,25.69389789750504,48.27682603141607,20.824387554287895,25.69389789750504,0.0006534439320463161,0.012932415463293384,0.05052760127456571
bfo-9f24106a164c4fa21e6f26f6f44af53710e057caa1ad7c0bfbc849cc874200f3,891,25.695528223015625,48.690907661048804,20.82625300206974,25.695528223015625,0.0006524233478414227,0.01291993773749605,0.05049740649662494
bfo-9f24106a164c4fa21e6f26f6f44af53710e057caa1ad7c0bfbc849cc874200f3,892,25.694418197812148,48.1621926666726,20.823560399465205,25.694418197812148,0.0006542682573945396,0.012941971611138204,0.05055398644449652
bfo-9f24106a164c4fa21e6f26f6f44af53710e057caa1ad7c0bfbc849cc874200f3,893,25.69411024817134,48.125201550606405,20.823883965734357,25.69411024817134,0.0006539156804224413,0.012939333165610462,0.05053704638816991
bfo-9f24106a164c4fa21e6f26f6f44af53710e057caa1ad7c0bfbc849cc874200f3,894,25.694617066166025,48.449251955558836,20.825646648793786,25.694617066166025,0.0006528007991408486,0.012924522990107715,0.05050869572830618
bfo-9f24106a164c4fa21e6f26f6f44af53710e057caa1ad7c0bfbc849cc874200f3,895,25.69794818778039,48.83371669474294,20.830533273244573,25.69794818778039,0.0006509528649094666,0.012900517190399875,0.05045943936215856
bfo-9f24106a164c4fa21e6f26f6f44af53710e057caa1ad7c0bfbc849cc874200f3,896,25.694463594387283,48.365858241777296,20.823248751303687,25.694463594387283,0.0006540765031282162,0.012940735630085479,0.05054399702035299
bfo-9f24106a164c4fa21e6f26f6f44af53710e057caa1ad7c0bfbc849cc874200f3,897,25.69510187274898,48.491559629657694,20.822785464689037,25.69510187274898,0.0006542150651191816,0.012944723468803744,0.05053913022520823
bfo-9f24106a164c4fa21e6f26f6f44af53710e057caa1ad7c0bfbc849cc874200f3,898,25.69399375665241,48.293256017310576,20.824515583515474,25.69399375665241,0.0006533979308708408,0.012931603412719163,0.05052721692873576
bfo-9f24106a164c4fa21e6f26f6f44af53710e057caa1ad7c0bfbc849cc874200f3,899,25.693857966048572,48.22560380727825,20.826942318935735,25.693857966048572,0.0006520140484668782,0.012916981009185641,0.050477278553186074
bfo-9f24106a164c4fa21e6f26f6f44af53710e057caa1ad7c0bfbc849cc874200f3,900,25.69533723001375,48.38118815476169,20.8311849854254,25.69533723001375,0.0006499494560818467,0.012893342634187066,0.050409693942243275
bfo-9f24106a164c4fa21e6f26f6f44af53710e057caa1ad7c0bfbc849cc874200f3,901,25.694871637277664,48.42672981119644,20.827865425560027,25.694871637277664,0.0006516545794278355,0.0129119285489221,0.05046919032728354
bfo-9f24106a164c4fa21e6f26f6f44af53710e057caa1ad7c0bfbc849cc874200f3,902,25.693553259200844,47.86304870385282,20.823692551873247,25.693553259200844,0.0006542960969132993,0.012941845511810652,0.05055663014337426
bfo-9f24106a164c4fa21e6f26f6f44af53710e057caa1ad7c0bfbc849cc874200f3,903,25.69530740742779,48.061778149643764,20.821396667813996,25.69530740742779,0.0006560728517202266,0.012961431454757715,0.05061731445406085
bfo-9f24106a164c4fa21e6f26f6f44af53710e057caa1ad7c0bfbc849cc874200f3,904,25.693991198424193,47.854059585150935,20.822132637219468,25.693991198424193,0.0006553494601859934,0.01295390283444845,0.0505908889823703
bfo-9f24106a164c4fa21e6f26f6f44af53710e057caa1ad7c0bfbc849cc874200f3,905,25.69333725398811,47.84878738696423,20.826504501437242,25.69333725398811,0.0006528418121516702,0.012921452310334387,0.05052387274064673
bfo-9f24106a164c4fa21e6f26f6f44af53710e057caa1ad7c0bfbc849cc874200f3,906,25.694176627810005,48.04622921779755,20.82861943888649,25.694176627810005,0.0006520422181829846,0.012908161723182779,0.05051394862925609
bfo-9f24106a164c4fa21e6f26f6f44af53710e057caa1ad7c0bfbc849cc874200f3,907,25.692241581934237,48.03430385362234,20.823559643043755,25.692241581934237,0.0006535103815828588,0.012933224398651133,0.05052957881493315
bfo-9f24106a164c4fa21e6f26f6f44af53710e057caa1ad7c0bfbc849cc874200f3,908,25.69375023101813,48.07395288475358,20.819329076750144,25.69375023101813,0.0006562224143196069,0.012966652601877541,0.05060846730979647
bfo-9f24106a164c4fa21e6f26f6f44af53710e057caa1ad7c0bfbc849cc874200f3,909,25.692563385509,48.0090821689558,20.822998742245993,25.692563385509,0.0006541307606252963,0.012938434743206488,0.05055717894846261
bfo-9f24106a164c4fa21e6f26f6f44af53710e057caa1ad7c0bfbc849cc874200f3,910,25.692237817611204,48.12531886601671,20.8268070660757,25.692237817611204,0.0006515237347419505,0.012910823479604414,0.050463375614358034
bfo-9f24106a164c4fa21e6f26f6f44af53710e057caa1ad7c0bfbc849cc874200f3,911,25.691845730297192,47.95499978775884,20.825503754723858,25.691845730297192,0.0006521540278392082,0.012920776399625576,0.050473284860661057
bfo-9f24106a164c4fa21e6f26f6f44af53710e057caa1ad7c0bfbc849cc874200f3,912,25.6922620712292,47.91734070496117,20.826977991148706,25.6922620712292,0.0006519251409374059,0.012914083104549333,0.050481721052867294
bfo-9f24106a164c4fa21e6f26f6f44af53710e057caa1ad7c0bfbc849cc874200f3,913,25.69205097814955,47.94744288572464,20.82639661832981,25.69205097814955,0.0006518375438422837,0.012915813977513103,0.05046817374244908
bfo-9f24106a164c4fa21e6f26f6f44af53710e057caa1ad7c0bfbc849cc874200f3,914,25.69262793732702,47.64521546330036,20.82743833570256,25.69262793732702,0.0006517654346028227,0.012915911382622507,0.050462210160386316
bfo-9f24106a164c4fa21e6f26f6f44af53710e057caa1ad7c0bfbc849cc874200f3,915,25.691836863136157,48.041069088083766,20.825601920479503,25.691836863136157,0.0006519967268613248,0.012918221747123353,0.05047108956823042
bfo-9f24106a164c4fa21e6f26f6f44af53710e057caa1ad7c0bfbc849cc874200f3,916,25.69148679251643,48.060644218955176,20.823585741567374,25.69148679251643,0.0006529622673212334,0.01292969832114664,0.05050096692923667
bfo-9f24106a164c4fa21e6f26f6f44af53710e057caa1ad7c0bfbc849cc874200f3,917,25.69208198314998,47.86909398544377,20.826172452081025,25.69208198314998,0.0006519481768354243,0.012918990227200904,0.05046432928347209
bfo-9f24106a164c4fa21e6f26f6f44af53710e057caa1ad7c0bfbc849cc874200f3,918,25.691724498917598,48.246330460771915,20.822678833483995,25.691724498917598,0.0006531575180934779,0.012933565814716086,0.05050096218247108
bfo-9f24106a164c4fa21e6f26f6f44af53710e057caa1ad7c0bfbc849cc874200f3,919,25.690841121088113,47.85756090848392,20.820524950965694,25.690841121088113,0.0006543647102977867,0.012949777009446595,0.05053096356952256
bfo-9f24106a164c4fa21e6f26f6f44af53710e057caa1ad7c0bfbc849cc874200f3,920,25.691565332757715,47.779628391291965,20.82112334181485,25.691565332757715,0.0006544262773204046,0.012949648376712758,0.05053621984804266
bfo-9f24106a164c4fa21e6f26f6f44af53710e057caa1ad7c0bfbc849cc874200f3,921,25.690652656543868,47.93087705786853,20.818215559069237,25.690652656543868,0.0006553700495348966,0.012962880968304667,0.050557437898051484
bfo-9f24106a164c4fa21e6f26f6f44af53710e057caa1ad7c0bfbc849cc874200f3,922,25.69018289204496,48.04185673611484,20.81762093682037,25.69018289204496,0.0006552474690316684,0.012962968519422646,0.050547640229928775
bfo-9f24106a164c4fa21e6f26f6f44af53710e057caa1ad7c0bfbc849cc874200f3,923,25.691595234999028,48.314133785868286,20.81647925217402,25.691595234999028,0.000655779141708824,0.012972336243784648,0.050552123332682136
bfo-9f24106a164c4fa21e6f26f6f44af53710e057caa1ad7c0bfbc849cc874200f3,924,25.68973764093559,47.983139345637746,20.81821583326753,25.68973764093559,0.0006548403996994534,0.01295784381952388,0.050536216427673745
bfo-9f24106a164c4fa21e6f26f6f44af53710e057caa1ad7c0bfbc849cc874200f3,925,25.68930324595245,47.97182135443942,20.817793683561167,25.68930324595245,0.0006547618613482913,0.012959598225164468,0.050523314841419927
bfo-9f24106a164c4fa21e6f26f6f44af53710e057caa1ad7c0bfbc849cc874200f3,926,25.69043915690024,47.91460991607566,20.81668838761534,25.69043915690024,0.0006556762968106706,0.012972859804699062,0.05054215544464373
bfo-9f24106a164c4fa21e6f26f6f44af53710e057caa1ad7c0bfbc849cc874200f3,927,25.690495534115215,47.8157293202793,20.817234336930216,25.690495534115215,0.0006556984853774234,0.012970898114190619,0.05055150997293443
bfo-9f24106a164c4fa21e6f26f6f44af53710e057caa1ad7c0bfbc849cc874200f3,928,25.690013497987845,48.34040446451895,20.82191953423516,25.690013497987845,0.0006521271687646129,0.012930517773221089,0.050433182970844266
bfo-9f24106a164c4fa21e6f26f6f44af53710e057caa1ad7c0bfbc849cc874200f3,929,25.689311375966255,48.031499052272,20.818785670721063,25.689311375966255,0.0006541474611127492,0.01295227024910043,0.050504463582990905
bfo-9f24106a164c4fa21e6f26f6f44af53710e057caa1ad7c0bfbc849cc874200f3,930,25.68992860456251,47.912260446397354,20.815209975460515,25.68992860456251,0.0006561692506715011,0.012980483139945003,0.05055044897768583
bfo-9f24106a164c4fa21e6f26f6f44af53710e057caa1ad7c0bfbc849cc874200f3,931,25.689403547266597,48.042329816196045,20.81721741415116,25.689403547266597,0.0006551094114556083,0.012962975735326697,0.05053696194696287
bfo-9f24106a164c4fa21e6f26f6f44af53710e057caa1ad7c0bfbc849cc874200f3,932,25.690013057673465,47.951375433189895,20.81729059954892,25.690013057673465,0.000655171250528148,0.012966576694204241,0.05052769639815529
bfo-9f24106a164c4fa21e6f26f6f44af53710e057caa1ad7c0bfbc849cc874200f3,933,25.689419471652233,47.93638751837632,20.818016289755178,25.689419471652233,0.0006547693520730242,0.01295915204514859,0.05052563237099643
bfo-9f24106a164c4fa21e6f26f6f44af53710e057caa1ad7c0bfbc849cc874200f3,934,25.689735335167377,48.26877424419659,20.81659231776448,25.689735335167377,0.0006551373335181936,0.0129640286329952,0.05053501130433952
bfo-9f24106a164c4fa21e6f26f6f44af53710e057caa1ad7c0bfbc849cc874200f3,935,25.689224670259925,47.913644885517314,20.81741473877131,25.689224670259925,0.0006550185135053406,0.012962650277572462,0.05053121849924713
bfo-9f24106a164c4fa21e6f26f6f44af53710e057caa1ad7c0bfbc849cc874200f3,936,25.689547518803373,47.858299846442016,20.814240080167448,25.689547518803373,0.0006568702742125749,0.012985876949105718,0.050583435896318946
bfo-9f24106a164c4fa21e6f26f6f44af53710e057caa1ad7c0bfbc849cc874200f3,937,25.68864057687235,47.84998257730845,20.817901605693816,25.68864057687235,0.0006546016443708411,0.012957923439955644,0.05051748047471731
bfo-9f24106a164c4fa21e6f26f6f44af53710e057caa1ad7c0bfbc849cc874200f3,938,25.68982987652385,47.47394531411324,20.820416985001224,25.68982987652385,0.0006543947888403564,0.012951052663915205,0.050528308842698176
bfo-9f24106a164c4fa21e6f26f6f44af53710e057caa1ad7c0bfbc849cc874200f3,939,25.688833929674168,47.78835909264899,20.818539947230782,25.688833929674168,0.0006544801472803986,0.012955706606333826,0.05051674657100018
bfo-9f24106a164c4fa21e6f26f6f44af53710e057caa1ad7c0bfbc849cc874200f3,940,25.68908124818741,47.81637501083678,20.818775124951483,25.68908124818741,0.0006542393257899005,0.012954338058186443,0.05050349333569048
bfo-9f24106a164c4fa21e6f26f6f44af53710e057caa1ad7c0bfbc849cc874200f3,941,25.689680196692763,47.65225817008156,20.82042546741104,25.689680196692763,0.0006541788665490446,0.012947958344332752,0.05052370799720521
bfo-9f24106a164c4fa21e6f26f6f44af53710e057caa1ad7c0bfbc849cc874200f3,942,25.689534902933335,47.92782795766969,20.818132451388717,25.689534902933335,0.0006548755068843454,0.012958239118670334,0.05053738404478087
bfo-9f24106a164c4fa21e6f26f6f44af53710e057caa1ad7c0bfbc849cc874200f3,943,25.688926583667687,47.98131100762168,20.817697766783983,25.688926583667687,0.0006547237917581638,0.012958295536719658,0.0505254560603967
bfo-9f24106a164c4fa21e6f26f6f44af53710e057caa1ad7c0bfbc849cc874200f3,944,25.690377118024497,47.54413098937751,20.820117187477276,25.690377118024497,0.0006548281169760581,0.012955211956128854,0.05054553481591413
bfo-9f24106a164c4fa21e6f26f6f44af53710e057caa1ad7c0bfbc849cc874200f3,945,25.688321719160076,47.84421166440056,20.818441059341353,25.688321719160076,0.000654171339049577,0.012952936738399728,0.05050370832972945
bfo-9f24106a164c4fa21e6f26f6f44af53710e057caa1ad7c0bfbc849cc874200f3,946,25.68902034174795,47.91846087398581,20.824530627684013,25.68902034174795,0.0006510781304859876,0.012915074347911136,0.050412263448664694
bfo-9f24106a164c4fa21e6f26f6f44af53710e057caa1ad7c0bfbc849cc874200f3,947,25.68846675013868,47.884268642407854,20.818114943102273,25.68846675013868,0.0006543294433606757,0.012955083286571368,0.05050754432732385
bfo-9f24106a164c4fa21e6f26f6f44af53710e057caa1ad7c0bfbc849cc874200f3,948,25.688635280317087,48.059465794131114,20.819277412694596,25.688635280317087,0.0006534666388880058,0.012945884337320294,0.05047678643352291
bfo-9f24106a164c4fa21e6f26f6f44af53710e057caa1ad7c0bfbc849cc874200f3,949,25.688255275016274,47.88440556607,20.818116223308973,25.688255275016274,0.0006542478580515205,0.01295420533029317,0.050504669439010205
bfo-9f24106a164c4fa21e6f26f6f44af53710e057caa1ad7c0bfbc849cc874200f3,950,25.68812475787548,47.93183497333669,20.81763473228428,25.68812475787548,0.0006545561337764275,0.012956055202232504,0.050521252307078664
bfo-9f24106a164c4fa21e6f26f6f44af53710e057caa1ad7c0bfbc849cc874200f3,951,25.69031092394477,47.526654899570204,20.824712392701798,25.69031092394477,0.0006524719925989246,0.01292477639422336,0.05048226543327608
bfo-9f24106a164c4fa21e6f26f6f44af53710e057caa1ad7c0bfbc849cc874200f3,952,25.68914640455131,48.07135109637644,20.815593312121045,25.68914640455131,0.0006557212602401425,0.012972186633897403,0.05054824438978455
bfo-9f24106a164c4fa21e6f26f6f44af53710e057caa1ad7c0bfbc849cc874200f3,953,25.689786102484632,47.82135234256945,20.81798528681481,25.689786102484632,0.0006553337491267984,0.012962152238446363,0.05055747973573765
bfo-9f24106a164c4fa21e6f26f6f44af53710e057caa1ad7c0bfbc849cc874200f3,954,25.68824068009323,47.908312159452834,20.817466967960552,25.68824068009323,0.0006547219576432308,0.01295827393639441,0.050525398741910275
bfo-9f24106a164c4fa21e6f26f6f44af53710e057caa1ad7c0bfbc849cc874200f3,955,25.68801396985458,48.03772734981864,20.818811843819226,25.68801396985458,0.0006538208133846857,0.012946386156482807,0.05050218690234957
bfo-9f24106a164c4fa21e6f26f6f44af53710e057caa1ad7c0bfbc849cc874200f3,956,25.69083532288236,48.544797376831326,20.824320566602797,25.69083532288236,0.0006512189219606159,0.01291410153891444,0.05042696311456735
bfo-9f24106a164c4fa21e6f26f6f44af53710e057caa1ad7c0bfbc849cc874200f3,957,25.687843908242176,48.08878219845701,20.81767557302239,25.687843908242176,0.0006542141023544332,0.012952283755965367,0.05050955605054013
bfo-9f24106a164c4fa21e6f26f6f44af53710e057caa1ad7c0bfbc849cc874200f3,958,25.688688097565887,48.32970801549777,20.816469461128104,25.688688097565887,0.0006549615259865708,0.012959701269284874,0.05053831970177134
bfo-9f24106a164c4fa21e6f26f6f44af53710e057caa1ad7c0bfbc849cc874200f3,959,25.687742159709217,47.92993613730642,20.817888062777527,25.687742159709217,0.0006543783471375137,0.012952856451730556,0.05052000302605731
bfo-9f24106a164c4fa21e6f26f6f44af53710e057caa1ad7c0bfbc849cc874200f3,960,25.688431581816694,47.72415178577571,20.82046152699054,25.688431581816694,0.000653709885068343,0.012941984754756166,0.05051079084512947
bfo-9f24106a164c4fa21e6f26f6f44af53710e057caa1ad7c0bfbc849cc874200f3,961,25.687622598633567,47.973577882606534,20.816835497155726,25.687622598633567,0.0006548549297681072,0.012958425606676103,0.050535068815051876
bfo-9f24106a164c4fa21e6f26f6f44af53710e057caa1ad7c0bfbc849cc874200f3,962,25.68848942437279,48.25074197975391,20.816668694176073,25.68848942437279,0.0006551607259647768,0.012958504284957855,0.05055836009756797
bfo-9f24106a164c4fa21e6f26f6f44af53710e057caa1ad7c0bfbc849cc874200f3,963,25.687805408666836,48.05959144841277,20.816468911975598,25.687805408666836,0.0006548828235214384,0.012960574497483222,0.05052884219357778
bfo-9f24106a164c4fa21e6f26f6f44af53710e057caa1ad7c0bfbc849cc874200f3,964,25.688233217958416,47.976656162014045,20.818831888675845,25.688233217958416,0.0006540261990109551,0.012947830923018856,0.05051241423366265
bfo-9f24106a164c4fa21e6f26f6f44af53710e057caa1ad7c0bfbc849cc874200f3,965,25.687394479854895,47.973548372624904,20.81630407702312,25.687394479854895,0.0006550360896768827,0.012960901107423515,0.05053939415537263
bfo-9f24106a164c4fa21e6f26f6f44af53710e057caa1ad7c0bfbc849cc874200f3,966,25.688023354691026,48.18855144152395,20.8202536241683,25.688023354691026,0.0006529054808682931,0.01293437866200748,0.05047830266374457
bfo-9f24106a164c4fa21e6f26f6f44af53710e057caa1ad7c0bfbc849cc874200f3,967,25.687104743876592,47.875957408246904,20.815349767855462,25.687104743876592,0.0006555422005371986,0.012967319686723884,0.0505534078263183
bfo-9f24106a164c4fa21e6f26f6f44af53710e057caa1ad7c0bfbc849cc874200f3,968,25.689445735892352,47.44734113906559,20.81766291055511,25.689445735892352,0.0006562368571931218,0.012968079845992159,0.050604011155586354
bfo-9f24106a164c4fa21e6f26f6f44af53710e057caa1ad7c0bfbc849cc874200f3,969,25.68729033667371,47.8850161776603,20.81635638581391,25.68729033667371,0.0006553340166497667,0.01296073563046868,0.0505630263076409
bfo-9f24106a164c4fa21e6f26f6f44af53710e057caa1ad7c0bfbc849cc874200f3,970,25.688714432888347,47.63779535914186,20.81485440690497,25.688714432888347,0.0006565475595707053,0.01298179898529293,0.05057446662935603
bfo-9f24106a164c4fa21e6f26f6f44af53710e057caa1ad7c0bfbc849cc874200f3,971,25.687978077602907,47.800437945197785,20.81521951765911,25.687978077602907,0.0006562165856946253,0.012972916586836792,0.050583581672024897
bfo-9f24106a164c4fa21e6f26f6f44af53710e057caa1ad7c0bfbc849cc874200f3,972,25.68929588307586,48.219330208340935,20.81331251958535,25.68929588307586,0.0006570750146977102,0.01298445275402223,0.050604752248350725
bfo-9f24106a164c4fa21e6f26f6f44af53710e057caa1ad7c0bfbc849cc874200f3,973,25.687110020824367,47.764845512901275,20.816027337772706,25.687110020824367,0.000655318583018887,0.012964402714402341,0.050547533693232484
bfo-9f24106a164c4fa21e6f26f6f44af53710e057caa1ad7c0bfbc849cc874200f3,974,25.688056892488703,47.76424673873331,20.817931055115533,25.688056892488703,0.0006550922706228463,0.012954872911138515,0.050567247947264866
bfo-9f24106a164c4fa21e6f26f6f44af53710e057caa1ad7c0bfbc849cc874200f3,975,25.687660645041902,47.80114875800852,20.814601340660754,25.687660645041902,0.0006562748146761072,0.012975467374051763,0.05057812530040501
bfo-9f24106a164c4fa21e6f26f6f44af53710e057caa1ad7c0bfbc849cc874200f3,976,25.687289783077073,47.92863605774984,20.81409986246048,25.687289783077073,0.0006560827208290169,0.012976243887045786,0.05056029514704065
bfo-9f24106a164c4fa21e6f26f6f44af53710e057caa1ad7c0bfbc849cc874200f3,977,25.686930628730483,47.88964269142377,20.815459124547814,25.686930628730483,0.0006553689953099819,0.012965875303906997,0.050545680869883126
bfo-9f24106a164c4fa21e6f26f6f44af53710e057caa1ad7c0bfbc849cc874200f3,978,25.686128161181134,47.64774976312861,20.818091221814335,25.686128161181134,0.0006540159178471277,0.01294882632967707,0.050507737241653014
bfo-9f24106a164c4fa21e6f26f6f44af53710e057caa1ad7c0bfbc849cc874200f3,979,25.68597259971991,47.743199019682805,20.818440008321122,25.68597259971991,0.0006537527961706466,0.012943848738342043,0.05050683219389852
bfo-9f24106a164c4fa21e6f26f6f44af53710e057caa1ad7c0bfbc849cc874200f3,980,25.68540040009332,47.814809426925905,20.81685735905721,25.68540040009332,0.0006541186849532772,0.012951145353598115,0.05050662834013739
bfo-9f24106a164c4fa21e6f26f6f44af53710e057caa1ad7c0bfbc849cc874200f3,981,25.686533130259257,47.61090495795294,20.81712269703352,25.686533130259257,0.0006550768733513051,0.012956628782031469,0.050559206748269254
bfo-9f24106a164c4fa21e6f26f6f44af53710e057caa1ad7c0bfbc849cc874200f3,982,25.685247709368934,47.89393839287612,20.81744716364908,25.685247709368934,0.0006535608340441027,0.012945839263208721,0.05048423827580514
bfo-9f24106a164c4fa21e6f26f6f44af53710e057caa1ad7c0bfbc849cc874200f3,983,25.685756368747242,47.789710982499656,20.81495876933463,25.685756368747242,0.0006551843831190376,0.012966572485759418,0.05052872560104809
bfo-9f24106a164c4fa21e6f26f6f44af53710e057caa1ad7c0bfbc849cc874200f3,984,25.685877713850953,48.04622435054243,20.8184032126588,25.685877713850953,0.0006531500877509902,0.012939929638078579,0.050475551723940824
bfo-9f24106a164c4fa21e6f26f6f44af53710e057caa1ad7c0bfbc849cc874200f3,985,25.685757091788965,47.67803404636825,20.820189880229258,25.685757091788965,0.0006527885594211985,0.012931978877397584,0.050478628646860646
bfo-9f24106a164c4fa21e6f26f6f44af53710e057caa1ad7c0bfbc849cc874200f3,986,25.68533593847831,47.895466467111476,20.81708087776338,25.68533593847831,0.0006538421077755668,0.012948632487975073,0.050495070300494375
bfo-9f24106a164c4fa21e6f26f6f44af53710e057caa1ad7c0bfbc849cc874200f3,987,25.68585953900632,48.012009879768726,20.818930040866945,25.68585953900632,0.0006528546596424739,0.012937075312304619,0.05046385244596477
bfo-9f24106a164c4fa21e6f26f6f44af53710e057caa1ad7c0bfbc849cc874200f3,988,25.68530546799249,47.8605818284927,20.817517951800102,25.68530546799249,0.0006536685418149053,0.01294609226050643,0.05049157140714945
bfo-9f24106a164c4fa21e6f26f6f44af53710e057caa1ad7c0bfbc849cc874200f3,989,25.6864456372912,47.79168204975342,20.821695064275563,25.6864456372912,0.000651693460483129,0.012924821058026954,0.05042185555663033
bfo-9f24106a164c4fa21e6f26f6f44af53710e057caa1ad7c0bfbc849cc874200f3,990,25.68526294162291,47.97958770207083,20.817409511337534,25.68526294162291,0.0006534308799822587,0.012945253709864131,0.05047648309004188
bfo-9f24106a164c4fa21e6f26f6f44af53710e057caa1ad7c0bfbc849cc874200f3,991,25.68618815422496,47.958167335005705,20.819949077112327,25.68618815422496,0.0006526044230699507,0.01293217430181313,0.05046362721684424
bfo-9f24106a164c4fa21e6f26f6f44af53710e057caa1ad7c0bfbc849cc874200f3,992,25.685047262487817,47.868898612284625,20.81678948369803,25.685047262487817,0.0006539309123569248,0.012949658172942807,0.05049792848766132
bfo-9f24106a164c4fa21e6f26f6f44af53710e057caa1ad7c0bfbc849cc874200f3,993,25.686116617002344,47.4968467791857,20.81573034194014,25.686116617002344,0.00065530316784524,0.012967031848033073,0.05053609611860719
bfo-9f24106a164c4fa21e6f26f6f44af53710e057caa1ad7c0bfbc849cc874200f3,994,25.685615540535196,47.78387961137455,20.818241297257767,25.685615540535196,0.0006535990858435687,0.012943807303973156,0.050495118669059896
bfo-9f24106a164c4fa21e6f26f6f44af53710e057caa1ad7c0bfbc849cc874200f3,995,25.68553948401616,48.340673538322044,20.81252695879755,25.68553948401616,0.0006555816439142605,0.012973718910754472,0.050531512854870064
bfo-9f24106a164c4fa21e6f26f6f44af53710e057caa1ad7c0bfbc849cc874200f3,996,25.685161277182093,47.808574267937395,20.81618773780546,25.685161277182093,0.0006544232488923116,0.012955658759341945,0.050512541357298886
bfo-9f24106a164c4fa21e6f26f6f44af53710e057caa1ad7c0bfbc849cc874200f3,997,25.684691149647993,47.98123735229323,20.813859102123992,25.684691149647993,0.0006552453851326329,0.012965961237951152,0.05053581243284459
bfo-9f24106a164c4fa21e6f26f6f44af53710e057caa1ad7c0bfbc849cc874200f3,998,25.68518270383353,48.32676353147539,20.815245104916702,25.68518270383353,0.0006541546898888879,0.012953016139314455,0.05050211339607806
bfo-9f24106a164c4fa21e6f26f6f44af53710e057caa1ad7c0bfbc849cc874200f3,999,25.684651869676156,48.00079744441057,20.813556226076162,25.684651869676156,0.0006554156855648484,0.012967444971447617,0.050543163052395916
bfo-9f24106a164c4fa21e6f26f6f44af53710e057caa1ad7c0bfbc849cc874200f3,1000,25.687123206953842,48.491532826736844,20.81897828250728,25.687123206953842,0.000652723878520867,0.012934550905394918,0.05046359037085857
bfo-9f24106a164c4fa21e6f26f6f44af53710e057caa1ad7c0bfbc849cc874200f3,1001,25.684734523511523,47.913550884976694,20.813364895136495,25.684734523511523,0.0006557511410749847,0.01297047045485455,0.050557236405372796
bfo-9f24106a164c4fa21e6f26f6f44af53710e057caa1ad7c0bfbc849cc874200f3,1002,25.684843630532797,48.055465007835295,20.814175881905967,25.684843630532797,0.0006551575484911281,0.01296349308636824,0.05053865837904901
bfo-9f24106a164c4fa21e6f26f6f44af53710e057caa1ad7c0bfbc849cc874200f3,1003,25.684664687057325,48.067458197922875,20.813267105676516,25.684664687057325,0.0006553991861396674,0.01296858340141939,0.050537453926381426
bfo-9f24106a164c4fa21e6f26f6f44af53710e057caa1ad7c0bfbc849cc874200f3,1004,25.685334123179338,48.26716533544122,20.812053199343772,25.685334123179338,0.0006558564431527001,0.012976397568469291,0.05054225871950266
bfo-9f24106a164c4fa21e6f26f6f44af53710e057caa1ad7c0bfbc849cc874200f3,1005,25.684695110204803,48.05863572805772,20.81445277319509,25.684695110204803,0.0006548745235004711,0.012960672289078441,0.0505278205400127
bfo-9f24106a164c4fa21e6f26f6f44af53710e057caa1ad7c0bfbc849cc874200f3,1006,25.68516257701369,47.984344938489805,20.815252622890075,25.68516257701369,0.0006544528324431829,0.012959136429897582,0.050501268813971045
bfo-9f24106a164c4fa21e6f26f6f44af53710e057caa1ad7c0bfbc849cc874200f3,1007,25.685089794794255,47.94564770337024,20.81304190115487,25.685089794794255,0.000655987909052802,0.012973634936326143,0.05056315460334387
bfo-9f24106a164c4fa21e6f26f6f44af53710e057caa1ad7c0bfbc849cc874200f3,1008,25.684812865772432,48.085107108958766,20.813124356132178,25.684812865772432,0.000655517732192335,0.012969702455830302,0.05054223367303685
bfo-9f24106a164c4fa21e6f26f6f44af53710e057caa1ad7c0bfbc849cc874200f3,1009,25.684667759233566,47.99747843147553,20.81285949085159,25.684667759233566,0.0006557461486778612,0.012972335371031832,0.05054958339592345
bfo-9f24106a164c4fa21e6f26f6f44af53710e057caa1ad7c0bfbc849cc874200f3,1010,25.68491348981737,48.13508516355804,20.812271061772904,25.68491348981737,0.0006559420893153522,0.012975757697504899,0.05055135157475104
bfo-9f24106a164c4fa21e6f26f6f44af53710e057caa1ad7c0bfbc849cc874200f3,1011,25.68459357649734,48.00154735501089,20.812523362511808,25.68459357649734,0.000655845442333418,0.012974367175742747,0.05054932032134913
bfo-9f24106a164c4fa21e6f26f6f44af53710e057caa1ad7c0bfbc849cc874200f3,1012,25.68410562666082,47.97869162406157,20.813515669032302,25.68410562666082,0.0006552444233259926,0.012965784506191432,0.050536427087238704
bfo-9f24106a164c4fa21e6f26f6f44af53710e057caa1ad7c0bfbc849cc874200f3,1013,25.68470557707927,48.0316043785394,20.813823219506126,25.68470557707927,0.000655431282119658,0.012965417529359072,0.05055226957677917
bfo-9f24106a164c4fa21e6f26f6f44af53710e057caa1ad7c0bfbc849cc874200f3,1014,25.68405706253118,48.039589398642114,20.813422063939583,25.68405706253118,0.0006551002084706972,0.01296529588146879,0.050527208515698245
bfo-9f24106a164c4fa21e6f26f6f44af53710e057caa1ad7c0bfbc849cc874200f3,1015,25.683989984726523,48.135591227188236,20.812063488992795,25.683989984726523,0.0006553299518429069,0.01297250430676186,0.050516842110533665
bfo-9f24106a164c4fa21e6f26f6f44af53710e057caa1ad7c0bfbc849cc874200f3,1016,25.683449579999994,48.023792049061214,20.81189421767569,25.683449579999994,0.0006554142902771564,0.012972832790229635,0.050522064137816944
bfo-9f24106a164c4fa21e6f26f6f44af53710e057caa1ad7c0bfbc849cc874200f3,1017,25.683783539618773,48.10843334524784,20.81265382626843,25.683783539618773,0.0006549338547943759,0.012968238451827244,0.050502915814452404
bfo-9f24106a164c4fa21e6f26f6f44af53710e057caa1ad7c0bfbc849cc874200f3,1018,25.683603993689488,47.965424845394196,20.81275920472719,25.683603993689488,0.0006551551861002053,0.012968723867355878,0.05051809204985265
bfo-9f24106a164c4fa21e6f26f6f44af53710e057caa1ad7c0bfbc849cc874200f3,1019,25.68412174336825,48.229010524794965,20.810368011725437,25.68412174336825,0.0006558967567687777,0.012983603059338154,0.05051731432108434
bfo-9f24106a164c4fa21e6f26f6f44af53710e057caa1ad7c0bfbc849cc874200f3,1020,25.683563136352817,47.96143077895096,20.812155277677395,25.683563136352817,0.0006554322371980594,0.012972712043148132,0.050523917822121296
bfo-9f24106a164c4fa21e6f26f6f44af53710e057caa1ad7c0bfbc849cc874200f3,1021,25.684112498379406,48.02233476098301,20.81042398749699,25.684112498379406,0.0006564734386591174,0.01298651783643994,0.05055038209065285
bfo-9f24106a164c4fa21e6f26f6f44af53710e057caa1ad7c0bfbc849cc874200f3,1022,25.683438621721752,47.93163322910349,20.812094206669364,25.683438621721752,0.0006554247185494629,0.012973015986765733,0.05052215454124828
bfo-9f24106a164c4fa21e6f26f6f44af53710e057caa1ad7c0bfbc849cc874200f3,1023,25.683354172435905,47.985783113315115,20.813442713470163,25.683354172435905,0.0006546953538407056,0.012963033235320524,0.050504796366397466
bfo-9f24106a164c4fa21e6f26f6f44af53710e057caa1ad7c0bfbc849cc874200f3,1024,25.683663373216245,48.05930605242514,20.81376503949232,25.683663373216245,0.000654597235665225,0.012960172903237097,0.050508372114520514
bfo-9f24106a164c4fa21e6f26f6f44af53710e057caa1ad7c0bfbc849cc874200f3,1025,25.683210872417455,47.90026759908541,20.81217026833154,25.683210872417455,0.0006555639750723229,0.012971917424778226,0.050537168377290276
bfo-9f24106a164c4fa21e6f26f6f44af53710e057caa1ad7c0bfbc849cc874200f3,1026,25.683939828626144,47.589267418280244,20.816321047640063,25.683939828626144,0.0006539545693214611,0.01295199101654608,0.050490659581684284
bfo-9f24106a164c4fa21e6f26f6f44af53710e057caa1ad7c0bfbc849cc874200f3,1027,25.683654187242368,47.74304818579192,20.81133578025817,25.683654187242368,0.0006564319926467435,0.012981681173337287,0.050566023297118935
bfo-9f24106a164c4fa21e6f26f6f44af53710e057caa1ad7c0bfbc849cc874200f3,1028,25.68299393510916,47.745593170707025,20.813213333646647,25.68299393510916,0.0006553105357525713,0.012965802963729222,0.050541454130203056
bfo-9f24106a164c4fa21e6f26f6f44af53710e057caa1ad7c0bfbc849cc874200f3,1029,25.683010726143237,47.89027505896837,20.811520404778996,25.683010726143237,0.0006562156030627624,0.012974907172255305,0.050575745502516666
bfo-9f24106a164c4fa21e6f26f6f44af53710e057caa1ad7c0bfbc849cc874200f3,1030,25.682568529334105,47.8731741219179,20.81211868091473,25.682568529334105,0.0006554925894088627,0.012969178298682715,0.050542337711205754
bfo-9f24106a164c4fa21e6f26f6f44af53710e057caa1ad7c0bfbc849cc874200f3,1031,25.682328217447047,47.78558236638189,20.809357827580243,25.682328217447047,0.0006566296853548594,0.012988813954491718,0.050553475294623604
bfo-9f24106a164c4fa21e6f26f6f44af53710e057caa1ad7c0bfbc849cc874200f3,1032,25.682484411317695,48.04976293682981,20.808409799170725,25.682484411317695,0.0006567420660628424,0.012991872609324833,0.05055022365224471
bfo-9f24106a164c4fa21e6f26f6f44af53710e057caa1ad7c0bfbc849cc874200f3,1033,25.683043566296007,47.71572252377576,20.809010503684444,25.683043566296007,0.000657300860305828,0.012995154201602294,0.05058045869319375
bfo-9f24106a164c4fa21e6f26f6f44af53710e057caa1ad7c0bfbc849cc874200f3,1034,25.682288876876143,47.74265505261963,20.810557934082265,25.682288876876143,0.0006562034996775189,0.012981275159076435,0.050550003111112324
bfo-9f24106a164c4fa21e6f26f6f44af53710e057caa1ad7c0bfbc849cc874200f3,1035,25.68240240066869,47.802760502798584,20.812436636139697,25.68240240066869,0.0006552867690941652,0.012968896622970967,0.05052756515411636
bfo-9f24106a164c4fa21e6f26f6f44af53710e057caa1ad7c0bfbc849cc874200f3,1036,25.6836057397986,47.542905948941396,20.809640499620844,25.6836057397986,0.0006576412078020034,0.012995783807414901,0.0506041972956474
bfo-9f24106a164c4fa21e6f26f6f44af53710e057caa1ad7c0bfbc849cc874200f3,1037,25.682819874777806,47.96918676474933,20.811536167014825,25.682819874777806,0.0006554665426686353,0.012974493073139623,0.0505196263910774
bfo-9f24106a164c4fa21e6f26f6f44af53710e057caa1ad7c0bfbc849cc874200f3,1038,25.682140856050996,47.799865914411484,20.811242948732318,25.682140856050996,0.0006556912445702067,0.012974710942927962,0.050536096523028894
bfo-9f24106a164c4fa21e6f26f6f44af53710e057caa1ad7c0bfbc849cc874200f3,1039,25.682293411912426,47.84013372270133,20.808297790546963,25.682293411912426,0.0006572267717622,0.012994558093959241,0.0505770774973659
bfo-9f24106a164c4fa21e6f26f6f44af53710e057caa1ad7c0bfbc849cc874200f3,1040,25.681904498760186,47.81801801414877,20.80946917721239,25.681904498760186,0.0006564100496853749,0.012985501663149128,0.05054945636395138
bfo-9f24106a164c4fa21e6f26f6f44af53710e057caa1ad7c0bfbc849cc874200f3,1041,25.682489740846226,47.90310191054541,20.813707912474094,25.682489740846226,0.000654517359712919,0.012958720658881281,0.05050786855756046
bfo-9f24106a164c4fa21e6f26f6f44af53710e057caa1ad7c0bfbc849cc874200f3,1042,25.681985633871296,47.84943529091104,20.81229373954887,25.681985633871296,0.0006548278155216739,0.012966593594312657,0.05050114440302126
bfo-9f24106a164c4fa21e6f26f6f44af53710e057caa1ad7c0bfbc849cc874200f3,1043,25.684357230701377,48.47411218380361,20.814181164471208,25.684357230701377,0.0006538211159771687,0.012954722167974806,0.050469713475868365
bfo-9f24106a164c4fa21e6f26f6f44af53710e057caa1ad7c0bfbc849cc874200f3,1044,25.68220968520774,47.92539146242124,20.808654457145686,25.68220968520774,0.0006569052030243487,0.012990680302748045,0.0505674212370069
bfo-9f24106a164c4fa21e6f26f6f44af53710e057caa1ad7c0bfbc849cc874200f3,1045,25.681910365925553,47.59524759975514,20.808384143452407,25.681910365925553,0.000657128030925566,0.012996249059123027,0.05056289918238211
bfo-9f24106a164c4fa21e6f26f6f44af53710e057caa1ad7c0bfbc849cc874200f3,1046,25.68184823194416,47.837227438280806,20.809230397408662,25.68184823194416,0.0006564030753231843,0.01298602656548912,0.050546876060426474
bfo-9f24106a164c4fa21e6f26f6f44af53710e057caa1ad7c0bfbc849cc874200f3,1047,25.681733420768186,47.737243278121014,20.810577145536328,25.681733420768186,0.0006560750191014514,0.01297785437995531,0.050553427392033244
bfo-9f24106a164c4fa21e6f26f6f44af53710e057caa1ad7c0bfbc849cc874200f3,1048,25.681746006950593,47.648251031613455,20.81129329873865,25.681746006950593,0.0006555250610670264,0.012974051268947025,0.050525857149647975
bfo-9f24106a164c4fa21e6f26f6f44af53710e057caa1ad7c0bfbc849cc874200f3,1049,25.681469130560316,47.81415779641222,20.809734392678173,25.681469130560316,0.0006562522717372315,0.012980907527323234,0.05055519195063213
bfo-9f24106a164c4fa21e6f26f6f44af53710e057caa1ad7c0bfbc849cc874200f3,1050,25.68107531188523,47.90732070561178,20.808749690319875,25.68107531188523,0.0006562830732058023,0.01298485854552716,0.05054218118008451
bfo-9f24106a164c4fa21e6f26f6f44af53710e057caa1ad7c0bfbc849cc874200f3,1051,25.68157101771603,47.82304857740947,20.809563827408546,25.68157101771603,0.0006560867573371916,0.012983907082506541,0.050530764982225536
bfo-9f24106a164c4fa21e6f26f6f44af53710e057caa1ad7c0bfbc849cc874200f3,1052,25.68117696275381,47.97923098768775,20.807606323150857,25.68117696275381,0.0006569091171609774,0.01299148259450112,0.050564599720052436
bfo-9f24106a164c4fa21e6f26f6f44af53710e057caa1ad7c0bfbc849cc874200f3,1053,25.68154557345065,47.494436071825525,20.810742810908422,25.68154557345065,0.000656175502013885,0.0129798656148638,0.05055333556477429
bfo-9f24106a164c4fa21e6f26f6f44af53710e057caa1ad7c0bfbc849cc874200f3,1054,25.681367465190647,48.01432130088462,20.807281505894284,25.681367465190647,0.0006570252237225892,0.012994296931645014,0.05056258350711808
bfo-9f24106a164c4fa21e6f26f6f44af53710e057caa1ad7c0bfbc849cc874200f3,1055,25.682835652337694,48.31232659888737,20.8074784603311,25.682835652337694,0.0006570537098113793,0.01299463948281592,0.05056344277040279
bfo-9f24106a164c4fa21e6f26f6f44af53710e057caa1ad7c0bfbc849cc874200f3,1056,25.68126974490302,47.6302988846147,20.810413907869616,25.68126974490302,0.000655895509651724,0.012978537149365865,0.050536936644186535
bfo-9f24106a164c4fa21e6f26f6f44af53710e057caa1ad7c0bfbc849cc874200f3,1057,25.68324222239704,47.80062360156135,20.81743236762416,25.68324222239704,0.0006528376410185904,0.012937705151219012,0.050460080314713225
bfo-9f24106a164c4fa21e6f26f6f44af53710e057caa1ad7c0bfbc849cc874200f3,1058,25.681394970767776,47.99533534622165,20.80854416129583,25.681394970767776,0.0006564545019348859,0.012986269223191398,0.050549891631890956
bfo-9f24106a164c4fa21e6f26f6f44af53710e057caa1ad7c0bfbc849cc874200f3,1059,25.682355541723958,48.07858465928019,20.808661348585645,25.682355541723958,0.0006566460275323183,0.01298775558048321,0.050558853180072534
bfo-9f24106a164c4fa21e6f26f6f44af53710e057caa1ad7c0bfbc849cc874200f3,1060,25.681092629368173,47.94804998634333,20.806858877620517,25.681092629368173,0.0006572829146022997,0.012996818263346636,0.05057260179254454
bfo-9f24106a164c4fa21e6f26f6f44af53710e057caa1ad7c0bfbc849cc874200f3,1061,25.68182729280421,47.7124649667629,20.81149760787816,25.68182729280421,0.0006555356285059362,0.012972021943221343,0.0505345759801534
bfo-9f24106a164c4fa21e6f26f6f44af53710e057caa1ad7c0bfbc849cc874200f3,1062,25.68108766320176,47.96664941777284,20.808650755467628,25.68108766320176,0.0006562146591972937,0.012984612773805696,0.05053786898605848
bfo-9f24106a164c4fa21e6f26f6f44af53710e057caa1ad7c0bfbc849cc874200f3,1063,25.68130484542402,47.9385221023519,20.809097431484524,25.68130484542402,0.000656115906840646,0.012983297232687768,0.050535383661151734
bfo-9f24106a164c4fa21e6f26f6f44af53710e057caa1ad7c0bfbc849cc874200f3,1064,25.680790050828833,47.879532404068385,20.808701966136532,25.680790050828833,0.0006561207535866964,0.012984542102559749,0.050530911941619405
bfo-9f24106a164c4fa21e6f26f6f44af53710e057caa1ad7c0bfbc849cc874200f3,1065,25.68079862773015,47.905594102200155,20.80968939078327,25.68079862773015,0.0006555606602352824,0.012977597717451163,0.050514792838256994
bfo-9f24106a164c4fa21e6f26f6f44af53710e057caa1ad7c0bfbc849cc874200f3,1066,25.680750174027818,47.93111687688269,20.80953766389177,25.680750174027818,0.0006556069168749173,0.012977667093487093,0.05051808712244876
bfo-9f24106a164c4fa21e6f26f6f44af53710e057caa1ad7c0bfbc849cc874200f3,1067,25.680481418390908,48.01124928173588,20.80909019245257,25.680481418390908,0.0006554261345373976,0.01297780056636195,0.05050363743732058
bfo-9f24106a164c4fa21e6f26f6f44af53710e057caa1ad7c0bfbc849cc874200f3,1068,25.680897849090286,48.19584648428997,20.810023527213517,25.680897849090286,0.0006547634453595307,0.012970610327655622,0.050480542458627396
bfo-9f24106a164c4fa21e6f26f6f44af53710e057caa1ad7c0bfbc849cc874200f3,1069,25.68012410867683,47.804681608506726,20.806944327381917,25.68012410867683,0.0006567848538481766,0.012993313737785468,0.05054791003300414
bfo-9f24106a164c4fa21e6f26f6f44af53710e057caa1ad7c0bfbc849cc874200f3,1070,25.68015810742577,47.662597099373244,20.80924695184618,25.68015810742577,0.0006555562002597724,0.012980489055056587,0.05050319733557331
bfo-9f24106a164c4fa21e6f26f6f44af53710e057caa1ad7c0bfbc849cc874200f3,1071,25.67978606464268,47.80426871780663,20.807003475671106,25.67978606464268,0.0006566749259616876,0.012991129094671266,0.05054794861757199
bfo-9f24106a164c4fa21e6f26f6f44af53710e057caa1ad7c0bfbc849cc874200f3,1072,25.680633249027373,47.99935901449303,20.811632587682624,25.680633249027373,0.0006542106892458022,0.012960481525647412,0.05047734437576173
bfo-9f24106a164c4fa21e6f26f6f44af53710e057caa1ad7c0bfbc849cc874200f3,1073,25.679850964706407,47.797637865891645,20.808202940866654,25.679850964706407,0.0006562158347221509,0.012983085790118712,0.05054390345487741
bfo-9f24106a164c4fa21e6f26f6f44af53710e057caa1ad7c0bfbc849cc874200f3,1074,25.679785492625857,47.74852003340895,20.8055157833643,25.679785492625857,0.000657531691375689,0.013001648166126074,0.05057294913492531
bfo-9f24106a164c4fa21e6f26f6f44af53710e057caa1ad7c0bfbc849cc874200f3,1075,25.68008057163271,47.71583741856429,20.804372842282948,25.68008057163271,0.0006583898124368567,0.013010455586645703,0.050604670071096244
bfo-9f24106a164c4fa21e6f26f6f44af53710e057caa1ad7c0bfbc849cc874200f3,1076,25.68042905934027,47.532759519479264,20.8070131899152,25.68042905934027,0.0006573530569411187,0.01299776652366454,0.05057430872791113
bfo-9f24106a164c4fa21e6f26f6f44af53710e057caa1ad7c0bfbc849cc874200f3,1077,25.680093436203286,47.651317369387435,20.805456879803472,25.680093436203286,0.0006579288259457038,0.013005148053040013,0.05058987589087153
bfo-9f24106a164c4fa21e6f26f6f44af53710e057caa1ad7c0bfbc849cc874200f3,1078,25.680039416519943,47.69170087282042,20.808231487540407,25.680039416519943,0.0006563115789108285,0.012985070800395302,0.05054355028167028
bfo-9f24106a164c4fa21e6f26f6f44af53710e057caa1ad7c0bfbc849cc874200f3,1079,25.680065969189727,47.79992845864537,20.804955919490588,25.680065969189727,0.0006581482617985456,0.013005362419395716,0.05060591474306073
bfo-9f24106a164c4fa21e6f26f6f44af53710e057caa1ad7c0bfbc849cc874200f3,1080,25.6800571831027,47.792809038829034,20.805944824378102,25.6800571831027,0.0006574174207899562,0.012999323595004574,0.05057320221204363
bfo-9f24106a164c4fa21e6f26f6f44af53710e057caa1ad7c0bfbc849cc874200f3,1081,25.681634698672074,47.33472722352811,20.808176599433285,25.681634698672074,0.0006576939972738998,0.012996943268409479,0.050603744564500674
bfo-9f24106a164c4fa21e6f26f6f44af53710e057caa1ad7c0bfbc849cc874200f3,1082,25.679586397166467,47.73722046496397,20.805398072090224,25.679586397166467,0.000657438869726439,0.013002278457416644,0.05056335871282841
bfo-9f24106a164c4fa21e6f26f6f44af53710e057caa1ad7c0bfbc849cc874200f3,1083,25.68146922496454,47.79796300340659,20.802346476261796,25.68146922496454,0.0006597120415421288,0.013030615371199285,0.050627850086055574
bfo-9f24106a164c4fa21e6f26f6f44af53710e057caa1ad7c0bfbc849cc874200f3,1084,25.67928183370473,47.812808463616605,20.80559406361113,25.67928183370473,0.0006571315945083258,0.01299881461784461,0.05055319379708853
bfo-9f24106a164c4fa21e6f26f6f44af53710e057caa1ad7c0bfbc849cc874200f3,1085,25.680245388345778,47.98477920487239,20.80424989947277,25.680245388345778,0.0006578890759835642,0.013010008808218789,0.05056791933668463
bfo-9f24106a164c4fa21e6f26f6f44af53710e057caa1ad7c0bfbc849cc874200f3,1086,25.680290361511457,47.865135522230396,20.80424204952391,25.680290361511457,0.0006582460234811657,0.013011533044864871,0.05058942871769818
bfo-9f24106a164c4fa21e6f26f6f44af53710e057caa1ad7c0bfbc849cc874200f3,1087,25.679907889394684,47.55928812239406,20.807203997084205,25.679907889394684,0.0006567921420694049,0.012995151437113356,0.050541322680830544
bfo-9f24106a164c4fa21e6f26f6f44af53710e057caa1ad7c0bfbc849cc874200f3,1088,25.67931065770255,47.77709761937315,20.80620134029506,25.67931065770255,0.0006567383810388232,0.012995601415329022,0.05053543580246809
bfo-9f24106a164c4fa21e6f26f6f44af53710e057caa1ad7c0bfbc849cc874200f3,1089,25.67962201796547,47.668314160690414,20.803505999536753,25.67962201796547,0.0006583108836818258,0.01301720465200341,0.050572369512567245
bfo-9f24106a164c4fa21e6f26f6f44af53710e057caa1ad7c0bfbc849cc874200f3,1090,25.679086402309903,47.97772090497483,20.8049225539642,25.679086402309903,0.0006570811124147186,0.013000383670576411,0.05054320926711426
bfo-9f24106a164c4fa21e6f26f6f44af53710e057caa1ad7c0bfbc849cc874200f3,1091,25.681675627128826,48.503401445360794,20.80996930531425,25.681675627128826,0.000654527245968433,0.01296974974388036,0.05046568044053933
bfo-9f24106a164c4fa21e6f26f6f44af53710e057caa1ad7c0bfbc849cc874200f3,1092,25.679168015703308,47.91993732965169,20.805249602135486,25.679168015703308,0.0006571766325178285,0.012999227411658276,0.050555053135576636
bfo-9f24106a164c4fa21e6f26f6f44af53710e057caa1ad7c0bfbc849cc874200f3,1093,25.68001062301874,47.90175304841605,20.80370668023539,25.68001062301874,0.00065815729219085,0.013013873866942525,0.05057351092534273
bfo-9f24106a164c4fa21e6f26f6f44af53710e057caa1ad7c0bfbc849cc874200f3,1094,25.67906045767192,47.75611567131651,20.80542101013579,25.67906045767192,0.0006571970605477512,0.013000196240325848,0.05055285692604888
bfo-9f24106a164c4fa21e6f26f6f44af53710e057caa1ad7c0bfbc849cc874200f3,1095,25.68141081592715,47.42538804637239,20.804821053203508,25.68141081592715,0.0006591705340077558,0.013018811121692066,0.050632160482721775
bfo-9f24106a164c4fa21e6f26f6f44af53710e057caa1ad7c0bfbc849cc874200f3,1096,25.67908908769459,47.900585106269105,20.804256871023778,25.67908908769459,0.0006576122601679407,0.013005884455646785,0.05056267125934862
bfo-9f24106a164c4fa21e6f26f6f44af53710e057caa1ad7c0bfbc849cc874200f3,1097,25.679149831652992,47.73549830006921,20.806228306747645,25.679149831652992,0.0006567073312127879,0.012995760158361635,0.050532429285427685
bfo-9f24106a164c4fa21e6f26f6f44af53710e057caa1ad7c0bfbc849cc874200f3,1098,25.67932914136309,47.623827009980786,20.80666550588033,25.67932914136309,0.0006568210335946442,0.012994777119869107,0.050545001852348836
bfo-9f24106a164c4fa21e6f26f6f44af53710e057caa1ad7c0bfbc849cc874200f3,1099,25.67919114652183,47.86835832301746,20.80638330945452,25.67919114652183,0.0006568402946718971,0.012991898779683833,0.05055768258439909
bfo-9f24106a164c4fa21e6f26f6f44af53710e057caa1ad7c0bfbc849cc874200f3,1100,25.678896458706006,47.772460432177,20.804825417667256,25.678896458706006,0.0006574904149080256,0.013003271977610446,0.05056345941545474
bfo-9f24106a164c4fa21e6f26f6f44af53710e057caa1ad7c0bfbc849cc874200f3,1101,25.678916634154394,47.934723685730035,20.805747438053192,25.678916634154394,0.0006567361503055519,0.012995061043207846,0.050537365551569256
bfo-9f24106a164c4fa21e6f26f6f44af53710e057caa1ad7c0bfbc849cc874200f3,1102,25.6800105644029,47.60365959062621,20.804169934080118,25.6800105644029,0.000658637757962044,0.013014656011359108,0.050607388884284704
bfo-9f24106a164c4fa21e6f26f6f44af53710e057caa1ad7c0bfbc849cc874200f3,1103,25.679834018743136,47.604211481537625,20.804764616145288,25.679834018743136,0.0006582720138379239,0.01300958838594336,0.05059898855440927
bfo-9f24106a164c4fa21e6f26f6f44af53710e057caa1ad7c0bfbc849cc874200f3,1104,25.678997112849935,47.80500199895736,20.8037350984128,25.678997112849935,0.0006579767417868602,0.013011055455022532,0.0505705893008755
bfo-9f24106a164c4fa21e6f26f6f44af53710e057caa1ad7c0bfbc849cc874200f3,1105,25.679241704405005,47.824817436913236,20.804718491618978,25.679241704405005,0.0006575661781121991,0.01300440140229197,0.050564893974766566
bfo-9f24106a164c4fa21e6f26f6f44af53710e057caa1ad7c0bfbc849cc874200f3,1106,25.678754676396267,47.87981353417135,20.804748945328193,25.678754676396267,0.0006571914194280423,0.013001928223874847,0.050545688924914366
bfo-9f24106a164c4fa21e6f26f6f44af53710e057caa1ad7c0bfbc849cc874200f3,1107,25.680297264690502,47.80355260089617,20.80400665103606,25.680297264690502,0.0006584987203710302,0.013014216976020366,0.05059841261171238
bfo-9f24106a164c4fa21e6f26f6f44af53710e057caa1ad7c0bfbc849cc874200f3,1108,25.67861320246307,47.82927526148201,20.80473730616808,25.67861320246307,0.0006571274892038638,0.013002374051762007,0.050539038993022485
bfo-9f24106a164c4fa21e6f26f6f44af53710e057caa1ad7c0bfbc849cc874200f3,1109,25.678599484506307,47.76326413794054,20.80837035848578,25.678599484506307,0.0006549408861064555,0.012979175193154474,0.050460901895513895
bfo-9f24106a164c4fa21e6f26f6f44af53710e057caa1ad7c0bfbc849cc874200f3,1110,25.681107078126637,47.52132392814248,20.814416970697067,25.681107078126637,0.0006532606679765156,0.012953147767476067,0.05043258053588962
bfo-9f24106a164c4fa21e6f26f6f44af53710e057caa1ad7c0bfbc849cc874200f3,1111,25.678502711114408,47.727266595958646,20.807778323889632,25.678502711114408,0.0006553235079614152,0.012983101344731246,0.050475113038176825
bfo-9f24106a164c4fa21e6f26f6f44af53710e057caa1ad7c0bfbc849cc874200f3,1112,25.67909285060271,47.89888407008098,20.809762967510032,25.67909285060271,0.000654425447727696,0.012969058863736315,0.05046051950289009
bfo-9f24106a164c4fa21e6f26f6f44af53710e057caa1ad7c0bfbc849cc874200f3,1113,25.678839035123765,47.599649829356935,20.809460138109728,25.678839035123765,0.0006547899537605147,0.012974527103176725,0.05046734640526465
bfo-9f24106a164c4fa21e6f26f6f44af53710e057caa1ad7c0bfbc849cc874200f3,1114,25.68375656321725,47.76689673238002,20.820603063092307,25.68375656321725,0.0006506384576124468,0.012919467442526419,0.05036108961200444
bfo-9f24106a164c4fa21e6f26f6f44af53710e057caa1ad7c0bfbc849cc874200f3,1115,25.678616456844477,47.64478668129675,20.806659419658697,25.678616456844477,0.0006560463086407109,0.012992519963472901,0.05049415436613651
bfo-9f24106a164c4fa21e6f26f6f44af53710e057caa1ad7c0bfbc849cc874200f3,1116,25.67816224315459,47.81238042842169,20.803818806708296,25.67816224315459,0.0006568023374294595,0.01300782895499078,0.05049284855313698
bfo-9f24106a164c4fa21e6f26f6f44af53710e057caa1ad7c0bfbc849cc874200f3,1117,25.67970697754633,47.500613490160845,20.80546055737754,25.67970697754633,0.0006571715599207595,0.013007751389211397,0.050521534449514176
bfo-9f24106a164c4fa21e6f26f6f44af53710e057caa1ad7c0bfbc849cc874200f3,1118,25.678472258710755,47.99739204225993,20.805287720663642,25.678472258710755,0.0006559808516984763,0.012996395940827805,0.050474058707132126
bfo-9f24106a164c4fa21e6f26f6f44af53710e057caa1ad7c0bfbc849cc874200f3,1119,25.678354991762358,47.709661407206085,20.804385153464654,25.678354991762358,0.0006566759903161749,0.013006349112997338,0.05048887928588307
bfo-9f24106a164c4fa21e6f26f6f44af53710e057caa1ad7c0bfbc849cc874200f3,1120,25.678571201165386,48.03790905366954,20.8018560320118,25.678571201165386,0.0006576496742025579,0.01301998621647298,0.05051078113819313
bfo-9f24106a164c4fa21e6f26f6f44af53710e057caa1ad7c0bfbc849cc874200f3,1121,25.678491596334016,47.89172838529828,20.80268068572318,25.678491596334016,0.0006574989248299885,0.013015951041769652,0.05051485847787845
bfo-9f24106a164c4fa21e6f26f6f44af53710e057caa1ad7c0bfbc849cc874200f3,1122,25.67826361573951,47.70554111593914,20.803407279329182,25.67826361573951,0.0006572942850796446,0.01301237507596641,0.0505130140533417
bfo-9f24106a164c4fa21e6f26f6f44af53710e057caa1ad7c0bfbc849cc874200f3,1123,25.67850894971219,48.04610123655111,20.802783336723767,25.67850894971219,0.000657179712015435,0.013012527728008406,0.05050361664943155
bfo-9f24106a164c4fa21e6f26f6f44af53710e057caa1ad7c0bfbc849cc874200f3,1124,25.678484916754932,47.908983182402054,20.802142541275778,25.678484916754932,0.0006576769177769837,0.013019105156059245,0.050516292010353195
bfo-9f24106a164c4fa21e6f26f6f44af53710e057caa1ad7c0bfbc849cc874200f3,1125,25.67892576799877,47.67834882651699,20.80354034077791,25.67892576799877,0.0006572592087005648,0.013015177557346104,0.050499442347568334
bfo-9f24106a164c4fa21e6f26f6f44af53710e057caa1ad7c0bfbc849cc874200f3,1126,25.678603872376712,47.77225367213928,20.803274744856346,25.678603872376712,0.0006573054507138185,0.013014204407310668,0.050506771688984715
bfo-9f24106a164c4fa21e6f26f6f44af53710e057caa1ad7c0bfbc849cc874200f3,1127,25.678543537950567,48.21610818418523,20.80315127027636,25.678543537950567,0.0006565041888105524,0.013007886378027567,0.050469705049045833
bfo-9f24106a164c4fa21e6f26f6f44af53710e057caa1ad7c0bfbc849cc874200f3,1128,25.678169834566095,47.8923124311704,20.802708877921773,25.678169834566095,0.0006574141454325108,0.013013957027065358,0.050516083929374817
bfo-9f24106a164c4fa21e6f26f6f44af53710e057caa1ad7c0bfbc849cc874200f3,1129,25.679763997149973,48.28002995661767,20.802906940896264,25.679763997149973,0.0006570606583631128,0.013014150309624727,0.050488171930608325
bfo-9f24106a164c4fa21e6f26f6f44af53710e057caa1ad7c0bfbc849cc874200f3,1130,25.678190406397665,47.78838286613472,20.804264424388123,25.678190406397665,0.0006566165824317763,0.013005098845542545,0.05048916507519122
bfo-9f24106a164c4fa21e6f26f6f44af53710e057caa1ad7c0bfbc849cc874200f3,1131,25.678158461155412,47.98734889704946,20.80276867459225,25.678158461155412,0.0006570197117760219,0.013012830423437587,0.05049014629381896
bfo-9f24106a164c4fa21e6f26f6f44af53710e057caa1ad7c0bfbc849cc874200f3,1132,25.6791256770006,48.19573845946079,20.80155383643586,25.6791256770006,0.0006576086400610491,0.013022891699664578,0.05049636096397751
bfo-9f24106a164c4fa21e6f26f6f44af53710e057caa1ad7c0bfbc849cc874200f3,1133,25.67814037273448,47.99041990279993,20.802451409863423,25.67814037273448,0.0006571245520142921,0.013014819500590476,0.050490485249102275
bfo-9f24106a164c4fa21e6f26f6f44af53710e057caa1ad7c0bfbc849cc874200f3,1134,25.68199224921598,48.67385188084064,20.80823310657391,25.68199224921598,0.0006544083187641236,0.01298260281706041,0.05040655775929362
bfo-9f24106a164c4fa21e6f26f6f44af53710e057caa1ad7c0bfbc849cc874200f3,1135,25.67804941863729,47.94849330069532,20.802550886574622,25.67804941863729,0.0006571088957018607,0.013014388476515723,0.05049095444535133
bfo-9f24106a164c4fa21e6f26f6f44af53710e057caa1ad7c0bfbc849cc874200f3,1136,25.677560119339507,47.81114492996254,20.803366858758306,25.677560119339507,0.0006565191405417995,0.013008593216509311,0.05046811208675552
bfo-9f24106a164c4fa21e6f26f6f44af53710e057caa1ad7c0bfbc849cc874200f3,1137,25.67897415284581,48.19434223832292,20.80038452368904,25.67897415284581,0.0006582469127187006,0.013028900171046328,0.05052206280477149
bfo-9f24106a164c4fa21e6f26f6f44af53710e057caa1ad7c0bfbc849cc874200f3,1138,25.677466183442863,47.918532597283395,20.803373657021204,25.677466183442863,0.0006562080054281014,0.013006629528698962,0.05045181028491561
bfo-9f24106a164c4fa21e6f26f6f44af53710e057caa1ad7c0bfbc849cc874200f3,1139,25.680296786168242,47.970021763420284,20.813100967466006,25.680296786168242,0.0006520746894461644,0.012953088407078256,0.05034125213642764
bfo-9f24106a164c4fa21e6f26f6f44af53710e057caa1ad7c0bfbc849cc874200f3,1140,25.677600301936852,47.882407723633875,20.802153902991453,25.677600301936852,0.0006569117562794039,0.013016255987094797,0.050468564611107145
bfo-9f24106a164c4fa21e6f26f6f44af53710e057caa1ad7c0bfbc849cc874200f3,1141,25.678251770711093,47.65460330063854,20.802752493511232,25.678251770711093,0.00065729494351862,0.013017760980936162,0.05049216562519426
bfo-9f24106a164c4fa21e6f26f6f44af53710e057caa1ad7c0bfbc849cc874200f3,1142,25.677499900739164,47.95099333774179,20.803368450194526,25.677499900739164,0.0006561578373159038,0.013006439325138952,0.05044869090710142
bfo-9f24106a164c4fa21e6f26f6f44af53710e057caa1ad7c0bfbc849cc874200f3,1143,25.678377942794782,47.94433199336737,20.800810763678534,25.678377942794782,0.0006580944924545107,0.013027363025645994,0.05051632407563751
bfo-9f24106a164c4fa21e6f26f6f44af53710e057caa1ad7c0bfbc849cc874200f3,1144,25.677524665836714,47.88330488129736,20.802914971878778,25.677524665836714,0.000656523872963018,0.013010597047329738,0.05046070296195679
bfo-9f24106a164c4fa21e6f26f6f44af53710e057caa1ad7c0bfbc849cc874200f3,1145,25.678689246315123,48.09964147304467,20.80364002259736,25.678689246315123,0.0006562934463330032,0.013006940491359012,0.05045717298153267
bfo-9f24106a164c4fa21e6f26f6f44af53710e057caa1ad7c0bfbc849cc874200f3,1146,25.67726813283736,47.90735448852768,20.802503583651596,25.67726813283736,0.0006564452232092283,0.013011810899158377,0.05044995107112171
bfo-9f24106a164c4fa21e6f26f6f44af53710e057caa1ad7c0bfbc849cc874200f3,1147,25.67846480696864,47.560308802528525,20.801460610967055,25.67846480696864,0.0006581758218039565,0.01302886535243015,0.05051674140459155
bfo-9f24106a164c4fa21e6f26f6f44af53710e057caa1ad7c0bfbc849cc874200f3,1148,25.67734540213446,48.01895344829204,20.804040422920952,25.67734540213446,0.0006554044587297346,0.013000134084848866,0.05041520760109561
bfo-9f24106a164c4fa21e6f26f6f44af53710e057caa1ad7c0bfbc849cc874200f3,1149,25.678423983485732,48.04877506694011,20.807640784744297,25.678423983485732,0.0006540788968074896,0.012980403369044028,0.050389720427899215
bfo-9f24106a164c4fa21e6f26f6f44af53710e057caa1ad7c0bfbc849cc874200f3,1150,25.677323089873017,47.82287621298222,20.803666431417362,25.677323089873017,0.0006561458169349258,0.013005441165504028,0.05045163855535359
bfo-9f24106a164c4fa21e6f26f6f44af53710e057caa1ad7c0bfbc849cc874200f3,1151,25.677175959470166,47.92476917793149,20.803777792621986,25.677175959470166,0.0006558721430594849,0.013003653847298723,0.05043752707980077
bfo-9f24106a164c4fa21e6f26f6f44af53710e057caa1ad7c0bfbc849cc874200f3,1152,25.67830339408022,47.632018242027414,20.80817675035349,25.67830339408022,0.000654536130171653,0.012983462169426847,0.05041306560841217
bfo-9f24106a164c4fa21e6f26f6f44af53710e057caa1ad7c0bfbc849cc874200f3,1153,25.677242162716638,47.903526945221984,20.80455221133291,25.677242162716638,0.0006555376810342896,0.012998597598591179,0.05043141585561033
bfo-9f24106a164c4fa21e6f26f6f44af53710e057caa1ad7c0bfbc849cc874200f3,1154,25.67800805975497,47.58262263884161,20.802037012544993,25.67800805975497,0.0006578837294882199,0.013023337315952377,0.05051575594854427
bfo-9f24106a164c4fa21e6f26f6f44af53710e057caa1ad7c0bfbc849cc874200f3,1155,25.677163303153065,47.88765121867503,20.804138927473875,25.677163303153065,0.000655718441044625,0.013001794955225245,0.05043291663210706
bfo-9f24106a164c4fa21e6f26f6f44af53710e057caa1ad7c0bfbc849cc874200f3,1156,25.677509546728007,48.009227727591465,20.804586707525853,25.677509546728007,0.000655093394292148,0.012999426029538984,0.05039402453643413
bfo-9f24106a164c4fa21e6f26f6f44af53710e057caa1ad7c0bfbc849cc874200f3,1157,25.6770449728736,47.78295359505718,20.8041331935331,25.6770449728736,0.0006559208199964683,0.013002645389293351,0.05044518252697772
bfo-9f24106a164c4fa21e6f26f6f44af53710e057caa1ad7c0bfbc849cc874200f3,1158,25.678018266403143,47.39263093534895,20.805202316229447,25.678018266403143,0.0006564095421825412,0.013004466815246554,0.05047569819725025
bfo-9f24106a164c4fa21e6f26f6f44af53710e057caa1ad7c0bfbc849cc874200f3,1159,25.677207337693844,47.65030080599608,20.803822717365048,25.677207337693844,0.0006563771716009464,0.013007632619311735,0.05046092481320993
bfo-9f24106a164c4fa21e6f26f6f44af53710e057caa1ad7c0bfbc849cc874200f3,1160,25.679913610075367,48.41212165162319,20.80960174020654,25.679913610075367,0.0006530311546297662,0.012969192981020228,0.050352489594799384
bfo-9f24106a164c4fa21e6f26f6f44af53710e057caa1ad7c0bfbc849cc874200f3,1161,25.67727024584939,47.84855108348206,20.80269946291151,25.67727024584939,0.0006567899006735769,0.013012207742745634,0.050474901235706165
bfo-9f24106a164c4fa21e6f26f6f44af53710e057caa1ad7c0bfbc849cc874200f3,1162,25.677650781993158,47.638695242891345,20.806807399601762,25.677650781993158,0.0006548696038949933,0.012989010919632279,0.05041720327643953
bfo-9f24106a164c4fa21e6f26f6f44af53710e057caa1ad7c0bfbc849cc874200f3,1163,25.677064304013513,47.73325838532235,20.80474783642395,25.677064304013513,0.0006556825047652079,0.012999153067986808,0.05044040187356253
bfo-9f24106a164c4fa21e6f26f6f44af53710e057caa1ad7c0bfbc849cc874200f3,1164,25.677965090581765,47.602928571546656,20.80273485390608,25.677965090581765,0.000657042898165869,0.013019068878746376,0.05046773346736733
bfo-9f24106a164c4fa21e6f26f6f44af53710e057caa1ad7c0bfbc849cc874200f3,1165,25.677168449406302,47.70617380675414,20.805078445275296,25.677168449406302,0.0006554663401525162,0.012998011558184364,0.05042820105355219
bfo-9f24106a164c4fa21e6f26f6f44af53710e057caa1ad7c0bfbc849cc874200f3,1166,25.677962003794423,47.54748595054379,20.802482436710303,25.677962003794423,0.000657454081724147,0.013021318548922562,0.05049059196685941
bfo-9f24106a164c4fa21e6f26f6f44af53710e057caa1ad7c0bfbc849cc874200f3,1167,25.6769873288999,47.80755620286706,20.803515025381085,25.6769873288999,0.0006561050329844627,0.013006704901951752,0.05044360104502789
bfo-9f24106a164c4fa21e6f26f6f44af53710e057caa1ad7c0bfbc849cc874200f3,1168,25.67782469915588,47.59810457547401,20.806495290605465,25.67782469915588,0.0006553376991740631,0.01299329816367149,0.05043659361303271
bfo-9f24106a164c4fa21e6f26f6f44af53710e057caa1ad7c0bfbc849cc874200f3,1169,25.677167004267588,47.74436882750617,20.804515248746007,25.677167004267588,0.0006558032910090652,0.013001734916699401,0.050439675567200866
bfo-9f24106a164c4fa21e6f26f6f44af53710e057caa1ad7c0bfbc849cc874200f3,1170,25.677663101079258,47.66547868104271,20.801907169550926,25.677663101079258,0.0006573526312177929,0.013022779272093986,0.05047713836526498
bfo-9f24106a164c4fa21e6f26f6f44af53710e057caa1ad7c0bfbc849cc874200f3,1171,25.676729299446944,47.76427039626631,20.80241108896315,25.676729299446944,0.0006566710339729455,0.013013410196757681,0.050461103127030955
bfo-9f24106a164c4fa21e6f26f6f44af53710e057caa1ad7c0bfbc849cc874200f3,1172,25.677411338310645,47.829280007494035,20.7991095689952,25.677411338310645,0.000658415007555423,0.013038637371975666,0.050497225190921716
bfo-9f24106a164c4fa21e6f26f6f44af53710e057caa1ad7c0bfbc849cc874200f3,1173,25.676742280481633,47.72259939785603,20.801608333947172,25.676742280481633,0.000657087245151538,0.013019254771260242,0.0504704191365888
bfo-9f24106a164c4fa21e6f26f6f44af53710e057caa1ad7c0bfbc849cc874200f3,1174,25.67802470259379,47.38231503588547,20.804567132156002,25.67802470259379,0.000656609240070832,0.013010591415552516,0.0504672861593316
bfo-9f24106a164c4fa21e6f26f6f44af53710e057caa1ad7c0bfbc849cc874200f3,1175,25.676718813682267,47.79002106758443,20.803057130810892,25.676718813682267,0.0006562908279298316,0.0130086580589232,0.05045030970582345
bfo-9f24106a164c4fa21e6f26f6f44af53710e057caa1ad7c0bfbc849cc874200f3,1176,25.677602220413018,47.94573656398114,20.800791390017633,25.677602220413018,0.0006577744899308918,0.013025410406421651,0.050499329342175873
bfo-9f24106a164c4fa21e6f26f6f44af53710e057caa1ad7c0bfbc849cc874200f3,1177,25.676747099202057,47.770268360447574,20.8024219873261,25.676747099202057,0.0006566314434135905,0.013013330921308824,0.050458368221343086
bfo-9f24106a164c4fa21e6f26f6f44af53710e057caa1ad7c0bfbc849cc874200f3,1178,25.678029502522698,47.767860535019295,20.808883430412667,25.678029502522698,0.0006541621578495991,0.012975796088649828,0.05041402881028679
bfo-9f24106a164c4fa21e6f26f6f44af53710e057caa1ad7c0bfbc849cc874200f3,1179,25.67678856154033,47.69793327616957,20.801358560340166,25.67678856154033,0.0006572973056067223,0.013021901469380657,0.05047629235655585
bfo-9f24106a164c4fa21e6f26f6f44af53710e057caa1ad7c0bfbc849cc874200f3,1180,25.678258572148728,48.02746936669149,20.8002434898353,25.678258572148728,0.000658332645516246,0.013030954684404336,0.050520676455436495
bfo-9f24106a164c4fa21e6f26f6f44af53710e057caa1ad7c0bfbc849cc874200f3,1181,25.676791971549225,47.714637274186835,20.802543278502636,25.676791971549225,0.0006568403854547688,0.013013256222467656,0.05047471395519903
bfo-9f24106a164c4fa21e6f26f6f44af53710e057caa1ad7c0bfbc849cc874200f3,1182,25.676906022305992,47.68904052100738,20.803500201894504,25.676906022305992,0.0006562555052043861,0.013008247879078196,0.050449185109692915
bfo-9f24106a164c4fa21e6f26f6f44af53710e057caa1ad7c0bfbc849cc874200f3,1183,25.676820633735378,47.834287447317095,20.802867429594418,25.676820633735378,0.0006565278993460636,0.013009929492700472,0.05046360164476096
bfo-9f24106a164c4fa21e6f26f6f44af53710e057caa1ad7c0bfbc849cc874200f3,1184,25.677938816289025,47.645321581716416,20.807783975360863,25.677938816289025,0.0006544445880964863,0.012984443860409062,0.05040220398595252
bfo-9f24106a164c4fa21e6f26f6f44af53710e057caa1ad7c0bfbc849cc874200f3,1185,25.676598150443624,47.83306032873578,20.8020932590114,25.676598150443624,0.0006566233741879993,0.01301400136101122,0.05045514872583186
bfo-9f24106a164c4fa21e6f26f6f44af53710e057caa1ad7c0bfbc849cc874200f3,1186,25.677065334009637,47.72006614188575,20.802334910002298,25.677065334009637,0.000656949004096848,0.013015874138193563,0.05047290693823689
bfo-9f24106a164c4fa21e6f26f6f44af53710e057caa1ad7c0bfbc849cc874200f3,1187,25.676712933828604,47.917924138752056,20.80078029786334,25.676712933828604,0.0006572488271006043,0.013022341875080754,0.05047086256875963
bfo-9f24106a164c4fa21e6f26f6f44af53710e057caa1ad7c0bfbc849cc874200f3,1188,25.67753510930747,47.765376013522086,20.801794532050685,25.67753510930747,0.0006574110615057599,0.013020487222703308,0.05049051162689659
bfo-9f24106a164c4fa21e6f26f6f44af53710e057caa1ad7c0bfbc849cc874200f3,1189,25.676393925082145,47.87182700312118,20.80195305385951,25.676393925082145,0.0006566152118224288,0.013012922071611784,0.05045870621594372
bfo-9f24106a164c4fa21e6f26f6f44af53710e057caa1ad7c0bfbc849cc874200f3,1190,25.67957404565631,47.92960626313071,20.812392505229493,25.67957404565631,0.0006521787943330889,0.012955931111696722,0.050338241899441444
bfo-9f24106a164c4fa21e6f26f6f44af53710e057caa1ad7c0bfbc849cc874200f3,1191,25.676988712061114,48.06824186999013,20.8015584620349,25.676988712061114,0.0006567114402282563,0.01301512306066024,0.050457566721996264
bfo-9f24106a164c4fa21e6f26f6f44af53710e057caa1ad7c0bfbc849cc874200f3,1192,25.67644017128319,47.647084158050966,20.801123055673703,25.67644017128319,0.0006571872804036349,0.013022554025523431,0.05046531418611026
bfo-9f24106a164c4fa21e6f26f6f44af53710e057caa1ad7c0bfbc849cc874200f3,1193,25.67628174689043,47.86404219310089,20.80156519165249,25.67628174689043,0.0006568084296361245,0.013014973461441556,0.05046559884136525
bfo-9f24106a164c4fa21e6f26f6f44af53710e057caa1ad7c0bfbc849cc874200f3,1194,25.67745536503296,48.23393619620923,20.80091763848181,25.67745536503296,0.0006568476418224961,0.01301921022959463,0.05045218797753049
bfo-9f24106a164c4fa21e6f26f6f44af53710e057caa1ad7c0bfbc849cc874200f3,1195,25.676291132986602,47.81421890838952,20.802307128203353,25.676291132986602,0.0006564689287569988,0.013010922464466014,0.05045521795628818
bfo-9f24106a164c4fa21e6f26f6f44af53710e057caa1ad7c0bfbc849cc874200f3,1196,25.677767568147097,47.466902419445894,20.8035375487315,25.677767568147097,0.000657051128433334,0.01301352148939929,0.05048987923588266
bfo-9f24106a164c4fa21e6f26f6f44af53710e057caa1ad7c0bfbc849cc874200f3,1197,25.676073179081612,47.745020652064085,20.8014060304071,25.676073179081612,0.000656958658325626,0.013016663650800515,0.05047058723724674
bfo-9f24106a164c4fa21e6f26f6f44af53710e057caa1ad7c0bfbc849cc874200f3,1198,25.676004075261773,47.753044768468015,20.80109151724553,25.676004075261773,0.0006571672949273788,0.013018352910199397,0.05048006452586737
bfo-9f24106a164c4fa21e6f26f6f44af53710e057caa1ad7c0bfbc849cc874200f3,1199,25.676669382345615,48.08852331316228,20.79846292208155,25.676669382345615,0.000658274568160341,0.013034397651823303,0.05050287598585416
bfo-9f24106a164c4fa21e6f26f6f44af53710e057caa1ad7c0bfbc849cc874200f3,1200,25.676165157362387,47.62297394333385,20.803016190985215,25.676165157362387,0.0006564059855555417,0.013007766760461524,0.05046261957515696
bfo-9f24106a164c4fa21e6f26f6f44af53710e057caa1ad7c0bfbc849cc874200f3,1201,25.67780005551379,48.397951639623614,20.80471092786196,25.67780005551379,0.0006548020471916799,0.012992384192941814,0.05039891350714558
bfo-9f24106a164c4fa21e6f26f6f44af53710e057caa1ad7c0bfbc849cc874200f3,1202,25.676284325413896,47.99630348106272,20.799266145083116,25.676284325413896,0.0006579691911232059,0.013028119579841952,0.05050377278861206
bfo-9f24106a164c4fa21e6f26f6f44af53710e057caa1ad7c0bfbc849cc874200f3,1203,25.677445738617067,47.55195822236697,20.800345531675834,25.677445738617067,0.0006586262195517928,0.013032939171887317,0.05053550936326639
bfo-9f24106a164c4fa21e6f26f6f44af53710e057caa1ad7c0bfbc849cc874200f3,1204,25.67579786648266,47.68004813792055,20.80198523694808,25.67579786648266,0.0006566234678698756,0.01301208982292409,0.05046256802754829
bfo-9f24106a164c4fa21e6f26f6f44af53710e057caa1ad7c0bfbc849cc874200f3,1205,25.67726817254519,47.44739203337052,20.803738507662377,25.67726817254519,0.0006568237859236707,0.013009451449262419,0.05048819994335041
bfo-9f24106a164c4fa21e6f26f6f44af53710e057caa1ad7c0bfbc849cc874200f3,1206,25.676709021378315,47.47348258012096,20.803725709029564,25.676709021378315,0.0006563840807839834,0.013007143444385536,0.050463353740233266
bfo-9f24106a164c4fa21e6f26f6f44af53710e057caa1ad7c0bfbc849cc874200f3,1207,25.675903817323892,47.71025138644698,20.80349214293199,25.675903817323892,0.0006557602556017561,0.013002441983182112,0.05043362288791161
bfo-9f24106a164c4fa21e6f26f6f44af53710e057caa1ad7c0bfbc849cc874200f3,1208,25.676085002288936,47.610511391058104,20.80244141829212,25.676085002288936,0.0006564769009309173,0.013011674282638025,0.05045291533364615
bfo-9f24106a164c4fa21e6f26f6f44af53710e057caa1ad7c0bfbc849cc874200f3,1209,25.67573501698162,47.83437152896276,20.801831600430063,25.67573501698162,0.0006562329236218627,0.013011029585748119,0.050436663701132464
bfo-9f24106a164c4fa21e6f26f6f44af53710e057caa1ad7c0bfbc849cc874200f3,1210,25.675709126042232,47.78126027607932,20.80104717832743,25.675709126042232,0.0006565687950594424,0.013017489925068054,0.05043743446999518
bfo-9f24106a164c4fa21e6f26f6f44af53710e057caa1ad7c0bfbc849cc874200f3,1211,25.67664821072406,47.47319480798984,20.801895518257556,25.67664821072406,0.000657073792229583,0.01301985618743682,0.05046705453349091
bfo-9f24106a164c4fa21e6f26f6f44af53710e057caa1ad7c0bfbc849cc874200f3,1212,25.676037698023794,47.71776950380705,20.79970727010479,25.676037698023794,0.000657579034763016,0.013028882745728908,0.05047086903737634
bfo-9f24106a164c4fa21e6f26f6f44af53710e057caa1ad7c0bfbc849cc874200f3,1213,25.67572286194653,47.91174412963575,20.800415455496903,25.67572286194653,0.0006568442852938935,0.013019516139968287,0.05045074473063278
bfo-9f24106a164c4fa21e6f26f6f44af53710e057caa1ad7c0bfbc849cc874200f3,1214,25.675898918089413,47.82134232651633,20.801798316669434,25.675898918089413,0.0006561625637349524,0.013012490754938254,0.05042559307763105
bfo-9f24106a164c4fa21e6f26f6f44af53710e057caa1ad7c0bfbc849cc874200f3,1215,25.67584762381957,47.661589619884495,20.80176485804125,25.67584762381957,0.000656225213188288,0.013015289132716972,0.05041956475163602
bfo-9f24106a164c4fa21e6f26f6f44af53710e057caa1ad7c0bfbc849cc874200f3,1216,25.67591936538085,47.78181714681561,20.802392582325755,25.67591936538085,0.0006559227287990898,0.013009581475450182,0.05041843429297501
bfo-9f24106a164c4fa21e6f26f6f44af53710e057caa1ad7c0bfbc849cc874200f3,1217,25.67633574239217,47.531210083154136,20.801122630499993,25.67633574239217,0.0006571613181447864,0.013022918724942,0.05046190735154981
bfo-9f24106a164c4fa21e6f26f6f44af53710e057caa1ad7c0bfbc849cc874200f3,1218,25.67577833434964,47.75275206575107,20.802098179016284,25.67577833434964,0.0006559469312424081,0.013011370704676221,0.05041336121540708
bfo-9f24106a164c4fa21e6f26f6f44af53710e057caa1ad7c0bfbc849cc874200f3,1219,25.67918393154678,47.88642413158167,20.81204518637551,25.67918393154678,0.0006518678077132877,0.012957218908105797,0.05030923783386042
bfo-9f24106a164c4fa21e6f26f6f44af53710e057caa1ad7c0bfbc849cc874200f3,1220,25.67580475289939,47.67041375161444,20.802196490017053,25.67580475289939,0.000656092865940128,0.01301171287081738,0.05042325114717299
bfo-9f24106a164c4fa21e6f26f6f44af53710e057caa1ad7c0bfbc849cc874200f3,1221,25.676056641835494,47.93242305995466,20.80058892152964,25.676056641835494,0.0006564963794874675,0.013020506501937054,0.05042018752417971
bfo-9f24106a164c4fa21e6f26f6f44af53710e057caa1ad7c0bfbc849cc874200f3,1222,25.675617067863293,47.885840550686,20.799976929034454,25.675617067863293,0.0006569836235974527,0.013022545815226423,0.0504497072169471
bfo-9f24106a164c4fa21e6f26f6f44af53710e057caa1ad7c0bfbc849cc874200f3,1223,25.675832515158547,48.01579865184844,20.798304900436108,25.675832515158547,0.0006577331218026869,0.013033563810006052,0.05046456451901021
bfo-9f24106a164c4fa21e6f26f6f44af53710e057caa1ad7c0bfbc849cc874200f3,1224,25.675508592246125,47.856395509970085,20.798656565042226,25.675508592246125,0.0006575449595396119,0.013031910101227197,0.05045652973601251
bfo-9f24106a164c4fa21e6f26f6f44af53710e057caa1ad7c0bfbc849cc874200f3,1225,25.675729399882144,47.92119614903676,20.797770747444066,25.675729399882144,0.0006579229723865319,0.013037918737422511,0.05046226975614651
bfo-9f24106a164c4fa21e6f26f6f44af53710e057caa1ad7c0bfbc849cc874200f3,1226,25.675198409020354,47.805083588176096,20.799703574950865,25.675198409020354,0.0006568723841752358,0.01302409315107329,0.050435172457370225
bfo-9f24106a164c4fa21e6f26f6f44af53710e057caa1ad7c0bfbc849cc874200f3,1227,25.674740911477322,48.06586048569675,20.798383998282112,25.674740911477322,0.0006569220078895126,0.013026649851112333,0.05042908310254602
bfo-9f24106a164c4fa21e6f26f6f44af53710e057caa1ad7c0bfbc849cc874200f3,1228,25.674704433463972,47.90863678984712,20.798591807115255,25.674704433463972,0.000656886352520026,0.01302805622610662,0.05042090248303555
bfo-9f24106a164c4fa21e6f26f6f44af53710e057caa1ad7c0bfbc849cc874200f3,1229,25.674585658219254,47.80976963131029,20.80009033164311,25.674585658219254,0.0006560156293701741,0.013018745368825033,0.050390080670990246
bfo-9f24106a164c4fa21e6f26f6f44af53710e057caa1ad7c0bfbc849cc874200f3,1230,25.67522021143628,48.03323957672939,20.80041383562838,25.67522021143628,0.0006557059788585484,0.013016581054311908,0.05037467028573816
bfo-9f24106a164c4fa21e6f26f6f44af53710e057caa1ad7c0bfbc849cc874200f3,1231,25.674455429024654,47.86917477697503,20.798687393587162,25.674455429024654,0.0006565689598830392,0.013027459899568727,0.0503988471232811
bfo-9f24106a164c4fa21e6f26f6f44af53710e057caa1ad7c0bfbc849cc874200f3,1232,25.674837513976524,47.97155357360439,20.797786291143627,25.674837513976524,0.0006569769851637654,0.01303311292333525,0.05040829378432495
bfo-9f24106a164c4fa21e6f26f6f44af53710e057caa1ad7c0bfbc849cc874200f3,1233,25.674745880458993,47.975526347264505,20.799557096781477,25.674745880458993,0.0006560555104357978,0.013021467482198212,0.05038260943574127
bfo-9f24106a164c4fa21e6f26f6f44af53710e057caa1ad7c0bfbc849cc874200f3,1234,25.67614103991535,48.267097199423745,20.797648130859447,25.67614103991535,0.0006570194100978852,0.01303664564836365,0.050397888216003925
bfo-9f24106a164c4fa21e6f26f6f44af53710e057caa1ad7c0bfbc849cc874200f3,1235,25.674366634240204,47.79345069189254,20.798383317073025,25.674366634240204,0.0006566459595668536,0.01303063300775353,0.05039248355595111
bfo-9f24106a164c4fa21e6f26f6f44af53710e057caa1ad7c0bfbc849cc874200f3,1236,25.675230526663718,47.63347905507388,20.797959810490482,25.675230526663718,0.0006576225470825922,0.01303893990908894,0.050435277075262
bfo-9f24106a164c4fa21e6f26f6f44af53710e057caa1ad7c0bfbc849cc874200f3,1237,25.674415855598287,47.81519884849738,20.798590355807466,25.674415855598287,0.0006564735520850057,0.013029231592583693,0.050384671376834986
bfo-9f24106a164c4fa21e6f26f6f44af53710e057caa1ad7c0bfbc849cc874200f3,1238,25.674295762374015,47.96407163198815,20.797550031806303,25.674295762374015,0.0006566036539183877,0.013033779210251943,0.05037707355069548
bfo-9f24106a164c4fa21e6f26f6f44af53710e057caa1ad7c0bfbc849cc874200f3,1239,25.675297538545856,47.72919350274009,20.796661370953498,25.675297538545856,0.000658181627723807,0.013047927131077258,0.05044338622616652
bfo-9f24106a164c4fa21e6f26f6f44af53710e057caa1ad7c0bfbc849cc874200f3,1240,25.674094021542604,47.924149851908176,20.797394308738333,25.674094021542604,0.000656636913684698,0.01303480706853851,0.050375652683773975
bfo-9f24106a164c4fa21e6f26f6f44af53710e057caa1ad7c0bfbc849cc874200f3,1241,25.674697898801938,47.84743838157426,20.79578543647026,25.674697898801938,0.0006579010770792548,0.01304933855750313,0.05041643100760642
bfo-9f24106a164c4fa21e6f26f6f44af53710e057caa1ad7c0bfbc849cc874200f3,1242,25.674251094013776,48.010512665921695,20.797837160683276,25.674251094013776,0.0006564028888862939,0.013031188063492067,0.05037168412335787
bfo-9f24106a164c4fa21e6f26f6f44af53710e057caa1ad7c0bfbc849cc874200f3,1243,25.674285459960544,47.927516646874246,20.79572956197229,25.674285459960544,0.0006575882466808401,0.013046909414047961,0.050401840452176126
bfo-9f24106a164c4fa21e6f26f6f44af53710e057caa1ad7c0bfbc849cc874200f3,1244,25.674393686305212,48.0381425049126,20.796637988260915,25.674393686305212,0.0006570247393113857,0.013039997637575587,0.0503853418974653
bfo-9f24106a164c4fa21e6f26f6f44af53710e057caa1ad7c0bfbc849cc874200f3,1245,25.67398986108317,47.87330697632701,20.797573105237177,25.67398986108317,0.000656714689865295,0.01303297703377755,0.050388693861984746
bfo-9f24106a164c4fa21e6f26f6f44af53710e057caa1ad7c0bfbc849cc874200f3,1246,25.676622448320423,47.97131824133833,20.80734524802991,25.676622448320423,0.0006522453093465695,0.012977090796608892,0.050261288879708765
bfo-9f24106a164c4fa21e6f26f6f44af53710e057caa1ad7c0bfbc849cc874200f3,1247,25.673787225679128,47.80943840215333,20.799000726265913,25.673787225679128,0.0006557917414491235,0.013023487497015717,0.05035454148509727
bfo-9f24106a164c4fa21e6f26f6f44af53710e057caa1ad7c0bfbc849cc874200f3,1248,25.674652788866975,47.570360535765765,20.79760492610952,25.674652788866975,0.0006573618365677907,0.013040448144023229,0.05040945137066294
bfo-9f24106a164c4fa21e6f26f6f44af53710e057caa1ad7c0bfbc849cc874200f3,1249,25.673852012499076,47.71679076446541,20.798740965089664,25.673852012499076,0.000656027396566069,0.01302733635290367,0.05035775378746913
bfo-9f24106a164c4fa21e6f26f6f44af53710e057caa1ad7c0bfbc849cc874200f3,1250,25.674230490051233,47.88252752430515,20.80130185272453,25.674230490051233,0.000654800406178364,0.013009226043092086,0.0503335405203497
bfo-9f24106a164c4fa21e6f26f6f44af53710e057caa1ad7c0bfbc849cc874200f3,1251,25.674186287040378,47.996111339298295,20.79792703223304,25.674186287040378,0.0006561543678254782,0.013030557375104257,0.05035504997499989
bfo-9f24106a164c4fa21e6f26f6f44af53710e057caa1ad7c0bfbc849cc874200f3,1252,25.676485157241792,48.34359925206665,20.804722480128763,25.676485157241792,0.0006528518847029794,0.012988583921891204,0.050263515147532786
bfo-9f24106a164c4fa21e6f26f6f44af53710e057caa1ad7c0bfbc849cc874200f3,1253,25.673853134376827,47.917270776080244,20.79953336528995,25.673853134376827,0.0006553182012453071,0.013018693535775559,0.05033671001199031
bfo-9f24106a164c4fa21e6f26f6f44af53710e057caa1ad7c0bfbc849cc874200f3,1254,25.674191192961217,47.71770486135637,20.797274182780203,25.674191192961217,0.000656933866115175,0.013038838059097637,0.05038285337525226
bfo-9f24106a164c4fa21e6f26f6f44af53710e057caa1ad7c0bfbc849cc874200f3,1255,25.67388166449791,47.899920780454835,20.796756946779922,25.67388166449791,0.0006567671962996111,0.013038195601724754,0.05037255279501489
bfo-9f24106a164c4fa21e6f26f6f44af53710e057caa1ad7c0bfbc849cc874200f3,1256,25.6747306142444,48.03587412055757,20.796534175091132,25.6747306142444,0.0006573828457403713,0.013041075647043293,0.050408636797488006
bfo-9f24106a164c4fa21e6f26f6f44af53710e057caa1ad7c0bfbc849cc874200f3,1257,25.67388890617996,47.96466398993043,20.798733782097056,25.67388890617996,0.0006558129716098067,0.01302363085307787,0.0503556173396007
bfo-9f24106a164c4fa21e6f26f6f44af53710e057caa1ad7c0bfbc849cc874200f3,1258,25.673657020284583,47.82913063594047,20.797141227543527,25.673657020284583,0.0006564605780421408,0.013036025187456928,0.05035741866115582
bfo-9f24106a164c4fa21e6f26f6f44af53710e057caa1ad7c0bfbc849cc874200f3,1259,25.674708170959324,47.812258052830174,20.795187477955725,25.674708170959324,0.0006581492654569631,0.013054205696656253,0.05041664584966235
bfo-9f24106a164c4fa21e6f26f6f44af53710e057caa1ad7c0bfbc849cc874200f3,1260,25.674125498239842,47.6947625647806,20.797637858554236,25.674125498239842,0.0006566949513165234,0.01303672030203115,0.05037271154879413
bfo-9f24106a164c4fa21e6f26f6f44af53710e057caa1ad7c0bfbc849cc874200f3,1261,25.673852617669496,47.94183572461941,20.79639590114782,25.673852617669496,0.0006566462841466712,0.01303988033131831,0.05035677226036977
bfo-9f24106a164c4fa21e6f26f6f44af53710e057caa1ad7c0bfbc849cc874200f3,1262,25.673707148530557,47.762671079902915,20.79737674278182,25.673707148530557,0.0006564346495917873,0.013035811289150734,0.050356255934612654
bfo-9f24106a164c4fa21e6f26f6f44af53710e057caa1ad7c0bfbc849cc874200f3,1263,25.6741592158553,47.48019382528366,20.799258482415237,25.6741592158553,0.0006556562424605258,0.013029236885626582,0.05032192201400712
bfo-9f24106a164c4fa21e6f26f6f44af53710e057caa1ad7c0bfbc849cc874200f3,1264,25.673708241477367,47.81964810815079,20.796956082959355,25.673708241477367,0.0006566277079840679,0.013037680257149282,0.050363845027109215
bfo-9f24106a164c4fa21e6f26f6f44af53710e057caa1ad7c0bfbc849cc874200f3,1265,25.674184748994644,47.67224504675827,20.795556757298982,25.674184748994644,0.0006576317027096989,0.01305094988150431,0.05038956617569183
bfo-9f24106a164c4fa21e6f26f6f44af53710e057caa1ad7c0bfbc849cc874200f3,1266,25.6736998077021,47.72069298974062,20.798297705400692,25.6736998077021,0.0006560114002911807,0.013029863341510442,0.050346759831414685
bfo-9f24106a164c4fa21e6f26f6f44af53710e057caa1ad7c0bfbc849cc874200f3,1267,25.674461129925398,47.829544025799166,20.802821152336033,25.674461129925398,0.0006540786061245458,0.013001292061111178,0.05030873878150876
bfo-9f24106a164c4fa21e6f26f6f44af53710e057caa1ad7c0bfbc849cc874200f3,1268,25.673708439971023,48.008389157969546,20.7969483763961,25.673708439971023,0.0006563377783043791,0.013034889034411622,0.050352387087582544
bfo-9f24106a164c4fa21e6f26f6f44af53710e057caa1ad7c0bfbc849cc874200f3,1269,25.673885617580503,47.698532021543556,20.796934071131925,25.673885617580503,0.0006567140737088591,0.013040306969846168,0.05036032320614966
bfo-9f24106a164c4fa21e6f26f6f44af53710e057caa1ad7c0bfbc849cc874200f3,1270,25.6738102665068,47.74808180608714,20.799267527159746,25.6738102665068,0.0006555469118272968,0.013023007826619073,0.050337596395155094
bfo-9f24106a164c4fa21e6f26f6f44af53710e057caa1ad7c0bfbc849cc874200f3,1271,25.67416031328329,47.7094484681619,20.801268372902122,25.67416031328329,0.0006544587814000831,0.01301225279316204,0.05029557846770409
bfo-9f24106a164c4fa21e6f26f6f44af53710e057caa1ad7c0bfbc849cc874200f3,1272,25.673842795252604,47.89242838473879,20.79929749040888,25.673842795252604,0.0006553645763846873,0.013021185434127775,0.05033063845838603
bfo-9f24106a164c4fa21e6f26f6f44af53710e057caa1ad7c0bfbc849cc874200f3,1273,25.673849334148006,47.83114784544132,20.79645023722197,25.673849334148006,0.0006571214738544165,0.013040963689848348,0.05038902718255005
bfo-9f24106a164c4fa21e6f26f6f44af53710e057caa1ad7c0bfbc849cc874200f3,1274,25.6738714708393,47.89816228966585,20.7956014705986,25.6738714708393,0.0006571849253622795,0.01304673791584586,0.050371589404283074
bfo-9f24106a164c4fa21e6f26f6f44af53710e057caa1ad7c0bfbc849cc874200f3,1275,25.675343275718372,48.15685778502578,20.79524738254065,25.675343275718372,0.0006577662145140031,0.01305148808579065,0.05039779450361089
bfo-9f24106a164c4fa21e6f26f6f44af53710e057caa1ad7c0bfbc849cc874200f3,1276,25.67411058877794,47.60568397958918,20.799531007393373,25.67411058877794,0.0006555867287563666,0.013025160262914148,0.050332334921281856
bfo-9f24106a164c4fa21e6f26f6f44af53710e057caa1ad7c0bfbc849cc874200f3,1277,25.674049402675,47.575662129003064,20.79835210246034,25.674049402675,0.0006561984289709975,0.013033263443623076,0.05034797553271761
bfo-9f24106a164c4fa21e6f26f6f44af53710e057caa1ad7c0bfbc849cc874200f3,1278,25.673822800507413,47.892141645563775,20.797236910000372,25.673822800507413,0.0006564532254002818,0.01303527198928963,0.05035976433323781
bfo-9f24106a164c4fa21e6f26f6f44af53710e057caa1ad7c0bfbc849cc874200f3,1279,25.673705117267563,47.8703670613242,20.798057602107946,25.673705117267563,0.0006556660806253168,0.013029227296033969,0.05032271413554189
bfo-9f24106a164c4fa21e6f26f6f44af53710e057caa1ad7c0bfbc849cc874200f3,1280,25.673655111201093,47.665054881704236,20.797453001546728,25.673655111201093,0.0006565824242172646,0.013036236667208028,0.05036594846953518
bfo-9f24106a164c4fa21e6f26f6f44af53710e057caa1ad7c0bfbc849cc874200f3,1281,25.67427504838813,47.631654742118904,20.799467189109787,25.67427504838813,0.0006558536107541136,0.013024774327287245,0.05035431664870254
bfo-9f24106a164c4fa21e6f26f6f44af53710e057caa1ad7c0bfbc849cc874200f3,1282,25.673874091339037,47.57240946585672,20.798905604089992,25.673874091339037,0.0006559682993695009,0.01302872544898221,0.05034784883127186
bfo-9f24106a164c4fa21e6f26f6f44af53710e057caa1ad7c0bfbc849cc874200f3,1283,25.673862194369974,47.655724577052865,20.796510153619842,25.673862194369974,0.0006573496635069179,0.013043660247221827,0.05039610439461784
bfo-9f24106a164c4fa21e6f26f6f44af53710e057caa1ad7c0bfbc849cc874200f3,1284,25.674114779305075,47.63059192003723,20.79732011876346,25.674114779305075,0.0006569273291585892,0.013039412513397436,0.05038013242418895
bfo-9f24106a164c4fa21e6f26f6f44af53710e057caa1ad7c0bfbc849cc874200f3,1285,25.673762679817038,47.78006613423849,20.79925843342283,25.673762679817038,0.0006557027115656819,0.013022472573367652,0.050351629298622136
bfo-9f24106a164c4fa21e6f26f6f44af53710e057caa1ad7c0bfbc849cc874200f3,1286,25.673649512311133,47.799324383031866,20.79925597548872,25.673649512311133,0.0006553925259271065,0.01302244636848953,0.05032791131418768
bfo-9f24106a164c4fa21e6f26f6f44af53710e057caa1ad7c0bfbc849cc874200f3,1287,25.67357689053451,47.830132841813125,20.797351939470374,25.67357689053451,0.0006561628673544145,0.013034910508685422,0.050338885481200656
bfo-9f24106a164c4fa21e6f26f6f44af53710e057caa1ad7c0bfbc849cc874200f3,1288,25.673969979903426,47.69879764947605,20.796107025725703,25.673969979903426,0.0006568438762225413,0.013046671399000028,0.05034570551634232
bfo-9f24106a164c4fa21e6f26f6f44af53710e057caa1ad7c0bfbc849cc874200f3,1289,25.67386545316636,47.76156329399324,20.796361097617304,25.67386545316636,0.0006569432686066341,0.013044413575795688,0.050362039258369774
bfo-9f24106a164c4fa21e6f26f6f44af53710e057caa1ad7c0bfbc849cc874200f3,1290,25.676451650518807,48.37266877872291,20.795498698923772,25.676451650518807,0.0006574162229418103,0.013053685524503242,0.05036249890559764
bfo-9f24106a164c4fa21e6f26f6f44af53710e057caa1ad7c0bfbc849cc874200f3,1291,25.673587849932083,47.80892164893573,20.796064510463452,25.673587849932083,0.0006568652215623405,0.013043844270559418,0.05035825389643119
bfo-9f24106a164c4fa21e6f26f6f44af53710e057caa1ad7c0bfbc849cc874200f3,1292,25.674891771876275,47.51581885758384,20.80289304466212,25.674891771876275,0.0006542388346086555,0.013007583259914551,0.050296724728629824
bfo-9f24106a164c4fa21e6f26f6f44af53710e057caa1ad7c0bfbc849cc874200f3,1293,25.673663644190988,47.9027763625882,20.798147167712873,25.673663644190988,0.000655553116321293,0.01302915161988712,0.05031433630112077
bfo-9f24106a164c4fa21e6f26f6f44af53710e057caa1ad7c0bfbc849cc874200f3,1294,25.673971448437506,47.97170493272633,20.795839882723993,25.673971448437506,0.0006571467262110278,0.01304434890278641,0.050377886325215844
bfo-9f24106a164c4fa21e6f26f6f44af53710e057caa1ad7c0bfbc849cc874200f3,1295,25.674078332995236,47.98570578311863,20.79739308191496,25.674078332995236,0.000656036699486898,0.013035061453624496,0.0503286234453833
bfo-9f24106a164c4fa21e6f26f6f44af53710e057caa1ad7c0bfbc849cc874200f3,1296,25.67363157007587,47.86045358621297,20.798041794676482,25.67363157007587,0.0006558857667610964,0.01302897791223594,0.05034053869606553
bfo-9f24106a164c4fa21e6f26f6f44af53710e057caa1ad7c0bfbc849cc874200f3,1297,25.673770123017828,47.95559835857772,20.79798485137139,25.673770123017828,0.000655593404387379,0.013030018269092305,0.050314081749407165
bfo-9f24106a164c4fa21e6f26f6f44af53710e057caa1ad7c0bfbc849cc874200f3,1298,25.674633457425507,47.50620281229807,20.79808051567943,25.674633457425507,0.000656766075044027,0.013039097083844766,0.05036898420349594
bfo-9f24106a164c4fa21e6f26f6f44af53710e057caa1ad7c0bfbc849cc874200f3,1299,25.673519567282646,47.844878642851185,20.79818274913824,25.673519567282646,0.0006557588134102716,0.013028761026044165,0.050331632616441906
bfo-9f24106a164c4fa21e6f26f6f44af53710e057caa1ad7c0bfbc849cc874200f3,1300,25.676902767687388,47.81897990143278,20.809099245600592,25.676902767687388,0.0006512002741150955,0.012969870630576367,0.050208694648032653
bfo-9f24106a164c4fa21e6f26f6f44af53710e057caa1ad7c0bfbc849cc874200f3,1301,25.67356611570105,47.82347200524804,20.79872856164574,25.67356611570105,0.0006554245216353717,0.01302597579095185,0.05031673113431126
bfo-9f24106a164c4fa21e6f26f6f44af53710e057caa1ad7c0bfbc849cc874200f3,1302,25.67380190647762,47.62855147355584,20.796601462584892,25.67380190647762,0.00065680747121763,0.01304469664763702,0.05035053623394204
bfo-9f24106a164c4fa21e6f26f6f44af53710e057caa1ad7c0bfbc849cc874200f3,1303,25.673631825413757,47.865964367648544,20.796792450603714,25.673631825413757,0.0006565389756009142,0.013038828160464115,0.050352605887670876
bfo-9f24106a164c4fa21e6f26f6f44af53710e057caa1ad7c0bfbc849cc874200f3,1304,25.673905824713106,47.69225738444345,20.797131642914167,25.673905824713106,0.0006567512601594707,0.013039224593790833,0.05036735546929762
bfo-9f24106a164c4fa21e6f26f6f44af53710e057caa1ad7c0bfbc849cc874200f3,1305,25.673603172231118,47.940763890709235,20.796562624536573,25.673603172231118,0.0006564826366390473,0.013038692252714005,0.05034880982810223
bfo-9f24106a164c4fa21e6f26f6f44af53710e057caa1ad7c0bfbc849cc874200f3,1306,25.674508386837363,48.03066593867088,20.80037365693315,25.674508386837363,0.000654932780920551,0.013014823993299503,0.05032206207765343
bfo-9f24106a164c4fa21e6f26f6f44af53710e057caa1ad7c0bfbc849cc874200f3,1307,25.673391345468918,47.8113926176604,20.79817347390048,25.673391345468918,0.0006558084018539294,0.013028708345687395,0.05033564221821015
bfo-9f24106a164c4fa21e6f26f6f44af53710e057caa1ad7c0bfbc849cc874200f3,1308,25.6750391738704,47.37847512898996,20.799967407690563,25.6750391738704,0.000656226303952579,0.013030324799687722,0.05036146942156851
bfo-9f24106a164c4fa21e6f26f6f44af53710e057caa1ad7c0bfbc849cc874200f3,1309,25.673869402603827,48.048611025815205,20.797036644938125,25.673869402603827,0.0006562376366490662,0.013035068533640566,0.050344011230586565
bfo-9f24106a164c4fa21e6f26f6f44af53710e057caa1ad7c0bfbc849cc874200f3,1310,25.673338169710018,47.92651136469332,20.796470825765905,25.673338169710018,0.0006563569671339477,0.013038892318293579,0.05033839923757007
bfo-9f24106a164c4fa21e6f26f6f44af53710e057caa1ad7c0bfbc849cc874200f3,1311,25.673885460744312,48.08234173559053,20.796164317833846,25.673885460744312,0.0006563720330407414,0.01304195680060052,0.05032772635855676
bfo-9f24106a164c4fa21e6f26f6f44af53710e057caa1ad7c0bfbc849cc874200f3,1312,25.673392913806488,47.9187285289713,20.7978665568853,25.673392913806488,0.0006557427650593378,0.013029290178071714,0.05032835680971726
bfo-9f24106a164c4fa21e6f26f6f44af53710e057caa1ad7c0bfbc849cc874200f3,1313,25.67517158416001,48.332674388161145,20.802285693934596,25.67517158416001,0.0006531622068844655,0.01300094741191033,0.05023958533099638
bfo-9f24106a164c4fa21e6f26f6f44af53710e057caa1ad7c0bfbc849cc874200f3,1314,25.673260322080946,47.86810699669667,20.797824689312623,25.673260322080946,0.0006556297433321529,0.013030123474868292,0.05031646435252065
bfo-9f24106a164c4fa21e6f26f6f44af53710e057caa1ad7c0bfbc849cc874200f3,1315,25.674944174232344,48.067813338242914,20.801768249864505,25.674944174232344,0.0006539507244551867,0.013007749437185325,0.05027393305914505
bfo-9f24106a164c4fa21e6f26f6f44af53710e057caa1ad7c0bfbc849cc874200f3,1316,25.673037073105075,47.79960174146808,20.798019352597507,25.673037073105075,0.0006555292083370075,0.01302881884517594,0.050313786393593476
bfo-9f24106a164c4fa21e6f26f6f44af53710e057caa1ad7c0bfbc849cc874200f3,1317,25.673704977485837,47.52296509958703,20.798133741360402,25.673704977485837,0.0006562901754887855,0.013034251881254776,0.0503511963300809
bfo-9f24106a164c4fa21e6f26f6f44af53710e057caa1ad7c0bfbc849cc874200f3,1318,25.673190252704128,47.778430503305735,20.798569814763844,25.673190252704128,0.0006553026342141573,0.01302647373990164,0.050305450830249426
bfo-9f24106a164c4fa21e6f26f6f44af53710e057caa1ad7c0bfbc849cc874200f3,1319,25.67291679171743,47.82282154105283,20.795371997133007,25.67291679171743,0.000656667115059725,0.013046445722461318,0.050333027786194584
bfo-9f24106a164c4fa21e6f26f6f44af53710e057caa1ad7c0bfbc849cc874200f3,1320,25.6748239962297,47.777795265798616,20.804934192743993,25.6748239962297,0.0006522137256062026,0.012990402954492341,0.05020735137247256
bfo-9f24106a164c4fa21e6f26f6f44af53710e057caa1ad7c0bfbc849cc874200f3,1321,25.67313782043604,47.768688819322946,20.795617204770917,25.67313782043604,0.0006567859056695701,0.013046807567251994,0.05034073678821851
bfo-9f24106a164c4fa21e6f26f6f44af53710e057caa1ad7c0bfbc849cc874200f3,1322,25.673397757725045,47.69067745337415,20.794646463278806,25.673397757725045,0.0006576929856330746,0.013055412573269719,0.05037703572690356
bfo-9f24106a164c4fa21e6f26f6f44af53710e057caa1ad7c0bfbc849cc874200f3,1323,25.673215843162875,48.04066587413894,20.794177437709465,25.673215843162875,0.000657099257135717,0.013052824487184717,0.05034153778600624
bfo-9f24106a164c4fa21e6f26f6f44af53710e057caa1ad7c0bfbc849cc874200f3,1324,25.673730890210457,47.63264584938563,20.795478142884296,25.673730890210457,0.0006573841929832745,0.013051740866323231,0.050367548644755185
bfo-9f24106a164c4fa21e6f26f6f44af53710e057caa1ad7c0bfbc849cc874200f3,1325,25.67311588953146,47.685296764060695,20.795529433466395,25.67311588953146,0.0006569208952213403,0.013048143488082774,0.05034592820207136
bfo-9f24106a164c4fa21e6f26f6f44af53710e057caa1ad7c0bfbc849cc874200f3,1326,25.674795576970965,48.20759604585051,20.79378067698237,25.674795576970965,0.0006574636288645474,0.013060636497436792,0.05033932526899264
bfo-9f24106a164c4fa21e6f26f6f44af53710e057caa1ad7c0bfbc849cc874200f3,1327,25.673015641575706,47.83696975237582,20.794664675609116,25.673015641575706,0.000657073542556006,0.013051871732858808,0.05034324241034235
bfo-9f24106a164c4fa21e6f26f6f44af53710e057caa1ad7c0bfbc849cc874200f3,1328,25.674228574197965,47.64895178977322,20.79551753424636,25.674228574197965,0.000657650523818096,0.013053794899644587,0.05038002579893466
bfo-9f24106a164c4fa21e6f26f6f44af53710e057caa1ad7c0bfbc849cc874200f3,1329,25.673183687702117,47.592404251230676,20.79761326925381,25.673183687702117,0.0006558797103189774,0.01303542819211815,0.050315164231855
bfo-9f24106a164c4fa21e6f26f6f44af53710e057caa1ad7c0bfbc849cc874200f3,1330,25.674151244532407,48.14661883652909,20.793915088864,25.674151244532407,0.0006573872958163415,0.013058520427881649,0.05034163705198436
bfo-9f24106a164c4fa21e6f26f6f44af53710e057caa1ad7c0bfbc849cc874200f3,1331,25.673208388157466,47.982787341042936,20.7946925582402,25.673208388157466,0.0006567818231160898,0.013050603440127826,0.05032578195553974
bfo-9f24106a164c4fa21e6f26f6f44af53710e057caa1ad7c0bfbc849cc874200f3,1332,25.67424296778818,48.23801266032683,20.79345950900864,25.67424296778818,0.0006575466236991006,0.013060074828785309,0.05034784504065951
bfo-9f24106a164c4fa21e6f26f6f44af53710e057caa1ad7c0bfbc849cc874200f3,1333,25.673277068535615,47.859244309894834,20.794482607210742,25.673277068535615,0.0006573257398992309,0.013053629902927244,0.050355781862011215
bfo-9f24106a164c4fa21e6f26f6f44af53710e057caa1ad7c0bfbc849cc874200f3,1334,25.674792424559605,47.5721984529283,20.7946008688038,25.674792424559605,0.000658403131470678,0.01306295621156477,0.05040230716595275
bfo-9f24106a164c4fa21e6f26f6f44af53710e057caa1ad7c0bfbc849cc874200f3,1335,25.672800871924665,47.7641876028069,20.795706922830856,25.672800871924665,0.0006566493471142682,0.013044151042144654,0.05034052005321653
bfo-9f24106a164c4fa21e6f26f6f44af53710e057caa1ad7c0bfbc849cc874200f3,1336,25.673006501887933,47.894059761583364,20.795031956912794,25.673006501887933,0.0006570397127241501,0.013047331162406696,0.050358169386953255
bfo-9f24106a164c4fa21e6f26f6f44af53710e057caa1ad7c0bfbc849cc874200f3,1337,25.672758926126825,47.82090618693026,20.795565547437473,25.672758926126825,0.000656698312351591,0.013043976678263987,0.05034494683250158
bfo-9f24106a164c4fa21e6f26f6f44af53710e057caa1ad7c0bfbc849cc874200f3,1338,25.673323083497657,47.85642435067673,20.793543024869873,25.673323083497657,0.0006581113424410524,0.013060374605531028,0.05038992849120456
bfo-9f24106a164c4fa21e6f26f6f44af53710e057caa1ad7c0bfbc849cc874200f3,1339,25.67287408398163,47.905354829047255,20.79497604652726,25.67287408398163,0.0006570381108525195,0.01304703354360768,0.05035919534172054
bfo-9f24106a164c4fa21e6f26f6f44af53710e057caa1ad7c0bfbc849cc874200f3,1340,25.674402431463353,48.211428947957515,20.793456184960014,25.674402431463353,0.0006579542403322164,0.013059799950977278,0.05038011629596064
bfo-9f24106a164c4fa21e6f26f6f44af53710e057caa1ad7c0bfbc849cc874200f3,1341,25.67308725364364,47.69132071442314,20.796779813544717,25.67308725364364,0.000656331719487686,0.013039075644638033,0.05033575518503758
bfo-9f24106a164c4fa21e6f26f6f44af53710e057caa1ad7c0bfbc849cc874200f3,1342,25.673946784507706,47.658348733637325,20.79612618355105,25.673946784507706,0.0006571175760846146,0.013048626526483552,0.05035913739663909
bfo-9f24106a164c4fa21e6f26f6f44af53710e057caa1ad7c0bfbc849cc874200f3,1343,25.672860201128742,47.75915433379511,20.797548428396738,25.672860201128742,0.000655784546290647,0.013031776889288003,0.050321959304697406
bfo-9f24106a164c4fa21e6f26f6f44af53710e057caa1ad7c0bfbc849cc874200f3,1344,25.672835989492523,47.80149873789195,20.797241249259482,25.672835989492523,0.0006557513277759723,0.013033055594441914,0.05031447330399054
bfo-9f24106a164c4fa21e6f26f6f44af53710e057caa1ad7c0bfbc849cc874200f3,1345,25.67274350436346,47.795047365730255,20.79549865581209,25.67274350436346,0.0006566966599965649,0.013044609634858814,0.050342377302091845
bfo-9f24106a164c4fa21e6f26f6f44af53710e057caa1ad7c0bfbc849cc874200f3,1346,25.67289980629651,47.790963069000234,20.796968986950716,25.67289980629651,0.0006559192892549957,0.013035780610875817,0.05031684015207796
bfo-9f24106a164c4fa21e6f26f6f44af53710e057caa1ad7c0bfbc849cc874200f3,1347,25.67246620364515,47.72899570553521,20.79576483542349,25.67246620364515,0.0006564409495991089,0.013042742687152602,0.05032997777727519
bfo-9f24106a164c4fa21e6f26f6f44af53710e057caa1ad7c0bfbc849cc874200f3,1348,25.673377854089317,48.135613156822515,20.800958165510057,25.673377854089317,0.0006532088532610835,0.013004982272345854,0.050227585057926946
bfo-9f24106a164c4fa21e6f26f6f44af53710e057caa1ad7c0bfbc849cc874200f3,1349,25.672486967751883,47.78180211289964,20.795374395114575,25.672486967751883,0.0006565158560414222,0.013044923763414634,0.050327304930877795
bfo-9f24106a164c4fa21e6f26f6f44af53710e057caa1ad7c0bfbc849cc874200f3,1350,25.674219140444805,47.54545770985945,20.794602409825988,25.674219140444805,0.0006580427646166377,0.013060298865934463,0.05038496985187902
bfo-9f24106a164c4fa21e6f26f6f44af53710e057caa1ad7c0bfbc849cc874200f3,1351,25.672440943046347,47.723467917764786,20.79503249233291,25.672440943046347,0.0006567798718915184,0.013047862290773527,0.05033620506218433
bfo-9f24106a164c4fa21e6f26f6f44af53710e057caa1ad7c0bfbc849cc874200f3,1352,25.6739355505034,47.501398843795926,20.796132468378723,25.6739355505034,0.0006574196594155584,0.013050119169027471,0.050376525371189466
bfo-9f24106a164c4fa21e6f26f6f44af53710e057caa1ad7c0bfbc849cc874200f3,1353,25.67261614459058,47.728977630928064,20.79429422310537,25.67261614459058,0.0006572720842855167,0.013053605422160193,0.050351765893713304
bfo-9f24106a164c4fa21e6f26f6f44af53710e057caa1ad7c0bfbc849cc874200f3,1354,25.672931291810396,47.91930212519797,20.794090606076654,25.672931291810396,0.0006573786086937718,0.01305320588155604,0.05036146787684064
bfo-9f24106a164c4fa21e6f26f6f44af53710e057caa1ad7c0bfbc849cc874200f3,1355,25.672383745169686,47.69521152827047,20.795719383248674,25.672383745169686,0.000656446059821996,0.013043722478702379,0.05032658896981537
bfo-9f24106a164c4fa21e6f26f6f44af53710e057caa1ad7c0bfbc849cc874200f3,1356,25.67428487729855,47.388670132028096,20.80241114285195,25.67428487729855,0.000654159777181937,0.013010751354063405,0.05027840125294805
bfo-9f24106a164c4fa21e6f26f6f44af53710e057caa1ad7c0bfbc849cc874200f3,1357,25.672254700463956,47.81720285371748,20.795821859162764,25.672254700463956,0.0006561173129244834,0.013041095163015092,0.05031151944855447
bfo-9f24106a164c4fa21e6f26f6f44af53710e057caa1ad7c0bfbc849cc874200f3,1358,25.672896586646345,47.684243697247,20.795097794803755,25.672896586646345,0.0006569511485100832,0.01305088596727942,0.05033766674210171
bfo-9f24106a164c4fa21e6f26f6f44af53710e057caa1ad7c0bfbc849cc874200f3,1359,25.67214291104973,47.843754457832446,20.795161875202805,25.67214291104973,0.0006562683925649199,0.013044996042946006,0.0503080560855971
bfo-9f24106a164c4fa21e6f26f6f44af53710e057caa1ad7c0bfbc849cc874200f3,1360,25.673986730847858,48.13616181560301,20.80009728810173,25.673986730847858,0.0006539975479331817,0.013015137213644638,0.05024899370615566
bfo-9f24106a164c4fa21e6f26f6f44af53710e057caa1ad7c0bfbc849cc874200f3,1361,25.672250256678044,47.88919007224433,20.79617433653385,25.672250256678044,0.0006557043951675825,0.013038037737402879,0.050291647284202136
bfo-9f24106a164c4fa21e6f26f6f44af53710e057caa1ad7c0bfbc849cc874200f3,1362,25.6725274071365,47.70838835870719,20.7957542119306,25.6725274071365,0.0006562236217918765,0.013044545923978414,0.05030635988529197
bfo-9f24106a164c4fa21e6f26f6f44af53710e057caa1ad7c0bfbc849cc874200f3,1363,25.67216249974306,47.80617704229818,20.794460927318088,25.67216249974306,0.0006566738858417039,0.013050368652921399,0.050318416537199026
bfo-9f24106a164c4fa21e6f26f6f44af53710e057caa1ad7c0bfbc849cc874200f3,1364,25.67283139253825,47.914209300151164,20.79253698285968,25.67283139253825,0.0006579889873727412,0.013064952495155343,0.05036290699233175
bfo-9f24106a164c4fa21e6f26f6f44af53710e057caa1ad7c0bfbc849cc874200f3,1365,25.67226441722719,47.76512259789064,20.795860969034408,25.67226441722719,0.0006561521604715538,0.013041587943051065,0.050312290446285005
bfo-9f24106a164c4fa21e6f26f6f44af53710e057caa1ad7c0bfbc849cc874200f3,1366,25.672914698723257,47.75365952838707,20.79418325417095,25.672914698723257,0.0006573593674431939,0.013056958779017797,0.050345519088223954
bfo-9f24106a164c4fa21e6f26f6f44af53710e057caa1ad7c0bfbc849cc874200f3,1367,25.672231410172355,47.857430630349526,20.79497458161727,25.672231410172355,0.0006563709805143319,0.01304635921199626,0.05031066290975586
bfo-9f24106a164c4fa21e6f26f6f44af53710e057caa1ad7c0bfbc849cc874200f3,1368,25.673203622323673,48.164127551431406,20.79537274779563,25.673203622323673,0.0006559036852944164,0.013044803371624333,0.050280841083520565
bfo-9f24106a164c4fa21e6f26f6f44af53710e057caa1ad7c0bfbc849cc874200f3,1369,25.67232887876711,47.7649929863986,20.796874621939047,25.67232887876711,0.0006554239150924435,0.013035444838563864,0.05028013414267592
bfo-9f24106a164c4fa21e6f26f6f44af53710e057caa1ad7c0bfbc849cc874200f3,1370,25.67354950703612,47.42769813664759,20.79716880056179,25.67354950703612,0.0006563292322888273,0.013043658811695816,0.05031787796383624
bfo-9f24106a164c4fa21e6f26f6f44af53710e057caa1ad7c0bfbc849cc874200f3,1371,25.672343112709523,47.77184215188019,20.794269789011956,25.672343112709523,0.0006568711218362492,0.013052956376314255,0.050323551454458236
bfo-9f24106a164c4fa21e6f26f6f44af53710e057caa1ad7c0bfbc849cc874200f3,1372,25.67326476094884,47.39327677814488,20.7987243172421,25.67326476094884,0.0006556138661180164,0.013032472034165844,0.05030617862821906
bfo-9f24106a164c4fa21e6f26f6f44af53710e057caa1ad7c0bfbc849cc874200f3,1373,25.672389427424672,47.98134726759113,20.79590619294753,25.672389427424672,0.000655775273325223,0.01303908455169264,0.05029304555281029
bfo-9f24106a164c4fa21e6f26f6f44af53710e057caa1ad7c0bfbc849cc874200f3,1374,25.672997360510294,48.03868491126532,20.79542753275279,25.672997360510294,0.0006560446608825941,0.013044977636163864,0.05029097628070117
bfo-9f24106a164c4fa21e6f26f6f44af53710e057caa1ad7c0bfbc849cc874200f3,1375,25.671922106331486,47.7971637232729,20.795747202394534,25.671922106331486,0.0006557461663662001,0.013041084259514075,0.05028310172045725
bfo-9f24106a164c4fa21e6f26f6f44af53710e057caa1ad7c0bfbc849cc874200f3,1376,25.672770116701805,47.5113341073789,20.796446816029082,25.672770116701805,0.0006563104002754206,0.013043736171853521,0.05031613577800221
bfo-9f24106a164c4fa21e6f26f6f44af53710e057caa1ad7c0bfbc849cc874200f3,1377,25.672091178180942,47.68637378615536,20.79561527276626,25.672091178180942,0.0006558977870000645,0.013044487374471623,0.05028160694790294
bfo-9f24106a164c4fa21e6f26f6f44af53710e057caa1ad7c0bfbc849cc874200f3,1378,25.672563778814766,47.658625482138085,20.79807265055639,25.672563778814766,0.0006548364375525501,0.013030478969673086,0.05025421084494324
bfo-9f24106a164c4fa21e6f26f6f44af53710e057caa1ad7c0bfbc849cc874200f3,1379,25.672094203074597,47.73338831955997,20.797749528597727,25.672094203074597,0.0006548858881882849,0.013029115450324955,0.05026326542926992
bfo-9f24106a164c4fa21e6f26f6f44af53710e057caa1ad7c0bfbc849cc874200f3,1380,25.672400512994095,48.024171541596345,20.794685316477295,25.672400512994095,0.0006561560961912275,0.013047456502014934,0.05028996234552662
bfo-9f24106a164c4fa21e6f26f6f44af53710e057caa1ad7c0bfbc849cc874200f3,1381,25.67225922122825,47.664172294475776,20.795424009096564,25.67225922122825,0.0006562088219616905,0.013046990538548884,0.05029579963462406
bfo-9f24106a164c4fa21e6f26f6f44af53710e057caa1ad7c0bfbc849cc874200f3,1382,25.673274710944593,47.854810862194704,20.80178391703728,25.673274710944593,0.0006533033920831943,0.013005501000423473,0.050232850857642626
bfo-9f24106a164c4fa21e6f26f6f44af53710e057caa1ad7c0bfbc849cc874200f3,1383,25.67186120035347,47.84004940701567,20.795269973024276,25.67186120035347,0.0006558352674107573,0.013043558592463953,0.05028039417016708
bfo-9f24106a164c4fa21e6f26f6f44af53710e057caa1ad7c0bfbc849cc874200f3,1384,25.67297327156479,48.04493523814608,20.798831354280384,25.67297327156479,0.0006543220371960925,0.013020406293565457,0.050253580605963986
bfo-9f24106a164c4fa21e6f26f6f44af53710e057caa1ad7c0bfbc849cc874200f3,1385,25.672059268726628,47.85525784862452,20.795709712612613,25.672059268726628,0.0006557392756503947,0.013041253646787612,0.05028192023639688
bfo-9f24106a164c4fa21e6f26f6f44af53710e057caa1ad7c0bfbc849cc874200f3,1386,25.67263717746502,47.69687140984917,20.792925840241153,25.67263717746502,0.0006575843679277679,0.013064502027946519,0.0503336726130944
bfo-9f24106a164c4fa21e6f26f6f44af53710e057caa1ad7c0bfbc849cc874200f3,1387,25.67179602413648,47.88819817651173,20.79457253906548,25.67179602413648,0.0006561770775269884,0.013047153775924246,0.05029273731239559
bfo-9f24106a164c4fa21e6f26f6f44af53710e057caa1ad7c0bfbc849cc874200f3,1388,25.67544066447076,47.90720659603871,20.80686623675945,25.67544066447076,0.00065078329409042,0.012979193078997926,0.05014050489344169
bfo-9f24106a164c4fa21e6f26f6f44af53710e057caa1ad7c0bfbc849cc874200f3,1389,25.67240050877739,48.078875226796185,20.794398820712043,25.67240050877739,0.0006564184808546013,0.013048027933659938,0.050307869065887086
bfo-9f24106a164c4fa21e6f26f6f44af53710e057caa1ad7c0bfbc849cc874200f3,1390,25.67170986735186,47.932525994220526,20.793128675201984,25.67170986735186,0.0006566076582315138,0.01305603487036785,0.05029150616943887
bfo-9f24106a164c4fa21e6f26f6f44af53710e057caa1ad7c0bfbc849cc874200f3,1391,25.67219579360534,47.96064482868334,20.7928312052813,25.67219579360534,0.0006571430191317585,0.013059992231049086,0.05031725957458486
bfo-9f24106a164c4fa21e6f26f6f44af53710e057caa1ad7c0bfbc849cc874200f3,1392,25.671925529460264,48.019673520457616,20.79328395942336,25.671925529460264,0.0006565707074620526,0.013054624595192243,0.05029410862598488
bfo-9f24106a164c4fa21e6f26f6f44af53710e057caa1ad7c0bfbc849cc874200f3,1393,25.67232212255789,47.63488609918062,20.794347052159416,25.67232212255789,0.0006565939874249846,0.013055080503233266,0.050294135471808867
bfo-9f24106a164c4fa21e6f26f6f44af53710e057caa1ad7c0bfbc849cc874200f3,1394,25.671860386734775,48.01258395498569,20.793578229588604,25.671860386734775,0.0006563793969517626,0.013052478959004545,0.05028771921512615
bfo-9f24106a164c4fa21e6f26f6f44af53710e057caa1ad7c0bfbc849cc874200f3,1395,25.67436783631948,48.377913383789924,20.792150240305375,25.67436783631948,0.0006572740019298021,0.013068719304137218,0.05029368116596752
bfo-9f24106a164c4fa21e6f26f6f44af53710e057caa1ad7c0bfbc849cc874200f3,1396,25.671592609374358,47.86691562229785,20.79362913906947,25.671592609374358,0.0006564571066188837,0.013053227533712982,0.050290788613270646
bfo-9f24106a164c4fa21e6f26f6f44af53710e057caa1ad7c0bfbc849cc874200f3,1397,25.672839870440953,47.62330715433946,20.792520581152132,25.672839870440953,0.0006580602139094823,0.013069114816306926,0.050352317135387833
bfo-9f24106a164c4fa21e6f26f6f44af53710e057caa1ad7c0bfbc849cc874200f3,1398,25.671520213890236,47.866745119412926,20.79421714378565,25.671520213890236,0.0006560045339235992,0.013049165670108939,0.050271760701626735
bfo-9f24106a164c4fa21e6f26f6f44af53710e057caa1ad7c0bfbc849cc874200f3,1399,25.671773712812683,47.95559086581879,20.79485788670115,25.671773712812683,0.0006556613636149332,0.013044538999173485,0.05026328363589365
bfo-9f24106a164c4fa21e6f26f6f44af53710e057caa1ad7c0bfbc849cc874200f3,1400,25.67155079198598,47.88185766256337,20.7944380400137,25.67155079198598,0.0006557334918619201,0.013047478271936733,0.05025748870356883
bfo-9f24106a164c4fa21e6f26f6f44af53710e057caa1ad7c0bfbc849cc874200f3,1401,25.672167058412427,47.65277306454972,20.793558838668947,25.672167058412427,0.0006568072093834488,0.013059587939078972,0.05029310361455173
bfo-9f24106a164c4fa21e6f26f6f44af53710e057caa1ad7c0bfbc849cc874200f3,1402,25.67132300027725,47.89527810480766,20.793881547713728,25.67132300027725,0.0006560172459787653,0.013050816157426707,0.05026637706527278
bfo-9f24106a164c4fa21e6f26f6f44af53710e057caa1ad7c0bfbc849cc874200f3,1403,25.671279107433502,47.850739181902334,20.794456628170334,25.671279107433502,0.0006556827778266041,0.013047413651137464,0.05025385071388782
bfo-9f24106a164c4fa21e6f26f6f44af53710e057caa1ad7c0bfbc849cc874200f3,1404,25.67187535067417,48.008418039976746,20.796628125853942,25.67187535067417,0.00065449019623592,0.013032876400304295,0.0502183996942255
bfo-9f24106a164c4fa21e6f26f6f44af53710e057caa1ad7c0bfbc849cc874200f3,1405,25.671571709724397,47.88292325838988,20.79566170858444,25.671571709724397,0.000655027956286413,0.013040056254070197,0.050231988537776356
bfo-9f24106a164c4fa21e6f26f6f44af53710e057caa1ad7c0bfbc849cc874200f3,1406,25.671494147862354,47.86071895575226,20.79500971043089,25.671494147862354,0.000655767421480046,0.013043770509038908,0.050274375881239286
bfo-9f24106a164c4fa21e6f26f6f44af53710e057caa1ad7c0bfbc849cc874200f3,1407,25.671375912985162,47.87962501030793,20.795102106773722,25.671375912985162,0.0006554745034516082,0.013042803989734281,0.050255643185891506
bfo-9f24106a164c4fa21e6f26f6f44af53710e057caa1ad7c0bfbc849cc874200f3,1408,25.671041902790247,47.822524761221345,20.794038868895743,25.671041902790247,0.0006559566976954209,0.013049251343604858,0.05026776482597911
bfo-9f24106a164c4fa21e6f26f6f44af53710e057caa1ad7c0bfbc849cc874200f3,1409,25.671474073409225,47.94621851579883,20.794869144336676,25.671474073409225,0.0006557832878054503,0.013044050980152355,0.05027451125446236
bfo-9f24106a164c4fa21e6f26f6f44af53710e057caa1ad7c0bfbc849cc874200f3,1410,25.671494926444726,47.75006284176154,20.79701096899115,25.671494926444726,0.0006547774549139971,0.013031733448928285,0.05024484712491148
bfo-9f24106a164c4fa21e6f26f6f44af53710e057caa1ad7c0bfbc849cc874200f3,1411,25.671155945476105,47.851302972687805,20.794977938123797,25.671155945476105,0.0006554952227342289,0.013043040769045158,0.05025631939217007
bfo-9f24106a164c4fa21e6f26f6f44af53710e057caa1ad7c0bfbc849cc874200f3,1412,25.67108479691763,47.73996496065158,20.79314998788933,25.67108479691763,0.0006564955365414976,0.013056767969234296,0.050280095203376535
bfo-9f24106a164c4fa21e6f26f6f44af53710e057caa1ad7c0bfbc849cc874200f3,1413,25.674848408541333,47.749244562522435,20.80633544559552,25.674848408541333,0.0006507499257449907,0.012983361616308104,0.05012183631453341
bfo-9f24106a164c4fa21e6f26f6f44af53710e057caa1ad7c0bfbc849cc874200f3,1414,25.670936367106773,47.75402330843944,20.794350161193638,25.670936367106773,0.0006557908260364904,0.013047522710773569,0.050261711788015695
bfo-9f24106a164c4fa21e6f26f6f44af53710e057caa1ad7c0bfbc849cc874200f3,1415,25.672232843570086,48.21135459411323,20.79107802870544,25.672232843570086,0.0006575045746453976,0.01306888406060062,0.05031069000203373
bfo-9f24106a164c4fa21e6f26f6f44af53710e057caa1ad7c0bfbc849cc874200f3,1416,25.670872722350722,47.82001343846526,20.792975386765658,25.670872722350722,0.0006563785138457064,0.013056122508457405,0.05027361786935762
bfo-9f24106a164c4fa21e6f26f6f44af53710e057caa1ad7c0bfbc849cc874200f3,1417,25.672032874493098,48.07552959602583,20.796438427271354,25.672032874493098,0.0006547483817263792,0.013033606005254066,0.05023539774506296
bfo-9f24106a164c4fa21e6f26f6f44af53710e057caa1ad7c0bfbc849cc874200f3,1418,25.671141465644094,48.06390222963954,20.79254606583263,25.671141465644094,0.0006564053201218729,0.013056617448372838,0.050273765216555105
bfo-9f24106a164c4fa21e6f26f6f44af53710e057caa1ad7c0bfbc849cc874200f3,1419,25.67197009257865,48.21773607751412,20.79071241690663,25.67197009257865,0.0006573826869458011,0.013071481771185636,0.05029136699673291
bfo-9f24106a164c4fa21e6f26f6f44af53710e057caa1ad7c0bfbc849cc874200f3,1420,25.671046375815347,47.908976025179896,20.792271657298407,25.671046375815347,0.000656751579105822,0.013060377859036198,0.05028580230942013
bfo-9f24106a164c4fa21e6f26f6f44af53710e057caa1ad7c0bfbc849cc874200f3,1421,25.67206772119207,47.6429617585122,20.79314980219073,25.67206772119207,0.0006572756968911779,0.013062777418368495,0.050316688085562576
bfo-9f24106a164c4fa21e6f26f6f44af53710e057caa1ad7c0bfbc849cc874200f3,1422,25.671035159424058,47.89247262192906,20.792315137066314,25.671035159424058,0.0006566900363590474,0.013060467196963802,0.05028074619809234
bfo-9f24106a164c4fa21e6f26f6f44af53710e057caa1ad7c0bfbc849cc874200f3,1423,25.672770529432995,48.24709676370678,20.79064780078414,25.672770529432995,0.0006574304320541214,0.01307481265387722,0.05028220667155535
bfo-9f24106a164c4fa21e6f26f6f44af53710e057caa1ad7c0bfbc849cc874200f3,1424,25.671052396350415,47.91198533937764,20.79286955427982,25.671052396350415,0.0006563933648035624,0.013056299860651982,0.050274072425507584
bfo-9f24106a164c4fa21e6f26f6f44af53710e057caa1ad7c0bfbc849cc874200f3,1425,25.671886335494428,48.12458613638455,20.791432906789076,25.671886335494428,0.0006570654067089784,0.013068171956541356,0.050279825586476166
bfo-9f24106a164c4fa21e6f26f6f44af53710e057caa1ad7c0bfbc849cc874200f3,1426,25.67096716905245,47.91991506896261,20.7931221624579,25.67096716905245,0.0006561393474672442,0.013054254654678112,0.05026249026267545
bfo-9f24106a164c4fa21e6f26f6f44af53710e057caa1ad7c0bfbc849cc874200f3,1427,25.671371817037276,47.698869027827826,20.796932211439273,25.671371817037276,0.000654741448866791,0.01303230410378758,0.0502398841872101
bfo-9f24106a164c4fa21e6f26f6f44af53710e057caa1ad7c0bfbc849cc874200f3,1428,25.6709289236067,47.72465125655918,20.794292085391003,25.6709289236067,0.0006557113669914009,0.013049027982480234,0.050249824574808644
bfo-9f24106a164c4fa21e6f26f6f44af53710e057caa1ad7c0bfbc849cc874200f3,1429,25.67198135178468,47.46854227755858,20.79793168131616,25.67198135178468,0.0006548172679429824,0.013031887479806657,0.050247308301091725
bfo-9f24106a164c4fa21e6f26f6f44af53710e057caa1ad7c0bfbc849cc874200f3,1430,25.670984995010357,47.87708316525925,20.79362450734558,25.670984995010357,0.0006561420973302567,0.01305172802066454,0.050272431075134266
bfo-9f24106a164c4fa21e6f26f6f44af53710e057caa1ad7c0bfbc849cc874200f3,1431,25.672143406456485,47.64716740118041,20.792830732217727,25.672143406456485,0.0006571351510276121,0.013065870405560313,0.050294020270395576
bfo-9f24106a164c4fa21e6f26f6f44af53710e057caa1ad7c0bfbc849cc874200f3,1432,25.670919325482412,47.796371743012756,20.7932471089422,25.670919325482412,0.0006563778396598461,0.01305425730205715,0.050280749373341295
bfo-9f24106a164c4fa21e6f26f6f44af53710e057caa1ad7c0bfbc849cc874200f3,1433,25.67233458193368,47.61671011189307,20.7921460633359,25.67233458193368,0.0006578468447028283,0.013072122029875179,0.0503244112317325
bfo-9f24106a164c4fa21e6f26f6f44af53710e057caa1ad7c0bfbc849cc874200f3,1434,25.670797791382274,47.863397677908715,20.79316323901013,25.670797791382274,0.0006561294998075952,0.013054298765954637,0.050261566061194224
bfo-9f24106a164c4fa21e6f26f6f44af53710e057caa1ad7c0bfbc849cc874200f3,1435,25.672303982788026,47.431660355826494,20.794817655683982,25.672303982788026,0.0006564794661312684,0.01305575548317219,0.05028276356564867
bfo-9f24106a164c4fa21e6f26f6f44af53710e057caa1ad7c0bfbc849cc874200f3,1436,25.67120886114956,48.0129670646206,20.794045445968788,25.67120886114956,0.0006557084118011238,0.013047649068112321,0.050254908633589494
bfo-9f24106a164c4fa21e6f26f6f44af53710e057caa1ad7c0bfbc849cc874200f3,1437,25.671981929841564,48.164730101801645,20.794063203884242,25.671981929841564,0.0006557395933450163,0.013049623564428063,0.05024969418524035
bfo-9f24106a164c4fa21e6f26f6f44af53710e057caa1ad7c0bfbc849cc874200f3,1438,25.670894887255848,47.758018050718235,20.79233892378444,25.670894887255848,0.0006568400386915571,0.01306155581225583,0.05028803981186035
bfo-9f24106a164c4fa21e6f26f6f44af53710e057caa1ad7c0bfbc849cc874200f3,1439,25.67239772121782,47.635212072036985,20.791809466744862,25.67239772121782,0.0006577715279466134,0.013073376977142021,0.050313819382450733
bfo-9f24106a164c4fa21e6f26f6f44af53710e057caa1ad7c0bfbc849cc874200f3,1440,25.67079986081982,47.84849848156503,20.79194824520285,25.67079986081982,0.0006569100348002855,0.013062531670892582,0.050289641499135056
bfo-9f24106a164c4fa21e6f26f6f44af53710e057caa1ad7c0bfbc849cc874200f3,1441,25.671516456532995,48.126563312202286,20.793410405831228,25.671516456532995,0.0006559928937809003,0.0130517217506253,0.05026102351204906
bfo-9f24106a164c4fa21e6f26f6f44af53710e057caa1ad7c0bfbc849cc874200f3,1442,25.67071469418045,47.81637892702106,20.792219498591006,25.67071469418045,0.0006566133626180515,0.013060757517364211,0.05027375799183832
bfo-9f24106a164c4fa21e6f26f6f44af53710e057caa1ad7c0bfbc849cc874200f3,1443,25.670853313968966,47.84717647944413,20.79184501919862,25.670853313968966,0.0006567494948772902,0.01306345358077773,0.05027380323405954
bfo-9f24106a164c4fa21e6f26f6f44af53710e057caa1ad7c0bfbc849cc874200f3,1444,25.670505971474938,47.83007438472979,20.792633372090908,25.670505971474938,0.0006561995191915748,0.0130566334258644,0.05025794152202231
bfo-9f24106a164c4fa21e6f26f6f44af53710e057caa1ad7c0bfbc849cc874200f3,1445,25.670764951474865,47.849018768371366,20.79132754552755,25.670764951474865,0.0006568766942773066,0.013066766578215455,0.05027079119729841
bfo-9f24106a164c4fa21e6f26f6f44af53710e057caa1ad7c0bfbc849cc874200f3,1446,25.67056099745598,47.735595750673355,20.794144616752085,25.67056099745598,0.0006555125691068489,0.013048252476970109,0.050237575511649146
bfo-9f24106a164c4fa21e6f26f6f44af53710e057caa1ad7c0bfbc849cc874200f3,1447,25.672344841260884,47.522665159538505,20.79301958399392,25.672344841260884,0.0006574383051446234,0.01306635718631566,0.050315347710925565
bfo-9f24106a164c4fa21e6f26f6f44af53710e057caa1ad7c0bfbc849cc874200f3,1448,25.670400160320565,47.82834985228538,20.79238053718765,25.670400160320565,0.0006562971067657927,0.013057899766288749,0.05026054101442396
bfo-9f24106a164c4fa21e6f26f6f44af53710e057caa1ad7c0bfbc849cc874200f3,1449,25.67142231064172,47.40249661558704,20.79558001506902,25.67142231064172,0.0006557691613341841,0.013047034154606481,0.05026193336840875
bfo-9f24106a164c4fa21e6f26f6f44af53710e057caa1ad7c0bfbc849cc874200f3,1450,25.670415479266367,47.706895356570016,20.794274257207345,25.670415479266367,0.0006555304889108016,0.013046316118811735,0.050246405417509354
bfo-9f24106a164c4fa21e6f26f6f44af53710e057caa1ad7c0bfbc849cc874200f3,1451,25.67035844050088,47.74647537769799,20.79502643534073,25.67035844050088,0.0006548416855811995,0.013041178175445131,0.050213383850102024
bfo-9f24106a164c4fa21e6f26f6f44af53710e057caa1ad7c0bfbc849cc874200f3,1452,25.670627467832304,47.70124118167211,20.792245112320703,25.670627467832304,0.0006567374407409968,0.013060670573879605,0.05028359279303959
bfo-9f24106a164c4fa21e6f26f6f44af53710e057caa1ad7c0bfbc849cc874200f3,1453,25.67082886496043,47.899811720626666,20.79627562067243,25.67082886496043,0.0006541399437116714,0.013032757278898048,0.050191983915086044
bfo-9f24106a164c4fa21e6f26f6f44af53710e057caa1ad7c0bfbc849cc874200f3,1454,25.670861249623734,47.70210231650297,20.797114968469998,25.670861249623734,0.0006542380834256964,0.013028784257464674,0.05021482208141247
bfo-9f24106a164c4fa21e6f26f6f44af53710e057caa1ad7c0bfbc849cc874200f3,1455,25.670423333610575,47.710917724982195,20.795415391221958,25.670423333610575,0.0006545884002875596,0.013039608168756222,0.05020000538482417
bfo-9f24106a164c4fa21e6f26f6f44af53710e057caa1ad7c0bfbc849cc874200f3,1456,25.674703666029238,47.780430414585794,20.80703364873555,25.674703666029238,0.0006498109443354281,0.012978097412605106,0.05006981560365642
bfo-9f24106a164c4fa21e6f26f6f44af53710e057caa1ad7c0bfbc849cc874200f3,1457,25.670400974760643,47.69103331768963,20.79549206646894,25.670400974760643,0.0006546649596905195,0.013039347209993807,0.05020688146019777
bfo-9f24106a164c4fa21e6f26f6f44af53710e057caa1ad7c0bfbc849cc874200f3,1458,25.67219089016299,47.86936184747846,20.801252102208817,25.67219089016299,0.0006524123386081314,0.013005311324614114,0.05016506889561057
bfo-9f24106a164c4fa21e6f26f6f44af53710e057caa1ad7c0bfbc849cc874200f3,1459,25.670129411081938,47.759698723803524,20.793364948442846,25.670129411081938,0.0006555556907159447,0.013051361194246243,0.05022891336460366
bfo-9f24106a164c4fa21e6f26f6f44af53710e057caa1ad7c0bfbc849cc874200f3,1460,25.670665359457026,47.71683122666644,20.793785490961003,25.670665359457026,0.000655617470284378,0.013050224753736536,0.05023802138707702
bfo-9f24106a164c4fa21e6f26f6f44af53710e057caa1ad7c0bfbc849cc874200f3,1461,25.670205039643257,47.91909175879593,20.792930742290533,25.670205039643257,0.0006555569478605809,0.013052701365410462,0.05022385248143352
bfo-9f24106a164c4fa21e6f26f6f44af53710e057caa1ad7c0bfbc849cc874200f3,1462,25.67096663028237,48.00105743342855,20.790710080887482,25.67096663028237,0.0006571176510087897,0.013070168034114791,0.05027614406284828
bfo-9f24106a164c4fa21e6f26f6f44af53710e057caa1ad7c0bfbc849cc874200f3,1463,25.670122606695312,47.82131701820431,20.793589712108773,25.670122606695312,0.0006552505003251551,0.013048845768238984,0.05021520768680102
bfo-9f24106a164c4fa21e6f26f6f44af53710e057caa1ad7c0bfbc849cc874200f3,1464,25.669982316014654,47.77904331202655,20.791897350849087,25.669982316014654,0.0006562914863130833,0.013059823856989606,0.05025270581745531
bfo-9f24106a164c4fa21e6f26f6f44af53710e057caa1ad7c0bfbc849cc874200f3,1465,25.67018713495302,47.83896575642849,20.793511181884174,25.67018713495302,0.0006554265557189724,0.013049026195085005,0.05022800521052236
bfo-9f24106a164c4fa21e6f26f6f44af53710e057caa1ad7c0bfbc849cc874200f3,1466,25.670034786561285,47.828777235276284,20.79158598861833,25.670034786561285,0.0006564795148607328,0.01306119966839058,0.05026180837350488
bfo-9f24106a164c4fa21e6f26f6f44af53710e057caa1ad7c0bfbc849cc874200f3,1467,25.670723584220525,48.10679600584942,20.79131721997766,25.670723584220525,0.0006562191615969824,0.013063446055534554,0.05023323545772701
bfo-9f24106a164c4fa21e6f26f6f44af53710e057caa1ad7c0bfbc849cc874200f3,1468,25.670011658720913,47.76591328460611,20.793698150039663,25.670011658720913,0.0006552706067004557,0.013047624590850515,0.05022144852021234
bfo-9f24106a164c4fa21e6f26f6f44af53710e057caa1ad7c0bfbc849cc874200f3,1469,25.669552674626384,47.87963024624155,20.791488705515917,25.669552674626384,0.0006561727135681746,0.013059643818717312,0.05024430395473239
bfo-9f24106a164c4fa21e6f26f6f44af53710e057caa1ad7c0bfbc849cc874200f3,1470,25.671449263502165,47.885863158523286,20.80007797984327,25.671449263502165,0.0006519879696329644,0.01300929153084338,0.05011710038837885
bfo-9f24106a164c4fa21e6f26f6f44af53710e057caa1ad7c0bfbc849cc874200f3,1471,25.669586645510112,47.89525397257947,20.79183352616781,25.669586645510112,0.0006559236282397681,0.013057140160150785,0.050234861554261934
bfo-9f24106a164c4fa21e6f26f6f44af53710e057caa1ad7c0bfbc849cc874200f3,1472,25.671328088550933,48.273387420709454,20.788989993586362,25.671328088550933,0.0006572601770083501,0.01307913088770301,0.050252588084909046
bfo-9f24106a164c4fa21e6f26f6f44af53710e057caa1ad7c0bfbc849cc874200f3,1473,25.669435308017345,47.83299632181726,20.792081644232045,25.669435308017345,0.0006558514082585578,0.013055779876155747,0.05023456388510068
bfo-9f24106a164c4fa21e6f26f6f44af53710e057caa1ad7c0bfbc849cc874200f3,1474,25.669734564921587,47.82156486478724,20.790313766945523,25.669734564921587,0.0006572323958701639,0.013069122637499596,0.050288945486237066
bfo-9f24106a164c4fa21e6f26f6f44af53710e057caa1ad7c0bfbc849cc874200f3,1475,25.670071323664942,47.57814148748065,20.794136077660717,25.670071323664942,0.0006554229337290716,0.013048408403433702,0.05023010573125504
bfo-9f24106a164c4fa21e6f26f6f44af53710e057caa1ad7c0bfbc849cc874200f3,1476,25.66940266470671,47.80705291823589,20.791030101391076,25.66940266470671,0.0006565028064424033,0.013063636219222676,0.05025421677590675
bfo-9f24106a164c4fa21e6f26f6f44af53710e057caa1ad7c0bfbc849cc874200f3,1477,25.670806141019746,47.42354561613128,20.796668774565266,25.670806141019746,0.0006547557470124987,0.013036709386473172,0.050224004202461564
bfo-9f24106a164c4fa21e6f26f6f44af53710e057caa1ad7c0bfbc849cc874200f3,1478,25.66976710024523,47.58163841447546,20.79278112174625,25.66976710024523,0.0006562128360107506,0.013056115453081165,0.05026095536370953
bfo-9f24106a164c4fa21e6f26f6f44af53710e057caa1ad7c0bfbc849cc874200f3,1479,25.669507702300645,47.90399613905233,20.7918914216876,25.669507702300645,0.0006558936816727506,0.013056982971191646,0.0502331727873036
bfo-9f24106a164c4fa21e6f26f6f44af53710e057caa1ad7c0bfbc849cc874200f3,1480,25.66989326583446,47.999915652110644,20.78982700001876,25.66989326583446,0.000657162881183144,0.013071546885177567,0.05027430088846879
bfo-9f24106a164c4fa21e6f26f6f44af53710e057caa1ad7c0bfbc849cc874200f3,1481,25.66996549608157,48.045548082835666,20.79291996748389,25.66996549608157,0.0006552720101838135,0.01304966100216473,0.05021371896749764
bfo-9f24106a164c4fa21e6f26f6f44af53710e057caa1ad7c0bfbc849cc874200f3,1482,25.669286530047575,47.829041407722286,20.790838231554343,25.669286530047575,0.0006565724658999443,0.013063851477209558,0.05025872094805753
bfo-9f24106a164c4fa21e6f26f6f44af53710e057caa1ad7c0bfbc849cc874200f3,1483,25.6695774017393,47.97995972376882,20.791551303935258,25.6695774017393,0.0006564220040257158,0.013057832041628742,0.0502703666223477
bfo-9f24106a164c4fa21e6f26f6f44af53710e057caa1ad7c0bfbc849cc874200f3,1484,25.66948383204254,47.944506516459754,20.790220594923063,25.66948383204254,0.000656830079265676,0.01306739993055459,0.05026478739124346
bfo-9f24106a164c4fa21e6f26f6f44af53710e057caa1ad7c0bfbc849cc874200f3,1485,25.67106560182163,47.87336884488292,20.788616145608998,25.67106560182163,0.0006584131783291795,0.013086150921324938,0.050313738721768995
bfo-9f24106a164c4fa21e6f26f6f44af53710e057caa1ad7c0bfbc849cc874200f3,1486,25.669274975495465,47.80705001305442,20.79195814504658,25.669274975495465,0.0006560938417492758,0.013055982637553747,0.05025235250099917
bfo-9f24106a164c4fa21e6f26f6f44af53710e057caa1ad7c0bfbc849cc874200f3,1487,25.6696987189531,47.851484233219566,20.793742713667836,25.6696987189531,0.0006550751366797994,0.013045206330915196,0.05021577429000635
bfo-9f24106a164c4fa21e6f26f6f44af53710e057caa1ad7c0bfbc849cc874200f3,1488,25.669455001334423,47.789349551017935,20.792322464823407,25.669455001334423,0.0006559743955068834,0.013054661950425777,0.050248286627252635
bfo-9f24106a164c4fa21e6f26f6f44af53710e057caa1ad7c0bfbc849cc874200f3,1489,25.670199308292318,48.065395881746,20.794231461723886,25.670199308292318,0.0006547824981112192,0.013040872716665758,0.05021002139484355
bfo-9f24106a164c4fa21e6f26f6f44af53710e057caa1ad7c0bfbc849cc874200f3,1490,25.66987150217481,47.82891264863241,20.79132424018744,25.66987150217481,0.000656825855249765,0.013062506229901705,0.05028329508055726
bfo-9f24106a164c4fa21e6f26f6f44af53710e057caa1ad7c0bfbc849cc874200f3,1491,25.670872595178874,48.20853610945558,20.79675798833098,25.670872595178874,0.0006535144607674365,0.013023385473761643,0.050180075072190654
bfo-9f24106a164c4fa21e6f26f6f44af53710e057caa1ad7c0bfbc849cc874200f3,1492,25.6695192762426,47.71401349944357,20.793102957534472,25.6695192762426,0.0006556402048831806,0.01305093828048623,0.050237016741048746
bfo-9f24106a164c4fa21e6f26f6f44af53710e057caa1ad7c0bfbc849cc874200f3,1493,25.6698321277051,47.647439676799195,20.7922585125041,25.6698321277051,0.0006563219099084863,0.013058552371338785,0.05025992860808959
bfo-9f24106a164c4fa21e6f26f6f44af53710e057caa1ad7c0bfbc849cc874200f3,1494,25.669560507236113,47.704551304869604,20.794015789641545,25.669560507236113,0.0006551587084918258,0.013045006105585325,0.05022295146426297
bfo-9f24106a164c4fa21e6f26f6f44af53710e057caa1ad7c0bfbc849cc874200f3,1495,25.669333338620916,47.81397268105376,20.79192686831787,25.669333338620916,0.0006561555754130655,0.013056489869368545,0.050255128444012594
bfo-9f24106a164c4fa21e6f26f6f44af53710e057caa1ad7c0bfbc849cc874200f3,1496,25.66919141627144,47.78631121200271,20.7908935397807,25.66919141627144,0.000656528195418381,0.013063583508446957,0.050256363041111016
bfo-9f24106a164c4fa21e6f26f6f44af53710e057caa1ad7c0bfbc849cc874200f3,1497,25.66984193623357,47.670450464180625,20.79094363799362,25.66984193623357,0.0006570479743088937,0.013067126611823805,0.050282513809452416
bfo-9f24106a164c4fa21e6f26f6f44af53710e057caa1ad7c0bfbc849cc874200f3,1498,25.669078320870064,47.87952125499357,20.790627412267362,25.669078320870064,0.0006563495565988653,0.01306392825949365,0.05024136259489112
bfo-9f24106a164c4fa21e6f26f6f44af53710e057caa1ad7c0bfbc849cc874200f3,1499,25.66943675120541,47.897784614156635,20.789553771832793,25.66943675120541,0.0006569154569513274,0.013073104362108581,0.050249385207644166
bfo-9f24106a164c4fa21e6f26f6f44af53710e057caa1ad7c0bfbc849cc874200f3,1500,25.668975071521473,47.79627087340717,20.790225567224926,25.668975071521473,0.0006567360767777709,0.013066998931664601,0.05025913602750325
bfo-9f24106a164c4fa21e6f26f6f44af53710e057caa1ad7c0bfbc849cc874200f3,1501,25.669605551854108,47.93094995165542,20.788719991784042,25.669605551854108,0.0006576923402638105,0.013078051813755813,0.050289779366987496
bfo-9f24106a164c4fa21e6f26f6f44af53710e057caa1ad7c0bfbc849cc874200f3,1502,25.66882138162747,47.826434242001596,20.790605529109495,25.66882138162747,0.0006563485346140802,0.013063241505567253,0.050243925624000714
bfo-9f24106a164c4fa21e6f26f6f44af53710e057caa1ad7c0bfbc849cc874200f3,1503,25.669439375402593,47.793055772626815,20.789056883835595,25.669439375402593,0.0006574994699612762,0.013078279271209121,0.05027415735101432
bfo-9f24106a164c4fa21e6f26f6f44af53710e057caa1ad7c0bfbc849cc874200f3,1504,25.66901236451208,47.79952479572459,20.792754566457223,25.66901236451208,0.0006551650545168047,0.013049776859570057,0.050205077187686874
bfo-9f24106a164c4fa21e6f26f6f44af53710e057caa1ad7c0bfbc849cc874200f3,1505,25.668473418061502,47.90413154897713,20.790503232014935,25.668473418061502,0.0006558849652414059,0.013061143462231433,0.05021650417806154
bfo-9f24106a164c4fa21e6f26f6f44af53710e057caa1ad7c0bfbc849cc874200f3,1506,25.668897685024458,47.631178525813986,20.791521513748183,25.668897685024458,0.0006559393082172016,0.01306025648204824,0.05022407554697046
bfo-9f24106a164c4fa21e6f26f6f44af53710e057caa1ad7c0bfbc849cc874200f3,1507,25.668504666185086,47.98279606029337,20.790510059534796,25.668504666185086,0.0006557698836859598,0.013060293351864568,0.05021096127158109
bfo-9f24106a164c4fa21e6f26f6f44af53710e057caa1ad7c0bfbc849cc874200f3,1508,25.668749026189495,48.04468140593405,20.790131612432354,25.668749026189495,0.0006558206728342584,0.013064095109764128,0.05020023716331465
bfo-9f24106a164c4fa21e6f26f6f44af53710e057caa1ad7c0bfbc849cc874200f3,1509,25.669138640438636,48.13248653406331,20.79041734206716,25.669138640438636,0.0006558917146133078,0.013061346951270467,0.05021623857480562
bfo-9f24106a164c4fa21e6f26f6f44af53710e057caa1ad7c0bfbc849cc874200f3,1510,25.668984680017818,48.07150769154258,20.788550351831756,25.668984680017818,0.0006571840235305487,0.01307390283004346,0.050266858494646176
bfo-9f24106a164c4fa21e6f26f6f44af53710e057caa1ad7c0bfbc849cc874200f3,1511,25.66860322718803,48.01949612418454,20.789367574950408,25.66860322718803,0.0006564981874647648,0.013067481061276106,0.05023907701769834
bfo-9f24106a164c4fa21e6f26f6f44af53710e057caa1ad7c0bfbc849cc874200f3,1512,25.668435421511727,47.812259505160796,20.790270920450872,25.668435421511727,0.0006562369240217836,0.013063901788124598,0.0502328427344975
bfo-9f24106a164c4fa21e6f26f6f44af53710e057caa1ad7c0bfbc849cc874200f3,1513,25.66841611850637,47.84466156958688,20.78853125822886,25.66841611850637,0.0006568587646751604,0.013074636046161593,0.05023916247886676
bfo-9f24106a164c4fa21e6f26f6f44af53710e057caa1ad7c0bfbc849cc874200f3,1514,25.668859457915236,47.774672499727174,20.789253671108902,25.668859457915236,0.0006564544666679709,0.013073733319515515,0.050211706987174316
bfo-9f24106a164c4fa21e6f26f6f44af53710e057caa1ad7c0bfbc849cc874200f3,1515,25.668805852849623,47.79248118101738,20.78784930668851,25.668805852849623,0.0006575020776698843,0.013081891153952467,0.05026047609876585
bfo-9f24106a164c4fa21e6f26f6f44af53710e057caa1ad7c0bfbc849cc874200f3,1516,25.66838063860329,47.84037071042179,20.79152986968673,25.66838063860329,0.000655477632003411,0.013053393742702417,0.05021511224771412
bfo-9f24106a164c4fa21e6f26f6f44af53710e057caa1ad7c0bfbc849cc874200f3,1517,25.66886929020542,47.93693167797154,20.79203625817593,25.66886929020542,0.0006554193708861639,0.013050576032926895,0.05022148978194726
bfo-9f24106a164c4fa21e6f26f6f44af53710e057caa1ad7c0bfbc849cc874200f3,1518,25.66841419950958,47.77563200492629,20.79170954500829,25.66841419950958,0.0006555415269318538,0.01305297374799988,0.05022162302535107
bfo-9f24106a164c4fa21e6f26f6f44af53710e057caa1ad7c0bfbc849cc874200f3,1519,25.668616248095613,47.85706130433837,20.792823954881527,25.668616248095613,0.0006548900222067234,0.013045140675351945,0.05020183672255073
bfo-9f24106a164c4fa21e6f26f6f44af53710e057caa1ad7c0bfbc849cc874200f3,1520,25.66904759697452,47.95628071429221,20.79339402442054,25.66904759697452,0.0006546791702949982,0.013042026785059429,0.05019765570831213
bfo-9f24106a164c4fa21e6f26f6f44af53710e057caa1ad7c0bfbc849cc874200f3,1521,25.66835339167643,47.74286759388613,20.792120677400717,25.66835339167643,0.000655144334657545,0.013050809367755137,0.05019951760817391
bfo-9f24106a164c4fa21e6f26f6f44af53710e057caa1ad7c0bfbc849cc874200f3,1522,25.668313279659056,47.69316688069419,20.792308977761184,25.668313279659056,0.0006550826204958042,0.013050278620623973,0.0501968302393595
bfo-9f24106a164c4fa21e6f26f6f44af53710e057caa1ad7c0bfbc849cc874200f3,1523,25.670677531236418,47.30351794745107,20.79604123850184,25.670677531236418,0.0006545974156485127,0.013041304808175332,0.05019416578915928
bfo-9f24106a164c4fa21e6f26f6f44af53710e057caa1ad7c0bfbc849cc874200f3,1524,25.66873800520023,47.53286798329858,20.792318363878913,25.66873800520023,0.0006554013837097572,0.013054393680745301,0.050205425065160056
bfo-9f24106a164c4fa21e6f26f6f44af53710e057caa1ad7c0bfbc849cc874200f3,1525,25.66941599858709,47.39247058707836,20.791668394036897,25.66941599858709,0.0006561801129432954,0.0130639337280133,0.05022837122452887
bfo-9f24106a164c4fa21e6f26f6f44af53710e057caa1ad7c0bfbc849cc874200f3,1526,25.668767968172443,47.73979508571732,20.794379646748443,25.668767968172443,0.0006540582672035066,0.013037640311692064,0.050166920667151074
bfo-9f24106a164c4fa21e6f26f6f44af53710e057caa1ad7c0bfbc849cc874200f3,1527,25.66987876318559,47.88327095144281,20.797025583745768,25.66987876318559,0.0006531239729386257,0.01302221054153375,0.05015461628849545
bfo-9f24106a164c4fa21e6f26f6f44af53710e057caa1ad7c0bfbc849cc874200f3,1528,25.667833486235914,47.820295673090634,20.7906122812033,25.667833486235914,0.0006556193336056999,0.013057882798702247,0.05020870103619389
bfo-9f24106a164c4fa21e6f26f6f44af53710e057caa1ad7c0bfbc849cc874200f3,1529,25.66944123645537,47.95447610280746,20.796534751745497,25.66944123645537,0.0006531559220082755,0.01302283417592519,0.05015466780769885
bfo-9f24106a164c4fa21e6f26f6f44af53710e057caa1ad7c0bfbc849cc874200f3,1530,25.66776109852232,47.74708525722871,20.79044455383575,25.66776109852232,0.0006556286785467336,0.01305991013715187,0.050201622496746694
bfo-9f24106a164c4fa21e6f26f6f44af53710e057caa1ad7c0bfbc849cc874200f3,1531,25.667634361859445,47.67899322770176,20.790881531945427,25.667634361859445,0.0006553825404742253,0.013057410166109805,0.05019238364551456
bfo-9f24106a164c4fa21e6f26f6f44af53710e057caa1ad7c0bfbc849cc874200f3,1532,25.668614479695922,47.866448214974554,20.794105862544665,25.668614479695922,0.0006536213827041713,0.013037082492250811,0.05013555625598604
bfo-9f24106a164c4fa21e6f26f6f44af53710e057caa1ad7c0bfbc849cc874200f3,1533,25.667640010225675,47.888276546818474,20.7908059315458,25.667640010225675,0.0006551544919292456,0.01305523545735804,0.05018327659192045
bfo-9f24106a164c4fa21e6f26f6f44af53710e057caa1ad7c0bfbc849cc874200f3,1534,25.66749147441475,47.77781245469466,20.787073104461218,25.66749147441475,0.0006574898846466244,0.013081023401262543,0.050262878100437114
bfo-9f24106a164c4fa21e6f26f6f44af53710e057caa1ad7c0bfbc849cc874200f3,1535,25.66743092321292,47.74567870066477,20.787558626024786,25.66743092321292,0.0006570784061535247,0.01307822293029142,0.05024217813504446
bfo-9f24106a164c4fa21e6f26f6f44af53710e057caa1ad7c0bfbc849cc874200f3,1536,25.667677808656045,47.79885062215017,20.786592603659717,25.667677808656045,0.000657817060731777,0.01308510221341996,0.050272214156426374
bfo-9f24106a164c4fa21e6f26f6f44af53710e057caa1ad7c0bfbc849cc874200f3,1537,25.66726240559272,47.90744376000005,20.78749332036404,25.66726240559272,0.000656846927940916,0.013075455738573242,0.05023510775254931
bfo-9f24106a164c4fa21e6f26f6f44af53710e057caa1ad7c0bfbc849cc874200f3,1538,25.667433167965804,47.82122422574916,20.788469009204682,25.667433167965804,0.0006564161503781087,0.01307089445048574,0.050219681052792446
bfo-9f24106a164c4fa21e6f26f6f44af53710e057caa1ad7c0bfbc849cc874200f3,1539,25.667109970411218,47.8813292250515,20.78798890611106,25.667109970411218,0.0006565129685530312,0.013071582313244455,0.05022444512228912
bfo-9f24106a164c4fa21e6f26f6f44af53710e057caa1ad7c0bfbc849cc874200f3,1540,25.667426460921536,47.70685740230965,20.7885750439357,25.667426460921536,0.0006567452018320113,0.013070725473836383,0.05024550497572728
bfo-9f24106a164c4fa21e6f26f6f44af53710e057caa1ad7c0bfbc849cc874200f3,1541,25.667474342714428,48.04786054837568,20.78900563891541,25.667474342714428,0.0006558772387401888,0.013063942552924108,0.05020515331287824
bfo-9f24106a164c4fa21e6f26f6f44af53710e057caa1ad7c0bfbc849cc874200f3,1542,25.66725077581652,47.93122178731186,20.787997054405405,25.66725077581652,0.0006561426185818072,0.013072016219147914,0.050194446486433224
bfo-9f24106a164c4fa21e6f26f6f44af53710e057caa1ad7c0bfbc849cc874200f3,1543,25.667153823282916,47.87364521448071,20.788356149399,25.667153823282916,0.0006563324556407678,0.013069397654104042,0.05021902868145318
bfo-9f24106a164c4fa21e6f26f6f44af53710e057caa1ad7c0bfbc849cc874200f3,1544,25.667388437213052,47.76428770225411,20.788046429590743,25.667388437213052,0.0006568945617865467,0.013073297899518619,0.05024704300593768
bfo-9f24106a164c4fa21e6f26f6f44af53710e057caa1ad7c0bfbc849cc874200f3,1545,25.667147295676834,47.86721561310936,20.788588358437057,25.667147295676834,0.0006562123096472823,0.013067991075043563,0.05021524011448675
bfo-9f24106a164c4fa21e6f26f6f44af53710e057caa1ad7c0bfbc849cc874200f3,1546,25.667330162486778,47.933275582820656,20.788906696405586,25.667330162486778,0.0006561442122945221,0.013065367409018064,0.05022011182338691
bfo-9f24106a164c4fa21e6f26f6f44af53710e057caa1ad7c0bfbc849cc874200f3,1547,25.667006795287033,47.82044367016769,20.788739244594787,25.667006795287033,0.0006560957833304325,0.013067241631544735,0.05020920266344479
bfo-9f24106a164c4fa21e6f26f6f44af53710e057caa1ad7c0bfbc849cc874200f3,1548,25.667024215535836,47.717842036079055,20.788901031214532,25.667024215535836,0.0006561011088450686,0.01306764417675678,0.050208063517069565
bfo-9f24106a164c4fa21e6f26f6f44af53710e057caa1ad7c0bfbc849cc874200f3,1549,25.66700211951653,47.76059689576861,20.789088577168897,25.66700211951653,0.000656007845581387,0.013065645084986088,0.05020860748278052
bfo-9f24106a164c4fa21e6f26f6f44af53710e057caa1ad7c0bfbc849cc874200f3,1550,25.668326754210792,47.85427427230995,20.79521676968585,25.668326754210792,0.000652801865269973,0.01302823724680092,0.05010669155800554
bfo-9f24106a164c4fa21e6f26f6f44af53710e057caa1ad7c0bfbc849cc874200f3,1551,25.666952153842317,47.76914130209708,20.789197019529862,25.666952153842317,0.0006557908747535294,0.013064824746743284,0.050195152821854785
bfo-9f24106a164c4fa21e6f26f6f44af53710e057caa1ad7c0bfbc849cc874200f3,1552,25.66836789015463,48.27066355596693,20.78514843459463,25.66836789015463,0.0006574332758879807,0.013091809488806122,0.05021714350870331
bfo-9f24106a164c4fa21e6f26f6f44af53710e057caa1ad7c0bfbc849cc874200f3,1553,25.66774868652057,47.586883019247686,20.791859311133685,25.66774868652057,0.0006549960449953728,0.01305312617454512,0.05017924719617585
bfo-9f24106a164c4fa21e6f26f6f44af53710e057caa1ad7c0bfbc849cc874200f3,1554,25.666991089786137,47.8468772562085,20.78724590262095,25.666991089786137,0.0006568735946404387,0.013077339915558133,0.050229909055048344
bfo-9f24106a164c4fa21e6f26f6f44af53710e057caa1ad7c0bfbc849cc874200f3,1555,25.66687060859498,47.730062265143715,20.78924717409218,25.66687060859498,0.0006559396070990318,0.013064522683503131,0.05020769782330445
bfo-9f24106a164c4fa21e6f26f6f44af53710e057caa1ad7c0bfbc849cc874200f3,1556,25.668106515921977,47.476814483124755,20.79342767509913,25.668106515921977,0.0006543206213560557,0.013045404286009882,0.050157174665545666
bfo-9f24106a164c4fa21e6f26f6f44af53710e057caa1ad7c0bfbc849cc874200f3,1557,25.66699204102011,47.8246656688402,20.789932529883956,25.66699204102011,0.000655427033130318,0.013058664710413772,0.050190968806147596
bfo-9f24106a164c4fa21e6f26f6f44af53710e057caa1ad7c0bfbc849cc874200f3,1558,25.66901808795376,47.669834451035214,20.78593787248082,25.66901808795376,0.0006586428567863878,0.013097686386280541,0.05028696193827772
bfo-9f24106a164c4fa21e6f26f6f44af53710e057caa1ad7c0bfbc849cc874200f3,1559,25.666917655610142,47.74810397195248,20.788961865481998,25.666917655610142,0.0006560779274419475,0.0130664405054754,0.050210914530780026
bfo-9f24106a164c4fa21e6f26f6f44af53710e057caa1ad7c0bfbc849cc874200f3,1560,25.668016194601506,47.51498076347653,20.788715686858403,25.668016194601506,0.0006572101731262414,0.013075881000293523,0.05026125376267102
bfo-9f24106a164c4fa21e6f26f6f44af53710e057caa1ad7c0bfbc849cc874200f3,1561,25.666847130375366,47.87297719819709,20.790558367237193,25.666847130375366,0.0006550758216371274,0.013052956834190645,0.050186009956091744
bfo-9f24106a164c4fa21e6f26f6f44af53710e057caa1ad7c0bfbc849cc874200f3,1562,25.66846550186915,48.21361302105816,20.794101459093092,25.66846550186915,0.0006532564382603655,0.013029888795849301,0.05013522743712607
bfo-9f24106a164c4fa21e6f26f6f44af53710e057caa1ad7c0bfbc849cc874200f3,1563,25.666952722472285,47.95533561950823,20.790097989172622,25.666952722472285,0.0006553527330848179,0.013055502942041764,0.050197432913475074
bfo-9f24106a164c4fa21e6f26f6f44af53710e057caa1ad7c0bfbc849cc874200f3,1564,25.66708563771887,48.0227668848521,20.789425809420898,25.66708563771887,0.0006555988412822725,0.013058694107303752,0.050204012429971454
bfo-9f24106a164c4fa21e6f26f6f44af53710e057caa1ad7c0bfbc849cc874200f3,1565,25.667496543772245,48.01703294478355,20.79177217019029,25.667496543772245,0.0006546413390446469,0.013045269583538589,0.05018227755681784
bfo-9f24106a164c4fa21e6f26f6f44af53710e057caa1ad7c0bfbc849cc874200f3,1566,25.666715320442336,47.84140618263785,20.786893999693426,25.666715320442336,0.0006571729048799463,0.013076942415928038,0.050254324289100906
bfo-9f24106a164c4fa21e6f26f6f44af53710e057caa1ad7c0bfbc849cc874200f3,1567,25.66675548865802,47.71966859975823,20.789665456733108,25.66675548865802,0.0006560542843235286,0.013059867483075438,0.05023437528548612
bfo-9f24106a164c4fa21e6f26f6f44af53710e057caa1ad7c0bfbc849cc874200f3,1568,25.66643602699709,47.882902347988704,20.788110371448322,25.66643602699709,0.0006562341834920284,0.013066854878325828,0.050221280453686915
bfo-9f24106a164c4fa21e6f26f6f44af53710e057caa1ad7c0bfbc849cc874200f3,1569,25.66782965428349,47.42867224408162,20.79242390825116,25.66782965428349,0.0006552244970058943,0.013050080181623808,0.05020846522679107
bfo-9f24106a164c4fa21e6f26f6f44af53710e057caa1ad7c0bfbc849cc874200f3,1570,25.66631095291585,47.850938590893364,20.787368963527506,25.66631095291585,0.0006565666622494263,0.013071981140367011,0.05022702031155107
bfo-9f24106a164c4fa21e6f26f6f44af53710e057caa1ad7c0bfbc849cc874200f3,1571,25.66765092428704,48.222723344606955,20.788940080099362,25.66765092428704,0.0006556719575061157,0.013061299570129362,0.050199595682317064
bfo-9f24106a164c4fa21e6f26f6f44af53710e057caa1ad7c0bfbc849cc874200f3,1572,25.666549858110166,47.94007023523524,20.78618612598643,25.666549858110166,0.0006571231520027614,0.013080044130335079,0.0502386035899351
bfo-9f24106a164c4fa21e6f26f6f44af53710e057caa1ad7c0bfbc849cc874200f3,1573,25.669083864371306,47.25830877214284,20.79147350691175,25.669083864371306,0.0006564162880182756,0.01306466380496098,0.05024364176665747
bfo-9f24106a164c4fa21e6f26f6f44af53710e057caa1ad7c0bfbc849cc874200f3,1574,25.666725897404188,47.76779409309984,20.78831485835416,25.666725897404188,0.0006565383937371224,0.01306809021936276,0.050239811840626945
bfo-9f24106a164c4fa21e6f26f6f44af53710e057caa1ad7c0bfbc849cc874200f3,1575,25.66857137344769,48.13850940268917,20.7845503388038,25.66857137344769,0.0006589017373071065,0.013096942625770606,0.05030958416284103
bfo-9f24106a164c4fa21e6f26f6f44af53710e057caa1ad7c0bfbc849cc874200f3,1576,25.666561048786786,47.69399188442654,20.789637889793926,25.666561048786786,0.0006557601503018819,0.013059378308996351,0.05021373412929936
bfo-9f24106a164c4fa21e6f26f6f44af53710e057caa1ad7c0bfbc849cc874200f3,1577,25.667085895703224,47.61886823421453,20.78754173030526,25.667085895703224,0.0006570323575309715,0.0130782797825241,0.050238438728687655
bfo-9f24106a164c4fa21e6f26f6f44af53710e057caa1ad7c0bfbc849cc874200f3,1578,25.666503494906152,47.93933557508565,20.78688374835968,25.666503494906152,0.0006567665401810163,0.013075158677224643,0.05023010094133885
bfo-9f24106a164c4fa21e6f26f6f44af53710e057caa1ad7c0bfbc849cc874200f3,1579,25.66694630701874,48.104556699307814,20.787208079912595,25.66694630701874,0.0006565264832965654,0.013072938578822295,0.050220268330497274
bfo-9f24106a164c4fa21e6f26f6f44af53710e057caa1ad7c0bfbc849cc874200f3,1580,25.66641632464223,47.923152892059036,20.7865557759647,25.66641632464223,0.0006569096295563008,0.013077231047514517,0.05023308276572465
bfo-9f24106a164c4fa21e6f26f6f44af53710e057caa1ad7c0bfbc849cc874200f3,1581,25.667162892940556,48.158684881472645,20.786186565857218,25.667162892940556,0.0006569006354102515,0.013080500306695433,0.050219840220790936
bfo-9f24106a164c4fa21e6f26f6f44af53710e057caa1ad7c0bfbc849cc874200f3,1582,25.66634654274927,47.75513519243356,20.788417370496823,25.66634654274927,0.0006561582130880101,0.01306635208964684,0.05021739874956522
bfo-9f24106a164c4fa21e6f26f6f44af53710e057caa1ad7c0bfbc849cc874200f3,1583,25.667667039483625,48.209370852289155,20.790130964790187,25.667667039483625,0.0006552274970849943,0.013054124611844749,0.05019313945344671
bfo-9f24106a164c4fa21e6f26f6f44af53710e057caa1ad7c0bfbc849cc874200f3,1584,25.666257404845503,47.93404667855243,20.78646089592425,25.666257404845503,0.0006567758209080383,0.01307693616853285,0.05022398308316622
bfo-9f24106a164c4fa21e6f26f6f44af53710e057caa1ad7c0bfbc849cc874200f3,1585,25.66746559910282,48.17458783350989,20.789863806979668,25.66746559910282,0.0006552197992468428,0.013054972105344948,0.050189291402513506
bfo-9f24106a164c4fa21e6f26f6f44af53710e057caa1ad7c0bfbc849cc874200f3,1586,25.666602394828537,48.015821418362236,20.78619007636543,25.666602394828537,0.0006569769373312865,0.013079093611508236,0.05023107539755013
bfo-9f24106a164c4fa21e6f26f6f44af53710e057caa1ad7c0bfbc849cc874200f3,1587,25.668259722510506,48.372444690479014,20.78837398850637,25.668259722510506,0.0006560781812407552,0.01306657990733886,0.05021039827508866
bfo-9f24106a164c4fa21e6f26f6f44af53710e057caa1ad7c0bfbc849cc874200f3,1588,25.666749055303296,48.08978808160443,20.78700682921577,25.666749055303296,0.0006563765382991888,0.013073168008819674,0.05020791730484695
bfo-9f24106a164c4fa21e6f26f6f44af53710e057caa1ad7c0bfbc849cc874200f3,1589,25.666130212977468,47.72926613979307,20.788276007715503,25.666130212977468,0.0006561109714596084,0.0130673478212,0.050209956942843234
bfo-9f24106a164c4fa21e6f26f6f44af53710e057caa1ad7c0bfbc849cc874200f3,1590,25.666071463995312,47.82410239927769,20.788787963416024,25.666071463995312,0.0006554619703125396,0.01306162747012369,0.05018225881972215
bfo-9f24106a164c4fa21e6f26f6f44af53710e057caa1ad7c0bfbc849cc874200f3,1591,25.666130918650396,47.68691393203741,20.789110155373766,25.666130918650396,0.0006557054173153609,0.013061493848220751,0.050201410721843406
bfo-9f24106a164c4fa21e6f26f6f44af53710e057caa1ad7c0bfbc849cc874200f3,1592,25.66633985960982,47.8237766622358,20.790284323116296,25.66633985960982,0.0006547761182180501,0.013052552246615301,0.050164604274067714
bfo-9f24106a164c4fa21e6f26f6f44af53710e057caa1ad7c0bfbc849cc874200f3,1593,25.666435237299545,47.912393107174516,20.788423959380264,25.666435237299545,0.00065572950760523,0.01306469288858834,0.05019096225200917
bfo-9f24106a164c4fa21e6f26f6f44af53710e057caa1ad7c0bfbc849cc874200f3,1594,25.66603138458165,47.903759210372726,20.787611155424024,25.66603138458165,0.0006558744184028902,0.013068676999993466,0.050186749462337935
bfo-9f24106a164c4fa21e6f26f6f44af53710e057caa1ad7c0bfbc849cc874200f3,1595,25.66682333155088,48.077885499297615,20.78647909586616,25.66682333155088,0.0006567638511708227,0.013076805127021947,0.050223571032169324
bfo-9f24106a164c4fa21e6f26f6f44af53710e057caa1ad7c0bfbc849cc874200f3,1596,25.66633755262171,47.842570057333596,20.78993189084303,25.66633755262171,0.0006547830646281485,0.0130547810513237,0.05015657191445246
bfo-9f24106a164c4fa21e6f26f6f44af53710e057caa1ad7c0bfbc849cc874200f3,1597,25.665967472839377,48.022280690889666,20.787593436371065,25.665967472839377,0.0006554655654839075,0.013067363164709545,0.050160507305260685
bfo-9f24106a164c4fa21e6f26f6f44af53710e057caa1ad7c0bfbc849cc874200f3,1598,25.665956679805745,48.029155784074376,20.78804163446615,25.665956679805745,0.0006551340588417294,0.013063811404996423,0.05014876888005019
bfo-9f24106a164c4fa21e6f26f6f44af53710e057caa1ad7c0bfbc849cc874200f3,1599,25.669107168333973,48.359568414112225,20.792488977671734,25.669107168333973,0.0006537730524710689,0.01304245212076906,0.05012654418182511
bfo-9f24106a164c4fa21e6f26f6f44af53710e057caa1ad7c0bfbc849cc874200f3,1600,25.665552783543134,47.9428141951881,20.786054821383456,25.665552783543134,0.0006562770338443964,0.013076290105426037,0.050188320123922055
bfo-9f24106a164c4fa21e6f26f6f44af53710e057caa1ad7c0bfbc849cc874200f3,1601,25.66633733506958,47.72051508362955,20.784954983793813,25.66633733506958,0.0006575888789445646,0.01309079414201144,0.05023292489446511
bfo-9f24106a164c4fa21e6f26f6f44af53710e057caa1ad7c0bfbc849cc874200f3,1602,25.66557527298183,48.01180448821911,20.78680272759823,25.66557527298183,0.0006558072352057785,0.013070757552933503,0.0501736209664905
bfo-9f24106a164c4fa21e6f26f6f44af53710e057caa1ad7c0bfbc849cc874200f3,1603,25.66646540606998,48.11522823002552,20.78906197475487,25.66646540606998,0.0006549671035539636,0.013056996096391136,0.050162158180853865
bfo-9f24106a164c4fa21e6f26f6f44af53710e057caa1ad7c0bfbc849cc874200f3,1604,25.665426283575535,47.92207978871822,20.785369847045747,25.665426283575535,0.0006566161064516822,0.01308033101436878,0.05019873776362292
bfo-9f24106a164c4fa21e6f26f6f44af53710e057caa1ad7c0bfbc849cc874200f3,1605,25.665358116542286,47.95986942028409,20.786613421714492,25.665358116542286,0.0006557998867626846,0.01307089633128392,0.05017252605646418
bfo-9f24106a164c4fa21e6f26f6f44af53710e057caa1ad7c0bfbc849cc874200f3,1606,25.664939732155634,47.79772007272464,20.784938254620346,25.664939732155634,0.0006568028045206279,0.013083159842611655,0.050202153946130895
bfo-9f24106a164c4fa21e6f26f6f44af53710e057caa1ad7c0bfbc849cc874200f3,1607,25.66501533677403,47.68686875004469,20.784755611871038,25.66501533677403,0.0006569556008474315,0.013085724077589886,0.05020399306542835
bfo-9f24106a164c4fa21e6f26f6f44af53710e057caa1ad7c0bfbc849cc874200f3,1608,25.66494792932303,47.74607036904954,20.784737620813704,25.66494792932303,0.0006569918418502807,0.01308515576413172,0.05020894314847891
bfo-9f24106a164c4fa21e6f26f6f44af53710e057caa1ad7c0bfbc849cc874200f3,1609,25.66916782110372,47.1378743844115,20.790454221931167,25.66916782110372,0.0006565756283959485,0.0130735636432026,0.050221626353371907
bfo-9f24106a164c4fa21e6f26f6f44af53710e057caa1ad7c0bfbc849cc874200f3,1610,25.66493861529027,47.73359935368825,20.786357502692177,25.66493861529027,0.0006560342247417713,0.01307446949982866,0.0501767375533186
bfo-9f24106a164c4fa21e6f26f6f44af53710e057caa1ad7c0bfbc849cc874200f3,1611,25.665492429853014,47.66597855262223,20.785127704818017,25.665492429853014,0.0006572178137747842,0.013085937149892132,0.0502232133814124
bfo-9f24106a164c4fa21e6f26f6f44af53710e057caa1ad7c0bfbc849cc874200f3,1612,25.664881296647,47.69319335562833,20.785945044178845,25.664881296647,0.0006563612233957223,0.01307795392803547,0.05018837250899529
bfo-9f24106a164c4fa21e6f26f6f44af53710e057caa1ad7c0bfbc849cc874200f3,1613,25.66618688595022,47.77493232579387,20.782828829998216,25.66618688595022,0.0006586674363303048,0.013104361314333367,0.05026322310037831
bfo-9f24106a164c4fa21e6f26f6f44af53710e057caa1ad7c0bfbc849cc874200f3,1614,25.664741796109208,47.768559457449456,20.785112552321294,25.664741796109208,0.0006567425231877012,0.013081857334664496,0.050202544362523756
bfo-9f24106a164c4fa21e6f26f6f44af53710e057caa1ad7c0bfbc849cc874200f3,1615,25.665541790326944,47.65130039756219,20.790857060726157,25.665541790326944,0.0006539684463218222,0.013048569806502486,0.050118017224840265
bfo-9f24106a164c4fa21e6f26f6f44af53710e057caa1ad7c0bfbc849cc874200f3,1616,25.664682949854217,47.85368170833525,20.784079570904648,25.664682949854217,0.0006572144683266088,0.013087419237299915,0.05021727022035856
bfo-9f24106a164c4fa21e6f26f6f44af53710e057caa1ad7c0bfbc849cc874200f3,1617,25.665019808745257,47.65072821212689,20.78465509408692,25.665019808745257,0.0006573462807957039,0.013087235833509013,0.050228045796547174
bfo-9f24106a164c4fa21e6f26f6f44af53710e057caa1ad7c0bfbc849cc874200f3,1618,25.66502044971749,47.876383345781235,20.78288038582561,25.66502044971749,0.0006580506971782315,0.01309707006135474,0.050244115217794275
bfo-9f24106a164c4fa21e6f26f6f44af53710e057caa1ad7c0bfbc849cc874200f3,1619,25.6669329534171,48.369529834288116,20.783144555891024,25.6669329534171,0.0006577750764009869,0.013097151590842463,0.05022275811947566
bfo-9f24106a164c4fa21e6f26f6f44af53710e057caa1ad7c0bfbc849cc874200f3,1620,25.664846758128515,47.963260400460314,20.783932750110612,25.664846758128515,0.0006571298779217251,0.013087809959219085,0.05020930774280087
bfo-9f24106a164c4fa21e6f26f6f44af53710e057caa1ad7c0bfbc849cc874200f3,1621,25.666907904256266,48.06948330071984,20.781385397210155,25.666907904256266,0.000659585165894518,0.013112361566585958,0.05030254562041131
bfo-9f24106a164c4fa21e6f26f6f44af53710e057caa1ad7c0bfbc849cc874200f3,1622,25.664640658060673,47.84066900637908,20.784472946269815,25.664640658060673,0.0006570020090226349,0.013085163171495523,0.05020969172580407
bfo-9f24106a164c4fa21e6f26f6f44af53710e057caa1ad7c0bfbc849cc874200f3,1623,25.665616876089242,47.5786199252211,20.785713876995402,25.665616876089242,0.0006570915340226607,0.013085235044713452,0.05021625761992952
bfo-9f24106a164c4fa21e6f26f6f44af53710e057caa1ad7c0bfbc849cc874200f3,1624,25.664678822555217,47.75652953486758,20.78455148300381,25.664678822555217,0.0006569537510064658,0.013086083803024716,0.050202471640493206
bfo-9f24106a164c4fa21e6f26f6f44af53710e057caa1ad7c0bfbc849cc874200f3,1625,25.66495127921143,47.85948820536792,20.783054765843318,25.66495127921143,0.0006576939080138456,0.013095762195701369,0.05022188843882115
bfo-9f24106a164c4fa21e6f26f6f44af53710e057caa1ad7c0bfbc849cc874200f3,1626,25.66461034099664,47.78991712503423,20.784385331680088,25.66461034099664,0.0006571655597150718,0.01308633797128087,0.05021768207097203
bfo-9f24106a164c4fa21e6f26f6f44af53710e057caa1ad7c0bfbc849cc874200f3,1627,25.664999986788366,47.72003574947048,20.788507037251424,25.664999986788366,0.0006551965179186302,0.013060015474379873,0.05016812722802236
bfo-9f24106a164c4fa21e6f26f6f44af53710e057caa1ad7c0bfbc849cc874200f3,1628,25.66449098568813,47.850556099765164,20.784954842968915,25.66449098568813,0.0006566831947687608,0.01308139466392759,0.05019978462843783
bfo-9f24106a164c4fa21e6f26f6f44af53710e057caa1ad7c0bfbc849cc874200f3,1629,25.664531326030154,47.81951474071512,20.785868587069952,25.664531326030154,0.0006563113352846929,0.013075681572692153,0.05019327915229775
bfo-9f24106a164c4fa21e6f26f6f44af53710e057caa1ad7c0bfbc849cc874200f3,1630,25.664543413920097,47.89049074961721,20.784981845236032,25.664543413920097,0.0006565342777921377,0.01308095439353325,0.05019008996137961
bfo-9f24106a164c4fa21e6f26f6f44af53710e057caa1ad7c0bfbc849cc874200f3,1631,25.665828477008844,47.40800902008409,20.788446026202525,25.665828477008844,0.0006559726047973405,0.013069708230992108,0.050190302124865895
bfo-9f24106a164c4fa21e6f26f6f44af53710e057caa1ad7c0bfbc849cc874200f3,1632,25.664545217009387,47.86339653294457,20.784465165442775,25.664545217009387,0.0006570117758764411,0.013084732334446507,0.05021209139653625
bfo-9f24106a164c4fa21e6f26f6f44af53710e057caa1ad7c0bfbc849cc874200f3,1633,25.667065424257707,47.738766521183955,20.782293920752068,25.667065424257707,0.0006592929282889025,0.013112988556151955,0.050277854317168254
bfo-9f24106a164c4fa21e6f26f6f44af53710e057caa1ad7c0bfbc849cc874200f3,1634,25.664708298980532,47.9858118471713,20.78349045849877,25.664708298980532,0.0006573777349494717,0.01309064677874429,0.050217360995247186
bfo-9f24106a164c4fa21e6f26f6f44af53710e057caa1ad7c0bfbc849cc874200f3,1635,25.66630434632236,48.12121591318307,20.78901449317901,25.66630434632236,0.0006550625847098744,0.013057375565559274,0.050168012815507666
bfo-9f24106a164c4fa21e6f26f6f44af53710e057caa1ad7c0bfbc849cc874200f3,1636,25.664594725862994,47.89668187523484,20.784293618599825,25.664594725862994,0.0006569079264552686,0.013086062241179178,0.050199052575809464
bfo-9f24106a164c4fa21e6f26f6f44af53710e057caa1ad7c0bfbc849cc874200f3,1637,25.66525202487714,48.12432373843873,20.784036258414062,25.66525202487714,0.0006571184992202082,0.013087276674540368,0.0502104842406632
bfo-9f24106a164c4fa21e6f26f6f44af53710e057caa1ad7c0bfbc849cc874200f3,1638,25.66456643880527,47.823829313842836,20.78614211147544,25.66456643880527,0.00065608011093167,0.013074180154647275,0.050181357696716715
bfo-9f24106a164c4fa21e6f26f6f44af53710e057caa1ad7c0bfbc849cc874200f3,1639,25.665408778584258,48.22035496296302,20.785434522913288,25.665408778584258,0.000656377509472652,0.013076950906117204,0.05019346743632786
bfo-9f24106a164c4fa21e6f26f6f44af53710e057caa1ad7c0bfbc849cc874200f3,1640,25.66465031853911,47.89074319812684,20.78419066482183,25.66465031853911,0.000657144712646405,0.01308669115634852,0.05021473379293556
bfo-9f24106a164c4fa21e6f26f6f44af53710e057caa1ad7c0bfbc849cc874200f3,1641,25.665038131323193,47.76583561340563,20.78818739701531,25.665038131323193,0.0006553687126966352,0.013062453087536938,0.05017194766593507
bfo-9f24106a164c4fa21e6f26f6f44af53710e057caa1ad7c0bfbc849cc874200f3,1642,25.664532155060673,47.88066169831204,20.78397264886436,25.664532155060673,0.0006571802161581655,0.01308778650683938,0.05021324391368533
bfo-9f24106a164c4fa21e6f26f6f44af53710e057caa1ad7c0bfbc849cc874200f3,1643,25.66548800886679,47.56185340386713,20.784279553227027,25.66548800886679,0.0006577797825390486,0.01309459304727318,0.050232930505314535
bfo-9f24106a164c4fa21e6f26f6f44af53710e057caa1ad7c0bfbc849cc874200f3,1644,25.66424140288953,47.896459595754166,20.784047108917573,25.66424140288953,0.000656923196407166,0.01308619461169251,0.05019971167326256
bfo-9f24106a164c4fa21e6f26f6f44af53710e057caa1ad7c0bfbc849cc874200f3,1645,25.664949459140615,48.10748366913303,20.787713355500923,25.664949459140615,0.0006552447688158819,0.01306101543358983,0.050167980594429736
bfo-9f24106a164c4fa21e6f26f6f44af53710e057caa1ad7c0bfbc849cc874200f3,1646,25.664177918068898,47.95686981514155,20.784854841720247,25.664177918068898,0.0006562949974147219,0.013079373195556862,0.05017786308274077
bfo-9f24106a164c4fa21e6f26f6f44af53710e057caa1ad7c0bfbc849cc874200f3,1647,25.664810421235046,48.037147027104325,20.787182526420207,25.664810421235046,0.000655231830068177,0.01306597523654661,0.05014794672466848
bfo-9f24106a164c4fa21e6f26f6f44af53710e057caa1ad7c0bfbc849cc874200f3,1648,25.664193597974567,47.84662276719868,20.785894438323453,25.664193597974567,0.0006557543274715591,0.01307423310926686,0.05015623646841422
bfo-9f24106a164c4fa21e6f26f6f44af53710e057caa1ad7c0bfbc849cc874200f3,1649,25.664337490096376,47.88824989483764,20.786580068657926,25.664337490096376,0.00065564045054265,0.013068497111825221,0.05016953708849843
bfo-9f24106a164c4fa21e6f26f6f44af53710e057caa1ad7c0bfbc849cc874200f3,1650,25.664436566955157,48.075537119787874,20.784777806590196,25.664436566955157,0.0006562151783811137,0.01307946013958333,0.05017142690738141
bfo-9f24106a164c4fa21e6f26f6f44af53710e057caa1ad7c0bfbc849cc874200f3,1651,25.665205994836956,47.79527347385075,20.79010964479279,25.665205994836956,0.0006543034767409843,0.01304976005534725,0.0501391193375144
bfo-9f24106a164c4fa21e6f26f6f44af53710e057caa1ad7c0bfbc849cc874200f3,1652,25.66445064874332,48.03270103066983,20.785527854050176,25.66445064874332,0.0006559238833761352,0.013075377570661432,0.05016481396666503
bfo-9f24106a164c4fa21e6f26f6f44af53710e057caa1ad7c0bfbc849cc874200f3,1653,25.666246971016808,48.38218666925654,20.78412709369593,25.666246971016808,0.0006568599241051659,0.013088507797028392,0.05018600548599581
bfo-9f24106a164c4fa21e6f26f6f44af53710e057caa1ad7c0bfbc849cc874200f3,1654,25.664027667686454,47.986080624751494,20.784411399536665,25.664027667686454,0.0006565776930708794,0.013080897374823248,0.05019362771965415
bfo-9f24106a164c4fa21e6f26f6f44af53710e057caa1ad7c0bfbc849cc874200f3,1655,25.66522390031871,48.34077791081522,20.785476863929777,25.66522390031871,0.0006555401513184944,0.01307505023185987,0.0501367214422737
bfo-9f24106a164c4fa21e6f26f6f44af53710e057caa1ad7c0bfbc849cc874200f3,1656,25.66452796321549,48.032010168013116,20.78703240409346,25.66452796321549,0.0006553904288461343,0.013064073471344374,0.05016738693974067
bfo-9f24106a164c4fa21e6f26f6f44af53710e057caa1ad7c0bfbc849cc874200f3,1657,25.664263450203816,48.205395558155445,20.78586877634745,25.664263450203816,0.0006554022604953602,0.01306799189527867,0.05015324969187885
bfo-9f24106a164c4fa21e6f26f6f44af53710e057caa1ad7c0bfbc849cc874200f3,1658,25.66375573071571,47.88567300701127,20.784425033756015,25.66375573071571,0.0006565485893223109,0.013081045445742191,0.0501908346733872
bfo-9f24106a164c4fa21e6f26f6f44af53710e057caa1ad7c0bfbc849cc874200f3,1659,25.66720977682038,47.181691938576535,20.790525856111362,25.66720977682038,0.0006557990325377266,0.013064212649288661,0.050198129052456485
bfo-9f24106a164c4fa21e6f26f6f44af53710e057caa1ad7c0bfbc849cc874200f3,1660,25.663732018820816,47.85953090322705,20.783841036790776,25.663732018820816,0.0006568762064170312,0.013085360109423098,0.05019932206099533
bfo-9f24106a164c4fa21e6f26f6f44af53710e057caa1ad7c0bfbc849cc874200f3,1661,25.664270226540932,48.0016862634012,20.781221526306155,25.664270226540932,0.0006582470267888413,0.01310387199403476,0.05023301716381946
bfo-9f24106a164c4fa21e6f26f6f44af53710e057caa1ad7c0bfbc849cc874200f3,1662,25.663662301688568,47.847380527241,20.783943356888436,25.663662301688568,0.0006567192748486006,0.01308473680414264,0.05018971987580849
bfo-9f24106a164c4fa21e6f26f6f44af53710e057caa1ad7c0bfbc849cc874200f3,1663,25.664029599956038,47.97814192548884,20.782326563345926,25.664029599956038,0.0006575551322374312,0.013096290616145803,0.050209265471458174
bfo-9f24106a164c4fa21e6f26f6f44af53710e057caa1ad7c0bfbc849cc874200f3,1664,25.663794864928757,47.8921141215809,20.78443409479822,25.663794864928757,0.0006564775196725506,0.013081239470452078,0.05018465728384553
bfo-9f24106a164c4fa21e6f26f6f44af53710e057caa1ad7c0bfbc849cc874200f3,1665,25.664044329120046,47.78412930383442,20.786972187697977,25.664044329120046,0.0006552843522760467,0.013066808398914668,0.05014876871772871
bfo-9f24106a164c4fa21e6f26f6f44af53710e057caa1ad7c0bfbc849cc874200f3,1666,25.663924883935177,47.73572384658006,20.782779888036725,25.663924883935177,0.0006575839054590255,0.013095385309498022,0.050214933727996756
bfo-9f24106a164c4fa21e6f26f6f44af53710e057caa1ad7c0bfbc849cc874200f3,1667,25.663722784605675,47.92933582753952,20.784846713624745,25.663722784605675,0.0006561498349758337,0.013077457918218759,0.050174111748562664
bfo-9f24106a164c4fa21e6f26f6f44af53710e057caa1ad7c0bfbc849cc874200f3,1668,25.66355678151973,47.92329559002702,20.78368429886082,25.66355678151973,0.0006566771135120739,0.013084979912572202,0.05018556527405372
bfo-9f24106a164c4fa21e6f26f6f44af53710e057caa1ad7c0bfbc849cc874200f3,1669,25.663742820735525,47.77880019122984,20.784552538625398,25.663742820735525,0.0006565044369718465,0.013081864515739857,0.050184317088894516
bfo-9f24106a164c4fa21e6f26f6f44af53710e057caa1ad7c0bfbc849cc874200f3,1670,25.663470605189364,47.833733106549715,20.783294878333294,25.663470605189364,0.0006571826144911589,0.013088489590598978,0.050210729812796055
bfo-9f24106a164c4fa21e6f26f6f44af53710e057caa1ad7c0bfbc849cc874200f3,1671,25.664675778562284,47.727461732421176,20.789223048839425,25.664675778562284,0.0006545785320432826,0.013054873678281165,0.05014054889954829
bfo-9f24106a164c4fa21e6f26f6f44af53710e057caa1ad7c0bfbc849cc874200f3,1672,25.663468478604674,47.84263942686488,20.783963786645465,25.663468478604674,0.0006567002539838249,0.01308373104941951,0.05019212421161477
bfo-9f24106a164c4fa21e6f26f6f44af53710e057caa1ad7c0bfbc849cc874200f3,1673,25.6641294734114,48.08301256585304,20.784886527545005,25.6641294734114,0.0006560571309697542,0.013076073354595735,0.050172334857633345
bfo-9f24106a164c4fa21e6f26f6f44af53710e057caa1ad7c0bfbc849cc874200f3,1674,25.663460730109417,47.84946286236338,20.78396895988796,25.663460730109417,0.000656577328476443,0.013083737313482969,0.05018270489119581
bfo-9f24106a164c4fa21e6f26f6f44af53710e057caa1ad7c0bfbc849cc874200f3,1675,25.665760343579493,48.37304208825624,20.780208257854156,25.665760343579493,0.0006583879146403437,0.013112421126775974,0.05021101048195401
bfo-9f24106a164c4fa21e6f26f6f44af53710e057caa1ad7c0bfbc849cc874200f3,1676,25.66332956217726,47.84449964024039,20.78370468445533,25.66332956217726,0.0006566975860682106,0.013084987378226526,0.05018710122418293
bfo-9f24106a164c4fa21e6f26f6f44af53710e057caa1ad7c0bfbc849cc874200f3,1677,25.664053963709293,47.88699127526709,20.788417471072606,25.664053963709293,0.0006541300008490722,0.01305512533621369,0.05010522564916149
bfo-9f24106a164c4fa21e6f26f6f44af53710e057caa1ad7c0bfbc849cc874200f3,1678,25.663370662473696,47.934431368235686,20.783832673308194,25.663370662473696,0.0006564311383470809,0.013083449940635962,0.05017263346636637
bfo-9f24106a164c4fa21e6f26f6f44af53710e057caa1ad7c0bfbc849cc874200f3,1679,25.66349287633186,47.90383344535564,20.784880616378064,25.66349287633186,0.0006561019875281638,0.013077411022690345,0.050170632886721606
bfo-9f24106a164c4fa21e6f26f6f44af53710e057caa1ad7c0bfbc849cc874200f3,1680,25.663444636369864,47.78028777496523,20.78347332941073,25.663444636369864,0.0006570440524391192,0.013087510295654456,0.05020389956501371
bfo-9f24106a164c4fa21e6f26f6f44af53710e057caa1ad7c0bfbc849cc874200f3,1681,25.66367844437463,47.671195641497036,20.782902918346092,25.66367844437463,0.0006573631990193119,0.013094344999564416,0.050202068071459785
bfo-9f24106a164c4fa21e6f26f6f44af53710e057caa1ad7c0bfbc849cc874200f3,1682,25.663402977041784,47.86492908998545,20.78391670309891,25.663402977041784,0.0006566620537872655,0.013083385578553043,0.050190529801682184
bfo-9f24106a164c4fa21e6f26f6f44af53710e057caa1ad7c0bfbc849cc874200f3,1683,25.663195390317796,47.81378404044304,20.78442195444091,25.663195390317796,0.0006561565366962134,0.013080457809763803,0.05016311708955864
bfo-9f24106a164c4fa21e6f26f6f44af53710e057caa1ad7c0bfbc849cc874200f3,1684,25.66785845737792,47.08558149070843,20.792324676026887,25.66785845737792,0.0006550373751352843,0.013057062995070364,0.050167283054588216
bfo-9f24106a164c4fa21e6f26f6f44af53710e057caa1ad7c0bfbc849cc874200f3,1685,25.663217018506884,47.8567033009468,20.783971959358702,25.663217018506884,0.0006561988228303453,0.013083154385827855,0.050156010047635265
bfo-9f24106a164c4fa21e6f26f6f44af53710e057caa1ad7c0bfbc849cc874200f3,1686,25.663402580388965,47.99640892161177,20.78319659975324,25.663402580388965,0.0006567654501617423,0.013086864785733605,0.05018508717822947
bfo-9f24106a164c4fa21e6f26f6f44af53710e057caa1ad7c0bfbc849cc874200f3,1687,25.663259324634385,47.809073073144916,20.785248642025078,25.663259324634385,0.0006557027776734253,0.01307543826731049,0.05014767109663376
bfo-9f24106a164c4fa21e6f26f6f44af53710e057caa1ad7c0bfbc849cc874200f3,1688,25.664444358281994,47.95450711564947,20.788518009684108,25.664444358281994,0.0006543099061282161,0.01305688084334259,0.050112267545264
bfo-9f24106a164c4fa21e6f26f6f44af53710e057caa1ad7c0bfbc849cc874200f3,1689,25.66341487409844,47.692914366104,20.783714133914163,25.66341487409844,0.0006568212030956385,0.013088046781285726,0.05018481474522317
bfo-9f24106a164c4fa21e6f26f6f44af53710e057caa1ad7c0bfbc849cc874200f3,1690,25.664527071575726,47.993079100043666,20.788907791601066,25.664527071575726,0.0006541626751220518,0.013052628093626338,0.05011731510541411
bfo-9f24106a164c4fa21e6f26f6f44af53710e057caa1ad7c0bfbc849cc874200f3,1691,25.66333116274975,47.98288602899378,20.784335396181365,25.66333116274975,0.0006560867239057367,0.013079046474640693,0.05016319233805312
bfo-9f24106a164c4fa21e6f26f6f44af53710e057caa1ad7c0bfbc849cc874200f3,1692,25.66445331989246,47.7575150329385,20.790079488304873,25.66445331989246,0.0006533203045498823,0.013048601299126994,0.05006822490572933
bfo-9f24106a164c4fa21e6f26f6f44af53710e057caa1ad7c0bfbc849cc874200f3,1693,25.663838851367494,47.99228536658575,20.786442853476554,25.663838851367494,0.0006549745685441198,0.013067088486167467,0.05012398662773743
bfo-9f24106a164c4fa21e6f26f6f44af53710e057caa1ad7c0bfbc849cc874200f3,1694,25.66324586534109,47.75723049660702,20.784542021429896,25.66324586534109,0.0006560748120394162,0.013080689172177938,0.05015598210489238
bfo-9f24106a164c4fa21e6f26f6f44af53710e057caa1ad7c0bfbc849cc874200f3,1695,25.663298649834445,47.68701264961856,20.785290540376472,25.663298649834445,0.0006559053624106983,0.01307694476089911,0.05015738571993488
bfo-9f24106a164c4fa21e6f26f6f44af53710e057caa1ad7c0bfbc849cc874200f3,1696,25.665760143169113,47.340329681348635,20.789368483322164,25.665760143169113,0.0006550016332002485,0.01306571851223907,0.05013131368065889
bfo-9f24106a164c4fa21e6f26f6f44af53710e057caa1ad7c0bfbc849cc874200f3,1697,25.663430473684993,47.75775138876183,20.78307814043445,25.663430473684993,0.0006569799636250654,0.013091958746477944,0.05018194575367181
bfo-9f24106a164c4fa21e6f26f6f44af53710e057caa1ad7c0bfbc849cc874200f3,1698,25.66435918705807,47.70384245638935,20.781365337553563,25.66435918705807,0.0006584734214368901,0.013108098872804588,0.050234090223642336
bfo-9f24106a164c4fa21e6f26f6f44af53710e057caa1ad7c0bfbc849cc874200f3,1699,25.66327782280166,47.825562121790554,20.78397120822358,25.66327782280166,0.000656352750616446,0.013083414407430567,0.050166778348294035
bfo-9f24106a164c4fa21e6f26f6f44af53710e057caa1ad7c0bfbc849cc874200f3,1700,25.66362789423052,47.75358967618314,20.785919984220875,25.66362789423052,0.0006555904289165583,0.013072761974405949,0.050149343359887
bfo-9f24106a164c4fa21e6f26f6f44af53710e057caa1ad7c0bfbc849cc874200f3,1701,25.663157957040045,47.75699071161211,20.783443933422014,25.663157957040045,0.0006567414389314858,0.013087578987118292,0.0501805138733372
bfo-9f24106a164c4fa21e6f26f6f44af53710e057caa1ad7c0bfbc849cc874200f3,1702,25.664271193631397,47.98330374391147,20.780370956617944,25.664271193631397,0.0006589424488797788,0.013109675408501623,0.05026382639897054
bfo-9f24106a164c4fa21e6f26f6f44af53710e057caa1ad7c0bfbc849cc874200f3,1703,25.663323748780083,47.98106706128676,20.782354252057058,25.663323748780083,0.0006570003521255766,0.0130927935406749,0.050180303392434754
bfo-9f24106a164c4fa21e6f26f6f44af53710e057caa1ad7c0bfbc849cc874200f3,1704,25.664137136046136,47.49672715784406,20.78503719989582,25.664137136046136,0.0006564666669911634,0.013084843769608197,0.050170004208679994
bfo-9f24106a164c4fa21e6f26f6f44af53710e057caa1ad7c0bfbc849cc874200f3,1705,25.663390683124636,47.68074039039727,20.78413063137571,25.663390683124636,0.0006567254602913922,0.013084821407460537,0.05018986808004493
bfo-9f24106a164c4fa21e6f26f6f44af53710e057caa1ad7c0bfbc849cc874200f3,1706,25.66477759029915,48.3187665017324,20.782002988761825,25.66477759029915,0.0006572661666504609,0.013097060057293821,0.05018425232649261
bfo-9f24106a164c4fa21e6f26f6f44af53710e057caa1ad7c0bfbc849cc874200f3,1707,25.66356524520847,47.73253491722143,20.782054718421428,25.66356524520847,0.0006577264409495339,0.013099351242873696,0.050210611865786105
bfo-9f24106a164c4fa21e6f26f6f44af53710e057caa1ad7c0bfbc849cc874200f3,1708,25.663464694876204,47.94649780610406,20.78122776364849,25.663464694876204,0.0006582179993831035,0.01310138771199975,0.05024032673884097
bfo-9f24106a164c4fa21e6f26f6f44af53710e057caa1ad7c0bfbc849cc874200f3,1709,25.66330826115833,47.70109868459874,20.783704696464387,25.66330826115833,0.0006567447767603654,0.01308763130971387,0.05018056829526653
bfo-9f24106a164c4fa21e6f26f6f44af53710e057caa1ad7c0bfbc849cc874200f3,1710,25.664509521006547,48.026707478705994,20.787309499259646,25.664509521006547,0.0006551001337496637,0.013062463535246023,0.050151346411955774
bfo-9f24106a164c4fa21e6f26f6f44af53710e057caa1ad7c0bfbc849cc874200f3,1711,25.663431837135423,47.65714836244479,20.784594315906293,25.663431837135423,0.0006564384710727641,0.013081983247092003,0.05017881911893474
bfo-9f24106a164c4fa21e6f26f6f44af53710e057caa1ad7c0bfbc849cc874200f3,1712,25.66311684603824,47.705820868936215,20.7827938332039,25.66311684603824,0.0006571266502208373,0.013092322562168343,0.05019175529020913
bfo-9f24106a164c4fa21e6f26f6f44af53710e057caa1ad7c0bfbc849cc874200f3,1713,25.663589130997735,47.8859495894142,20.781305830904383,25.663589130997735,0.0006581054125852991,0.013102129092972608,0.05022889088600701
bfo-9f24106a164c4fa21e6f26f6f44af53710e057caa1ad7c0bfbc849cc874200f3,1714,25.662862438798015,47.89918006049318,20.782888450749308,25.662862438798015,0.0006566958952896534,0.013087589690323849,0.050176992924462906
bfo-9f24106a164c4fa21e6f26f6f44af53710e057caa1ad7c0bfbc849cc874200f3,1715,25.664887522286904,48.331914929546116,20.78113418439369,25.664887522286904,0.0006578053085958401,0.013103359848924249,0.05020127022229678
bfo-9f24106a164c4fa21e6f26f6f44af53710e057caa1ad7c0bfbc849cc874200f3,1716,25.662998199792685,47.92047783531985,20.78212256899022,25.662998199792685,0.0006571741781469224,0.013093464757716725,0.0501910067585138
bfo-9f24106a164c4fa21e6f26f6f44af53710e057caa1ad7c0bfbc849cc874200f3,1717,25.662890699966947,47.945150345072626,20.782303315693504,25.662890699966947,0.0006570069734846146,0.013090707336515317,0.05018880619628203
bfo-9f24106a164c4fa21e6f26f6f44af53710e057caa1ad7c0bfbc849cc874200f3,1718,25.662773618633206,47.83867916280575,20.783317507294417,25.662773618633206,0.0006564221974633557,0.01308522811586007,0.05016513213611715
bfo-9f24106a164c4fa21e6f26f6f44af53710e057caa1ad7c0bfbc849cc874200f3,1719,25.663063548929514,47.98207203221597,20.783857852666277,25.663063548929514,0.0006560884401063388,0.01308054074490116,0.05015759309201987
bfo-9f24106a164c4fa21e6f26f6f44af53710e057caa1ad7c0bfbc849cc874200f3,1720,25.662759608086372,47.793309619369815,20.78397462406989,25.662759608086372,0.0006561002081658179,0.013081209665887637,0.05015592784792335
bfo-9f24106a164c4fa21e6f26f6f44af53710e057caa1ad7c0bfbc849cc874200f3,1721,25.66645104114587,47.15447989642371,20.789865923965476,25.66645104114587,0.0006556559527241598,0.013065623001967896,0.0501817596164689
bfo-9f24106a164c4fa21e6f26f6f44af53710e057caa1ad7c0bfbc849cc874200f3,1722,25.662756309910378,47.73698332239363,20.78380959661646,25.662756309910378,0.0006563688897210342,0.013083075044896836,0.0501693132133379
bfo-9f24106a164c4fa21e6f26f6f44af53710e057caa1ad7c0bfbc849cc874200f3,1723,25.662855617139368,47.923857732347415,20.78414817568273,25.662855617139368,0.000655846096622436,0.01307866410267574,0.05014626046464927
bfo-9f24106a164c4fa21e6f26f6f44af53710e057caa1ad7c0bfbc849cc874200f3,1724,25.66297504017617,47.69743368422597,20.785491906897622,25.66297504017617,0.0006554712476747263,0.013073352013813634,0.05013796362112325
bfo-9f24106a164c4fa21e6f26f6f44af53710e057caa1ad7c0bfbc849cc874200f3,1725,25.662824616971516,48.006903539076205,20.781908832836322,25.662824616971516,0.000657012738577587,0.013092610307605059,0.05018195173776388
bfo-9f24106a164c4fa21e6f26f6f44af53710e057caa1ad7c0bfbc849cc874200f3,1726,25.662662329907597,47.78134670516953,20.783133870845585,25.662662329907597,0.0006565057357396239,0.013086819823469605,0.05016541410329968
bfo-9f24106a164c4fa21e6f26f6f44af53710e057caa1ad7c0bfbc849cc874200f3,1727,25.66506757324929,48.369218550172334,20.778748920830825,25.66506757324929,0.0006586453310647865,0.013119226800586055,0.05020458454421749
bfo-9f24106a164c4fa21e6f26f6f44af53710e057caa1ad7c0bfbc849cc874200f3,1728,25.662484612243006,47.79533931758852,20.782463885986047,25.662484612243006,0.0006567022747783301,0.013090801313920507,0.05016517010918235
bfo-9f24106a164c4fa21e6f26f6f44af53710e057caa1ad7c0bfbc849cc874200f3,1729,25.66441865012624,47.33419801661972,20.787057072488054,25.66441865012624,0.000655758898617875,0.013074095247826809,0.050157114981006126
bfo-9f24106a164c4fa21e6f26f6f44af53710e057caa1ad7c0bfbc849cc874200f3,1730,25.66244628416483,47.798934477645716,20.782624361635538,25.66244628416483,0.0006565601780322333,0.013089317833984229,0.0501599996546485
bfo-9f24106a164c4fa21e6f26f6f44af53710e057caa1ad7c0bfbc849cc874200f3,1731,25.663111827470058,47.82664440220704,20.780028938768037,25.663111827470058,0.0006583504939642967,0.013110194777562286,0.05021668290474557
bfo-9f24106a164c4fa21e6f26f6f44af53710e057caa1ad7c0bfbc849cc874200f3,1732,25.662394410727167,47.83854779536375,20.78188532528422,25.662394410727167,0.0006568878596607328,0.013093680977478619,0.05016831101892527
bfo-9f24106a164c4fa21e6f26f6f44af53710e057caa1ad7c0bfbc849cc874200f3,1733,25.663073946213075,48.179162597930876,20.78236908882556,25.663073946213075,0.0006568373722761943,0.013087589903864699,0.05018780211643349
bfo-9f24106a164c4fa21e6f26f6f44af53710e057caa1ad7c0bfbc849cc874200f3,1734,25.662602690520295,47.91531155635005,20.783725861916594,25.662602690520295,0.0006557691076429074,0.013081070102754281,0.05013115154125137
bfo-9f24106a164c4fa21e6f26f6f44af53710e057caa1ad7c0bfbc849cc874200f3,1735,25.665281028729552,47.33692542632267,20.78531477507449,25.665281028729552,0.0006568631465469585,0.013090892750762804,0.05017710854813039
bfo-9f24106a164c4fa21e6f26f6f44af53710e057caa1ad7c0bfbc849cc874200f3,1736,25.66239332230541,47.854200462947404,20.78262343054133,25.66239332230541,0.0006563204860703414,0.013088121981384634,0.050146269037210416
bfo-9f24106a164c4fa21e6f26f6f44af53710e057caa1ad7c0bfbc849cc874200f3,1737,25.663422714600404,47.977980674006986,20.786019979042333,25.663422714600404,0.0006544098236401744,0.013068248810489244,0.050076321099343596
bfo-9f24106a164c4fa21e6f26f6f44af53710e057caa1ad7c0bfbc849cc874200f3,1738,25.662392388691078,47.715683390903045,20.78226649175411,25.662392388691078,0.0006567618614467173,0.013092596817170489,0.05016284168969419
bfo-9f24106a164c4fa21e6f26f6f44af53710e057caa1ad7c0bfbc849cc874200f3,1739,25.663071521265696,47.611671774608325,20.784334422685244,25.663071521265696,0.0006562089062129526,0.013082655466791613,0.05015869353730532
bfo-9f24106a164c4fa21e6f26f6f44af53710e057caa1ad7c0bfbc849cc874200f3,1740,25.662419801631238,47.68939244169707,20.782238784178933,25.662419801631238,0.0006567509137490187,0.013093019154076822,0.0501603874568933
bfo-9f24106a164c4fa21e6f26f6f44af53710e057caa1ad7c0bfbc849cc874200f3,1741,25.66247997104497,47.805325385884686,20.78300521802153,25.66247997104497,0.0006560632255430198,0.013086616889187096,0.0501323780697742
bfo-9f24106a164c4fa21e6f26f6f44af53710e057caa1ad7c0bfbc849cc874200f3,1742,25.662215429425288,47.72169539505225,20.782399608350975,25.662215429425288,0.000656589094769392,0.013090978760220152,0.05015584447853387
bfo-9f24106a164c4fa21e6f26f6f44af53710e057caa1ad7c0bfbc849cc874200f3,1743,25.665580499742806,47.179376590607475,20.787444864227115,25.665580499742806,0.0006563570746533323,0.01307825344649199,0.050186905869253395
bfo-9f24106a164c4fa21e6f26f6f44af53710e057caa1ad7c0bfbc849cc874200f3,1744,25.662432388569272,47.827506401488755,20.78058305285688,25.662432388569272,0.0006576506973348816,0.013102685639231337,0.050192053403599966
bfo-9f24106a164c4fa21e6f26f6f44af53710e057caa1ad7c0bfbc849cc874200f3,1745,25.66276647687603,47.68845506971185,20.78650264383593,25.66276647687603,0.0006546343891574868,0.013066016463471981,0.05010206369995139
bfo-9f24106a164c4fa21e6f26f6f44af53710e057caa1ad7c0bfbc849cc874200f3,1746,25.662396773754043,47.66757660131168,20.782986139777066,25.662396773754043,0.0006563686337034223,0.013088222384733818,0.05014956305059537
bfo-9f24106a164c4fa21e6f26f6f44af53710e057caa1ad7c0bfbc849cc874200f3,1747,25.663839543715245,47.419678525412586,20.782546915271343,25.663839543715245,0.0006575686030989364,0.013101432017917768,0.050190590020971225
bfo-9f24106a164c4fa21e6f26f6f44af53710e057caa1ad7c0bfbc849cc874200f3,1748,25.662102937359617,47.828588614681436,20.78178631921873,25.662102937359617,0.0006567064605016656,0.013093656150157085,0.05015455217172379
bfo-9f24106a164c4fa21e6f26f6f44af53710e057caa1ad7c0bfbc849cc874200f3,1749,25.66283756122767,47.68910138551452,20.780649986121453,25.66283756122767,0.0006577630819730994,0.013107405535090903,0.05018255368784832
bfo-9f24106a164c4fa21e6f26f6f44af53710e057caa1ad7c0bfbc849cc874200f3,1750,25.66204774910524,47.9332015197988,20.781794860053825,25.66204774910524,0.0006565514719362536,0.01309153500656917,0.050150839577391366
bfo-9f24106a164c4fa21e6f26f6f44af53710e057caa1ad7c0bfbc849cc874200f3,1751,25.66218292746906,47.76660995820978,20.782801399142656,25.66218292746906,0.0006563440885773126,0.013087755317140806,0.050149477329982636
bfo-9f24106a164c4fa21e6f26f6f44af53710e057caa1ad7c0bfbc849cc874200f3,1752,25.662210517345187,47.97212854749744,20.78260040567818,25.662210517345187,0.0006562186625345024,0.013086277795907719,0.05014555496748756
bfo-9f24106a164c4fa21e6f26f6f44af53710e057caa1ad7c0bfbc849cc874200f3,1753,25.66319003950128,48.27618480641527,20.78244853962663,25.66319003950128,0.0006562877138478721,0.01308724135517626,0.050147139189749675
bfo-9f24106a164c4fa21e6f26f6f44af53710e057caa1ad7c0bfbc849cc874200f3,1754,25.662457058821687,48.07809502907776,20.780269997644485,25.662457058821687,0.0006573184690225465,0.013102350285167663,0.050167981676284064
bfo-9f24106a164c4fa21e6f26f6f44af53710e057caa1ad7c0bfbc849cc874200f3,1755,25.66452564430198,48.4723493283915,20.782461732515642,25.66452564430198,0.0006563157814475887,0.013090390255494144,0.050137220406559505
bfo-9f24106a164c4fa21e6f26f6f44af53710e057caa1ad7c0bfbc849cc874200f3,1756,25.66198835454841,47.904680226219014,20.781819571625686,25.66198835454841,0.0006565265037537482,0.013091594170915679,0.050148705740687353
bfo-9f24106a164c4fa21e6f26f6f44af53710e057caa1ad7c0bfbc849cc874200f3,1757,25.66463457768205,48.447783591320594,20.78092225397316,25.66463457768205,0.0006573348666194036,0.013102456874910823,0.05016882504517898
bfo-9f24106a164c4fa21e6f26f6f44af53710e057caa1ad7c0bfbc849cc874200f3,1758,25.66211292983144,48.02185363063248,20.77987517067691,25.66211292983144,0.0006573789256278951,0.013104085313828458,0.0501659528219171
bfo-9f24106a164c4fa21e6f26f6f44af53710e057caa1ad7c0bfbc849cc874200f3,1759,25.664150291292778,48.39888760950459,20.778412212375645,25.664150291292778,0.0006582196108064596,0.013117371426673432,0.05017923099044121
bfo-9f24106a164c4fa21e6f26f6f44af53710e057caa1ad7c0bfbc849cc874200f3,1760,25.662358669428734,48.02169575196516,20.78292263298195,25.662358669428734,0.000655734422088762,0.01308437131550011,0.05011585243778284
bfo-9f24106a164c4fa21e6f26f6f44af53710e057caa1ad7c0bfbc849cc874200f3,1761,25.662073479087475,48.12994621033514,20.779696344078452,25.662073479087475,0.0006571297497474368,0.013104319076275702,0.050146043142151236
bfo-9f24106a164c4fa21e6f26f6f44af53710e057caa1ad7c0bfbc849cc874200f3,1762,25.6619605394316,47.836375695577594,20.78285785569831,25.6619605394316,0.0006561071479555881,0.013085517686792092,0.05013994582864932
bfo-9f24106a164c4fa21e6f26f6f44af53710e057caa1ad7c0bfbc849cc874200f3,1763,25.662995709372233,47.65619354843817,20.78691125357108,25.662995709372233,0.0006547214716056531,0.013064144568704835,0.0501159083292785
bfo-9f24106a164c4fa21e6f26f6f44af53710e057caa1ad7c0bfbc849cc874200f3,1764,25.662042187152117,47.79695250205829,20.783689889651395,25.662042187152117,0.0006557817426651829,0.013080651770460116,0.05013372071765775
bfo-9f24106a164c4fa21e6f26f6f44af53710e057caa1ad7c0bfbc849cc874200f3,1765,25.663310878609053,47.84642781523226,20.787685396937842,25.663310878609053,0.0006538708662996395,0.013058116389484937,0.05007390398405162
bfo-9f24106a164c4fa21e6f26f6f44af53710e057caa1ad7c0bfbc849cc874200f3,1766,25.66215528859613,47.87132898870298,20.7829235310348,25.66215528859613,0.0006559386601682873,0.01308549930172978,0.05012714035922025
bfo-9f24106a164c4fa21e6f26f6f44af53710e057caa1ad7c0bfbc849cc874200f3,1767,25.664817547303794,48.21774524963988,20.78919545651834,25.664817547303794,0.000653377454723566,0.01304952052347565,0.05006907752266927
bfo-9f24106a164c4fa21e6f26f6f44af53710e057caa1ad7c0bfbc849cc874200f3,1768,25.661928803801292,47.85256943371366,20.78269671155254,25.661928803801292,0.0006561753727858368,0.013085743945547984,0.05014429256114857
bfo-9f24106a164c4fa21e6f26f6f44af53710e057caa1ad7c0bfbc849cc874200f3,1769,25.66359807559533,48.02348957105083,20.787839486765957,25.66359807559533,0.0006540157465123602,0.013055227503747588,0.05009608192002941
bfo-9f24106a164c4fa21e6f26f6f44af53710e057caa1ad7c0bfbc849cc874200f3,1770,25.662044767272373,47.7856430333532,20.7834464277752,25.662044767272373,0.000655962127568819,0.013081699563580313,0.05014349430520705
bfo-9f24106a164c4fa21e6f26f6f44af53710e057caa1ad7c0bfbc849cc874200f3,1771,25.662196345335158,47.78035387072657,20.781142114635518,25.662196345335158,0.000657332058125876,0.013098352657792797,0.05018433044973787
bfo-9f24106a164c4fa21e6f26f6f44af53710e057caa1ad7c0bfbc849cc874200f3,1772,25.66235935497769,47.7604613879004,20.784984011950566,25.66235935497769,0.0006551742728627262,0.013073255493607923,0.05011561758148681
bfo-9f24106a164c4fa21e6f26f6f44af53710e057caa1ad7c0bfbc849cc874200f3,1773,25.66277719330083,47.83645079862243,20.787109130714345,25.66277719330083,0.000653858572214472,0.013059965602052961,0.05006587246383625
bfo-9f24106a164c4fa21e6f26f6f44af53710e057caa1ad7c0bfbc849cc874200f3,1774,25.662039380841126,47.86109431267012,20.783771572802525,25.662039380841126,0.0006555542566526064,0.013078995669162102,0.05012267556585284
bfo-9f24106a164c4fa21e6f26f6f44af53710e057caa1ad7c0bfbc849cc874200f3,1775,25.663211879176682,47.98967706569083,20.786603085792486,25.663211879176682,0.0006545222569343892,0.013063486455609525,0.050103183339186924
bfo-9f24106a164c4fa21e6f26f6f44af53710e057caa1ad7c0bfbc849cc874200f3,1776,25.661902311987433,47.82653899659375,20.78330490505559,25.661902311987433,0.0006559396531027673,0.01308162679249283,0.05014205522811522
bfo-9f24106a164c4fa21e6f26f6f44af53710e057caa1ad7c0bfbc849cc874200f3,1777,25.665762723856936,47.2128419598008,20.786538323477618,25.665762723856936,0.0006566784159313458,0.013086178781478773,0.050181067131740614
bfo-9f24106a164c4fa21e6f26f6f44af53710e057caa1ad7c0bfbc849cc874200f3,1778,25.661711833920048,47.88674727797936,20.78165145459831,25.661711833920048,0.0006566682377131691,0.013091058456772211,0.05016158470925353
bfo-9f24106a164c4fa21e6f26f6f44af53710e057caa1ad7c0bfbc849cc874200f3,1779,25.66281606824943,47.78398973712778,20.778989643356443,25.66281606824943,0.0006588188761267774,0.013115548725793546,0.05023189573693693
bfo-9f24106a164c4fa21e6f26f6f44af53710e057caa1ad7c0bfbc849cc874200f3,1780,25.661641473991384,47.922060740493535,20.781770924611582,25.661641473991384,0.0006564095791385228,0.013089509156265677,0.050147761180510966
bfo-9f24106a164c4fa21e6f26f6f44af53710e057caa1ad7c0bfbc849cc874200f3,1781,25.662954674663297,47.41717378729775,20.78544009780775,25.662954674663297,0.0006558115640996999,0.013077053609162757,0.05014979548911457
bfo-9f24106a164c4fa21e6f26f6f44af53710e057caa1ad7c0bfbc849cc874200f3,1782,25.661477153593435,47.944143607945946,20.781203790515782,25.661477153593435,0.000656652930961005,0.01309229226920054,0.05015568835915565
bfo-9f24106a164c4fa21e6f26f6f44af53710e057caa1ad7c0bfbc849cc874200f3,1783,25.662862141016184,47.380311473143266,20.784241062921698,25.662862141016184,0.0006567122018713982,0.013084970474218145,0.05018828305079826
bfo-9f24106a164c4fa21e6f26f6f44af53710e057caa1ad7c0bfbc849cc874200f3,1784,25.66155680651616,48.05143625663122,20.78198821434138,25.66155680651616,0.0006560114355775082,0.013085973539665407,0.05013088507240567
bfo-9f24106a164c4fa21e6f26f6f44af53710e057caa1ad7c0bfbc849cc874200f3,1785,25.663115752789345,48.362380650805974,20.779574722786275,25.663115752789345,0.0006573384034044271,0.013105608687913481,0.050157029639581026
bfo-9f24106a164c4fa21e6f26f6f44af53710e057caa1ad7c0bfbc849cc874200f3,1786,25.661218590441848,48.044016322086065,20.78094631739476,25.661218590441848,0.0006564734009721172,0.013091127970870902,0.05014643523711919
bfo-9f24106a164c4fa21e6f26f6f44af53710e057caa1ad7c0bfbc849cc874200f3,1787,25.662475032219337,48.30566305509768,20.779678225055704,25.662475032219337,0.00065727517929415,0.013102952904305546,0.05016237058122781
bfo-9f24106a164c4fa21e6f26f6f44af53710e057caa1ad7c0bfbc849cc874200f3,1788,25.66111844186173,48.055467566109186,20.78068959379482,25.66111844186173,0.0006565781107664239,0.013091736123351823,0.05015210393641229
bfo-9f24106a164c4fa21e6f26f6f44af53710e057caa1ad7c0bfbc849cc874200f3,1789,25.662299607212773,48.23304180496396,20.78281905805934,25.662299607212773,0.0006554242651407457,0.01307914670867969,0.050112157905973155
bfo-9f24106a164c4fa21e6f26f6f44af53710e057caa1ad7c0bfbc849cc874200f3,1790,25.660937914228654,48.00131664616076,20.781443379052984,25.660937914228654,0.0006563111642702555,0.01308607993477018,0.05015338187919924
bfo-9f24106a164c4fa21e6f26f6f44af53710e057caa1ad7c0bfbc849cc874200f3,1791,25.66310728457163,47.91021505380306,20.789058790782548,25.66310728457163,0.0006531539423147812,0.013045029493597397,0.05006918095780115
bfo-9f24106a164c4fa21e6f26f6f44af53710e057caa1ad7c0bfbc849cc874200f3,1792,25.661271579271556,47.96148096069135,20.78343931959444,25.661271579271556,0.0006554489702799568,0.01307437643436007,0.050132331248885144
bfo-9f24106a164c4fa21e6f26f6f44af53710e057caa1ad7c0bfbc849cc874200f3,1793,25.6608331448004,48.06287201817352,20.779221230601028,25.6608331448004,0.000657402712429544,0.013099306599265557,0.05018606957916405
bfo-9f24106a164c4fa21e6f26f6f44af53710e057caa1ad7c0bfbc849cc874200f3,1794,25.664084576409902,47.35698177320708,20.781634624007935,25.664084576409902,0.0006584910871609286,0.013108096130148489,0.05023544842995206
bfo-9f24106a164c4fa21e6f26f6f44af53710e057caa1ad7c0bfbc849cc874200f3,1795,25.6608913190182,48.04569973185627,20.779060684892823,25.6608913190182,0.0006575018628504856,0.013100995187442545,0.050187169252661715
bfo-9f24106a164c4fa21e6f26f6f44af53710e057caa1ad7c0bfbc849cc874200f3,1796,25.66409659709475,48.39888240793469,20.78564622042259,25.66409659709475,0.0006551254293194473,0.013063662927057875,0.05014867828245404
bfo-9f24106a164c4fa21e6f26f6f44af53710e057caa1ad7c0bfbc849cc874200f3,1797,25.661157101036284,48.1100225716442,20.778043223638825,25.661157101036284,0.0006581449585509414,0.013108063299808997,0.05020916847117541
bfo-9f24106a164c4fa21e6f26f6f44af53710e057caa1ad7c0bfbc849cc874200f3,1798,25.663147495320935,48.42698212118471,20.778015193016415,25.663147495320935,0.0006585624792959956,0.01311305338005068,0.050221901811052516
bfo-9f24106a164c4fa21e6f26f6f44af53710e057caa1ad7c0bfbc849cc874200f3,1799,25.660661834958848,48.00842850681229,20.77986802417611,25.660661834958848,0.0006570513635034911,0.013094503949399698,0.05017764445621575
bfo-9f24106a164c4fa21e6f26f6f44af53710e057caa1ad7c0bfbc849cc874200f3,1800,25.662626489367533,48.43947158344525,20.77966407625348,25.662626489367533,0.0006572149374937292,0.013098277008182389,0.05017567860896301
bfo-9f24106a164c4fa21e6f26f6f44af53710e057caa1ad7c0bfbc849cc874200f3,1801,25.660840469769536,48.0512735664028,20.78087779104483,25.660840469769536,0.0006565283115384942,0.013087711598487657,0.050163720876486836
bfo-9f24106a164c4fa21e6f26f6f44af53710e057caa1ad7c0bfbc849cc874200f3,1802,25.661093688999973,47.85441023054088,20.783380946798868,25.661093688999973,0.0006556615501576579,0.013074739963686398,0.050147196195005274
bfo-9f24106a164c4fa21e6f26f6f44af53710e057caa1ad7c0bfbc849cc874200f3,1803,25.660665007846163,47.98092205776911,20.780279966064548,25.660665007846163,0.0006568688032201644,0.013092155292267845,0.05017270178639781
bfo-9f24106a164c4fa21e6f26f6f44af53710e057caa1ad7c0bfbc849cc874200f3,1804,25.662503830184107,48.26928221121854,20.784507644080207,25.662503830184107,0.000655043689030944,0.013067422818515615,0.0501279937236586
bfo-9f24106a164c4fa21e6f26f6f44af53710e057caa1ad7c0bfbc849cc874200f3,1805,25.660536917900078,47.96286114999647,20.77869147960562,25.660536917900078,0.0006577847010823594,0.013102850922269389,0.05020164733496276
bfo-9f24106a164c4fa21e6f26f6f44af53710e057caa1ad7c0bfbc849cc874200f3,1806,25.662174000774968,48.25697912243294,20.77674921802716,25.662174000774968,0.0006594267199283692,0.013118175689153586,0.05026817261439779
bfo-9f24106a164c4fa21e6f26f6f44af53710e057caa1ad7c0bfbc849cc874200f3,1807,25.660892802397157,48.100596670212994,20.779965434221268,25.660892802397157,0.000657051428688191,0.013093665955568556,0.05018086080077185
bfo-9f24106a164c4fa21e6f26f6f44af53710e057caa1ad7c0bfbc849cc874200f3,1808,25.662982006018687,48.264650083441694,20.775281813416033,25.662982006018687,0.0006599647728007563,0.013132512675430145,0.05025426505283306
bfo-9f24106a164c4fa21e6f26f6f44af53710e057caa1ad7c0bfbc849cc874200f3,1809,25.66030711614578,47.91680307338002,20.778590726518953,25.66030711614578,0.0006578078642768875,0.013103343775199562,0.05020152684400354
bfo-9f24106a164c4fa21e6f26f6f44af53710e057caa1ad7c0bfbc849cc874200f3,1810,25.660363516371046,47.79604819064249,20.779150935975686,25.660363516371046,0.0006578130873890888,0.013101893134723064,0.05020748380596474
bfo-9f24106a164c4fa21e6f26f6f44af53710e057caa1ad7c0bfbc849cc874200f3,1811,25.660827460451845,47.94126571535333,20.778098899131603,25.660827460451845,0.0006583190905257902,0.013108718302621001,0.05021994334824967
bfo-9f24106a164c4fa21e6f26f6f44af53710e057caa1ad7c0bfbc849cc874200f3,1812,25.660510940587514,47.97846573667295,20.782033880438846,25.660510940587514,0.0006556383017753429,0.013079457462062445,0.05012733163260413
bfo-9f24106a164c4fa21e6f26f6f44af53710e057caa1ad7c0bfbc849cc874200f3,1813,25.660476920562626,48.021478435978594,20.77908666283693,25.660476920562626,0.0006575323923181782,0.013099332995901708,0.05019586818076123
bfo-9f24106a164c4fa21e6f26f6f44af53710e057caa1ad7c0bfbc849cc874200f3,1814,25.66052041703449,47.907918159770844,20.777416739957566,25.66052041703449,0.0006585268711127724,0.013112807445420534,0.050220128210816804
bfo-9f24106a164c4fa21e6f26f6f44af53710e057caa1ad7c0bfbc849cc874200f3,1815,25.660382363171927,47.897618752344144,20.778242728881803,25.660382363171927,0.0006580436350831266,0.013105984412692742,0.05020940162616336
bfo-9f24106a164c4fa21e6f26f6f44af53710e057caa1ad7c0bfbc849cc874200f3,1816,25.660457885910986,47.94390013893518,20.77943923360687,25.660457885910986,0.0006574643458712536,0.013097264906725033,0.05019859875733798
bfo-9f24106a164c4fa21e6f26f6f44af53710e057caa1ad7c0bfbc849cc874200f3,1817,25.660321506623323,48.01582208196106,20.779062225552817,25.660321506623323,0.000657313712806427,0.013099304218566222,0.050179284474879765
bfo-9f24106a164c4fa21e6f26f6f44af53710e057caa1ad7c0bfbc849cc874200f3,1818,25.659715437347167,48.0077623121373,20.778655465366434,25.659715437347167,0.0006571908635406019,0.013098839085756014,0.05017168767690617
bfo-9f24106a164c4fa21e6f26f6f44af53710e057caa1ad7c0bfbc849cc874200f3,1819,25.659909810079554,47.972179205211674,20.778084627463656,25.659909810079554,0.0006576710703368646,0.013103852418520023,0.05018913898994776
bfo-9f24106a164c4fa21e6f26f6f44af53710e057caa1ad7c0bfbc849cc874200f3,1820,25.659727093430565,48.04014888967894,20.77872728386609,25.659727093430565,0.0006569745289173425,0.013098418781063121,0.050156781509166234
bfo-9f24106a164c4fa21e6f26f6f44af53710e057caa1ad7c0bfbc849cc874200f3,1821,25.660094301709155,47.97391535006568,20.78081036783148,25.660094301709155,0.0006560482543703646,0.013086430221875903,0.050131949144823544
bfo-9f24106a164c4fa21e6f26f6f44af53710e057caa1ad7c0bfbc849cc874200f3,1822,25.659549874356422,47.94788510883643,20.77865299809189,25.659549874356422,0.0006571741820965264,0.013099042413063729,0.05016963541099186
bfo-9f24106a164c4fa21e6f26f6f44af53710e057caa1ad7c0bfbc849cc874200f3,1823,25.65978981989904,48.064203080193806,20.779168188571948,25.65978981989904,0.0006569243303807026,0.013095503975315543,0.05016411217307684
bfo-9f24106a164c4fa21e6f26f6f44af53710e057caa1ad7c0bfbc849cc874200f3,1824,25.659505984025937,47.97520083802725,20.777808684590855,25.659505984025937,0.0006575776778124454,0.013104409810837235,0.05017987740803361
bfo-9f24106a164c4fa21e6f26f6f44af53710e057caa1ad7c0bfbc849cc874200f3,1825,25.65976358582588,47.954199611065334,20.77775848264047,25.65976358582588,0.00065776316376601,0.013106342147453775,0.050186631507540526
bfo-9f24106a164c4fa21e6f26f6f44af53710e057caa1ad7c0bfbc849cc874200f3,1826,25.659398375937517,47.87415804400669,20.778268422617167,25.659398375937517,0.0006573533162996201,0.013102396475538366,0.050170464428157986
bfo-9f24106a164c4fa21e6f26f6f44af53710e057caa1ad7c0bfbc849cc874200f3,1827,25.659964129459286,47.80628873437284,20.781643998532665,25.659964129459286,0.000655858907228291,0.013082867331396119,0.05013112879730639
bfo-9f24106a164c4fa21e6f26f6f44af53710e057caa1ad7c0bfbc849cc874200f3,1828,25.65937582080748,47.848703401164784,20.778511263846124,25.65937582080748,0.0006572130019436222,0.01310095498630583,0.050165274411719904
bfo-9f24106a164c4fa21e6f26f6f44af53710e057caa1ad7c0bfbc849cc874200f3,1829,25.659272106879015,47.66269711390527,20.778926310259774,25.659272106879015,0.0006573826235761104,0.013100019717564169,0.050181804130776136
bfo-9f24106a164c4fa21e6f26f6f44af53710e057caa1ad7c0bfbc849cc874200f3,1830,25.659900106970053,47.451112132444415,20.781011406411917,25.659900106970053,0.0006567677285275773,0.013091691607008798,0.050166758295464936
bfo-9f24106a164c4fa21e6f26f6f44af53710e057caa1ad7c0bfbc849cc874200f3,1831,25.658916313113668,47.85715743614723,20.77821470631258,25.658916313113668,0.0006574191892682742,0.013100408837091022,0.050183104775091567
bfo-9f24106a164c4fa21e6f26f6f44af53710e057caa1ad7c0bfbc849cc874200f3,1832,25.658949936028772,48.011412960220426,20.778683643014297,25.658949936028772,0.0006567916579614919,0.013094910335710938,0.050156254691593044
bfo-9f24106a164c4fa21e6f26f6f44af53710e057caa1ad7c0bfbc849cc874200f3,1833,25.65908646296188,47.77950040222423,20.77955167925075,25.65908646296188,0.0006566801430069233,0.013093169999832652,0.05015440439674399
bfo-9f24106a164c4fa21e6f26f6f44af53710e057caa1ad7c0bfbc849cc874200f3,1834,25.659836079219115,48.17150750143006,20.77920225520357,25.659836079219115,0.0006567894474528675,0.013093214382228442,0.05016258256218081
bfo-9f24106a164c4fa21e6f26f6f44af53710e057caa1ad7c0bfbc849cc874200f3,1835,25.658939499625138,47.8965097295609,20.77938101897198,25.658939499625138,0.0006567680749008743,0.013091541896671012,0.05016735844292572
bfo-9f24106a164c4fa21e6f26f6f44af53710e057caa1ad7c0bfbc849cc874200f3,1836,25.65876927102901,47.815130114998574,20.776788429348997,25.65876927102901,0.0006579901506646517,0.013110545307653468,0.05018785528932504
bfo-9f24106a164c4fa21e6f26f6f44af53710e057caa1ad7c0bfbc849cc874200f3,1837,25.660089868291678,47.51991915940627,20.777588383979158,25.660089868291678,0.0006586649285362355,0.013114546783771395,0.050223994728609375
bfo-9f24106a164c4fa21e6f26f6f44af53710e057caa1ad7c0bfbc849cc874200f3,1838,25.65868625694885,47.93367962001394,20.777321273367324,25.65868625694885,0.0006574349556882027,0.013104767438836777,0.05016761714823371
bfo-9f24106a164c4fa21e6f26f6f44af53710e057caa1ad7c0bfbc849cc874200f3,1839,25.658977766027945,47.946806663522274,20.775884155137664,25.658977766027945,0.0006581203172791998,0.013116410365755752,0.05017533752965037
bfo-9f24106a164c4fa21e6f26f6f44af53710e057caa1ad7c0bfbc849cc874200f3,1840,25.658768060395538,47.75695941497171,20.777542965284702,25.658768060395538,0.0006574991034933929,0.01310632668469248,0.05016654317500862
bfo-9f24106a164c4fa21e6f26f6f44af53710e057caa1ad7c0bfbc849cc874200f3,1841,25.658682615937707,47.99490164055699,20.777500548111338,25.658682615937707,0.0006573444100511246,0.013102427783634069,0.05016966480610546
bfo-9f24106a164c4fa21e6f26f6f44af53710e057caa1ad7c0bfbc849cc874200f3,1842,25.65963852533402,47.89768301517678,20.78234926423484,25.65963852533402,0.0006552255621975477,0.013074996929199504,0.05011286547488794
bfo-9f24106a164c4fa21e6f26f6f44af53710e057caa1ad7c0bfbc849cc874200f3,1843,25.65908764223712,48.11423393274536,20.776916547291933,25.65908764223712,0.0006576106045820513,0.013106328117510816,0.05017504511453863
bfo-9f24106a164c4fa21e6f26f6f44af53710e057caa1ad7c0bfbc849cc874200f3,1844,25.65906731594241,48.16586845919089,20.777814336308918,25.65906731594241,0.0006571381041676947,0.01309969343112194,0.05016438801586621
bfo-9f24106a164c4fa21e6f26f6f44af53710e057caa1ad7c0bfbc849cc874200f3,1845,25.65881993985559,48.0121511695308,20.777415329508628,25.65881993985559,0.0006574203004477049,0.013103012694961157,0.05017321708774043
bfo-9f24106a164c4fa21e6f26f6f44af53710e057caa1ad7c0bfbc849cc874200f3,1846,25.65883690779391,48.085325333933255,20.776324988742125,25.65883690779391,0.0006579649309316484,0.013110517362451505,0.050186038639181293
bfo-9f24106a164c4fa21e6f26f6f44af53710e057caa1ad7c0bfbc849cc874200f3,1847,25.65881929847498,47.98706407799925,20.778907699728517,25.65881929847498,0.000656669980870364,0.013093729000655883,0.050151487084960325
bfo-9f24106a164c4fa21e6f26f6f44af53710e057caa1ad7c0bfbc849cc874200f3,1848,25.65884890540817,47.610562479619084,20.776511305769194,25.65884890540817,0.0006584165309459691,0.013115681315349518,0.05020071127951336
bfo-9f24106a164c4fa21e6f26f6f44af53710e057caa1ad7c0bfbc849cc874200f3,1849,25.65901477016726,48.06867172502566,20.778185210410314,25.65901477016726,0.0006568943990404954,0.013098354606637047,0.05015090969575991
bfo-9f24106a164c4fa21e6f26f6f44af53710e057caa1ad7c0bfbc849cc874200f3,1850,25.658566292153047,47.92207511950379,20.774792836096765,25.658566292153047,0.0006588610858844302,0.013121592654934261,0.05021197526937945
bfo-9f24106a164c4fa21e6f26f6f44af53710e057caa1ad7c0bfbc849cc874200f3,1851,25.65867895703732,47.82017822304347,20.77500462952391,25.65867895703732,0.0006590304700534121,0.013121650494966722,0.05022466269058201
bfo-9f24106a164c4fa21e6f26f6f44af53710e057caa1ad7c0bfbc849cc874200f3,1852,25.658378417495534,47.94754783919304,20.776280379458207,25.658378417495534,0.0006579024933700898,0.013110215884490071,0.05018243018777561
bfo-9f24106a164c4fa21e6f26f6f44af53710e057caa1ad7c0bfbc849cc874200f3,1853,25.658110314701727,47.96881981549426,20.775518406437143,25.658110314701727,0.0006580337367243307,0.013114824342627618,0.05017480368269198
bfo-9f24106a164c4fa21e6f26f6f44af53710e057caa1ad7c0bfbc849cc874200f3,1854,25.65792610943501,47.8163354599195,20.777707558668393,25.65792610943501,0.000656598313537251,0.013101003954964491,0.050118167721675995
bfo-9f24106a164c4fa21e6f26f6f44af53710e057caa1ad7c0bfbc849cc874200f3,1855,25.657957881209068,47.88413662962986,20.777588020944847,25.657957881209068,0.0006563940771386189,0.013101232833156375,0.050101703060907984
bfo-9f24106a164c4fa21e6f26f6f44af53710e057caa1ad7c0bfbc849cc874200f3,1856,25.657817948144537,47.93776808727945,20.776550692825143,25.657817948144537,0.0006569438881623453,0.01310709859491345,0.05012122884444384
bfo-9f24106a164c4fa21e6f26f6f44af53710e057caa1ad7c0bfbc849cc874200f3,1857,25.65806581435253,47.98786052902082,20.77654046836813,25.65806581435253,0.0006567504097318245,0.01310732991211824,0.05010558322215061
bfo-9f24106a164c4fa21e6f26f6f44af53710e057caa1ad7c0bfbc849cc874200f3,1858,25.657955511974496,48.059060125299865,20.775969490963572,25.657955511974496,0.0006570128605551119,0.013110243906464529,0.05011446508871932
bfo-9f24106a164c4fa21e6f26f6f44af53710e057caa1ad7c0bfbc849cc874200f3,1859,25.657581983580297,47.85875146223057,20.777757204265853,25.657581983580297,0.0006564850020377237,0.013098266012035068,0.0501199930917975
bfo-9f24106a164c4fa21e6f26f6f44af53710e057caa1ad7c0bfbc849cc874200f3,1860,25.65735875512032,48.03071378350869,20.77600652358598,25.65735875512032,0.0006571732012597783,0.013107104867004902,0.05013870018802624
bfo-9f24106a164c4fa21e6f26f6f44af53710e057caa1ad7c0bfbc849cc874200f3,1861,25.657247221853538,47.99152275176114,20.775784694143965,25.657247221853538,0.0006573952146206207,0.013108628372683291,0.05014980941793639
bfo-9f24106a164c4fa21e6f26f6f44af53710e057caa1ad7c0bfbc849cc874200f3,1862,25.65782118691514,47.64072881797533,20.775275044498564,25.65782118691514,0.0006583256416521561,0.013120192422931127,0.05017652336421163
bfo-9f24106a164c4fa21e6f26f6f44af53710e057caa1ad7c0bfbc849cc874200f3,1863,25.65723624138675,47.78005481614032,20.776963830037555,25.65723624138675,0.0006571150690387597,0.013103573687964436,0.05014777530822118
bfo-9f24106a164c4fa21e6f26f6f44af53710e057caa1ad7c0bfbc849cc874200f3,1864,25.658926839383387,47.74792803622596,20.782841191193253,25.658926839383387,0.0006546896915071802,0.013071226244397332,0.050086325434677344
bfo-9f24106a164c4fa21e6f26f6f44af53710e057caa1ad7c0bfbc849cc874200f3,1865,25.657028606809124,47.792095962014045,20.776107663925234,25.657028606809124,0.0006574421235790443,0.013108062657849775,0.05015555240616236
bfo-9f24106a164c4fa21e6f26f6f44af53710e057caa1ad7c0bfbc849cc874200f3,1866,25.657724577147857,47.957506522964295,20.771248973980178,25.657724577147857,0.0006598351939430668,0.013142083450133764,0.050207807342476644
bfo-9f24106a164c4fa21e6f26f6f44af53710e057caa1ad7c0bfbc849cc874200f3,1867,25.65745892347141,47.59035229733152,20.777294737887235,25.65745892347141,0.0006571484838737857,0.013104863458108441,0.050145389608556724
bfo-9f24106a164c4fa21e6f26f6f44af53710e057caa1ad7c0bfbc849cc874200f3,1868,25.662664374029124,47.164847988886095,20.779724096267174,25.662664374029124,0.0006587723506381741,0.013118207664095936,0.05021816756577275
bfo-9f24106a164c4fa21e6f26f6f44af53710e057caa1ad7c0bfbc849cc874200f3,1869,25.656970767971284,47.859216127924384,20.775950668221164,25.656970767971284,0.0006574376366602413,0.013107598757997453,0.050156985180761136
bfo-9f24106a164c4fa21e6f26f6f44af53710e057caa1ad7c0bfbc849cc874200f3,1870,25.659134531608565,48.200733045553115,20.78038093721862,25.659134531608565,0.0006556736676895049,0.013080638219341783,0.05012551044489466
bfo-9f24106a164c4fa21e6f26f6f44af53710e057caa1ad7c0bfbc849cc874200f3,1871,25.656995268547526,47.76590050770906,20.7764042430755,25.656995268547526,0.0006572787078291026,0.013106152049173604,0.050150395429797164
bfo-9f24106a164c4fa21e6f26f6f44af53710e057caa1ad7c0bfbc849cc874200f3,1872,25.657603549935608,47.87899351044041,20.77932578682167,25.657603549935608,0.0006555726047443555,0.01308737108608697,0.050092000939843985
bfo-9f24106a164c4fa21e6f26f6f44af53710e057caa1ad7c0bfbc849cc874200f3,1873,25.65718214761432,47.97326224621055,20.7764361627199,25.65718214761432,0.0006570805026131247,0.01310352880571599,0.05014530912669071
bfo-9f24106a164c4fa21e6f26f6f44af53710e057caa1ad7c0bfbc849cc874200f3,1874,25.65696272374477,47.75036712277896,20.7766961713022,25.65696272374477,0.0006571153878374163,0.013103668265744923,0.050147437687751956
bfo-9f24106a164c4fa21e6f26f6f44af53710e057caa1ad7c0bfbc849cc874200f3,1875,25.656854236459576,47.782805249197054,20.7745837374387,25.656854236459576,0.000657944194440779,0.013117497154436048,0.05015775392932155
bfo-9f24106a164c4fa21e6f26f6f44af53710e057caa1ad7c0bfbc849cc874200f3,1876,25.657392623408324,47.748870892177976,20.774079727951396,25.657392623408324,0.0006586962342696778,0.013122696589360798,0.05019518890680705
bfo-9f24106a164c4fa21e6f26f6f44af53710e057caa1ad7c0bfbc849cc874200f3,1877,25.65671153168578,47.74720062430825,20.77569507080125,25.65671153168578,0.0006572584730053277,0.013109716080823753,0.05013521795233484
bfo-9f24106a164c4fa21e6f26f6f44af53710e057caa1ad7c0bfbc849cc874200f3,1878,25.656862168166136,48.008603850927045,20.77554023107654,25.656862168166136,0.0006571369569221382,0.013108373377158297,0.050131083240825096
bfo-9f24106a164c4fa21e6f26f6f44af53710e057caa1ad7c0bfbc849cc874200f3,1879,25.656953360304385,47.65315028394357,20.77591065323607,25.656953360304385,0.0006574161678743348,0.013110688819889799,0.05014352616446744
bfo-9f24106a164c4fa21e6f26f6f44af53710e057caa1ad7c0bfbc849cc874200f3,1880,25.65677657022535,47.77429862915783,20.776109186282103,25.65677657022535,0.0006567973335223803,0.013107401446964652,0.050108889712421084
bfo-9f24106a164c4fa21e6f26f6f44af53710e057caa1ad7c0bfbc849cc874200f3,1881,25.65710655204778,47.6275748670058,20.777007427249423,25.65710655204778,0.0006568986436620873,0.013104217932666128,0.05012879418195371
bfo-9f24106a164c4fa21e6f26f6f44af53710e057caa1ad7c0bfbc849cc874200f3,1882,25.656764413375722,47.97629395899537,20.77427438386489,25.656764413375722,0.0006577257081936867,0.013117054996056724,0.05014278802607853
bfo-9f24106a164c4fa21e6f26f6f44af53710e057caa1ad7c0bfbc849cc874200f3,1883,25.65688483355902,47.75019911040985,20.77716804353868,25.65688483355902,0.0006564381087570318,0.013100005871127994,0.050109756836353866
bfo-9f24106a164c4fa21e6f26f6f44af53710e057caa1ad7c0bfbc849cc874200f3,1884,25.656945186412063,47.734193152357086,20.773673103593353,25.656945186412063,0.0006583879250329998,0.013124815540018738,0.05016359453018719
bfo-9f24106a164c4fa21e6f26f6f44af53710e057caa1ad7c0bfbc849cc874200f3,1885,25.65679757942686,47.692310422348044,20.775631676490722,25.65679757942686,0.0006575102276816859,0.013111290861313383,0.050148397639606775
bfo-9f24106a164c4fa21e6f26f6f44af53710e057caa1ad7c0bfbc849cc874200f3,1886,25.657578087057917,48.110208265947236,20.77239875702192,25.657578087057917,0.0006589121705338961,0.01313128130321595,0.05017881768876001
bfo-9f24106a164c4fa21e6f26f6f44af53710e057caa1ad7c0bfbc849cc874200f3,1887,25.65708843508059,47.65459202702742,20.77717331581334,25.65708843508059,0.0006564512116595532,0.013103050377333376,0.05009911377545575
bfo-9f24106a164c4fa21e6f26f6f44af53710e057caa1ad7c0bfbc849cc874200f3,1888,25.657324697308553,48.078586538626894,20.777270117291604,25.657324697308553,0.0006560852956072963,0.013096706903257692,0.05009544005631681
bfo-9f24106a164c4fa21e6f26f6f44af53710e057caa1ad7c0bfbc849cc874200f3,1889,25.656636563991295,47.82639797856651,20.774803413009433,25.656636563991295,0.0006574563112027146,0.013114495526392503,0.050132032137996066
bfo-9f24106a164c4fa21e6f26f6f44af53710e057caa1ad7c0bfbc849cc874200f3,1890,25.657463854670922,48.22735637611673,20.77323332007714,25.657463854670922,0.0006579120307860954,0.013122708054071357,0.050135385781288976
bfo-9f24106a164c4fa21e6f26f6f44af53710e057caa1ad7c0bfbc849cc874200f3,1891,25.65648994828657,47.952620524311335,20.774609174692465,25.65648994828657,0.0006572487678678608,0.013113448164927249,0.05012020939128081
bfo-9f24106a164c4fa21e6f26f6f44af53710e057caa1ad7c0bfbc849cc874200f3,1892,25.657817394862086,48.19187416559293,20.778392172908358,25.657817394862086,0.000655498039698226,0.013089807954315268,0.05007697912650662
bfo-9f24106a164c4fa21e6f26f6f44af53710e057caa1ad7c0bfbc849cc874200f3,1893,25.65648094797646,48.00993489450563,20.774539561998946,25.65648094797646,0.0006571060498396509,0.013113183662670815,0.05011033679870045
bfo-9f24106a164c4fa21e6f26f6f44af53710e057caa1ad7c0bfbc849cc874200f3,1894,25.658309080514307,48.365052185487464,20.771915127669686,25.658309080514307,0.0006591419616522053,0.013133043196520344,0.0501895830074516
bfo-9f24106a164c4fa21e6f26f6f44af53710e057caa1ad7c0bfbc849cc874200f3,1895,25.656313723231893,47.98472229801553,20.774102299155828,25.656313723231893,0.0006573884597768018,0.013115822962322509,0.050121785088535036
bfo-9f24106a164c4fa21e6f26f6f44af53710e057caa1ad7c0bfbc849cc874200f3,1896,25.656252593453665,47.79842134280141,20.7731850533034,25.656252593453665,0.0006579625832296727,0.013124777931461846,0.05013133072921931
bfo-9f24106a164c4fa21e6f26f6f44af53710e057caa1ad7c0bfbc849cc874200f3,1897,25.655992665630315,47.74820560681036,20.77481412865943,25.655992665630315,0.0006568130155679437,0.013113482316928621,0.050086849525853426
bfo-9f24106a164c4fa21e6f26f6f44af53710e057caa1ad7c0bfbc849cc874200f3,1898,25.6605639810005,47.279494352892684,20.77632337027753,25.6605639810005,0.0006585725064812951,0.013131157656264006,0.0501534231574117
bfo-9f24106a164c4fa21e6f26f6f44af53710e057caa1ad7c0bfbc849cc874200f3,1899,25.656115963488944,47.81760668123516,20.773498858908884,25.656115963488944,0.0006575371352756106,0.013121861616888872,0.05011004950923339
bfo-9f24106a164c4fa21e6f26f6f44af53710e057caa1ad7c0bfbc849cc874200f3,1900,25.656974193253397,47.84962570347653,20.7795866311672,25.656974193253397,0.0006546354556239891,0.013083395382619135,0.05003559370327148
bfo-9f24106a164c4fa21e6f26f6f44af53710e057caa1ad7c0bfbc849cc874200f3,1901,25.656083978493136,47.67991200782191,20.77434322992922,25.656083978493136,0.0006572012244959322,0.013117832031344933,0.05009983531772295
bfo-9f24106a164c4fa21e6f26f6f44af53710e057caa1ad7c0bfbc849cc874200f3,1902,25.65624269664754,47.91019750756952,20.776201629503557,25.65624269664754,0.0006559739541584862,0.013102809206137357,0.05006361184372798
bfo-9f24106a164c4fa21e6f26f6f44af53710e057caa1ad7c0bfbc849cc874200f3,1903,25.656542091495897,47.61783836524116,20.77614443363727,25.656542091495897,0.0006564287106434582,0.01310890561060849,0.05007502000107757
bfo-9f24106a164c4fa21e6f26f6f44af53710e057caa1ad7c0bfbc849cc874200f3,1904,25.656101408640794,47.933303799550984,20.776036742025504,25.656101408640794,0.000655946734592121,0.013102941770109011,0.050061027981402974
bfo-9f24106a164c4fa21e6f26f6f44af53710e057caa1ad7c0bfbc849cc874200f3,1905,25.65601225532573,47.832784501435626,20.775398239593905,25.65601225532573,0.0006563617501075353,0.013107968037991207,0.05007349332903337
bfo-9f24106a164c4fa21e6f26f6f44af53710e057caa1ad7c0bfbc849cc874200f3,1906,25.65618218366068,47.73503651527001,20.77400813227577,25.65618218366068,0.0006570590896121917,0.013121006620569461,0.050076881188531465
bfo-9f24106a164c4fa21e6f26f6f44af53710e057caa1ad7c0bfbc849cc874200f3,1907,25.655958841668618,47.75033051532915,20.774172584626175,25.655958841668618,0.0006572569042492982,0.013117725197133891,0.05010448796357642
bfo-9f24106a164c4fa21e6f26f6f44af53710e057caa1ad7c0bfbc849cc874200f3,1908,25.65635401012507,47.701813579944975,20.77738757485381,25.65635401012507,0.0006557556183419951,0.013098081173345178,0.05006501407828111
bfo-9f24106a164c4fa21e6f26f6f44af53710e057caa1ad7c0bfbc849cc874200f3,1909,25.655864284274987,47.81418630607208,20.77374971759801,25.655864284274987,0.0006574102578899623,0.013119483631971227,0.05010946134251057
bfo-9f24106a164c4fa21e6f26f6f44af53710e057caa1ad7c0bfbc849cc874200f3,1910,25.655891818792497,47.945524901383834,20.772910351373397,25.655891818792497,0.000657839400372259,0.013123310480281711,0.05012754985570817
bfo-9f24106a164c4fa21e6f26f6f44af53710e057caa1ad7c0bfbc849cc874200f3,1911,25.656019011838428,47.88744880313463,20.772728095311365,25.656019011838428,0.0006579205536617893,0.013126314342531515,0.05012226101656072
bfo-9f24106a164c4fa21e6f26f6f44af53710e057caa1ad7c0bfbc849cc874200f3,1912,25.656801967939536,47.566603807560725,20.776815009287393,25.656801967939536,0.0006567478194473079,0.013105457992897652,0.05011254240814969
bfo-9f24106a164c4fa21e6f26f6f44af53710e057caa1ad7c0bfbc849cc874200f3,1913,25.655720581283695,47.745521758154,20.774062468404377,25.655720581283695,0.0006572119210055556,0.013117356714929355,0.05010246616664454
bfo-9f24106a164c4fa21e6f26f6f44af53710e057caa1ad7c0bfbc849cc874200f3,1914,25.657433324664822,47.768727775796336,20.781298299593058,25.657433324664822,0.0006540443469949759,0.013075115016994002,0.05002207216876492
bfo-9f24106a164c4fa21e6f26f6f44af53710e057caa1ad7c0bfbc849cc874200f3,1915,25.656163134979924,47.62124653474248,20.77510522237239,25.656163134979924,0.0006570051283047004,0.01311403871189563,0.05009937386479855
bfo-9f24106a164c4fa21e6f26f6f44af53710e057caa1ad7c0bfbc849cc874200f3,1916,25.6563746390504,47.67972649430287,20.772824145106096,25.6563746390504,0.0006579188238060711,0.013130655942376059,0.0501055565459449
bfo-9f24106a164c4fa21e6f26f6f44af53710e057caa1ad7c0bfbc849cc874200f3,1917,25.655726726557415,47.71464501000861,20.77553455480051,25.655726726557415,0.0006562904622053682,0.013107867232262104,0.050068439859541375
bfo-9f24106a164c4fa21e6f26f6f44af53710e057caa1ad7c0bfbc849cc874200f3,1918,25.65570572992524,47.988751530686386,20.774584614926347,25.65570572992524,0.0006564150171748919,0.013110307214031558,0.05006862207411517
bfo-9f24106a164c4fa21e6f26f6f44af53710e057caa1ad7c0bfbc849cc874200f3,1919,25.65595453741888,48.16524278497275,20.773139776148987,25.65595453741888,0.0006571190848111637,0.013119052608834355,0.050088913003417675
bfo-9f24106a164c4fa21e6f26f6f44af53710e057caa1ad7c0bfbc849cc874200f3,1920,25.655734875164494,47.79536030548026,20.775616273356345,25.655734875164494,0.0006561447542487224,0.01310563986470476,0.05006583127740355
bfo-9f24106a164c4fa21e6f26f6f44af53710e057caa1ad7c0bfbc849cc874200f3,1921,25.65673593945258,48.30301877311175,20.774333428944445,25.65673593945258,0.0006562991388260368,0.01311162259366385,0.0500547612728871
bfo-9f24106a164c4fa21e6f26f6f44af53710e057caa1ad7c0bfbc849cc874200f3,1922,25.65577621658666,47.96636856023693,20.772642000076402,25.65577621658666,0.0006576308198335783,0.013124173813403625,0.050108359519129855
bfo-9f24106a164c4fa21e6f26f6f44af53710e057caa1ad7c0bfbc849cc874200f3,1923,25.655849962640126,47.62808321273624,20.776897396485445,25.655849962640126,0.0006554973998165169,0.013100425068338474,0.05003634587405442
bfo-9f24106a164c4fa21e6f26f6f44af53710e057caa1ad7c0bfbc849cc874200f3,1924,25.655737788740435,48.08019629256316,20.773910430936688,25.655737788740435,0.0006566159620753078,0.01311401972111016,0.05006977082841556
bfo-9f24106a164c4fa21e6f26f6f44af53710e057caa1ad7c0bfbc849cc874200f3,1925,25.658921380075284,48.38640056097893,20.779557481570013,25.658921380075284,0.000654790975541408,0.01308328663914916,0.05004789649582964
bfo-9f24106a164c4fa21e6f26f6f44af53710e057caa1ad7c0bfbc849cc874200f3,1926,25.65589190489252,47.93193145730164,20.776229869060842,25.65589190489252,0.0006555974543120208,0.013100427083278769,0.05004397567685542
bfo-9f24106a164c4fa21e6f26f6f44af53710e057caa1ad7c0bfbc849cc874200f3,1927,25.655656024971726,48.00323665602471,20.774529214890148,25.655656024971726,0.0006563133307721363,0.013110009970662414,0.05006200088640928
bfo-9f24106a164c4fa21e6f26f6f44af53710e057caa1ad7c0bfbc849cc874200f3,1928,25.655607921795962,47.985244783659965,20.77349509556809,25.655607921795962,0.0006569225587821462,0.013116950494116614,0.05008195762245178
bfo-9f24106a164c4fa21e6f26f6f44af53710e057caa1ad7c0bfbc849cc874200f3,1929,25.65794961125785,47.538550145375844,20.772403573074687,25.65794961125785,0.0006590176048935322,0.01314262934652564,0.05014351295448721
bfo-9f24106a164c4fa21e6f26f6f44af53710e057caa1ad7c0bfbc849cc874200f3,1930,25.656035123017325,48.00068337897849,20.77597651573994,25.656035123017325,0.000655643850759367,0.013101725396277037,0.05004255782567948
bfo-9f24106a164c4fa21e6f26f6f44af53710e057caa1ad7c0bfbc849cc874200f3,1931,25.65568811400859,47.83292679044456,20.77580243399288,25.65568811400859,0.0006559102069439964,0.013103901646471001,0.050054573411777624
bfo-9f24106a164c4fa21e6f26f6f44af53710e057caa1ad7c0bfbc849cc874200f3,1932,25.655893140403865,48.05205872672388,20.7724527107095,25.655893140403865,0.0006575469947225027,0.01312451981181927,0.050100651616248056
bfo-9f24106a164c4fa21e6f26f6f44af53710e057caa1ad7c0bfbc849cc874200f3,1933,25.658038730137577,48.51018637656017,20.772982778688046,25.658038730137577,0.0006571393632814754,0.01312497185641973,0.05006786837108936
bfo-9f24106a164c4fa21e6f26f6f44af53710e057caa1ad7c0bfbc849cc874200f3,1934,25.65624299986937,48.14229450065514,20.77222599785701,25.65624299986937,0.0006577243195837102,0.013126362023971352,0.05010712933123242
bfo-9f24106a164c4fa21e6f26f6f44af53710e057caa1ad7c0bfbc849cc874200f3,1935,25.656297230635488,47.66575511472688,20.773377681004476,25.656297230635488,0.0006578703716878467,0.01312518181916508,0.05012276254544832
bfo-9f24106a164c4fa21e6f26f6f44af53710e057caa1ad7c0bfbc849cc874200f3,1936,25.65615658409799,48.043580800604225,20.774322582226258,25.65615658409799,0.0006565263755935856,0.013113426538527442,0.05006520406124984
bfo-9f24106a164c4fa21e6f26f6f44af53710e057caa1ad7c0bfbc849cc874200f3,1937,25.656803194351845,47.938531706861994,20.7788903148263,25.656803194351845,0.0006546759339873258,0.01308595252248152,0.050028909463227834
bfo-9f24106a164c4fa21e6f26f6f44af53710e057caa1ad7c0bfbc849cc874200f3,1938,25.657019863061027,48.33806360120813,20.773568780353695,25.657019863061027,0.0006569127178094016,0.0131175163925261,0.050079046837226554
bfo-9f24106a164c4fa21e6f26f6f44af53710e057caa1ad7c0bfbc849cc874200f3,1939,25.655963756518553,47.907317960522306,20.770714508414958,25.655963756518553,0.0006591096061346729,0.013137644754694307,0.050169540921645155
bfo-9f24106a164c4fa21e6f26f6f44af53710e057caa1ad7c0bfbc849cc874200f3,1940,25.6555601877008,47.892463294899066,20.77429035261395,25.6555601877008,0.0006566034060345978,0.013111916867560185,0.05007684327675089
bfo-9f24106a164c4fa21e6f26f6f44af53710e057caa1ad7c0bfbc849cc874200f3,1941,25.655753868545638,47.78845144622716,20.77256691195373,25.655753868545638,0.0006577843763796793,0.013127683657289002,0.050106659602088426
bfo-9f24106a164c4fa21e6f26f6f44af53710e057caa1ad7c0bfbc849cc874200f3,1942,25.65549810833507,47.96269810942872,20.77318881271416,25.65549810833507,0.0006569827561131728,0.013118333450604846,0.05008126669343668
bfo-9f24106a164c4fa21e6f26f6f44af53710e057caa1ad7c0bfbc849cc874200f3,1943,25.65590595211556,48.011604743168,20.77431677340055,25.65590595211556,0.0006562412640588558,0.013111920203974461,0.050049211240618834
bfo-9f24106a164c4fa21e6f26f6f44af53710e057caa1ad7c0bfbc849cc874200f3,1944,25.655707957633336,47.96312198540813,20.774856511415898,25.655707957633336,0.0006561264141900072,0.01310766069351426,0.05005671336264159
bfo-9f24106a164c4fa21e6f26f6f44af53710e057caa1ad7c0bfbc849cc874200f3,1945,25.65570810114161,47.78300897345288,20.77571978606173,25.65570810114161,0.0006557573064863284,0.013105420894018786,0.05003710386635587
bfo-9f24106a164c4fa21e6f26f6f44af53710e057caa1ad7c0bfbc849cc874200f3,1946,25.655625792107326,47.91788523871569,20.772371607228905,25.655625792107326,0.000657675461932583,0.013125242140744914,0.05010768219589259
bfo-9f24106a164c4fa21e6f26f6f44af53710e057caa1ad7c0bfbc849cc874200f3,1947,25.655497176995077,47.70527371264204,20.77362769338434,25.655497176995077,0.0006570389217648037,0.013118210054378425,0.0500860192847351
bfo-9f24106a164c4fa21e6f26f6f44af53710e057caa1ad7c0bfbc849cc874200f3,1948,25.655688828713156,47.86190940544792,20.772285898491322,25.655688828713156,0.0006575486259983782,0.013126170803075935,0.050094474303525816
bfo-9f24106a164c4fa21e6f26f6f44af53710e057caa1ad7c0bfbc849cc874200f3,1949,25.655420294317214,47.671696712935955,20.773794499929505,25.655420294317214,0.0006569123970250995,0.01311750306054182,0.05007907328042702
bfo-9f24106a164c4fa21e6f26f6f44af53710e057caa1ad7c0bfbc849cc874200f3,1950,25.655708742627912,47.61127235984429,20.774791909634843,25.655708742627912,0.0006566113057715502,0.013112603613116456,0.05007482305914792
bfo-9f24106a164c4fa21e6f26f6f44af53710e057caa1ad7c0bfbc849cc874200f3,1951,25.655036193918626,47.75349360136431,20.773763026042435,25.655036193918626,0.0006565369923936667,0.013114693582337189,0.05006117666964692
bfo-9f24106a164c4fa21e6f26f6f44af53710e057caa1ad7c0bfbc849cc874200f3,1952,25.65480782009411,47.84329768001922,20.77391390138877,25.65480782009411,0.0006562587850480252,0.013111330688734149,0.05005279789120967
bfo-9f24106a164c4fa21e6f26f6f44af53710e057caa1ad7c0bfbc849cc874200f3,1953,25.65507576704367,47.65056850865041,20.774897915990937,25.65507576704367,0.0006560205008372619,0.013108161192637538,0.05004672212954849
bfo-9f24106a164c4fa21e6f26f6f44af53710e057caa1ad7c0bfbc849cc874200f3,1954,25.654725066482992,47.847818531738426,20.773216025525453,25.654725066482992,0.000656693754485938,0.01311563179291122,0.05006954791463954
bfo-9f24106a164c4fa21e6f26f6f44af53710e057caa1ad7c0bfbc849cc874200f3,1955,25.65562848425399,47.97287809716018,20.776002421992892,25.65562848425399,0.0006557315872071952,0.013097309643692358,0.05006612846807011
bfo-9f24106a164c4fa21e6f26f6f44af53710e057caa1ad7c0bfbc849cc874200f3,1956,25.654630818147776,47.84005012656727,20.77372333502136,25.654630818147776,0.0006563681182623662,0.013112133093132632,0.05005807320596322
bfo-9f24106a164c4fa21e6f26f6f44af53710e057caa1ad7c0bfbc849cc874200f3,1957,25.65512052541119,47.82216363096314,20.775922452439936,25.65512052541119,0.0006553208829206776,0.013099291115429188,0.0500272020177335
bfo-9f24106a164c4fa21e6f26f6f44af53710e057caa1ad7c0bfbc849cc874200f3,1958,25.654639938496903,47.907490772404444,20.77362862967205,25.654639938496903,0.0006563684054654015,0.01311193918181752,0.05005883541433713
bfo-9f24106a164c4fa21e6f26f6f44af53710e057caa1ad7c0bfbc849cc874200f3,1959,25.65580288091357,47.451273647542656,20.773914333081738,25.65580288091357,0.0006574598328153707,0.013121126897690096,0.05010696397815594
bfo-9f24106a164c4fa21e6f26f6f44af53710e057caa1ad7c0bfbc849cc874200f3,1960,25.654722946242412,47.915703860276196,20.77257410918221,25.654722946242412,0.0006569489405660587,0.013119274774270656,0.050075095755632626
bfo-9f24106a164c4fa21e6f26f6f44af53710e057caa1ad7c0bfbc849cc874200f3,1961,25.65478091887259,47.995271254717345,20.77242723145375,25.65478091887259,0.0006568609141170047,0.013118915809543068,0.050069756041820596
bfo-9f24106a164c4fa21e6f26f6f44af53710e057caa1ad7c0bfbc849cc874200f3,1962,25.654420366225335,47.82360322449499,20.77345405486363,25.654420366225335,0.0006564736166245477,0.013113136317070874,0.05006228874246817
bfo-9f24106a164c4fa21e6f26f6f44af53710e057caa1ad7c0bfbc849cc874200f3,1963,25.655629120308085,47.744580138465025,20.777472766959505,25.655629120308085,0.0006548930727010856,0.0130916420959976,0.050023753162431836
bfo-9f24106a164c4fa21e6f26f6f44af53710e057caa1ad7c0bfbc849cc874200f3,1964,25.654871300025967,48.06870928776951,20.773216661937965,25.654871300025967,0.0006564385451941755,0.013113121133288691,0.05005967218038995
bfo-9f24106a164c4fa21e6f26f6f44af53710e057caa1ad7c0bfbc849cc874200f3,1965,25.65448594947319,47.69052221817192,20.77421063098954,25.65448594947319,0.000656210851854036,0.013110038640330262,0.050054074580325195
bfo-9f24106a164c4fa21e6f26f6f44af53710e057caa1ad7c0bfbc849cc874200f3,1966,25.65437461688655,47.814774922235465,20.773660393319282,25.65437461688655,0.0006563000646757353,0.013111761609249014,0.050054301186560804
bfo-9f24106a164c4fa21e6f26f6f44af53710e057caa1ad7c0bfbc849cc874200f3,1967,25.655408467371515,47.95923659279124,20.777233753611064,25.655408467371515,0.0006547783089945806,0.013089427185160778,0.050023450203908824
bfo-9f24106a164c4fa21e6f26f6f44af53710e057caa1ad7c0bfbc849cc874200f3,1968,25.65451305476768,47.85346891540074,20.774541563060165,25.65451305476768,0.0006558903621964111,0.013105531029041712,0.050046836007100005
bfo-9f24106a164c4fa21e6f26f6f44af53710e057caa1ad7c0bfbc849cc874200f3,1969,25.654825584988988,47.931804603624656,20.774453662006515,25.654825584988988,0.0006556403005963446,0.01310700488887226,0.05002212985767464
bfo-9f24106a164c4fa21e6f26f6f44af53710e057caa1ad7c0bfbc849cc874200f3,1970,25.654580301794724,47.72417412604857,20.77373532287802,25.654580301794724,0.0006564898851006961,0.013113406077932462,0.050062499490918094
bfo-9f24106a164c4fa21e6f26f6f44af53710e057caa1ad7c0bfbc849cc874200f3,1971,25.654537807683653,47.79163381284033,20.77233626848133,25.654537807683653,0.0006573815833004685,0.013121989012567373,0.05009770871404266
bfo-9f24106a164c4fa21e6f26f6f44af53710e057caa1ad7c0bfbc849cc874200f3,1972,25.654893318545113,47.993426036466346,20.774378527185828,25.654893318545113,0.0006559275564320174,0.013106458704334016,0.050046131546969026
bfo-9f24106a164c4fa21e6f26f6f44af53710e057caa1ad7c0bfbc849cc874200f3,1973,25.654623474223733,47.67202023887832,20.770571876390385,25.654623474223733,0.0006582758645140843,0.013136527791535681,0.050110339273840246
bfo-9f24106a164c4fa21e6f26f6f44af53710e057caa1ad7c0bfbc849cc874200f3,1974,25.654558209418916,47.769280800171735,20.774636645020134,25.654558209418916,0.0006558985147921583,0.013106226523446106,0.050044802263931765
bfo-9f24106a164c4fa21e6f26f6f44af53710e057caa1ad7c0bfbc849cc874200f3,1975,25.655537351841957,47.59954767042193,20.777260564716126,25.655537351841957,0.0006552154589649199,0.013095201067072149,0.05003477652683452
bfo-9f24106a164c4fa21e6f26f6f44af53710e057caa1ad7c0bfbc849cc874200f3,1976,25.65430478851585,47.79412546672123,20.77403668861561,25.65430478851585,0.0006561007390670152,0.013109625877462026,0.050047251172512776
bfo-9f24106a164c4fa21e6f26f6f44af53710e057caa1ad7c0bfbc849cc874200f3,1977,25.654257754828116,47.95306714746983,20.77095831184354,25.654257754828116,0.0006574144350316688,0.013129971576885622,0.05006975309748576
bfo-9f24106a164c4fa21e6f26f6f44af53710e057caa1ad7c0bfbc849cc874200f3,1978,25.65938211715397,47.28521971807233,20.773972539695073,25.65938211715397,0.000658891323077062,0.013142759101917674,0.050133409428536384
bfo-9f24106a164c4fa21e6f26f6f44af53710e057caa1ad7c0bfbc849cc874200f3,1979,25.654562765974873,47.97877496719301,20.769407011639476,25.654562765974873,0.0006583500082870845,0.01314153826326893,0.05009687565474708
bfo-9f24106a164c4fa21e6f26f6f44af53710e057caa1ad7c0bfbc849cc874200f3,1980,25.657437404387345,48.57860464215475,20.77249673636553,25.657437404387345,0.0006569973023987985,0.013123860235725605,0.050061284606668456
bfo-9f24106a164c4fa21e6f26f6f44af53710e057caa1ad7c0bfbc849cc874200f3,1981,25.654354332527806,48.01854333015868,20.7709230387396,25.654354332527806,0.0006573241585343005,0.013129953025618559,0.05006294822622442
bfo-9f24106a164c4fa21e6f26f6f44af53710e057caa1ad7c0bfbc849cc874200f3,1982,25.656064497564216,48.41808999259622,20.770451867251317,25.656064497564216,0.0006575323592632226,0.013135711399552505,0.050056851834124706
bfo-9f24106a164c4fa21e6f26f6f44af53710e057caa1ad7c0bfbc849cc874200f3,1983,25.65411736520172,47.9699571228835,20.772204303355217,25.65411736520172,0.000656591028394385,0.013120888941834913,0.05004165733778118
bfo-9f24106a164c4fa21e6f26f6f44af53710e057caa1ad7c0bfbc849cc874200f3,1984,25.655993882011803,47.97530295591696,20.779238580319696,25.655993882011803,0.0006537253921277149,0.013080374772378793,0.04997757354079455
bfo-9f24106a164c4fa21e6f26f6f44af53710e057caa1ad7c0bfbc849cc874200f3,1985,25.654105501945438,47.849112430109926,20.773614986874584,25.654105501945438,0.0006557664446487116,0.013112921235909077,0.050009180475585266
bfo-9f24106a164c4fa21e6f26f6f44af53710e057caa1ad7c0bfbc849cc874200f3,1986,25.655083358388914,47.57619847133775,20.77576702290976,25.655083358388914,0.0006553397934373682,0.013107100725199206,0.04999883705611854
bfo-9f24106a164c4fa21e6f26f6f44af53710e057caa1ad7c0bfbc849cc874200f3,1987,25.65411736583744,47.82127678910558,20.77372605173472,25.65411736583744,0.0006558311260810169,0.013112501917075244,0.050015712503117836
bfo-9f24106a164c4fa21e6f26f6f44af53710e057caa1ad7c0bfbc849cc874200f3,1988,25.654741317750354,47.99460382511286,20.774793664556185,25.654741317750354,0.0006548463716298907,0.013105762264328852,0.049966294094334805
bfo-9f24106a164c4fa21e6f26f6f44af53710e057caa1ad7c0bfbc849cc874200f3,1989,25.654090276167285,47.82494516524377,20.77396553605821,25.654090276167285,0.0006557207949480472,0.013110865827837121,0.05001353866011002
bfo-9f24106a164c4fa21e6f26f6f44af53710e057caa1ad7c0bfbc849cc874200f3,1990,25.65468582219432,47.85726603389979,20.775744982525172,25.65468582219432,0.0006550979183993736,0.013100734867827993,0.0500046695859882
bfo-9f24106a164c4fa21e6f26f6f44af53710e057caa1ad7c0bfbc849cc874200f3,1991,25.654683188356895,47.665356268967756,20.776297361186728,25.654683188356895,0.0006551086561424141,0.01309927760661265,0.05001105219815393
bfo-9f24106a164c4fa21e6f26f6f44af53710e057caa1ad7c0bfbc849cc874200f3,1992,25.655930346216596,47.951439675000266,20.779445188488364,25.655930346216596,0.0006534195723523548,0.013079695557405771,0.049956787563177354
bfo-9f24106a164c4fa21e6f26f6f44af53710e057caa1ad7c0bfbc849cc874200f3,1993,25.653908732341083,47.91356365921895,20.772986009190948,25.653908732341083,0.0006561210953018693,0.013115420658557848,0.05002669089944504
bfo-9f24106a164c4fa21e6f26f6f44af53710e057caa1ad7c0bfbc849cc874200f3,1994,25.654955966999285,48.199660660252604,20.77001508767477,25.654955966999285,0.0006578333895356426,0.013136689081121108,0.05007604164743632
bfo-9f24106a164c4fa21e6f26f6f44af53710e057caa1ad7c0bfbc849cc874200f3,1995,25.653970431375626,48.022876742662135,20.772415000545408,25.653970431375626,0.0006563345028582562,0.013118216209245416,0.0500322980189705
bfo-9f24106a164c4fa21e6f26f6f44af53710e057caa1ad7c0bfbc849cc874200f3,1996,25.655113153572966,48.09679681351158,20.7751497450451,25.655113153572966,0.000655074960850189,0.01310335819492722,0.04999290648284285
bfo-9f24106a164c4fa21e6f26f6f44af53710e057caa1ad7c0bfbc849cc874200f3,1997,25.654342092774662,48.062838303290235,20.773846292113102,25.654342092774662,0.0006555852561506177,0.013108972972460796,0.050010420917631374
bfo-9f24106a164c4fa21e6f26f6f44af53710e057caa1ad7c0bfbc849cc874200f3,1998,25.654288121848005,48.144044682419526,20.77181603952557,25.654288121848005,0.000656399865606355,0.01312166333507242,0.050024135572194386
bfo-9f24106a164c4fa21e6f26f6f44af53710e057caa1ad7c0bfbc849cc874200f3,1999,25.654285181083512,48.04050137437116,20.773123529335987,25.654285181083512,0.000656022771152458,0.01311444107790478,0.05002293023815751
bfo-9f24106a164c4fa21e6f26f6f44af53710e057caa1ad7c0bfbc849cc874200f3,2000,25.654657101475717,48.23009244110373,20.77101533294576,25.654657101475717,0.0006569153092030681,0.01312721647099695,0.050042239392825254
bfo-9f24106a164c4fa21e6f26f6f44af53710e057caa1ad7c0bfbc849cc874200f3,2001,25.65448979576656,47.83204884590809,20.77556164555324,25.65448979576656,0.0006550655940139611,0.013101564538837086,0.04999903576951777
bfo-9f24106a164c4fa21e6f26f6f44af53710e057caa1ad7c0bfbc849cc874200f3,2002,25.654179040863653,48.03891171469482,20.769000333612826,25.654179040863653,0.0006579554583149484,0.013142250543257829,0.05006413902621035
bfo-9f24106a164c4fa21e6f26f6f44af53710e057caa1ad7c0bfbc849cc874200f3,2003,25.653910021971836,47.92465736179311,20.77162524414681,25.653910021971836,0.0006569547267213217,0.013124347558219911,0.05005618174976358
bfo-9f24106a164c4fa21e6f26f6f44af53710e057caa1ad7c0bfbc849cc874200f3,2004,25.65408945578804,48.0262233431377,20.772317522587453,25.65408945578804,0.0006563932915700236,0.013118768439275594,0.05003467319423689
bfo-9f24106a164c4fa21e6f26f6f44af53710e057caa1ad7c0bfbc849cc874200f3,2005,25.65384828044676,47.733090176193585,20.773248529260606,25.65384828044676,0.0006561501391121159,0.013115988002061455,0.050026741333476975
bfo-9f24106a164c4fa21e6f26f6f44af53710e057caa1ad7c0bfbc849cc874200f3,2006,25.654875098155387,47.459581498678894,20.77465750661144,25.654875098155387,0.0006561032431990642,0.013115537853974766,0.05002488273862341
bfo-9f24106a164c4fa21e6f26f6f44af53710e057caa1ad7c0bfbc849cc874200f3,2007,25.653921413392357,47.76307880350008,20.774333187283247,25.653921413392357,0.0006553901926656748,0.013109000041018348,0.049995437532606955
bfo-9f24106a164c4fa21e6f26f6f44af53710e057caa1ad7c0bfbc849cc874200f3,2008,25.653303557860177,47.96826652024753,20.77013494344387,25.653303557860177,0.0006571110378188816,0.013131722083922466,0.05003997446941106
bfo-9f24106a164c4fa21e6f26f6f44af53710e057caa1ad7c0bfbc849cc874200f3,2009,25.65344223233689,47.707351918723575,20.77132402105577,25.65344223233689,0.0006570951878228502,0.013127789152368334,0.050053758496289236
bfo-9f24106a164c4fa21e6f26f6f44af53710e057caa1ad7c0bfbc849cc874200f3,2010,25.65322333719006,47.96546152150819,20.769943012100345,25.65322333719006,0.0006569846655456039,0.013132945538920077,0.050025690245847756
bfo-9f24106a164c4fa21e6f26f6f44af53710e057caa1ad7c0bfbc849cc874200f3,2011,25.65353129797786,47.69846533357974,20.77210533109748,25.65353129797786,0.0006559180716155831,0.013123992463422864,0.04997854680606189
bfo-9f24106a164c4fa21e6f26f6f44af53710e057caa1ad7c0bfbc849cc874200f3,2012,25.653370610587274,47.78866718059628,20.769484532395335,25.653370610587274,0.0006575594620559515,0.013139529112960301,0.050044370418675155
bfo-9f24106a164c4fa21e6f26f6f44af53710e057caa1ad7c0bfbc849cc874200f3,2013,25.657434553735182,47.393034242088696,20.77122831801277,25.657434553735182,0.00065882316136715,0.013152369985902315,0.05009159277554733
bfo-9f24106a164c4fa21e6f26f6f44af53710e057caa1ad7c0bfbc849cc874200f3,2014,25.653387481394947,48.00429038530989,20.7711963375995,25.653387481394947,0.0006563164427398837,0.013124530374567194,0.05000685159841591
bfo-9f24106a164c4fa21e6f26f6f44af53710e057caa1ad7c0bfbc849cc874200f3,2015,25.654400587043085,48.20557384928156,20.769041449684497,25.654400587043085,0.0006574548554337431,0.013140720866875812,0.05003187131773023
bfo-9f24106a164c4fa21e6f26f6f44af53710e057caa1ad7c0bfbc849cc874200f3,2016,25.653140536851577,47.84545247544253,20.770164290191435,25.653140536851577,0.0006569133993607187,0.013132481633020604,0.05002203069593191
bfo-9f24106a164c4fa21e6f26f6f44af53710e057caa1ad7c0bfbc849cc874200f3,2017,25.653812326892655,47.61775690420447,20.772873940229495,25.653812326892655,0.0006563492498511558,0.01311950936147045,0.050028490530197034
bfo-9f24106a164c4fa21e6f26f6f44af53710e057caa1ad7c0bfbc849cc874200f3,2018,25.65317949859316,47.85196387609831,20.77034591883865,25.65317949859316,0.0006567373165260744,0.013131592654961954,0.050012007970557715
bfo-9f24106a164c4fa21e6f26f6f44af53710e057caa1ad7c0bfbc849cc874200f3,2019,25.65312106380947,47.90931907379155,20.771688574318983,25.65312106380947,0.0006559866388729444,0.013120759815896707,0.04999608620822182
bfo-9f24106a164c4fa21e6f26f6f44af53710e057caa1ad7c0bfbc849cc874200f3,2020,25.65342115137389,47.946195123327996,20.773159632778874,25.65342115137389,0.0006553998137890712,0.013110608268774165,0.04999003862773109
bfo-9f24106a164c4fa21e6f26f6f44af53710e057caa1ad7c0bfbc849cc874200f3,2021,25.653228362680725,48.01674923334521,20.770951962495857,25.653228362680725,0.0006563038457000212,0.013125061201533674,0.05000386936278298
bfo-9f24106a164c4fa21e6f26f6f44af53710e057caa1ad7c0bfbc849cc874200f3,2022,25.653109960685775,47.83983102453256,20.77281715172301,25.653109960685775,0.000655185980963316,0.013113314417895894,0.0499634158141725
bfo-9f24106a164c4fa21e6f26f6f44af53710e057caa1ad7c0bfbc849cc874200f3,2023,25.653209908363955,47.88191251527283,20.772965207069483,25.653209908363955,0.0006554003182535062,0.013111741234779147,0.04998575753730131
bfo-9f24106a164c4fa21e6f26f6f44af53710e057caa1ad7c0bfbc849cc874200f3,2024,25.653605758627428,47.98653968562857,20.77365972777397,25.653605758627428,0.0006545962291672605,0.013107445221143675,0.04994079457309717
bfo-9f24106a164c4fa21e6f26f6f44af53710e057caa1ad7c0bfbc849cc874200f3,2025,25.65322943649831,47.95733059658769,20.770624045724364,25.65322943649831,0.0006563085590098224,0.013127082585487719,0.04999652853067185
bfo-9f24106a164c4fa21e6f26f6f44af53710e057caa1ad7c0bfbc849cc874200f3,2026,25.65303082219824,48.02306378713344,20.771435884820797,25.65303082219824,0.000655538808076494,0.013120080021524236,0.04996454343274167
bfo-9f24106a164c4fa21e6f26f6f44af53710e057caa1ad7c0bfbc849cc874200f3,2027,25.656508653699316,48.60323816715698,20.772816508176913,25.656508653699316,0.0006554712129420197,0.013116751152466263,0.04997207047103089
bfo-9f24106a164c4fa21e6f26f6f44af53710e057caa1ad7c0bfbc849cc874200f3,2028,25.652588019765442,47.89347804675264,20.770512628009293,25.652588019765442,0.0006559937481085371,0.013126457095810718,0.04997492798859612
bfo-9f24106a164c4fa21e6f26f6f44af53710e057caa1ad7c0bfbc849cc874200f3,2029,25.65338171281027,47.561992553012345,20.771687394385342,25.65338171281027,0.0006561617368125221,0.013126650290766904,0.04998698999957794
bfo-9f24106a164c4fa21e6f26f6f44af53710e057caa1ad7c0bfbc849cc874200f3,2030,25.652641044318337,47.87934933882104,20.77124191674174,25.652641044318337,0.0006555630584082039,0.013122016445614868,0.049959018198554445
bfo-9f24106a164c4fa21e6f26f6f44af53710e057caa1ad7c0bfbc849cc874200f3,2031,25.652965538185974,47.790095206096574,20.769954174507145,25.652965538185974,0.00065688616510047,0.013133626402540989,0.05001559698495619
bfo-9f24106a164c4fa21e6f26f6f44af53710e057caa1ad7c0bfbc849cc874200f3,2032,25.65254373783345,47.82120369930591,20.769688052750208,25.65254373783345,0.0006565114741500571,0.013132930747044396,0.04998971568458221
bfo-9f24106a164c4fa21e6f26f6f44af53710e057caa1ad7c0bfbc849cc874200f3,2033,25.658036179059106,47.24569063863406,20.772435105150613,25.658036179059106,0.0006581628605306065,0.013147944117227134,0.05005823379400028
bfo-9f24106a164c4fa21e6f26f6f44af53710e057caa1ad7c0bfbc849cc874200f3,2034,25.65246445072176,47.867253596983446,20.76990396648365,25.65246445072176,0.0006564320791310956,0.01312991778529828,0.0499951400964681
bfo-9f24106a164c4fa21e6f26f6f44af53710e057caa1ad7c0bfbc849cc874200f3,2035,25.653230437621684,48.18737971370484,20.77060145310349,25.653230437621684,0.0006556565351285109,0.013124928566436137,0.04995505551208831
bfo-9f24106a164c4fa21e6f26f6f44af53710e057caa1ad7c0bfbc849cc874200f3,2036,25.652631449880875,47.79265821704624,20.769340103910515,25.652631449880875,0.0006569242898242353,0.01313551448674576,0.05001131021454068
bfo-9f24106a164c4fa21e6f26f6f44af53710e057caa1ad7c0bfbc849cc874200f3,2037,25.652627742653046,47.76711677967838,20.770099251346103,25.652627742653046,0.0006567169441538064,0.013130319033616007,0.050015307508712574
bfo-9f24106a164c4fa21e6f26f6f44af53710e057caa1ad7c0bfbc849cc874200f3,2038,25.652510676513174,47.90247147752386,20.7692673843603,25.652510676513174,0.0006567454238271133,0.013133983042852201,0.05000352305042212
bfo-9f24106a164c4fa21e6f26f6f44af53710e057caa1ad7c0bfbc849cc874200f3,2039,25.653728500201886,47.79894166746397,20.775897938587864,25.653728500201886,0.0006539343448847088,0.013095228379612689,0.049936841567634414
bfo-9f24106a164c4fa21e6f26f6f44af53710e057caa1ad7c0bfbc849cc874200f3,2040,25.65259445594359,47.971363404600424,20.769839056589554,25.65259445594359,0.0006565407988815671,0.013129105589920498,0.050006513725170114
bfo-9f24106a164c4fa21e6f26f6f44af53710e057caa1ad7c0bfbc849cc874200f3,2041,25.653685007062688,48.11189542707358,20.766826094938978,25.653685007062688,0.0006582866195572281,0.013153428347464979,0.05004677124227447
bfo-9f24106a164c4fa21e6f26f6f44af53710e057caa1ad7c0bfbc849cc874200f3,2042,25.652618275701066,47.95706294794524,20.769793447597387,25.652618275701066,0.0006565005952920552,0.013130195858124898,0.04999929950670279
bfo-9f24106a164c4fa21e6f26f6f44af53710e057caa1ad7c0bfbc849cc874200f3,2043,25.653229871016805,47.98241137864447,20.770951777846438,25.653229871016805,0.0006557907954184642,0.013125385314071415,0.04996354619131878
bfo-9f24106a164c4fa21e6f26f6f44af53710e057caa1ad7c0bfbc849cc874200f3,2044,25.652355397847167,47.84159528517178,20.770712178535295,25.652355397847167,0.0006559258721196956,0.013124270019468639,0.04997808420176439
bfo-9f24106a164c4fa21e6f26f6f44af53710e057caa1ad7c0bfbc849cc874200f3,2045,25.653320941833297,48.27727594565543,20.76895737994248,25.653320941833297,0.0006564660319393785,0.013135019016605558,0.0499783084523487
bfo-9f24106a164c4fa21e6f26f6f44af53710e057caa1ad7c0bfbc849cc874200f3,2046,25.65266003262384,47.95983761276936,20.771490535260874,25.65266003262384,0.0006554831289202663,0.013118602277212765,0.04996592739600404
bfo-9f24106a164c4fa21e6f26f6f44af53710e057caa1ad7c0bfbc849cc874200f3,2047,25.6523718660351,47.88148332293045,20.77059713761611,25.6523718660351,0.0006559986281698775,0.013124447531816736,0.04998295178365285
bfo-9f24106a164c4fa21e6f26f6f44af53710e057caa1ad7c0bfbc849cc874200f3,2048,25.652603902590233,47.852239781764126,20.77193440758137,25.652603902590233,0.0006552669796668652,0.01311648198172622,0.049957525240363836
bfo-9f24106a164c4fa21e6f26f6f44af53710e057caa1ad7c0bfbc849cc874200f3,2049,25.65251980339531,47.74509048528745,20.770178952081245,25.65251980339531,0.0006564059609361782,0.013129409389565918,0.04999508671409325
bfo-9f24106a164c4fa21e6f26f6f44af53710e057caa1ad7c0bfbc849cc874200f3,2050,25.652482832390888,47.952842565361706,20.769680919849435,25.652482832390888,0.0006564529650647506,0.013130510854925155,0.04999447259270344
bfo-9f24106a164c4fa21e6f26f6f44af53710e057caa1ad7c0bfbc849cc874200f3,2051,25.65274780671345,47.657712988446185,20.77346781342823,25.65274780671345,0.0006548463034262147,0.013109122637334329,0.049953480606034995
bfo-9f24106a164c4fa21e6f26f6f44af53710e057caa1ad7c0bfbc849cc874200f3,2052,25.652560572008014,47.98759646925278,20.771496620340233,25.652560572008014,0.0006553310574176004,0.013117584336362561,0.049958211863825555
bfo-9f24106a164c4fa21e6f26f6f44af53710e057caa1ad7c0bfbc849cc874200f3,2053,25.653768784591286,47.83322823637826,20.77634183296297,25.653768784591286,0.0006537089866323103,0.013091724378906258,0.04993299337141439
bfo-9f24106a164c4fa21e6f26f6f44af53710e057caa1ad7c0bfbc849cc874200f3,2054,25.65264040455165,47.744752762858866,20.772118130176736,25.65264040455165,0.0006553474340344922,0.013117188183921224,0.04996096913802025
bfo-9f24106a164c4fa21e6f26f6f44af53710e057caa1ad7c0bfbc849cc874200f3,2055,25.652930406374967,47.98332175785435,20.773197906034355,25.652930406374967,0.0006543483025444946,0.013108216884221448,0.04991894079294211
bfo-9f24106a164c4fa21e6f26f6f44af53710e057caa1ad7c0bfbc849cc874200f3,2056,25.65261197623305,47.994782136480154,20.76995989456874,25.65261197623305,0.0006563363547354653,0.013128185173199513,0.049994446762934214
bfo-9f24106a164c4fa21e6f26f6f44af53710e057caa1ad7c0bfbc849cc874200f3,2057,25.652899373235957,47.704985379345224,20.77265152468458,25.652899373235957,0.0006551058515161243,0.013114949929002946,0.04995107530432853
bfo-9f24106a164c4fa21e6f26f6f44af53710e057caa1ad7c0bfbc849cc874200f3,2058,25.652495297085455,47.85115467973941,20.76907065801746,25.652495297085455,0.0006569269067209459,0.013136243873917855,0.050008732559029365
bfo-9f24106a164c4fa21e6f26f6f44af53710e057caa1ad7c0bfbc849cc874200f3,2059,25.65260107532265,47.79077480633454,20.771270885722892,25.65260107532265,0.0006556448376107714,0.013122476606169822,0.04996349830050415
bfo-9f24106a164c4fa21e6f26f6f44af53710e057caa1ad7c0bfbc849cc874200f3,2060,25.652652516453198,47.83956223974892,20.77266095347583,25.652652516453198,0.0006548911469808016,0.013112301369994072,0.049944790658903046
bfo-9f24106a164c4fa21e6f26f6f44af53710e057caa1ad7c0bfbc849cc874200f3,2061,25.652652775221267,47.99051950764196,20.768706621860133,25.652652775221267,0.0006570647531276425,0.013137869992713474,0.050013035103259794
bfo-9f24106a164c4fa21e6f26f6f44af53710e057caa1ad7c0bfbc849cc874200f3,2062,25.65282487600945,47.671310644457066,20.772329727038592,25.65282487600945,0.000655508124923395,0.013117189056957704,0.049973216218584283
bfo-9f24106a164c4fa21e6f26f6f44af53710e057caa1ad7c0bfbc849cc874200f3,2063,25.653074198228584,48.14862933785746,20.77120322083577,25.653074198228584,0.0006555544916632146,0.013119829616799533,0.04996669246556354
bfo-9f24106a164c4fa21e6f26f6f44af53710e057caa1ad7c0bfbc849cc874200f3,2064,25.652321170582233,47.93808516612421,20.770313482147163,25.652321170582233,0.0006559524663648693,0.013125570021986464,0.04997516033712
bfo-9f24106a164c4fa21e6f26f6f44af53710e057caa1ad7c0bfbc849cc874200f3,2065,25.65335770900487,48.04424577983639,20.774155472826443,25.65335770900487,0.0006541584098430963,0.01310238585452259,0.04992666351810258
bfo-9f24106a164c4fa21e6f26f6f44af53710e057caa1ad7c0bfbc849cc874200f3,2066,25.653212887505475,48.131624973252855,20.771938794518345,25.653212887505475,0.0006550950833831695,0.013115627191995266,0.04994767492194253
bfo-9f24106a164c4fa21e6f26f6f44af53710e057caa1ad7c0bfbc849cc874200f3,2067,25.65319882914045,48.11281149114819,20.77163566457396,25.65319882914045,0.0006553441497427228,0.013117415981464663,0.04995985113750646
bfo-9f24106a164c4fa21e6f26f6f44af53710e057caa1ad7c0bfbc849cc874200f3,2068,25.65312522619158,47.98521473537561,20.773288730213835,25.65312522619158,0.0006543701199329724,0.013108617261533135,0.04991908047031039
bfo-9f24106a164c4fa21e6f26f6f44af53710e057caa1ad7c0bfbc849cc874200f3,2069,25.653124486048835,47.960480442464956,20.773829125775876,25.653124486048835,0.0006543232634634365,0.01310449227136932,0.049931218235215506
bfo-9f24106a164c4fa21e6f26f6f44af53710e057caa1ad7c0bfbc849cc874200f3,2070,25.652470082854254,47.867632184322034,20.77190094352264,25.652470082854254,0.000655252722919191,0.013116499212890112,0.04995637267871352
bfo-9f24106a164c4fa21e6f26f6f44af53710e057caa1ad7c0bfbc849cc874200f3,2071,25.652687837767807,47.98499317671703,20.771257314814864,25.652687837767807,0.0006556377251638511,0.013120356392233374,0.04997103017353686
bfo-9f24106a164c4fa21e6f26f6f44af53710e057caa1ad7c0bfbc849cc874200f3,2072,25.652438042773053,47.95649691861782,20.7712652803839,25.652438042773053,0.0006554334836624742,0.013119375647319043,0.049959197852255464
bfo-9f24106a164c4fa21e6f26f6f44af53710e057caa1ad7c0bfbc849cc874200f3,2073,25.654494109204396,48.447042321956374,20.769200419142944,25.654494109204396,0.0006568537433160665,0.013134495867159698,0.0500098176556897
bfo-9f24106a164c4fa21e6f26f6f44af53710e057caa1ad7c0bfbc849cc874200f3,2074,25.652236581529877,47.85547321445554,20.769903496292777,25.652236581529877,0.0006562965201859961,0.013129748992837056,0.049985458255450206
bfo-9f24106a164c4fa21e6f26f6f44af53710e057caa1ad7c0bfbc849cc874200f3,2075,25.65868351639123,47.27297939489877,20.771850391139957,25.65868351639123,0.000658899465905633,0.013154529175998285,0.05008917134851614
bfo-9f24106a164c4fa21e6f26f6f44af53710e057caa1ad7c0bfbc849cc874200f3,2076,25.652172859874028,47.81918453446987,20.769890008822987,25.652172859874028,0.0006564439460495182,0.013130056493975951,0.049995515735266914
bfo-9f24106a164c4fa21e6f26f6f44af53710e057caa1ad7c0bfbc849cc874200f3,2077,25.654325138549314,48.03500372393242,20.7762587894068,25.654325138549314,0.0006534097079570587,0.01309350860218207,0.049903332086875946
bfo-9f24106a164c4fa21e6f26f6f44af53710e057caa1ad7c0bfbc849cc874200f3,2078,25.652174517381763,47.89276973259696,20.768825305297867,25.652174517381763,0.000657042403604643,0.013135898150801708,0.050018841198501716
bfo-9f24106a164c4fa21e6f26f6f44af53710e057caa1ad7c0bfbc849cc874200f3,2079,25.65248036789016,48.01335078550156,20.7692064705551,25.65248036789016,0.0006566674148045217,0.013133753082088164,0.04999845898580855
bfo-9f24106a164c4fa21e6f26f6f44af53710e057caa1ad7c0bfbc849cc874200f3,2080,25.652319782792908,47.676105059681305,20.770530767722803,25.652319782792908,0.0006563322853204983,0.013128002266093657,0.04999483333542989
bfo-9f24106a164c4fa21e6f26f6f44af53710e057caa1ad7c0bfbc849cc874200f3,2081,25.65356127861186,47.51007992631651,20.76948787859081,25.65356127861186,0.0006578554125840041,0.013143727130601057,0.05005090306937319
bfo-9f24106a164c4fa21e6f26f6f44af53710e057caa1ad7c0bfbc849cc874200f3,2082,25.6524114658077,47.734102771174655,20.768953862426454,25.6524114658077,0.0006572717683934658,0.013138806980615939,0.05002522446392262
bfo-9f24106a164c4fa21e6f26f6f44af53710e057caa1ad7c0bfbc849cc874200f3,2083,25.653204042597498,47.68476707889077,20.774068493918183,25.653204042597498,0.0006547519519654004,0.013107488357606441,0.04995251066429058
bfo-9f24106a164c4fa21e6f26f6f44af53710e057caa1ad7c0bfbc849cc874200f3,2084,25.65229633757797,47.69929385331462,20.77080748864254,25.65229633757797,0.0006560479991218598,0.013125680511283466,0.04998201796530773
bfo-9f24106a164c4fa21e6f26f6f44af53710e057caa1ad7c0bfbc849cc874200f3,2085,25.652967614982927,47.59534629807946,20.77214242486667,25.652967614982927,0.0006556880665127792,0.013121821002651921,0.04996928904763025
bfo-9f24106a164c4fa21e6f26f6f44af53710e057caa1ad7c0bfbc849cc874200f3,2086,25.65215199714263,47.76375729732296,20.770313350547298,25.65215199714263,0.0006563393911973292,0.01312768859920513,0.04999656917799452
bfo-9f24106a164c4fa21e6f26f6f44af53710e057caa1ad7c0bfbc849cc874200f3,2087,25.652508090676672,47.97123584470434,20.767900355870122,25.652508090676672,0.0006576469292226101,0.013142202091224658,0.0500408473905401
bfo-9f24106a164c4fa21e6f26f6f44af53710e057caa1ad7c0bfbc849cc874200f3,2088,25.65219897494028,47.729087589547845,20.77057328400125,25.65219897494028,0.000656255427830257,0.013126681906216282,0.04999400705516298
bfo-9f24106a164c4fa21e6f26f6f44af53710e057caa1ad7c0bfbc849cc874200f3,2089,25.653522665282892,47.48785598962605,20.77417327543535,25.653522665282892,0.0006552635661932753,0.01311096444208341,0.049978288713072735
bfo-9f24106a164c4fa21e6f26f6f44af53710e057caa1ad7c0bfbc849cc874200f3,2090,25.65210429644654,47.707879803384465,20.770576936694855,25.65210429644654,0.0006561992184093909,0.013126726658034965,0.04998955455568404
bfo-9f24106a164c4fa21e6f26f6f44af53710e057caa1ad7c0bfbc849cc874200f3,2091,25.653164802679807,47.457174999963655,20.772111730763775,25.653164802679807,0.0006561581049207378,0.013123729106261136,0.04999783976093308
bfo-9f24106a164c4fa21e6f26f6f44af53710e057caa1ad7c0bfbc849cc874200f3,2092,25.65191693668583,47.76568185911219,20.770899862384766,25.65191693668583,0.0006558551343346414,0.013122603781160013,0.0499790396229326
bfo-9f24106a164c4fa21e6f26f6f44af53710e057caa1ad7c0bfbc849cc874200f3,2093,25.65191880624798,47.68889191395044,20.771402901878375,25.65191880624798,0.000655770382375812,0.013119649136407377,0.0499838353570014
bfo-9f24106a164c4fa21e6f26f6f44af53710e057caa1ad7c0bfbc849cc874200f3,2094,25.652155229510335,47.6474208462256,20.771344390219912,25.652155229510335,0.0006557795531165102,0.013122322100644894,0.049974352716451155
bfo-9f24106a164c4fa21e6f26f6f44af53710e057caa1ad7c0bfbc849cc874200f3,2095,25.65212504828976,47.718011424826855,20.77114173345219,25.65212504828976,0.0006559195667507947,0.013122468298179537,0.049984465715325034
bfo-9f24106a164c4fa21e6f26f6f44af53710e057caa1ad7c0bfbc849cc874200f3,2096,25.651651468299484,47.719161208132576,20.76988754378495,25.651651468299484,0.0006562001324241437,0.013129723401750048,0.04997821449434947
bfo-9f24106a164c4fa21e6f26f6f44af53710e057caa1ad7c0bfbc849cc874200f3,2097,25.657740588427043,47.25607826164311,20.77122135958268,25.657740588427043,0.000658860344492053,0.013155337823823925,0.05008311860291999
bfo-9f24106a164c4fa21e6f26f6f44af53710e057caa1ad7c0bfbc849cc874200f3,2098,25.65144543637876,47.82600040045536,20.76877950669238,25.65144543637876,0.0006565611644733796,0.013134855573360277,0.049986173110650525
bfo-9f24106a164c4fa21e6f26f6f44af53710e057caa1ad7c0bfbc849cc874200f3,2099,25.652223419227717,48.09318860096156,20.770418460824207,25.652223419227717,0.0006553568272928693,0.013122813033708507,0.04994027009372589
bfo-9f24106a164c4fa21e6f26f6f44af53710e057caa1ad7c0bfbc849cc874200f3,2100,25.651557564472498,47.84161942710993,20.768419295923056,25.651557564472498,0.0006567571204085194,0.01313740505148779,0.049991388545498394
bfo-9f24106a164c4fa21e6f26f6f44af53710e057caa1ad7c0bfbc849cc874200f3,2101,25.652398775708313,48.18814431224514,20.767037595999625,25.652398775708313,0.0006572667703062042,0.013145540731809388,0.04999921902913888
bfo-9f24106a164c4fa21e6f26f6f44af53710e057caa1ad7c0bfbc849cc874200f3,2102,25.65149782978009,47.702974302481465,20.770072043803147,25.65149782978009,0.0006560693614519463,0.013127755903762502,0.049975743475235736
bfo-9f24106a164c4fa21e6f26f6f44af53710e057caa1ad7c0bfbc849cc874200f3,2103,25.65189682548484,48.00651133025784,20.770985870402125,25.65189682548484,0.0006554603075947101,0.013118750152382225,0.04996362458169733
bfo-9f24106a164c4fa21e6f26f6f44af53710e057caa1ad7c0bfbc849cc874200f3,2104,25.65141137046126,47.8290300926609,20.7681679742511,25.65141137046126,0.0006570225087719035,0.013138735008168619,0.05000652714004957
bfo-9f24106a164c4fa21e6f26f6f44af53710e057caa1ad7c0bfbc849cc874200f3,2105,25.65150939980402,47.707967415551494,20.768151528595837,25.65150939980402,0.0006572549948966942,0.013140276006900497,0.05001835536419043
bfo-9f24106a164c4fa21e6f26f6f44af53710e057caa1ad7c0bfbc849cc874200f3,2106,25.651685102039824,47.70694666802534,20.76738500939387,25.651685102039824,0.0006577081432686205,0.013147250861837358,0.050026286877795555
bfo-9f24106a164c4fa21e6f26f6f44af53710e057caa1ad7c0bfbc849cc874200f3,2107,25.652272431917634,48.05185728989671,20.770339099176212,25.652272431917634,0.000655844952973003,0.013124392266033819,0.04997145312932641
bfo-9f24106a164c4fa21e6f26f6f44af53710e057caa1ad7c0bfbc849cc874200f3,2108,25.651645715211167,47.76682065515776,20.76776144072334,25.651645715211167,0.0006575564340156191,0.013143399947136373,0.05002940157496194
bfo-9f24106a164c4fa21e6f26f6f44af53710e057caa1ad7c0bfbc849cc874200f3,2109,25.653584906809645,48.4055075494534,20.76683346560725,25.653584906809645,0.00065794565858962,0.013148219727923346,0.05004066498769542
bfo-9f24106a164c4fa21e6f26f6f44af53710e057caa1ad7c0bfbc849cc874200f3,2110,25.651397984491016,47.77775608868318,20.76854639878642,25.651397984491016,0.000656862410785201,0.01313708038832818,0.050000638754467815
bfo-9f24106a164c4fa21e6f26f6f44af53710e057caa1ad7c0bfbc849cc874200f3,2111,25.65714962809751,47.35991051706682,20.76970484259469,25.65714962809751,0.0006593900235412387,0.013161760587584354,0.050098922492424695
bfo-9f24106a164c4fa21e6f26f6f44af53710e057caa1ad7c0bfbc849cc874200f3,2112,25.651354408519943,47.78693264700526,20.76763702482466,25.651354408519943,0.0006572859086214655,0.01314374596987375,0.05000750243712895
bfo-9f24106a164c4fa21e6f26f6f44af53710e057caa1ad7c0bfbc849cc874200f3,2113,25.651780735755864,48.01432238982481,20.770259588001842,25.651780735755864,0.0006560107050778335,0.013123188037553427,0.049988669155740795
bfo-9f24106a164c4fa21e6f26f6f44af53710e057caa1ad7c0bfbc849cc874200f3,2114,25.651231078974938,47.95586791042806,20.767197349850804,25.651231078974938,0.0006573027615557359,0.013143486894806416,0.05000977037649468
bfo-9f24106a164c4fa21e6f26f6f44af53710e057caa1ad7c0bfbc849cc874200f3,2115,25.653344971305007,48.1971418716994,20.7737053613749,25.653344971305007,0.0006540945054338097,0.013105707354169549,0.049909134070944376
bfo-9f24106a164c4fa21e6f26f6f44af53710e057caa1ad7c0bfbc849cc874200f3,2116,25.651305434169338,47.88680295213751,20.76670471300524,25.651305434169338,0.0006579496672644569,0.01314798309930361,0.05004187047512295
bfo-9f24106a164c4fa21e6f26f6f44af53710e057caa1ad7c0bfbc849cc874200f3,2117,25.65115689073049,47.85950989178673,20.767436753147116,25.65115689073049,0.0006570839817842411,0.013143020125900611,0.04999490037220156
bfo-9f24106a164c4fa21e6f26f6f44af53710e057caa1ad7c0bfbc849cc874200f3,2118,25.656857261996198,47.44966719771592,20.768570517962658,25.656857261996198,0.0006596043577047425,0.013167530943783742,0.05009324531081775
bfo-9f24106a164c4fa21e6f26f6f44af53710e057caa1ad7c0bfbc849cc874200f3,2119,25.651155868875385,47.84059550702517,20.76678012192808,25.651155868875385,0.0006574522351713179,0.01314769277842353,0.050005141301312755
bfo-9f24106a164c4fa21e6f26f6f44af53710e057caa1ad7c0bfbc849cc874200f3,2120,25.651661523531576,47.762934135330084,20.76614221589037,25.651661523531576,0.0006580686113569016,0.0131555774066339,0.05002202419675327
bfo-9f24106a164c4fa21e6f26f6f44af53710e057caa1ad7c0bfbc849cc874200f3,2121,25.65094871670833,47.759609965830236,20.769130482111553,25.65094871670833,0.0006561556962699932,0.01313182177483635,0.04996684447296882
bfo-9f24106a164c4fa21e6f26f6f44af53710e057caa1ad7c0bfbc849cc874200f3,2122,25.65095197637395,47.72864071202311,20.76973332046378,25.65095197637395,0.0006559270321743108,0.013127422170237213,0.04996617185523623
bfo-9f24106a164c4fa21e6f26f6f44af53710e057caa1ad7c0bfbc849cc874200f3,2123,25.6509574916659,47.74131878152303,20.77001633670863,25.6509574916659,0.0006556741039164258,0.01312597891752385,0.0499523965440069
bfo-9f24106a164c4fa21e6f26f6f44af53710e057caa1ad7c0bfbc849cc874200f3,2124,25.65160309948623,48.030612645813584,20.765939740944933,25.65160309948623,0.0006578931465090226,0.013153150671842914,0.050017913040210304
bfo-9f24106a164c4fa21e6f26f6f44af53710e057caa1ad7c0bfbc849cc874200f3,2125,25.651466805179428,47.632278389100996,20.771159795013077,25.651466805179428,0.0006554935163974332,0.013122201176778337,0.04995301531860564
bfo-9f24106a164c4fa21e6f26f6f44af53710e057caa1ad7c0bfbc849cc874200f3,2126,25.651030611690935,47.86980945078163,20.76856766718205,25.651030611690935,0.0006562881772476891,0.013134370476223345,0.049967235082621034
bfo-9f24106a164c4fa21e6f26f6f44af53710e057caa1ad7c0bfbc849cc874200f3,2127,25.6508128695395,47.8729204989151,20.768025510340724,25.6508128695395,0.0006564648694926428,0.013137151564804354,0.04997010700945043
bfo-9f24106a164c4fa21e6f26f6f44af53710e057caa1ad7c0bfbc849cc874200f3,2128,25.651309706848316,48.07436831657327,20.767872218062802,25.651309706848316,0.0006564076418259891,0.013137448509371402,0.049964621467992854
bfo-9f24106a164c4fa21e6f26f6f44af53710e057caa1ad7c0bfbc849cc874200f3,2129,25.650950591944678,47.853770247601915,20.766510007301278,25.650950591944678,0.000657309394158833,0.013148432730440678,0.04999146344165103
bfo-9f24106a164c4fa21e6f26f6f44af53710e057caa1ad7c0bfbc849cc874200f3,2130,25.65239819689714,47.49756101542377,20.77386690253311,25.65239819689714,0.0006547589331822992,0.013108849785657102,0.04994785537162049
bfo-9f24106a164c4fa21e6f26f6f44af53710e057caa1ad7c0bfbc849cc874200f3,2131,25.650917756528184,47.95270522055105,20.767262182931518,25.650917756528184,0.0006568400697657371,0.01314147709737404,0.0499822101350379
bfo-9f24106a164c4fa21e6f26f6f44af53710e057caa1ad7c0bfbc849cc874200f3,2132,25.653697760446345,48.49917928399732,20.76758388447406,25.653697760446345,0.0006571191767459552,0.01314297279471358,0.049997758270508195
bfo-9f24106a164c4fa21e6f26f6f44af53710e057caa1ad7c0bfbc849cc874200f3,2133,25.65125684085858,48.05239279106079,20.76929016975607,25.65125684085858,0.0006558036686850241,0.013127499311184627,0.049956480906175285
bfo-9f24106a164c4fa21e6f26f6f44af53710e057caa1ad7c0bfbc849cc874200f3,2134,25.651356031974565,47.618199582374146,20.77199156609253,25.651356031974565,0.000655050587363326,0.01311599805066123,0.04994287013715302
bfo-9f24106a164c4fa21e6f26f6f44af53710e057caa1ad7c0bfbc849cc874200f3,2135,25.651033808614205,47.749316250346695,20.768670688633584,25.651033808614205,0.0006563831181710091,0.01313581861532691,0.04996895415449323
bfo-9f24106a164c4fa21e6f26f6f44af53710e057caa1ad7c0bfbc849cc874200f3,2136,25.65171174287344,47.63881916005497,20.772319566590774,25.65171174287344,0.0006548784466993729,0.013114710569626343,0.04993464729721682
bfo-9f24106a164c4fa21e6f26f6f44af53710e057caa1ad7c0bfbc849cc874200f3,2137,25.650670511763238,47.76723289120342,20.76713104714048,25.650670511763238,0.0006569126934993824,0.013144386631018443,0.04997667155873092
bfo-9f24106a164c4fa21e6f26f6f44af53710e057caa1ad7c0bfbc849cc874200f3,2138,25.65667610038529,47.39896956020323,20.7685258121822,25.65667610038529,0.0006593370194385636,0.013167917200364416,0.050071473673932027
bfo-9f24106a164c4fa21e6f26f6f44af53710e057caa1ad7c0bfbc849cc874200f3,2139,25.650599502957196,47.83170483240773,20.766797387669758,25.650599502957196,0.0006567819977202772,0.01314565169579875,0.04996191995031937
bfo-9f24106a164c4fa21e6f26f6f44af53710e057caa1ad7c0bfbc849cc874200f3,2140,25.6507450691833,47.68246108672945,20.767225795131,25.6507450691833,0.0006569169411181679,0.013145113491400393,0.04997423122652586
bfo-9f24106a164c4fa21e6f26f6f44af53710e057caa1ad7c0bfbc849cc874200f3,2141,25.6506148506514,47.92782214809469,20.766302859214118,25.6506148506514,0.0006570998951957362,0.013147493918411959,0.049979098623162174
bfo-9f24106a164c4fa21e6f26f6f44af53710e057caa1ad7c0bfbc849cc874200f3,2142,25.652064513818097,48.04680243568821,20.772605489027132,25.652064513818097,0.000653635109812792,0.013110200781512413,0.049856986990964115
bfo-9f24106a164c4fa21e6f26f6f44af53710e057caa1ad7c0bfbc849cc874200f3,2143,25.650421191455933,47.91225489631933,20.76697654540381,25.650421191455933,0.0006563906012338943,0.013142806094134804,0.04994295712289475
bfo-9f24106a164c4fa21e6f26f6f44af53710e057caa1ad7c0bfbc849cc874200f3,2144,25.651386047906897,47.71046913119109,20.77285998513393,25.651386047906897,0.0006541048930265728,0.013108901676463622,0.04989776482960319
bfo-9f24106a164c4fa21e6f26f6f44af53710e057caa1ad7c0bfbc849cc874200f3,2145,25.650628629794003,47.78352836668377,20.7659987502912,25.650628629794003,0.000657161321073851,0.013152403907366031,0.04996511099433362
bfo-9f24106a164c4fa21e6f26f6f44af53710e057caa1ad7c0bfbc849cc874200f3,2146,25.651824866702746,48.17136806696045,20.76448961115057,25.651824866702746,0.000657994353847335,0.013162867664778108,0.04998867804528878
bfo-9f24106a164c4fa21e6f26f6f44af53710e057caa1ad7c0bfbc849cc874200f3,2147,25.650517629442334,47.96419203231733,20.76787571932943,25.650517629442334,0.0006557737088539187,0.013135908914734144,0.049922218029264616
bfo-9f24106a164c4fa21e6f26f6f44af53710e057caa1ad7c0bfbc849cc874200f3,2148,25.650281774474045,47.89669063643691,20.76674944013088,25.650281774474045,0.0006565696597815946,0.013143210274779594,0.049955044928519564
bfo-9f24106a164c4fa21e6f26f6f44af53710e057caa1ad7c0bfbc849cc874200f3,2149,25.650965018209803,47.61578105416726,20.766848664936546,25.650965018209803,0.0006569397037954618,0.01315007557708566,0.049957104804796405
bfo-9f24106a164c4fa21e6f26f6f44af53710e057caa1ad7c0bfbc849cc874200f3,2150,25.650416679530423,47.84474797512435,20.76637017600355,25.650416679530423,0.000656876642679072,0.013147408853130331,0.04996244127014222
bfo-9f24106a164c4fa21e6f26f6f44af53710e057caa1ad7c0bfbc849cc874200f3,2151,25.654024139541296,47.50713596806246,20.76641825778199,25.654024139541296,0.0006589972864532652,0.013168781686590901,0.05004238828898565
bfo-9f24106a164c4fa21e6f26f6f44af53710e057caa1ad7c0bfbc849cc874200f3,2152,25.650390739088884,47.9256132022776,20.76615309259079,25.650390739088884,0.0006568420535371192,0.01314768815909301,0.04995874906592181
bfo-9f24106a164c4fa21e6f26f6f44af53710e057caa1ad7c0bfbc849cc874200f3,2153,25.65051540804229,47.97361525922542,20.767021989941192,25.65051540804229,0.0006565941140901191,0.013139805007661159,0.049969852193947485
bfo-9f24106a164c4fa21e6f26f6f44af53710e057caa1ad7c0bfbc849cc874200f3,2154,25.65020904095447,47.8206913937182,20.76745376764321,25.65020904095447,0.0006561228102915983,0.013138684869616259,0.04993824091244543
bfo-9f24106a164c4fa21e6f26f6f44af53710e057caa1ad7c0bfbc849cc874200f3,2155,25.650440063102405,47.92004707739518,20.76550701343045,25.650440063102405,0.0006571926714766228,0.013151656943763267,0.04997033258142233
bfo-9f24106a164c4fa21e6f26f6f44af53710e057caa1ad7c0bfbc849cc874200f3,2156,25.650255818634296,47.73645842444297,20.768860687208583,25.650255818634296,0.0006554449760116259,0.01313051186095255,0.0499177018346699
bfo-9f24106a164c4fa21e6f26f6f44af53710e057caa1ad7c0bfbc849cc874200f3,2157,25.650911393779964,47.55224804495671,20.77016346046243,25.650911393779964,0.0006550578632825549,0.013127433148803939,0.04989991995062937
bfo-9f24106a164c4fa21e6f26f6f44af53710e057caa1ad7c0bfbc849cc874200f3,2158,25.65022610285162,47.80574597687307,20.76736604522105,25.65022610285162,0.0006560708100374821,0.013139760623110508,0.04993019499027782
bfo-9f24106a164c4fa21e6f26f6f44af53710e057caa1ad7c0bfbc849cc874200f3,2159,25.650388901492448,47.878049573844564,20.766459079060365,25.650388901492448,0.0006569881506545016,0.013144920828844206,0.04998038095542251
bfo-9f24106a164c4fa21e6f26f6f44af53710e057caa1ad7c0bfbc849cc874200f3,2160,25.650295576787467,47.96754923364027,20.767337421392316,25.650295576787467,0.0006560414475657757,0.01313760246733582,0.04993616218765178
bfo-9f24106a164c4fa21e6f26f6f44af53710e057caa1ad7c0bfbc849cc874200f3,2161,25.650752056750136,47.601118031376856,20.767919260363062,25.650752056750136,0.0006563064151451694,0.013140775819535112,0.049944266925968143
bfo-9f24106a164c4fa21e6f26f6f44af53710e057caa1ad7c0bfbc849cc874200f3,2162,25.65026625362069,47.91400793344157,20.767949594035983,25.65026625362069,0.0006556567978684053,0.01313401480587307,0.049920516122398347
bfo-9f24106a164c4fa21e6f26f6f44af53710e057caa1ad7c0bfbc849cc874200f3,2163,25.65037719930956,47.871399925618924,20.766425014744378,25.65037719930956,0.0006569143962045821,0.01314620572920759,0.04996988558798241
bfo-9f24106a164c4fa21e6f26f6f44af53710e057caa1ad7c0bfbc849cc874200f3,2164,25.650412323881095,47.75026187227862,20.76749947875916,25.650412323881095,0.0006564191682092863,0.013140035924600111,0.04995566008920657
bfo-9f24106a164c4fa21e6f26f6f44af53710e057caa1ad7c0bfbc849cc874200f3,2165,25.65070616965451,48.10127933548601,20.767240501505228,25.65070616965451,0.000655939327193911,0.01313938140434807,0.04992162926154562
bfo-9f24106a164c4fa21e6f26f6f44af53710e057caa1ad7c0bfbc849cc874200f3,2166,25.650035469533407,47.80038606355164,20.76800188298052,25.650035469533407,0.0006558145552405181,0.013133962403408432,0.049932726704800506
bfo-9f24106a164c4fa21e6f26f6f44af53710e057caa1ad7c0bfbc849cc874200f3,2167,25.65147850784411,47.90585026262182,20.772191719110573,25.65147850784411,0.0006536205116378092,0.013110339803270367,0.049855344822928534
bfo-9f24106a164c4fa21e6f26f6f44af53710e057caa1ad7c0bfbc849cc874200f3,2168,25.649976385139666,48.00157492585138,20.766552043627346,25.649976385139666,0.0006561946785966838,0.0131410653186769,0.04993466379503183
bfo-9f24106a164c4fa21e6f26f6f44af53710e057caa1ad7c0bfbc849cc874200f3,2169,25.653463414181438,48.60394355151095,20.766339968226436,25.653463414181438,0.0006570442739501778,0.013148378050597133,0.049971507620313535
bfo-9f24106a164c4fa21e6f26f6f44af53710e057caa1ad7c0bfbc849cc874200f3,2170,25.650162948001746,48.072731194144005,20.766679415825113,25.650162948001746,0.0006560278191011297,0.013140193744197302,0.04992527750139384
bfo-9f24106a164c4fa21e6f26f6f44af53710e057caa1ad7c0bfbc849cc874200f3,2171,25.64994048979824,47.81527307159861,20.765576419832108,25.64994048979824,0.0006570463173708166,0.013149342433344986,0.049967998073016516
bfo-9f24106a164c4fa21e6f26f6f44af53710e057caa1ad7c0bfbc849cc874200f3,2172,25.655622385686893,47.36749029818455,20.767746270901856,25.655622385686893,0.0006590915729826321,0.013167142523775013,0.05005577875325306
bfo-9f24106a164c4fa21e6f26f6f44af53710e057caa1ad7c0bfbc849cc874200f3,2173,25.65008876942914,47.69035307950266,20.76728976777207,25.65008876942914,0.000656506223329619,0.013139615535480579,0.049963883764853806
bfo-9f24106a164c4fa21e6f26f6f44af53710e057caa1ad7c0bfbc849cc874200f3,2174,25.650059567818044,48.14142215914079,20.764865894685933,25.650059567818044,0.0006571007932141633,0.013150272415383501,0.04996860691991986
bfo-9f24106a164c4fa21e6f26f6f44af53710e057caa1ad7c0bfbc849cc874200f3,2175,25.650086218854693,47.74539623083046,20.766260923418976,25.650086218854693,0.0006568214825455446,0.013146147974303924,0.04996303737257473
bfo-9f24106a164c4fa21e6f26f6f44af53710e057caa1ad7c0bfbc849cc874200f3,2176,25.65080311021243,48.16927160015108,20.76769289426915,25.65080311021243,0.0006558064895798626,0.01313340736907006,0.049934222791590634
bfo-9f24106a164c4fa21e6f26f6f44af53710e057caa1ad7c0bfbc849cc874200f3,2177,25.65025582875471,47.847867742752044,20.764706796549238,25.65025582875471,0.00065767458085879,0.013156050311783837,0.049990275597358635
bfo-9f24106a164c4fa21e6f26f6f44af53710e057caa1ad7c0bfbc849cc874200f3,2178,25.65078440267183,48.13755491140807,20.765188153123805,25.65078440267183,0.0006571060973407693,0.013151269099843241,0.04996522330674549
bfo-9f24106a164c4fa21e6f26f6f44af53710e057caa1ad7c0bfbc849cc874200f3,2179,25.650294710426323,47.776721396562706,20.76530830316427,25.650294710426323,0.0006575516346313575,0.013153051925118819,0.04999232409138516
bfo-9f24106a164c4fa21e6f26f6f44af53710e057caa1ad7c0bfbc849cc874200f3,2180,25.649576318785954,47.90131149847669,20.76652264335876,25.649576318785954,0.0006562740525645568,0.013139879280608507,0.04994521171386018
bfo-9f24106a164c4fa21e6f26f6f44af53710e057caa1ad7c0bfbc849cc874200f3,2181,25.649599592204833,47.98104260507656,20.767004513733504,25.649599592204833,0.0006559657530732849,0.013135408112382478,0.049938741717124084
bfo-9f24106a164c4fa21e6f26f6f44af53710e057caa1ad7c0bfbc849cc874200f3,2182,25.64963982539144,48.00459763974061,20.765854426009003,25.64963982539144,0.0006566204413392444,0.013143435091156806,0.049958054099649575
bfo-9f24106a164c4fa21e6f26f6f44af53710e057caa1ad7c0bfbc849cc874200f3,2183,25.652182400037386,48.50289968264947,20.76559822060202,25.652182400037386,0.0006571103452101991,0.013148088081479633,0.049977634857481926
bfo-9f24106a164c4fa21e6f26f6f44af53710e057caa1ad7c0bfbc849cc874200f3,2184,25.649902762760398,48.012967590755075,20.765719148995267,25.649902762760398,0.0006567109826433917,0.013145618868599359,0.049956642529174665
bfo-9f24106a164c4fa21e6f26f6f44af53710e057caa1ad7c0bfbc849cc874200f3,2185,25.65198382033128,47.501323699988546,20.765319889282015,25.65198382033128,0.0006586489872487446,0.013165553009404331,0.05002820517894408
bfo-9f24106a164c4fa21e6f26f6f44af53710e057caa1ad7c0bfbc849cc874200f3,2186,25.649616269166163,47.851222821184194,20.767739059498272,25.649616269166163,0.0006556270554104887,0.013132058313468758,0.049925688704721305
bfo-9f24106a164c4fa21e6f26f6f44af53710e057caa1ad7c0bfbc849cc874200f3,2187,25.650706366513703,48.2749850458437,20.766356083990953,25.650706366513703,0.0006562743232858964,0.013140554796906305,0.04994266478310366
bfo-9f24106a164c4fa21e6f26f6f44af53710e057caa1ad7c0bfbc849cc874200f3,2188,25.649641309667476,47.8408895941416,20.76676276490848,25.649641309667476,0.0006561818317193861,0.013139484404607459,0.049939694094030894
bfo-9f24106a164c4fa21e6f26f6f44af53710e057caa1ad7c0bfbc849cc874200f3,2189,25.65081131733582,47.487512865808014,20.769792412977637,25.65081131733582,0.0006556567631986256,0.013127828018666245,0.049944039658834496
bfo-9f24106a164c4fa21e6f26f6f44af53710e057caa1ad7c0bfbc849cc874200f3,2190,25.649578924741576,47.83015626525144,20.765937811808143,25.649578924741576,0.0006566844749952264,0.013144721131867581,0.04995803778622466
bfo-9f24106a164c4fa21e6f26f6f44af53710e057caa1ad7c0bfbc849cc874200f3,2191,25.649539711201395,47.969923706530786,20.764527673514177,25.649539711201395,0.0006572158667190793,0.013153292239660027,0.04996588342631292
bfo-9f24106a164c4fa21e6f26f6f44af53710e057caa1ad7c0bfbc849cc874200f3,2192,25.649905312254937,47.8192282430247,20.764113387398723,25.649905312254937,0.0006575562863915459,0.013159936081802699,0.04996652584816136
bfo-9f24106a164c4fa21e6f26f6f44af53710e057caa1ad7c0bfbc849cc874200f3,2193,25.649559222905523,47.97042328340457,20.764491345936538,25.649559222905523,0.0006573134069512741,0.01315350209785497,0.0499725017764255
bfo-9f24106a164c4fa21e6f26f6f44af53710e057caa1ad7c0bfbc849cc874200f3,2194,25.649842579457275,48.06165091391673,20.764837006767884,25.649842579457275,0.00065735083666097,0.013150618939848292,0.049986304041485165
bfo-9f24106a164c4fa21e6f26f6f44af53710e057caa1ad7c0bfbc849cc874200f3,2195,25.64994155384823,47.928739389811696,20.763974865399806,25.64994155384823,0.0006577404530607458,0.013159608807899743,0.04998176333827664
bfo-9f24106a164c4fa21e6f26f6f44af53710e057caa1ad7c0bfbc849cc874200f3,2196,25.650312660950686,48.05391068040146,20.76294874795476,25.650312660950686,0.0006583264494240569,0.013166322535592627,0.050000784018802334
bfo-9f24106a164c4fa21e6f26f6f44af53710e057caa1ad7c0bfbc849cc874200f3,2197,25.649315049571076,47.92172918927447,20.76512396904085,25.649315049571076,0.0006567339191372971,0.013149345272955784,0.04994422957985594
bfo-9f24106a164c4fa21e6f26f6f44af53710e057caa1ad7c0bfbc849cc874200f3,2198,25.65024272808159,48.17613180314213,20.767542205812266,25.65024272808159,0.000655006785630735,0.013133608914500746,0.049872566626188
bfo-9f24106a164c4fa21e6f26f6f44af53710e057caa1ad7c0bfbc849cc874200f3,2199,25.64955352667071,47.82012298281808,20.765010714527204,25.64955352667071,0.0006571338389004182,0.01315272697359361,0.049961794251468065
bfo-9f24106a164c4fa21e6f26f6f44af53710e057caa1ad7c0bfbc849cc874200f3,2200,25.65007169943914,47.58800141798396,20.77012497383522,25.65007169943914,0.0006550168520364908,0.013122535465889951,0.049915418688645054
bfo-9f24106a164c4fa21e6f26f6f44af53710e057caa1ad7c0bfbc849cc874200f3,2201,25.649451598569055,47.991199706323705,20.765373064538874,25.649451598569055,0.0006565640416100992,0.01314735726232635,0.04993886060215906
bfo-9f24106a164c4fa21e6f26f6f44af53710e057caa1ad7c0bfbc849cc874200f3,2202,25.650605232586976,48.283418980398395,20.76425207354165,25.650605232586976,0.0006569717928702462,0.013157103419859855,0.04993285922481896
bfo-9f24106a164c4fa21e6f26f6f44af53710e057caa1ad7c0bfbc849cc874200f3,2203,25.64950990249201,48.05029636137314,20.766048471522026,25.64950990249201,0.0006561469592944871,0.013142076639410128,0.04992719014640731
bfo-9f24106a164c4fa21e6f26f6f44af53710e057caa1ad7c0bfbc849cc874200f3,2204,25.65045950938389,48.03702337992078,20.77012095209655,25.65045950938389,0.0006539527757402153,0.013119537904466662,0.04984571716642332
bfo-9f24106a164c4fa21e6f26f6f44af53710e057caa1ad7c0bfbc849cc874200f3,2205,25.649190328273864,47.87667161256583,20.76536760877768,25.649190328273864,0.0006565837362847997,0.013147527256773463,0.04993971287996645
bfo-9f24106a164c4fa21e6f26f6f44af53710e057caa1ad7c0bfbc849cc874200f3,2206,25.64964220457638,47.63023032820641,20.768196343989306,25.64964220457638,0.0006556871049521815,0.013133451563046008,0.049924964645022045
bfo-9f24106a164c4fa21e6f26f6f44af53710e057caa1ad7c0bfbc849cc874200f3,2207,25.649136856757874,47.80487823092136,20.765468451563777,25.649136856757874,0.0006564617751270084,0.013147910903280144,0.04992897958893486
bfo-9f24106a164c4fa21e6f26f6f44af53710e057caa1ad7c0bfbc849cc874200f3,2208,25.650874902800503,47.55459104267128,20.764908601156964,25.650874902800503,0.0006581517147386258,0.013163500939293811,0.04999822750602804
bfo-9f24106a164c4fa21e6f26f6f44af53710e057caa1ad7c0bfbc849cc874200f3,2209,25.64942643574314,47.809618995326225,20.764681577362225,25.64942643574314,0.0006570521424640828,0.013154562662579193,0.04994861169601633
bfo-9f24106a164c4fa21e6f26f6f44af53710e057caa1ad7c0bfbc849cc874200f3,2210,25.649453725707456,47.710185248808415,20.766739539297134,25.649453725707456,0.0006559598908504464,0.013141927971689702,0.04991352047154063
bfo-9f24106a164c4fa21e6f26f6f44af53710e057caa1ad7c0bfbc849cc874200f3,2211,25.649340609499493,47.770031515948645,20.764860438607126,25.649340609499493,0.000656938491027699,0.013153488812404652,0.04994404909579278
bfo-9f24106a164c4fa21e6f26f6f44af53710e057caa1ad7c0bfbc849cc874200f3,2212,25.650110394162972,47.488379290653675,20.768664994386256,25.650110394162972,0.0006556216142343548,0.013134260814112763,0.0499169023299651
bfo-9f24106a164c4fa21e6f26f6f44af53710e057caa1ad7c0bfbc849cc874200f3,2213,25.64909907281725,47.797293863032635,20.766206284076453,25.64909907281725,0.0006561313261611886,0.013142678439007304,0.04992371450052366
bfo-9f24106a164c4fa21e6f26f6f44af53710e057caa1ad7c0bfbc849cc874200f3,2214,25.65177648048565,47.35612419893212,20.773367499919022,25.65177648048565,0.0006540014030001309,0.013112525195386431,0.049876083611281645
bfo-9f24106a164c4fa21e6f26f6f44af53710e057caa1ad7c0bfbc849cc874200f3,2215,25.649193127503647,47.72312569748702,20.765801144288027,25.649193127503647,0.0006564836126767243,0.013146928185927442,0.0499343727593666
bfo-9f24106a164c4fa21e6f26f6f44af53710e057caa1ad7c0bfbc849cc874200f3,2216,25.650805958968864,47.56935355798532,20.764376878506944,25.650805958968864,0.0006583203552511866,0.013166737773419668,0.04999874430401203
bfo-9f24106a164c4fa21e6f26f6f44af53710e057caa1ad7c0bfbc849cc874200f3,2217,25.649451220731066,47.8781315873051,20.76454499964071,25.649451220731066,0.0006571877991424445,0.01315451711097814,0.04995909721338129
bfo-9f24106a164c4fa21e6f26f6f44af53710e057caa1ad7c0bfbc849cc874200f3,2218,25.64963465965277,48.091960810695824,20.763323057837788,25.64963465965277,0.0006574379266268891,0.01316121568924383,0.04995267474904986
bfo-9f24106a164c4fa21e6f26f6f44af53710e057caa1ad7c0bfbc849cc874200f3,2219,25.64922439331893,47.986311601196846,20.764746897255506,25.64922439331893,0.0006568198292445926,0.013150637012382385,0.04994585651068795
bfo-9f24106a164c4fa21e6f26f6f44af53710e057caa1ad7c0bfbc849cc874200f3,2220,25.650627285296977,48.364754491904975,20.764950079601213,25.650627285296977,0.0006566814050038434,0.013148740764904033,0.04994253189298741
bfo-9f24106a164c4fa21e6f26f6f44af53710e057caa1ad7c0bfbc849cc874200f3,2221,25.649089973425824,47.72961808966646,20.766823099603588,25.649089973425824,0.0006557949960714797,0.013139544207088974,0.049910026233457076
bfo-9f24106a164c4fa21e6f26f6f44af53710e057caa1ad7c0bfbc849cc874200f3,2222,25.649443964577618,47.919969601296756,20.768457800805518,25.649443964577618,0.0006547834420120892,0.013127148736456686,0.04988009621568667
bfo-9f24106a164c4fa21e6f26f6f44af53710e057caa1ad7c0bfbc849cc874200f3,2223,25.649009078213755,47.802490848858255,20.764958378633622,25.649009078213755,0.0006567928855539136,0.01315144124884196,0.04994075349815724
bfo-9f24106a164c4fa21e6f26f6f44af53710e057caa1ad7c0bfbc849cc874200f3,2224,25.650768377911696,47.982552514690006,20.762233562951707,25.650768377911696,0.000658801281454772,0.013175948507037466,0.05000029266226235
bfo-9f24106a164c4fa21e6f26f6f44af53710e057caa1ad7c0bfbc849cc874200f3,2225,25.65010623759656,47.66173494221121,20.764668168359,25.65010623759656,0.0006577684044630817,0.013160667885658187,0.04997986501732816
bfo-9f24106a164c4fa21e6f26f6f44af53710e057caa1ad7c0bfbc849cc874200f3,2226,25.649300044739068,47.588527366557706,20.76679988171382,25.649300044739068,0.0006562549508424331,0.013142937579189967,0.04993213631947264
bfo-9f24106a164c4fa21e6f26f6f44af53710e057caa1ad7c0bfbc849cc874200f3,2227,25.64887864518584,47.88090468548364,20.76528600166977,25.64887864518584,0.0006564840528342608,0.013147394128273331,0.04993263656883145
bfo-9f24106a164c4fa21e6f26f6f44af53710e057caa1ad7c0bfbc849cc874200f3,2228,25.649390695399056,48.09501023954713,20.76622104936524,25.649390695399056,0.0006562725860715412,0.013138219435730738,0.04995141002796318
bfo-9f24106a164c4fa21e6f26f6f44af53710e057caa1ad7c0bfbc849cc874200f3,2229,25.648756227395,47.84987727043306,20.765131458042067,25.648756227395,0.0006565869791266779,0.013148514793217483,0.04993620872414967
bfo-9f24106a164c4fa21e6f26f6f44af53710e057caa1ad7c0bfbc849cc874200f3,2230,25.648955457914628,47.825262428781194,20.765272173779447,25.648955457914628,0.0006565491302057793,0.013148717468033698,0.049932560479905255
bfo-9f24106a164c4fa21e6f26f6f44af53710e057caa1ad7c0bfbc849cc874200f3,2231,25.648677489178656,47.76597055329732,20.765167813865347,25.648677489178656,0.0006566892100005197,0.013148785596138694,0.049942955202902144
bfo-9f24106a164c4fa21e6f26f6f44af53710e057caa1ad7c0bfbc849cc874200f3,2232,25.64927398408134,47.747535589553365,20.763676710968195,25.64927398408134,0.0006580724716891076,0.013161631339986985,0.04999930895266653
bfo-9f24106a164c4fa21e6f26f6f44af53710e057caa1ad7c0bfbc849cc874200f3,2233,25.648691575766186,47.67256160891553,20.76691322711839,25.648691575766186,0.0006557347844996552,0.013138419883873001,0.04990971443259696
bfo-9f24106a164c4fa21e6f26f6f44af53710e057caa1ad7c0bfbc849cc874200f3,2234,25.64935982531811,47.873728758244894,20.768552669547518,25.64935982531811,0.0006547549366533659,0.013126564273710896,0.04988014555832178
bfo-9f24106a164c4fa21e6f26f6f44af53710e057caa1ad7c0bfbc849cc874200f3,2235,25.648568334159627,47.779146548691784,20.76497575962482,25.648568334159627,0.000656669980662192,0.013149468014301897,0.0499389009462566
bfo-9f24106a164c4fa21e6f26f6f44af53710e057caa1ad7c0bfbc849cc874200f3,2236,25.649658797108856,48.057952646380485,20.76784270060003,25.649658797108856,0.0006550843997361709,0.013130499847238552,0.049890286535736135
bfo-9f24106a164c4fa21e6f26f6f44af53710e057caa1ad7c0bfbc849cc874200f3,2237,25.648539021722804,47.755171293084445,20.765391160703185,25.648539021722804,0.0006565424211699795,0.013146534703475134,0.049940340628046274
bfo-9f24106a164c4fa21e6f26f6f44af53710e057caa1ad7c0bfbc849cc874200f3,2238,25.648731291354792,47.67942005211243,20.765776737499866,25.648731291354792,0.0006564321170458137,0.01314637527565813,0.049932555801998554
bfo-9f24106a164c4fa21e6f26f6f44af53710e057caa1ad7c0bfbc849cc874200f3,2239,25.649247465225546,47.581968581392445,20.76852798146245,25.649247465225546,0.0006555263629104495,0.0131305188532091,0.04992387355281386
bfo-9f24106a164c4fa21e6f26f6f44af53710e057caa1ad7c0bfbc849cc874200f3,2240,25.64887254043436,47.850432906659634,20.76836948178058,25.64887254043436,0.0006549219923766503,0.013125763509962458,0.049895915912210695
bfo-9f24106a164c4fa21e6f26f6f44af53710e057caa1ad7c0bfbc849cc874200f3,2241,25.648433087016873,47.78649396940589,20.7656775429773,25.648433087016873,0.0006565022077149605,0.013143447532794398,0.049949011176627194
bfo-9f24106a164c4fa21e6f26f6f44af53710e057caa1ad7c0bfbc849cc874200f3,2242,25.651176867081624,48.316874723574095,20.77038563528293,25.651176867081624,0.0006541843949626714,0.013115044256671395,0.04988045653219197
bfo-9f24106a164c4fa21e6f26f6f44af53710e057caa1ad7c0bfbc849cc874200f3,2243,25.64884588414708,47.648719709067706,20.76548007719355,25.64884588414708,0.0006569957955121422,0.013148642077587902,0.04996681722989505
bfo-9f24106a164c4fa21e6f26f6f44af53710e057caa1ad7c0bfbc849cc874200f3,2244,25.64966312556311,47.64941016759673,20.77069450372436,25.64966312556311,0.0006545162601094244,0.013116081453308871,0.04990181423006532
bfo-9f24106a164c4fa21e6f26f6f44af53710e057caa1ad7c0bfbc849cc874200f3,2245,25.64859624015416,47.75125350590731,20.76649619918805,25.64859624015416,0.0006561326799743979,0.01313861055662643,0.049939274563814424
bfo-9f24106a164c4fa21e6f26f6f44af53710e057caa1ad7c0bfbc849cc874200f3,2246,25.6494292174243,47.72056027169377,20.76935437274296,25.6494292174243,0.0006548583902548093,0.013123226568713807,0.04990071510431838
bfo-9f24106a164c4fa21e6f26f6f44af53710e057caa1ad7c0bfbc849cc874200f3,2247,25.64866147155796,47.67896492622756,20.764567360089252,25.64866147155796,0.0006573300884881718,0.013153933460536846,0.04997213118495921
bfo-9f24106a164c4fa21e6f26f6f44af53710e057caa1ad7c0bfbc849cc874200f3,2248,25.649216938123537,47.56002873218694,20.764038534749915,25.649216938123537,0.0006581325126095126,0.013162040590673158,0.05000231598403338
bfo-9f24106a164c4fa21e6f26f6f44af53710e057caa1ad7c0bfbc849cc874200f3,2249,25.64859463551632,47.83048299742721,20.766084598587494,25.64859463551632,0.0006564090088031433,0.01314064953448391,0.04995255425392663
bfo-9f24106a164c4fa21e6f26f6f44af53710e057caa1ad7c0bfbc849cc874200f3,2250,25.648967165869394,47.58904521078922,20.766132004070876,25.648967165869394,0.0006568065124179384,0.01314528807087833,0.04996516690060277
bfo-9f24106a164c4fa21e6f26f6f44af53710e057caa1ad7c0bfbc849cc874200f3,2251,25.648249737253735,47.867026791678526,20.764642792367454,25.648249737253735,0.0006569401495657652,0.013148942433708342,0.04996144388628912
bfo-9f24106a164c4fa21e6f26f6f44af53710e057caa1ad7c0bfbc849cc874200f3,2252,25.65001482515244,48.13872449618408,20.76192370496843,25.65001482515244,0.0006591641395347936,0.01317206908860373,0.05004256621346544
bfo-9f24106a164c4fa21e6f26f6f44af53710e057caa1ad7c0bfbc849cc874200f3,2253,25.648277089418862,47.842408560996894,20.765014227062533,25.648277089418862,0.0006565800260595856,0.013147014301606239,0.04994137916008563
bfo-9f24106a164c4fa21e6f26f6f44af53710e057caa1ad7c0bfbc849cc874200f3,2254,25.64876704768109,47.671003439727826,20.764137779231017,25.64876704768109,0.0006576807679548862,0.01315758646444534,0.04998490944612697
bfo-9f24106a164c4fa21e6f26f6f44af53710e057caa1ad7c0bfbc849cc874200f3,2255,25.64844267321192,47.96995218893492,20.764297697373134,25.64844267321192,0.0006571192569366868,0.013150795806733097,0.04996802220898657
bfo-9f24106a164c4fa21e6f26f6f44af53710e057caa1ad7c0bfbc849cc874200f3,2256,25.648901346523207,47.99564969600505,20.76232510836708,25.648901346523207,0.0006583558589308728,0.013166327543666706,0.05000299869097184
bfo-9f24106a164c4fa21e6f26f6f44af53710e057caa1ad7c0bfbc849cc874200f3,2257,25.648176312669527,47.8323427027686,20.76447399858685,25.648176312669527,0.0006570644727997298,0.013150277373684042,0.04996582612885629
bfo-9f24106a164c4fa21e6f26f6f44af53710e057caa1ad7c0bfbc849cc874200f3,2258,25.65050339963091,47.37631868387227,20.77197048541046,25.65050339963091,0.0006545379231144866,0.01311631021089837,0.04990259551582042
bfo-9f24106a164c4fa21e6f26f6f44af53710e057caa1ad7c0bfbc849cc874200f3,2259,25.648172777957864,47.77705921582602,20.765311984181995,25.648172777957864,0.0006567199388825762,0.01314491817464413,0.04995998682969022
bfo-9f24106a164c4fa21e6f26f6f44af53710e057caa1ad7c0bfbc849cc874200f3,2260,25.64993863961842,47.37608750268325,20.76921629795571,25.64993863961842,0.0006559446980147051,0.013130679592674615,0.04995512177303036
bfo-9f24106a164c4fa21e6f26f6f44af53710e057caa1ad7c0bfbc849cc874200f3,2261,25.648400850063343,47.95202661734104,20.763579760544427,25.648400850063343,0.0006574352035206395,0.013155331002161905,0.04997481275177331
bfo-9f24106a164c4fa21e6f26f6f44af53710e057caa1ad7c0bfbc849cc874200f3,2262,25.648347585881865,48.03808286673761,20.765869330297768,25.648347585881865,0.000656092777736702,0.013137939706385863,0.04993878738976095
bfo-9f24106a164c4fa21e6f26f6f44af53710e057caa1ad7c0bfbc849cc874200f3,2263,25.648377242424846,47.73011399291234,20.764129951478075,25.648377242424846,0.0006575790396386466,0.013154587784146148,0.049988570560238914
bfo-9f24106a164c4fa21e6f26f6f44af53710e057caa1ad7c0bfbc849cc874200f3,2264,25.64837237997291,47.99389860109079,20.76370097241679,25.64837237997291,0.0006573790242358116,0.013153562912904261,0.0499772592862191
bfo-9f24106a164c4fa21e6f26f6f44af53710e057caa1ad7c0bfbc849cc874200f3,2265,25.64802765065033,47.77869731290102,20.766006638121958,25.64802765065033,0.0006561881125996746,0.013139342800503884,0.049940710320344965
bfo-9f24106a164c4fa21e6f26f6f44af53710e057caa1ad7c0bfbc849cc874200f3,2266,25.649215480125715,48.30201993958069,20.764988421234516,25.649215480125715,0.0006564504291295717,0.013143021569929992,0.049946690389025085
bfo-9f24106a164c4fa21e6f26f6f44af53710e057caa1ad7c0bfbc849cc874200f3,2267,25.647971272792592,47.85018051930949,20.764207795859843,25.647971272792592,0.00065699834281672,0.013150466440782532,0.04996007904170011
bfo-9f24106a164c4fa21e6f26f6f44af53710e057caa1ad7c0bfbc849cc874200f3,2268,25.648328150524453,47.73554570415116,20.763304582720455,25.648328150524453,0.000658033047202088,0.013159571129002472,0.05000414076959121
bfo-9f24106a164c4fa21e6f26f6f44af53710e057caa1ad7c0bfbc849cc874200f3,2269,25.648068560596837,47.9448259581279,20.76421388057357,25.648068560596837,0.0006569048189206131,0.013149602571107975,0.049956248895609234
bfo-9f24106a164c4fa21e6f26f6f44af53710e057caa1ad7c0bfbc849cc874200f3,2270,25.648258954599633,47.659715771733815,20.767515971416785,25.648258954599633,0.0006558482831559167,0.013131820669960988,0.049943438890859074
bfo-9f24106a164c4fa21e6f26f6f44af53710e057caa1ad7c0bfbc849cc874200f3,2271,25.64800405307821,47.95265360852386,20.762651208785616,25.64800405307821,0.0006576899558563244,0.013159567101518076,0.049978084444772794
bfo-9f24106a164c4fa21e6f26f6f44af53710e057caa1ad7c0bfbc849cc874200f3,2272,25.649025810599273,47.56804827618575,20.7639199468304,25.649025810599273,0.0006582370934799762,0.013161776988051677,0.0500112632266545
bfo-9f24106a164c4fa21e6f26f6f44af53710e057caa1ad7c0bfbc849cc874200f3,2273,25.64796489540121,47.911144472610154,20.764588825994046,25.64796489540121,0.0006566933252584477,0.013146893677587423,0.04995045532147006
bfo-9f24106a164c4fa21e6f26f6f44af53710e057caa1ad7c0bfbc849cc874200f3,2274,25.648247245986465,47.85059141192089,20.763263204993716,25.648247245986465,0.0006575299876342732,0.013158229386058689,0.04997100813054183
bfo-9f24106a164c4fa21e6f26f6f44af53710e057caa1ad7c0bfbc849cc874200f3,2275,25.64774577404654,47.809235826359455,20.764753826610306,25.64774577404654,0.0006564536102593707,0.0131466031756603,0.0499333250945562
bfo-9f24106a164c4fa21e6f26f6f44af53710e057caa1ad7c0bfbc849cc874200f3,2276,25.64848666572567,47.58910046643431,20.767515710748885,25.64848666572567,0.000655505010974614,0.013134165252681372,0.04990838765644365
bfo-9f24106a164c4fa21e6f26f6f44af53710e057caa1ad7c0bfbc849cc874200f3,2277,25.647747626503367,47.7725432733157,20.76528180511458,25.647747626503367,0.0006560213960373312,0.0131437397092147,0.04991131980325305
bfo-9f24106a164c4fa21e6f26f6f44af53710e057caa1ad7c0bfbc849cc874200f3,2278,25.64828554570788,47.77696389506282,20.767670791716075,25.64828554570788,0.0006554260143765136,0.013128929338114525,0.049922274505183745
bfo-9f24106a164c4fa21e6f26f6f44af53710e057caa1ad7c0bfbc849cc874200f3,2279,25.64818121262675,47.9323203282687,20.76680303457268,25.64818121262675,0.0006552792773588031,0.01313232284705281,0.049898200416681235
bfo-9f24106a164c4fa21e6f26f6f44af53710e057caa1ad7c0bfbc849cc874200f3,2280,25.647897732272977,47.759839064708345,20.76681161748872,25.647897732272977,0.0006553223891073342,0.013134407052811787,0.04989356477779057
bfo-9f24106a164c4fa21e6f26f6f44af53710e057caa1ad7c0bfbc849cc874200f3,2281,25.64776664293511,47.75979756038176,20.764324483047652,25.64776664293511,0.0006568229493295488,0.013150161325883052,0.049947900489763934
bfo-9f24106a164c4fa21e6f26f6f44af53710e057caa1ad7c0bfbc849cc874200f3,2282,25.647983620524705,47.638521901828554,20.765426086938696,25.647983620524705,0.0006564599337182432,0.013144707258556243,0.049941008255694384
bfo-9f24106a164c4fa21e6f26f6f44af53710e057caa1ad7c0bfbc849cc874200f3,2283,25.647748638744766,47.73387043483204,20.76461091163012,25.647748638744766,0.0006565019853518951,0.013149430006569068,0.04992626942946774
bfo-9f24106a164c4fa21e6f26f6f44af53710e057caa1ad7c0bfbc849cc874200f3,2284,25.648295369887553,47.58036575392069,20.76492980955863,25.648295369887553,0.0006567871106586834,0.013151340882439574,0.04994069551764591
bfo-9f24106a164c4fa21e6f26f6f44af53710e057caa1ad7c0bfbc849cc874200f3,2285,25.647750273465203,47.881343811666184,20.764844148300227,25.647750273465203,0.0006563377834020293,0.013145035058244752,0.04993047036343695
bfo-9f24106a164c4fa21e6f26f6f44af53710e057caa1ad7c0bfbc849cc874200f3,2286,25.648280864294353,47.56949432946322,20.765635174065643,25.648280864294353,0.0006564497934524254,0.013146111206309947,0.04993490342127479
bfo-9f24106a164c4fa21e6f26f6f44af53710e057caa1ad7c0bfbc849cc874200f3,2287,25.648136465611998,47.64101053245794,20.765164587864156,25.648136465611998,0.0006566761270884845,0.013147525584319383,0.04994674647157031
bfo-9f24106a164c4fa21e6f26f6f44af53710e057caa1ad7c0bfbc849cc874200f3,2288,25.64809559189177,47.71708988497539,20.763991051278396,25.64809559189177,0.0006570207764211315,0.013155221928685405,0.0499437242475154
bfo-9f24106a164c4fa21e6f26f6f44af53710e057caa1ad7c0bfbc849cc874200f3,2289,25.647840454001866,47.79736756502383,20.765989060432165,25.647840454001866,0.0006557890808090393,0.013138744863465439,0.04991261247735883
bfo-9f24106a164c4fa21e6f26f6f44af53710e057caa1ad7c0bfbc849cc874200f3,2290,25.64804281979619,48.020088347274346,20.7658834409013,25.64804281979619,0.0006553872948467929,0.013137057744878512,0.049888438307450995
bfo-9f24106a164c4fa21e6f26f6f44af53710e057caa1ad7c0bfbc849cc874200f3,2291,25.647698180298732,47.793689456554034,20.765260735454103,25.647698180298732,0.000656002119521551,0.013143442682673905,0.049910981115040234
bfo-9f24106a164c4fa21e6f26f6f44af53710e057caa1ad7c0bfbc849cc874200f3,2292,25.647760626872167,47.743556361889894,20.765133557925697,25.647760626872167,0.000655966217669354,0.013145609467923364,0.0499000232183969
bfo-9f24106a164c4fa21e6f26f6f44af53710e057caa1ad7c0bfbc849cc874200f3,2293,25.647743596302067,47.779054795301455,20.766005741221438,25.647743596302067,0.0006555013331466008,0.01313855433085109,0.049891435285798195
bfo-9f24106a164c4fa21e6f26f6f44af53710e057caa1ad7c0bfbc849cc874200f3,2294,25.648574051916526,47.63206779937491,20.768803035571047,25.648574051916526,0.0006544213709277198,0.013125378629864886,0.049859237541435904
bfo-9f24106a164c4fa21e6f26f6f44af53710e057caa1ad7c0bfbc849cc874200f3,2295,25.64769285054271,47.84407460066322,20.765774509179842,25.64769285054271,0.0006555733008249016,0.013138884937547352,0.049895657351519365
bfo-9f24106a164c4fa21e6f26f6f44af53710e057caa1ad7c0bfbc849cc874200f3,2296,25.651113185273857,48.35055878045177,20.771318751539162,25.651113185273857,0.0006531188291707,0.01310817439296643,0.04982530820776612
bfo-9f24106a164c4fa21e6f26f6f44af53710e057caa1ad7c0bfbc849cc874200f3,2297,25.647963042905964,47.781975389652715,20.76733167144063,25.647963042905964,0.0006548543973514387,0.013129726006499653,0.04987570928953612
bfo-9f24106a164c4fa21e6f26f6f44af53710e057caa1ad7c0bfbc849cc874200f3,2298,25.648463671212873,47.637385981007895,20.7686783589119,25.648463671212873,0.0006545973919868919,0.013125267467322933,0.049873070672014685
bfo-9f24106a164c4fa21e6f26f6f44af53710e057caa1ad7c0bfbc849cc874200f3,2299,25.647807881836638,47.96022635885537,20.765998512676948,25.647807881836638,0.0006551360679670328,0.013136338566755485,0.049872044987102016
bfo-9f24106a164c4fa21e6f26f6f44af53710e057caa1ad7c0bfbc849cc874200f3,2300,25.64755324922802,47.881310171804586,20.763098385543998,25.64755324922802,0.0006568683384160266,0.013155852677575977,0.04992974264113281
bfo-9f24106a164c4fa21e6f26f6f44af53710e057caa1ad7c0bfbc849cc874200f3,2301,25.64883834344171,48.088347934179616,20.761845658097972,25.64883834344171,0.0006580839538264901,0.013166624067431885,0.04998122149278069
bfo-9f24106a164c4fa21e6f26f6f44af53710e057caa1ad7c0bfbc849cc874200f3,2302,25.647522614574996,47.78484304731498,20.763347468687037,25.647522614574996,0.0006567577941655132,0.013155527474134418,0.04992257402500885
bfo-9f24106a164c4fa21e6f26f6f44af53710e057caa1ad7c0bfbc849cc874200f3,2303,25.649568216943315,48.13546616926266,20.759976218183155,25.649568216943315,0.0006590146085798322,0.013182970226286839,0.04998984274922789
bfo-9f24106a164c4fa21e6f26f6f44af53710e057caa1ad7c0bfbc849cc874200f3,2304,25.647683734804865,47.701328711997505,20.763465049030273,25.647683734804865,0.000656889589905149,0.013156833767891424,0.04992763467972471
bfo-9f24106a164c4fa21e6f26f6f44af53710e057caa1ad7c0bfbc849cc874200f3,2305,25.647321075083383,47.89125639264348,20.761914929539657,25.647321075083383,0.0006574799173635608,0.01316277117061337,0.04994996181589951
bfo-9f24106a164c4fa21e6f26f6f44af53710e057caa1ad7c0bfbc849cc874200f3,2306,25.646977915505413,47.937207524521185,20.762745888354054,25.646977915505413,0.0006565511232572565,0.01315446671847249,0.04991088862122234
bfo-9f24106a164c4fa21e6f26f6f44af53710e057caa1ad7c0bfbc849cc874200f3,2307,25.6473440917109,47.900217317905856,20.76546256330494,25.6473440917109,0.0006549838995776496,0.01313704455120322,0.049857781712223825
bfo-9f24106a164c4fa21e6f26f6f44af53710e057caa1ad7c0bfbc849cc874200f3,2308,25.647177255183134,48.02843495073151,20.761775461533087,25.647177255183134,0.0006569893595335157,0.013160724936942075,0.04992045367420077
bfo-9f24106a164c4fa21e6f26f6f44af53710e057caa1ad7c0bfbc849cc874200f3,2309,25.649237994351516,47.43972615437317,20.770448010615013,25.649237994351516,0.0006539414746272512,0.013119688957701017,0.04984428188317678
bfo-9f24106a164c4fa21e6f26f6f44af53710e057caa1ad7c0bfbc849cc874200f3,2310,25.647012992263015,48.056058527530226,20.76239088305634,25.647012992263015,0.0006566010980942921,0.0131551206479367,0.0499122064834332
bfo-9f24106a164c4fa21e6f26f6f44af53710e057caa1ad7c0bfbc849cc874200f3,2311,25.64992072395246,48.42367879633346,20.76748296776356,25.64992072395246,0.0006544343278320959,0.013127388649064096,0.049852590284873835
bfo-9f24106a164c4fa21e6f26f6f44af53710e057caa1ad7c0bfbc849cc874200f3,2312,25.64724256379628,48.05012857809467,20.763304589927415,25.64724256379628,0.0006561075394969849,0.013150765678036297,0.04989120447889817
bfo-9f24106a164c4fa21e6f26f6f44af53710e057caa1ad7c0bfbc849cc874200f3,2313,25.648267583643236,48.17345371505827,20.759837832391565,25.648267583643236,0.000658753869907149,0.01317724337378099,0.04999178137802964
bfo-9f24106a164c4fa21e6f26f6f44af53710e057caa1ad7c0bfbc849cc874200f3,2314,25.64704843859355,47.84667321617336,20.76121009077568,25.64704843859355,0.0006575451132989082,0.013166806333192763,0.049939605448686114
bfo-9f24106a164c4fa21e6f26f6f44af53710e057caa1ad7c0bfbc849cc874200f3,2315,25.648194900661178,48.31082638262085,20.760928971194758,25.648194900661178,0.0006574177870657112,0.013167552098249415,0.04992710734390129
bfo-9f24106a164c4fa21e6f26f6f44af53710e057caa1ad7c0bfbc849cc874200f3,2316,25.64712423460577,47.7280066479605,20.762481972502346,25.64712423460577,0.0006571591756485683,0.013160167647979473,0.04993547143371417
bfo-9f24106a164c4fa21e6f26f6f44af53710e057caa1ad7c0bfbc849cc874200f3,2317,25.648138194741616,47.87235521000535,20.76037453185748,25.648138194741616,0.0006584478661847534,0.013178319974522196,0.049964477069743225
bfo-9f24106a164c4fa21e6f26f6f44af53710e057caa1ad7c0bfbc849cc874200f3,2318,25.647321019753054,48.13821577430514,20.762467183615748,25.647321019753054,0.0006565642189297003,0.013155303856060698,0.04990870800960015
bfo-9f24106a164c4fa21e6f26f6f44af53710e057caa1ad7c0bfbc849cc874200f3,2319,25.647645044874956,48.081998986654256,20.76191690092106,25.647645044874956,0.0006571276717381482,0.013161703138255355,0.04992725218274855
bfo-9f24106a164c4fa21e6f26f6f44af53710e057caa1ad7c0bfbc849cc874200f3,2320,25.647023376359638,47.87408333945915,20.764038228941313,25.647023376359638,0.0006558832015512114,0.013146604765187853,0.04988993076661032
bfo-9f24106a164c4fa21e6f26f6f44af53710e057caa1ad7c0bfbc849cc874200f3,2321,25.648622252223706,47.41615191529656,20.767524247531757,25.648622252223706,0.0006554749762779059,0.013135436256530554,0.04990127190880493
bfo-9f24106a164c4fa21e6f26f6f44af53710e057caa1ad7c0bfbc849cc874200f3,2322,25.647114092178487,48.02924484464106,20.761612297453514,25.647114092178487,0.0006569894070406217,0.013161741985387176,0.04991659977608163
bfo-9f24106a164c4fa21e6f26f6f44af53710e057caa1ad7c0bfbc849cc874200f3,2323,25.647507885655504,48.06169608423938,20.76027454439455,25.647507885655504,0.000658032113479118,0.01317195699620673,0.049957049940917556
bfo-9f24106a164c4fa21e6f26f6f44af53710e057caa1ad7c0bfbc849cc874200f3,2324,25.64674604894341,47.913774436170605,20.762646182887043,25.64674604894341,0.0006564444849507789,0.013154613532920295,0.049902225048876044
bfo-9f24106a164c4fa21e6f26f6f44af53710e057caa1ad7c0bfbc849cc874200f3,2325,25.64718200763077,47.6286139468712,20.76259815227001,25.64718200763077,0.0006567740552066255,0.013161348933281747,0.049901728047480665
bfo-9f24106a164c4fa21e6f26f6f44af53710e057caa1ad7c0bfbc849cc874200f3,2326,25.64675588717714,47.962733929415464,20.762885003603824,25.64675588717714,0.0006562822232827726,0.013152267991006907,0.0498987873218153
bfo-9f24106a164c4fa21e6f26f6f44af53710e057caa1ad7c0bfbc849cc874200f3,2327,25.64684459205045,48.0385607909518,20.759517183556675,25.64684459205045,0.0006578613809282125,0.013175871548906504,0.04992924972639172
bfo-9f24106a164c4fa21e6f26f6f44af53710e057caa1ad7c0bfbc849cc874200f3,2328,25.646678569171467,47.96348199011393,20.762245263084303,25.646678569171467,0.000656628065594584,0.013156213491652339,0.049910110231277165
bfo-9f24106a164c4fa21e6f26f6f44af53710e057caa1ad7c0bfbc849cc874200f3,2329,25.646745353733834,47.96371947764613,20.761040116558735,25.646745353733834,0.000657650210893557,0.013164352201259378,0.04995689881577632
bfo-9f24106a164c4fa21e6f26f6f44af53710e057caa1ad7c0bfbc849cc874200f3,2330,25.646647609018768,47.83422037714223,20.762864544496495,25.646647609018768,0.0006563392095935126,0.013153409562959508,0.04989878908977246
bfo-9f24106a164c4fa21e6f26f6f44af53710e057caa1ad7c0bfbc849cc874200f3,2331,25.646984574270682,47.597132616650555,20.762489828741273,25.646984574270682,0.0006567610716958879,0.013161141540974553,0.04990152789187739
bfo-9f24106a164c4fa21e6f26f6f44af53710e057caa1ad7c0bfbc849cc874200f3,2332,25.646810658605695,47.83187963777729,20.764456405341374,25.646810658605695,0.0006555102475869636,0.013143013236189044,0.04987518735673401
bfo-9f24106a164c4fa21e6f26f6f44af53710e057caa1ad7c0bfbc849cc874200f3,2333,25.647011681596247,47.7289444125249,20.761181954113248,25.647011681596247,0.0006576156249253897,0.013169227434678528,0.049935778555520303
bfo-9f24106a164c4fa21e6f26f6f44af53710e057caa1ad7c0bfbc849cc874200f3,2334,25.646961820429947,47.807972676954236,20.764391570062187,25.646961820429947,0.0006557257434469661,0.013144151204758576,0.049887264170361476
bfo-9f24106a164c4fa21e6f26f6f44af53710e057caa1ad7c0bfbc849cc874200f3,2335,25.646977579770653,47.90974040701674,20.764564439311712,25.646977579770653,0.0006554007073021857,0.013142367522529412,0.04986930293789605
bfo-9f24106a164c4fa21e6f26f6f44af53710e057caa1ad7c0bfbc849cc874200f3,2336,25.646985176500866,47.719067260172196,20.76437864325322,25.646985176500866,0.0006557372399324428,0.013146171878953639,0.0498804706016544
bfo-9f24106a164c4fa21e6f26f6f44af53710e057caa1ad7c0bfbc849cc874200f3,2337,25.647151575709675,47.58187482982825,20.76276298493303,25.647151575709675,0.0006568858904823892,0.01315950745975548,0.04991720947697194
bfo-9f24106a164c4fa21e6f26f6f44af53710e057caa1ad7c0bfbc849cc874200f3,2338,25.646671755742137,47.78137248304069,20.7623469902149,25.646671755742137,0.0006566295729428746,0.013157739359584695,0.049904436848762765
bfo-9f24106a164c4fa21e6f26f6f44af53710e057caa1ad7c0bfbc849cc874200f3,2339,25.64690826981648,47.99647797957335,20.760463813582525,25.64690826981648,0.0006577272589080647,0.0131687828759801,0.04994594148163542
bfo-9f24106a164c4fa21e6f26f6f44af53710e057caa1ad7c0bfbc849cc874200f3,2340,25.646725733971294,47.89486245901337,20.7627836989161,25.646725733971294,0.0006565295079718203,0.013153005587908656,0.04991478970976468
bfo-9f24106a164c4fa21e6f26f6f44af53710e057caa1ad7c0bfbc849cc874200f3,2341,25.646734843442104,47.79284054339916,20.761701412461893,25.646734843442104,0.0006570432168795975,0.01316260024563182,0.04991743307692154
bfo-9f24106a164c4fa21e6f26f6f44af53710e057caa1ad7c0bfbc849cc874200f3,2342,25.646917633436434,47.76103992485359,20.76445168603362,25.646917633436434,0.0006557906394975843,0.013144442069779508,0.04989109739433656
bfo-9f24106a164c4fa21e6f26f6f44af53710e057caa1ad7c0bfbc849cc874200f3,2343,25.647335402993527,48.1799210328729,20.761352829899067,25.647335402993527,0.0006568313663578407,0.01316288048741718,0.049900275778217915
bfo-9f24106a164c4fa21e6f26f6f44af53710e057caa1ad7c0bfbc849cc874200f3,2344,25.646757586617202,47.90795399793198,20.76149160473839,25.646757586617202,0.0006571858546765943,0.013161995780197193,0.04993056263286147
bfo-9f24106a164c4fa21e6f26f6f44af53710e057caa1ad7c0bfbc849cc874200f3,2345,25.64771510687712,48.15288551092364,20.764998615041538,25.64771510687712,0.0006549648750767978,0.013139985009038565,0.04984517673545814
bfo-9f24106a164c4fa21e6f26f6f44af53710e057caa1ad7c0bfbc849cc874200f3,2346,25.647126481075947,47.63621763018813,20.763133638104794,25.647126481075947,0.0006568301887249939,0.01315627763736064,0.04992523013194518
bfo-9f24106a164c4fa21e6f26f6f44af53710e057caa1ad7c0bfbc849cc874200f3,2347,25.64674004630537,47.890039532641126,20.763577402636052,25.64674004630537,0.0006555097490403546,0.01314858946233114,0.04985399771726829
bfo-9f24106a164c4fa21e6f26f6f44af53710e057caa1ad7c0bfbc849cc874200f3,2348,25.64670082672284,47.953247737684165,20.76155862086816,25.64670082672284,0.0006568195170425329,0.01316104413020595,0.04990633801880996
bfo-9f24106a164c4fa21e6f26f6f44af53710e057caa1ad7c0bfbc849cc874200f3,2349,25.64736975382692,47.803092234885945,20.767002780715956,25.64736975382692,0.0006544266853733741,0.013128600140975758,0.04984740782308075
bfo-9f24106a164c4fa21e6f26f6f44af53710e057caa1ad7c0bfbc849cc874200f3,2350,25.64670866684379,47.92816548759767,20.761471332552926,25.64670866684379,0.0006569438290714859,0.013162048476219329,0.049911974588030594
bfo-9f24106a164c4fa21e6f26f6f44af53710e057caa1ad7c0bfbc849cc874200f3,2351,25.64763817653426,47.51728544214364,20.76643348366756,25.64763817653426,0.0006552054316769131,0.013137582674151408,0.04987260197920959
bfo-9f24106a164c4fa21e6f26f6f44af53710e057caa1ad7c0bfbc849cc874200f3,2352,25.646558482649322,47.884128851750894,20.763472758744435,25.646558482649322,0.0006557964284283095,0.01314805538067945,0.04987782675390739
bfo-9f24106a164c4fa21e6f26f6f44af53710e057caa1ad7c0bfbc849cc874200f3,2353,25.647696832567092,48.28694209739545,20.763471668043785,25.647696832567092,0.0006557263132239965,0.013146272211726751,0.04987925874827655
bfo-9f24106a164c4fa21e6f26f6f44af53710e057caa1ad7c0bfbc849cc874200f3,2354,25.64646881612573,47.94580131328933,20.76248643710814,25.64646881612573,0.0006562857857302417,0.01315353095262241,0.04989426702944721
bfo-9f24106a164c4fa21e6f26f6f44af53710e057caa1ad7c0bfbc849cc874200f3,2355,25.64642205036901,47.9747097911081,20.76220428338895,25.64642205036901,0.000656392662028673,0.013154388538576546,0.04989913899104748
bfo-9f24106a164c4fa21e6f26f6f44af53710e057caa1ad7c0bfbc849cc874200f3,2356,25.64852972421861,48.349350977520515,20.758685781727532,25.64852972421861,0.0006585685735043196,0.013182676539582694,0.0499571214940215
bfo-9f24106a164c4fa21e6f26f6f44af53710e057caa1ad7c0bfbc849cc874200f3,2357,25.646471374064525,47.88554241896549,20.763307837958223,25.646471374064525,0.0006560068708618302,0.013148082246402834,0.04989373039869037
bfo-9f24106a164c4fa21e6f26f6f44af53710e057caa1ad7c0bfbc849cc874200f3,2358,25.649620107038,48.5060580129594,20.76631038383101,25.649620107038,0.0006546287837450233,0.013132212762740798,0.04984908450481098
bfo-9f24106a164c4fa21e6f26f6f44af53710e057caa1ad7c0bfbc849cc874200f3,2359,25.646423776595483,47.92527289180374,20.760855566034014,25.646423776595483,0.0006573002055191824,0.01316436258772102,0.04993027206135109
bfo-9f24106a164c4fa21e6f26f6f44af53710e057caa1ad7c0bfbc849cc874200f3,2360,25.646673322431226,47.67108479919038,20.761226648075414,25.646673322431226,0.0006576264190975635,0.013167317447181668,0.04994384176849339
bfo-9f24106a164c4fa21e6f26f6f44af53710e057caa1ad7c0bfbc849cc874200f3,2361,25.64644914587732,48.002250590194166,20.76244205840624,25.64644914587732,0.0006563313321672056,0.013152404258299234,0.049902004171827156
bfo-9f24106a164c4fa21e6f26f6f44af53710e057caa1ad7c0bfbc849cc874200f3,2362,25.648172292613197,47.45721381520381,20.768962870198084,25.648172292613197,0.0006541152014219545,0.013124370986117882,0.04983973724255704
bfo-9f24106a164c4fa21e6f26f6f44af53710e057caa1ad7c0bfbc849cc874200f3,2363,25.646251500243977,47.84206539427548,20.762612069359996,25.646251500243977,0.0006562477312519189,0.013153040710756372,0.049893233487466424
bfo-9f24106a164c4fa21e6f26f6f44af53710e057caa1ad7c0bfbc849cc874200f3,2364,25.646293978910546,47.86613490433794,20.762193337886327,25.646293978910546,0.0006567573430817658,0.013155219328649671,0.049923709113041385
bfo-9f24106a164c4fa21e6f26f6f44af53710e057caa1ad7c0bfbc849cc874200f3,2365,25.64629065688068,47.870733551054975,20.763668745812975,25.64629065688068,0.0006557341936723619,0.013145158478914985,0.049884084297969374
bfo-9f24106a164c4fa21e6f26f6f44af53710e057caa1ad7c0bfbc849cc874200f3,2366,25.64662301033957,47.91324231060128,20.76345478506696,25.64662301033957,0.000656005343434042,0.013146449664485143,0.04989981022832549
bfo-9f24106a164c4fa21e6f26f6f44af53710e057caa1ad7c0bfbc849cc874200f3,2367,25.64637796578185,47.70139942878384,20.76304510229454,25.64637796578185,0.0006561285921424682,0.01315318982466453,0.049883610051161306
bfo-9f24106a164c4fa21e6f26f6f44af53710e057caa1ad7c0bfbc849cc874200f3,2368,25.646477856707214,47.697740789860745,20.763382194016142,25.646477856707214,0.0006560676189845493,0.013150153902012022,0.049890489789945994
bfo-9f24106a164c4fa21e6f26f6f44af53710e057caa1ad7c0bfbc849cc874200f3,2369,25.646362452126514,47.860877111113126,20.762725742568826,25.646362452126514,0.0006560995517789606,0.013152691732227531,0.04988329120276918
bfo-9f24106a164c4fa21e6f26f6f44af53710e057caa1ad7c0bfbc849cc874200f3,2370,25.646639582480933,47.84194731103041,20.765178118759035,25.646639582480933,0.0006548753282919001,0.013137153287200398,0.04984910459482488
bfo-9f24106a164c4fa21e6f26f6f44af53710e057caa1ad7c0bfbc849cc874200f3,2371,25.64624943983341,47.78815625845279,20.7616830329588,25.64624943983341,0.0006569836845388195,0.013160232620360611,0.04992188994610774
bfo-9f24106a164c4fa21e6f26f6f44af53710e057caa1ad7c0bfbc849cc874200f3,2372,25.64659938775407,47.73388415565901,20.76122925730493,25.64659938775407,0.0006573924762156727,0.013165326702482459,0.049933624213952435
bfo-9f24106a164c4fa21e6f26f6f44af53710e057caa1ad7c0bfbc849cc874200f3,2373,25.646211059299215,47.79711039445746,20.763259044913664,25.646211059299215,0.0006560033511229371,0.013149161620722782,0.049889367097677974
bfo-9f24106a164c4fa21e6f26f6f44af53710e057caa1ad7c0bfbc849cc874200f3,2374,25.646020593747306,47.89651765508962,20.76077218527371,25.646020593747306,0.0006571977460932345,0.013164143393753474,0.04992332022189015
bfo-9f24106a164c4fa21e6f26f6f44af53710e057caa1ad7c0bfbc849cc874200f3,2375,25.646352276193724,47.64696305793323,20.761313314072932,25.646352276193724,0.0006575560908242647,0.013165814091634965,0.04994420293706332
bfo-9f24106a164c4fa21e6f26f6f44af53710e057caa1ad7c0bfbc849cc874200f3,2376,25.646017055357145,47.75678180218543,20.7609526467652,25.646017055357145,0.000657435582752904,0.01316473589815692,0.049939139519308236
bfo-9f24106a164c4fa21e6f26f6f44af53710e057caa1ad7c0bfbc849cc874200f3,2377,25.646207482990143,47.94136601245741,20.760469511575405,25.646207482990143,0.0006574672504260161,0.013166226186754372,0.049935892115194586
bfo-9f24106a164c4fa21e6f26f6f44af53710e057caa1ad7c0bfbc849cc874200f3,2378,25.646539869195898,47.67377533393036,20.76078894514992,25.646539869195898,0.0006578657925221281,0.013169372999346184,0.04995422276784088
bfo-9f24106a164c4fa21e6f26f6f44af53710e057caa1ad7c0bfbc849cc874200f3,2379,25.64879887706327,47.24349514694143,20.768149119953147,25.64879887706327,0.0006555630900929892,0.01313407429738852,0.04991315529738829
bfo-9f24106a164c4fa21e6f26f6f44af53710e057caa1ad7c0bfbc849cc874200f3,2380,25.64579361169213,47.813641081392454,20.761994938015917,25.64579361169213,0.000656631883956644,0.013155518333600836,0.04991303780707174
bfo-9f24106a164c4fa21e6f26f6f44af53710e057caa1ad7c0bfbc849cc874200f3,2381,25.646565987986005,47.59784027719067,20.765112891436534,25.646565987986005,0.0006556394762939428,0.013140725409594559,0.04989370494076642
bfo-9f24106a164c4fa21e6f26f6f44af53710e057caa1ad7c0bfbc849cc874200f3,2382,25.64588908715314,47.79320706696005,20.762443241873306,25.64588908715314,0.0006563511777051165,0.013153354446057213,0.04989990807264083
bfo-9f24106a164c4fa21e6f26f6f44af53710e057caa1ad7c0bfbc849cc874200f3,2383,25.645708379385752,47.76794878002006,20.762051622193464,25.645708379385752,0.0006568094545278038,0.013154882235225127,0.049928949783301764
bfo-9f24106a164c4fa21e6f26f6f44af53710e057caa1ad7c0bfbc849cc874200f3,2384,25.64782053822383,48.375850079476095,20.764675449086408,25.64782053822383,0.0006552579993297113,0.013137012509083505,0.049878768013400104
bfo-9f24106a164c4fa21e6f26f6f44af53710e057caa1ad7c0bfbc849cc874200f3,2385,25.645912343748,47.70601898005866,20.76086466906541,25.645912343748,0.0006576871161439258,0.013164918000567445,0.04995755508052368
bfo-9f24106a164c4fa21e6f26f6f44af53710e057caa1ad7c0bfbc849cc874200f3,2386,25.646581451010988,47.63784340018972,20.765075709891818,25.646581451010988,0.000655504323782353,0.01313940699082309,0.049888425272173596
bfo-9f24106a164c4fa21e6f26f6f44af53710e057caa1ad7c0bfbc849cc874200f3,2387,25.645854287215393,47.88007999492061,20.761941173283827,25.645854287215393,0.0006568367565403604,0.013154358362564117,0.049933013715792236
bfo-9f24106a164c4fa21e6f26f6f44af53710e057caa1ad7c0bfbc849cc874200f3,2388,25.646098177941298,47.81352855749071,20.75969530595857,25.646098177941298,0.0006584196011880058,0.013172175447339096,0.04998563857734015
bfo-9f24106a164c4fa21e6f26f6f44af53710e057caa1ad7c0bfbc849cc874200f3,2389,25.64570938606555,47.910961470359226,20.760781861743318,25.64570938606555,0.0006573494413823058,0.01316160854484577,0.04994446075056161
bfo-9f24106a164c4fa21e6f26f6f44af53710e057caa1ad7c0bfbc849cc874200f3,2390,25.64659365272741,48.00961134725618,20.76001743302366,25.64659365272741,0.0006581906990302481,0.013168571906426799,0.0499819345413624
bfo-9f24106a164c4fa21e6f26f6f44af53710e057caa1ad7c0bfbc849cc874200f3,2391,25.645907847832277,47.686210513962884,20.763179759067885,25.645907847832277,0.0006563964820713773,0.01314894410257401,0.04992009068947845
bfo-9f24106a164c4fa21e6f26f6f44af53710e057caa1ad7c0bfbc849cc874200f3,2392,25.64581850638181,47.788145236510466,20.761242265311406,25.64581850638181,0.0006573347509621014,0.013160443153443984,0.04994776720646235
bfo-9f24106a164c4fa21e6f26f6f44af53710e057caa1ad7c0bfbc849cc874200f3,2393,25.645649407390017,47.885821727984364,20.7616733072891,25.645649407390017,0.0006568303529304336,0.013155283697306997,0.04992901468669145
bfo-9f24106a164c4fa21e6f26f6f44af53710e057caa1ad7c0bfbc849cc874200f3,2394,25.648079185667324,48.35578745746779,20.758131065631062,25.648079185667324,0.0006589975999537935,0.013183889597830756,0.04998506662724355
bfo-9f24106a164c4fa21e6f26f6f44af53710e057caa1ad7c0bfbc849cc874200f3,2395,25.645586313643253,47.82755815280838,20.76175355035004,25.645586313643253,0.0006568297281481144,0.013155355996562852,0.04992869279400168
bfo-9f24106a164c4fa21e6f26f6f44af53710e057caa1ad7c0bfbc849cc874200f3,2396,25.646652257786993,48.05359839763636,20.758882369964624,25.646652257786993,0.0006589369029325201,0.013176924884819669,0.05000688010991405
bfo-9f24106a164c4fa21e6f26f6f44af53710e057caa1ad7c0bfbc849cc874200f3,2397,25.645984221783895,47.73660716831724,20.761284359997692,25.645984221783895,0.0006573871403397825,0.013161722498105124,0.049946892622483544
bfo-9f24106a164c4fa21e6f26f6f44af53710e057caa1ad7c0bfbc849cc874200f3,2398,25.6473876567598,47.454744722755144,20.76838654213167,25.6473876567598,0.0006543899189393842,0.013124275871389895,0.04986103045623367
bfo-9f24106a164c4fa21e6f26f6f44af53710e057caa1ad7c0bfbc849cc874200f3,2399,25.645661801458193,47.93215089992479,20.76208913670496,25.645661801458193,0.0006564049547486709,0.013152045574446708,0.049908962908705945
bfo-9f24106a164c4fa21e6f26f6f44af53710e057caa1ad7c0bfbc849cc874200f3,2400,25.64632840458761,48.16626453970907,20.75945568699134,25.64632840458761,0.0006578632494725511,0.013169928630017522,0.0499519221367015
bfo-9f24106a164c4fa21e6f26f6f44af53710e057caa1ad7c0bfbc849cc874200f3,2401,25.645823185500767,47.940094583083535,20.760116025162162,25.645823185500767,0.0006575329026623503,0.013166084160145365,0.049941417255462126
bfo-9f24106a164c4fa21e6f26f6f44af53710e057caa1ad7c0bfbc849cc874200f3,2402,25.646750614109298,47.7237460308223,20.760177060837623,25.646750614109298,0.0006584166209298382,0.013174210148981924,0.04997769228546269
bfo-9f24106a164c4fa21e6f26f6f44af53710e057caa1ad7c0bfbc849cc874200f3,2403,25.645659113029687,47.68457033803317,20.76245145315524,25.645659113029687,0.0006567459174023734,0.013152894473030422,0.04993166475630207
bfo-9f24106a164c4fa21e6f26f6f44af53710e057caa1ad7c0bfbc849cc874200f3,2404,25.647564660356952,47.407070044426696,20.768106504554282,25.647564660356952,0.0006549530741935312,0.013125474444390946,0.049899382835141594
bfo-9f24106a164c4fa21e6f26f6f44af53710e057caa1ad7c0bfbc849cc874200f3,2405,25.6456234239051,47.79249329283624,20.762115430324226,25.6456234239051,0.0006566861772535024,0.013153257160839427,0.04992574608885648
bfo-9f24106a164c4fa21e6f26f6f44af53710e057caa1ad7c0bfbc849cc874200f3,2406,25.647384156245995,47.445956927488766,20.764262073182675,25.647384156245995,0.0006571591067323532,0.013151204342745191,0.04996950010094493
bfo-9f24106a164c4fa21e6f26f6f44af53710e057caa1ad7c0bfbc849cc874200f3,2407,25.64552317414111,47.83970669877296,20.762376024644936,25.64552317414111,0.0006564287694483054,0.013150595510515123,0.04991627709356809
bfo-9f24106a164c4fa21e6f26f6f44af53710e057caa1ad7c0bfbc849cc874200f3,2408,25.646472005054825,48.19027513733207,20.76054280104579,25.646472005054825,0.000657475710834155,0.01316149087479811,0.049954501134298
bfo-9f24106a164c4fa21e6f26f6f44af53710e057caa1ad7c0bfbc849cc874200f3,2409,25.645473498738195,47.90873149357385,20.76164452724412,25.645473498738195,0.000656724596565049,0.013154253321118786,0.04992488593105441
bfo-9f24106a164c4fa21e6f26f6f44af53710e057caa1ad7c0bfbc849cc874200f3,2410,25.645719956123465,47.75572973617782,20.761452379822174,25.645719956123465,0.0006571224446089512,0.01315903236938341,0.049936988234625175
bfo-9f24106a164c4fa21e6f26f6f44af53710e057caa1ad7c0bfbc849cc874200f3,2411,25.645831944717777,48.0186684229928,20.762702720736765,25.645831944717777,0.0006562126847636667,0.013146752876853646,0.04991443065146556
bfo-9f24106a164c4fa21e6f26f6f44af53710e057caa1ad7c0bfbc849cc874200f3,2412,25.645561791155213,47.96084340269361,20.762284214458788,25.645561791155213,0.0006564699276973223,0.013149672393414429,0.04992291123740035
bfo-9f24106a164c4fa21e6f26f6f44af53710e057caa1ad7c0bfbc849cc874200f3,2413,25.64541394762063,47.873417730660535,20.76126179794087,25.64541394762063,0.000656828611313668,0.013157185921738649,0.049921663737261514
bfo-9f24106a164c4fa21e6f26f6f44af53710e057caa1ad7c0bfbc849cc874200f3,2414,25.645910440265272,47.66732754077982,20.764884920412435,25.645910440265272,0.000655679901467153,0.013137053906090192,0.0499107262674158
bfo-9f24106a164c4fa21e6f26f6f44af53710e057caa1ad7c0bfbc849cc874200f3,2415,25.645531166747023,47.941488407192665,20.762047033193824,25.645531166747023,0.0006563909240870381,0.013151242182596409,0.04991094491101896
bfo-9f24106a164c4fa21e6f26f6f44af53710e057caa1ad7c0bfbc849cc874200f3,2416,25.645910122006025,47.6319774704515,20.764677797020916,25.645910122006025,0.0006556635790514032,0.013139070433660848,0.04990182390465504
bfo-9f24106a164c4fa21e6f26f6f44af53710e057caa1ad7c0bfbc849cc874200f3,2417,25.645446969446496,47.913852896304924,20.76219733205247,25.645446969446496,0.0006563028651459532,0.013149963283155763,0.04990910248294259
bfo-9f24106a164c4fa21e6f26f6f44af53710e057caa1ad7c0bfbc849cc874200f3,2418,25.645384479154497,47.724921015327055,20.761995314310777,25.645384479154497,0.000656273629680014,0.01315483194781744,0.049888408478596984
bfo-9f24106a164c4fa21e6f26f6f44af53710e057caa1ad7c0bfbc849cc874200f3,2419,25.646077612230076,47.65337346746644,20.760568780341284,25.646077612230076,0.0006573783345799128,0.013169006338201917,0.049918598085333644
bfo-9f24106a164c4fa21e6f26f6f44af53710e057caa1ad7c0bfbc849cc874200f3,2420,25.645204111305212,47.8317416054254,20.761812413647313,25.645204111305212,0.0006560365298201747,0.013153855317607734,0.04987408740477821
bfo-9f24106a164c4fa21e6f26f6f44af53710e057caa1ad7c0bfbc849cc874200f3,2421,25.645534992351326,47.656315034667465,20.76151695701088,25.645534992351326,0.000656627306748121,0.013160211105746637,0.049894891614724414
bfo-9f24106a164c4fa21e6f26f6f44af53710e057caa1ad7c0bfbc849cc874200f3,2422,25.645372998525406,47.91972956608548,20.761301160327793,25.645372998525406,0.0006562843767222189,0.013156617396486936,0.049882455113231396
bfo-9f24106a164c4fa21e6f26f6f44af53710e057caa1ad7c0bfbc849cc874200f3,2423,25.645507364465256,47.865476279486074,20.76320915302106,25.645507364465256,0.0006549841077938311,0.013145505887626795,0.04982570571211982
bfo-9f24106a164c4fa21e6f26f6f44af53710e057caa1ad7c0bfbc849cc874200f3,2424,25.64524002847301,47.74369125373468,20.762090200364764,25.64524002847301,0.0006560401073926288,0.013153180392611962,0.04987691857104928
bfo-9f24106a164c4fa21e6f26f6f44af53710e057caa1ad7c0bfbc849cc874200f3,2425,25.646134561238828,47.68725449652617,20.766378920764893,25.646134561238828,0.0006538506014925311,0.01312943917506871,0.049800345069888285
bfo-9f24106a164c4fa21e6f26f6f44af53710e057caa1ad7c0bfbc849cc874200f3,2426,25.645170428512834,47.79697490654165,20.762138465542595,25.645170428512834,0.0006558327256139872,0.013152390457514092,0.049864146577195276
bfo-9f24106a164c4fa21e6f26f6f44af53710e057caa1ad7c0bfbc849cc874200f3,2427,25.645603566620885,47.72011617192846,20.760509051445432,25.645603566620885,0.00065697434059528,0.013166475205759602,0.04989751093807477
bfo-9f24106a164c4fa21e6f26f6f44af53710e057caa1ad7c0bfbc849cc874200f3,2428,25.64500699744986,47.757365917786544,20.761492299422013,25.64500699744986,0.0006560979622065796,0.013156438172593187,0.04986896556648052
bfo-9f24106a164c4fa21e6f26f6f44af53710e057caa1ad7c0bfbc849cc874200f3,2429,25.64546911460017,47.70289531066918,20.759985963529353,25.64546911460017,0.0006572844872231989,0.013169997566523131,0.049907715161159404
bfo-9f24106a164c4fa21e6f26f6f44af53710e057caa1ad7c0bfbc849cc874200f3,2430,25.645055879359482,47.86463817764202,20.75982883066656,25.645055879359482,0.0006570120247699771,0.013166382565480143,0.049900724174044814
bfo-9f24106a164c4fa21e6f26f6f44af53710e057caa1ad7c0bfbc849cc874200f3,2431,25.646909726077727,48.303116907965794,20.764717903069183,25.646909726077727,0.000654106383714477,0.013134709462768925,0.04979983649951134
bfo-9f24106a164c4fa21e6f26f6f44af53710e057caa1ad7c0bfbc849cc874200f3,2432,25.64492956114341,47.86752896140317,20.760143472362,25.64492956114341,0.0006566336444336141,0.013163624456450158,0.049882435237041764
bfo-9f24106a164c4fa21e6f26f6f44af53710e057caa1ad7c0bfbc849cc874200f3,2433,25.647092199474503,48.333552968748236,20.75726694678615,25.647092199474503,0.0006582806913605428,0.01318655387947048,0.049920600740530764
bfo-9f24106a164c4fa21e6f26f6f44af53710e057caa1ad7c0bfbc849cc874200f3,2434,25.645000212799868,47.78536348864931,20.76018515337325,25.645000212799868,0.0006566980075848479,0.013165210165122473,0.049881315934065744
bfo-9f24106a164c4fa21e6f26f6f44af53710e057caa1ad7c0bfbc849cc874200f3,2435,25.645420074383814,47.554147651453235,20.762264634708394,25.645420074383814,0.0006563673617624775,0.013155197356808392,0.04989414783828983
bfo-9f24106a164c4fa21e6f26f6f44af53710e057caa1ad7c0bfbc849cc874200f3,2436,25.64548734664948,47.69076566553639,20.7597132140426,25.64548734664948,0.0006573826703743251,0.013171557795393515,0.049909257552226007
bfo-9f24106a164c4fa21e6f26f6f44af53710e057caa1ad7c0bfbc849cc874200f3,2437,25.645827418210384,48.09994324902433,20.758326543868566,25.645827418210384,0.0006577633045129701,0.013176488579168717,0.049919468344006054
bfo-9f24106a164c4fa21e6f26f6f44af53710e057caa1ad7c0bfbc849cc874200f3,2438,25.64483363527665,47.93312521649658,20.7609743260835,25.64483363527665,0.0006558615082331112,0.013156505053939218,0.04985073965648181
bfo-9f24106a164c4fa21e6f26f6f44af53710e057caa1ad7c0bfbc849cc874200f3,2439,25.6449706082895,47.93439992278017,20.76070968122652,25.6449706082895,0.0006561057677955921,0.013158860381738285,0.04986037914849588
bfo-9f24106a164c4fa21e6f26f6f44af53710e057caa1ad7c0bfbc849cc874200f3,2440,25.644736942515806,47.882831957241024,20.75982612093144,25.644736942515806,0.0006565142875558569,0.013164823366471094,0.049868826134644856
bfo-9f24106a164c4fa21e6f26f6f44af53710e057caa1ad7c0bfbc849cc874200f3,2441,25.64614021066154,47.509511281585795,20.76614943257275,25.64614021066154,0.0006542586362416335,0.013132018225636944,0.049821636324290125
bfo-9f24106a164c4fa21e6f26f6f44af53710e057caa1ad7c0bfbc849cc874200f3,2442,25.64471038170022,47.955760730358236,20.760107700888373,25.64471038170022,0.0006563590806737766,0.013161429707564547,0.04986989219693461
bfo-9f24106a164c4fa21e6f26f6f44af53710e057caa1ad7c0bfbc849cc874200f3,2443,25.645709271899662,47.9112443609346,20.765164371298596,25.645709271899662,0.0006542156702536054,0.013131431107485617,0.049820591898827205
bfo-9f24106a164c4fa21e6f26f6f44af53710e057caa1ad7c0bfbc849cc874200f3,2444,25.644751157139265,48.013235429178664,20.760832801772146,25.644751157139265,0.0006558068304657786,0.013155938159582721,0.04984873161539545
bfo-9f24106a164c4fa21e6f26f6f44af53710e057caa1ad7c0bfbc849cc874200f3,2445,25.64673116413462,48.35903104172577,20.761970398816647,25.64673116413462,0.0006554771595534361,0.013153060405473586,0.049834573806158626
bfo-9f24106a164c4fa21e6f26f6f44af53710e057caa1ad7c0bfbc849cc874200f3,2446,25.644974062147725,48.05387045314929,20.761155383670456,25.644974062147725,0.0006557363599038191,0.013154190968675086,0.04984999544748635
bfo-9f24106a164c4fa21e6f26f6f44af53710e057caa1ad7c0bfbc849cc874200f3,2447,25.646113598371,48.326277917469824,20.759195797975924,25.646113598371,0.0006570412520639018,0.013168690278674296,0.04989419890358654
bfo-9f24106a164c4fa21e6f26f6f44af53710e057caa1ad7c0bfbc849cc874200f3,2448,25.644802417499932,47.93984413950989,20.75929753272548,25.644802417499932,0.0006569796193510071,0.013168204396704627,0.049891359486751115
bfo-9f24106a164c4fa21e6f26f6f44af53710e057caa1ad7c0bfbc849cc874200f3,2449,25.646290546625078,47.56115133441773,20.767293041716055,25.646290546625078,0.0006534634882692918,0.013125678157251226,0.04978512199069034
bfo-9f24106a164c4fa21e6f26f6f44af53710e057caa1ad7c0bfbc849cc874200f3,2450,25.644758356039105,48.03858061099413,20.760442750382104,25.644758356039105,0.0006559250550965175,0.013157893618900109,0.049850308422796585
bfo-9f24106a164c4fa21e6f26f6f44af53710e057caa1ad7c0bfbc849cc874200f3,2451,25.646489543835294,48.37124563877395,20.76095048381287,25.646489543835294,0.0006560611633997343,0.013156741343885121,0.049865019479512135
bfo-9f24106a164c4fa21e6f26f6f44af53710e057caa1ad7c0bfbc849cc874200f3,2452,25.644971850473524,48.053372998640555,20.76056974030208,25.644971850473524,0.0006562069640015273,0.013157767970301798,0.04987220974580508
bfo-9f24106a164c4fa21e6f26f6f44af53710e057caa1ad7c0bfbc849cc874200f3,2453,25.64494885457441,47.623150278853196,20.76249863743661,25.64494885457441,0.0006554831790238038,0.01315073471242857,0.04984384472483626
bfo-9f24106a164c4fa21e6f26f6f44af53710e057caa1ad7c0bfbc849cc874200f3,2454,25.644791543947775,48.07290128241128,20.759378232224147,25.644791543947775,0.0006565057162821077,0.013165873339137192,0.0498641980954323
bfo-9f24106a164c4fa21e6f26f6f44af53710e057caa1ad7c0bfbc849cc874200f3,2455,25.646156127243387,48.11253924008946,20.764146541472467,25.646156127243387,0.0006545179403480572,0.013138272599925071,0.0498176556598308
bfo-9f24106a164c4fa21e6f26f6f44af53710e057caa1ad7c0bfbc849cc874200f3,2456,25.64475956073999,47.97920152783679,20.759521361012798,25.64475956073999,0.0006568863491442963,0.013165192285121887,0.04989568970341968
bfo-9f24106a164c4fa21e6f26f6f44af53710e057caa1ad7c0bfbc849cc874200f3,2457,25.64610464762045,47.47752964656388,20.76330324924646,25.64610464762045,0.0006561583185856975,0.013152104316073984,0.049889987397968454
bfo-9f24106a164c4fa21e6f26f6f44af53710e057caa1ad7c0bfbc849cc874200f3,2458,25.644968191402306,47.921147226176515,20.758744590781255,25.644968191402306,0.0006573443675874743,0.0131724044865465,0.04990314169739065
bfo-9f24106a164c4fa21e6f26f6f44af53710e057caa1ad7c0bfbc849cc874200f3,2459,25.644414569755373,47.82510217762144,20.760162725684545,25.644414569755373,0.0006566022638721368,0.013161327649176538,0.04988875601111703
bfo-9f24106a164c4fa21e6f26f6f44af53710e057caa1ad7c0bfbc849cc874200f3,2460,25.644308755698546,47.95537620724146,20.76078870553202,25.644308755698546,0.0006560762743329062,0.013155485576121211,0.04987092802745066
bfo-9f24106a164c4fa21e6f26f6f44af53710e057caa1ad7c0bfbc849cc874200f3,2461,25.644169159741264,47.670464523580634,20.760891041424067,25.644169159741264,0.0006562125590707466,0.01315839122315641,0.049870272736376016
bfo-9f24106a164c4fa21e6f26f6f44af53710e057caa1ad7c0bfbc849cc874200f3,2462,25.644047612306913,47.96996962630175,20.757905026815465,25.644047612306913,0.0006575036923659589,0.013174105662920769,0.049908791472391065
bfo-9f24106a164c4fa21e6f26f6f44af53710e057caa1ad7c0bfbc849cc874200f3,2463,25.64411816793458,47.7454628792214,20.75889463117478,25.64411816793458,0.0006572318029816444,0.013170971903440552,0.049900023156982116
bfo-9f24106a164c4fa21e6f26f6f44af53710e057caa1ad7c0bfbc849cc874200f3,2464,25.64390181190107,47.797774843350766,20.75956981342328,25.64390181190107,0.0006568875169571951,0.013163859226390778,0.04990083118180673
bfo-9f24106a164c4fa21e6f26f6f44af53710e057caa1ad7c0bfbc849cc874200f3,2465,25.644515526685236,47.99776265683599,20.762555117408834,25.644515526685236,0.0006553394270630424,0.01314299151888302,0.04986227268894544
bfo-9f24106a164c4fa21e6f26f6f44af53710e057caa1ad7c0bfbc849cc874200f3,2466,25.644055851977953,47.665003141708326,20.76028923690862,25.644055851977953,0.0006568124406790613,0.013161536175838139,0.04990393460945943
bfo-9f24106a164c4fa21e6f26f6f44af53710e057caa1ad7c0bfbc849cc874200f3,2467,25.645187925666725,47.61320262326956,20.758908670303562,25.645187925666725,0.0006584334946093167,0.0131766654638242,0.04996966010991241
bfo-9f24106a164c4fa21e6f26f6f44af53710e057caa1ad7c0bfbc849cc874200f3,2468,25.64399220819095,47.8879584578468,20.759749393028866,25.64399220819095,0.0006567514319436974,0.013161787620432778,0.04989834594535894
bfo-9f24106a164c4fa21e6f26f6f44af53710e057caa1ad7c0bfbc849cc874200f3,2469,25.64467078940387,47.76076085907549,20.757187077432548,25.64467078940387,0.0006585723911400472,0.013183203370740682,0.0499554146757463
bfo-9f24106a164c4fa21e6f26f6f44af53710e057caa1ad7c0bfbc849cc874200f3,2470,25.644070259350023,48.0079300673294,20.759575099627437,25.644070259350023,0.0006564967241818374,0.013161346977278224,0.04988066383442475
bfo-9f24106a164c4fa21e6f26f6f44af53710e057caa1ad7c0bfbc849cc874200f3,2471,25.644840451994607,48.183258164447125,20.756358872310916,25.644840451994607,0.0006583334311533746,0.013184783662313656,0.04993130323670785
bfo-9f24106a164c4fa21e6f26f6f44af53710e057caa1ad7c0bfbc849cc874200f3,2472,25.64397062895716,47.718133702063355,20.76077282893693,25.64397062895716,0.0006564307523780849,0.013156838050289632,0.04989274397609799
bfo-9f24106a164c4fa21e6f26f6f44af53710e057caa1ad7c0bfbc849cc874200f3,2473,25.645474107025372,48.216030027261795,20.76365690930081,25.645474107025372,0.0006543856466255603,0.013136821799531084,0.0498130869560032
bfo-9f24106a164c4fa21e6f26f6f44af53710e057caa1ad7c0bfbc849cc874200f3,2474,25.644054657562364,47.853328719750046,20.761332665513244,25.644054657562364,0.0006558911040075485,0.01315136983902295,0.04987245526784428
bfo-9f24106a164c4fa21e6f26f6f44af53710e057caa1ad7c0bfbc849cc874200f3,2475,25.64595055005894,47.47536016157128,20.75991246025031,25.64595055005894,0.000658358260631378,0.013174953020832356,0.049970444645258
bfo-9f24106a164c4fa21e6f26f6f44af53710e057caa1ad7c0bfbc849cc874200f3,2476,25.64382528690541,47.872918148294104,20.758588698577718,25.64382528690541,0.0006573129258458287,0.013169038289563366,0.0499135101130929
bfo-9f24106a164c4fa21e6f26f6f44af53710e057caa1ad7c0bfbc849cc874200f3,2477,25.644426686012267,47.59649703858605,20.760779698626425,25.644426686012267,0.000656730580932473,0.013160289232270493,0.049902442821856574
bfo-9f24106a164c4fa21e6f26f6f44af53710e057caa1ad7c0bfbc849cc874200f3,2478,25.643836153227575,47.75728114945168,20.759833336265054,25.643836153227575,0.0006566668163408874,0.013162117013404884,0.04989066847469209
bfo-9f24106a164c4fa21e6f26f6f44af53710e057caa1ad7c0bfbc849cc874200f3,2479,25.64449454001396,48.001900424596585,20.761940055995897,25.64449454001396,0.0006553017045319555,0.01314700375135484,0.04984418631997611
bfo-9f24106a164c4fa21e6f26f6f44af53710e057caa1ad7c0bfbc849cc874200f3,2480,25.64393423394168,47.91209995787558,20.759851469289423,25.64393423394168,0.000656574882399186,0.013159752854373975,0.04989264537600771
bfo-9f24106a164c4fa21e6f26f6f44af53710e057caa1ad7c0bfbc849cc874200f3,2481,25.64436855556369,47.95920993546509,20.756652341609698,25.64436855556369,0.0006584864209725802,0.013184456676321931,0.04994414537803147
bfo-9f24106a164c4fa21e6f26f6f44af53710e057caa1ad7c0bfbc849cc874200f3,2482,25.644115820815475,47.99557441852656,20.75940866948618,25.644115820815475,0.0006569149780788147,0.013162757390350686,0.04990709458493734
bfo-9f24106a164c4fa21e6f26f6f44af53710e057caa1ad7c0bfbc849cc874200f3,2483,25.645444794636735,48.21060938353232,20.756950576876594,25.645444794636735,0.0006582319613421998,0.013183113492121184,0.04992993208589067
bfo-9f24106a164c4fa21e6f26f6f44af53710e057caa1ad7c0bfbc849cc874200f3,2484,25.643956984036976,47.81094451307969,20.758301322294116,25.643956984036976,0.0006576561219260419,0.013172279988324676,0.04992728081311353
bfo-9f24106a164c4fa21e6f26f6f44af53710e057caa1ad7c0bfbc849cc874200f3,2485,25.645251292537075,47.757358511019696,20.757274382713916,25.645251292537075,0.000659029813991802,0.01318605884348634,0.04997928659459533
bfo-9f24106a164c4fa21e6f26f6f44af53710e057caa1ad7c0bfbc849cc874200f3,2486,25.64393171443335,47.770845414415625,20.760439891381477,25.64393171443335,0.0006563946220522112,0.01315817388855688,0.0498849329406606
bfo-9f24106a164c4fa21e6f26f6f44af53710e057caa1ad7c0bfbc849cc874200f3,2487,25.64393386592964,47.70585766099151,20.759719275249438,25.64393386592964,0.0006572909530179815,0.013164323442015154,0.049929717688352804
bfo-9f24106a164c4fa21e6f26f6f44af53710e057caa1ad7c0bfbc849cc874200f3,2488,25.643850598894897,47.95416425372375,20.75843574319383,25.643850598894897,0.0006570763048757923,0.013169455369929759,0.04989396193073525
bfo-9f24106a164c4fa21e6f26f6f44af53710e057caa1ad7c0bfbc849cc874200f3,2489,25.644736236678735,48.206005630395794,20.75945005828722,25.644736236678735,0.0006566051404810068,0.013163547816996829,0.04988056028734104
bfo-9f24106a164c4fa21e6f26f6f44af53710e057caa1ad7c0bfbc849cc874200f3,2490,25.644094667206694,47.87821952544367,20.757432085165796,25.644094667206694,0.0006580519601196723,0.013178273192708067,0.049934612107130405
bfo-9f24106a164c4fa21e6f26f6f44af53710e057caa1ad7c0bfbc849cc874200f3,2491,25.644003913336267,47.82049280104201,20.75797517336988,25.644003913336267,0.0006578756589113617,0.013174368212074966,0.049936030959601224
bfo-9f24106a164c4fa21e6f26f6f44af53710e057caa1ad7c0bfbc849cc874200f3,2492,25.643887680547728,47.955183628847905,20.758573843724665,25.643887680547728,0.0006573528495280135,0.01316785040765275,0.04992104475503308
bfo-9f24106a164c4fa21e6f26f6f44af53710e057caa1ad7c0bfbc849cc874200f3,2493,25.64442303280389,48.22781017662429,20.758521685510054,25.64442303280389,0.0006570341862671503,0.013166791918873431,0.049900855904417375
bfo-9f24106a164c4fa21e6f26f6f44af53710e057caa1ad7c0bfbc849cc874200f3,2494,25.64376040854724,47.8742925755775,20.758299232862257,25.64376040854724,0.0006574631058800084,0.01317084158720677,0.04991807862290454
bfo-9f24106a164c4fa21e6f26f6f44af53710e057caa1ad7c0bfbc849cc874200f3,2495,25.64389506209239,48.012176761273096,20.757655025290152,25.64389506209239,0.0006575955187312776,0.013173734252851814,0.049917168974994555
bfo-9f24106a164c4fa21e6f26f6f44af53710e057caa1ad7c0bfbc849cc874200f3,2496,25.643764834684657,47.94478342952034,20.757842998948508,25.643764834684657,0.00065757421378211,0.013172875359057357,0.049918806324237903
bfo-9f24106a164c4fa21e6f26f6f44af53710e057caa1ad7c0bfbc849cc874200f3,2497,25.644002971583607,47.96685274374829,20.759934993360833,25.644002971583607,0.0006563839953296125,0.013159208325529994,0.04988020396760277
bfo-9f24106a164c4fa21e6f26f6f44af53710e057caa1ad7c0bfbc849cc874200f3,2498,25.64390624239114,47.952458612573125,20.759597920281177,25.64390624239114,0.0006566182308031468,0.013161174981037662,0.04989054789934699
bfo-9f24106a164c4fa21e6f26f6f44af53710e057caa1ad7c0bfbc849cc874200f3,2499,25.645312430056443,47.42277028100196,20.765254718244915,25.645312430056443,0.0006547438187572422,0.013137387661576544,0.04983820494786785
bfo-9f24106a164c4fa21e6f26f6f44af53710e057caa1ad7c0bfbc849cc874200f3,2500,25.64396999240776,47.91104651962325,20.757463744037235,25.64396999240776,0.00065803978757675,0.013176873023369796,0.04993899435850113
