run_id,evaluation_index,training_objective,expected_energy,cvar_0.10,cvar_0.25,p_opt,p_feas,p_opt_given_feas
bfo-6759d0e2ceeddb39d0cfc93266383e880147aba8e84ed9e481474fa39db9085f,0,44.88772841252191,44.88772841252191,22.08191033299239,26.868613236228605,0.0005121472607479562,0.010020918718626176,0.05110781507448145
bfo-6759d0e2ceeddb39d0cfc93266383e880147aba8e84ed9e481474fa39db9085f,1,44.88772841252191,44.88772841252191,22.08191033299239,26.868613236228605,0.0005121472607479562,0.010020918718626176,0.05110781507448145
bfo-6759d0e2ceeddb39d0cfc93266383e880147aba8e84ed9e481474fa39db9085f,2,88.49135078506504,88.49135078506504,31.098594648549852,40.89804760106517,7.699025713064347e-05,0.0017055488589115923,0.045141044613506605
bfo-6759d0e2ceeddb39d0cfc93266383e880147aba8e84ed9e481474fa39db9085f,3,88.50553327638664,88.50553327638664,31.117781271558442,40.90662831810921,7.460392840683305e-05,0.0016904430683101562,0.04413276602175697
bfo-6759d0e2ceeddb39d0cfc93266383e880147aba8e84ed9e481474fa39db9085f,4,88.50510250631882,88.50510250631882,31.124806174426165,40.913460414070876,7.226081987357581e-05,0.001694352481445006,0.04264804440924189
bfo-6759d0e2ceeddb39d0cfc93266383e880147aba8e84ed9e481474fa39db9085f,5,88.50310002379481,88.50310002379481,31.12580516910777,40.91510645058056,7.175441339422925e-05,0.0016949913898507405,0.04233320229464286
bfo-6759d0e2ceeddb39d0cfc93266383e880147aba8e84ed9e481474fa39db9085f,6,88.50338524430319,88.50338524430319,31.125641597912036,40.91475799715827,7.128815086015853e-05,0.0016957091869718136,0.04204031646927882
bfo-6759d0e2ceeddb39d0cfc93266383e880147aba8e84ed9e481474fa39db9085f,7,88.50306064162852,88.50306064162852,31.125794157302167,40.915115873252546,7.178831963476207e-05,0.0016949751574424259,0.04235361168542704
bfo-6759d0e2ceeddb39d0cfc93266383e880147aba8e84ed9e481474fa39db9085f,8,88.50343771970725,88.50343771970725,31.125658533059735,40.914758045753665,7.128321711581173e-05,0.0016956854181702623,0.04203799617073445
bfo-6759d0e2ceeddb39d0cfc93266383e880147aba8e84ed9e481474fa39db9085f,9,88.50066576845524,88.50066576845524,31.13734740637496,40.92524034873124,7.170502526119063e-05,0.0016941180970427563,0.04232587172426677
bfo-6759d0e2ceeddb39d0cfc93266383e880147aba8e84ed9e481474fa39db9085f,10,88.50017726650808,88.50017726650808,31.136668683145956,40.92416832204527,7.137805789280256e-05,0.001694280985704238,0.04212881953764821
bfo-6759d0e2ceeddb39d0cfc93266383e880147aba8e84ed9e481474fa39db9085f,11,88.49739336875383,88.49739336875383,31.136949097220132,40.91958827340186,7.263332485724147e-05,0.0016945725605136016,0.042862327969731384
bfo-6759d0e2ceeddb39d0cfc93266383e880147aba8e84ed9e481474fa39db9085f,12,88.4904807413204,88.4904807413204,31.134743614914683,40.91583405325025,7.428522724275667e-05,0.001698653082246022,0.04373184143317481
bfo-6759d0e2ceeddb39d0cfc93266383e880147aba8e84ed9e481474fa39db9085f,13,88.48207329339428,88.48207329339428,31.13230190355539,40.91481296353787,7.192988092411186e-05,0.0017093846994657015,0.04207939906481837
bfo-6759d0e2ceeddb39d0cfc93266383e880147aba8e84ed9e481474fa39db9085f,14,88.49071135870288,88.49071135870288,31.13467813793621,40.9158053133326,7.425472058387513e-05,0.0016986676860836945,0.04371350629214039
bfo-6759d0e2ceeddb39d0cfc93266383e880147aba8e84ed9e481474fa39db9085f,15,88.49438470241722,88.49438470241722,31.127979646007773,40.91443511541164,6.993029384097713e-05,0.0017399029377828006,0.040192066075876026
bfo-6759d0e2ceeddb39d0cfc93266383e880147aba8e84ed9e481474fa39db9085f,16,88.4829937520916,88.4829937520916,31.125562622686562,40.90779908280195,7.324963203614284e-05,0.0017135471877217988,0.04274736789334056
bfo-6759d0e2ceeddb39d0cfc93266383e880147aba8e84ed9e481474fa39db9085f,17,88.48266430668494,88.48266430668494,31.125794493333164,40.90813204905488,7.304929959361788e-05,0.0017147770653621374,0.04259988138935768
bfo-6759d0e2ceeddb39d0cfc93266383e880147aba8e84ed9e481474fa39db9085f,18,86.02287314492062,86.02287314492062,35.11492207104894,45.99266220137702,5.168831125797214e-05,0.0012084588199521285,0.042772091530615584
bfo-6759d0e2ceeddb39d0cfc93266383e880147aba8e84ed9e481474fa39db9085f,19,65.7566242174773,65.7566242174773,27.110164823309287,34.38445031246683,0.00020499831679308587,0.004000970983397404,0.05123714159481672
bfo-6759d0e2ceeddb39d0cfc93266383e880147aba8e84ed9e481474fa39db9085f,20,65.75614252995997,65.75614252995997,27.1105793776089,34.38432529709341,0.00020378890613672755,0.004011016859628909,0.05080729233224457
bfo-6759d0e2ceeddb39d0cfc93266383e880147aba8e84ed9e481474fa39db9085f,21,65.75640571301061,65.75640571301061,27.110021021657424,34.384436011482194,0.00020479436164659492,0.0040031630203766835,0.05115813685432288
bfo-6759d0e2ceeddb39d0cfc93266383e880147aba8e84ed9e481474fa39db9085f,22,65.75640230993237,65.75640230993237,27.109928982736808,34.38425347527153,0.00020466461244649404,0.004003431872063275,0.0511222918203463
bfo-6759d0e2ceeddb39d0cfc93266383e880147aba8e84ed9e481474fa39db9085f,23,65.75514973998507,65.75514973998507,27.108460412501827,34.381794209562216,0.00020544842951824256,0.003995578986394792,0.051418938336047895
bfo-6759d0e2ceeddb39d0cfc93266383e880147aba8e84ed9e481474fa39db9085f,24,65.75664267296011,65.75664267296011,27.103535388992007,34.379877514905274,0.00020600503017145685,0.004000080532229751,0.051500220685963084
bfo-6759d0e2ceeddb39d0cfc93266383e880147aba8e84ed9e481474fa39db9085f,25,65.75121708069511,65.75121708069511,27.097901210190987,34.37488012242583,0.00020547384176724032,0.004005798209231732,0.05129410695069633
bfo-6759d0e2ceeddb39d0cfc93266383e880147aba8e84ed9e481474fa39db9085f,26,65.74740757368852,65.74740757368852,27.09802389322876,34.374082333822244,0.00020689942409470906,0.004001329394660955,0.05170767104822179
bfo-6759d0e2ceeddb39d0cfc93266383e880147aba8e84ed9e481474fa39db9085f,27,65.74744629207302,65.74744629207302,27.09828022971905,34.37417450379402,0.0002069818720992082,0.004000874474835466,0.05173415796998236
bfo-6759d0e2ceeddb39d0cfc93266383e880147aba8e84ed9e481474fa39db9085f,28,65.74757708537425,65.74757708537425,27.098456983500974,34.37426043491676,0.00020697067612891325,0.0040005284255538315,0.05173583439799214
bfo-6759d0e2ceeddb39d0cfc93266383e880147aba8e84ed9e481474fa39db9085f,29,65.74721677315726,65.74721677315726,27.097634240589905,34.37317544171124,0.0002061200540946721,0.004000982884291525,0.05151735462401782
bfo-6759d0e2ceeddb39d0cfc93266383e880147aba8e84ed9e481474fa39db9085f,30,65.74690471486988,65.74690471486988,27.097636179402354,34.37309262531802,0.00020618555355790086,0.00400105593702828,0.05153278454563218
bfo-6759d0e2ceeddb39d0cfc93266383e880147aba8e84ed9e481474fa39db9085f,31,65.74648531921204,65.74648531921204,27.097608836186993,34.37258461098878,0.00020728552917159321,0.004001469927708773,0.05180234586700596
bfo-6759d0e2ceeddb39d0cfc93266383e880147aba8e84ed9e481474fa39db9085f,32,65.73917502419685,65.73917502419685,27.095257712786164,34.36998958889152,0.00021332037072815396,0.00400502156678417,0.05326322646982384
bfo-6759d0e2ceeddb39d0cfc93266383e880147aba8e84ed9e481474fa39db9085f,33,65.7323835754744,65.7323835754744,27.09407769045364,34.368478638628844,0.00021204641106799426,0.004012536437246331,0.052845977696221146
bfo-6759d0e2ceeddb39d0cfc93266383e880147aba8e84ed9e481474fa39db9085f,34,65.73239454255152,65.73239454255152,27.094678620830877,34.369128226354896,0.0002120406132920876,0.0040123053234512535,0.052847576691819956
bfo-6759d0e2ceeddb39d0cfc93266383e880147aba8e84ed9e481474fa39db9085f,35,65.73683316517898,65.73683316517898,27.105298169878637,34.38173250071676,0.0002143828892066116,0.0039870868029066395,0.05376930571221163
bfo-6759d0e2ceeddb39d0cfc93266383e880147aba8e84ed9e481474fa39db9085f,36,65.72893234812562,65.72893234812562,27.08315098050472,34.36187173580619,0.00021352225439641288,0.004017179216617255,0.053152284944910554
bfo-6759d0e2ceeddb39d0cfc93266383e880147aba8e84ed9e481474fa39db9085f,37,65.73055565200536,65.73055565200536,27.089498058433044,34.366297705179676,0.00021339190877909812,0.00400972873889636,0.05321853987505206
bfo-6759d0e2ceeddb39d0cfc93266383e880147aba8e84ed9e481474fa39db9085f,38,65.73005612028112,65.73005612028112,27.089652325682405,34.36299576766544,0.0002136178406125626,0.004004263579242634,0.05334759722609625
bfo-6759d0e2ceeddb39d0cfc93266383e880147aba8e84ed9e481474fa39db9085f,39,65.8495790246804,65.8495790246804,26.856445653073642,34.3711727648556,0.00022348274989362213,0.003968370017224038,0.05631600604873868
bfo-6759d0e2ceeddb39d0cfc93266383e880147aba8e84ed9e481474fa39db9085f,40,65.70691970848682,65.70691970848682,26.643599876489716,34.00758364888625,0.0002270465983493275,0.004239703365120563,0.05355247261334545
bfo-6759d0e2ceeddb39d0cfc93266383e880147aba8e84ed9e481474fa39db9085f,41,69.24662474343549,69.24662474343549,25.01032117084697,31.004944023739654,0.0002783571299283069,0.005378278660172621,0.05175580283513476
bfo-6759d0e2ceeddb39d0cfc93266383e880147aba8e84ed9e481474fa39db9085f,42,44.90102991353611,44.90102991353611,22.081029609199813,26.870778187817155,0.0005132312154866263,0.010029987110713165,0.05116967846732695
bfo-6759d0e2ceeddb39d0cfc93266383e880147aba8e84ed9e481474fa39db9085f,43,44.89983444035461,44.89983444035461,22.08226559599007,26.86941333456297,0.0005138723855316216,0.010010350058104743,0.0513341074536721
bfo-6759d0e2ceeddb39d0cfc93266383e880147aba8e84ed9e481474fa39db9085f,44,44.89941268027047,44.89941268027047,22.082943520365532,26.87067006999078,0.0005146925826445326,0.010013917066358463,0.05139772770573777
bfo-6759d0e2ceeddb39d0cfc93266383e880147aba8e84ed9e481474fa39db9085f,45,44.89822671344815,44.89822671344815,22.08217942100792,26.869788904300627,0.000513492105747459,0.010019530044521142,0.05124912081362994
bfo-6759d0e2ceeddb39d0cfc93266383e880147aba8e84ed9e481474fa39db9085f,46,44.89822791977327,44.89822791977327,22.08220715648911,26.869779789324458,0.0005135295572112564,0.010019442001171375,0.05125330903170252
bfo-6759d0e2ceeddb39d0cfc93266383e880147aba8e84ed9e481474fa39db9085f,47,44.89835292874516,44.89835292874516,22.08212866865014,26.869739972963377,0.0005133241411532123,0.0100194921392404,0.051232550913716125
bfo-6759d0e2ceeddb39d0cfc93266383e880147aba8e84ed9e481474fa39db9085f,48,44.89017699848647,44.89017699848647,22.082717933883703,26.86902810083521,0.0005114188815560873,0.010021081965525654,0.05103429782487174
bfo-6759d0e2ceeddb39d0cfc93266383e880147aba8e84ed9e481474fa39db9085f,49,44.88942921114351,44.88942921114351,22.08247608056296,26.868855102759376,0.0005113527380666168,0.010021076761396457,0.051027723890557125
bfo-6759d0e2ceeddb39d0cfc93266383e880147aba8e84ed9e481474fa39db9085f,50,44.88816757214464,44.88816757214464,22.082069019347163,26.868632671661146,0.0005115638024386561,0.010021016963107499,0.05104909055857153
bfo-6759d0e2ceeddb39d0cfc93266383e880147aba8e84ed9e481474fa39db9085f,51,44.8877221654538,44.8877221654538,22.081923069364446,26.868608761276153,0.0005120238546574679,0.010020938602863936,0.051095398839299734
bfo-6759d0e2ceeddb39d0cfc93266383e880147aba8e84ed9e481474fa39db9085f,52,44.8885496946848,44.8885496946848,22.085699819876982,26.871184690731788,0.0005115958334603329,0.010004429924902325,0.051136930070038715
bfo-6759d0e2ceeddb39d0cfc93266383e880147aba8e84ed9e481474fa39db9085f,53,44.90064963653518,44.90064963653518,22.084037384705532,26.87268648495984,0.0005111008525231478,0.010021996073634323,0.050997909874235754
bfo-6759d0e2ceeddb39d0cfc93266383e880147aba8e84ed9e481474fa39db9085f,54,1000000.497261536,44.88745437246359,22.08149315331384,26.868592057022624,0.0005117785418715588,0.010022489843881153,0.05106301426526319
bfo-6759d0e2ceeddb39d0cfc93266383e880147aba8e84ed9e481474fa39db9085f,55,1000000.3805596526,44.88766804273811,22.08188978191444,26.868634964837604,0.0005119761487438572,0.010021263044764162,0.051088984138716015
bfo-6759d0e2ceeddb39d0cfc93266383e880147aba8e84ed9e481474fa39db9085f,56,1000000.496303812,44.887667859128,22.081889361683384,26.86863497159591,0.0005119781544731331,0.010021256967018558,0.05108921527091154
bfo-6759d0e2ceeddb39d0cfc93266383e880147aba8e84ed9e481474fa39db9085f,57,1000000.3868351293,44.8876684359589,22.08189087684364,26.8686349369785,0.0005119711912607958,0.010021277834537,0.051088414044000975
bfo-6759d0e2ceeddb39d0cfc93266383e880147aba8e84ed9e481474fa39db9085f,58,44.88774151580307,44.88774151580307,22.081935561631056,26.86861206196707,0.0005120292844745475,0.010020932647289765,0.05109597105345575
bfo-6759d0e2ceeddb39d0cfc93266383e880147aba8e84ed9e481474fa39db9085f,59,44.88772560794162,44.88772560794162,22.081887380975473,26.868584161117415,0.0005122331490092487,0.010020937639840041,0.05111628945506792
bfo-6759d0e2ceeddb39d0cfc93266383e880147aba8e84ed9e481474fa39db9085f,60,44.8914506718952,44.8914506718952,22.081485124196266,26.868489110968564,0.0005100275880946416,0.01002060038103393,0.05089790718128775
bfo-6759d0e2ceeddb39d0cfc93266383e880147aba8e84ed9e481474fa39db9085f,61,44.88942682253021,44.88942682253021,22.081426979498445,26.868387683771477,0.0005139731861724808,0.010022159877806375,0.05128367462094188
bfo-6759d0e2ceeddb39d0cfc93266383e880147aba8e84ed9e481474fa39db9085f,62,1000000.4972812728,44.887737603686105,22.081908000353707,26.86859417386862,0.0005119652083418315,0.010020886848633925,0.05108981032069272
bfo-6759d0e2ceeddb39d0cfc93266383e880147aba8e84ed9e481474fa39db9085f,63,1000000.4972831736,44.88773823770187,22.081907371123794,26.86859359249131,0.0005119631656782245,0.010020885769633914,0.05108961198116998
bfo-6759d0e2ceeddb39d0cfc93266383e880147aba8e84ed9e481474fa39db9085f,64,44.88817282864284,44.88817282864284,22.08210444828957,26.868982776087666,0.000511391240803173,0.010027169863112851,0.05100055626707174
bfo-6759d0e2ceeddb39d0cfc93266383e880147aba8e84ed9e481474fa39db9085f,65,44.88678818403855,44.88678818403855,22.081924497491897,26.868858716588317,0.0005119963368482518,0.01002347045226578,0.05107974720796591
bfo-6759d0e2ceeddb39d0cfc93266383e880147aba8e84ed9e481474fa39db9085f,66,44.88689395724142,44.88689395724142,22.081754508144947,26.868832576293514,0.0005118258125066325,0.010024581271843842,0.05105707646305424
bfo-6759d0e2ceeddb39d0cfc93266383e880147aba8e84ed9e481474fa39db9085f,67,44.88666693260934,44.88666693260934,22.081455140027764,26.86892942487571,0.0005120244128273088,0.010028299008923172,0.05105795233785011
bfo-6759d0e2ceeddb39d0cfc93266383e880147aba8e84ed9e481474fa39db9085f,68,48.06653351771111,48.06653351771111,22.22108868101567,27.093711917679713,0.000508077419521117,0.00984484045450516,0.051608497046654773
bfo-6759d0e2ceeddb39d0cfc93266383e880147aba8e84ed9e481474fa39db9085f,69,1000000.4868864794,44.886587438673885,22.08140755952438,26.868894675598945,0.0005121413896925658,0.01002929596006605,0.05106454049534231
bfo-6759d0e2ceeddb39d0cfc93266383e880147aba8e84ed9e481474fa39db9085f,70,1000000.399339779,44.88656405740388,22.08157950817981,26.868895750163748,0.0005122416481341618,0.010027523434187472,0.05108356529866027
bfo-6759d0e2ceeddb39d0cfc93266383e880147aba8e84ed9e481474fa39db9085f,71,44.88667640878052,44.88667640878052,22.081448349475096,26.868867027427243,0.000512093418968087,0.010027976554625437,0.05106647549269372
bfo-6759d0e2ceeddb39d0cfc93266383e880147aba8e84ed9e481474fa39db9085f,72,44.88702112661476,44.88702112661476,22.080560013067352,26.868157273676367,0.0005119530268834575,0.010032711107570659,0.05102838319516038
bfo-6759d0e2ceeddb39d0cfc93266383e880147aba8e84ed9e481474fa39db9085f,73,44.88645710580627,44.88645710580627,22.080136472303025,26.86774403425075,0.0005118278262308244,0.010035764191876243,0.051000383871627746
bfo-6759d0e2ceeddb39d0cfc93266383e880147aba8e84ed9e481474fa39db9085f,74,44.88701826008685,44.88701826008685,22.079165966026068,26.866917932568224,0.0005114186214961317,0.010045027568354589,0.05091261502430141
bfo-6759d0e2ceeddb39d0cfc93266383e880147aba8e84ed9e481474fa39db9085f,75,44.88849917680212,44.88849917680212,22.0798382276535,26.86780642044762,0.0005118108545711946,0.01003328536139103,0.05101129252644285
bfo-6759d0e2ceeddb39d0cfc93266383e880147aba8e84ed9e481474fa39db9085f,76,44.886961898774615,44.886961898774615,22.08041928622638,26.86789597945907,0.0005114418022576724,0.010034967663040836,0.05096596415963868
bfo-6759d0e2ceeddb39d0cfc93266383e880147aba8e84ed9e481474fa39db9085f,77,44.88706350090854,44.88706350090854,22.080398953337433,26.867883195691277,0.0005112960980051726,0.010035031759306971,0.050951119066561204
bfo-6759d0e2ceeddb39d0cfc93266383e880147aba8e84ed9e481474fa39db9085f,78,1000000.4829302195,44.88628546857783,22.08005363549826,26.867684612983616,0.0005116532666077611,0.01003583838447195,0.05098261321141058
bfo-6759d0e2ceeddb39d0cfc93266383e880147aba8e84ed9e481474fa39db9085f,79,44.88657359961864,44.88657359961864,22.080365316430502,26.867909115187913,0.0005120993879983114,0.010035718551470764,0.05102767533504233
bfo-6759d0e2ceeddb39d0cfc93266383e880147aba8e84ed9e481474fa39db9085f,80,1000000.4143772952,44.88644027391743,22.080137702454874,26.867748663068507,0.0005119507568357836,0.010035728621821505,0.051012813929883195
bfo-6759d0e2ceeddb39d0cfc93266383e880147aba8e84ed9e481474fa39db9085f,81,44.88925083233962,44.88925083233962,22.079025869054725,26.867132224724262,0.0005133533697363192,0.01003692684858681,0.0511464691813111
bfo-6759d0e2ceeddb39d0cfc93266383e880147aba8e84ed9e481474fa39db9085f,82,44.88666237599872,44.88666237599872,22.08008096720403,26.867748854533783,0.0005118454664951785,0.010035196910842776,0.05100502471876186
bfo-6759d0e2ceeddb39d0cfc93266383e880147aba8e84ed9e481474fa39db9085f,83,44.8868007291564,44.8868007291564,22.080098185206076,26.867766723410348,0.0005118612611884175,0.010035212479923322,0.0510065195144058
bfo-6759d0e2ceeddb39d0cfc93266383e880147aba8e84ed9e481474fa39db9085f,84,44.88722377419562,44.88722377419562,22.080094093551097,26.867882815815616,0.000511825621594821,0.0100342364875381,0.05100792892717614
bfo-6759d0e2ceeddb39d0cfc93266383e880147aba8e84ed9e481474fa39db9085f,85,44.888713434493866,44.888713434493866,22.080103977129223,26.867692549073073,0.0005134088878397174,0.010026046709521709,0.051207510069959515
bfo-6759d0e2ceeddb39d0cfc93266383e880147aba8e84ed9e481474fa39db9085f,86,44.88954633878653,44.88954633878653,22.082548130881097,26.870199322892038,0.0005136204737523055,0.010016598387828158,0.051276935928312777
bfo-6759d0e2ceeddb39d0cfc93266383e880147aba8e84ed9e481474fa39db9085f,87,44.88947499207979,44.88947499207979,22.08858646472675,26.870226552169726,0.0005130232256203038,0.009998290618478093,0.05131109358555478
bfo-6759d0e2ceeddb39d0cfc93266383e880147aba8e84ed9e481474fa39db9085f,88,44.90469594697743,44.90469594697743,22.027089756732774,26.808152746883728,0.0005130774400075587,0.010103737891094098,0.05078095310249575
bfo-6759d0e2ceeddb39d0cfc93266383e880147aba8e84ed9e481474fa39db9085f,89,44.899424192447306,44.899424192447306,22.04572723715816,26.82670552258706,0.0005135249058197938,0.010087027884587051,0.0509094365253474
bfo-6759d0e2ceeddb39d0cfc93266383e880147aba8e84ed9e481474fa39db9085f,90,45.27335473943997,45.27335473943997,21.795803578152974,26.596912747800452,0.0005505777198623748,0.010748702310103619,0.05122271544769084
bfo-6759d0e2ceeddb39d0cfc93266383e880147aba8e84ed9e481474fa39db9085f,91,48.00043500943452,48.00043500943452,21.93056194060283,26.76157494425351,0.000542097737911787,0.010522031643142457,0.05152025353060873
bfo-6759d0e2ceeddb39d0cfc93266383e880147aba8e84ed9e481474fa39db9085f,92,44.88649483842687,44.88649483842687,22.07997622626653,26.867966410687103,0.000511807385496239,0.010038254139734444,0.05098569715129552
bfo-6759d0e2ceeddb39d0cfc93266383e880147aba8e84ed9e481474fa39db9085f,93,44.886543608419416,44.886543608419416,22.07965071906597,26.868130358725995,0.0005117416720219853,0.010042027836021306,0.050959993377666185
bfo-6759d0e2ceeddb39d0cfc93266383e880147aba8e84ed9e481474fa39db9085f,94,44.88689265852754,44.88689265852754,22.08036978923505,26.867615072072397,0.0005112428546943613,0.010038665223300184,0.05092737364203999
bfo-6759d0e2ceeddb39d0cfc93266383e880147aba8e84ed9e481474fa39db9085f,95,44.88647942798764,44.88647942798764,22.08028272864021,26.867721358303683,0.0005118106470117467,0.01003544499987299,0.05100029415917524
bfo-6759d0e2ceeddb39d0cfc93266383e880147aba8e84ed9e481474fa39db9085f,96,44.88645513382009,44.88645513382009,22.080156592607665,26.86775773965512,0.0005118643108745205,0.010035907030812731,0.051003293404668824
bfo-6759d0e2ceeddb39d0cfc93266383e880147aba8e84ed9e481474fa39db9085f,97,44.8864538799189,44.8864538799189,22.080175753089406,26.867765535121737,0.0005119438079581678,0.010035929074612699,0.051011102624589286
bfo-6759d0e2ceeddb39d0cfc93266383e880147aba8e84ed9e481474fa39db9085f,98,44.88691741155574,44.88691741155574,22.080124770714196,26.86778363609104,0.0005121716052147051,0.010035829799381661,0.05103430562824627
bfo-6759d0e2ceeddb39d0cfc93266383e880147aba8e84ed9e481474fa39db9085f,99,44.88695914855162,44.88695914855162,22.080095245458626,26.867792371752074,0.0005124184212135287,0.010035747500873087,0.05105931782051606
bfo-6759d0e2ceeddb39d0cfc93266383e880147aba8e84ed9e481474fa39db9085f,100,44.886849111413326,44.886849111413326,22.080108359160462,26.867823699315405,0.0005127698865114361,0.010035658286159635,0.051094793374801
bfo-6759d0e2ceeddb39d0cfc93266383e880147aba8e84ed9e481474fa39db9085f,101,44.88670075104271,44.88670075104271,22.08046697860573,26.86785469533556,0.0005111972221023699,0.010035949052871255,0.05093660992192044
bfo-6759d0e2ceeddb39d0cfc93266383e880147aba8e84ed9e481474fa39db9085f,102,44.88532159304175,44.88532159304175,22.067745583117624,26.8527352814291,0.0005131541526892824,0.010059869292868848,0.051010021875039925
bfo-6759d0e2ceeddb39d0cfc93266383e880147aba8e84ed9e481474fa39db9085f,103,44.89123943199479,44.89123943199479,22.06239881709895,26.846442722905945,0.0005132061312752503,0.01007178207516533,0.050954848649942215
bfo-6759d0e2ceeddb39d0cfc93266383e880147aba8e84ed9e481474fa39db9085f,104,86.00934808700286,86.00934808700286,35.303440693244035,46.071154032569076,5.21163997736446e-05,0.0010883402247612473,0.04788612842558267
bfo-6759d0e2ceeddb39d0cfc93266383e880147aba8e84ed9e481474fa39db9085f,105,45.44953189877719,45.44953189877719,22.049536215062062,26.852961694335892,0.0005190764890131722,0.010144109492388049,0.05117023721034139
bfo-6759d0e2ceeddb39d0cfc93266383e880147aba8e84ed9e481474fa39db9085f,106,1000000.1843269741,86.00827223956995,35.30779100217329,46.07893225688722,5.06925214530317e-05,0.0010950400901757224,0.04629284526459393
bfo-6759d0e2ceeddb39d0cfc93266383e880147aba8e84ed9e481474fa39db9085f,107,92.08811179974349,92.08811179974349,39.443357305471736,55.15155416400621,0.00019595129412418034,0.003444856060429119,0.05688228787700671
bfo-6759d0e2ceeddb39d0cfc93266383e880147aba8e84ed9e481474fa39db9085f,108,85.99068097353484,85.99068097353484,35.30032286152812,46.07693045496002,5.1436685292192066e-05,0.001094403892889333,0.04699972800388547
bfo-6759d0e2ceeddb39d0cfc93266383e880147aba8e84ed9e481474fa39db9085f,109,105.90360628196495,105.90360628196495,43.12348092958059,56.972257798144334,0.0001798256883134374,0.003008931471098194,0.059763969382727405
bfo-6759d0e2ceeddb39d0cfc93266383e880147aba8e84ed9e481474fa39db9085f,110,1000000.2498607745,85.99518675272247,35.30177071520979,46.077894368024836,5.141918162861865e-05,0.0010939907336850313,0.047001478207604856
bfo-6759d0e2ceeddb39d0cfc93266383e880147aba8e84ed9e481474fa39db9085f,111,86.06579139671521,86.06579139671521,35.1348056466858,46.36576233546939,4.2275532066827694e-05,0.0010288139488067035,0.041091523025967976
bfo-6759d0e2ceeddb39d0cfc93266383e880147aba8e84ed9e481474fa39db9085f,112,1000000.1771398933,85.99205469513517,35.27345634311791,46.05364316419026,4.9239152838277395e-05,0.001111000443326933,0.04431965183634751
bfo-6759d0e2ceeddb39d0cfc93266383e880147aba8e84ed9e481474fa39db9085f,113,90.55454666380041,90.55454666380041,30.69365897327922,40.78803031169389,8.68586150852973e-05,0.001918238921341296,0.045280394490464664
bfo-6759d0e2ceeddb39d0cfc93266383e880147aba8e84ed9e481474fa39db9085f,114,1000000.2494932865,85.99667197872591,35.2744934170837,46.05406176478874,4.9175090653901645e-05,0.001110872735009646,0.04426707858076528
bfo-6759d0e2ceeddb39d0cfc93266383e880147aba8e84ed9e481474fa39db9085f,115,91.72178989208108,91.72178989208108,30.042035410500144,39.64172271843454,0.00010166779498798922,0.002114656148215516,0.048077695786987916
bfo-6759d0e2ceeddb39d0cfc93266383e880147aba8e84ed9e481474fa39db9085f,116,1000000.0480865991,85.98910570561786,35.30089788909694,46.07802134515534,5.165435950664616e-05,0.0010959571476833868,0.047131732856373225
bfo-6759d0e2ceeddb39d0cfc93266383e880147aba8e84ed9e481474fa39db9085f,117,86.03101658537204,86.03101658537204,35.22590582191263,46.03037740925242,5.2838911285844024e-05,0.0012435869543761622,0.04248911674403206
bfo-6759d0e2ceeddb39d0cfc93266383e880147aba8e84ed9e481474fa39db9085f,118,1000000.0174584751,85.99029386551987,35.29997925892103,46.07753700135361,5.192607842150334e-05,0.0010957176659032847,0.047390016641464534
bfo-6759d0e2ceeddb39d0cfc93266383e880147aba8e84ed9e481474fa39db9085f,119,1000000.0,85.93785477920036,35.03371757129196,46.03495035890785,6.464798626852996e-05,0.0013234453935529035,0.048848246088172065
bfo-6759d0e2ceeddb39d0cfc93266383e880147aba8e84ed9e481474fa39db9085f,120,85.9765757084784,85.9765757084784,35.29682793502288,46.07575736485926,5.0756255814048973e-05,0.0010956156724251634,0.046326697482977006
bfo-6759d0e2ceeddb39d0cfc93266383e880147aba8e84ed9e481474fa39db9085f,121,86.09714257399403,86.09714257399403,35.435491186074174,46.118927137762604,4.6498895357521856e-05,0.0013669008861268161,0.034017752003423496
bfo-6759d0e2ceeddb39d0cfc93266383e880147aba8e84ed9e481474fa39db9085f,122,1000000.2289896056,85.96573717052573,35.29646627613783,46.07300982096721,4.961283212774791e-05,0.0010987490920260094,0.04515392320940683
bfo-6759d0e2ceeddb39d0cfc93266383e880147aba8e84ed9e481474fa39db9085f,123,1000000.0,86.09923656488365,35.17482853092732,46.45711081585433,5.1381520783726515e-05,0.001223112977752879,0.04200881007584875
bfo-6759d0e2ceeddb39d0cfc93266383e880147aba8e84ed9e481474fa39db9085f,124,86.07486255926389,86.07486255926389,35.31061832329648,46.12698347688102,6.00917880213728e-05,0.0011535873034470437,0.05209123561070067
bfo-6759d0e2ceeddb39d0cfc93266383e880147aba8e84ed9e481474fa39db9085f,125,1000000.0,86.35191959686449,33.99672212169219,45.48506732124577,6.168668992171362e-05,0.0011670362133951015,0.0528575627848401
bfo-6759d0e2ceeddb39d0cfc93266383e880147aba8e84ed9e481474fa39db9085f,126,85.96410441949273,85.96410441949273,35.29738893529755,46.074247809431455,5.0564099561262784e-05,0.0010974186389675203,0.0460754882100734
bfo-6759d0e2ceeddb39d0cfc93266383e880147aba8e84ed9e481474fa39db9085f,127,1000000.0,86.3449005633998,35.650354888264275,46.513338423766605,5.0408911027874595e-05,0.0013475661551891416,0.037407373904251334
bfo-6759d0e2ceeddb39d0cfc93266383e880147aba8e84ed9e481474fa39db9085f,128,1000000.1125454447,85.9641920568306,35.29742388654265,46.07415476470917,5.056959880103422e-05,0.0010974154228296676,0.04608063432409337
bfo-6759d0e2ceeddb39d0cfc93266383e880147aba8e84ed9e481474fa39db9085f,129,93.33695506314925,93.33695506314925,29.067743734170442,38.033875263947984,0.0001163312833594697,0.0025591022758962817,0.04545784842410281
bfo-6759d0e2ceeddb39d0cfc93266383e880147aba8e84ed9e481474fa39db9085f,130,85.96232403819242,85.96232403819242,35.29838426264696,46.07428205789741,5.004669803241538e-05,0.0011031360677802482,0.045367656351877166
bfo-6759d0e2ceeddb39d0cfc93266383e880147aba8e84ed9e481474fa39db9085f,131,1000000.0,93.1348671184589,29.04020106151171,37.99414139847469,0.0001152104699611666,0.0025987567067267603,0.04433291876186397
bfo-6759d0e2ceeddb39d0cfc93266383e880147aba8e84ed9e481474fa39db9085f,132,85.96594408532238,85.96594408532238,35.32024995670407,46.09020850558553,5.1320020048691904e-05,0.001093468985664588,0.04693321961710752
bfo-6759d0e2ceeddb39d0cfc93266383e880147aba8e84ed9e481474fa39db9085f,133,1000000.0,86.69170802595418,35.62949569904482,47.060478173132864,6.593060590376072e-05,0.0015550268149352889,0.042398372343504805
bfo-6759d0e2ceeddb39d0cfc93266383e880147aba8e84ed9e481474fa39db9085f,134,87.76079291271608,87.76079291271608,36.096229950759614,48.2112235427263,7.762311758169644e-05,0.0017155249673070489,0.04524744265514573
bfo-6759d0e2ceeddb39d0cfc93266383e880147aba8e84ed9e481474fa39db9085f,135,1000000.0,85.95482883552722,34.959184934312965,46.02766681381846,5.894309886390067e-05,0.0011108463857848496,0.053061431011683424
bfo-6759d0e2ceeddb39d0cfc93266383e880147aba8e84ed9e481474fa39db9085f,136,85.96872992508949,85.96872992508949,35.31350980578388,46.0863048434003,5.239405474106448e-05,0.0011139924813480262,0.047032682552456004
bfo-6759d0e2ceeddb39d0cfc93266383e880147aba8e84ed9e481474fa39db9085f,137,1000000.0,88.10295650449564,36.24406673251431,48.47426814501002,8.693162111866611e-05,0.0017887949995278561,0.04859786679949983
bfo-6759d0e2ceeddb39d0cfc93266383e880147aba8e84ed9e481474fa39db9085f,138,69.22142380053387,69.22142380053387,25.017940317418265,31.01793989297597,0.00027418792477071656,0.005432612597525366,0.05047073021470611
bfo-6759d0e2ceeddb39d0cfc93266383e880147aba8e84ed9e481474fa39db9085f,139,1000000.0,86.40561528866411,33.76335799085925,45.4141517887046,6.879456407184147e-05,0.0013858171148142862,0.04964187794798641
bfo-6759d0e2ceeddb39d0cfc93266383e880147aba8e84ed9e481474fa39db9085f,140,65.8982450068131,65.8982450068131,26.732005909195742,34.53840360975045,0.00023525108910475118,0.00448864876831358,0.05241022437875816
bfo-6759d0e2ceeddb39d0cfc93266383e880147aba8e84ed9e481474fa39db9085f,141,85.84701282437956,85.84701282437956,34.720110492243315,45.98677986359537,5.1617748579930245e-05,0.001075097076141788,0.048012174644890104
bfo-6759d0e2ceeddb39d0cfc93266383e880147aba8e84ed9e481474fa39db9085f,142,68.11960562451446,68.11960562451446,27.175244775115814,35.765093864049994,0.00028479568873986463,0.005602466115207596,0.05083398683426249
bfo-6759d0e2ceeddb39d0cfc93266383e880147aba8e84ed9e481474fa39db9085f,143,1000000.0,86.01902997136503,35.21391635485848,45.9941729884374,5.281757843764847e-05,0.0011843571072587043,0.0445959906129151
bfo-6759d0e2ceeddb39d0cfc93266383e880147aba8e84ed9e481474fa39db9085f,144,65.85196587934229,65.85196587934229,26.87983065867567,34.48812818074133,0.00019930852739372744,0.003943966615455628,0.05053504424015067
bfo-6759d0e2ceeddb39d0cfc93266383e880147aba8e84ed9e481474fa39db9085f,145,1000000.0,116.98555548441931,49.219399518174036,62.42453425646476,0.0001786375843721701,0.0026659646605444788,0.0670067338160763
bfo-6759d0e2ceeddb39d0cfc93266383e880147aba8e84ed9e481474fa39db9085f,146,68.1382916756969,68.1382916756969,27.225007064736097,35.81208965091794,0.0002936988754907952,0.0055196254301559805,0.05320992868215253
bfo-6759d0e2ceeddb39d0cfc93266383e880147aba8e84ed9e481474fa39db9085f,147,85.94652064528205,85.94652064528205,34.91772197431409,45.84340951069523,5.6126270763307274e-05,0.0014392151081310594,0.038997833226050486
bfo-6759d0e2ceeddb39d0cfc93266383e880147aba8e84ed9e481474fa39db9085f,148,68.1635223788213,68.1635223788213,27.205198716364897,35.79856333778757,0.00028945111344101925,0.005565113554974908,0.052011717385760395
bfo-6759d0e2ceeddb39d0cfc93266383e880147aba8e84ed9e481474fa39db9085f,149,1000000.0,86.14323396818324,35.31110416912949,46.12224270701301,6.310577491082286e-05,0.0011453449192655501,0.05509761631569405
bfo-6759d0e2ceeddb39d0cfc93266383e880147aba8e84ed9e481474fa39db9085f,150,68.1030639732875,68.1030639732875,27.20125514715707,35.792563483325566,0.00028426250210185626,0.005596184108233558,0.05079577379944064
bfo-6759d0e2ceeddb39d0cfc93266383e880147aba8e84ed9e481474fa39db9085f,151,66.86402203236455,66.86402203236455,23.277212310507196,28.09661573632137,0.0003453846405683651,0.007144965154815588,0.048339583620723686
bfo-6759d0e2ceeddb39d0cfc93266383e880147aba8e84ed9e481474fa39db9085f,152,68.13127019784588,68.13127019784588,27.2148422554608,35.8010216989831,0.00029378549183823287,0.005523109885484816,0.05319204178977593
bfo-6759d0e2ceeddb39d0cfc93266383e880147aba8e84ed9e481474fa39db9085f,153,86.04186653871334,86.04186653871334,35.248738095124665,46.067004873732756,6.35199294592689e-05,0.0011848380996174026,0.053610640542180565
bfo-6759d0e2ceeddb39d0cfc93266383e880147aba8e84ed9e481474fa39db9085f,154,65.80064478475616,65.80064478475616,26.810716325268835,34.427493019117264,0.0001991498576551943,0.004041494972577882,0.04927628489122327
bfo-6759d0e2ceeddb39d0cfc93266383e880147aba8e84ed9e481474fa39db9085f,155,85.98651956647558,85.98651956647558,35.30040621486922,46.0854238636515,5.6834604335583155e-05,0.0009736580918418622,0.05837224053473384
bfo-6759d0e2ceeddb39d0cfc93266383e880147aba8e84ed9e481474fa39db9085f,156,65.77047239314666,65.77047239314666,26.821291231914113,34.428048685079965,0.00020591923945218642,0.004005384563075562,0.05141060395311204
bfo-6759d0e2ceeddb39d0cfc93266383e880147aba8e84ed9e481474fa39db9085f,157,1000000.0,86.15172946194872,35.350126462643075,46.11280843920686,6.175536913942494e-05,0.0011679684182123874,0.05287417722642149
bfo-6759d0e2ceeddb39d0cfc93266383e880147aba8e84ed9e481474fa39db9085f,158,68.09003504867395,68.09003504867395,27.181923511256468,35.766268963687395,0.0002939775141661446,0.005569708962632649,0.05278148573622947
bfo-6759d0e2ceeddb39d0cfc93266383e880147aba8e84ed9e481474fa39db9085f,159,1000000.0,60.40374475504329,25.639415101830394,31.37300206535002,0.00023196193928693101,0.004482693570368754,0.051746106586502506
bfo-6759d0e2ceeddb39d0cfc93266383e880147aba8e84ed9e481474fa39db9085f,160,65.77041396321229,65.77041396321229,26.820156607339126,34.4281379440124,0.000205074988999022,0.004008344921486711,0.05116201150747248
bfo-6759d0e2ceeddb39d0cfc93266383e880147aba8e84ed9e481474fa39db9085f,161,1000000.0,86.12942932010725,35.38774080998132,46.07851480724531,6.415957658461554e-05,0.0012222661487409799,0.052492312456419096
bfo-6759d0e2ceeddb39d0cfc93266383e880147aba8e84ed9e481474fa39db9085f,162,65.77326423753874,65.77326423753874,26.82403435899844,34.43056133347432,0.0002064777577400241,0.004003669444130268,0.051572129173335896
bfo-6759d0e2ceeddb39d0cfc93266383e880147aba8e84ed9e481474fa39db9085f,163,45.68837730133302,45.68837730133302,21.811713134207036,26.560164865946568,0.0005362494072052506,0.010518380159099444,0.05098212834048801
bfo-6759d0e2ceeddb39d0cfc93266383e880147aba8e84ed9e481474fa39db9085f,164,65.77127654189795,65.77127654189795,26.82313015805989,34.42891939930101,0.00020655497703542364,0.004004280214797549,0.05158354709346103
bfo-6759d0e2ceeddb39d0cfc93266383e880147aba8e84ed9e481474fa39db9085f,165,1000000.0,86.09265277949564,35.2737343979501,46.10084401019082,6.499676674978782e-05,0.001164600811467999,0.055810339568507
bfo-6759d0e2ceeddb39d0cfc93266383e880147aba8e84ed9e481474fa39db9085f,166,65.7701003928741,65.7701003928741,26.823724497492194,34.42882277444689,0.00020603290338444685,0.0040047053644962655,0.0514477057940473
bfo-6759d0e2ceeddb39d0cfc93266383e880147aba8e84ed9e481474fa39db9085f,167,86.11920535039513,86.11920535039513,35.516139703982965,46.25056822200343,6.154898873370317e-05,0.0010610575126707453,0.0580072126144988
bfo-6759d0e2ceeddb39d0cfc93266383e880147aba8e84ed9e481474fa39db9085f,168,65.76259496776333,65.76259496776333,26.822190479942762,34.42700148933277,0.00021206127742656253,0.004007785785208688,0.052912328350782946
bfo-6759d0e2ceeddb39d0cfc93266383e880147aba8e84ed9e481474fa39db9085f,169,1000000.0,87.34843996122697,28.019535547673645,38.8544895008514,0.00024402360131722505,0.00473482351712754,0.051538056367783275
bfo-6759d0e2ceeddb39d0cfc93266383e880147aba8e84ed9e481474fa39db9085f,170,65.7611873110067,65.7611873110067,26.821392264246565,34.42571980145704,0.00021221306030924376,0.004008288862413578,0.052943554617333737
bfo-6759d0e2ceeddb39d0cfc93266383e880147aba8e84ed9e481474fa39db9085f,171,1000000.0,88.75497003766463,38.34185642292608,54.11864450061575,0.00022508150983945009,0.004012237964991449,0.05609874384405557
bfo-6759d0e2ceeddb39d0cfc93266383e880147aba8e84ed9e481474fa39db9085f,172,68.08780750908238,68.08780750908238,27.180830614928322,35.76264355995891,0.0003062789735731946,0.005575025795560554,0.05493767828250902
bfo-6759d0e2ceeddb39d0cfc93266383e880147aba8e84ed9e481474fa39db9085f,173,1000000.0,93.20316726542484,44.19928468976648,56.36387276214765,0.00017360710231426494,0.003173387011556351,0.05470719508274578
bfo-6759d0e2ceeddb39d0cfc93266383e880147aba8e84ed9e481474fa39db9085f,174,68.08789141505756,68.08789141505756,27.180869329964175,35.762713673722516,0.0003061928405422679,0.005574904406506753,0.054923424370271666
bfo-6759d0e2ceeddb39d0cfc93266383e880147aba8e84ed9e481474fa39db9085f,175,1000000.0,121.82377840067997,64.81695269233805,78.57227246498196,5.516242970661029e-05,0.0009002607268299111,0.061273837747930875
bfo-6759d0e2ceeddb39d0cfc93266383e880147aba8e84ed9e481474fa39db9085f,176,65.7597024162031,65.7597024162031,26.816669526030974,34.418481281628885,0.00021459857172224882,0.003995353928587061,0.05371203041282019
bfo-6759d0e2ceeddb39d0cfc93266383e880147aba8e84ed9e481474fa39db9085f,177,1000000.0,92.44203344468217,40.31457641364398,51.24842415382641,7.723520223632376e-05,0.0014798400635412173,0.05219158755000997
bfo-6759d0e2ceeddb39d0cfc93266383e880147aba8e84ed9e481474fa39db9085f,178,65.76019015179784,65.76019015179784,26.81621381519096,34.41825928220774,0.00021467236925253958,0.003995292786142932,0.053731323520793815
bfo-6759d0e2ceeddb39d0cfc93266383e880147aba8e84ed9e481474fa39db9085f,179,1000000.0,125.27740340531635,64.35608389334422,80.32623242336851,0.00010029258749612992,0.0017384342407380103,0.05769133231841609
bfo-6759d0e2ceeddb39d0cfc93266383e880147aba8e84ed9e481474fa39db9085f,180,68.08120624770466,68.08120624770466,27.17808009195507,35.75640797792561,0.0003064274855846958,0.0055624851931236115,0.05508823393606582
bfo-6759d0e2ceeddb39d0cfc93266383e880147aba8e84ed9e481474fa39db9085f,181,1000000.0,91.3886109074285,39.02868124890053,49.708667045918354,6.828926071163011e-05,0.0013237631799197505,0.051587218731805155
bfo-6759d0e2ceeddb39d0cfc93266383e880147aba8e84ed9e481474fa39db9085f,182,65.69888896336207,65.69888896336207,26.669856812560003,34.07390133964815,0.00021895908758046677,0.004194839551870898,0.052197249709541586
bfo-6759d0e2ceeddb39d0cfc93266383e880147aba8e84ed9e481474fa39db9085f,183,1000000.0,125.61898047089382,63.88457379560722,80.31133048311956,0.00010803925459468504,0.001882454003105427,0.05739277263426144
bfo-6759d0e2ceeddb39d0cfc93266383e880147aba8e84ed9e481474fa39db9085f,184,44.94204408615481,44.94204408615481,22.08588517398355,26.878602958855396,0.000509192191759494,0.009992858209406232,0.05095561060600197
bfo-6759d0e2ceeddb39d0cfc93266383e880147aba8e84ed9e481474fa39db9085f,185,1000000.0,91.22517976081798,38.852836169287166,49.483519369074756,6.715400755121207e-05,0.0013040160015464154,0.05149784011206535
bfo-6759d0e2ceeddb39d0cfc93266383e880147aba8e84ed9e481474fa39db9085f,186,44.90140082489596,44.90140082489596,22.074998676219717,26.860096634034118,0.0005150539104028599,0.010029147332101963,0.05135570286760481
bfo-6759d0e2ceeddb39d0cfc93266383e880147aba8e84ed9e481474fa39db9085f,187,1000000.0,125.66248089527275,63.80786940483992,80.30258266179474,0.00010914990795797762,0.0019031100623674074,0.05735343957048846
bfo-6759d0e2ceeddb39d0cfc93266383e880147aba8e84ed9e481474fa39db9085f,188,44.888585059163844,44.888585059163844,22.070194724890914,26.8541896519306,0.0005145448473907022,0.010053486405696527,0.05118073737078411
bfo-6759d0e2ceeddb39d0cfc93266383e880147aba8e84ed9e481474fa39db9085f,189,1000000.0,91.20118773284872,38.8272748605495,49.450984762164154,6.700127480211613e-05,0.0013013683934961129,0.05148524824866684
bfo-6759d0e2ceeddb39d0cfc93266383e880147aba8e84ed9e481474fa39db9085f,190,44.88716253346255,44.88716253346255,22.068040393299835,26.853133843574337,0.0005132664699373041,0.01006005667394682,0.05102023642337359
bfo-6759d0e2ceeddb39d0cfc93266383e880147aba8e84ed9e481474fa39db9085f,191,1000000.0,125.66854667403547,63.79688535300687,80.30122967846232,0.00010930682812848431,0.0019060286970690667,0.05734794460155155
bfo-6759d0e2ceeddb39d0cfc93266383e880147aba8e84ed9e481474fa39db9085f,192,44.889098727023274,44.889098727023274,22.069845516005213,26.854015991218425,0.0005142056794343521,0.010057942125220294,0.05112434263714653
bfo-6759d0e2ceeddb39d0cfc93266383e880147aba8e84ed9e481474fa39db9085f,193,1000000.0,91.1977986617683,38.82366311774078,49.44639216372362,6.697983545086341e-05,0.001300996790546796,0.051483474776838185
bfo-6759d0e2ceeddb39d0cfc93266383e880147aba8e84ed9e481474fa39db9085f,194,44.88784263220849,44.88784263220849,22.069614790137138,26.853554474123456,0.0005138040340683873,0.010060242342372345,0.05107272932226652
bfo-6759d0e2ceeddb39d0cfc93266383e880147aba8e84ed9e481474fa39db9085f,195,125.66939997268534,125.66939997268534,63.79533439865558,80.30103667849136,0.00010932894251083605,0.0019064400414092093,0.05734717071407181
bfo-6759d0e2ceeddb39d0cfc93266383e880147aba8e84ed9e481474fa39db9085f,196,44.88740988707471,44.88740988707471,22.06863727463815,26.85342329203381,0.0005124708112141101,0.010060033872426776,0.050941261004967875
bfo-6759d0e2ceeddb39d0cfc93266383e880147aba8e84ed9e481474fa39db9085f,197,1000000.0,125.16614045974669,42.354102817523746,69.2966861603738,0.0002620081451548168,0.004758370682314865,0.05506257554263393
bfo-6759d0e2ceeddb39d0cfc93266383e880147aba8e84ed9e481474fa39db9085f,198,44.88670852706137,44.88670852706137,22.06797417368339,26.853001440590873,0.0005130574129445297,0.010060122414882336,0.05099912225576338
bfo-6759d0e2ceeddb39d0cfc93266383e880147aba8e84ed9e481474fa39db9085f,199,1000000.0,95.51899247158136,43.27471808314545,57.92384372895738,0.00012925080529245874,0.0022157214461088776,0.05833350826632182
bfo-6759d0e2ceeddb39d0cfc93266383e880147aba8e84ed9e481474fa39db9085f,200,44.885607480284136,44.885607480284136,22.067750626451872,26.852756739157577,0.0005129041298622464,0.010059997786376975,0.0509845171692592
bfo-6759d0e2ceeddb39d0cfc93266383e880147aba8e84ed9e481474fa39db9085f,201,1000000.0,93.92517017585094,44.0586853235022,55.741584666110306,0.00013973981932803418,0.0025831004783665266,0.05409770951550493
bfo-6759d0e2ceeddb39d0cfc93266383e880147aba8e84ed9e481474fa39db9085f,202,1000000.0039875625,45.06093543689498,22.23284457103908,27.044637109954607,0.0004953629487561114,0.009715623204403277,0.05098622479838503
bfo-6759d0e2ceeddb39d0cfc93266383e880147aba8e84ed9e481474fa39db9085f,203,1000000.0,90.54445021472725,41.49814326473629,55.480366301504304,0.0002268260166069271,0.0041876825181786075,0.05416504608987954
bfo-6759d0e2ceeddb39d0cfc93266383e880147aba8e84ed9e481474fa39db9085f,204,1000000.0084828287,45.11039299165587,22.25951718884286,27.07518239260912,0.0004942469305674914,0.00966038765955032,0.05116222536668865
bfo-6759d0e2ceeddb39d0cfc93266383e880147aba8e84ed9e481474fa39db9085f,205,1000000.0,82.52910775169927,32.29909844432549,41.32005978459227,7.183406655249068e-05,0.001305062110609287,0.055042642008014404
bfo-6759d0e2ceeddb39d0cfc93266383e880147aba8e84ed9e481474fa39db9085f,206,1000000.0141799221,45.18793493536095,22.29597413754098,27.11738315911531,0.00048827330751914286,0.009582579480635393,0.050954266385773495
bfo-6759d0e2ceeddb39d0cfc93266383e880147aba8e84ed9e481474fa39db9085f,207,45.177044288247245,45.177044288247245,21.86702143651969,26.624755693645103,0.0005214957962634784,0.010436029665383645,0.04997070849590263
bfo-6759d0e2ceeddb39d0cfc93266383e880147aba8e84ed9e481474fa39db9085f,208,1000000.0221873192,45.29415776404377,22.338707730829935,27.167244819657796,0.00048496286900494745,0.00949567745322138,0.05107196104691038
bfo-6759d0e2ceeddb39d0cfc93266383e880147aba8e84ed9e481474fa39db9085f,209,50.81169969242247,50.81169969242247,23.721685904128055,28.821471498785872,0.0003583484835403852,0.007010147550953751,0.05111853651234927
bfo-6759d0e2ceeddb39d0cfc93266383e880147aba8e84ed9e481474fa39db9085f,210,1000000.0336421302,45.48828803611288,22.415844689593758,27.25034561823269,0.00047725299515093453,0.00933613903853651,0.051118882568157054
bfo-6759d0e2ceeddb39d0cfc93266383e880147aba8e84ed9e481474fa39db9085f,211,1000000.0,44.94729606383545,21.961656519512445,26.72847620036519,0.000521197604598551,0.010257709875716167,0.05081032812523003
bfo-6759d0e2ceeddb39d0cfc93266383e880147aba8e84ed9e481474fa39db9085f,212,1000000.0511319007,45.8124326291711,22.538420847032302,27.37774907467128,0.00046602271687087014,0.00912191725880762,0.051088242049214416
bfo-6759d0e2ceeddb39d0cfc93266383e880147aba8e84ed9e481474fa39db9085f,213,47.8642691607279,47.8642691607279,23.111096662789148,28.027132519832627,0.0004201353303720088,0.008073915705203964,0.05203613038729332
bfo-6759d0e2ceeddb39d0cfc93266383e880147aba8e84ed9e481474fa39db9085f,214,1000000.0838271963,46.689573912331696,22.807405931027265,27.67696671221652,0.00044165485271129256,0.008641396354315647,0.05110919978699083
bfo-6759d0e2ceeddb39d0cfc93266383e880147aba8e84ed9e481474fa39db9085f,215,45.00077519969551,45.00077519969551,22.189351336736394,26.994112302773953,0.0005039848083470032,0.009800942824578269,0.051422074117516293
bfo-6759d0e2ceeddb39d0cfc93266383e880147aba8e84ed9e481474fa39db9085f,216,1000000.1614535265,49.78137152956836,23.507930150962668,28.540811863259098,0.00037731886401011304,0.007379586764302487,0.05113008032310559
bfo-6759d0e2ceeddb39d0cfc93266383e880147aba8e84ed9e481474fa39db9085f,217,45.26709406541498,45.26709406541498,21.84601513041421,26.604484232043653,0.0005389709905296951,0.010495733680008026,0.05135143544622437
bfo-6759d0e2ceeddb39d0cfc93266383e880147aba8e84ed9e481474fa39db9085f,218,44.885303272340394,44.885303272340394,22.067817508364758,26.8527690940399,0.000513234153661915,0.010059573568139153,0.05101947415419662
bfo-6759d0e2ceeddb39d0cfc93266383e880147aba8e84ed9e481474fa39db9085f,219,1000000.0,45.79674205665299,22.531134715234842,27.36864282669759,0.00046931904618178496,0.009122242683073697,0.05144777030023609
bfo-6759d0e2ceeddb39d0cfc93266383e880147aba8e84ed9e481474fa39db9085f,220,45.395636682595566,45.395636682595566,22.194503468057967,26.982692953980017,0.0004950327883022113,0.00974922296944492,0.05077664033879373
bfo-6759d0e2ceeddb39d0cfc93266383e880147aba8e84ed9e481474fa39db9085f,221,1000000.0,86.060615538099,35.37925918490652,46.13046122160288,4.427505526366678e-05,0.0010416740405170546,0.042503752173463034
bfo-6759d0e2ceeddb39d0cfc93266383e880147aba8e84ed9e481474fa39db9085f,222,44.88694968449659,44.88694968449659,22.07245186520815,26.85804976257992,0.000512526912604998,0.01005054804851371,0.050994921881975505
bfo-6759d0e2ceeddb39d0cfc93266383e880147aba8e84ed9e481474fa39db9085f,223,1000000.0,95.24584524504971,45.73713114354817,59.8244700130274,0.00013982390723432168,0.0025489256227854405,0.05485601697609501
bfo-6759d0e2ceeddb39d0cfc93266383e880147aba8e84ed9e481474fa39db9085f,224,44.88711570543388,44.88711570543388,22.075332686635026,26.860547436593148,0.0005123628933305484,0.010040129371865695,0.05103150311651205
bfo-6759d0e2ceeddb39d0cfc93266383e880147aba8e84ed9e481474fa39db9085f,225,1000000.0,127.0403291984359,65.86936609586448,85.34642876211919,0.00010781408401972936,0.002063504971222642,0.052248036967824076
bfo-6759d0e2ceeddb39d0cfc93266383e880147aba8e84ed9e481474fa39db9085f,226,44.88874561020728,44.88874561020728,22.08060884121643,26.866523632401165,0.0005117667021459935,0.010028921707519118,0.05102908538634814
bfo-6759d0e2ceeddb39d0cfc93266383e880147aba8e84ed9e481474fa39db9085f,227,1000000.0,100.94672523875292,34.39904762650128,43.837706605743826,5.241691943413649e-05,0.0011382604892880884,0.04605002099907732
bfo-6759d0e2ceeddb39d0cfc93266383e880147aba8e84ed9e481474fa39db9085f,228,45.63121366224439,45.63121366224439,22.276597639835995,27.082037057791805,0.00048547290608706636,0.009555317396818577,0.05080657040745748
bfo-6759d0e2ceeddb39d0cfc93266383e880147aba8e84ed9e481474fa39db9085f,229,1000000.0,86.54298228810718,35.25435324578196,46.625731718262195,6.9367094757706e-05,0.0014165664312324442,0.0489684728003579
bfo-6759d0e2ceeddb39d0cfc93266383e880147aba8e84ed9e481474fa39db9085f,230,45.11997873929805,45.11997873929805,22.22383421663672,27.02127870145604,0.0004946404216863489,0.009698934773827102,0.05099945852003794
bfo-6759d0e2ceeddb39d0cfc93266383e880147aba8e84ed9e481474fa39db9085f,231,1000000.0,116.29286574790359,33.45200445505205,58.78616996927218,0.0001301463790948695,0.002744687402815899,0.04741755981440598
bfo-6759d0e2ceeddb39d0cfc93266383e880147aba8e84ed9e481474fa39db9085f,232,44.89338777282917,44.89338777282917,22.085176207896097,26.878624119819367,0.0005144975739947079,0.010056601094733669,0.051160185150839324
bfo-6759d0e2ceeddb39d0cfc93266383e880147aba8e84ed9e481474fa39db9085f,233,1000000.0,86.17767676214075,34.99380997570331,46.08602054189548,7.071725911241476e-05,0.0012150761964625813,0.05819985554674844
bfo-6759d0e2ceeddb39d0cfc93266383e880147aba8e84ed9e481474fa39db9085f,234,44.89119196463409,44.89119196463409,22.081019244549218,26.872185994131467,0.0005134028403963088,0.010047736891642765,0.05109636587153602
bfo-6759d0e2ceeddb39d0cfc93266383e880147aba8e84ed9e481474fa39db9085f,235,1000000.0,117.2731501349283,35.76796431524735,46.85121523071276,6.38273372665032e-05,0.0014061242267632112,0.045392388561164884
bfo-6759d0e2ceeddb39d0cfc93266383e880147aba8e84ed9e481474fa39db9085f,236,44.88577329286177,44.88577329286177,22.067151843046652,26.85209708223545,0.0005123009646230763,0.010068304425805237,0.05088254615246239
bfo-6759d0e2ceeddb39d0cfc93266383e880147aba8e84ed9e481474fa39db9085f,237,1000000.0,88.00847464721588,36.6870538869192,47.796630292644004,8.224370638985628e-05,0.0016308228474744488,0.050430803393036745
bfo-6759d0e2ceeddb39d0cfc93266383e880147aba8e84ed9e481474fa39db9085f,238,44.8859527411195,44.8859527411195,22.071634499672978,26.853529587774123,0.0005138608001562412,0.010042568777772879,0.05116826297406739
bfo-6759d0e2ceeddb39d0cfc93266383e880147aba8e84ed9e481474fa39db9085f,239,1000000.0,95.64578250803584,37.49332887103551,47.5205419834835,4.1890762495748745e-05,0.0009851273569908975,0.04252319479148909
bfo-6759d0e2ceeddb39d0cfc93266383e880147aba8e84ed9e481474fa39db9085f,240,44.884550287708656,44.884550287708656,22.06830263828678,26.853097215029667,0.0005120663897972576,0.010058804710023498,0.05090728019473214
bfo-6759d0e2ceeddb39d0cfc93266383e880147aba8e84ed9e481474fa39db9085f,241,1000000.0,95.87405599506727,38.84639173249514,49.161964165335114,6.063798584278393e-05,0.0011300324324853548,0.05366039425029493
bfo-6759d0e2ceeddb39d0cfc93266383e880147aba8e84ed9e481474fa39db9085f,242,44.88447273128739,44.88447273128739,22.0688018405989,26.853643149742794,0.0005115645057954415,0.01006102710503514,0.050846151238318794
bfo-6759d0e2ceeddb39d0cfc93266383e880147aba8e84ed9e481474fa39db9085f,243,1000000.0,86.2873167096422,29.10175894896648,38.175365839508125,0.00011302855772073634,0.0023490608840082373,0.0481164870992505
bfo-6759d0e2ceeddb39d0cfc93266383e880147aba8e84ed9e481474fa39db9085f,244,44.88365445599739,44.88365445599739,22.06886754630811,26.853532938522736,0.0005113485141422928,0.010063156175317754,0.050813930066641984
bfo-6759d0e2ceeddb39d0cfc93266383e880147aba8e84ed9e481474fa39db9085f,245,1000000.0,86.9658825450993,36.12774174522982,46.82450295647742,6.804233520574509e-05,0.0015882873836841381,0.04284006528334713
bfo-6759d0e2ceeddb39d0cfc93266383e880147aba8e84ed9e481474fa39db9085f,246,44.88339981552163,44.88339981552163,22.068901870110235,26.853474825205154,0.000511382666895639,0.01006455342664795,0.05081026899232801
bfo-6759d0e2ceeddb39d0cfc93266383e880147aba8e84ed9e481474fa39db9085f,247,1000000.0,108.76983442161907,39.2300530212151,49.075286933011206,1.3085250817369038e-05,0.0004536058176597488,0.0288471847316216
bfo-6759d0e2ceeddb39d0cfc93266383e880147aba8e84ed9e481474fa39db9085f,248,44.883196452603585,44.883196452603585,22.06869578632718,26.853364918466475,0.0005115352226738095,0.010065871192428681,0.05081877295018186
bfo-6759d0e2ceeddb39d0cfc93266383e880147aba8e84ed9e481474fa39db9085f,249,1000000.0,86.0774813460645,35.646031095925316,46.35091476090686,7.44878339227391e-05,0.0014475415380801073,0.05145816680434142
bfo-6759d0e2ceeddb39d0cfc93266383e880147aba8e84ed9e481474fa39db9085f,250,44.88334459730097,44.88334459730097,22.06927912146268,26.853941060369465,0.000511505826391054,0.010062816735367,0.05083127715059186
bfo-6759d0e2ceeddb39d0cfc93266383e880147aba8e84ed9e481474fa39db9085f,251,1000000.0,86.13054948746446,35.21857047340574,46.158475952058204,7.390398153107383e-05,0.0013504616157082522,0.05472497749764975
bfo-6759d0e2ceeddb39d0cfc93266383e880147aba8e84ed9e481474fa39db9085f,252,44.88309235894164,44.88309235894164,22.068502180753978,26.853282531993926,0.0005115448440467793,0.010067036588645816,0.05081384571739105
bfo-6759d0e2ceeddb39d0cfc93266383e880147aba8e84ed9e481474fa39db9085f,253,1000000.0,93.84581002720574,42.59951057042505,55.73122448640929,0.000177792107546619,0.003238485803479357,0.05489976437617949
bfo-6759d0e2ceeddb39d0cfc93266383e880147aba8e84ed9e481474fa39db9085f,254,44.8831789511662,44.8831789511662,22.068547542654642,26.853568209486333,0.0005119118035381801,0.010065511105826479,0.05085800394595531
bfo-6759d0e2ceeddb39d0cfc93266383e880147aba8e84ed9e481474fa39db9085f,255,1000000.0,115.20506867401699,33.11768948266181,58.491408402207824,0.0001268959671918651,0.002684024651353334,0.04727824207124247
bfo-6759d0e2ceeddb39d0cfc93266383e880147aba8e84ed9e481474fa39db9085f,256,44.88305282061034,44.88305282061034,22.068504043100948,26.85334134730589,0.0005115678457264343,0.01006783289252139,0.050812111324020706
bfo-6759d0e2ceeddb39d0cfc93266383e880147aba8e84ed9e481474fa39db9085f,257,1000000.0,86.87050975136738,35.824586921053424,47.074350185992756,7.391763524638142e-05,0.001590261598648987,0.046481431299843015
bfo-6759d0e2ceeddb39d0cfc93266383e880147aba8e84ed9e481474fa39db9085f,258,44.88320484757285,44.88320484757285,22.068516037755924,26.85342756195695,0.0005116075709823363,0.010068772339331067,0.050811315793075684
bfo-6759d0e2ceeddb39d0cfc93266383e880147aba8e84ed9e481474fa39db9085f,259,1000000.0,86.10792889346551,35.25111138341841,46.14709929604118,7.624619100323641e-05,0.0013157243215371863,0.05794997459206082
bfo-6759d0e2ceeddb39d0cfc93266383e880147aba8e84ed9e481474fa39db9085f,260,44.883077901478124,44.883077901478124,22.06835328418481,26.853344676447445,0.0005113971095315885,0.0100688586187796,0.050789978178636154
bfo-6759d0e2ceeddb39d0cfc93266383e880147aba8e84ed9e481474fa39db9085f,261,1000000.0,85.99121071268462,35.23152358501273,46.01247960423335,5.01366520959698e-05,0.0011025971590432192,0.04547141418310562
bfo-6759d0e2ceeddb39d0cfc93266383e880147aba8e84ed9e481474fa39db9085f,262,44.88302208071629,44.88302208071629,22.068703756000865,26.853195654877037,0.0005116045802984566,0.010065515719616084,0.05082745827930315
bfo-6759d0e2ceeddb39d0cfc93266383e880147aba8e84ed9e481474fa39db9085f,263,1000000.0,85.32183750124435,27.084788850971364,34.512545819421206,0.00016185576667310272,0.003336096443650978,0.04851651305858831
bfo-6759d0e2ceeddb39d0cfc93266383e880147aba8e84ed9e481474fa39db9085f,264,44.8830388824889,44.8830388824889,22.068781235117225,26.853087784312077,0.0005116114430389182,0.010064584548832441,0.050832842682837664
bfo-6759d0e2ceeddb39d0cfc93266383e880147aba8e84ed9e481474fa39db9085f,265,1000000.0,67.15279779543503,22.688156659606793,27.610138259255958,0.0004298507371463018,0.008835888589046683,0.048648274909120263
bfo-6759d0e2ceeddb39d0cfc93266383e880147aba8e84ed9e481474fa39db9085f,266,44.88301109677921,44.88301109677921,22.068650889173064,26.853210077181494,0.0005116502216819383,0.010065745430457046,0.050830832670750975
bfo-6759d0e2ceeddb39d0cfc93266383e880147aba8e84ed9e481474fa39db9085f,267,1000000.0,73.38839042493908,28.467963710794006,35.79250111758172,0.0001159599784774733,0.0023208254499771236,0.04996497193643595
bfo-6759d0e2ceeddb39d0cfc93266383e880147aba8e84ed9e481474fa39db9085f,268,1000000.029304441,93.6147367668815,41.2259544270858,51.716537951766696,6.210494321123367e-05,0.0011419527175268492,0.05438486397732442
bfo-6759d0e2ceeddb39d0cfc93266383e880147aba8e84ed9e481474fa39db9085f,269,1000000.0,84.46728948320248,27.672406237216684,35.12147962950304,0.00012408668409282455,0.002643632599105677,0.04693794596677399
bfo-6759d0e2ceeddb39d0cfc93266383e880147aba8e84ed9e481474fa39db9085f,270,1000000.0437982304,96.0523135081188,46.44101995619643,56.98217923657321,0.0001111301539787764,0.00204732789914692,0.05428058398709952
bfo-6759d0e2ceeddb39d0cfc93266383e880147aba8e84ed9e481474fa39db9085f,271,1000000.0,76.35453205181852,24.636250111599658,29.892178875839647,0.000221156100733236,0.004959431126522047,0.04459303801005268
bfo-6759d0e2ceeddb39d0cfc93266383e880147aba8e84ed9e481474fa39db9085f,272,1000000.0592174254,93.51473082450921,39.879199516538044,49.98038570564833,4.4132293858905705e-05,0.0008214393483625705,0.05372556591899028
bfo-6759d0e2ceeddb39d0cfc93266383e880147aba8e84ed9e481474fa39db9085f,273,1000000.0,86.06406213832749,29.713936764020897,39.14317234897449,8.194244172766796e-05,0.0018694650277113047,0.04383202708423282
bfo-6759d0e2ceeddb39d0cfc93266383e880147aba8e84ed9e481474fa39db9085f,274,1000000.0571481455,89.80533385650693,40.75803943674902,54.96535745778251,0.00020248843581803988,0.003749341756183668,0.054006396051808896
bfo-6759d0e2ceeddb39d0cfc93266383e880147aba8e84ed9e481474fa39db9085f,275,1000000.0,86.48185900774794,30.715467859584574,41.72374932640395,8.907406592587844e-05,0.0018804490761302215,0.04736850737228369
bfo-6759d0e2ceeddb39d0cfc93266383e880147aba8e84ed9e481474fa39db9085f,276,1000000.0786786126,94.46060400481524,42.77060633283956,57.2224689254806,0.0001455671797182999,0.0025490864947410744,0.05710562588543549
bfo-6759d0e2ceeddb39d0cfc93266383e880147aba8e84ed9e481474fa39db9085f,277,1000000.0,86.5460726917047,31.53297520337955,43.850806173085665,6.949186477158495e-05,0.0017910190381173726,0.03880018207100201
bfo-6759d0e2ceeddb39d0cfc93266383e880147aba8e84ed9e481474fa39db9085f,278,115.4040526582223,115.4040526582223,36.32617141874967,68.79166324397619,0.00029093507433385085,0.005641955587547078,0.051566353158823616
bfo-6759d0e2ceeddb39d0cfc93266383e880147aba8e84ed9e481474fa39db9085f,279,1000000.0125569311,61.90442078666699,25.916654152201016,31.769812470775037,0.00021452580751294965,0.004214291966842461,0.050904353376750526
bfo-6759d0e2ceeddb39d0cfc93266383e880147aba8e84ed9e481474fa39db9085f,280,1000000.0,45.496187494198594,21.847573186107038,26.60806817220754,0.0005393503865046388,0.0105151010340675,0.05129293430060413
bfo-6759d0e2ceeddb39d0cfc93266383e880147aba8e84ed9e481474fa39db9085f,281,1000000.0054237203,57.24344310913474,25.054847182597637,30.531437070431895,0.00026788127892779626,0.0051850428369670685,0.05166423641053086
bfo-6759d0e2ceeddb39d0cfc93266383e880147aba8e84ed9e481474fa39db9085f,282,1000000.0,44.814148723153686,22.085045985087586,26.867904176246668,0.0005119022935354165,0.010008016163721104,0.051149227295520766
bfo-6759d0e2ceeddb39d0cfc93266383e880147aba8e84ed9e481474fa39db9085f,283,1000000.0072141822,73.96119807796964,24.13917348203995,29.22170722687588,0.0002627375202889143,0.005704120032704614,0.04606100832074129
bfo-6759d0e2ceeddb39d0cfc93266383e880147aba8e84ed9e481474fa39db9085f,284,1000000.0,62.2912611894167,25.97577661411208,31.86289469592781,0.0002124548756449365,0.004149952738301485,0.05119452896032044
bfo-6759d0e2ceeddb39d0cfc93266383e880147aba8e84ed9e481474fa39db9085f,285,1000000.0010161998,45.47230927131503,22.40066136420964,27.236507250464285,0.0004776446737301028,0.009383920566595665,0.050900332152255694
bfo-6759d0e2ceeddb39d0cfc93266383e880147aba8e84ed9e481474fa39db9085f,286,1000000.0,45.84956540629194,22.519544477074344,27.361633713513008,0.0004726269667517614,0.009195919586015762,0.05139529139320502
bfo-6759d0e2ceeddb39d0cfc93266383e880147aba8e84ed9e481474fa39db9085f,287,1000000.0072049435,47.12929986844286,21.691220400379603,26.440676705089253,0.0005440884994030483,0.010755142570513371,0.050588683119342184
bfo-6759d0e2ceeddb39d0cfc93266383e880147aba8e84ed9e481474fa39db9085f,288,62.26625336393222,62.26625336393222,22.483228949694876,27.252600295277325,0.00043234272012962233,0.00871955487357467,0.04958311822084779
bfo-6759d0e2ceeddb39d0cfc93266383e880147aba8e84ed9e481474fa39db9085f,289,1000000.0018153265,46.3634494274874,22.719781974288512,27.574898776969988,0.00045054494306560227,0.00879631332904984,0.05121974697941657
bfo-6759d0e2ceeddb39d0cfc93266383e880147aba8e84ed9e481474fa39db9085f,290,60.06704208738458,60.06704208738458,25.596085535584734,31.30963087177718,0.00023545513655664387,0.0045444231900170235,0.05181188606595458
bfo-6759d0e2ceeddb39d0cfc93266383e880147aba8e84ed9e481474fa39db9085f,291,49.65040036820788,49.65040036820788,23.519369698593337,28.55747830515764,0.0003821643271854465,0.0073849685973415465,0.05174894410830923
bfo-6759d0e2ceeddb39d0cfc93266383e880147aba8e84ed9e481474fa39db9085f,292,1000000.0001465465,47.60293460430334,21.684573190441434,26.429858198860668,0.0005443148896825691,0.010744346016782872,0.05066058826031281
bfo-6759d0e2ceeddb39d0cfc93266383e880147aba8e84ed9e481474fa39db9085f,293,1000000.0009715086,45.18320819116123,21.88478211654401,26.647921788543062,0.0005295338963811277,0.010448914988904228,0.05067836200633686
bfo-6759d0e2ceeddb39d0cfc93266383e880147aba8e84ed9e481474fa39db9085f,294,1000000.0016323973,92.78493126952696,44.32042669671057,56.56675860796761,0.0001821492314334904,0.0033424925407792645,0.054495030044562
bfo-6759d0e2ceeddb39d0cfc93266383e880147aba8e84ed9e481474fa39db9085f,295,1000000.0022022247,45.50823340834712,21.812268179499146,26.574461064024213,0.0005352470499968593,0.010589241347750111,0.05054630756060564
bfo-6759d0e2ceeddb39d0cfc93266383e880147aba8e84ed9e481474fa39db9085f,296,1000000.0014910199,45.439258551154424,21.826115076376063,26.587605059206663,0.0005339855618880212,0.010559336780432325,0.05056999061508847
bfo-6759d0e2ceeddb39d0cfc93266383e880147aba8e84ed9e481474fa39db9085f,297,1000000.0002065839,48.26045046684314,21.68807907349885,26.437968688649605,0.0005415164189000345,0.010761479908684498,0.05031988383521782
bfo-6759d0e2ceeddb39d0cfc93266383e880147aba8e84ed9e481474fa39db9085f,298,1000000.0114144586,61.45118541754796,23.96395240297779,29.077014032091622,0.00030771931250318416,0.006409756005863821,0.048007960400001826
bfo-6759d0e2ceeddb39d0cfc93266383e880147aba8e84ed9e481474fa39db9085f,299,72.97868427008393,72.97868427008393,28.733081474806223,36.178099300839314,0.00011755842885347048,0.002271946198604309,0.05174349151651936
bfo-6759d0e2ceeddb39d0cfc93266383e880147aba8e84ed9e481474fa39db9085f,300,68.87372117156237,68.87372117156237,23.080359300268245,28.27370516514081,0.0004385413165461684,0.00852629368834042,0.05143399143591161
bfo-6759d0e2ceeddb39d0cfc93266383e880147aba8e84ed9e481474fa39db9085f,301,72.9262049382449,72.9262049382449,28.862587636043695,36.36489365845904,0.00011864023091023039,0.0022121391927675373,0.05363144927684381
bfo-6759d0e2ceeddb39d0cfc93266383e880147aba8e84ed9e481474fa39db9085f,302,61.24826999391617,61.24826999391617,24.0112386342772,29.141927155729654,0.00029487059216296225,0.006341945028893468,0.04649529297708384
bfo-6759d0e2ceeddb39d0cfc93266383e880147aba8e84ed9e481474fa39db9085f,303,1000000.0006462606,63.164954734655424,24.032576023078057,29.477045918157682,0.000356163129255407,0.006925411272628741,0.05142844449730636
bfo-6759d0e2ceeddb39d0cfc93266383e880147aba8e84ed9e481474fa39db9085f,304,68.26905989911171,68.26905989911171,23.11707264811293,28.299263168014324,0.00043243599694444887,0.008418009369679498,0.05137033922794424
bfo-6759d0e2ceeddb39d0cfc93266383e880147aba8e84ed9e481474fa39db9085f,305,68.79781944961339,68.79781944961339,23.11480419007731,28.31264474527329,0.00043412998312879875,0.008446563731746815,0.051397230508911027
bfo-6759d0e2ceeddb39d0cfc93266383e880147aba8e84ed9e481474fa39db9085f,306,1000000.0004941573,45.95091538873744,22.58751137286609,27.42156748750643,0.0004607340728580185,0.009010752781677112,0.051131585120712315
bfo-6759d0e2ceeddb39d0cfc93266383e880147aba8e84ed9e481474fa39db9085f,307,46.30778699261617,46.30778699261617,21.744631964509797,26.508859370392003,0.000544023563083864,0.010730423730089415,0.050699168715803426
bfo-6759d0e2ceeddb39d0cfc93266383e880147aba8e84ed9e481474fa39db9085f,308,1000000.0004681511,46.20419061422713,22.665832326032287,27.51096584951914,0.00045307749312393017,0.008874543522083195,0.05105361103886677
bfo-6759d0e2ceeddb39d0cfc93266383e880147aba8e84ed9e481474fa39db9085f,309,72.51897974487073,72.51897974487073,28.763475617559166,36.22033251659673,0.00011681868602662112,0.0022497254517671846,0.05192575206670606
bfo-6759d0e2ceeddb39d0cfc93266383e880147aba8e84ed9e481474fa39db9085f,310,1000000.0007861642,86.59033690844385,34.28914643754109,43.69920008289674,5.542456353089871e-05,0.0009957464224343566,0.05566132328690592
bfo-6759d0e2ceeddb39d0cfc93266383e880147aba8e84ed9e481474fa39db9085f,311,71.87186905370302,71.87186905370302,28.59243315221068,35.95910364028469,0.00012326839199197498,0.0023442424759137913,0.05258346491820334
bfo-6759d0e2ceeddb39d0cfc93266383e880147aba8e84ed9e481474fa39db9085f,312,73.25404537958102,73.25404537958102,29.020251999868243,36.60629176364522,0.00011604843501940434,0.0021556987221019908,0.05383332737064815
bfo-6759d0e2ceeddb39d0cfc93266383e880147aba8e84ed9e481474fa39db9085f,313,61.17502729296618,61.17502729296618,24.025395343972587,29.16905333059054,0.0002948928399741795,0.00633662163287437,0.04653786466344725
bfo-6759d0e2ceeddb39d0cfc93266383e880147aba8e84ed9e481474fa39db9085f,314,61.70097847420146,61.70097847420146,24.117191910884127,29.289415335574052,0.00028730542143349136,0.006228095838567697,0.04613053955501819
bfo-6759d0e2ceeddb39d0cfc93266383e880147aba8e84ed9e481474fa39db9085f,315,68.06763049912877,68.06763049912877,23.190580864702294,28.391943671497543,0.00041985720971046415,0.008265067625266282,0.05079900476881304
bfo-6759d0e2ceeddb39d0cfc93266383e880147aba8e84ed9e481474fa39db9085f,316,68.85012160471875,68.85012160471875,23.195015987788146,28.422067019357673,0.00042559272280245957,0.008287358637283153,0.05135444734921979
bfo-6759d0e2ceeddb39d0cfc93266383e880147aba8e84ed9e481474fa39db9085f,317,1000000.0004081475,62.44510972409021,23.782509533984648,29.127557434228148,0.0003840416153396261,0.007306204939740718,0.052563761693941065
bfo-6759d0e2ceeddb39d0cfc93266383e880147aba8e84ed9e481474fa39db9085f,318,62.00478555288089,62.00478555288089,24.14408888079814,29.403480956850533,0.00030906408323985073,0.006331079275222771,0.04881696623976893
bfo-6759d0e2ceeddb39d0cfc93266383e880147aba8e84ed9e481474fa39db9085f,319,61.89884048400925,61.89884048400925,24.22595303857991,29.319401736054648,0.0002761734564648647,0.005790893791979029,0.047690989747971674
bfo-6759d0e2ceeddb39d0cfc93266383e880147aba8e84ed9e481474fa39db9085f,320,64.26241062076689,64.26241062076689,24.826033046147792,30.420192424971887,0.0002583206672045399,0.005319450218266409,0.04856153485890234
bfo-6759d0e2ceeddb39d0cfc93266383e880147aba8e84ed9e481474fa39db9085f,321,46.692337435412504,46.692337435412504,21.88356291100116,26.613524339949375,0.0005152656937945823,0.010329781368528735,0.049881568197020935
bfo-6759d0e2ceeddb39d0cfc93266383e880147aba8e84ed9e481474fa39db9085f,322,46.90530649189199,46.90530649189199,21.893063028893824,26.613916948908845,0.000512724471592735,0.010258706984813579,0.04997944403244423
bfo-6759d0e2ceeddb39d0cfc93266383e880147aba8e84ed9e481474fa39db9085f,323,79.65041339269358,79.65041339269358,29.97167905828139,38.058320517710015,8.7072141613692e-05,0.0017678458261518087,0.049253243877735595
bfo-6759d0e2ceeddb39d0cfc93266383e880147aba8e84ed9e481474fa39db9085f,324,82.76845499374676,82.76845499374676,31.139587182345426,39.685252713500084,7.603706956325661e-05,0.0013956493088164974,0.05448150125029303
bfo-6759d0e2ceeddb39d0cfc93266383e880147aba8e84ed9e481474fa39db9085f,325,62.79256744693924,62.79256744693924,23.067792617957448,28.16373924571823,0.00041351080153667115,0.008489952442186236,0.0487059031664244
bfo-6759d0e2ceeddb39d0cfc93266383e880147aba8e84ed9e481474fa39db9085f,326,1000000.0000203248,66.8672346436338,23.932202117716848,29.491338825381572,0.00036799273165720627,0.007333890273231635,0.05017701628293553
bfo-6759d0e2ceeddb39d0cfc93266383e880147aba8e84ed9e481474fa39db9085f,327,1000000.0001204576,67.90045808006235,23.91930088008027,29.54809175342746,0.0003785878922679139,0.007450531719858155,0.050813540093903736
bfo-6759d0e2ceeddb39d0cfc93266383e880147aba8e84ed9e481474fa39db9085f,328,59.5425739246393,59.5425739246393,22.805004496367687,27.78832170627556,0.00044998035656062895,0.008835660811006936,0.05092775358692702
bfo-6759d0e2ceeddb39d0cfc93266383e880147aba8e84ed9e481474fa39db9085f,329,61.63579121380175,61.63579121380175,22.908592850545574,27.942544861199586,0.00044197729357233357,0.00867604478285644,0.05094225590509459
bfo-6759d0e2ceeddb39d0cfc93266383e880147aba8e84ed9e481474fa39db9085f,330,63.97777318242946,63.97777318242946,23.004864716906212,28.098956498780744,0.0004402491711334684,0.00855229202148992,0.0514773314600606
bfo-6759d0e2ceeddb39d0cfc93266383e880147aba8e84ed9e481474fa39db9085f,331,66.42435855269404,66.42435855269404,23.06633110784902,28.22440979364752,0.000438248190401737,0.008512199061812857,0.05148472060149432
bfo-6759d0e2ceeddb39d0cfc93266383e880147aba8e84ed9e481474fa39db9085f,332,62.154852209752896,62.154852209752896,24.210232101074002,29.410707130427472,0.0002931689467819776,0.00606305588238836,0.048353330806921814
bfo-6759d0e2ceeddb39d0cfc93266383e880147aba8e84ed9e481474fa39db9085f,333,67.07039614770787,67.07039614770787,22.959724457490555,28.09155615942456,0.00044540612647738696,0.00870499973452918,0.051166701902430015
bfo-6759d0e2ceeddb39d0cfc93266383e880147aba8e84ed9e481474fa39db9085f,334,46.55777975350247,46.55777975350247,21.706061491306027,26.463970227138116,0.0005443570506051881,0.010776759705889313,0.0505121266003274
bfo-6759d0e2ceeddb39d0cfc93266383e880147aba8e84ed9e481474fa39db9085f,335,47.41293618787964,47.41293618787964,21.68127398900566,26.4361386507292,0.0005450739588696615,0.010803725678278761,0.05045240642915899
bfo-6759d0e2ceeddb39d0cfc93266383e880147aba8e84ed9e481474fa39db9085f,336,49.09328815533896,49.09328815533896,21.687312883408215,26.43466528400474,0.0005400612089214832,0.010744240060841643,0.05026518449543819
bfo-6759d0e2ceeddb39d0cfc93266383e880147aba8e84ed9e481474fa39db9085f,337,1000000.000150933,52.84836389142994,24.127102220600428,29.306811968930447,0.0003324605714955714,0.0064102605700628755,0.05186381549733327
bfo-6759d0e2ceeddb39d0cfc93266383e880147aba8e84ed9e481474fa39db9085f,338,65.92073217494752,65.92073217494752,26.8845538010161,33.263346997436535,0.00017625530896477526,0.003343791576722824,0.052711212681957643
bfo-6759d0e2ceeddb39d0cfc93266383e880147aba8e84ed9e481474fa39db9085f,339,1000000.0000394683,44.88942210208829,22.048141854291185,26.827660476682,0.000513223001487003,0.01010338016931481,0.050797158266470396
bfo-6759d0e2ceeddb39d0cfc93266383e880147aba8e84ed9e481474fa39db9085f,340,44.886523162883904,44.886523162883904,22.053324694133806,26.83572108868792,0.0005134256077996191,0.010099948759915793,0.05083447649133417
bfo-6759d0e2ceeddb39d0cfc93266383e880147aba8e84ed9e481474fa39db9085f,341,44.88720605895252,44.88720605895252,22.054401327768023,26.83505578008642,0.0005126159553249094,0.010090674228697064,0.05080096173029458
bfo-6759d0e2ceeddb39d0cfc93266383e880147aba8e84ed9e481474fa39db9085f,342,44.90148790039805,44.90148790039805,22.059357108515737,26.843498045195382,0.0005127901265477555,0.010086911260074436,0.05083718031479652
bfo-6759d0e2ceeddb39d0cfc93266383e880147aba8e84ed9e481474fa39db9085f,343,1000000.0000092098,44.88934674020901,22.053811416380327,26.834326609980188,0.0005126915969668074,0.010091420859522611,0.05080469877371272
bfo-6759d0e2ceeddb39d0cfc93266383e880147aba8e84ed9e481474fa39db9085f,344,44.88390042175888,44.88390042175888,22.05145738348906,26.833380387668655,0.0005132858399336863,0.01010253062904328,0.050807649962284256
bfo-6759d0e2ceeddb39d0cfc93266383e880147aba8e84ed9e481474fa39db9085f,345,1000000.000204663,44.90584567783651,22.03171595866466,26.80725176356825,0.0005142662175613393,0.01013243931848039,0.05075443349790189
bfo-6759d0e2ceeddb39d0cfc93266383e880147aba8e84ed9e481474fa39db9085f,346,44.881480895801225,44.881480895801225,22.060479626056704,26.8450566492609,0.0005129309459994164,0.010087452596157143,0.05084841203564313
bfo-6759d0e2ceeddb39d0cfc93266383e880147aba8e84ed9e481474fa39db9085f,347,44.87511560997137,44.87511560997137,22.052195635898165,26.835908956270192,0.000513696993333445,0.010104916603519545,0.050836341702664246
bfo-6759d0e2ceeddb39d0cfc93266383e880147aba8e84ed9e481474fa39db9085f,348,44.87766778202709,44.87766778202709,22.03449508924516,26.81645998545346,0.0005157864319002665,0.01014621200869205,0.050835369047916884
bfo-6759d0e2ceeddb39d0cfc93266383e880147aba8e84ed9e481474fa39db9085f,349,1000000.0001171299,44.88783427443075,22.022011848466374,26.799093238716004,0.0005161859051064652,0.010162253201542654,0.05079443454804954
bfo-6759d0e2ceeddb39d0cfc93266383e880147aba8e84ed9e481474fa39db9085f,350,1000000.0008563817,83.27042783110412,32.59733266791494,41.64658505722554,6.31827459562213e-05,0.0012053913387842135,0.052416791064675256
bfo-6759d0e2ceeddb39d0cfc93266383e880147aba8e84ed9e481474fa39db9085f,351,1000000.0098259565,53.56676337715048,22.086262987126382,26.758066800131072,0.00047241234363417555,0.009612164867860408,0.04914734090899242
bfo-6759d0e2ceeddb39d0cfc93266383e880147aba8e84ed9e481474fa39db9085f,352,50.36836115593753,50.36836115593753,22.596877237625243,27.382951801180035,0.00043192277193586934,0.008788369556281051,0.049147087997360554
bfo-6759d0e2ceeddb39d0cfc93266383e880147aba8e84ed9e481474fa39db9085f,353,1000000.0000676949,44.86665310563143,22.041239913231323,26.82351945917108,0.0005149469167182309,0.010128694365305505,0.05084040431529981
bfo-6759d0e2ceeddb39d0cfc93266383e880147aba8e84ed9e481474fa39db9085f,354,1000000.0,61.04562533842722,27.669765546376723,34.309761648794534,0.00014056313864102177,0.0027202524593333984,0.051672828438676224
bfo-6759d0e2ceeddb39d0cfc93266383e880147aba8e84ed9e481474fa39db9085f,355,45.48868741533161,45.48868741533161,22.390955988576223,27.226026372140794,0.00047752083410926836,0.009392480317142208,0.050840759627437865
bfo-6759d0e2ceeddb39d0cfc93266383e880147aba8e84ed9e481474fa39db9085f,356,74.38004688169724,74.38004688169724,29.184734034031926,36.8626256166595,0.00010551254394296217,0.0020436897052293957,0.051628455960303826
bfo-6759d0e2ceeddb39d0cfc93266383e880147aba8e84ed9e481474fa39db9085f,357,52.481054216518,52.481054216518,21.761484320156974,26.540334209019147,0.0005279110189717919,0.010727622954427538,0.049210437504602154
bfo-6759d0e2ceeddb39d0cfc93266383e880147aba8e84ed9e481474fa39db9085f,358,1000000.0,66.77059880934051,25.568018008172448,31.47231476533448,0.00022711472378215576,0.004608228536479745,0.049284605132811
bfo-6759d0e2ceeddb39d0cfc93266383e880147aba8e84ed9e481474fa39db9085f,359,44.87620390159599,44.87620390159599,22.03180650765045,26.81221734025176,0.0005157518353807578,0.010147249338258878,0.05082676281898217
bfo-6759d0e2ceeddb39d0cfc93266383e880147aba8e84ed9e481474fa39db9085f,360,1000000.0,86.18317230495472,32.10262432533895,43.356033653213814,4.228398618221023e-05,0.0011264690375693248,0.037536749588297495
bfo-6759d0e2ceeddb39d0cfc93266383e880147aba8e84ed9e481474fa39db9085f,361,45.588357754419235,45.588357754419235,22.494249413276812,27.333928969141706,0.0004711107843676657,0.009231649151749515,0.051032137012960915
bfo-6759d0e2ceeddb39d0cfc93266383e880147aba8e84ed9e481474fa39db9085f,362,1000000.0,65.8831598441614,29.344291554633806,36.84340165451794,0.00010351281081764331,0.0019786544117114066,0.052314749965918256
bfo-6759d0e2ceeddb39d0cfc93266383e880147aba8e84ed9e481474fa39db9085f,363,1000000.0041075761,45.32624034233969,21.812795974494126,26.569498627478083,0.0005363493006449106,0.010558987527592902,0.05079552364687568
bfo-6759d0e2ceeddb39d0cfc93266383e880147aba8e84ed9e481474fa39db9085f,364,1000000.0,53.59604990056553,22.42813177740576,27.137153962983202,0.00042743747112342187,0.008905839965532656,0.0479951888623295
bfo-6759d0e2ceeddb39d0cfc93266383e880147aba8e84ed9e481474fa39db9085f,365,44.874104245151145,44.874104245151145,22.04258533521392,26.82501427802667,0.0005147417138939248,0.010125469599991131,0.05083632999049996
bfo-6759d0e2ceeddb39d0cfc93266383e880147aba8e84ed9e481474fa39db9085f,366,67.04779253974182,67.04779253974182,29.825509762636067,37.555389277194905,9.609620973402135e-05,0.0018347316418742222,0.052376166378128614
bfo-6759d0e2ceeddb39d0cfc93266383e880147aba8e84ed9e481474fa39db9085f,367,44.876175250882795,44.876175250882795,22.033223294112616,26.81428819347001,0.0005156982324747787,0.010145410109743397,0.05083069357437951
bfo-6759d0e2ceeddb39d0cfc93266383e880147aba8e84ed9e481474fa39db9085f,368,1000000.0,54.06829071696398,23.766175239233633,28.906448517238772,0.0003542478395297542,0.007006856670522621,0.05055731209973957
bfo-6759d0e2ceeddb39d0cfc93266383e880147aba8e84ed9e481474fa39db9085f,369,1000000.0000550785,44.8750145343669,22.028252233756476,26.80880323593479,0.0005162791211582844,0.010156520597241462,0.05083228219893604
bfo-6759d0e2ceeddb39d0cfc93266383e880147aba8e84ed9e481474fa39db9085f,370,1000000.0,67.16204018743255,29.86003792584649,37.598980504245866,9.516849216020828e-05,0.0018184314800066771,0.052335484293232114
bfo-6759d0e2ceeddb39d0cfc93266383e880147aba8e84ed9e481474fa39db9085f,371,1000000.0018296337,45.26451828466851,21.846775671865146,26.610151312179088,0.0005335834231758754,0.010524457817438574,0.05069937401352406
bfo-6759d0e2ceeddb39d0cfc93266383e880147aba8e84ed9e481474fa39db9085f,372,1000000.0,94.24929261255116,35.43963423227542,45.38355961166839,3.430540860785921e-05,0.0007036831019484104,0.04875121842896586
bfo-6759d0e2ceeddb39d0cfc93266383e880147aba8e84ed9e481474fa39db9085f,373,44.87409660876605,44.87409660876605,22.042578381222224,26.82502265556783,0.0005147611949567992,0.0101253569136783,0.05083881974189083
bfo-6759d0e2ceeddb39d0cfc93266383e880147aba8e84ed9e481474fa39db9085f,374,67.09188983024126,67.09188983024126,29.92040667731242,37.60442655382876,9.00049075515301e-05,0.0017382733231560915,0.05177834023714575
bfo-6759d0e2ceeddb39d0cfc93266383e880147aba8e84ed9e481474fa39db9085f,375,1000000.0020925455,45.068468455491775,21.909398241654532,26.67651723074223,0.000528735321044301,0.010411444030413683,0.050784052577122915
bfo-6759d0e2ceeddb39d0cfc93266383e880147aba8e84ed9e481474fa39db9085f,376,1000000.0,55.15575936136072,24.08297974473385,29.278927303025963,0.000327556860208738,0.006503300432357539,0.05036778842000907
bfo-6759d0e2ceeddb39d0cfc93266383e880147aba8e84ed9e481474fa39db9085f,377,1000000.0035292932,45.50247013525442,21.77462201470224,26.53599486814892,0.0005407449759003301,0.010654289824747316,0.05075373251479525
bfo-6759d0e2ceeddb39d0cfc93266383e880147aba8e84ed9e481474fa39db9085f,378,68.02599557962276,68.02599557962276,23.720592163116773,28.596739251140804,0.00029849746589732614,0.006413395852364047,0.046542810200511285
bfo-6759d0e2ceeddb39d0cfc93266383e880147aba8e84ed9e481474fa39db9085f,379,1000000.0041076798,46.398575056222256,21.71606691385562,26.476477804169857,0.0005442839462270405,0.010769481751235831,0.05053947430335561
bfo-6759d0e2ceeddb39d0cfc93266383e880147aba8e84ed9e481474fa39db9085f,380,1000000.0,86.29727889959571,31.755005762421334,42.86379445701539,4.695691603879328e-05,0.0012234839284152679,0.03837967540743652
bfo-6759d0e2ceeddb39d0cfc93266383e880147aba8e84ed9e481474fa39db9085f,381,1000000.0033163235,44.985470017124825,21.947824631180925,26.720948592148105,0.0005254551455029566,0.010338298085928474,0.05082607805806616
bfo-6759d0e2ceeddb39d0cfc93266383e880147aba8e84ed9e481474fa39db9085f,382,74.98897564614087,74.98897564614087,32.219665055264116,42.29925422942842,0.00010613474617634325,0.0019969709045910824,0.053147868069753544
bfo-6759d0e2ceeddb39d0cfc93266383e880147aba8e84ed9e481474fa39db9085f,383,1000000.0047668207,45.62831906490844,21.771459544608657,26.530789834926892,0.0005402628971176138,0.010652357480385562,0.05071768367822922
bfo-6759d0e2ceeddb39d0cfc93266383e880147aba8e84ed9e481474fa39db9085f,384,1000000.0,50.1030394286988,22.17505027665152,26.90297409455805,0.00047547194381689735,0.00962579323905372,0.04939561156246479
bfo-6759d0e2ceeddb39d0cfc93266383e880147aba8e84ed9e481474fa39db9085f,385,44.87409374834489,44.87409374834489,22.042559069465856,26.82502585207689,0.000514748090474968,0.0101254856339574,0.050836879245443764
bfo-6759d0e2ceeddb39d0cfc93266383e880147aba8e84ed9e481474fa39db9085f,386,75.7614070407468,75.7614070407468,32.46745852134166,42.95892813040559,0.00010821953777536734,0.0020421781396502132,0.052992212419776134
bfo-6759d0e2ceeddb39d0cfc93266383e880147aba8e84ed9e481474fa39db9085f,387,44.87408865236421,44.87408865236421,22.04256985959364,26.82500861818356,0.0005147462697717402,0.01012526578872391,0.0508378032253723
bfo-6759d0e2ceeddb39d0cfc93266383e880147aba8e84ed9e481474fa39db9085f,388,1000000.0,61.90424606173414,22.818961684107446,27.53586124091675,0.0003817363805149639,0.008040037247331388,0.04747942935732892
bfo-6759d0e2ceeddb39d0cfc93266383e880147aba8e84ed9e481474fa39db9085f,389,44.87408883247649,44.87408883247649,22.04256052495955,26.825019409167442,0.0005147429737352278,0.010125373717499574,0.050836935810636114
bfo-6759d0e2ceeddb39d0cfc93266383e880147aba8e84ed9e481474fa39db9085f,390,1000000.0,46.7784366689487,23.021819967823845,27.9279147056804,0.0004259464566359923,0.008295559589025786,0.051346319927528195
bfo-6759d0e2ceeddb39d0cfc93266383e880147aba8e84ed9e481474fa39db9085f,391,1000000.0005854013,65.60095944939337,26.764112863099722,33.08167861743804,0.00017758850902472334,0.003465305102097853,0.05124758247613275
bfo-6759d0e2ceeddb39d0cfc93266383e880147aba8e84ed9e481474fa39db9085f,392,1000000.0,58.36762501246079,22.72155777911197,27.413450124741587,0.00038782663181919004,0.00821703147065493,0.04719790026413015
bfo-6759d0e2ceeddb39d0cfc93266383e880147aba8e84ed9e481474fa39db9085f,393,1000000.0059969306,49.43539200585802,21.6750928771719,26.425053364333785,0.0005414804688976934,0.010773754590237399,0.050259216911099316
bfo-6759d0e2ceeddb39d0cfc93266383e880147aba8e84ed9e481474fa39db9085f,394,1000000.0,110.22043270869001,52.47761554857488,67.20932244847138,4.182240707554589e-05,0.0006128637110262643,0.0682409585085608
bfo-6759d0e2ceeddb39d0cfc93266383e880147aba8e84ed9e481474fa39db9085f,395,1000000.0000550258,44.91570004727514,21.994192347947255,26.76623827440246,0.0005187969931956156,0.010217595918500006,0.05077485910910612
bfo-6759d0e2ceeddb39d0cfc93266383e880147aba8e84ed9e481474fa39db9085f,396,1000000.0,53.22023719796903,22.213952118162183,26.899021799903657,0.0004544013300733782,0.009378983933736415,0.04844888671137248
bfo-6759d0e2ceeddb39d0cfc93266383e880147aba8e84ed9e481474fa39db9085f,397,1000000.0066596956,51.765528756738675,21.748653019418132,26.486697629438495,0.0005283670756105486,0.010549403335237706,0.05008501986512046
bfo-6759d0e2ceeddb39d0cfc93266383e880147aba8e84ed9e481474fa39db9085f,398,1000000.0,53.04416235546283,22.232765111617553,26.91783682360168,0.0004526635795988584,0.009330033431133868,0.048516822896726396
bfo-6759d0e2ceeddb39d0cfc93266383e880147aba8e84ed9e481474fa39db9085f,399,1000000.0046493224,46.742636167269524,21.691727529674445,26.45277947112369,0.0005454784299713325,0.010816831651587543,0.05042866964572521
bfo-6759d0e2ceeddb39d0cfc93266383e880147aba8e84ed9e481474fa39db9085f,400,1000000.0,54.44359708449612,23.831184908602786,28.944414629665566,0.00034268616701495637,0.006769409449184579,0.05062275662114592
bfo-6759d0e2ceeddb39d0cfc93266383e880147aba8e84ed9e481474fa39db9085f,401,1000000.003638705,47.19338837673641,21.674647453051897,26.43245259802262,0.0005470828758708248,0.010828204416399189,0.0505238777208781
bfo-6759d0e2ceeddb39d0cfc93266383e880147aba8e84ed9e481474fa39db9085f,402,58.57041382266481,58.57041382266481,24.550104319118315,29.9122277070638,0.0002895690738801042,0.0057499591132771765,0.050360197033655935
bfo-6759d0e2ceeddb39d0cfc93266383e880147aba8e84ed9e481474fa39db9085f,403,1000000.0033286683,46.97091318892717,21.680006651793935,26.439058706696706,0.0005471100569976469,0.010825181796996463,0.05054049597111128
bfo-6759d0e2ceeddb39d0cfc93266383e880147aba8e84ed9e481474fa39db9085f,404,49.16478879706078,49.16478879706078,22.210899097357697,26.93908102490715,0.0004686984087397544,0.009527590237042631,0.04919380421268397
bfo-6759d0e2ceeddb39d0cfc93266383e880147aba8e84ed9e481474fa39db9085f,405,47.21513607979972,47.21513607979972,22.93402023617391,27.817957237945837,0.0004294356673252527,0.008426461127900658,0.050962754210466636
bfo-6759d0e2ceeddb39d0cfc93266383e880147aba8e84ed9e481474fa39db9085f,406,1000000.0,49.40614475982602,22.626426043163843,27.422926009279507,0.0004346470252205791,0.008768867109878432,0.04956706719057633
bfo-6759d0e2ceeddb39d0cfc93266383e880147aba8e84ed9e481474fa39db9085f,407,1000000.0,66.64609528713486,23.66010839822057,29.079806143055986,0.00038546165309643395,0.007654041259829302,0.05036054027033432
bfo-6759d0e2ceeddb39d0cfc93266383e880147aba8e84ed9e481474fa39db9085f,408,1000000.0009214983,45.94665958549382,21.953181015085352,26.7492872781033,0.0005303757562839988,0.010382596248818921,0.051083153343686266
bfo-6759d0e2ceeddb39d0cfc93266383e880147aba8e84ed9e481474fa39db9085f,409,47.15108749351758,47.15108749351758,22.46386245547801,27.32760178285376,0.00047839376749694287,0.009356910333623172,0.05112732199408603
bfo-6759d0e2ceeddb39d0cfc93266383e880147aba8e84ed9e481474fa39db9085f,410,44.91253393580419,44.91253393580419,22.101427383692734,26.893548208206802,0.0005089746623773908,0.010004628046089314,0.05087392155237023
bfo-6759d0e2ceeddb39d0cfc93266383e880147aba8e84ed9e481474fa39db9085f,411,45.0808943236143,45.0808943236143,21.989747155707693,26.750554153385952,0.0005160799283059971,0.01019349053246459,0.05062838157963334
bfo-6759d0e2ceeddb39d0cfc93266383e880147aba8e84ed9e481474fa39db9085f,412,1000000.0002057094,44.90379539998858,21.980744597378532,26.753033394837928,0.000520965977660494,0.010252577727258258,0.05081317026014009
bfo-6759d0e2ceeddb39d0cfc93266383e880147aba8e84ed9e481474fa39db9085f,413,45.2828886825329,45.2828886825329,22.23885719003589,27.044140859579237,0.0004918767998988084,0.009688161245380371,0.05077091384429126
bfo-6759d0e2ceeddb39d0cfc93266383e880147aba8e84ed9e481474fa39db9085f,414,1000000.0009503069,44.902284791789576,21.99180622020416,26.766171137796732,0.0005197049844965596,0.01023048251523073,0.05079965521888569
bfo-6759d0e2ceeddb39d0cfc93266383e880147aba8e84ed9e481474fa39db9085f,415,44.99861254381093,44.99861254381093,22.090673203177204,26.87336019421929,0.0005076730692313236,0.010001119732272483,0.05076162298038689
bfo-6759d0e2ceeddb39d0cfc93266383e880147aba8e84ed9e481474fa39db9085f,416,44.961337200920816,44.961337200920816,21.943861519199913,26.70991367263237,0.0005244732132394961,0.010327317952223256,0.05078503592760867
bfo-6759d0e2ceeddb39d0cfc93266383e880147aba8e84ed9e481474fa39db9085f,417,44.99546333254238,44.99546333254238,21.9519437132003,26.713103948932627,0.0005218679054156659,0.01029147107690224,0.05070877637570445
bfo-6759d0e2ceeddb39d0cfc93266383e880147aba8e84ed9e481474fa39db9085f,418,44.87312743730796,44.87312743730796,22.067760309130374,26.853258201387007,0.0005122106399796636,0.010070137634718486,0.050864313732290174
bfo-6759d0e2ceeddb39d0cfc93266383e880147aba8e84ed9e481474fa39db9085f,419,45.422996158594444,45.422996158594444,22.341609897411583,27.165855961639743,0.00048345963655561393,0.009479711221399404,0.0509994054949962
bfo-6759d0e2ceeddb39d0cfc93266383e880147aba8e84ed9e481474fa39db9085f,420,44.946782246612585,44.946782246612585,22.036628688573376,26.811332340683506,0.0005132900744250464,0.010117504935250333,0.050732871168334776
bfo-6759d0e2ceeddb39d0cfc93266383e880147aba8e84ed9e481474fa39db9085f,421,46.31311471606284,46.31311471606284,22.187480116418108,26.955844780045105,0.0004878343225931111,0.009706393848809603,0.05025906945378477
bfo-6759d0e2ceeddb39d0cfc93266383e880147aba8e84ed9e481474fa39db9085f,422,44.983056843259604,44.983056843259604,22.22047977099607,27.034686910226057,0.0004980945970119226,0.00976370302559819,0.05101492699092063
bfo-6759d0e2ceeddb39d0cfc93266383e880147aba8e84ed9e481474fa39db9085f,423,1000000.0,45.77466586697343,22.09440567838096,26.91134793848054,0.000517516252530073,0.010079256695170393,0.05134468425415216
bfo-6759d0e2ceeddb39d0cfc93266383e880147aba8e84ed9e481474fa39db9085f,424,1000000.0000068123,45.24229601642541,22.304294254496106,27.12763165510086,0.0004875384680837186,0.009577315331868261,0.0509055461984683
bfo-6759d0e2ceeddb39d0cfc93266383e880147aba8e84ed9e481474fa39db9085f,425,45.563535249103644,45.563535249103644,22.071656840069497,26.882386731997524,0.0005186950495583928,0.010124255621626943,0.05123290728163576
bfo-6759d0e2ceeddb39d0cfc93266383e880147aba8e84ed9e481474fa39db9085f,426,45.277010533467504,45.277010533467504,22.314788970323004,27.139378149429234,0.0004873781663042724,0.009550188473900047,0.05103335579567257
bfo-6759d0e2ceeddb39d0cfc93266383e880147aba8e84ed9e481474fa39db9085f,427,44.97935825603809,44.97935825603809,21.953375435732774,26.711584377976422,0.0005215979444845114,0.010277506251538273,0.05075141106398664
bfo-6759d0e2ceeddb39d0cfc93266383e880147aba8e84ed9e481474fa39db9085f,428,45.007313524688826,45.007313524688826,22.00728364514169,26.79661030262772,0.0005210441123125045,0.010235568018600025,0.0509052464275227
bfo-6759d0e2ceeddb39d0cfc93266383e880147aba8e84ed9e481474fa39db9085f,429,45.335175443004815,45.335175443004815,21.908898227916627,26.65598528162539,0.0005224029176317213,0.010335178080118555,0.0505460973755886
bfo-6759d0e2ceeddb39d0cfc93266383e880147aba8e84ed9e481474fa39db9085f,430,44.94186996440329,44.94186996440329,22.16522831297035,26.96640783712477,0.0005023730550616769,0.009867245749371348,0.05091319987582994
bfo-6759d0e2ceeddb39d0cfc93266383e880147aba8e84ed9e481474fa39db9085f,431,47.661212115809946,47.661212115809946,23.010204738631103,27.90091029087037,0.0004213518599183041,0.008279677377424655,0.05088988866488456
bfo-6759d0e2ceeddb39d0cfc93266383e880147aba8e84ed9e481474fa39db9085f,432,45.301793002867996,45.301793002867996,22.326111415187178,27.151294334293855,0.00048501586453859896,0.00952794268856352,0.05090457409245
bfo-6759d0e2ceeddb39d0cfc93266383e880147aba8e84ed9e481474fa39db9085f,433,1000000.0,44.909419901622414,22.038059245058374,26.81221632297691,0.0005134723924086996,0.010110326797234732,0.05078692338106608
bfo-6759d0e2ceeddb39d0cfc93266383e880147aba8e84ed9e481474fa39db9085f,434,45.147763075334936,45.147763075334936,22.00430802050563,26.7959975479547,0.0005236017402631922,0.010244209015153966,0.051111973553901825
bfo-6759d0e2ceeddb39d0cfc93266383e880147aba8e84ed9e481474fa39db9085f,435,44.89406114579401,44.89406114579401,22.025215848328934,26.799080349576446,0.0005151123641648764,0.010142815725745115,0.050785933422549195
bfo-6759d0e2ceeddb39d0cfc93266383e880147aba8e84ed9e481474fa39db9085f,436,45.21890879542724,45.21890879542724,22.162043543477967,26.95024909894663,0.0004980652008963419,0.009837230580319692,0.05063063194765083
bfo-6759d0e2ceeddb39d0cfc93266383e880147aba8e84ed9e481474fa39db9085f,437,44.88324178190938,44.88324178190938,22.024835030261034,26.799340926709487,0.0005153958136299094,0.010145645120644543,0.0507997083971696
bfo-6759d0e2ceeddb39d0cfc93266383e880147aba8e84ed9e481474fa39db9085f,438,45.040169830286416,45.040169830286416,22.114306872309744,26.91933150972745,0.0005107490060613397,0.010006895633489579,0.05103970549588241
bfo-6759d0e2ceeddb39d0cfc93266383e880147aba8e84ed9e481474fa39db9085f,439,1000000.0,48.090878693380155,23.14250684925584,28.06985567889807,0.0004105543853402863,0.008043245664809205,0.05104337259479008
bfo-6759d0e2ceeddb39d0cfc93266383e880147aba8e84ed9e481474fa39db9085f,440,44.86615114452602,44.86615114452602,22.086440660244097,26.875064664007198,0.0005103320229662929,0.01003173625858172,0.05087175438147367
bfo-6759d0e2ceeddb39d0cfc93266383e880147aba8e84ed9e481474fa39db9085f,441,44.91999637506043,44.91999637506043,22.110543902211155,26.90121222439177,0.0005069179927655217,0.009976766694948964,0.05080984734484811
bfo-6759d0e2ceeddb39d0cfc93266383e880147aba8e84ed9e481474fa39db9085f,442,45.00061758688688,45.00061758688688,21.882271894756705,26.644197396931055,0.0005311931143747315,0.010442252523984157,0.05086959093880054
bfo-6759d0e2ceeddb39d0cfc93266383e880147aba8e84ed9e481474fa39db9085f,443,45.802068349508474,45.802068349508474,22.610222670198436,27.461165635228536,0.0004608416609628469,0.009020566124679502,0.051087886790389274
bfo-6759d0e2ceeddb39d0cfc93266383e880147aba8e84ed9e481474fa39db9085f,444,45.356494783092195,45.356494783092195,22.199383208480732,26.99153879992845,0.0004941011911639258,0.00974852102702294,0.05068473359130839
bfo-6759d0e2ceeddb39d0cfc93266383e880147aba8e84ed9e481474fa39db9085f,445,45.81315831740676,45.81315831740676,21.811645786652573,26.5559728467383,0.0005304944150818175,0.010517020909945461,0.050441509969819824
bfo-6759d0e2ceeddb39d0cfc93266383e880147aba8e84ed9e481474fa39db9085f,446,45.43236717378393,45.43236717378393,22.21591324682134,27.008351979309456,0.0004910099555197895,0.009709215176195234,0.05057153916246837
bfo-6759d0e2ceeddb39d0cfc93266383e880147aba8e84ed9e481474fa39db9085f,447,45.727561281308596,45.727561281308596,22.43512042517917,27.266812781974792,0.0004729584128342609,0.009307971865352435,0.050812187625403064
bfo-6759d0e2ceeddb39d0cfc93266383e880147aba8e84ed9e481474fa39db9085f,448,45.818433487316824,45.818433487316824,22.193135298458717,27.018813669156955,0.0005052675390002253,0.00986565678493087,0.05121478985281422
bfo-6759d0e2ceeddb39d0cfc93266383e880147aba8e84ed9e481474fa39db9085f,449,45.133380697761325,45.133380697761325,22.117107513088154,26.897860884604707,0.000503363805227059,0.009929042413089041,0.0506961078707344
bfo-6759d0e2ceeddb39d0cfc93266383e880147aba8e84ed9e481474fa39db9085f,450,44.973379502840466,44.973379502840466,22.17164625542387,26.973663499888932,0.0005011036102881083,0.009854510818778982,0.05085017607705029
bfo-6759d0e2ceeddb39d0cfc93266383e880147aba8e84ed9e481474fa39db9085f,451,45.37432077466724,45.37432077466724,22.105487255352656,26.87765977792524,0.0005019877753138705,0.00993166785179474,0.05054415661143529
bfo-6759d0e2ceeddb39d0cfc93266383e880147aba8e84ed9e481474fa39db9085f,452,44.881695504829096,44.881695504829096,22.097388193544198,26.887579501526577,0.0005091648693849313,0.010008052476639011,0.050875519545229585
bfo-6759d0e2ceeddb39d0cfc93266383e880147aba8e84ed9e481474fa39db9085f,453,45.15475835172607,45.15475835172607,21.87306103913411,26.63023107490191,0.0005293444254986474,0.010443101341283503,0.050688431357651526
bfo-6759d0e2ceeddb39d0cfc93266383e880147aba8e84ed9e481474fa39db9085f,454,44.88302289273395,44.88302289273395,22.099321420626243,26.889777098529986,0.0005089336974939676,0.010003793451340032,0.050874070918147024
bfo-6759d0e2ceeddb39d0cfc93266383e880147aba8e84ed9e481474fa39db9085f,455,1000000.0,46.0152038643648,22.547161598107643,27.378125592166384,0.00046325604912062505,0.00907905449553716,0.05102470189471163
bfo-6759d0e2ceeddb39d0cfc93266383e880147aba8e84ed9e481474fa39db9085f,456,45.3750342686321,45.3750342686321,22.372203969056937,27.20644176222998,0.00048175123973707187,0.009430779053194518,0.05108286781184707
bfo-6759d0e2ceeddb39d0cfc93266383e880147aba8e84ed9e481474fa39db9085f,457,1000000.0,45.0034812669017,22.132787439380248,26.923376817362964,0.0005036227720987981,0.009919054682721164,0.05077326299814648
bfo-6759d0e2ceeddb39d0cfc93266383e880147aba8e84ed9e481474fa39db9085f,458,45.23362957965986,45.23362957965986,22.322998379912676,27.14755081898289,0.0004864681530184445,0.009530688201714193,0.051042290202185835
bfo-6759d0e2ceeddb39d0cfc93266383e880147aba8e84ed9e481474fa39db9085f,459,45.10468045434982,45.10468045434982,21.904440551406967,26.661367295559486,0.0005253529335101683,0.010384425423303197,0.050590467175126386
bfo-6759d0e2ceeddb39d0cfc93266383e880147aba8e84ed9e481474fa39db9085f,460,45.30954151332608,45.30954151332608,22.131386969452155,26.910165691610274,0.0005005560449401408,0.00988435990474555,0.05064122004499455
bfo-6759d0e2ceeddb39d0cfc93266383e880147aba8e84ed9e481474fa39db9085f,461,44.97705079118201,44.97705079118201,22.004687262972737,26.773421850908424,0.000515848532316762,0.010182167378940826,0.05066195762835927
bfo-6759d0e2ceeddb39d0cfc93266383e880147aba8e84ed9e481474fa39db9085f,462,45.09462961953917,45.09462961953917,22.042227260816862,26.83936597889465,0.000518679206570684,0.010170615492234924,0.05099781886029277
bfo-6759d0e2ceeddb39d0cfc93266383e880147aba8e84ed9e481474fa39db9085f,463,44.97807781880334,44.97807781880334,22.009497451288297,26.778524245391672,0.0005153209080788292,0.010170510624456244,0.050668145101749044
bfo-6759d0e2ceeddb39d0cfc93266383e880147aba8e84ed9e481474fa39db9085f,464,45.09906139426283,45.09906139426283,22.121696268459665,26.93402908746656,0.0005117980398257737,0.010013471037190103,0.05111095222874787
bfo-6759d0e2ceeddb39d0cfc93266383e880147aba8e84ed9e481474fa39db9085f,465,45.00906785363949,45.00906785363949,21.90107182151957,26.668417128045395,0.0005303707918069123,0.01042977449660072,0.05085160680892681
bfo-6759d0e2ceeddb39d0cfc93266383e880147aba8e84ed9e481474fa39db9085f,466,44.885174522512564,44.885174522512564,22.12736385902791,26.925393650989047,0.0005068145417372354,0.0099530305607059,0.05092062549653124
bfo-6759d0e2ceeddb39d0cfc93266383e880147aba8e84ed9e481474fa39db9085f,467,45.07109714255898,45.07109714255898,22.2816026559058,27.10538511961296,0.0004913704799946104,0.009636476356578045,0.050990679768460334
bfo-6759d0e2ceeddb39d0cfc93266383e880147aba8e84ed9e481474fa39db9085f,468,44.867345632885716,44.867345632885716,22.041245275745336,26.82223923755247,0.000514926411157263,0.010124830417779094,0.05085778130693999
bfo-6759d0e2ceeddb39d0cfc93266383e880147aba8e84ed9e481474fa39db9085f,469,44.85458897387326,44.85458897387326,22.040453418166035,26.821489655443468,0.0005149585286036916,0.010126268450324093,0.05085373068370612
bfo-6759d0e2ceeddb39d0cfc93266383e880147aba8e84ed9e481474fa39db9085f,470,45.37879976773153,45.37879976773153,22.21576277181268,27.028176661588343,0.0004979857566602166,0.009775666845432775,0.05094135924782229
bfo-6759d0e2ceeddb39d0cfc93266383e880147aba8e84ed9e481474fa39db9085f,471,44.85529194626133,44.85529194626133,22.040467984156418,26.822880443228726,0.0005152363231330744,0.01012998984419189,0.0508624718344105
bfo-6759d0e2ceeddb39d0cfc93266383e880147aba8e84ed9e481474fa39db9085f,472,45.17249361973393,45.17249361973393,21.959727062414437,26.712482221181748,0.000517794784224558,0.010247502912082186,0.05052887407468397
bfo-6759d0e2ceeddb39d0cfc93266383e880147aba8e84ed9e481474fa39db9085f,473,44.90740970444021,44.90740970444021,22.13483016722535,26.931685504947655,0.0005055507813904372,0.009931982078044072,0.05090129819183045
bfo-6759d0e2ceeddb39d0cfc93266383e880147aba8e84ed9e481474fa39db9085f,474,1000000.0,45.33537958545091,21.9194383091751,26.666227460523427,0.0005206260093861833,0.010312601172569137,0.05048445107826097
bfo-6759d0e2ceeddb39d0cfc93266383e880147aba8e84ed9e481474fa39db9085f,475,1000000.0000054471,45.33581214049454,22.074089886876987,26.839659660104363,0.0005054120803129121,0.009990867982178379,0.05058740453927143
bfo-6759d0e2ceeddb39d0cfc93266383e880147aba8e84ed9e481474fa39db9085f,476,46.81505902543155,46.81505902543155,22.02984871231298,26.84755005899113,0.0005250718548154117,0.010236558270182093,0.051293788493822684
bfo-6759d0e2ceeddb39d0cfc93266383e880147aba8e84ed9e481474fa39db9085f,477,1000000.0000019337,45.089405514830176,21.979974317842544,26.76599940076423,0.0005255804054994522,0.010289487136719172,0.05107935881700657
bfo-6759d0e2ceeddb39d0cfc93266383e880147aba8e84ed9e481474fa39db9085f,478,47.78447784999624,47.78447784999624,23.038361036239483,27.93675832497015,0.0004190109738118605,0.008232998639679873,0.050894090009002246
bfo-6759d0e2ceeddb39d0cfc93266383e880147aba8e84ed9e481474fa39db9085f,479,44.88578189940657,44.88578189940657,22.115256012894086,26.90954263530776,0.0005076739448254192,0.009974143983114265,0.050898999020355655
bfo-6759d0e2ceeddb39d0cfc93266383e880147aba8e84ed9e481474fa39db9085f,480,45.644748276946515,45.644748276946515,22.42474221757567,27.25203479979501,0.00047363101234429786,0.009300815377567698,0.05092360111637432
bfo-6759d0e2ceeddb39d0cfc93266383e880147aba8e84ed9e481474fa39db9085f,481,45.314999254668436,45.314999254668436,22.17488360205574,26.963763464343824,0.000497266001163122,0.0097993272533159,0.050744912207606595
bfo-6759d0e2ceeddb39d0cfc93266383e880147aba8e84ed9e481474fa39db9085f,482,44.97485653545367,44.97485653545367,22.099255021759337,26.88506072800044,0.000506294170667014,0.00999278314860005,0.05066598195298011
bfo-6759d0e2ceeddb39d0cfc93266383e880147aba8e84ed9e481474fa39db9085f,483,45.22542581936449,45.22542581936449,21.83289889734157,26.597769257683744,0.0005354282616992494,0.010551345916944697,0.050745020200635295
bfo-6759d0e2ceeddb39d0cfc93266383e880147aba8e84ed9e481474fa39db9085f,484,46.692127054464336,46.692127054464336,22.32779091433032,27.11802899100501,0.0004730762067309498,0.009402207103678107,0.0503154420567788
bfo-6759d0e2ceeddb39d0cfc93266383e880147aba8e84ed9e481474fa39db9085f,485,1000000.000002861,45.1760288621641,21.994913812433225,26.785826296991196,0.0005245909578399645,0.010263948197011947,0.05111005509484976
bfo-6759d0e2ceeddb39d0cfc93266383e880147aba8e84ed9e481474fa39db9085f,486,45.5245524683684,45.5245524683684,22.32036531036761,27.134667936500538,0.0004828879296652319,0.009502474842516012,0.05081707004418393
bfo-6759d0e2ceeddb39d0cfc93266383e880147aba8e84ed9e481474fa39db9085f,487,1000000.0000023347,45.25824586434024,22.06371700437842,26.82999447321422,0.0005071782648715771,0.010022438478241935,0.05060427818765146
bfo-6759d0e2ceeddb39d0cfc93266383e880147aba8e84ed9e481474fa39db9085f,488,44.87859430544478,44.87859430544478,22.13723386635902,26.941702123263184,0.000505819306423369,0.009954568390161215,0.05081278128776583
bfo-6759d0e2ceeddb39d0cfc93266383e880147aba8e84ed9e481474fa39db9085f,489,45.14847047492727,45.14847047492727,22.100614312339925,26.9085667308263,0.0005132210316951461,0.010051219109247982,0.05106057545028929
bfo-6759d0e2ceeddb39d0cfc93266383e880147aba8e84ed9e481474fa39db9085f,490,47.1286517150726,47.1286517150726,22.263464095568505,27.115706658256762,0.0005004886722875004,0.0097385882283388,0.05139232305059409
bfo-6759d0e2ceeddb39d0cfc93266383e880147aba8e84ed9e481474fa39db9085f,491,45.310273936629585,45.310273936629585,21.82924590127234,26.59726104869775,0.0005395727525259037,0.010572782982336543,0.05103412728960225
bfo-6759d0e2ceeddb39d0cfc93266383e880147aba8e84ed9e481474fa39db9085f,492,44.96369772360694,44.96369772360694,22.095923872412804,26.88057571768085,0.0005072017391663221,0.00999550664093939,0.05074297455708105
bfo-6759d0e2ceeddb39d0cfc93266383e880147aba8e84ed9e481474fa39db9085f,493,44.89492451674097,44.89492451674097,22.055688294258346,26.84864317071094,0.0005166094803754122,0.010120903150473625,0.05104381226602653
bfo-6759d0e2ceeddb39d0cfc93266383e880147aba8e84ed9e481474fa39db9085f,494,1000000.0,44.980851296856805,21.972257198899218,26.733821095120124,0.0005187466738676935,0.010241316965734762,0.050652340475673976
bfo-6759d0e2ceeddb39d0cfc93266383e880147aba8e84ed9e481474fa39db9085f,495,44.96208725595479,44.96208725595479,22.07577031579208,26.855857365599903,0.0005094100713601925,0.010032673948944746,0.05077510481777125
bfo-6759d0e2ceeddb39d0cfc93266383e880147aba8e84ed9e481474fa39db9085f,496,1000000.0,44.909551597096225,22.07064628694158,26.85463798954702,0.0005125502044377251,0.010058897287731154,0.05095490984512617
bfo-6759d0e2ceeddb39d0cfc93266383e880147aba8e84ed9e481474fa39db9085f,497,45.00125304548693,45.00125304548693,22.086573035156526,26.866691098336815,0.0005075225267914321,0.010006877284688517,0.05071737289793594
bfo-6759d0e2ceeddb39d0cfc93266383e880147aba8e84ed9e481474fa39db9085f,498,52.37955370179768,52.37955370179768,23.981590384761063,29.13919378022323,0.0003385304826479072,0.006647321713519046,0.05092735047852701
bfo-6759d0e2ceeddb39d0cfc93266383e880147aba8e84ed9e481474fa39db9085f,499,1000000.0000958665,44.82286925578077,22.03431949283215,26.817026193616485,0.0005164498936462674,0.010146480182921564,0.050899413819932335
bfo-6759d0e2ceeddb39d0cfc93266383e880147aba8e84ed9e481474fa39db9085f,500,46.039293615431184,46.039293615431184,22.144210427696212,26.971654199028166,0.0005105289431263642,0.009988653506421339,0.051110887248032366
bfo-6759d0e2ceeddb39d0cfc93266383e880147aba8e84ed9e481474fa39db9085f,501,1000000.000101728,45.42431616270211,22.42776135220496,27.263216351999546,0.00047632728780982813,0.009336295556582191,0.05101887412658141
bfo-6759d0e2ceeddb39d0cfc93266383e880147aba8e84ed9e481474fa39db9085f,502,45.00501978127491,45.00501978127491,22.01248209545723,26.77854647886011,0.0005146293629058583,0.010153744687973053,0.05068370130631988
bfo-6759d0e2ceeddb39d0cfc93266383e880147aba8e84ed9e481474fa39db9085f,503,44.92133980206526,44.92133980206526,22.11558420789818,26.907376299585504,0.0005067769903828912,0.009966931991905148,0.050845836090231245
bfo-6759d0e2ceeddb39d0cfc93266383e880147aba8e84ed9e481474fa39db9085f,504,1000000.0,45.08216595984098,21.883539978169058,26.643212748820723,0.0005292556221307945,0.010435210055136743,0.05071825285110269
bfo-6759d0e2ceeddb39d0cfc93266383e880147aba8e84ed9e481474fa39db9085f,505,1000000.0001461328,44.85953388349307,22.015179294892917,26.79200329294425,0.0005174537254197696,0.010177931010767713,0.05084075779962852
bfo-6759d0e2ceeddb39d0cfc93266383e880147aba8e84ed9e481474fa39db9085f,506,1000000.0,44.971723415684295,21.93431756020195,26.694841960343542,0.000524388431549884,0.010334345297724184,0.050742298272669885
bfo-6759d0e2ceeddb39d0cfc93266383e880147aba8e84ed9e481474fa39db9085f,507,1000000.0000066165,44.85426865610158,22.038244657744283,26.81903328857827,0.000515196335446706,0.01013117618011646,0.05085256897001111
bfo-6759d0e2ceeddb39d0cfc93266383e880147aba8e84ed9e481474fa39db9085f,508,44.86789808039771,44.86789808039771,22.06564163135765,26.849788860706727,0.0005120563348092789,0.01007096050685656,0.05084483594793746
bfo-6759d0e2ceeddb39d0cfc93266383e880147aba8e84ed9e481474fa39db9085f,509,44.93792502946792,44.93792502946792,22.209622575439333,27.022773958485956,0.0004993146479002768,0.009788488040723367,0.051010395663044356
bfo-6759d0e2ceeddb39d0cfc93266383e880147aba8e84ed9e481474fa39db9085f,510,45.07000738909289,45.07000738909289,21.92215340866899,26.678278479053375,0.0005240300935758401,0.010344800110397108,0.05065637692207898
bfo-6759d0e2ceeddb39d0cfc93266383e880147aba8e84ed9e481474fa39db9085f,511,1000000.000042021,44.85062394638164,22.04501176502517,26.826827993261297,0.0005145207776853804,0.010116844938670929,0.050857829768514176
bfo-6759d0e2ceeddb39d0cfc93266383e880147aba8e84ed9e481474fa39db9085f,512,44.90724422092272,44.90724422092272,21.966939892302968,26.733919157989938,0.0005216951484947508,0.010270566180792027,0.05079516935204828
bfo-6759d0e2ceeddb39d0cfc93266383e880147aba8e84ed9e481474fa39db9085f,513,44.86106034960161,44.86106034960161,22.06808162450214,26.85356835245186,0.0005122134376153779,0.010069114097809344,0.05086976199095967
bfo-6759d0e2ceeddb39d0cfc93266383e880147aba8e84ed9e481474fa39db9085f,514,44.902184885545495,44.902184885545495,21.97085159195508,26.73887013479191,0.0005213844632445864,0.010263954055525694,0.05079762247804435
bfo-6759d0e2ceeddb39d0cfc93266383e880147aba8e84ed9e481474fa39db9085f,515,44.891367354613884,44.891367354613884,22.03748790852745,26.815351772268933,0.0005143007151397885,0.010124737404208708,0.050796449785058234
bfo-6759d0e2ceeddb39d0cfc93266383e880147aba8e84ed9e481474fa39db9085f,516,44.86994147957229,44.86994147957229,22.13874932266353,26.93844428333467,0.000505796942976685,0.00993010304287863,0.050935719477696366
bfo-6759d0e2ceeddb39d0cfc93266383e880147aba8e84ed9e481474fa39db9085f,517,44.918129452869984,44.918129452869984,22.124038665426035,26.915716499539727,0.000505734695926039,0.009944152126037335,0.050857497905914505
bfo-6759d0e2ceeddb39d0cfc93266383e880147aba8e84ed9e481474fa39db9085f,518,44.88143949801068,44.88143949801068,22.079048116088916,26.865379509469232,0.0005107341521930693,0.010043658891662515,0.05085140362712259
bfo-6759d0e2ceeddb39d0cfc93266383e880147aba8e84ed9e481474fa39db9085f,519,44.84610740261775,44.84610740261775,22.06194797266685,26.847148599619338,0.0005133457385287363,0.0100829735553489,0.05091213774496239
bfo-6759d0e2ceeddb39d0cfc93266383e880147aba8e84ed9e481474fa39db9085f,520,45.043852028197364,45.043852028197364,21.937280819461666,26.714690283379067,0.0005289685294947355,0.010373631247159785,0.050991645730569295
bfo-6759d0e2ceeddb39d0cfc93266383e880147aba8e84ed9e481474fa39db9085f,521,44.86165096703321,44.86165096703321,22.094913593674235,26.886144075459896,0.0005101775507848119,0.010016989854540616,0.05093122367030778
bfo-6759d0e2ceeddb39d0cfc93266383e880147aba8e84ed9e481474fa39db9085f,522,45.625323806229915,45.625323806229915,22.519436687060175,27.359959184005643,0.000469497213686048,0.009176281149499397,0.0511642141339208
bfo-6759d0e2ceeddb39d0cfc93266383e880147aba8e84ed9e481474fa39db9085f,523,44.87138045961673,44.87138045961673,22.112665448878328,26.906872319544693,0.0005083662571534214,0.009980586511203182,0.05093550930927573
bfo-6759d0e2ceeddb39d0cfc93266383e880147aba8e84ed9e481474fa39db9085f,524,1000000.0,46.89103282782303,22.945471775260327,27.831035117435256,0.00043016154242784003,0.008410865065957073,0.0511435552769615
bfo-6759d0e2ceeddb39d0cfc93266383e880147aba8e84ed9e481474fa39db9085f,525,44.848250413305074,44.848250413305074,22.05855201144064,26.84333091031248,0.0005137282054463745,0.010090231361078979,0.05091342180992765
bfo-6759d0e2ceeddb39d0cfc93266383e880147aba8e84ed9e481474fa39db9085f,526,1000000.0,44.84446147448876,22.019191133779614,26.79910361076785,0.0005179993517776464,0.01017570477857287,0.050905501196183006
bfo-6759d0e2ceeddb39d0cfc93266383e880147aba8e84ed9e481474fa39db9085f,527,1000000.0001739366,44.936004991281656,21.925610484021075,26.688367575795084,0.0005269309533382265,0.010361319614399952,0.05085558335696049
bfo-6759d0e2ceeddb39d0cfc93266383e880147aba8e84ed9e481474fa39db9085f,528,45.68707971469111,45.68707971469111,22.494627787849527,27.328453074394567,0.0004695927602865748,0.009209000410173846,0.05099280479646649
bfo-6759d0e2ceeddb39d0cfc93266383e880147aba8e84ed9e481474fa39db9085f,529,44.848514674175284,44.848514674175284,22.064633064626896,26.85013217939328,0.0005130447138835629,0.010077038951466711,0.05091224876221098
bfo-6759d0e2ceeddb39d0cfc93266383e880147aba8e84ed9e481474fa39db9085f,530,1000000.0,45.053283849367276,22.192927984908035,26.99309594262842,0.0004979742677092984,0.00979232331268218,0.05085353616381974
bfo-6759d0e2ceeddb39d0cfc93266383e880147aba8e84ed9e481474fa39db9085f,531,44.890768076255554,44.890768076255554,22.133852551508415,26.93121799768099,0.0005061837610927371,0.009935695961612838,0.0509459793303266
bfo-6759d0e2ceeddb39d0cfc93266383e880147aba8e84ed9e481474fa39db9085f,532,44.87943238796015,44.87943238796015,22.1315601684178,26.92890249594763,0.0005064171781569216,0.00994130513958831,0.0509407136232309
bfo-6759d0e2ceeddb39d0cfc93266383e880147aba8e84ed9e481474fa39db9085f,533,44.90746478311739,44.90746478311739,22.09297818461819,26.892999151751077,0.0005128659033484529,0.010047254136231306,0.051045379801732314
bfo-6759d0e2ceeddb39d0cfc93266383e880147aba8e84ed9e481474fa39db9085f,534,45.00170196490346,45.00170196490346,22.23965820364525,27.055064755431083,0.0004956094258908492,0.009717301027940932,0.05100278610961869
bfo-6759d0e2ceeddb39d0cfc93266383e880147aba8e84ed9e481474fa39db9085f,535,44.87842726420146,44.87842726420146,22.09431727975739,26.883528397803786,0.0005094342004456783,0.01001281064635041,0.050878241728396514
bfo-6759d0e2ceeddb39d0cfc93266383e880147aba8e84ed9e481474fa39db9085f,536,44.86070851178217,44.86070851178217,22.082612878225323,26.870139799444857,0.0005109497499297082,0.010037076849382785,0.05090623072803595
bfo-6759d0e2ceeddb39d0cfc93266383e880147aba8e84ed9e481474fa39db9085f,537,44.85214239938756,44.85214239938756,22.0180127577287,26.795643078735722,0.0005175990717491521,0.010172058283282043,0.05088439894213301
bfo-6759d0e2ceeddb39d0cfc93266383e880147aba8e84ed9e481474fa39db9085f,538,44.84497357798655,44.84497357798655,22.065675308415464,26.851971130463976,0.000513129951230671,0.010076781122729694,0.05092201021149793
bfo-6759d0e2ceeddb39d0cfc93266383e880147aba8e84ed9e481474fa39db9085f,539,44.84421847079453,44.84421847079453,22.049781455220117,26.833302557859266,0.0005146520874632803,0.010108964123805627,0.05091046730013857
bfo-6759d0e2ceeddb39d0cfc93266383e880147aba8e84ed9e481474fa39db9085f,540,44.84672400351651,44.84672400351651,22.052977203316026,26.836314022905096,0.0005141050616729273,0.010100331941817389,0.05089981840541595
bfo-6759d0e2ceeddb39d0cfc93266383e880147aba8e84ed9e481474fa39db9085f,541,44.84535855137921,44.84535855137921,22.045571700241606,26.82818973722703,0.0005150027150448536,0.010116977416830425,0.05090480030014737
bfo-6759d0e2ceeddb39d0cfc93266383e880147aba8e84ed9e481474fa39db9085f,542,44.849615291090416,44.849615291090416,22.061435539279287,26.84692909200903,0.0005136025056481573,0.010085252834161713,0.05092609120402364
bfo-6759d0e2ceeddb39d0cfc93266383e880147aba8e84ed9e481474fa39db9085f,543,44.84682107861449,44.84682107861449,22.055792077128153,26.839966387793076,0.000513945827068433,0.010095547728669692,0.05090816673660128
bfo-6759d0e2ceeddb39d0cfc93266383e880147aba8e84ed9e481474fa39db9085f,544,44.868331118253224,44.868331118253224,22.113948334060876,26.908424339875726,0.0005083189184968575,0.009977945550794051,0.050944246579538124
bfo-6759d0e2ceeddb39d0cfc93266383e880147aba8e84ed9e481474fa39db9085f,545,44.845036221615196,44.845036221615196,22.05545840469548,26.84021988725336,0.0005141730930273,0.01009824670338577,0.050917065915502595
bfo-6759d0e2ceeddb39d0cfc93266383e880147aba8e84ed9e481474fa39db9085f,546,44.84395085725407,44.84395085725407,22.044931794369564,26.82756776760066,0.0005151230955263466,0.010118687629078036,0.05090809346125472
bfo-6759d0e2ceeddb39d0cfc93266383e880147aba8e84ed9e481474fa39db9085f,547,44.917943665525016,44.917943665525016,21.92625016976394,26.688821387490126,0.0005268338489091694,0.010359125582855813,0.05085698061051321
bfo-6759d0e2ceeddb39d0cfc93266383e880147aba8e84ed9e481474fa39db9085f,548,44.84393158949554,44.84393158949554,22.041578833923968,26.823353121311314,0.0005153662407848816,0.010124615806067895,0.05090230095210248
bfo-6759d0e2ceeddb39d0cfc93266383e880147aba8e84ed9e481474fa39db9085f,549,44.84215020549429,44.84215020549429,22.0675209172541,26.852286954714977,0.0005122345381725298,0.010067766248916869,0.05087866816808923
bfo-6759d0e2ceeddb39d0cfc93266383e880147aba8e84ed9e481474fa39db9085f,550,1000000.0,44.87060747570405,22.109874841076174,26.90022587941118,0.0005073890714376193,0.009976678253261966,0.05085751575397591
bfo-6759d0e2ceeddb39d0cfc93266383e880147aba8e84ed9e481474fa39db9085f,551,1000000.000019584,44.86232052705081,22.0714013750059,26.85954257690535,0.0005127028310357969,0.010067942738716418,0.050924289533768485
bfo-6759d0e2ceeddb39d0cfc93266383e880147aba8e84ed9e481474fa39db9085f,552,44.86672409093824,44.86672409093824,22.044862646154904,26.822192696710147,0.0005133697627291544,0.010103181624718838,0.050812682756600544
bfo-6759d0e2ceeddb39d0cfc93266383e880147aba8e84ed9e481474fa39db9085f,553,44.86462054953504,44.86462054953504,22.079851308040066,26.865391537002527,0.0005105905512186262,0.010038719092565006,0.05086212160242493
bfo-6759d0e2ceeddb39d0cfc93266383e880147aba8e84ed9e481474fa39db9085f,554,44.803335765821444,44.803335765821444,22.09383340279502,26.880296928413905,0.0005087309790027706,0.010005240181973433,0.05084645343340758
bfo-6759d0e2ceeddb39d0cfc93266383e880147aba8e84ed9e481474fa39db9085f,555,44.87569167535748,44.87569167535748,22.11918470212716,26.906623376125754,0.0005051021902174571,0.009943164592698022,0.05079893684837419
bfo-6759d0e2ceeddb39d0cfc93266383e880147aba8e84ed9e481474fa39db9085f,556,44.7868250665107,44.7868250665107,22.082924035054152,26.868318302549977,0.00050999924459599,0.010030051983171227,0.05084711878379939
bfo-6759d0e2ceeddb39d0cfc93266383e880147aba8e84ed9e481474fa39db9085f,557,44.721677974013026,44.721677974013026,22.05421644922449,26.837174603390327,0.0005136554967442696,0.01009534188737298,0.0508804459001768
bfo-6759d0e2ceeddb39d0cfc93266383e880147aba8e84ed9e481474fa39db9085f,558,1000000.0,44.80515656569038,22.083540674416707,26.877831487160435,0.0005127068235378967,0.010054151865082473,0.05099453742274371
bfo-6759d0e2ceeddb39d0cfc93266383e880147aba8e84ed9e481474fa39db9085f,559,44.72323670936987,44.72323670936987,22.047910864218103,26.829229801355226,0.000514147405779153,0.010106410226417686,0.050873395623224904
bfo-6759d0e2ceeddb39d0cfc93266383e880147aba8e84ed9e481474fa39db9085f,560,44.75518889246238,44.75518889246238,22.05338108742737,26.83098149616453,0.0005122716530497872,0.010080878463447202,0.05081617191470569
bfo-6759d0e2ceeddb39d0cfc93266383e880147aba8e84ed9e481474fa39db9085f,561,44.719809462532766,44.719809462532766,22.068775859822953,26.855335915566343,0.0005125464613701805,0.01006884581355181,0.05090419208528712
bfo-6759d0e2ceeddb39d0cfc93266383e880147aba8e84ed9e481474fa39db9085f,562,44.70334625408947,44.70334625408947,22.014168534069835,26.79394868279372,0.0005186396211329848,0.01018738181255647,0.05091000128155939
bfo-6759d0e2ceeddb39d0cfc93266383e880147aba8e84ed9e481474fa39db9085f,563,44.670432141704985,44.670432141704985,22.03728554982126,26.815804281361586,0.0005146990113087459,0.010125164748923268,0.050833643113163185
bfo-6759d0e2ceeddb39d0cfc93266383e880147aba8e84ed9e481474fa39db9085f,564,44.65757957361392,44.65757957361392,22.026344367660595,26.80674200717463,0.0005167281438624535,0.0101587224368106,0.05086546532564618
bfo-6759d0e2ceeddb39d0cfc93266383e880147aba8e84ed9e481474fa39db9085f,565,44.65618037322604,44.65618037322604,22.031297148397314,26.80922778717097,0.0005151491002373027,0.010139110294561864,0.05080811681411575
bfo-6759d0e2ceeddb39d0cfc93266383e880147aba8e84ed9e481474fa39db9085f,566,1000000.0,44.66499006043215,22.070818527525475,26.855545424288987,0.0005114029206616183,0.010058103066376473,0.05084486779333194
bfo-6759d0e2ceeddb39d0cfc93266383e880147aba8e84ed9e481474fa39db9085f,567,44.66092537959078,44.66092537959078,22.027918420861692,26.804199424683866,0.000515187559481388,0.01014249541275664,0.05079495119449748
bfo-6759d0e2ceeddb39d0cfc93266383e880147aba8e84ed9e481474fa39db9085f,568,44.667468006974865,44.667468006974865,22.012884733545235,26.78611071733947,0.0005163347752609779,0.010172285899003767,0.050758972013512295
bfo-6759d0e2ceeddb39d0cfc93266383e880147aba8e84ed9e481474fa39db9085f,569,1000000.0000275193,44.67121275720931,22.021558834792277,26.795888123942046,0.0005155791580826459,0.01015292701668487,0.050781332046942323
bfo-6759d0e2ceeddb39d0cfc93266383e880147aba8e84ed9e481474fa39db9085f,570,44.648094243615404,44.648094243615404,22.03769356016308,26.81908583020416,0.0005151605316082292,0.0101333775194917,0.05083798867823787
bfo-6759d0e2ceeddb39d0cfc93266383e880147aba8e84ed9e481474fa39db9085f,571,44.65362083849216,44.65362083849216,22.05700591285898,26.842005968847445,0.0005133103156860049,0.010095528538549869,0.05084531371744676
bfo-6759d0e2ceeddb39d0cfc93266383e880147aba8e84ed9e481474fa39db9085f,572,44.65260156869648,44.65260156869648,22.0577605088764,26.84246481565602,0.0005132038060131948,0.01009218685401399,0.05085159573805127
bfo-6759d0e2ceeddb39d0cfc93266383e880147aba8e84ed9e481474fa39db9085f,573,44.65056678400129,44.65056678400129,22.04317950164904,26.825989714707113,0.0005148590247293283,0.010123153214637325,0.050859550755873235
bfo-6759d0e2ceeddb39d0cfc93266383e880147aba8e84ed9e481474fa39db9085f,574,44.64935419004591,44.64935419004591,22.052948460201318,26.837048257963076,0.000513760945864632,0.01010250660933352,0.05085479928218782
bfo-6759d0e2ceeddb39d0cfc93266383e880147aba8e84ed9e481474fa39db9085f,575,44.648445207432474,44.648445207432474,22.05423783266715,26.838603964052123,0.0005137027126282147,0.010100072022749408,0.050861292025556885
bfo-6759d0e2ceeddb39d0cfc93266383e880147aba8e84ed9e481474fa39db9085f,576,44.649143499541495,44.649143499541495,22.02990962991259,26.809485899010475,0.0005157852083983348,0.010147844915664981,0.05082706847462063
bfo-6759d0e2ceeddb39d0cfc93266383e880147aba8e84ed9e481474fa39db9085f,577,44.65197933921594,44.65197933921594,22.036320355934073,26.815270762085962,0.000514539035433287,0.010130073134473823,0.05079322020709313
bfo-6759d0e2ceeddb39d0cfc93266383e880147aba8e84ed9e481474fa39db9085f,578,44.65116571065542,44.65116571065542,22.048759154877427,26.83178756513106,0.000514004594742981,0.010110072182915982,0.050840843214902745
bfo-6759d0e2ceeddb39d0cfc93266383e880147aba8e84ed9e481474fa39db9085f,579,44.6898760533263,44.6898760533263,21.99935101207286,26.780651957789036,0.0005205251095232,0.010230432297640021,0.05088006981320582
bfo-6759d0e2ceeddb39d0cfc93266383e880147aba8e84ed9e481474fa39db9085f,580,44.64723862648599,44.64723862648599,22.04118302821057,26.823624233752543,0.000514980870081453,0.010127552980397567,0.0508494866507464
bfo-6759d0e2ceeddb39d0cfc93266383e880147aba8e84ed9e481474fa39db9085f,581,44.647557078468076,44.647557078468076,22.045901056254532,26.8295964663949,0.0005146175193225824,0.01011902247669238,0.05085644591737247
bfo-6759d0e2ceeddb39d0cfc93266383e880147aba8e84ed9e481474fa39db9085f,582,44.64708838909829,44.64708838909829,22.044602330923166,26.828108732251017,0.0005148122071962448,0.010121959286686587,0.05086092451225103
bfo-6759d0e2ceeddb39d0cfc93266383e880147aba8e84ed9e481474fa39db9085f,583,44.64724912286926,44.64724912286926,22.01554622335764,26.79282930403986,0.0005173416901073513,0.010177275492235351,0.050833024074277235
bfo-6759d0e2ceeddb39d0cfc93266383e880147aba8e84ed9e481474fa39db9085f,584,44.64847456552165,44.64847456552165,22.045538686305175,26.82993980369185,0.0005149239145801029,0.01012218393145761,0.05087083163741256
bfo-6759d0e2ceeddb39d0cfc93266383e880147aba8e84ed9e481474fa39db9085f,585,44.67347009935352,44.67347009935352,22.10835286867765,26.900556953204326,0.0005078415391284403,0.009985140744012959,0.05085972768415303
bfo-6759d0e2ceeddb39d0cfc93266383e880147aba8e84ed9e481474fa39db9085f,586,44.64672876741445,44.64672876741445,22.043491947411667,26.826502099924415,0.0005148179497451731,0.010123318457961565,0.05085466311101676
bfo-6759d0e2ceeddb39d0cfc93266383e880147aba8e84ed9e481474fa39db9085f,587,44.70385984005049,44.70385984005049,21.924917946322513,26.688998048643878,0.0005267675123212156,0.010367043566100492,0.05081173904233494
bfo-6759d0e2ceeddb39d0cfc93266383e880147aba8e84ed9e481474fa39db9085f,588,44.64870150895871,44.64870150895871,22.05535991627314,26.84053422388824,0.0005137138599620897,0.010099471755162355,0.05086541874821367
bfo-6759d0e2ceeddb39d0cfc93266383e880147aba8e84ed9e481474fa39db9085f,589,44.654451017536374,44.654451017536374,22.022266350382978,26.804050945097305,0.0005176886479106887,0.01017331631760728,0.05088691157815555
bfo-6759d0e2ceeddb39d0cfc93266383e880147aba8e84ed9e481474fa39db9085f,590,44.648528613969425,44.648528613969425,22.04592034127047,26.828998487453248,0.0005144807349235463,0.01011738165293387,0.050851174006503505
bfo-6759d0e2ceeddb39d0cfc93266383e880147aba8e84ed9e481474fa39db9085f,591,44.65402228018934,44.65402228018934,22.0812748215743,26.87037418317286,0.0005109154079118138,0.010045120065306183,0.0508620508854257
bfo-6759d0e2ceeddb39d0cfc93266383e880147aba8e84ed9e481474fa39db9085f,592,44.648502164293824,44.648502164293824,22.047095501323664,26.82964736394382,0.0005141593942589236,0.010112901176562902,0.05084192807604121
bfo-6759d0e2ceeddb39d0cfc93266383e880147aba8e84ed9e481474fa39db9085f,593,44.64223955084468,44.64223955084468,22.07460640710897,26.862103204358323,0.0005115510117334152,0.010057018422963568,0.050865076528583415
bfo-6759d0e2ceeddb39d0cfc93266383e880147aba8e84ed9e481474fa39db9085f,594,44.671437748874496,44.671437748874496,22.122860327490496,26.91869801084017,0.0005068250450679005,0.009958126271612822,0.05089562345806797
bfo-6759d0e2ceeddb39d0cfc93266383e880147aba8e84ed9e481474fa39db9085f,595,44.649723394640226,44.649723394640226,22.086593743007835,26.875479482819,0.0005102520232727758,0.010030444934083588,0.05087032794915533
bfo-6759d0e2ceeddb39d0cfc93266383e880147aba8e84ed9e481474fa39db9085f,596,44.65322898385734,44.65322898385734,22.077576279143,26.86940319442888,0.000512288008354352,0.01006303065737051,0.0509079248386404
bfo-6759d0e2ceeddb39d0cfc93266383e880147aba8e84ed9e481474fa39db9085f,597,44.64464835510982,44.64464835510982,22.0794405472701,26.867690732640547,0.0005110627542673635,0.010046964908386245,0.05086737725547117
bfo-6759d0e2ceeddb39d0cfc93266383e880147aba8e84ed9e481474fa39db9085f,598,44.64596687697361,44.64596687697361,22.068829135222156,26.858502413444935,0.0005129339791256084,0.010079151453543912,0.050890591483795655
bfo-6759d0e2ceeddb39d0cfc93266383e880147aba8e84ed9e481474fa39db9085f,599,44.64017659649667,44.64017659649667,22.065428640487074,26.850780535845274,0.0005122475622758049,0.010074150483299687,0.05084771794157509
bfo-6759d0e2ceeddb39d0cfc93266383e880147aba8e84ed9e481474fa39db9085f,600,44.66824253026175,44.66824253026175,22.09516451382412,26.882538115652654,0.0005084174754986529,0.01000330910982469,0.05082492902266848
bfo-6759d0e2ceeddb39d0cfc93266383e880147aba8e84ed9e481474fa39db9085f,601,44.63589308473249,44.63589308473249,22.052189071718622,26.835120171675946,0.0005135137279176994,0.010100717971437826,0.05083932937933532
bfo-6759d0e2ceeddb39d0cfc93266383e880147aba8e84ed9e481474fa39db9085f,602,44.62770578789368,44.62770578789368,22.007150933216963,26.78448543790037,0.0005189202511904934,0.01019858293231736,0.05088160332021563
bfo-6759d0e2ceeddb39d0cfc93266383e880147aba8e84ed9e481474fa39db9085f,603,44.61407880194449,44.61407880194449,22.030359105972835,26.808553128463885,0.0005156476103217742,0.010142362353475676,0.05084097691945185
bfo-6759d0e2ceeddb39d0cfc93266383e880147aba8e84ed9e481474fa39db9085f,604,44.62294043225995,44.62294043225995,22.050582268865927,26.8306138366324,0.0005132464635945798,0.010096067843620547,0.05083627324462636
bfo-6759d0e2ceeddb39d0cfc93266383e880147aba8e84ed9e481474fa39db9085f,605,44.6226717807126,44.6226717807126,22.055109086289065,26.837082749648076,0.0005130296985664653,0.010090811661000105,0.05084127182249071
bfo-6759d0e2ceeddb39d0cfc93266383e880147aba8e84ed9e481474fa39db9085f,606,44.60894523247775,44.60894523247775,22.043773094298626,26.82250282326672,0.0005139675036706884,0.01010926621086499,0.050841227538186595
bfo-6759d0e2ceeddb39d0cfc93266383e880147aba8e84ed9e481474fa39db9085f,607,44.62217727867785,44.62217727867785,22.07345587821269,26.85682323808432,0.0005109297520750704,0.010047309070444101,0.05085239724316422
bfo-6759d0e2ceeddb39d0cfc93266383e880147aba8e84ed9e481474fa39db9085f,608,44.611037499590914,44.611037499590914,22.040974929299505,26.81940552012579,0.0005143184381556924,0.010115485780356075,0.05084466028853316
bfo-6759d0e2ceeddb39d0cfc93266383e880147aba8e84ed9e481474fa39db9085f,609,44.64072647910801,44.64072647910801,22.078993186784242,26.863739956519435,0.000510431971429911,0.0100378176972227,0.050850890783874184
bfo-6759d0e2ceeddb39d0cfc93266383e880147aba8e84ed9e481474fa39db9085f,610,44.61005974929208,44.61005974929208,22.039772365806993,26.81754727399515,0.0005142981146675493,0.01011679799789883,0.05083605650467317
bfo-6759d0e2ceeddb39d0cfc93266383e880147aba8e84ed9e481474fa39db9085f,611,44.5976117647304,44.5976117647304,21.993271869984003,26.76419401559752,0.0005190230905853388,0.01021352466470839,0.0508172357363331
bfo-6759d0e2ceeddb39d0cfc93266383e880147aba8e84ed9e481474fa39db9085f,612,44.59094775088076,44.59094775088076,21.990914194247402,26.76111099621627,0.0005192286823607875,0.010217194713500896,0.0508191041592546
bfo-6759d0e2ceeddb39d0cfc93266383e880147aba8e84ed9e481474fa39db9085f,613,44.59094072743852,44.59094072743852,21.995750086323394,26.76561722525055,0.00051838319526786,0.010203802584937641,0.050802942427862346
bfo-6759d0e2ceeddb39d0cfc93266383e880147aba8e84ed9e481474fa39db9085f,614,44.57936955957255,44.57936955957255,22.023734001512906,26.79885519244127,0.0005158885701614897,0.01014833602466635,0.050834793892080524
bfo-6759d0e2ceeddb39d0cfc93266383e880147aba8e84ed9e481474fa39db9085f,615,44.59948939833002,44.59948939833002,22.0036140476115,26.781395679895436,0.000519659980849936,0.010207541404842391,0.050909416894788465
bfo-6759d0e2ceeddb39d0cfc93266383e880147aba8e84ed9e481474fa39db9085f,616,44.579373313555024,44.579373313555024,22.021448387316973,26.79620938070484,0.0005161251679455343,0.010153138708455424,0.05083405070746358
bfo-6759d0e2ceeddb39d0cfc93266383e880147aba8e84ed9e481474fa39db9085f,617,44.575701445541625,44.575701445541625,22.030563508043837,26.80768777348716,0.0005154908394353298,0.010137338967075806,0.050850705605242984
bfo-6759d0e2ceeddb39d0cfc93266383e880147aba8e84ed9e481474fa39db9085f,618,44.6427017901655,44.6427017901655,21.909825301430292,26.67076165010546,0.0005276118581904112,0.010384118510056604,0.050809498916970196
bfo-6759d0e2ceeddb39d0cfc93266383e880147aba8e84ed9e481474fa39db9085f,619,44.575493850521596,44.575493850521596,22.027029596102963,26.8035816391545,0.0005158497613095236,0.010144704602831714,0.05084916530398858
bfo-6759d0e2ceeddb39d0cfc93266383e880147aba8e84ed9e481474fa39db9085f,620,44.598468350844925,44.598468350844925,22.01417272725209,26.78575482822214,0.0005162202469932768,0.01016253424603029,0.05079640909401351
bfo-6759d0e2ceeddb39d0cfc93266383e880147aba8e84ed9e481474fa39db9085f,621,44.57590967641444,44.57590967641444,22.029381334954174,26.805995098324853,0.0005155286631810422,0.010138881275223421,0.050846700852573305
bfo-6759d0e2ceeddb39d0cfc93266383e880147aba8e84ed9e481474fa39db9085f,622,44.58751014376265,44.58751014376265,22.064281944104142,26.8445560310655,0.0005114273658710364,0.01006029661953383,0.05083621141726681
bfo-6759d0e2ceeddb39d0cfc93266383e880147aba8e84ed9e481474fa39db9085f,623,44.57730432608723,44.57730432608723,22.037911065589142,26.81510463749435,0.0005143192920859053,0.010119051876942703,0.05082682630156631
bfo-6759d0e2ceeddb39d0cfc93266383e880147aba8e84ed9e481474fa39db9085f,624,44.60647577140702,44.60647577140702,22.06819390974151,26.849364575340605,0.0005110542469568552,0.010053710752677551,0.0508324000489818
bfo-6759d0e2ceeddb39d0cfc93266383e880147aba8e84ed9e481474fa39db9085f,625,44.578292286029075,44.578292286029075,22.027399841986643,26.804164400498546,0.0005158939760555052,0.010144400289353367,0.05085504922325869
bfo-6759d0e2ceeddb39d0cfc93266383e880147aba8e84ed9e481474fa39db9085f,626,44.586708175657535,44.586708175657535,22.014781555302,26.787571111021403,0.0005165318882100901,0.010164616107005376,0.050816664670109896
bfo-6759d0e2ceeddb39d0cfc93266383e880147aba8e84ed9e481474fa39db9085f,627,44.57197124769895,44.57197124769895,22.03489734404051,26.81371543139722,0.0005153410856989355,0.010131495417774089,0.05086525379016132
bfo-6759d0e2ceeddb39d0cfc93266383e880147aba8e84ed9e481474fa39db9085f,628,44.565873261757574,44.565873261757574,22.031587676426046,26.813258401408845,0.0005165771009879337,0.010148770927275086,0.05090045924670733
bfo-6759d0e2ceeddb39d0cfc93266383e880147aba8e84ed9e481474fa39db9085f,629,44.579133829556994,44.579133829556994,22.021688406951977,26.801977122231566,0.000517714061579379,0.010170079056328009,0.05090560837452369
bfo-6759d0e2ceeddb39d0cfc93266383e880147aba8e84ed9e481474fa39db9085f,630,1000000.0000292263,44.57000292776318,22.045491940363153,26.829908284027443,0.0005153007020159488,0.010121464489542532,0.05091167415035206
bfo-6759d0e2ceeddb39d0cfc93266383e880147aba8e84ed9e481474fa39db9085f,631,44.56482084543258,44.56482084543258,22.00475576622627,26.780999461815615,0.0005189970830087851,0.01020100093353857,0.050877074356736975
bfo-6759d0e2ceeddb39d0cfc93266383e880147aba8e84ed9e481474fa39db9085f,632,44.56312774970665,44.56312774970665,22.05802614197305,26.843118764038966,0.0005136752020928099,0.010091731845389541,0.05090059961586128
bfo-6759d0e2ceeddb39d0cfc93266383e880147aba8e84ed9e481474fa39db9085f,633,44.568700579487924,44.568700579487924,22.067039641463996,26.848238682182835,0.000511252914575072,0.01005641364614384,0.0508384929821491
bfo-6759d0e2ceeddb39d0cfc93266383e880147aba8e84ed9e481474fa39db9085f,634,1000000.0000002498,44.563626921819846,22.05861853927713,26.844034283133897,0.0005137524879900708,0.010091016212694622,0.05091186825602003
bfo-6759d0e2ceeddb39d0cfc93266383e880147aba8e84ed9e481474fa39db9085f,635,44.562576642938765,44.562576642938765,22.056886942599654,26.841337653589942,0.0005135143334202479,0.010093057839793406,0.05087797390753474
bfo-6759d0e2ceeddb39d0cfc93266383e880147aba8e84ed9e481474fa39db9085f,636,44.56538429675183,44.56538429675183,22.071763665713515,26.858214758355555,0.0005119229893816653,0.01006086238957284,0.0508826151833889
bfo-6759d0e2ceeddb39d0cfc93266383e880147aba8e84ed9e481474fa39db9085f,637,1000000.0000046506,44.56230132373418,22.053095959254314,26.837619947389832,0.0005141043334562405,0.010102952236818128,0.05088654498263322
bfo-6759d0e2ceeddb39d0cfc93266383e880147aba8e84ed9e481474fa39db9085f,638,44.56691989675476,44.56691989675476,22.06476865833613,26.849123583822404,0.0005122998144826466,0.010072614970473964,0.05086065693808015
bfo-6759d0e2ceeddb39d0cfc93266383e880147aba8e84ed9e481474fa39db9085f,639,44.56516540018325,44.56516540018325,22.063297817078386,26.848917809077317,0.0005129003877683115,0.010080202223354299,0.05088195419135533
bfo-6759d0e2ceeddb39d0cfc93266383e880147aba8e84ed9e481474fa39db9085f,640,44.60143393303997,44.60143393303997,22.016962529208392,26.80118662901121,0.0005190337124644056,0.010194016037112497,0.05091552834278495
bfo-6759d0e2ceeddb39d0cfc93266383e880147aba8e84ed9e481474fa39db9085f,641,44.56532029301848,44.56532029301848,22.063904515823758,26.849561514047338,0.0005128248018309614,0.010078750945217945,0.05088178134556255
bfo-6759d0e2ceeddb39d0cfc93266383e880147aba8e84ed9e481474fa39db9085f,642,1000000.0,44.569810212175454,22.07325913561279,26.861028006808016,0.0005120498008303213,0.010061213444784611,0.050893443781947635
bfo-6759d0e2ceeddb39d0cfc93266383e880147aba8e84ed9e481474fa39db9085f,643,44.562596265474625,44.562596265474625,22.056497261405806,26.84078826995789,0.0005135177429917851,0.010093571092150831,0.05087572458781384
bfo-6759d0e2ceeddb39d0cfc93266383e880147aba8e84ed9e481474fa39db9085f,644,1000000.0,44.55815966693088,22.045392949769578,26.826987749058503,0.000514362860477571,0.01011372416972408,0.05085790870363471
bfo-6759d0e2ceeddb39d0cfc93266383e880147aba8e84ed9e481474fa39db9085f,645,44.563914070814896,44.563914070814896,22.058114375633053,26.842992158250908,0.0005134473696994108,0.010091196511831282,0.05088072252853531
bfo-6759d0e2ceeddb39d0cfc93266383e880147aba8e84ed9e481474fa39db9085f,646,44.56772081105795,44.56772081105795,22.04813310964943,26.831789211248317,0.0005145819456081924,0.010113207679777348,0.05088216932765702
bfo-6759d0e2ceeddb39d0cfc93266383e880147aba8e84ed9e481474fa39db9085f,647,44.56709666165217,44.56709666165217,22.065836492256906,26.852202644596208,0.0005126694714623901,0.010076228990074381,0.05087910089850048
bfo-6759d0e2ceeddb39d0cfc93266383e880147aba8e84ed9e481474fa39db9085f,648,1000000.0,44.5764224143398,22.086999772894647,26.87575405236761,0.0005104057269755268,0.010028854444088176,0.05089372169285012
bfo-6759d0e2ceeddb39d0cfc93266383e880147aba8e84ed9e481474fa39db9085f,649,44.56357165870538,44.56357165870538,22.05944814338793,26.84421092220683,0.0005132204559912771,0.010087450583952157,0.05087712219455579
bfo-6759d0e2ceeddb39d0cfc93266383e880147aba8e84ed9e481474fa39db9085f,650,44.57105379890422,44.57105379890422,22.083329333324183,26.87149048016874,0.0005106412063454632,0.010036602580128423,0.050877894413841517
bfo-6759d0e2ceeddb39d0cfc93266383e880147aba8e84ed9e481474fa39db9085f,651,44.56675691944615,44.56675691944615,22.066313445650476,26.852291331949846,0.0005126544690223472,0.010073458311864812,0.05089160575753094
bfo-6759d0e2ceeddb39d0cfc93266383e880147aba8e84ed9e481474fa39db9085f,652,44.563255726723774,44.563255726723774,22.02601961996001,26.80791865937114,0.0005174894423369318,0.010163946183101413,0.05091422494909608
bfo-6759d0e2ceeddb39d0cfc93266383e880147aba8e84ed9e481474fa39db9085f,653,1000000.0000072658,44.56241154304736,22.056427052430312,26.840235834250745,0.0005133883799012503,0.010092400617701154,0.050868807070620414
bfo-6759d0e2ceeddb39d0cfc93266383e880147aba8e84ed9e481474fa39db9085f,654,44.563222633241026,44.563222633241026,22.06375118375132,26.847949789842954,0.0005123200704032753,0.010074950597382816,0.05085087668185304
bfo-6759d0e2ceeddb39d0cfc93266383e880147aba8e84ed9e481474fa39db9085f,655,44.5632282828675,44.5632282828675,22.05932391869639,26.844235656347713,0.0005132795260670189,0.010088213728463394,0.050879128841097625
bfo-6759d0e2ceeddb39d0cfc93266383e880147aba8e84ed9e481474fa39db9085f,656,44.56558671510068,44.56558671510068,22.049774326019175,26.83468686723368,0.0005146697096945912,0.010112505346185168,0.05089438196329307
bfo-6759d0e2ceeddb39d0cfc93266383e880147aba8e84ed9e481474fa39db9085f,657,44.568517394377956,44.568517394377956,22.067227154205245,26.854071475411068,0.000512698033363421,0.010073641225561532,0.050895006272654086
bfo-6759d0e2ceeddb39d0cfc93266383e880147aba8e84ed9e481474fa39db9085f,658,1000000.0,44.56153578080796,22.047684832808123,26.830751751375335,0.0005144067449317345,0.010112649073251241,0.05086765507293051
bfo-6759d0e2ceeddb39d0cfc93266383e880147aba8e84ed9e481474fa39db9085f,659,44.56720950302729,44.56720950302729,22.065150039720482,26.851574709714868,0.0005128831455035965,0.01007788166435098,0.050891959499568734
bfo-6759d0e2ceeddb39d0cfc93266383e880147aba8e84ed9e481474fa39db9085f,660,44.55768961328235,44.55768961328235,22.03559732079434,26.8163591952072,0.0005155420261047669,0.01013626062886473,0.05086116517531851
bfo-6759d0e2ceeddb39d0cfc93266383e880147aba8e84ed9e481474fa39db9085f,661,44.56862347456905,44.56862347456905,22.052255687291254,26.838127206559292,0.00051455260777609,0.010109025681254385,0.05090031660818191
bfo-6759d0e2ceeddb39d0cfc93266383e880147aba8e84ed9e481474fa39db9085f,662,44.557831189997835,44.557831189997835,22.042606307012626,26.82510575292765,0.0005149965689528458,0.010123535692542115,0.050871215807757504
bfo-6759d0e2ceeddb39d0cfc93266383e880147aba8e84ed9e481474fa39db9085f,663,44.560801735578686,44.560801735578686,22.05706523932735,26.841184083407573,0.0005134385606024309,0.010091300858685575,0.05087932346804572
bfo-6759d0e2ceeddb39d0cfc93266383e880147aba8e84ed9e481474fa39db9085f,664,44.55849885992608,44.55849885992608,22.03785778963962,26.818828711598265,0.0005152459400036048,0.010131196127984198,0.050857365062788804
bfo-6759d0e2ceeddb39d0cfc93266383e880147aba8e84ed9e481474fa39db9085f,665,44.59081600898573,44.59081600898573,22.11215627963089,26.903681904870997,0.000507325863608881,0.009972664458614793,0.05087164676142616
bfo-6759d0e2ceeddb39d0cfc93266383e880147aba8e84ed9e481474fa39db9085f,666,1000000.0000212874,44.558092058811226,22.025580509832498,26.805172951660083,0.0005166790090289786,0.01015826162216195,0.05086293582966565
bfo-6759d0e2ceeddb39d0cfc93266383e880147aba8e84ed9e481474fa39db9085f,667,44.562250454796526,44.562250454796526,22.056027824112267,26.83920211397013,0.000513223742183121,0.01009138819938742,0.050857595807708135
bfo-6759d0e2ceeddb39d0cfc93266383e880147aba8e84ed9e481474fa39db9085f,668,44.556604279365686,44.556604279365686,22.023944233494323,26.80299809832867,0.0005167798133886879,0.010160849458006977,0.05085990256271869
bfo-6759d0e2ceeddb39d0cfc93266383e880147aba8e84ed9e481474fa39db9085f,669,1000000.0,44.62396862853475,21.910569453479816,26.67377944590014,0.000528119099430191,0.010392364885951072,0.05081799044066758
bfo-6759d0e2ceeddb39d0cfc93266383e880147aba8e84ed9e481474fa39db9085f,670,44.5570558430072,44.5570558430072,22.025213000991766,26.8032771845064,0.0005162747754838262,0.010154726528850378,0.05084083495671192
bfo-6759d0e2ceeddb39d0cfc93266383e880147aba8e84ed9e481474fa39db9085f,671,44.5675158456381,44.5675158456381,22.049872102086116,26.83128174851517,0.0005136516133417116,0.010101908725345644,0.050846986179251645
bfo-6759d0e2ceeddb39d0cfc93266383e880147aba8e84ed9e481474fa39db9085f,672,44.557775613837435,44.557775613837435,22.029259032589813,26.809490545818953,0.0005163462037094737,0.010150773226730211,0.05086767206558906
bfo-6759d0e2ceeddb39d0cfc93266383e880147aba8e84ed9e481474fa39db9085f,673,44.609762812525254,44.609762812525254,22.107206427160026,26.89965370231867,0.0005082485043674359,0.009988779147603122,0.05088194431542655
bfo-6759d0e2ceeddb39d0cfc93266383e880147aba8e84ed9e481474fa39db9085f,674,44.55598351885435,44.55598351885435,22.022111406767348,26.80043470080947,0.0005168437224755702,0.010163299307020746,0.05085393107713925
bfo-6759d0e2ceeddb39d0cfc93266383e880147aba8e84ed9e481474fa39db9085f,675,44.5868747547644,44.5868747547644,22.075373775729403,26.858751244192977,0.0005102942877645694,0.010041663255369931,0.050817705671586014
bfo-6759d0e2ceeddb39d0cfc93266383e880147aba8e84ed9e481474fa39db9085f,676,44.55608864431521,44.55608864431521,22.02416146055752,26.802775426007244,0.0005166199412120204,0.010158995746012426,0.05085344596337706
bfo-6759d0e2ceeddb39d0cfc93266383e880147aba8e84ed9e481474fa39db9085f,677,44.576773948732,44.576773948732,22.085309898954222,26.874644286434048,0.0005106482249319409,0.010034514008443511,0.05088918352221716
bfo-6759d0e2ceeddb39d0cfc93266383e880147aba8e84ed9e481474fa39db9085f,678,44.55561583861655,44.55561583861655,22.024711405142064,26.803481927243293,0.0005166165344351091,0.010157971133206578,0.05085824006196287
bfo-6759d0e2ceeddb39d0cfc93266383e880147aba8e84ed9e481474fa39db9085f,679,44.57757152055089,44.57757152055089,22.073303493540593,26.862253872523116,0.0005123116364640058,0.010064495559674166,0.050902862783973615
bfo-6759d0e2ceeddb39d0cfc93266383e880147aba8e84ed9e481474fa39db9085f,680,44.5559379405248,44.5559379405248,22.028512128914066,26.807188387695508,0.0005160483069001883,0.01014794237091798,0.05085250664992756
bfo-6759d0e2ceeddb39d0cfc93266383e880147aba8e84ed9e481474fa39db9085f,681,44.56081976776032,44.56081976776032,22.041732292589177,26.82506271830874,0.0005153817832399141,0.010128321799135089,0.050885210152379366
bfo-6759d0e2ceeddb39d0cfc93266383e880147aba8e84ed9e481474fa39db9085f,682,1000000.0000173234,44.55733315443379,22.022864341919792,26.801705071819775,0.0005169099721840274,0.010162940109586805,0.050862247205060364
bfo-6759d0e2ceeddb39d0cfc93266383e880147aba8e84ed9e481474fa39db9085f,683,1000000.0,44.560455525403825,22.047677660598655,26.83067450762677,0.0005144367555792738,0.01011217195569948,0.05087302291070358
bfo-6759d0e2ceeddb39d0cfc93266383e880147aba8e84ed9e481474fa39db9085f,684,1000000.0000053317,44.555921571610654,22.023355990298395,26.801960174479447,0.0005167895958024567,0.010160867094509298,0.050860777037593376
bfo-6759d0e2ceeddb39d0cfc93266383e880147aba8e84ed9e481474fa39db9085f,685,44.558590425334714,44.558590425334714,22.036162263371754,26.816500679132588,0.0005153479099961224,0.010133489159226792,0.05085591960463937
bfo-6759d0e2ceeddb39d0cfc93266383e880147aba8e84ed9e481474fa39db9085f,686,44.55635058158753,44.55635058158753,22.017681416902843,26.79520526482336,0.0005172995257723642,0.01017212953510754,0.050854594801116565
bfo-6759d0e2ceeddb39d0cfc93266383e880147aba8e84ed9e481474fa39db9085f,687,1000000.0,44.560868078328056,22.016955940402035,26.79445279626344,0.0005173589502594462,0.010174023491695659,0.05085096871279391
bfo-6759d0e2ceeddb39d0cfc93266383e880147aba8e84ed9e481474fa39db9085f,688,44.55519569415229,44.55519569415229,22.02259912668245,26.80086857389357,0.0005167882717587188,0.010161826342577982,0.05085584562623153
bfo-6759d0e2ceeddb39d0cfc93266383e880147aba8e84ed9e481474fa39db9085f,689,44.55852776835738,44.55852776835738,22.047930031037268,26.829428737678544,0.0005139812615732082,0.010106837351729922,0.05085480686846448
bfo-6759d0e2ceeddb39d0cfc93266383e880147aba8e84ed9e481474fa39db9085f,690,44.55516813076942,44.55516813076942,22.02100674812592,26.79899769879966,0.0005169393817610303,0.010165049149894264,0.050854587532063976
bfo-6759d0e2ceeddb39d0cfc93266383e880147aba8e84ed9e481474fa39db9085f,691,44.55870575392942,44.55870575392942,22.02212460744664,26.79953600121787,0.0005165742526829754,0.010160620605792398,0.05084081698597083
bfo-6759d0e2ceeddb39d0cfc93266383e880147aba8e84ed9e481474fa39db9085f,692,1000000.0000078939,44.55504072793539,22.020489181868577,26.798402291182295,0.0005169986854482729,0.010166144424962597,0.050854942034740475
bfo-6759d0e2ceeddb39d0cfc93266383e880147aba8e84ed9e481474fa39db9085f,693,44.5656226339845,44.5656226339845,22.033629451844558,26.81355124337116,0.0005157435802833248,0.010138962223204616,0.05086749204992244
bfo-6759d0e2ceeddb39d0cfc93266383e880147aba8e84ed9e481474fa39db9085f,694,44.56292469722694,44.56292469722694,21.993576669999896,26.76806358018608,0.0005199732774989513,0.010224350211791005,0.05085636414324928
bfo-6759d0e2ceeddb39d0cfc93266383e880147aba8e84ed9e481474fa39db9085f,695,44.5596023748373,44.5596023748373,22.03158417576845,26.81020327278071,0.0005155507676253591,0.010140006329306084,0.050843239233031134
bfo-6759d0e2ceeddb39d0cfc93266383e880147aba8e84ed9e481474fa39db9085f,696,1000000.0000196905,44.553454766621485,22.02695345103842,26.80446788943378,0.0005158249323090786,0.010148674562443928,0.05082682759558914
bfo-6759d0e2ceeddb39d0cfc93266383e880147aba8e84ed9e481474fa39db9085f,697,1000000.0,44.56853251243534,22.033395210695563,26.815014120939217,0.0005162551388873044,0.010144161978077116,0.05089184695620993
bfo-6759d0e2ceeddb39d0cfc93266383e880147aba8e84ed9e481474fa39db9085f,698,44.55535758203688,44.55535758203688,22.013592898822182,26.789850349938312,0.0005174500968520491,0.010179028078850716,0.05083492184555138
bfo-6759d0e2ceeddb39d0cfc93266383e880147aba8e84ed9e481474fa39db9085f,699,44.54131930403504,44.54131930403504,21.986570441661854,26.75904873775225,0.0005202858923182916,0.010235584856883332,0.050831085823923816
bfo-6759d0e2ceeddb39d0cfc93266383e880147aba8e84ed9e481474fa39db9085f,700,44.558273966181474,44.558273966181474,21.95527458350399,26.722170203944366,0.0005231615157623028,0.010298588837000175,0.05079933999138973
bfo-6759d0e2ceeddb39d0cfc93266383e880147aba8e84ed9e481474fa39db9085f,701,44.54634803270433,44.54634803270433,21.99133453416011,26.766199610602623,0.0005202443582248939,0.010230757547720314,0.05085101037711701
bfo-6759d0e2ceeddb39d0cfc93266383e880147aba8e84ed9e481474fa39db9085f,702,44.55023508981316,44.55023508981316,21.97801647355088,26.74993255092579,0.000521394010311494,0.010255716938142525,0.05083935267093349
bfo-6759d0e2ceeddb39d0cfc93266383e880147aba8e84ed9e481474fa39db9085f,703,44.54343556031816,44.54343556031816,21.980735740015565,26.75195253068666,0.0005208230193571683,0.010246287563177846,0.050830412102511505
bfo-6759d0e2ceeddb39d0cfc93266383e880147aba8e84ed9e481474fa39db9085f,704,44.551018632593795,44.551018632593795,21.972029837017438,26.742457628631293,0.0005219060221871567,0.01026622751024695,0.050837176720098076
bfo-6759d0e2ceeddb39d0cfc93266383e880147aba8e84ed9e481474fa39db9085f,705,44.54410062081104,44.54410062081104,21.99078972971004,26.76512651526005,0.0005202591785709117,0.010230113789506985,0.050855659015693534
bfo-6759d0e2ceeddb39d0cfc93266383e880147aba8e84ed9e481474fa39db9085f,706,44.53250116736772,44.53250116736772,21.99041164028304,26.760858657912454,0.000518942029521572,0.010219950065550158,0.05077735470262657
bfo-6759d0e2ceeddb39d0cfc93266383e880147aba8e84ed9e481474fa39db9085f,707,44.53041410804841,44.53041410804841,21.991846137320668,26.761681607522547,0.0005185579958886322,0.010214337485789123,0.05076765836355859
bfo-6759d0e2ceeddb39d0cfc93266383e880147aba8e84ed9e481474fa39db9085f,708,44.524798579459556,44.524798579459556,22.007308518480997,26.77944467215233,0.0005169122482550517,0.010181969893897247,0.05076741079001547
bfo-6759d0e2ceeddb39d0cfc93266383e880147aba8e84ed9e481474fa39db9085f,709,44.53253372502063,44.53253372502063,21.99668573610343,26.765618142923344,0.0005174622555276736,0.010199556148324039,0.05073380135396396
bfo-6759d0e2ceeddb39d0cfc93266383e880147aba8e84ed9e481474fa39db9085f,710,44.52490846194239,44.52490846194239,22.008631806626095,26.780755115105762,0.0005166809673986069,0.010178772633595132,0.050760635490893734
bfo-6759d0e2ceeddb39d0cfc93266383e880147aba8e84ed9e481474fa39db9085f,711,44.590634588966154,44.590634588966154,21.92091808743206,26.678670765690413,0.0005248447152561962,0.010349503016090337,0.050712069404706864
bfo-6759d0e2ceeddb39d0cfc93266383e880147aba8e84ed9e481474fa39db9085f,712,44.52272269085736,44.52272269085736,22.00996983189355,26.78278503299098,0.0005167573629131978,0.010177259160942066,0.050775690659071684
bfo-6759d0e2ceeddb39d0cfc93266383e880147aba8e84ed9e481474fa39db9085f,713,44.52890445295763,44.52890445295763,21.98533726993311,26.75649378213382,0.0005198985504757668,0.010235287675644402,0.05079471793576477
bfo-6759d0e2ceeddb39d0cfc93266383e880147aba8e84ed9e481474fa39db9085f,714,44.521905314243284,44.521905314243284,22.011804950740874,26.78513246636931,0.0005166037947406514,0.01017404010381998,0.05077666192279757
bfo-6759d0e2ceeddb39d0cfc93266383e880147aba8e84ed9e481474fa39db9085f,715,44.53526446359583,44.53526446359583,22.034768373259944,26.809821512447567,0.0005137162657155444,0.010120777773724818,0.05075857579337778
bfo-6759d0e2ceeddb39d0cfc93266383e880147aba8e84ed9e481474fa39db9085f,716,44.5271865592822,44.5271865592822,21.99757162898452,26.767701549450205,0.0005178125335494466,0.010200601292190687,0.05076294217536669
bfo-6759d0e2ceeddb39d0cfc93266383e880147aba8e84ed9e481474fa39db9085f,717,44.542472109486255,44.542472109486255,21.987940531379188,26.75458373925089,0.0005181147174961837,0.010214629966025516,0.05072280828766827
bfo-6759d0e2ceeddb39d0cfc93266383e880147aba8e84ed9e481474fa39db9085f,718,44.5332841958437,44.5332841958437,22.03416797721925,26.80961851085526,0.0005138575324227363,0.010123401892745633,0.05075937297233683
bfo-6759d0e2ceeddb39d0cfc93266383e880147aba8e84ed9e481474fa39db9085f,719,44.528683338368,44.528683338368,22.023176299757566,26.797680534076676,0.0005152863265328363,0.010148512670129855,0.05077456601591285
bfo-6759d0e2ceeddb39d0cfc93266383e880147aba8e84ed9e481474fa39db9085f,720,44.52409228622655,44.52409228622655,22.004757214399405,26.776805429825437,0.0005173262292311857,0.010188185577361768,0.05077707166825551
bfo-6759d0e2ceeddb39d0cfc93266383e880147aba8e84ed9e481474fa39db9085f,721,44.52417083602279,44.52417083602279,22.053322241541803,26.83387258522063,0.0005125453203135934,0.01008972719336396,0.05079872929078754
bfo-6759d0e2ceeddb39d0cfc93266383e880147aba8e84ed9e481474fa39db9085f,722,44.52315546352915,44.52315546352915,22.00845045274081,26.78099468559289,0.0005168537798089534,0.010180137777343046,0.050770804002207626
bfo-6759d0e2ceeddb39d0cfc93266383e880147aba8e84ed9e481474fa39db9085f,723,44.53951894866988,44.53951894866988,22.061685560495395,26.842217547129604,0.0005112948926250009,0.010068012448274934,0.050784094204472975
bfo-6759d0e2ceeddb39d0cfc93266383e880147aba8e84ed9e481474fa39db9085f,724,44.520498861307026,44.520498861307026,22.005374451873003,26.778003757848186,0.0005173707267154343,0.0101883443858293,0.050780647681583246
bfo-6759d0e2ceeddb39d0cfc93266383e880147aba8e84ed9e481474fa39db9085f,725,44.56528029680353,44.56528029680353,21.946719400016697,26.715965351622852,0.000524708335558057,0.010327393529830529,0.05080743113375552
bfo-6759d0e2ceeddb39d0cfc93266383e880147aba8e84ed9e481474fa39db9085f,726,44.524786267911786,44.524786267911786,21.99283277153499,26.76309310399639,0.000518500647946062,0.010213235191937207,0.05076752255302904
bfo-6759d0e2ceeddb39d0cfc93266383e880147aba8e84ed9e481474fa39db9085f,727,1000000.0,44.534371846914944,22.050883340139844,26.831339166322593,0.000512871148355233,0.010096219999799294,0.05079833327378252
bfo-6759d0e2ceeddb39d0cfc93266383e880147aba8e84ed9e481474fa39db9085f,728,44.517018793897826,44.517018793897826,22.01389592608236,26.788959597485185,0.0005168381686588657,0.010173888537943434,0.05080045517810835
bfo-6759d0e2ceeddb39d0cfc93266383e880147aba8e84ed9e481474fa39db9085f,729,44.5441295691921,44.5441295691921,21.982649024181587,26.757255427616645,0.0005213663386123797,0.010251807933076914,0.05085603846812413
bfo-6759d0e2ceeddb39d0cfc93266383e880147aba8e84ed9e481474fa39db9085f,730,44.5185786866939,44.5185786866939,22.017154689805935,26.791992685297604,0.0005163029704469902,0.010164924482883335,0.05079260267170604
bfo-6759d0e2ceeddb39d0cfc93266383e880147aba8e84ed9e481474fa39db9085f,731,44.52161535112023,44.52161535112023,21.991601209907454,26.764359304289858,0.0005195203788745155,0.010223428244155926,0.0508166503903905
bfo-6759d0e2ceeddb39d0cfc93266383e880147aba8e84ed9e481474fa39db9085f,732,44.517079914343185,44.517079914343185,22.017959199156063,26.794490417982242,0.0005166665660903633,0.010167817582662154,0.05081390985725069
bfo-6759d0e2ceeddb39d0cfc93266383e880147aba8e84ed9e481474fa39db9085f,733,44.52321322797441,44.52321322797441,22.045436094409744,26.8223198886595,0.0005127106257412963,0.010098343494079582,0.05077175539155371
bfo-6759d0e2ceeddb39d0cfc93266383e880147aba8e84ed9e481474fa39db9085f,734,44.5156952888225,44.5156952888225,22.018533636781587,26.79391919945108,0.0005162531974504274,0.010163091149504514,0.05079686778914666
bfo-6759d0e2ceeddb39d0cfc93266383e880147aba8e84ed9e481474fa39db9085f,735,44.515266126022915,44.515266126022915,22.00255287141211,26.77441870629005,0.0005175403339015795,0.010193286361101384,0.05077266698565106
bfo-6759d0e2ceeddb39d0cfc93266383e880147aba8e84ed9e481474fa39db9085f,736,44.530482518694086,44.530482518694086,22.069821454976193,26.853791674431907,0.0005111190954977247,0.010058217935816243,0.05081606888608806
bfo-6759d0e2ceeddb39d0cfc93266383e880147aba8e84ed9e481474fa39db9085f,737,44.5239046452763,44.5239046452763,21.991996847428183,26.761464570224884,0.0005183761706066255,0.010213179365691131,0.05075561214052434
bfo-6759d0e2ceeddb39d0cfc93266383e880147aba8e84ed9e481474fa39db9085f,738,44.54977081249382,44.54977081249382,22.05237741913587,26.828512276543126,0.000511274485563522,0.010077877052728846,0.05073235988973305
bfo-6759d0e2ceeddb39d0cfc93266383e880147aba8e84ed9e481474fa39db9085f,739,44.52982557068455,44.52982557068455,21.99807466476922,26.76665673575622,0.0005173315984042481,0.010194483481650954,0.05074622950102308
bfo-6759d0e2ceeddb39d0cfc93266383e880147aba8e84ed9e481474fa39db9085f,740,44.527217126715655,44.527217126715655,21.984408751188802,26.753193579170627,0.0005193327217624449,0.010230632064402669,0.0507625255696034
bfo-6759d0e2ceeddb39d0cfc93266383e880147aba8e84ed9e481474fa39db9085f,741,44.52418581978196,44.52418581978196,22.00783680260376,26.778679401968407,0.0005165334927879727,0.01017612245726068,0.05075936290639124
bfo-6759d0e2ceeddb39d0cfc93266383e880147aba8e84ed9e481474fa39db9085f,742,44.51897395401055,44.51897395401055,21.995140468115554,26.764777319476153,0.0005178696732120256,0.010205404817046416,0.05074464781122756
bfo-6759d0e2ceeddb39d0cfc93266383e880147aba8e84ed9e481474fa39db9085f,743,44.516461184227715,44.516461184227715,21.999393826796418,26.770465181789827,0.0005178647241136742,0.010198812883263644,0.05077696100920682
bfo-6759d0e2ceeddb39d0cfc93266383e880147aba8e84ed9e481474fa39db9085f,744,44.53410219662919,44.53410219662919,22.060621854581804,26.84113269251983,0.0005112364820052004,0.010070622698900609,0.050765131143381145
bfo-6759d0e2ceeddb39d0cfc93266383e880147aba8e84ed9e481474fa39db9085f,745,44.516621977320675,44.516621977320675,21.998438388332584,26.769451173131255,0.0005179504056959927,0.010201051106823063,0.050774219271341264
bfo-6759d0e2ceeddb39d0cfc93266383e880147aba8e84ed9e481474fa39db9085f,746,44.52884704463355,44.52884704463355,21.97655705823032,26.747693544581864,0.0005212689352453248,0.010257152341126506,0.05082004419055706
bfo-6759d0e2ceeddb39d0cfc93266383e880147aba8e84ed9e481474fa39db9085f,747,1000000.0000628146,44.51565380754767,22.00009010060299,26.771249825003952,0.0005177856398999862,0.010197184033612638,0.05077731638393763
bfo-6759d0e2ceeddb39d0cfc93266383e880147aba8e84ed9e481474fa39db9085f,748,44.51499895664482,44.51499895664482,22.00755398472442,26.780837278108027,0.0005170378809017828,0.010185310607947137,0.050763094107150894
bfo-6759d0e2ceeddb39d0cfc93266383e880147aba8e84ed9e481474fa39db9085f,749,44.5195818988868,44.5195818988868,22.0198900496874,26.79646675147473,0.0005160904992765054,0.010164216783484186,0.05077523534475374
bfo-6759d0e2ceeddb39d0cfc93266383e880147aba8e84ed9e481474fa39db9085f,750,44.519096204672685,44.519096204672685,21.991366154066824,26.761726998336876,0.0005185749314549323,0.010217755082830446,0.050752335248897024
bfo-6759d0e2ceeddb39d0cfc93266383e880147aba8e84ed9e481474fa39db9085f,751,44.52864057840809,44.52864057840809,22.032772187078724,26.807716746579782,0.0005138199302387895,0.010125971932241115,0.05074277646403362
bfo-6759d0e2ceeddb39d0cfc93266383e880147aba8e84ed9e481474fa39db9085f,752,44.51863983361905,44.51863983361905,21.98246519535346,26.751931025353603,0.0005195713647501162,0.010237192112184407,0.050753308041539755
bfo-6759d0e2ceeddb39d0cfc93266383e880147aba8e84ed9e481474fa39db9085f,753,44.53635763316755,44.53635763316755,21.951666929515827,26.714775690174402,0.0005225227145152979,0.01029682437805331,0.05074600627636272
bfo-6759d0e2ceeddb39d0cfc93266383e880147aba8e84ed9e481474fa39db9085f,754,44.51448197297239,44.51448197297239,22.006318762666258,26.778943010378935,0.0005170684522122513,0.010186370637687577,0.05076081271765229
bfo-6759d0e2ceeddb39d0cfc93266383e880147aba8e84ed9e481474fa39db9085f,755,44.55508492747216,44.55508492747216,22.00797936225556,26.776250121257267,0.0005157127639897774,0.01016817539154047,0.050718319081988934
bfo-6759d0e2ceeddb39d0cfc93266383e880147aba8e84ed9e481474fa39db9085f,756,44.51193939869751,44.51193939869751,22.01473112713011,26.78892364995147,0.0005162868045775043,0.010169682181796692,0.05076725067196654
bfo-6759d0e2ceeddb39d0cfc93266383e880147aba8e84ed9e481474fa39db9085f,757,44.51067000687782,44.51067000687782,21.998037927550236,26.771022505132777,0.0005183045106195521,0.01020877876701906,0.050770471419559995
bfo-6759d0e2ceeddb39d0cfc93266383e880147aba8e84ed9e481474fa39db9085f,758,44.50899892453475,44.50899892453475,21.9925296977972,26.764120676611327,0.000518744308746902,0.010218567852853789,0.050764873925266324
bfo-6759d0e2ceeddb39d0cfc93266383e880147aba8e84ed9e481474fa39db9085f,759,44.53967622247575,44.53967622247575,21.942801696207972,26.704906974210942,0.0005233888996952346,0.010315833484612706,0.050736462591794596
bfo-6759d0e2ceeddb39d0cfc93266383e880147aba8e84ed9e481474fa39db9085f,760,44.5084695724978,44.5084695724978,21.993915111756483,26.766390268451172,0.0005187984785142259,0.010217817931943316,0.05077390123505128
bfo-6759d0e2ceeddb39d0cfc93266383e880147aba8e84ed9e481474fa39db9085f,761,44.58201716361764,44.58201716361764,21.94282615408943,26.71374063810943,0.0005255237989348963,0.010343061928951748,0.05080930603962431
bfo-6759d0e2ceeddb39d0cfc93266383e880147aba8e84ed9e481474fa39db9085f,762,44.51486805591128,44.51486805591128,21.98415910781141,26.755756897024956,0.0005199477912860218,0.010240207588934134,0.05077512216138006
bfo-6759d0e2ceeddb39d0cfc93266383e880147aba8e84ed9e481474fa39db9085f,763,44.503687968980294,44.503687968980294,22.02072495540199,26.795824142977487,0.0005156041899668065,0.010157096838917332,0.05076294911270787
bfo-6759d0e2ceeddb39d0cfc93266383e880147aba8e84ed9e481474fa39db9085f,764,44.516792358266514,44.516792358266514,22.066886418501326,26.851916184981558,0.0005116020340871643,0.0100691744442374,0.0508087367956918
bfo-6759d0e2ceeddb39d0cfc93266383e880147aba8e84ed9e481474fa39db9085f,765,44.50293936199547,44.50293936199547,22.023913205520852,26.800081362983804,0.0005154191777743592,0.010152178904276011,0.050769315891120576
bfo-6759d0e2ceeddb39d0cfc93266383e880147aba8e84ed9e481474fa39db9085f,766,44.508525324738656,44.508525324738656,22.013719217888887,26.786945219237392,0.0005160105582495086,0.010169266516162305,0.05074216094439046
bfo-6759d0e2ceeddb39d0cfc93266383e880147aba8e84ed9e481474fa39db9085f,767,44.50091022870475,44.50091022870475,22.01996941278601,26.795529023887372,0.0005157777489047934,0.010160435128255228,0.050763352395259455
bfo-6759d0e2ceeddb39d0cfc93266383e880147aba8e84ed9e481474fa39db9085f,768,44.5120608504178,44.5120608504178,21.979180903255706,26.750478754945348,0.0005206761849035532,0.010251473485624153,0.050790375221055575
bfo-6759d0e2ceeddb39d0cfc93266383e880147aba8e84ed9e481474fa39db9085f,769,44.50162793998055,44.50162793998055,22.011855002648506,26.787040949836545,0.0005169558212318934,0.010179859210953658,0.0507822171720845
bfo-6759d0e2ceeddb39d0cfc93266383e880147aba8e84ed9e481474fa39db9085f,770,44.50729883693985,44.50729883693985,22.023850769869764,26.798305410670867,0.0005148952083807899,0.010146966171543611,0.05074375923562
bfo-6759d0e2ceeddb39d0cfc93266383e880147aba8e84ed9e481474fa39db9085f,771,44.50006210299196,44.50006210299196,22.020512850223025,26.79679367933302,0.0005158955291581733,0.010161237686757859,0.05077093411863489
bfo-6759d0e2ceeddb39d0cfc93266383e880147aba8e84ed9e481474fa39db9085f,772,44.52230631567036,44.52230631567036,22.079761019246437,26.866175941338323,0.0005100219345710549,0.010039826446128686,0.050799875606188115
bfo-6759d0e2ceeddb39d0cfc93266383e880147aba8e84ed9e481474fa39db9085f,773,44.50024772112282,44.50024772112282,22.016366376915986,26.79356366698286,0.0005167715701414244,0.010174755337021495,0.05078958196283287
bfo-6759d0e2ceeddb39d0cfc93266383e880147aba8e84ed9e481474fa39db9085f,774,44.50379826428924,44.50379826428924,22.037954183107264,26.817065781439954,0.0005141718413632484,0.010124720298092325,0.05078380698182125
bfo-6759d0e2ceeddb39d0cfc93266383e880147aba8e84ed9e481474fa39db9085f,775,44.499019548804974,44.499019548804974,22.008743385026808,26.78251833760952,0.0005169176599568369,0.01018367116502806,0.05075946106076104
bfo-6759d0e2ceeddb39d0cfc93266383e880147aba8e84ed9e481474fa39db9085f,776,44.50390019346736,44.50390019346736,21.98705124871778,26.755977452560714,0.0005189135417423893,0.01022458362146112,0.05075155732045695
bfo-6759d0e2ceeddb39d0cfc93266383e880147aba8e84ed9e481474fa39db9085f,777,44.50372962615464,44.50372962615464,22.00234893310127,26.77760774293541,0.0005182592547216822,0.010204732585328318,0.05078616714237085
bfo-6759d0e2ceeddb39d0cfc93266383e880147aba8e84ed9e481474fa39db9085f,778,44.54372845324244,44.54372845324244,22.016253914867487,26.785009982000943,0.0005145415770966541,0.010148380172570139,0.05070184288990263
bfo-6759d0e2ceeddb39d0cfc93266383e880147aba8e84ed9e481474fa39db9085f,779,44.49981846464851,44.49981846464851,22.034288533176756,26.81257350694083,0.000514430152499811,0.010132012709345805,0.05077275041565027
bfo-6759d0e2ceeddb39d0cfc93266383e880147aba8e84ed9e481474fa39db9085f,780,44.524583086667725,44.524583086667725,21.979404638639938,26.75353209472064,0.0005214007441202915,0.010259339818244666,0.050822056132019344
bfo-6759d0e2ceeddb39d0cfc93266383e880147aba8e84ed9e481474fa39db9085f,781,44.50083978146748,44.50083978146748,22.00212818847103,26.77482187014035,0.0005175929198810588,0.010197222388553752,0.05075822612852398
bfo-6759d0e2ceeddb39d0cfc93266383e880147aba8e84ed9e481474fa39db9085f,782,44.53050634794681,44.53050634794681,22.06231322320947,26.841252105560137,0.0005103221470183539,0.010061453864087232,0.05072051752280732
bfo-6759d0e2ceeddb39d0cfc93266383e880147aba8e84ed9e481474fa39db9085f,783,44.497558722382635,44.497558722382635,22.013238149213723,26.787639772818768,0.0005164307321799952,0.01017396258511252,0.050760038466790156
bfo-6759d0e2ceeddb39d0cfc93266383e880147aba8e84ed9e481474fa39db9085f,784,44.541762622917,44.541762622917,21.956581870847014,26.727908536473187,0.00052362055254592,0.010309225070138152,0.05079145609718491
bfo-6759d0e2ceeddb39d0cfc93266383e880147aba8e84ed9e481474fa39db9085f,785,44.49656467489831,44.49656467489831,22.00981304211997,26.784395647623978,0.0005169887939149366,0.010183340022232864,0.050768096988435665
bfo-6759d0e2ceeddb39d0cfc93266383e880147aba8e84ed9e481474fa39db9085f,786,44.49774855144493,44.49774855144493,22.006017707507112,26.779100981209556,0.0005170630446219455,0.010188817766994714,0.05074809035223898
bfo-6759d0e2ceeddb39d0cfc93266383e880147aba8e84ed9e481474fa39db9085f,787,44.49724629275359,44.49724629275359,22.016120803325077,26.790924813263736,0.0005161441380196213,0.010167909656039786,0.050762069636705445
bfo-6759d0e2ceeddb39d0cfc93266383e880147aba8e84ed9e481474fa39db9085f,788,44.49728316609358,44.49728316609358,22.021702109270613,26.79773964978274,0.0005156925602348367,0.010157639240004025,0.050768938337943215
bfo-6759d0e2ceeddb39d0cfc93266383e880147aba8e84ed9e481474fa39db9085f,789,44.497504706099605,44.497504706099605,22.005151070444047,26.779208163902393,0.000517509660815274,0.010193765802634062,0.05076726999962564
bfo-6759d0e2ceeddb39d0cfc93266383e880147aba8e84ed9e481474fa39db9085f,790,44.49981867815475,44.49981867815475,22.034297890456962,26.81180755020692,0.0005141129481301402,0.01012958729751717,0.05075359272101369
bfo-6759d0e2ceeddb39d0cfc93266383e880147aba8e84ed9e481474fa39db9085f,791,44.499741971795885,44.499741971795885,21.992629512875308,26.76551949659145,0.0005191005628923228,0.01022202834942559,0.05078253993704613
bfo-6759d0e2ceeddb39d0cfc93266383e880147aba8e84ed9e481474fa39db9085f,792,44.499722370802544,44.499722370802544,22.018814795327152,26.793759723005557,0.000515615815346355,0.010161571383906698,0.05074174021578563
bfo-6759d0e2ceeddb39d0cfc93266383e880147aba8e84ed9e481474fa39db9085f,793,44.49714378870154,44.49714378870154,22.011727935495692,26.78574540575166,0.000516490474860447,0.010176800716144983,0.05075175286090262
bfo-6759d0e2ceeddb39d0cfc93266383e880147aba8e84ed9e481474fa39db9085f,794,44.499694507238345,44.499694507238345,22.01764289020185,26.792437771168775,0.0005158319366726492,0.010164142678812693,0.050750166833835236
bfo-6759d0e2ceeddb39d0cfc93266383e880147aba8e84ed9e481474fa39db9085f,795,44.49669055219362,44.49669055219362,22.007035459528563,26.781275800905018,0.0005173694433264288,0.010189206449998527,0.05077622539746494
bfo-6759d0e2ceeddb39d0cfc93266383e880147aba8e84ed9e481474fa39db9085f,796,44.50001590646081,44.50001590646081,21.998267958356045,26.769912526296178,0.0005177855701271577,0.010203784734557736,0.05074446233401455
bfo-6759d0e2ceeddb39d0cfc93266383e880147aba8e84ed9e481474fa39db9085f,797,44.497991659090935,44.497991659090935,22.000892026937898,26.773254215292738,0.000517612759447526,0.010199437287939303,0.050749148686819824
bfo-6759d0e2ceeddb39d0cfc93266383e880147aba8e84ed9e481474fa39db9085f,798,44.50003070587951,44.50003070587951,21.98485581423844,26.7550082177272,0.0005192862836801113,0.010233926342188887,0.05074164756681682
bfo-6759d0e2ceeddb39d0cfc93266383e880147aba8e84ed9e481474fa39db9085f,799,44.496371896932736,44.496371896932736,22.009051858524774,26.783794168443077,0.0005170216611451261,0.010186055151934005,0.050757791258077
bfo-6759d0e2ceeddb39d0cfc93266383e880147aba8e84ed9e481474fa39db9085f,800,44.497079440793016,44.497079440793016,22.026138561421426,26.804145142331578,0.0005154624889100524,0.010152584857065109,0.050771551892161315
bfo-6759d0e2ceeddb39d0cfc93266383e880147aba8e84ed9e481474fa39db9085f,801,44.49688771210265,44.49688771210265,22.007805464260105,26.782024581547624,0.0005170539567097413,0.010187677178398883,0.05075287994068562
bfo-6759d0e2ceeddb39d0cfc93266383e880147aba8e84ed9e481474fa39db9085f,802,44.50112424006252,44.50112424006252,22.031917940808714,26.809033720808223,0.0005143586856148191,0.010134968342625358,0.05075089218103861
bfo-6759d0e2ceeddb39d0cfc93266383e880147aba8e84ed9e481474fa39db9085f,803,44.496794506422944,44.496794506422944,22.00615449376916,26.7807324353814,0.0005173951379421711,0.010192946810781759,0.050760113590987026
bfo-6759d0e2ceeddb39d0cfc93266383e880147aba8e84ed9e481474fa39db9085f,804,44.50056198490906,44.50056198490906,22.02407960093548,26.803580516696254,0.0005161578592847262,0.010162151317998011,0.05079218397098338
bfo-6759d0e2ceeddb39d0cfc93266383e880147aba8e84ed9e481474fa39db9085f,805,44.49660138276922,44.49660138276922,22.009992645603518,26.78460233043318,0.000516860107350434,0.010183264148884486,0.05075583818642797
bfo-6759d0e2ceeddb39d0cfc93266383e880147aba8e84ed9e481474fa39db9085f,806,44.50072757103271,44.50072757103271,22.02676705338117,26.804589461518123,0.0005154486705720164,0.010150397342251078,0.05078113232340756
bfo-6759d0e2ceeddb39d0cfc93266383e880147aba8e84ed9e481474fa39db9085f,807,44.49675892644951,44.49675892644951,22.004204722374702,26.778077689577835,0.0005174754530293339,0.010195788505751965,0.050753843387139654
bfo-6759d0e2ceeddb39d0cfc93266383e880147aba8e84ed9e481474fa39db9085f,808,44.50446917531565,44.50446917531565,21.983173840468854,26.752076120270537,0.0005190826652628722,0.010234459371198658,0.05071910947476626
bfo-6759d0e2ceeddb39d0cfc93266383e880147aba8e84ed9e481474fa39db9085f,809,44.496925157898474,44.496925157898474,22.009282160379602,26.783619033389666,0.0005168517499626002,0.010184240332715297,0.050750152498099825
bfo-6759d0e2ceeddb39d0cfc93266383e880147aba8e84ed9e481474fa39db9085f,810,44.50826715244192,44.50826715244192,22.04924605752978,26.82869891026963,0.0005123187455005667,0.010097704479987734,0.05073615954159801
bfo-6759d0e2ceeddb39d0cfc93266383e880147aba8e84ed9e481474fa39db9085f,811,44.497069984327574,44.497069984327574,22.00328788423491,26.77711400422257,0.0005175884049119501,0.010197959268631363,0.0507541157282357
bfo-6759d0e2ceeddb39d0cfc93266383e880147aba8e84ed9e481474fa39db9085f,812,44.501896215251264,44.501896215251264,22.034462143517917,26.81521492246674,0.0005150241909167207,0.010139301150568443,0.05079484111070581
bfo-6759d0e2ceeddb39d0cfc93266383e880147aba8e84ed9e481474fa39db9085f,813,44.498216210281775,44.498216210281775,21.99681139090026,26.769982409297494,0.0005183737779678108,0.010212486697168864,0.050758820387155644
bfo-6759d0e2ceeddb39d0cfc93266383e880147aba8e84ed9e481474fa39db9085f,814,44.512389279470334,44.512389279470334,21.961129622059396,26.72653570215538,0.0005214562039918995,0.01027946605621502,0.05072794648479085
bfo-6759d0e2ceeddb39d0cfc93266383e880147aba8e84ed9e481474fa39db9085f,815,44.4982233553865,44.4982233553865,22.000123065173856,26.773726529088297,0.0005179804356947919,0.010205479798954751,0.050755128215318565
bfo-6759d0e2ceeddb39d0cfc93266383e880147aba8e84ed9e481474fa39db9085f,816,44.499423168137895,44.499423168137895,22.01743497234514,26.794987220437264,0.0005167765362633042,0.010172834947121944,0.05079965800580579
bfo-6759d0e2ceeddb39d0cfc93266383e880147aba8e84ed9e481474fa39db9085f,817,44.500013513907305,44.500013513907305,22.000611575018905,26.772105297443755,0.0005173450321614967,0.010197732672057957,0.05073137812084788
bfo-6759d0e2ceeddb39d0cfc93266383e880147aba8e84ed9e481474fa39db9085f,818,44.498064726187145,44.498064726187145,22.00959277783455,26.782508197906726,0.0005163903922391248,0.010179426208574,0.050728831041987
bfo-6759d0e2ceeddb39d0cfc93266383e880147aba8e84ed9e481474fa39db9085f,819,44.49678820638243,44.49678820638243,22.001644926957326,26.775087230223576,0.0005177474326038809,0.010201008028155224,0.050754536333554055
bfo-6759d0e2ceeddb39d0cfc93266383e880147aba8e84ed9e481474fa39db9085f,820,44.496310145802845,44.496310145802845,21.999922648655666,26.772318143086114,0.0005176541849026393,0.01020214122097478,0.050739758810472456
bfo-6759d0e2ceeddb39d0cfc93266383e880147aba8e84ed9e481474fa39db9085f,821,44.50576595236953,44.50576595236953,21.98155367653805,26.74931466728408,0.000519104214197786,0.01023484623864694,0.050719297788533485
bfo-6759d0e2ceeddb39d0cfc93266383e880147aba8e84ed9e481474fa39db9085f,822,44.495303811132835,44.495303811132835,22.000915573810513,26.773857561283126,0.0005176781400454131,0.01020117632009537,0.05074690641564888
bfo-6759d0e2ceeddb39d0cfc93266383e880147aba8e84ed9e481474fa39db9085f,823,44.505594313981604,44.505594313981604,22.055039064805204,26.83620556950011,0.0005120154603922037,0.010087478378357224,0.050757527420404444
bfo-6759d0e2ceeddb39d0cfc93266383e880147aba8e84ed9e481474fa39db9085f,824,44.49857349714639,44.49857349714639,21.990738817305672,26.761351508166644,0.0005185170630426348,0.010220113533001196,0.050734961149728953
bfo-6759d0e2ceeddb39d0cfc93266383e880147aba8e84ed9e481474fa39db9085f,825,44.55907658145671,44.55907658145671,21.947495822193492,26.71821510526532,0.0005245973774948669,0.010330578010720019,0.05078102860754677
bfo-6759d0e2ceeddb39d0cfc93266383e880147aba8e84ed9e481474fa39db9085f,826,44.497626538546896,44.497626538546896,21.992893715673027,26.76524753136153,0.0005186641505760926,0.010220063791599225,0.050749600115258434
bfo-6759d0e2ceeddb39d0cfc93266383e880147aba8e84ed9e481474fa39db9085f,827,44.497851816941846,44.497851816941846,22.030095920757415,26.80932204249689,0.0005151648360152977,0.010146175203582858,0.050774289392655145
bfo-6759d0e2ceeddb39d0cfc93266383e880147aba8e84ed9e481474fa39db9085f,828,44.49767416551286,44.49767416551286,21.99810148095687,26.769351000859515,0.0005175691225052715,0.010203391318635922,0.05072520560492084
bfo-6759d0e2ceeddb39d0cfc93266383e880147aba8e84ed9e481474fa39db9085f,829,44.49547995709031,44.49547995709031,22.00471636292314,26.778191233186227,0.0005171863757612036,0.010193810869910428,0.050735331698943724
bfo-6759d0e2ceeddb39d0cfc93266383e880147aba8e84ed9e481474fa39db9085f,830,44.49543231825912,44.49543231825912,21.99859962960718,26.77141453776642,0.0005180024029588179,0.010206658074712362,0.05075142119654243
bfo-6759d0e2ceeddb39d0cfc93266383e880147aba8e84ed9e481474fa39db9085f,831,44.50255106293369,44.50255106293369,21.989511201434635,26.758288186022074,0.0005180352816594696,0.01021795460594889,0.05069853034558107
bfo-6759d0e2ceeddb39d0cfc93266383e880147aba8e84ed9e481474fa39db9085f,832,44.49726673207725,44.49726673207725,21.989356404726177,26.759800506155294,0.0005186775341553113,0.010223072900510638,0.05073597138580549
bfo-6759d0e2ceeddb39d0cfc93266383e880147aba8e84ed9e481474fa39db9085f,833,44.50451158209743,44.50451158209743,21.99868801565002,26.767686725524303,0.0005170381811745756,0.010194610552925554,0.05071681536929342
bfo-6759d0e2ceeddb39d0cfc93266383e880147aba8e84ed9e481474fa39db9085f,834,44.49513575290101,44.49513575290101,21.99687220754709,26.769570141676365,0.0005181888988965887,0.0102106899886915,0.05074964566258412
bfo-6759d0e2ceeddb39d0cfc93266383e880147aba8e84ed9e481474fa39db9085f,835,44.49352066162892,44.49352066162892,22.007380166094023,26.782544529959278,0.00051739560951371,0.010191247454059648,0.05076862394383401
bfo-6759d0e2ceeddb39d0cfc93266383e880147aba8e84ed9e481474fa39db9085f,836,44.505598399544844,44.505598399544844,21.996359166333924,26.771911272926808,0.0005193169694081022,0.010220165176677197,0.050812972239744535
bfo-6759d0e2ceeddb39d0cfc93266383e880147aba8e84ed9e481474fa39db9085f,837,44.493180955869995,44.493180955869995,22.005223429414674,26.7798142250429,0.0005175693143932731,0.010194946550279305,0.050767241578043736
bfo-6759d0e2ceeddb39d0cfc93266383e880147aba8e84ed9e481474fa39db9085f,838,44.52297459905173,44.52297459905173,22.01082895346142,26.779492421050392,0.0005152145370740894,0.010161890929677894,0.050700656072719764
bfo-6759d0e2ceeddb39d0cfc93266383e880147aba8e84ed9e481474fa39db9085f,839,44.492256491517374,44.492256491517374,22.008223362130572,26.7828046894077,0.0005171083746772884,0.01018726633535744,0.05076026852096084
bfo-6759d0e2ceeddb39d0cfc93266383e880147aba8e84ed9e481474fa39db9085f,840,44.496213285826954,44.496213285826954,21.98448396962365,26.754007130351226,0.0005190880051200091,0.010233032487424758,0.050726703521943244
bfo-6759d0e2ceeddb39d0cfc93266383e880147aba8e84ed9e481474fa39db9085f,841,44.49383063437361,44.49383063437361,21.996038547528624,26.768909730316494,0.0005183476629700546,0.010213298389784804,0.05075222941576822
bfo-6759d0e2ceeddb39d0cfc93266383e880147aba8e84ed9e481474fa39db9085f,842,44.498288872337355,44.498288872337355,21.991953029275255,26.76494294864288,0.0005190109967292213,0.010224349229424957,0.0507622524508009
bfo-6759d0e2ceeddb39d0cfc93266383e880147aba8e84ed9e481474fa39db9085f,843,44.49144571197736,44.49144571197736,22.002486300060834,26.77611749055171,0.0005176156451266099,0.010198600385565314,0.05075359613650733
bfo-6759d0e2ceeddb39d0cfc93266383e880147aba8e84ed9e481474fa39db9085f,844,44.52542634589388,44.52542634589388,22.060482751809474,26.838558467706257,0.0005101797575392971,0.010063083278258458,0.05069815517094578
bfo-6759d0e2ceeddb39d0cfc93266383e880147aba8e84ed9e481474fa39db9085f,845,44.491965302650954,44.491965302650954,22.00680997931192,26.781782527018546,0.0005173049555297403,0.010191755641853715,0.05075719765153739
bfo-6759d0e2ceeddb39d0cfc93266383e880147aba8e84ed9e481474fa39db9085f,846,44.563599642241286,44.563599642241286,21.948667863037972,26.719955344068744,0.000524573412745373,0.010328609934144722,0.05078838450576178
bfo-6759d0e2ceeddb39d0cfc93266383e880147aba8e84ed9e481474fa39db9085f,847,44.491509658841466,44.491509658841466,22.002921327830908,26.7768043592288,0.0005176168282416259,0.010198188213903482,0.05075576341451946
bfo-6759d0e2ceeddb39d0cfc93266383e880147aba8e84ed9e481474fa39db9085f,848,44.49523763569967,44.49523763569967,21.98742892678494,26.7586569440644,0.0005192160637443713,0.01022957869144664,0.05075634876131395
bfo-6759d0e2ceeddb39d0cfc93266383e880147aba8e84ed9e481474fa39db9085f,849,44.49362735999005,44.49362735999005,21.990342101511406,26.761334913360976,0.0005185636876071729,0.010221531951873244,0.05073248218063228
bfo-6759d0e2ceeddb39d0cfc93266383e880147aba8e84ed9e481474fa39db9085f,850,44.50791595849676,44.50791595849676,21.98888882071344,26.763274393421607,0.0005198474243802301,0.01023552693524716,0.050788535623904084
bfo-6759d0e2ceeddb39d0cfc93266383e880147aba8e84ed9e481474fa39db9085f,851,44.49432364166441,44.49432364166441,22.000607500608236,26.775101140884278,0.0005181921537429856,0.010205883733072118,0.050773864105837924
bfo-6759d0e2ceeddb39d0cfc93266383e880147aba8e84ed9e481474fa39db9085f,852,44.51865194442969,44.51865194442969,21.970557431121755,26.742764072448956,0.0005219471455861208,0.010275595775596136,0.05079483048814658
bfo-6759d0e2ceeddb39d0cfc93266383e880147aba8e84ed9e481474fa39db9085f,853,44.490910651853405,44.490910651853405,22.010830378884332,26.785701527598423,0.0005167414633854419,0.010181103639244463,0.0507549556212738
bfo-6759d0e2ceeddb39d0cfc93266383e880147aba8e84ed9e481474fa39db9085f,854,44.49909052292902,44.49909052292902,22.03908505373767,26.816634504701184,0.0005133430303388246,0.010117110359628355,0.05074008408441261
bfo-6759d0e2ceeddb39d0cfc93266383e880147aba8e84ed9e481474fa39db9085f,855,44.491160947687916,44.491160947687916,22.019688069128797,26.79502590990776,0.000515559180363098,0.010159711918262978,0.050745452677288506
bfo-6759d0e2ceeddb39d0cfc93266383e880147aba8e84ed9e481474fa39db9085f,856,44.499530550435175,44.499530550435175,22.003118725537373,26.77908098289216,0.0005181513277282355,0.010204378913082462,0.05077735079632752
bfo-6759d0e2ceeddb39d0cfc93266383e880147aba8e84ed9e481474fa39db9085f,857,44.49102681785523,44.49102681785523,22.006212323306,26.780481133374966,0.0005172416903999338,0.01019102321768574,0.05075463762091136
bfo-6759d0e2ceeddb39d0cfc93266383e880147aba8e84ed9e481474fa39db9085f,858,44.51329772408306,44.51329772408306,22.074468997542976,26.859271671899172,0.0005101548958440878,0.010047940465298699,0.05077208584246147
bfo-6759d0e2ceeddb39d0cfc93266383e880147aba8e84ed9e481474fa39db9085f,859,44.49641891757174,44.49641891757174,22.042443409900212,26.822687099671086,0.0005135780867978156,0.010116475332449049,0.05076650413513991
bfo-6759d0e2ceeddb39d0cfc93266383e880147aba8e84ed9e481474fa39db9085f,860,44.50495657177919,44.50495657177919,22.05730293111061,26.838802696902324,0.0005115908103748058,0.010081940487725528,0.05074328806023532
bfo-6759d0e2ceeddb39d0cfc93266383e880147aba8e84ed9e481474fa39db9085f,861,44.49428124761088,44.49428124761088,22.03574489614186,26.81353158745878,0.0005139143915532254,0.010126035901381253,0.05075178446514537
bfo-6759d0e2ceeddb39d0cfc93266383e880147aba8e84ed9e481474fa39db9085f,862,44.5024711174118,44.5024711174118,22.045493753021248,26.823556100481586,0.0005125948142418736,0.010102406624305952,0.05073987152809636
bfo-6759d0e2ceeddb39d0cfc93266383e880147aba8e84ed9e481474fa39db9085f,863,44.494484837695424,44.494484837695424,22.01435859736075,26.79128693807245,0.0005168453807251678,0.010178141440480685,0.05077993696074621
bfo-6759d0e2ceeddb39d0cfc93266383e880147aba8e84ed9e481474fa39db9085f,864,44.50402069290398,44.50402069290398,22.054769750702715,26.8382328375009,0.0005126810130679501,0.010094949615928488,0.050785891220200614
bfo-6759d0e2ceeddb39d0cfc93266383e880147aba8e84ed9e481474fa39db9085f,865,44.492524481582834,44.492524481582834,22.02344178032924,26.80116617208203,0.0005156795905187337,0.010157653588823992,0.050767589779406604
bfo-6759d0e2ceeddb39d0cfc93266383e880147aba8e84ed9e481474fa39db9085f,866,44.51763429365812,44.51763429365812,22.078874038429998,26.865591475070477,0.0005101472484878078,0.010043017114487861,0.05079621419263333
bfo-6759d0e2ceeddb39d0cfc93266383e880147aba8e84ed9e481474fa39db9085f,867,44.4902079542102,44.4902079542102,22.01064621322498,26.78527563389543,0.0005167028458507599,0.010180803105994767,0.050752660715588295
bfo-6759d0e2ceeddb39d0cfc93266383e880147aba8e84ed9e481474fa39db9085f,868,44.50729508292599,44.50729508292599,21.960091354827455,26.7250745551599,0.0005214311364353918,0.010280047279612936,0.050722639911343355
bfo-6759d0e2ceeddb39d0cfc93266383e880147aba8e84ed9e481474fa39db9085f,869,44.495685480467934,44.495685480467934,22.03229004969798,26.808541041854905,0.0005138958551390081,0.010130297630582943,0.050728603825772906
bfo-6759d0e2ceeddb39d0cfc93266383e880147aba8e84ed9e481474fa39db9085f,870,44.525033094736195,44.525033094736195,22.087974780596976,26.876595101818168,0.0005092865795057282,0.010024929809528495,0.050802009508501646
bfo-6759d0e2ceeddb39d0cfc93266383e880147aba8e84ed9e481474fa39db9085f,871,44.489412662830794,44.489412662830794,22.013466998043764,26.78870317391419,0.0005164516684001417,0.010175388642579313,0.05075498209857355
bfo-6759d0e2ceeddb39d0cfc93266383e880147aba8e84ed9e481474fa39db9085f,872,44.49778395130707,44.49778395130707,21.99562456576528,26.76994260159846,0.0005188141171121806,0.010218761852478895,0.05077074156360002
bfo-6759d0e2ceeddb39d0cfc93266383e880147aba8e84ed9e481474fa39db9085f,873,44.48937142784515,44.48937142784515,22.009412383333206,26.784259558206468,0.000516874830320393,0.010184584633696639,0.05075070303900907
bfo-6759d0e2ceeddb39d0cfc93266383e880147aba8e84ed9e481474fa39db9085f,874,44.5718709704379,44.5718709704379,21.936267904027854,26.705150441439248,0.000525665374598286,0.010352905164630255,0.050774673025516866
bfo-6759d0e2ceeddb39d0cfc93266383e880147aba8e84ed9e481474fa39db9085f,875,44.491994182808725,44.491994182808725,21.99756215163556,26.771401630890917,0.0005182382803044672,0.010212377477465572,0.050746095260188084
bfo-6759d0e2ceeddb39d0cfc93266383e880147aba8e84ed9e481474fa39db9085f,876,44.52418623568913,44.52418623568913,22.00992918919966,26.77742341533576,0.0005148935630911388,0.010160021289789508,0.050678394110117674
bfo-6759d0e2ceeddb39d0cfc93266383e880147aba8e84ed9e481474fa39db9085f,877,44.49058561743288,44.49058561743288,22.014650165106275,26.7908039384726,0.0005163873354987868,0.010175125462396514,0.050749972313084764
bfo-6759d0e2ceeddb39d0cfc93266383e880147aba8e84ed9e481474fa39db9085f,878,44.49961612786498,44.49961612786498,22.053304297588348,26.833480763469236,0.0005118759624896089,0.01008811670047793,0.050740487812294885
bfo-6759d0e2ceeddb39d0cfc93266383e880147aba8e84ed9e481474fa39db9085f,879,44.490929883406125,44.490929883406125,21.991910471381875,26.76349797335599,0.0005185383113499474,0.010219078250493079,0.05074218032579675
bfo-6759d0e2ceeddb39d0cfc93266383e880147aba8e84ed9e481474fa39db9085f,880,44.50372219499041,44.50372219499041,21.97679002701485,26.74813039746965,0.0005207227019709471,0.010257284948216663,0.05076613398182725
bfo-6759d0e2ceeddb39d0cfc93266383e880147aba8e84ed9e481474fa39db9085f,881,44.489756479936844,44.489756479936844,22.009202168667745,26.784359351329876,0.0005169406096698566,0.010185754587951115,0.05075133169626466
bfo-6759d0e2ceeddb39d0cfc93266383e880147aba8e84ed9e481474fa39db9085f,882,44.501519787080234,44.501519787080234,22.053634662716227,26.833762245460907,0.0005117569369611584,0.010087768112757503,0.05073044217917387
bfo-6759d0e2ceeddb39d0cfc93266383e880147aba8e84ed9e481474fa39db9085f,883,44.49358201503864,44.49358201503864,22.00581688543745,26.781787062120326,0.0005176983521877119,0.01019750829309846,0.0507671420613684
bfo-6759d0e2ceeddb39d0cfc93266383e880147aba8e84ed9e481474fa39db9085f,884,44.501113262202324,44.501113262202324,21.986995843577777,26.760173484372284,0.0005196363716588896,0.01023672426094518,0.05076197799342799
bfo-6759d0e2ceeddb39d0cfc93266383e880147aba8e84ed9e481474fa39db9085f,885,44.4887340593134,44.4887340593134,22.008096776418835,26.78234830345402,0.0005169079713301006,0.010186101653218439,0.05074639827168585
bfo-6759d0e2ceeddb39d0cfc93266383e880147aba8e84ed9e481474fa39db9085f,886,44.52749820289979,44.52749820289979,22.061430756273978,26.838956745074903,0.0005098242835057068,0.010058775575223304,0.05068452712689027
bfo-6759d0e2ceeddb39d0cfc93266383e880147aba8e84ed9e481474fa39db9085f,887,44.490255297189826,44.490255297189826,22.009057379830303,26.784154199719627,0.0005170078503942856,0.010186298260173443,0.05075522404598061
bfo-6759d0e2ceeddb39d0cfc93266383e880147aba8e84ed9e481474fa39db9085f,888,44.49293771313301,44.49293771313301,21.987056689141607,26.758826754622344,0.0005191732358068072,0.010232455083529926,0.05073789540913442
bfo-6759d0e2ceeddb39d0cfc93266383e880147aba8e84ed9e481474fa39db9085f,889,44.48900941590113,44.48900941590113,22.019449564154645,26.794882968190013,0.0005155672304721357,0.010160520555284469,0.050742206333512126
bfo-6759d0e2ceeddb39d0cfc93266383e880147aba8e84ed9e481474fa39db9085f,890,44.56529075948573,44.56529075948573,21.936305639394195,26.70458753116981,0.0005255229434183009,0.01035096514396558,0.05077042924105208
bfo-6759d0e2ceeddb39d0cfc93266383e880147aba8e84ed9e481474fa39db9085f,891,44.48859687947716,44.48859687947716,22.009019311453983,26.783831775559758,0.0005169755377736762,0.010185474447082909,0.05075615676614225
bfo-6759d0e2ceeddb39d0cfc93266383e880147aba8e84ed9e481474fa39db9085f,892,44.4896422880461,44.4896422880461,21.994261089028033,26.76560707923442,0.0005181610382503819,0.01021264133069856,0.05073722081013677
bfo-6759d0e2ceeddb39d0cfc93266383e880147aba8e84ed9e481474fa39db9085f,893,44.491523174205916,44.491523174205916,22.007402386561438,26.78315597454083,0.0005174892482552581,0.010192496264935293,0.050771590668671526
bfo-6759d0e2ceeddb39d0cfc93266383e880147aba8e84ed9e481474fa39db9085f,894,44.48895969235463,44.48895969235463,22.014914109715175,26.79085946839099,0.0005163529994238024,0.01017387227682838,0.05075284860807896
bfo-6759d0e2ceeddb39d0cfc93266383e880147aba8e84ed9e481474fa39db9085f,895,44.49083901096269,44.49083901096269,21.996539664978982,26.76977440443804,0.0005183588920648102,0.010212795242475228,0.0507558293060596
bfo-6759d0e2ceeddb39d0cfc93266383e880147aba8e84ed9e481474fa39db9085f,896,44.51218322880385,44.51218322880385,21.974513111011806,26.746998467871997,0.0005214329406553118,0.010266325180501669,0.05079061217013114
bfo-6759d0e2ceeddb39d0cfc93266383e880147aba8e84ed9e481474fa39db9085f,897,44.49044547130323,44.49044547130323,22.02136330221619,26.799116161911705,0.0005159023285231016,0.010162724390104764,0.05076417589612339
bfo-6759d0e2ceeddb39d0cfc93266383e880147aba8e84ed9e481474fa39db9085f,898,44.56772067950142,44.56772067950142,21.933920568229805,26.70175752568173,0.0005258098191497645,0.010355713995053785,0.05077484946000902
bfo-6759d0e2ceeddb39d0cfc93266383e880147aba8e84ed9e481474fa39db9085f,899,44.48963043823569,44.48963043823569,22.01216748750545,26.788052202386687,0.0005167903252380014,0.010180661321834887,0.05076196024020755
bfo-6759d0e2ceeddb39d0cfc93266383e880147aba8e84ed9e481474fa39db9085f,900,44.48992398017022,44.48992398017022,22.00622360911374,26.780821432256314,0.0005171808588151861,0.010192207057612264,0.05074277395384336
bfo-6759d0e2ceeddb39d0cfc93266383e880147aba8e84ed9e481474fa39db9085f,901,44.49368572911702,44.49368572911702,21.995242079924132,26.768912494564127,0.0005186436270246667,0.010217114774191457,0.05076223948611854
bfo-6759d0e2ceeddb39d0cfc93266383e880147aba8e84ed9e481474fa39db9085f,902,44.493474361555656,44.493474361555656,21.98521779541196,26.756425525560353,0.0005192986117789453,0.01023530726698464,0.05073600608493824
bfo-6759d0e2ceeddb39d0cfc93266383e880147aba8e84ed9e481474fa39db9085f,903,44.488891161569704,44.488891161569704,22.010523104346156,26.785958237359925,0.0005168705968321981,0.010183668204107713,0.05075485438770597
bfo-6759d0e2ceeddb39d0cfc93266383e880147aba8e84ed9e481474fa39db9085f,904,44.56606862103855,44.56606862103855,21.93384625345349,26.701529912178618,0.0005257633166098416,0.010355484520276225,0.05077148399772001
bfo-6759d0e2ceeddb39d0cfc93266383e880147aba8e84ed9e481474fa39db9085f,905,44.48813732357411,44.48813732357411,22.009560062981905,26.78319646223037,0.0005165573801219633,0.010180337742639057,0.05074069182974431
bfo-6759d0e2ceeddb39d0cfc93266383e880147aba8e84ed9e481474fa39db9085f,906,44.51394053426249,44.51394053426249,22.07566680056582,26.861816598712473,0.000510404643099877,0.010048824043051048,0.05079247491181134
bfo-6759d0e2ceeddb39d0cfc93266383e880147aba8e84ed9e481474fa39db9085f,907,44.488731625449724,44.488731625449724,22.02007751620209,26.795567611929986,0.0005155693155784673,0.010158957890043027,0.050750216819363515
bfo-6759d0e2ceeddb39d0cfc93266383e880147aba8e84ed9e481474fa39db9085f,908,44.49931566889615,44.49931566889615,21.982734646023392,26.754919647971008,0.0005198267118923817,0.010244529216320178,0.05074188387927726
bfo-6759d0e2ceeddb39d0cfc93266383e880147aba8e84ed9e481474fa39db9085f,909,44.487191223779185,44.487191223779185,22.01335529830229,26.78806492813318,0.0005163229636142924,0.010174025093171179,0.050749134082719055
bfo-6759d0e2ceeddb39d0cfc93266383e880147aba8e84ed9e481474fa39db9085f,910,44.54918423857343,44.54918423857343,21.9384410435595,26.705799044040575,0.0005250419022431484,0.01034291586443085,0.050763431620744454
bfo-6759d0e2ceeddb39d0cfc93266383e880147aba8e84ed9e481474fa39db9085f,911,44.48783693226009,44.48783693226009,22.000270339052552,26.773018805368903,0.0005177403337567765,0.010201551019083373,0.050751138997224395
bfo-6759d0e2ceeddb39d0cfc93266383e880147aba8e84ed9e481474fa39db9085f,912,44.534009422548124,44.534009422548124,22.01781752776671,26.78550194105702,0.0005138424870092611,0.010140163318467729,0.05067398530686657
bfo-6759d0e2ceeddb39d0cfc93266383e880147aba8e84ed9e481474fa39db9085f,913,44.488228332504235,44.488228332504235,22.00921902224622,26.783952670323455,0.0005170014612265437,0.010184620776913162,0.05076295647634715
bfo-6759d0e2ceeddb39d0cfc93266383e880147aba8e84ed9e481474fa39db9085f,914,44.49927027017495,44.49927027017495,22.037543892618007,26.819859202328793,0.0005148473359091559,0.010135439179849631,0.05079674662078078
bfo-6759d0e2ceeddb39d0cfc93266383e880147aba8e84ed9e481474fa39db9085f,915,44.48749661191222,44.48749661191222,22.010540792579672,26.785277599622574,0.0005167736287246899,0.010181243418577065,0.05075741807545492
bfo-6759d0e2ceeddb39d0cfc93266383e880147aba8e84ed9e481474fa39db9085f,916,44.50285396529385,44.50285396529385,22.062221238038244,26.845908740672893,0.000511714839275325,0.010076432375329798,0.05078333483665907
bfo-6759d0e2ceeddb39d0cfc93266383e880147aba8e84ed9e481474fa39db9085f,917,44.48738097437759,44.48738097437759,22.013069819459673,26.787364748283824,0.0005162234240530978,0.01017361798938976,0.05074138075475961
bfo-6759d0e2ceeddb39d0cfc93266383e880147aba8e84ed9e481474fa39db9085f,918,44.52738513926608,44.52738513926608,22.060286379350455,26.83740728239125,0.0005099015843789776,0.010060437019112916,0.050683840414711766
bfo-6759d0e2ceeddb39d0cfc93266383e880147aba8e84ed9e481474fa39db9085f,919,44.488051888321685,44.488051888321685,22.02178834936153,26.797692301275617,0.0005154450073373961,0.010156187351247369,0.05075182147699253
bfo-6759d0e2ceeddb39d0cfc93266383e880147aba8e84ed9e481474fa39db9085f,920,44.50073903697034,44.50073903697034,22.06023127224132,26.842476053261304,0.0005115151016934366,0.01007660208166146,0.050762657644718316
bfo-6759d0e2ceeddb39d0cfc93266383e880147aba8e84ed9e481474fa39db9085f,921,44.488478004143694,44.488478004143694,22.020550216410218,26.797531317413064,0.0005160015639642479,0.010162443989964458,0.05077534149007916
bfo-6759d0e2ceeddb39d0cfc93266383e880147aba8e84ed9e481474fa39db9085f,922,44.4931150457934,44.4931150457934,21.989297437165884,26.76156063935837,0.0005192747435046587,0.010227877388832527,0.05077052879726904
bfo-6759d0e2ceeddb39d0cfc93266383e880147aba8e84ed9e481474fa39db9085f,923,44.490912902368194,44.490912902368194,21.999768615700265,26.77023276340874,0.0005171010602484384,0.010195787244941974,0.050717129322698146
bfo-6759d0e2ceeddb39d0cfc93266383e880147aba8e84ed9e481474fa39db9085f,924,44.48847557913458,44.48847557913458,22.022244677106293,26.797391466516828,0.0005151439502232031,0.01015262608984558,0.05073997068979405
bfo-6759d0e2ceeddb39d0cfc93266383e880147aba8e84ed9e481474fa39db9085f,925,44.49145721540538,44.49145721540538,21.994178809920832,26.767169645535986,0.0005186967582215326,0.010217688634567451,0.05076458842822144
bfo-6759d0e2ceeddb39d0cfc93266383e880147aba8e84ed9e481474fa39db9085f,926,44.48844745798975,44.48844745798975,22.00753395032382,26.782478218657374,0.0005173817976386048,0.010189689392910959,0.050775031278043774
bfo-6759d0e2ceeddb39d0cfc93266383e880147aba8e84ed9e481474fa39db9085f,927,44.48918567939253,44.48918567939253,22.030118226901354,26.807925669713264,0.0005147072717610232,0.010140600892221562,0.05075707812895328
bfo-6759d0e2ceeddb39d0cfc93266383e880147aba8e84ed9e481474fa39db9085f,928,44.55763485165406,44.55763485165406,21.940159792703422,26.7088505562842,0.0005251494933381797,0.01034257490404282,0.05077550786051387
bfo-6759d0e2ceeddb39d0cfc93266383e880147aba8e84ed9e481474fa39db9085f,929,44.487461525494844,44.487461525494844,22.004260764798545,26.77705436989727,0.0005170365000825815,0.01019139055827742,0.050732674518360575
bfo-6759d0e2ceeddb39d0cfc93266383e880147aba8e84ed9e481474fa39db9085f,930,44.488682571977776,44.488682571977776,22.02307173880125,26.798490389485202,0.0005151270707710688,0.010151713626057693,0.05074286861765157
bfo-6759d0e2ceeddb39d0cfc93266383e880147aba8e84ed9e481474fa39db9085f,931,44.48849166653815,44.48849166653815,22.002774552264842,26.774646803282046,0.0005170760072290454,0.010192371163142594,0.05073166969221874
bfo-6759d0e2ceeddb39d0cfc93266383e880147aba8e84ed9e481474fa39db9085f,932,44.55767228542226,44.55767228542226,21.94230024639481,26.71153963957895,0.0005249910690783424,0.010338811149095167,0.05077866898887002
bfo-6759d0e2ceeddb39d0cfc93266383e880147aba8e84ed9e481474fa39db9085f,933,44.48758150000107,44.48758150000107,22.00190111224349,26.774424046524526,0.0005173852664879325,0.010196734201176989,0.05074029157572939
bfo-6759d0e2ceeddb39d0cfc93266383e880147aba8e84ed9e481474fa39db9085f,934,44.491149652736105,44.491149652736105,22.03357588787967,26.810534076307537,0.000514016933816388,0.010129342074760185,0.0507453425921108
bfo-6759d0e2ceeddb39d0cfc93266383e880147aba8e84ed9e481474fa39db9085f,935,44.487469193857336,44.487469193857336,22.00632971485741,26.779182941966706,0.0005167347113484725,0.0101864795745042,0.05072750674745482
bfo-6759d0e2ceeddb39d0cfc93266383e880147aba8e84ed9e481474fa39db9085f,936,44.55746606984358,44.55746606984358,21.943397492844312,26.71288712534521,0.0005249119919988761,0.010336760192917278,0.050781094095473406
bfo-6759d0e2ceeddb39d0cfc93266383e880147aba8e84ed9e481474fa39db9085f,937,44.488727051376806,44.488727051376806,22.010776665162137,26.786036571449706,0.0005168764029449801,0.010182118693640987,0.050763148466122635
bfo-6759d0e2ceeddb39d0cfc93266383e880147aba8e84ed9e481474fa39db9085f,938,44.49579314295508,44.49579314295508,21.99943716109976,26.774517372186796,0.000518496072620511,0.01021073385509308,0.050779511049726056
bfo-6759d0e2ceeddb39d0cfc93266383e880147aba8e84ed9e481474fa39db9085f,939,44.48827189541511,44.48827189541511,22.023985893590467,26.800722938878913,0.0005153457903331976,0.010153156883621105,0.05075719761255185
bfo-6759d0e2ceeddb39d0cfc93266383e880147aba8e84ed9e481474fa39db9085f,940,44.559574680742315,44.559574680742315,21.942355340975837,26.71176863341511,0.0005250406487619049,0.010339170567929044,0.05078169910365175
bfo-6759d0e2ceeddb39d0cfc93266383e880147aba8e84ed9e481474fa39db9085f,941,44.48864195801872,44.48864195801872,22.026745021900258,26.804080064434032,0.0005151311327771731,0.010147730684008328,0.05076318526948703
bfo-6759d0e2ceeddb39d0cfc93266383e880147aba8e84ed9e481474fa39db9085f,942,44.50656526590724,44.50656526590724,22.068159979808915,26.8515107607983,0.0005106412638998839,0.010059592051686697,0.05076162743739338
bfo-6759d0e2ceeddb39d0cfc93266383e880147aba8e84ed9e481474fa39db9085f,943,44.48760665758734,44.48760665758734,22.017232594498157,26.79208972795904,0.0005157874330939915,0.010164474714759031,0.050744130667673096
bfo-6759d0e2ceeddb39d0cfc93266383e880147aba8e84ed9e481474fa39db9085f,944,44.56362420142909,44.56362420142909,21.938384810422942,26.707137052253046,0.0005254359888759893,0.010347271566391994,0.050780148709212276
bfo-6759d0e2ceeddb39d0cfc93266383e880147aba8e84ed9e481474fa39db9085f,945,44.487554195635,44.487554195635,22.006125433687973,26.780160696712304,0.0005171424094094816,0.010190489333147116,0.050747554165759885
bfo-6759d0e2ceeddb39d0cfc93266383e880147aba8e84ed9e481474fa39db9085f,946,44.533718486603675,44.533718486603675,22.020721484301983,26.788987487713552,0.0005135874851850858,0.010134533263584964,0.050676974639817865
bfo-6759d0e2ceeddb39d0cfc93266383e880147aba8e84ed9e481474fa39db9085f,947,44.488082958421124,44.488082958421124,22.00822589081408,26.78296755211619,0.0005171089578257589,0.010187222698186603,0.05076054319670541
bfo-6759d0e2ceeddb39d0cfc93266383e880147aba8e84ed9e481474fa39db9085f,948,44.56262848025227,44.56262848025227,21.938474329363455,26.707165836035433,0.0005254076069757437,0.010346866354338681,0.0507793943579283
bfo-6759d0e2ceeddb39d0cfc93266383e880147aba8e84ed9e481474fa39db9085f,949,44.48748705794105,44.48748705794105,22.01546213307016,26.790363077926965,0.0005162083721255468,0.010168878841963902,0.05076354828767457
bfo-6759d0e2ceeddb39d0cfc93266383e880147aba8e84ed9e481474fa39db9085f,950,44.53389169263717,44.53389169263717,22.02077288121971,26.789036760610728,0.0005135724421939709,0.010134408498716375,0.0506761141766705
bfo-6759d0e2ceeddb39d0cfc93266383e880147aba8e84ed9e481474fa39db9085f,951,44.487269563420654,44.487269563420654,22.016421326731088,26.791348611024596,0.0005159558870879316,0.01016675439597695,0.050749321464094645
bfo-6759d0e2ceeddb39d0cfc93266383e880147aba8e84ed9e481474fa39db9085f,952,44.563449645339226,44.563449645339226,21.938114904272656,26.70679053198259,0.0005254508613524974,0.010347739155936437,0.05077929134414345
bfo-6759d0e2ceeddb39d0cfc93266383e880147aba8e84ed9e481474fa39db9085f,953,44.488458747267686,44.488458747267686,22.022042611841364,26.797399013912305,0.0005152287188093125,0.010153765290077141,0.05074262641394955
bfo-6759d0e2ceeddb39d0cfc93266383e880147aba8e84ed9e481474fa39db9085f,954,44.53247601973567,44.53247601973567,22.019393023560944,26.787530785854862,0.0005137415784841981,0.010137565879944632,0.0506770150318376
bfo-6759d0e2ceeddb39d0cfc93266383e880147aba8e84ed9e481474fa39db9085f,955,44.48744784904832,44.48744784904832,22.015767689643557,26.790688724651158,0.0005160431515321437,0.010168522464344982,0.050749079164805214
bfo-6759d0e2ceeddb39d0cfc93266383e880147aba8e84ed9e481474fa39db9085f,956,44.56377874761546,44.56377874761546,21.937549599683443,26.706109676708234,0.0005255022860156197,0.010348821804838796,0.050778948166825204
bfo-6759d0e2ceeddb39d0cfc93266383e880147aba8e84ed9e481474fa39db9085f,957,44.487134610328084,44.487134610328084,22.00969711948458,26.784085641238697,0.0005167887869328941,0.010182401177661709,0.05075313552432332
bfo-6759d0e2ceeddb39d0cfc93266383e880147aba8e84ed9e481474fa39db9085f,958,44.49031622068831,44.49031622068831,21.994424668847454,26.764837836448656,0.0005179502476170065,0.010209204934128987,0.050733651734771075
bfo-6759d0e2ceeddb39d0cfc93266383e880147aba8e84ed9e481474fa39db9085f,959,44.48756316384841,44.48756316384841,22.00719669354906,26.781402516227267,0.0005171049663198155,0.0101882031917114,0.05075526632021882
bfo-6759d0e2ceeddb39d0cfc93266383e880147aba8e84ed9e481474fa39db9085f,960,44.48846171496306,44.48846171496306,22.00878807402462,26.78355913492545,0.0005171639878594689,0.010185729242632858,0.05077338848698768
bfo-6759d0e2ceeddb39d0cfc93266383e880147aba8e84ed9e481474fa39db9085f,961,44.48742824356628,44.48742824356628,22.010953829760034,26.78599055499264,0.0005167822704369465,0.010181169927637837,0.05075863325236206
bfo-6759d0e2ceeddb39d0cfc93266383e880147aba8e84ed9e481474fa39db9085f,962,44.57313697672927,44.57313697672927,21.93324037312692,26.701444596203782,0.0005260581267879826,0.010358616241714837,0.05078459463239033
bfo-6759d0e2ceeddb39d0cfc93266383e880147aba8e84ed9e481474fa39db9085f,963,44.48758211066285,44.48758211066285,22.006003855140403,26.779925297752918,0.0005172062617371262,0.010190411375616907,0.05075420831142016
bfo-6759d0e2ceeddb39d0cfc93266383e880147aba8e84ed9e481474fa39db9085f,964,44.530332930479,44.530332930479,22.017780535163393,26.785789857455196,0.0005139665998287935,0.010141302553625164,0.05068053113601943
bfo-6759d0e2ceeddb39d0cfc93266383e880147aba8e84ed9e481474fa39db9085f,965,44.487272147771634,44.487272147771634,22.00706666733098,26.781265783409335,0.0005171074773785287,0.010188546881286446,0.05075380065515649
bfo-6759d0e2ceeddb39d0cfc93266383e880147aba8e84ed9e481474fa39db9085f,966,44.57193472567856,44.57193472567856,21.93256682243558,26.70049789760956,0.0005260867614204955,0.010359503660982367,0.050783008398551786
bfo-6759d0e2ceeddb39d0cfc93266383e880147aba8e84ed9e481474fa39db9085f,967,44.487206300040455,44.487206300040455,22.01630589012459,26.79194046639195,0.0005161881275477422,0.01016932365449868,0.05075933710885406
bfo-6759d0e2ceeddb39d0cfc93266383e880147aba8e84ed9e481474fa39db9085f,968,44.522821436284545,44.522821436284545,22.057021354421934,26.833881506265428,0.0005103425342792378,0.0100680594778461,0.05068926493751877
bfo-6759d0e2ceeddb39d0cfc93266383e880147aba8e84ed9e481474fa39db9085f,969,44.49159968648722,44.49159968648722,22.005202791814387,26.780640395954414,0.0005176469425188621,0.010197236772827297,0.050763452300945124
bfo-6759d0e2ceeddb39d0cfc93266383e880147aba8e84ed9e481474fa39db9085f,970,44.560004015947385,44.560004015947385,21.93404201271979,26.701284701456046,0.0005257248507944198,0.010353684474750935,0.05077659572072931
bfo-6759d0e2ceeddb39d0cfc93266383e880147aba8e84ed9e481474fa39db9085f,971,44.488927888865,44.488927888865,22.009359584692575,26.784942062786616,0.0005172464064225644,0.010186798348238919,0.05077615053722795
bfo-6759d0e2ceeddb39d0cfc93266383e880147aba8e84ed9e481474fa39db9085f,972,44.50138198980156,44.50138198980156,21.97574860244619,26.746942001031055,0.0005209362703130848,0.010259362753454935,0.050776669353820705
bfo-6759d0e2ceeddb39d0cfc93266383e880147aba8e84ed9e481474fa39db9085f,973,44.48968465498622,44.48968465498622,21.992564324825786,26.763201833355836,0.0005182391541917976,0.01021456218272842,0.05073532716537541
bfo-6759d0e2ceeddb39d0cfc93266383e880147aba8e84ed9e481474fa39db9085f,974,44.563089464597965,44.563089464597965,21.933290157989457,26.700619349602434,0.0005258566762583303,0.01035586823669648,0.050778617904284805
bfo-6759d0e2ceeddb39d0cfc93266383e880147aba8e84ed9e481474fa39db9085f,975,44.48743855207035,44.48743855207035,22.0195703022028,26.795640807916364,0.0005157816869207423,0.010162559374342467,0.050753129002418663
bfo-6759d0e2ceeddb39d0cfc93266383e880147aba8e84ed9e481474fa39db9085f,976,44.49246191444678,44.49246191444678,22.040943688279267,26.820050664289372,0.0005135241577481441,0.010116635284042153,0.05076037074877754
bfo-6759d0e2ceeddb39d0cfc93266383e880147aba8e84ed9e481474fa39db9085f,977,44.48732582473211,44.48732582473211,22.01169197530642,26.78680981760778,0.0005166825942809195,0.010179592024765574,0.050756709406811235
bfo-6759d0e2ceeddb39d0cfc93266383e880147aba8e84ed9e481474fa39db9085f,978,44.562290257507506,44.562290257507506,21.93352483382054,26.700849004578405,0.0005258239309665316,0.010355247125335126,0.05077850143045374
bfo-6759d0e2ceeddb39d0cfc93266383e880147aba8e84ed9e481474fa39db9085f,979,44.48931333193528,44.48931333193528,22.0059360718277,26.7809587602261,0.0005175498772196026,0.010193878212158367,0.050770655333346466
bfo-6759d0e2ceeddb39d0cfc93266383e880147aba8e84ed9e481474fa39db9085f,980,44.4906982213392,44.4906982213392,22.02177368884023,26.799905025256773,0.0005160624155163271,0.01016316715661277,0.05077771599776806
bfo-6759d0e2ceeddb39d0cfc93266383e880147aba8e84ed9e481474fa39db9085f,981,44.486797024564396,44.486797024564396,22.00853349008032,26.782029034781967,0.0005167353209395401,0.010182476016588842,0.05074751171499914
bfo-6759d0e2ceeddb39d0cfc93266383e880147aba8e84ed9e481474fa39db9085f,982,44.556568066947804,44.556568066947804,21.93270680362347,26.699222077505503,0.0005257482951659608,0.010354793415626989,0.050773421937373
bfo-6759d0e2ceeddb39d0cfc93266383e880147aba8e84ed9e481474fa39db9085f,983,44.48727498397318,44.48727498397318,22.01568433086861,26.791162963438847,0.000516258884888685,0.01017015639276236,0.05076213825542379
bfo-6759d0e2ceeddb39d0cfc93266383e880147aba8e84ed9e481474fa39db9085f,984,44.48763858405165,44.48763858405165,22.00210783055573,26.775631151150982,0.000517714435816196,0.010198923048985658,0.050761676828975165
bfo-6759d0e2ceeddb39d0cfc93266383e880147aba8e84ed9e481474fa39db9085f,985,44.50527557278349,44.50527557278349,21.968498338044164,26.73821454450453,0.0005214941709515107,0.01027339389510948,0.05076162525022636
bfo-6759d0e2ceeddb39d0cfc93266383e880147aba8e84ed9e481474fa39db9085f,986,44.48695771637334,44.48695771637334,22.00966996992808,26.78313618758642,0.0005165612831229199,0.010179411295140042,0.050745693257285104
bfo-6759d0e2ceeddb39d0cfc93266383e880147aba8e84ed9e481474fa39db9085f,987,44.490158295415085,44.490158295415085,22.006477159681683,26.777852169451247,0.0005164894948369508,0.01018112086890602,0.05073012112196332
bfo-6759d0e2ceeddb39d0cfc93266383e880147aba8e84ed9e481474fa39db9085f,988,44.486777070082816,44.486777070082816,22.00970767463025,26.783473519250734,0.0005166409355490455,0.010180265908398736,0.05074925745532992
bfo-6759d0e2ceeddb39d0cfc93266383e880147aba8e84ed9e481474fa39db9085f,989,44.48684750173853,44.48684750173853,22.014695219965066,26.789348816808584,0.000516166739173619,0.010170192944367403,0.05075289544624515
bfo-6759d0e2ceeddb39d0cfc93266383e880147aba8e84ed9e481474fa39db9085f,990,44.48677530043597,44.48677530043597,22.010688856186768,26.78461006556491,0.0005165361634050635,0.010178237120184556,0.050749079364708044
bfo-6759d0e2ceeddb39d0cfc93266383e880147aba8e84ed9e481474fa39db9085f,991,44.48754519947285,44.48754519947285,22.015197635132917,26.789222488349388,0.0005158912985129252,0.010166962787199299,0.050741928470758
bfo-6759d0e2ceeddb39d0cfc93266383e880147aba8e84ed9e481474fa39db9085f,992,44.48678155293693,44.48678155293693,22.009908518064613,26.783673071779358,0.0005166123406216603,0.010179753365502794,0.050749003642107784
bfo-6759d0e2ceeddb39d0cfc93266383e880147aba8e84ed9e481474fa39db9085f,993,44.48706177416661,44.48706177416661,22.013705158481553,26.78788652889252,0.0005161533643078393,0.010171256619281081,0.050746272916701
bfo-6759d0e2ceeddb39d0cfc93266383e880147aba8e84ed9e481474fa39db9085f,994,44.48677291482534,44.48677291482534,22.00826372975574,26.781881459557972,0.0005168064884597973,0.010183490809122257,0.050749443206336266
bfo-6759d0e2ceeddb39d0cfc93266383e880147aba8e84ed9e481474fa39db9085f,995,44.48705851972329,44.48705851972329,22.004387134127906,26.777088157839962,0.0005171286661537301,0.010190585660565944,0.050745725847223866
bfo-6759d0e2ceeddb39d0cfc93266383e880147aba8e84ed9e481474fa39db9085f,996,44.48669273736557,44.48669273736557,22.008205125082856,26.78193853865705,0.0005168463904464528,0.010183992116647703,0.050750863170992394
bfo-6759d0e2ceeddb39d0cfc93266383e880147aba8e84ed9e481474fa39db9085f,997,44.486698943934094,44.486698943934094,22.011663110292726,26.785943891451772,0.0005164924435696741,0.010176840934631871,0.050751745741848646
bfo-6759d0e2ceeddb39d0cfc93266383e880147aba8e84ed9e481474fa39db9085f,998,44.486696211656415,44.486696211656415,22.00789742632839,26.781562197350187,0.0005168744207191232,0.010184562727937784,0.050750771979759045
bfo-6759d0e2ceeddb39d0cfc93266383e880147aba8e84ed9e481474fa39db9085f,999,44.48687898402562,44.48687898402562,22.005281807461934,26.778612812840347,0.0005171723890814661,0.010190247687007641,0.05075169956279379
bfo-6759d0e2ceeddb39d0cfc93266383e880147aba8e84ed9e481474fa39db9085f,1000,44.486642963268665,44.486642963268665,22.009970325386526,26.783877407449648,0.000516635900098285,0.010179981089262997,0.050750182693678064
