run_id,evaluation_index,training_objective,expected_energy,cvar_0.10,cvar_0.25,p_opt,p_feas,p_opt_given_feas
bfo-ff334e22732fd2b3b794b6357a29b1f32faf53a8749933cf89df898700bcab59,0,33.20201776742106,106.12279118001504,33.20201776742106,54.141332571540175,0.00020940381727534228,0.004256772834621331,0.049193091905730076
bfo-ff334e22732fd2b3b794b6357a29b1f32faf53a8749933cf89df898700bcab59,1,33.20201776742106,106.12279118001504,33.20201776742106,54.141332571540175,0.00020940381727534228,0.004256772834621331,0.049193091905730076
bfo-ff334e22732fd2b3b794b6357a29b1f32faf53a8749933cf89df898700bcab59,2,45.822589938999954,118.88318644923541,45.822589938999954,67.78638589855909,0.000186076364115643,0.003485508885122679,0.053385709303418884
bfo-ff334e22732fd2b3b794b6357a29b1f32faf53a8749933cf89df898700bcab59,3,35.06026602118864,117.49690151060581,35.06026602118864,66.41280117310106,0.00017274047635658623,0.0027193463538348955,0.06352279330398018
bfo-ff334e22732fd2b3b794b6357a29b1f32faf53a8749933cf89df898700bcab59,4,20.124859051086652,79.31642482807104,20.124859051086652,26.571989694563456,0.0008179359923805058,0.01701706996840534,0.048065618458355205
bfo-ff334e22732fd2b3b794b6357a29b1f32faf53a8749933cf89df898700bcab59,5,24.04715680969178,63.23528343282087,24.04715680969178,29.923783201127748,0.0003041777193595669,0.0062593738882865645,0.048595550415799216
bfo-ff334e22732fd2b3b794b6357a29b1f32faf53a8749933cf89df898700bcab59,6,37.887467665077295,89.01855219462337,37.887467665077295,49.698412503383295,0.00023993179373417805,0.0034211590244564104,0.07013172787906313
bfo-ff334e22732fd2b3b794b6357a29b1f32faf53a8749933cf89df898700bcab59,7,19.74515718730942,95.6383507069182,19.74515718730942,26.645488968834794,0.0008759605003947388,0.017495780845452082,0.05006695660699472
bfo-ff334e22732fd2b3b794b6357a29b1f32faf53a8749933cf89df898700bcab59,8,19.19503145897603,89.30987638058158,19.19503145897603,25.356062145935425,0.0009255575667214692,0.018303868564801273,0.050566226666494754
bfo-ff334e22732fd2b3b794b6357a29b1f32faf53a8749933cf89df898700bcab59,9,19.366088598868156,79.96986011403025,19.366088598868156,25.035769386463148,0.0008330814034844872,0.016878383716536275,0.049357889800093334
bfo-ff334e22732fd2b3b794b6357a29b1f32faf53a8749933cf89df898700bcab59,10,19.337291666720667,74.59870605391215,19.337291666720667,25.329315609332745,0.0007799206692830139,0.01654173514819628,0.047148661388648636
bfo-ff334e22732fd2b3b794b6357a29b1f32faf53a8749933cf89df898700bcab59,11,19.01170009582243,82.10995603195356,19.01170009582243,24.831497358414886,0.0008365918534358963,0.017449113626818308,0.04794466190821874
bfo-ff334e22732fd2b3b794b6357a29b1f32faf53a8749933cf89df898700bcab59,12,21.56485798393865,83.02046752734941,21.56485798393865,27.643506008106367,0.0006520898984531938,0.013064272632419962,0.04991398425312898
bfo-ff334e22732fd2b3b794b6357a29b1f32faf53a8749933cf89df898700bcab59,13,23.64997732877811,74.9379485936875,23.64997732877811,29.50599643610808,0.0003857213777170313,0.006528475832424267,0.059082914238773945
bfo-ff334e22732fd2b3b794b6357a29b1f32faf53a8749933cf89df898700bcab59,14,32.33815235389982,109.20442737376064,32.33815235389982,51.00820275348434,9.393546841101688e-05,0.0023604719950485998,0.039795205623307066
bfo-ff334e22732fd2b3b794b6357a29b1f32faf53a8749933cf89df898700bcab59,15,41.34540899705494,96.06000475794029,41.34540899705494,54.42560679855168,5.302527120986483e-05,0.0009833045428117467,0.05392558348021026
bfo-ff334e22732fd2b3b794b6357a29b1f32faf53a8749933cf89df898700bcab59,16,26.518270475768063,79.53021287445235,26.518270475768063,34.3364905142673,0.00019119173146145763,0.003908053981935374,0.04892248990040161
bfo-ff334e22732fd2b3b794b6357a29b1f32faf53a8749933cf89df898700bcab59,17,23.321190352521185,88.19375715730231,23.321190352521185,29.89737804939157,0.0004187831816998247,0.008043987762354,0.05206163834059235
bfo-ff334e22732fd2b3b794b6357a29b1f32faf53a8749933cf89df898700bcab59,18,19.4580208757076,66.60049811082945,19.4580208757076,25.002008838925132,0.0007936543309699162,0.015981008966391104,0.04966234188586044
bfo-ff334e22732fd2b3b794b6357a29b1f32faf53a8749933cf89df898700bcab59,19,26.132626363904354,91.72406694152554,26.132626363904354,33.897851744929234,0.0001795425853185368,0.0038405692308651302,0.04674895165946348
bfo-ff334e22732fd2b3b794b6357a29b1f32faf53a8749933cf89df898700bcab59,20,22.068443364168207,108.40619746986494,22.068443364168207,37.16472026869444,0.0004989035994423497,0.010618057573210144,0.046986333988347055
bfo-ff334e22732fd2b3b794b6357a29b1f32faf53a8749933cf89df898700bcab59,21,22.90466464367821,98.94021099929661,22.90466464367821,29.85558598282986,0.000367199053178192,0.007111141074909443,0.05163714927183724
bfo-ff334e22732fd2b3b794b6357a29b1f32faf53a8749933cf89df898700bcab59,22,19.059655275365856,77.77051497213134,19.059655275365856,24.85234432429066,0.0008248678457244396,0.017040720547015123,0.04840569056036334
bfo-ff334e22732fd2b3b794b6357a29b1f32faf53a8749933cf89df898700bcab59,23,21.690575820394464,98.51649729031585,21.690575820394464,27.151246169285912,0.0005005442116871558,0.009528720247994952,0.05253005636223616
bfo-ff334e22732fd2b3b794b6357a29b1f32faf53a8749933cf89df898700bcab59,24,19.1066893892404,84.1280293306451,19.1066893892404,24.876170442857106,0.0008224359186899434,0.01710860796045453,0.04807146908684519
bfo-ff334e22732fd2b3b794b6357a29b1f32faf53a8749933cf89df898700bcab59,25,69.23057952712365,114.41515188880314,69.23057952712365,82.05592125095272,6.026799796974659e-05,0.0012175527917506366,0.04949928937626706
bfo-ff334e22732fd2b3b794b6357a29b1f32faf53a8749933cf89df898700bcab59,26,48.07866387215739,97.01145528941397,48.07866387215739,61.57363257549725,9.194231992285616e-05,0.0018889444249723206,0.048673914757552186
bfo-ff334e22732fd2b3b794b6357a29b1f32faf53a8749933cf89df898700bcab59,27,50.13141229975689,98.53248960642492,50.13141229975689,59.85970798185068,0.00010433626411309654,0.0019993830527965254,0.052184229513780274
bfo-ff334e22732fd2b3b794b6357a29b1f32faf53a8749933cf89df898700bcab59,28,19.779840116394425,73.81986938889288,19.779840116394425,25.839339524156077,0.0007180799626781882,0.014726744076770918,0.0487602662838994
bfo-ff334e22732fd2b3b794b6357a29b1f32faf53a8749933cf89df898700bcab59,29,39.17413406064774,119.08107109541953,39.17413406064774,67.64640981552618,2.588480009007859e-05,0.0007613617753392893,0.03399802948938883
bfo-ff334e22732fd2b3b794b6357a29b1f32faf53a8749933cf89df898700bcab59,30,23.132612557701826,99.52737616788292,23.132612557701826,30.06883452322276,0.00039674634142153786,0.007432044793211312,0.05338320105174013
bfo-ff334e22732fd2b3b794b6357a29b1f32faf53a8749933cf89df898700bcab59,31,25.624089153290228,89.12534454599069,25.624089153290228,32.42295352305891,0.00022428633253205937,0.004536119848099927,0.04944453410462856
bfo-ff334e22732fd2b3b794b6357a29b1f32faf53a8749933cf89df898700bcab59,32,25.26393692992378,80.40083983439004,25.26393692992378,29.15987793177108,9.088469046892453e-05,0.0021515275077232977,0.04224193748054694
bfo-ff334e22732fd2b3b794b6357a29b1f32faf53a8749933cf89df898700bcab59,33,32.14486774979186,75.91357884014425,32.14486774979186,40.742221777781495,7.948331473585326e-05,0.0017551070453573462,0.045286875775528646
bfo-ff334e22732fd2b3b794b6357a29b1f32faf53a8749933cf89df898700bcab59,34,29.050313740978424,115.70938774905545,29.050313740978424,51.672000339117446,0.00018481819820387457,0.004268602764102937,0.0432971181479134
bfo-ff334e22732fd2b3b794b6357a29b1f32faf53a8749933cf89df898700bcab59,35,36.956606970700456,100.2024448594288,36.956606970700456,50.10043275753091,0.00010744883675893981,0.0029987431425457203,0.0358312905278454
bfo-ff334e22732fd2b3b794b6357a29b1f32faf53a8749933cf89df898700bcab59,36,22.176933093547,103.67637994473813,22.176933093547,35.10498860910063,0.0005396144369692852,0.010673916366381996,0.05055449363167453
bfo-ff334e22732fd2b3b794b6357a29b1f32faf53a8749933cf89df898700bcab59,37,23.568729672173305,110.68045281221487,23.568729672173305,47.538508739751904,0.0003964146653511713,0.008419403743692275,0.04708346070802945
bfo-ff334e22732fd2b3b794b6357a29b1f32faf53a8749933cf89df898700bcab59,38,24.23139155782125,91.05650670920755,24.23139155782125,30.776655650751618,0.00031407824335431584,0.006551067433478822,0.047943063713439815
bfo-ff334e22732fd2b3b794b6357a29b1f32faf53a8749933cf89df898700bcab59,39,24.402108673670398,78.66707067405594,24.402108673670398,30.66235971683605,0.00024242550056413045,0.005443395304378859,0.04453571475309075
bfo-ff334e22732fd2b3b794b6357a29b1f32faf53a8749933cf89df898700bcab59,40,41.19367667743435,120.9619188100013,41.19367667743435,65.84394617672173,0.00016342152375272892,0.004310865706686714,0.03790921241161395
bfo-ff334e22732fd2b3b794b6357a29b1f32faf53a8749933cf89df898700bcab59,41,18.973832569491154,81.28883592514691,18.973832569491154,24.810722103497792,0.0008435281552256773,0.017595790392099412,0.04793920229945597
bfo-ff334e22732fd2b3b794b6357a29b1f32faf53a8749933cf89df898700bcab59,42,25.958801155249294,106.1606951440633,25.958801155249294,42.17932000219321,0.0005628104359074153,0.01070373004366429,0.052580776384635354
bfo-ff334e22732fd2b3b794b6357a29b1f32faf53a8749933cf89df898700bcab59,43,26.97794839326435,69.00220385531546,26.97794839326435,34.24792206007711,0.00015586720893086742,0.003230686258846434,0.04824585132773685
bfo-ff334e22732fd2b3b794b6357a29b1f32faf53a8749933cf89df898700bcab59,44,20.735069881274026,81.74003475656647,20.735069881274026,27.466191509623574,0.0007495804798228343,0.014862412681381483,0.05043464314255333
bfo-ff334e22732fd2b3b794b6357a29b1f32faf53a8749933cf89df898700bcab59,45,24.76991316859876,99.1622698012811,24.76991316859876,31.341467489315807,0.00015047878202116043,0.004546753282447738,0.03309587582024033
bfo-ff334e22732fd2b3b794b6357a29b1f32faf53a8749933cf89df898700bcab59,46,38.78775466669154,97.15025130798136,38.78775466669154,53.00939756001775,0.00020496695023618068,0.0031331747603965485,0.06541829483212075
bfo-ff334e22732fd2b3b794b6357a29b1f32faf53a8749933cf89df898700bcab59,47,18.835192691183824,80.321485489499,18.835192691183824,24.57013360977309,0.0008621679055377153,0.018048059796174156,0.047770669826818636
bfo-ff334e22732fd2b3b794b6357a29b1f32faf53a8749933cf89df898700bcab59,48,44.2066388843123,121.78603704549352,44.2066388843123,67.49064470756983,0.00016453445984240776,0.0029004044242333864,0.05672810952420758
bfo-ff334e22732fd2b3b794b6357a29b1f32faf53a8749933cf89df898700bcab59,49,18.827236444014115,80.35469416184222,18.827236444014115,24.548488059500727,0.0008619851143434667,0.018047688033861583,0.047761525616255435
bfo-ff334e22732fd2b3b794b6357a29b1f32faf53a8749933cf89df898700bcab59,50,26.290526913452673,85.78895661934564,26.290526913452673,46.5792525640884,0.0005735635611032655,0.009916070496598414,0.057841819630066106
bfo-ff334e22732fd2b3b794b6357a29b1f32faf53a8749933cf89df898700bcab59,51,20.713105780558223,71.91853763385154,20.713105780558223,27.312335346577864,0.0006209759803862639,0.012571147770810953,0.04939691997162844
bfo-ff334e22732fd2b3b794b6357a29b1f32faf53a8749933cf89df898700bcab59,52,18.936201068708833,77.60756399078988,18.936201068708833,24.68743494701705,0.0008252478942373444,0.017508487600538795,0.04713416218839763
bfo-ff334e22732fd2b3b794b6357a29b1f32faf53a8749933cf89df898700bcab59,53,20.24749228060629,63.61125467205881,20.24749228060629,25.664834492479848,0.0005893816714433335,0.01395554889999977,0.04223278322240289
bfo-ff334e22732fd2b3b794b6357a29b1f32faf53a8749933cf89df898700bcab59,54,19.40298887509732,87.60708289788292,19.40298887509732,25.17452585099165,0.0007795540249076065,0.016308700612856015,0.04779988568145585
bfo-ff334e22732fd2b3b794b6357a29b1f32faf53a8749933cf89df898700bcab59,55,18.902741931064924,84.21377296408632,18.902741931064924,24.745423369821,0.0008568237619218235,0.01796268524817694,0.04770020462329171
bfo-ff334e22732fd2b3b794b6357a29b1f32faf53a8749933cf89df898700bcab59,56,19.273573490468824,74.54629599652648,19.273573490468824,25.15242566352085,0.0007906566534508317,0.016352994904916273,0.0483493487308024
bfo-ff334e22732fd2b3b794b6357a29b1f32faf53a8749933cf89df898700bcab59,57,18.92789116522329,79.96733319710614,18.92789116522329,24.834248071502063,0.0008496735965709686,0.017832461533325742,0.04764757770446204
bfo-ff334e22732fd2b3b794b6357a29b1f32faf53a8749933cf89df898700bcab59,58,19.03971885465786,72.81162526676401,19.03971885465786,24.85557287403083,0.0008320718370850964,0.0172090485322945,0.04835083331444097
bfo-ff334e22732fd2b3b794b6357a29b1f32faf53a8749933cf89df898700bcab59,59,19.59595108444306,85.51027612872815,19.59595108444306,25.144106170718963,0.0007048761709342536,0.01535313859556255,0.045910884380212715
bfo-ff334e22732fd2b3b794b6357a29b1f32faf53a8749933cf89df898700bcab59,60,18.791811622622905,78.86533313779908,18.791811622622905,24.4058977762284,0.0008576123149226966,0.01810167386935491,0.04737751442835267
bfo-ff334e22732fd2b3b794b6357a29b1f32faf53a8749933cf89df898700bcab59,61,18.940703371096948,72.18660550179425,18.940703371096948,24.73682751849539,0.0008467537855318876,0.017664784948338567,0.047934565181985286
bfo-ff334e22732fd2b3b794b6357a29b1f32faf53a8749933cf89df898700bcab59,62,18.81237322752977,78.99695419549556,18.81237322752977,24.422633339235574,0.0008540661573281454,0.018006193496465484,0.04743179936924447
bfo-ff334e22732fd2b3b794b6357a29b1f32faf53a8749933cf89df898700bcab59,63,18.912440909617487,72.4557430318182,18.912440909617487,24.671691327661115,0.0008394275139566097,0.017501488538222112,0.0479632067937167
bfo-ff334e22732fd2b3b794b6357a29b1f32faf53a8749933cf89df898700bcab59,64,18.817682359106136,72.99006332310157,18.817682359106136,24.117026926742838,0.0007978835013298412,0.01796890128743776,0.04440357752355452
bfo-ff334e22732fd2b3b794b6357a29b1f32faf53a8749933cf89df898700bcab59,65,19.986420997722732,91.7615968368771,19.986420997722732,25.810634736469005,0.0006996653250913445,0.014763391358505752,0.04739191071353945
bfo-ff334e22732fd2b3b794b6357a29b1f32faf53a8749933cf89df898700bcab59,66,18.8158888355719,79.20895809798155,18.8158888355719,24.42934340288071,0.000851375797696364,0.01800329640252059,0.04728999504652744
bfo-ff334e22732fd2b3b794b6357a29b1f32faf53a8749933cf89df898700bcab59,67,18.777648978795416,76.89236257971801,18.777648978795416,24.333401555142437,0.000846961098675476,0.018036626896255493,0.04695784325678489
bfo-ff334e22732fd2b3b794b6357a29b1f32faf53a8749933cf89df898700bcab59,68,18.92147016160773,79.78125418575297,18.92147016160773,24.46237707668015,0.0008198724467448716,0.017540789371128948,0.04674090939683312
bfo-ff334e22732fd2b3b794b6357a29b1f32faf53a8749933cf89df898700bcab59,69,18.780002357746177,76.82368781589393,18.780002357746177,24.329954196209687,0.0008460031472362344,0.01802456426495187,0.04693612199443055
bfo-ff334e22732fd2b3b794b6357a29b1f32faf53a8749933cf89df898700bcab59,70,18.74047344574168,75.2389305387287,18.74047344574168,24.30800034481242,0.0008547767993463301,0.01815754529482677,0.04707557026388709
bfo-ff334e22732fd2b3b794b6357a29b1f32faf53a8749933cf89df898700bcab59,71,18.730796737707152,72.95773351242478,18.730796737707152,24.321596988460673,0.0008585656278881853,0.018169417429210903,0.04725333826652431
bfo-ff334e22732fd2b3b794b6357a29b1f32faf53a8749933cf89df898700bcab59,72,18.75088218896139,72.04353221246996,18.75088218896139,24.352134033927474,0.0008553220454298016,0.01807845847140275,0.04731166912172215
bfo-ff334e22732fd2b3b794b6357a29b1f32faf53a8749933cf89df898700bcab59,73,18.733051309550408,72.53513878720628,18.733051309550408,24.32142088995175,0.0008572925162709068,0.018155030708306093,0.04722065911343722
bfo-ff334e22732fd2b3b794b6357a29b1f32faf53a8749933cf89df898700bcab59,74,18.752246703635574,71.85782881769254,18.752246703635574,24.372984304875178,0.0008579221346541978,0.018092089894098176,0.04741973645256211
bfo-ff334e22732fd2b3b794b6357a29b1f32faf53a8749933cf89df898700bcab59,75,18.729536372167058,73.33791872865139,18.729536372167058,24.314809918985468,0.0008580992818570935,0.018178391121090577,0.04720435797321614
bfo-ff334e22732fd2b3b794b6357a29b1f32faf53a8749933cf89df898700bcab59,76,18.75756521945941,72.61480952360151,18.75756521945941,24.354139000073726,0.0008517339707933246,0.01804330566383359,0.04720498486596939
bfo-ff334e22732fd2b3b794b6357a29b1f32faf53a8749933cf89df898700bcab59,77,18.739025635552604,73.70934953286947,18.739025635552604,24.3382832170901,0.0008580021390927048,0.018144826599486283,0.047286323426039056
bfo-ff334e22732fd2b3b794b6357a29b1f32faf53a8749933cf89df898700bcab59,78,18.723700921177535,73.6671653251803,18.723700921177535,24.30175111075892,0.000857906764922056,0.018202489456153482,0.04713128756308849
bfo-ff334e22732fd2b3b794b6357a29b1f32faf53a8749933cf89df898700bcab59,79,18.72785931587042,73.98801809385633,18.72785931587042,24.271648257090135,0.0008524451206011967,0.01817239294858569,0.0469087985832675
bfo-ff334e22732fd2b3b794b6357a29b1f32faf53a8749933cf89df898700bcab59,80,18.721277748720347,73.78425845692935,18.721277748720347,24.30082953183426,0.0008587881493141526,0.01821855357617051,0.04713810817766728
bfo-ff334e22732fd2b3b794b6357a29b1f32faf53a8749933cf89df898700bcab59,81,18.71028336950802,74.73231516588868,18.71028336950802,24.29300414350701,0.0008640868504499027,0.01830339499270238,0.04720910250772695
bfo-ff334e22732fd2b3b794b6357a29b1f32faf53a8749933cf89df898700bcab59,82,18.714263309384833,75.18062919165257,18.714263309384833,24.280145214998978,0.0008613020877245581,0.01829941224543538,0.0470671995456795
bfo-ff334e22732fd2b3b794b6357a29b1f32faf53a8749933cf89df898700bcab59,83,18.723126329788194,75.26972587313327,18.723126329788194,24.30087085814111,0.0008607674473082456,0.018251905930397973,0.04716041440223865
bfo-ff334e22732fd2b3b794b6357a29b1f32faf53a8749933cf89df898700bcab59,84,18.697340461162597,74.23963588711501,18.697340461162597,24.30428166055937,0.0008705334381529458,0.01837510420818179,0.04737570074652027
bfo-ff334e22732fd2b3b794b6357a29b1f32faf53a8749933cf89df898700bcab59,85,18.69731634215189,73.28669166221698,18.69731634215189,24.31036786359968,0.0008708838057536112,0.0183739488944223,0.04739774834238173
bfo-ff334e22732fd2b3b794b6357a29b1f32faf53a8749933cf89df898700bcab59,86,18.705269629098968,73.08773607584479,18.705269629098968,24.334353229608972,0.0008710941774230526,0.01835572620574996,0.047456263383912366
bfo-ff334e22732fd2b3b794b6357a29b1f32faf53a8749933cf89df898700bcab59,87,18.720248454725386,72.20561753160993,18.720248454725386,24.348101721416516,0.0008677606820040585,0.018275477182492596,0.047482244832181414
bfo-ff334e22732fd2b3b794b6357a29b1f32faf53a8749933cf89df898700bcab59,88,18.68176294423242,74.65591535669606,18.68176294423242,24.279937894871402,0.0008736890405858804,0.018461808388727134,0.04732413110296167
bfo-ff334e22732fd2b3b794b6357a29b1f32faf53a8749933cf89df898700bcab59,89,18.706441507643074,76.60254579022937,18.706441507643074,24.32091458443934,0.0008722421798384086,0.018406400595236308,0.04738798198623094
bfo-ff334e22732fd2b3b794b6357a29b1f32faf53a8749933cf89df898700bcab59,90,18.68886586173522,75.30274530775891,18.68886586173522,24.28562161874598,0.0008720561611252934,0.018439004820545633,0.047294101260476167
bfo-ff334e22732fd2b3b794b6357a29b1f32faf53a8749933cf89df898700bcab59,91,18.687493576594704,75.36386622196457,18.687493576594704,24.27518547882749,0.0008718578595951707,0.01844661439567124,0.047263841531797
bfo-ff334e22732fd2b3b794b6357a29b1f32faf53a8749933cf89df898700bcab59,92,18.691564952175902,74.52343260425465,18.691564952175902,24.309613798122022,0.0008743441246850806,0.018432026534399733,0.047436136392994564
bfo-ff334e22732fd2b3b794b6357a29b1f32faf53a8749933cf89df898700bcab59,93,18.660517758199724,73.2879107438016,18.660517758199724,24.248538507563378,0.0008773232618519559,0.018538056485379994,0.04732552533453846
bfo-ff334e22732fd2b3b794b6357a29b1f32faf53a8749933cf89df898700bcab59,94,18.655962264356095,72.42709421943509,18.655962264356095,24.25065371563207,0.0008803542560680317,0.01856615684931659,0.04741715063666701
bfo-ff334e22732fd2b3b794b6357a29b1f32faf53a8749933cf89df898700bcab59,95,18.634381141424164,70.97075910110203,18.634381141424164,24.198309505876693,0.000879439767950505,0.01863141719221391,0.047201979263178324
bfo-ff334e22732fd2b3b794b6357a29b1f32faf53a8749933cf89df898700bcab59,96,18.62892689721459,70.33309793993054,18.62892689721459,24.18322125554645,0.0008790657034513218,0.018644111782399504,0.047149776493036324
bfo-ff334e22732fd2b3b794b6357a29b1f32faf53a8749933cf89df898700bcab59,97,18.60183327373984,70.19151106284062,18.60183327373984,24.129293646008364,0.0008817174831745077,0.018758502097229353,0.0470036188712924
bfo-ff334e22732fd2b3b794b6357a29b1f32faf53a8749933cf89df898700bcab59,98,18.560384871810573,68.9023444847941,18.560384871810573,24.02316274750806,0.0008845994361793121,0.018966762779425588,0.04663945273459588
bfo-ff334e22732fd2b3b794b6357a29b1f32faf53a8749933cf89df898700bcab59,99,18.52163719606968,63.473488337711174,18.52163719606968,23.911491013065408,0.0008829193437125227,0.019198693525456206,0.04598851179856742
bfo-ff334e22732fd2b3b794b6357a29b1f32faf53a8749933cf89df898700bcab59,100,18.551972176373745,66.47027532301459,18.551972176373745,23.86911664660196,0.0008600860230793994,0.019053818111670274,0.04513982541654501
bfo-ff334e22732fd2b3b794b6357a29b1f32faf53a8749933cf89df898700bcab59,101,18.494158243095896,64.70729336234754,18.494158243095896,23.87920887104901,0.0008907456334678718,0.019355420517734975,0.04602047434989593
bfo-ff334e22732fd2b3b794b6357a29b1f32faf53a8749933cf89df898700bcab59,102,18.47264092750784,65.35491718049119,18.47264092750784,23.870847215804375,0.0009024300048642772,0.019508129575927537,0.046259176275815266
bfo-ff334e22732fd2b3b794b6357a29b1f32faf53a8749933cf89df898700bcab59,103,18.458464554787852,66.16833643316053,18.458464554787852,23.83846586756481,0.0009034548872058194,0.01962494183814218,0.046036054254688485
bfo-ff334e22732fd2b3b794b6357a29b1f32faf53a8749933cf89df898700bcab59,104,18.50448321009039,64.53856617133026,18.50448321009039,23.961326731559726,0.000904242440770293,0.01944491213331099,0.046502778442554106
bfo-ff334e22732fd2b3b794b6357a29b1f32faf53a8749933cf89df898700bcab59,105,18.45969471590791,66.07471242358511,18.45969471590791,23.849823465732083,0.0009050296714120307,0.01961632394755039,0.04613655819672815
bfo-ff334e22732fd2b3b794b6357a29b1f32faf53a8749933cf89df898700bcab59,106,18.45412486291208,66.01428479354158,18.45412486291208,23.822605120457197,0.0009028326432342803,0.01966507150389234,0.04591046836801896
bfo-ff334e22732fd2b3b794b6357a29b1f32faf53a8749933cf89df898700bcab59,107,18.479737979485993,67.74606873965651,18.479737979485993,23.832780277120136,0.0008931643282554601,0.019543774813440197,0.04570070709376132
bfo-ff334e22732fd2b3b794b6357a29b1f32faf53a8749933cf89df898700bcab59,108,18.449625962008245,65.44706212783183,18.449625962008245,23.81857180925228,0.0009041096195634556,0.01969368308808686,0.045908610162939574
bfo-ff334e22732fd2b3b794b6357a29b1f32faf53a8749933cf89df898700bcab59,109,18.452689572068252,63.64263808978762,18.452689572068252,23.837743176369912,0.0009054900583575942,0.01968052755555473,0.046009440336472286
bfo-ff334e22732fd2b3b794b6357a29b1f32faf53a8749933cf89df898700bcab59,110,18.44474041815504,64.47925368551114,18.44474041815504,23.810659581907856,0.0009047200153561232,0.019719738683975335,0.045878904880789176
bfo-ff334e22732fd2b3b794b6357a29b1f32faf53a8749933cf89df898700bcab59,111,18.44252853066644,64.4540567204624,18.44252853066644,23.80793513604255,0.0009059933543968411,0.01973363111195803,0.04591113258663452
bfo-ff334e22732fd2b3b794b6357a29b1f32faf53a8749933cf89df898700bcab59,112,18.45651529971332,62.949272686554735,18.45651529971332,23.855595555149513,0.0009091660405433407,0.019705449714788027,0.04613779709178897
bfo-ff334e22732fd2b3b794b6357a29b1f32faf53a8749933cf89df898700bcab59,113,18.446957008872957,64.01472538911618,18.446957008872957,23.821677155996642,0.0009062091119185431,0.01970753201794203,0.0459828816258432
bfo-ff334e22732fd2b3b794b6357a29b1f32faf53a8749933cf89df898700bcab59,114,18.44498327703155,63.58173757776456,18.44498327703155,23.79200032936074,0.0009005080660811855,0.019713139521496267,0.04568060126086071
bfo-ff334e22732fd2b3b794b6357a29b1f32faf53a8749933cf89df898700bcab59,115,18.442144052921428,64.86213247784214,18.442144052921428,23.801906573848104,0.0009052240992626868,0.019746131804230183,0.04584311034877028
bfo-ff334e22732fd2b3b794b6357a29b1f32faf53a8749933cf89df898700bcab59,116,18.457941989910505,65.81119028350614,18.457941989910505,23.791053178197274,0.0008961666438492781,0.01967039854892419,0.045559150294811446
bfo-ff334e22732fd2b3b794b6357a29b1f32faf53a8749933cf89df898700bcab59,117,18.441188075379827,64.42313574601738,18.441188075379827,23.800172024279785,0.0009049829736818408,0.01975742118754292,0.04580471130779121
bfo-ff334e22732fd2b3b794b6357a29b1f32faf53a8749933cf89df898700bcab59,118,18.44305990604721,64.81280572560465,18.44305990604721,23.802027375711802,0.0009045822004753439,0.01974884980544897,0.045804297940721474
bfo-ff334e22732fd2b3b794b6357a29b1f32faf53a8749933cf89df898700bcab59,119,18.441330440433923,64.4315132694804,18.441330440433923,23.79952741406099,0.0009047999953053559,0.01975697783505674,0.045796477723423906
bfo-ff334e22732fd2b3b794b6357a29b1f32faf53a8749933cf89df898700bcab59,120,18.440948886919124,64.37057318628439,18.440948886919124,23.800376176588983,0.0009050945071622335,0.019757659999838414,0.045809802738261296
bfo-ff334e22732fd2b3b794b6357a29b1f32faf53a8749933cf89df898700bcab59,121,18.44088960668926,64.41168966574197,18.44088960668926,23.797457203638864,0.0009045680532609097,0.019757747558434468,0.045782954285938066
bfo-ff334e22732fd2b3b794b6357a29b1f32faf53a8749933cf89df898700bcab59,122,18.43969373498746,64.24429693377834,18.43969373498746,23.79754208819663,0.0009052239459831264,0.01976741222441678,0.04579375062887547
bfo-ff334e22732fd2b3b794b6357a29b1f32faf53a8749933cf89df898700bcab59,123,18.43911317684291,64.12494007244092,18.43911317684291,23.79831706960237,0.0009056558433087796,0.019771442421178568,0.0458062605659296
bfo-ff334e22732fd2b3b794b6357a29b1f32faf53a8749933cf89df898700bcab59,124,18.438805186096232,64.16285179001616,18.438805186096232,23.797751388823016,0.0009057872876014674,0.019775240326113535,0.04580411022390257
bfo-ff334e22732fd2b3b794b6357a29b1f32faf53a8749933cf89df898700bcab59,125,18.4380876611832,63.96306101268687,18.4380876611832,23.798645847408633,0.0009062653375420172,0.01978139702623315,0.04581402093796364
bfo-ff334e22732fd2b3b794b6357a29b1f32faf53a8749933cf89df898700bcab59,126,18.437898792341866,63.700953740001836,18.437898792341866,23.801349198267733,0.0009068969102403661,0.01978485825056109,0.04583792811427632
bfo-ff334e22732fd2b3b794b6357a29b1f32faf53a8749933cf89df898700bcab59,127,18.43744843857084,63.631267088886645,18.43744843857084,23.800115275529123,0.0009068462151051864,0.01978789023910342,0.045828342695834315
bfo-ff334e22732fd2b3b794b6357a29b1f32faf53a8749933cf89df898700bcab59,128,18.43700963534745,63.59343142840586,18.43700963534745,23.79841017217647,0.0009067602830521662,0.01979161461516172,0.04581537689994864
bfo-ff334e22732fd2b3b794b6357a29b1f32faf53a8749933cf89df898700bcab59,129,18.436419342554213,63.589326892815066,18.436419342554213,23.79767293103355,0.0009069757882749789,0.01979767528396828,0.045812236803854836
bfo-ff334e22732fd2b3b794b6357a29b1f32faf53a8749933cf89df898700bcab59,130,18.436642624774837,63.51579697729238,18.436642624774837,23.80004344140511,0.0009072960588239252,0.01979718220433095,0.04582955541144838
bfo-ff334e22732fd2b3b794b6357a29b1f32faf53a8749933cf89df898700bcab59,131,18.436427026978524,63.6580730049408,18.436427026978524,23.798227663137453,0.0009071349780157921,0.01979824614163046,0.04581895646343784
bfo-ff334e22732fd2b3b794b6357a29b1f32faf53a8749933cf89df898700bcab59,132,18.436034455119625,63.48416678182008,18.436034455119625,23.796748447634545,0.0009070031590354275,0.019803094832087868,0.04580108143328024
bfo-ff334e22732fd2b3b794b6357a29b1f32faf53a8749933cf89df898700bcab59,133,18.435504079683813,63.40019147204971,18.435504079683813,23.795539816840297,0.0009071131630322459,0.019808121645127345,0.045795011727191665
bfo-ff334e22732fd2b3b794b6357a29b1f32faf53a8749933cf89df898700bcab59,134,18.435008166850242,63.3994755141461,18.435008166850242,23.79307799039613,0.000906911922932034,0.019812871200536333,0.04577387667606116
bfo-ff334e22732fd2b3b794b6357a29b1f32faf53a8749933cf89df898700bcab59,135,18.434566512182638,63.331774168325055,18.434566512182638,23.792544991116802,0.0009071094496173666,0.019819119435067596,0.04576941233889248
bfo-ff334e22732fd2b3b794b6357a29b1f32faf53a8749933cf89df898700bcab59,136,18.434334380425934,63.128948246268656,18.434334380425934,23.791222292259285,0.0009069361365276294,0.019822826286598875,0.04575211039107774
bfo-ff334e22732fd2b3b794b6357a29b1f32faf53a8749933cf89df898700bcab59,137,18.433745403421522,63.17234590366152,18.433745403421522,23.789967071936918,0.0009070908328704981,0.01982734509637885,0.04574948529221715
bfo-ff334e22732fd2b3b794b6357a29b1f32faf53a8749933cf89df898700bcab59,138,18.43375078655793,63.08791255109821,18.43375078655793,23.78985739638739,0.0009070330226659995,0.019827511650486504,0.045746185333535985
bfo-ff334e22732fd2b3b794b6357a29b1f32faf53a8749933cf89df898700bcab59,139,18.4336520160502,63.25322828746934,18.4336520160502,23.788284847148788,0.0009067947866440795,0.01982681189882077,0.04573578401165002
bfo-ff334e22732fd2b3b794b6357a29b1f32faf53a8749933cf89df898700bcab59,140,18.43329756685299,63.427779496050846,18.43329756685299,23.785077100117135,0.0009065054021952032,0.019830998243004112,0.04571153660986259
bfo-ff334e22732fd2b3b794b6357a29b1f32faf53a8749933cf89df898700bcab59,141,18.43293346118272,63.42377182165972,18.43293346118272,23.785049059249307,0.0009067404947788679,0.019834844961862493,0.045714523936149026
bfo-ff334e22732fd2b3b794b6357a29b1f32faf53a8749933cf89df898700bcab59,142,18.43282905044692,63.44942265772722,18.43282905044692,23.78337617088504,0.0009065487194620318,0.019835950030425122,0.04570230909391955
bfo-ff334e22732fd2b3b794b6357a29b1f32faf53a8749933cf89df898700bcab59,143,18.432361333181394,63.399374362165176,18.432361333181394,23.78421503078832,0.0009070153425776429,0.019841182589034972,0.045713774292813356
bfo-ff334e22732fd2b3b794b6357a29b1f32faf53a8749933cf89df898700bcab59,144,18.432001936640702,63.28185199260653,18.432001936640702,23.782981637434858,0.0009069829170501954,0.01984656016252009,0.04569975399379375
bfo-ff334e22732fd2b3b794b6357a29b1f32faf53a8749933cf89df898700bcab59,145,18.432170638806504,63.33387977490765,18.432170638806504,23.782120831921212,0.0009067397143477468,0.019847007465203105,0.045686470161181436
bfo-ff334e22732fd2b3b794b6357a29b1f32faf53a8749933cf89df898700bcab59,146,18.431961879148595,63.28951056839621,18.431961879148595,23.78312849992422,0.0009070302937119635,0.01984730308043752,0.04570043043308877
bfo-ff334e22732fd2b3b794b6357a29b1f32faf53a8749933cf89df898700bcab59,147,18.431464372735455,63.28287321610897,18.431464372735455,23.782958775617878,0.0009073179776370698,0.019851409983860355,0.04570546769094688
bfo-ff334e22732fd2b3b794b6357a29b1f32faf53a8749933cf89df898700bcab59,148,18.431068939016615,63.340588031482824,18.431068939016615,23.782788656583552,0.0009076068338351012,0.019855991632408122,0.04570946899240948
bfo-ff334e22732fd2b3b794b6357a29b1f32faf53a8749933cf89df898700bcab59,149,18.43070260506941,63.3227268977516,18.43070260506941,23.78105908114745,0.0009075331111502839,0.019859506400626108,0.045697667043812944
bfo-ff334e22732fd2b3b794b6357a29b1f32faf53a8749933cf89df898700bcab59,150,18.43030594414567,63.214167176764576,18.43030594414567,23.783088172693013,0.0009082213235020344,0.019864661953939378,0.04572045200708408
bfo-ff334e22732fd2b3b794b6357a29b1f32faf53a8749933cf89df898700bcab59,151,18.43021969723651,63.120636669943224,18.43021969723651,23.78489633588777,0.0009086090226091406,0.01986584314685342,0.04573724940303158
bfo-ff334e22732fd2b3b794b6357a29b1f32faf53a8749933cf89df898700bcab59,152,18.429859107314027,63.15164594336926,18.429859107314027,23.784826448782123,0.0009089389697459625,0.019871320328049637,0.045741246919709565
bfo-ff334e22732fd2b3b794b6357a29b1f32faf53a8749933cf89df898700bcab59,153,18.42951108777627,63.16758429750657,18.42951108777627,23.784397880932197,0.0009091523204727229,0.019876627129697857,0.04573976834904498
bfo-ff334e22732fd2b3b794b6357a29b1f32faf53a8749933cf89df898700bcab59,154,18.429652721496012,62.91292552318392,18.429652721496012,23.78745664238316,0.0009096717794921621,0.019878276486001902,0.04576210518717478
bfo-ff334e22732fd2b3b794b6357a29b1f32faf53a8749933cf89df898700bcab59,155,18.429477229073576,63.16198723430567,18.429477229073576,23.78413185283078,0.0009091341754422865,0.019876875639590973,0.04573828361794765
bfo-ff334e22732fd2b3b794b6357a29b1f32faf53a8749933cf89df898700bcab59,156,18.42927700628664,63.2059318312745,18.42927700628664,23.782918169340068,0.0009090724317263247,0.019879361111364822,0.045729459142759755
bfo-ff334e22732fd2b3b794b6357a29b1f32faf53a8749933cf89df898700bcab59,157,18.42922149615248,63.38129774245195,18.42922149615248,23.78325750276697,0.0009092881804695274,0.019878817048353654,0.045741563909852165
bfo-ff334e22732fd2b3b794b6357a29b1f32faf53a8749933cf89df898700bcab59,158,18.429253206954613,63.39703526436092,18.429253206954613,23.783078000092527,0.0009092604380851395,0.01988029570866176,0.04573676626394338
bfo-ff334e22732fd2b3b794b6357a29b1f32faf53a8749933cf89df898700bcab59,159,18.429125278148593,63.353033912789584,18.429125278148593,23.782040941579336,0.0009091010755149293,0.01987917614688514,0.045731325523637255
bfo-ff334e22732fd2b3b794b6357a29b1f32faf53a8749933cf89df898700bcab59,160,18.42909828511795,63.390669581777715,18.42909828511795,23.78109371283536,0.0009090768093684534,0.019882388060603887,0.045722717341472215
bfo-ff334e22732fd2b3b794b6357a29b1f32faf53a8749933cf89df898700bcab59,161,18.429394478726902,63.537763624326466,18.429394478726902,23.778666613363857,0.0009085330522053811,0.019881526947397827,0.04569734782490102
bfo-ff334e22732fd2b3b794b6357a29b1f32faf53a8749933cf89df898700bcab59,162,18.428969353484035,63.33932901526552,18.428969353484035,23.781836839592216,0.0009092558985534021,0.019882901380513022,0.045730544106835046
bfo-ff334e22732fd2b3b794b6357a29b1f32faf53a8749933cf89df898700bcab59,163,18.428935679177826,63.29600301484047,18.428935679177826,23.781556151041404,0.0009091578416688043,0.019882124807362987,0.04572739837807044
bfo-ff334e22732fd2b3b794b6357a29b1f32faf53a8749933cf89df898700bcab59,164,18.428951688157174,63.227248111813346,18.428951688157174,23.782236319159587,0.0009092396072855134,0.019880402034088415,0.04573547384637713
bfo-ff334e22732fd2b3b794b6357a29b1f32faf53a8749933cf89df898700bcab59,165,18.4292534079127,63.41493653335348,18.4292534079127,23.78119647710513,0.0009089457039774151,0.019879928671636234,0.045721778935467555
bfo-ff334e22732fd2b3b794b6357a29b1f32faf53a8749933cf89df898700bcab59,166,18.428696008808448,63.06521891715981,18.428696008808448,23.784805665841695,0.0009099485206116827,0.01988670079153205,0.04575663556014015
bfo-ff334e22732fd2b3b794b6357a29b1f32faf53a8749933cf89df898700bcab59,167,18.42836316947968,62.96337821051833,18.42836316947968,23.783817870949765,0.0009099268905940466,0.01988912614486068,0.04574996829758508
bfo-ff334e22732fd2b3b794b6357a29b1f32faf53a8749933cf89df898700bcab59,168,18.42814021037479,62.88920033645569,18.42814021037479,23.784162527151747,0.0009101679645335886,0.019892609953289692,0.04575407483838347
bfo-ff334e22732fd2b3b794b6357a29b1f32faf53a8749933cf89df898700bcab59,169,18.428021842143565,62.7462280462048,18.428021842143565,23.784014493870966,0.0009102253121596113,0.01989473400425807,0.04575207248133077
bfo-ff334e22732fd2b3b794b6357a29b1f32faf53a8749933cf89df898700bcab59,170,18.42802163914361,62.75087249235901,18.42802163914361,23.785481548598582,0.0009105577472617734,0.019894139939440884,0.045770148899805324
bfo-ff334e22732fd2b3b794b6357a29b1f32faf53a8749933cf89df898700bcab59,171,18.428012531661384,62.699536331237795,18.428012531661384,23.78650213250177,0.0009108418633630523,0.019897130794892127,0.045777548167742765
bfo-ff334e22732fd2b3b794b6357a29b1f32faf53a8749933cf89df898700bcab59,172,18.428159835950233,62.678147287279,18.428159835950233,23.787246509713327,0.0009108981964341661,0.019896824639418116,0.045781083813221234
bfo-ff334e22732fd2b3b794b6357a29b1f32faf53a8749933cf89df898700bcab59,173,18.42810255459178,62.67943845872473,18.42810255459178,23.786757155101686,0.0009108259786350918,0.01989588979771323,0.04577960512928551
bfo-ff334e22732fd2b3b794b6357a29b1f32faf53a8749933cf89df898700bcab59,174,18.428749538163455,62.46458510910115,18.428749538163455,23.788052520528616,0.0009107165500755174,0.019895308401808195,0.04577544271657264
bfo-ff334e22732fd2b3b794b6357a29b1f32faf53a8749933cf89df898700bcab59,175,18.428342816368502,62.67499100365679,18.428342816368502,23.787754221357407,0.0009108599256344732,0.019894365897298684,0.0457848181910715
bfo-ff334e22732fd2b3b794b6357a29b1f32faf53a8749933cf89df898700bcab59,176,18.427749376859232,62.76849950366182,18.427749376859232,23.786313201295638,0.0009110113909683123,0.019898918493238663,0.0457819549981
bfo-ff334e22732fd2b3b794b6357a29b1f32faf53a8749933cf89df898700bcab59,177,18.42700823232378,63.013256298039884,18.42700823232378,23.781728477867546,0.0009105714900108542,0.019902420427941433,0.04575179653689174
bfo-ff334e22732fd2b3b794b6357a29b1f32faf53a8749933cf89df898700bcab59,178,18.426768949750368,63.142855975578215,18.426768949750368,23.779503029566026,0.0009103981750083019,0.019904791412690633,0.045737639552849686
bfo-ff334e22732fd2b3b794b6357a29b1f32faf53a8749933cf89df898700bcab59,179,18.426805666524892,63.24418102846531,18.426805666524892,23.77783942895283,0.000910052176024278,0.019903096869727886,0.04572414946180786
bfo-ff334e22732fd2b3b794b6357a29b1f32faf53a8749933cf89df898700bcab59,180,18.42674486859421,63.15727209168166,18.42674486859421,23.778454751561174,0.000910188806475294,0.019903745113529464,0.045729524834831115
bfo-ff334e22732fd2b3b794b6357a29b1f32faf53a8749933cf89df898700bcab59,181,18.427339656480942,63.451413058125354,18.427339656480942,23.777133282650713,0.0009097662318466084,0.019900473514226174,0.0457158082794486
bfo-ff334e22732fd2b3b794b6357a29b1f32faf53a8749933cf89df898700bcab59,182,18.426636771762766,63.159000892431045,18.426636771762766,23.779052282668353,0.000910379576301762,0.019903947414328143,0.045738644568886475
bfo-ff334e22732fd2b3b794b6357a29b1f32faf53a8749933cf89df898700bcab59,183,18.426466743704506,63.04742674727844,18.426466743704506,23.77747460529188,0.0009101967055147118,0.019907650993974263,0.045720949487722796
bfo-ff334e22732fd2b3b794b6357a29b1f32faf53a8749933cf89df898700bcab59,184,18.42646848269257,63.09113979735548,18.42646848269257,23.777253312675164,0.0009101376134690373,0.01990746105893028,0.04571841736999199
bfo-ff334e22732fd2b3b794b6357a29b1f32faf53a8749933cf89df898700bcab59,185,18.42646894284665,63.03899727937676,18.42646894284665,23.777585685150843,0.0009102161057493881,0.019907140785831074,0.04572309582485272
bfo-ff334e22732fd2b3b794b6357a29b1f32faf53a8749933cf89df898700bcab59,186,18.426275283349863,62.937641008089784,18.426275283349863,23.779301678357033,0.0009106946862425203,0.019910482709177165,0.04573945793000597
bfo-ff334e22732fd2b3b794b6357a29b1f32faf53a8749933cf89df898700bcab59,187,18.426164406079707,62.79859544589742,18.426164406079707,23.780509819722592,0.0009110310743893347,0.019913163000529775,0.04575019419893753
bfo-ff334e22732fd2b3b794b6357a29b1f32faf53a8749933cf89df898700bcab59,188,18.42641692378867,62.6100260538048,18.42641692378867,23.78183241050682,0.0009111300856399599,0.01991211892514766,0.04575756548386541
bfo-ff334e22732fd2b3b794b6357a29b1f32faf53a8749933cf89df898700bcab59,189,18.425962767115305,62.89989431474804,18.425962767115305,23.779160715387793,0.0009109492846515793,0.019914663381197,0.04574264034569011
bfo-ff334e22732fd2b3b794b6357a29b1f32faf53a8749933cf89df898700bcab59,190,18.425732459878446,63.05681742697756,18.425732459878446,23.77788954794158,0.0009110018264391126,0.01991792726275711,0.045737782572512944
bfo-ff334e22732fd2b3b794b6357a29b1f32faf53a8749933cf89df898700bcab59,191,18.42581972582748,63.09644264774301,18.42581972582748,23.77535670219981,0.0009104802080192017,0.01991737664514412,0.04571285788488505
bfo-ff334e22732fd2b3b794b6357a29b1f32faf53a8749933cf89df898700bcab59,192,18.42578802132357,63.00530265169258,18.42578802132357,23.77883665994816,0.0009111609967131924,0.019918613028859042,0.04574419892555062
bfo-ff334e22732fd2b3b794b6357a29b1f32faf53a8749933cf89df898700bcab59,193,18.425807476316702,63.09560971660612,18.425807476316702,23.777750825434822,0.0009110364431346875,0.01992080964331184,0.04573290239940406
bfo-ff334e22732fd2b3b794b6357a29b1f32faf53a8749933cf89df898700bcab59,194,18.425741281659107,63.03570218798976,18.425741281659107,23.77802208638731,0.0009110309259906749,0.019917967255435903,0.04573915170696153
bfo-ff334e22732fd2b3b794b6357a29b1f32faf53a8749933cf89df898700bcab59,195,18.425809738572394,63.215341663751104,18.425809738572394,23.77915461589798,0.0009112577036823457,0.019915691129666135,0.04575576603138563
bfo-ff334e22732fd2b3b794b6357a29b1f32faf53a8749933cf89df898700bcab59,196,18.425740634810623,63.06652690021499,18.425740634810623,23.77776661290897,0.000910974694917331,0.019918364328868413,0.04573541681818833
bfo-ff334e22732fd2b3b794b6357a29b1f32faf53a8749933cf89df898700bcab59,197,18.425990765626803,63.22600365008766,18.425990765626803,23.775626725128216,0.0009104994089374115,0.01991603747885031,0.04571689573813614
bfo-ff334e22732fd2b3b794b6357a29b1f32faf53a8749933cf89df898700bcab59,198,18.425638735046423,63.04350988314007,18.425638735046423,23.77833762508349,0.0009111635446217326,0.01991908415820505,0.045743244889419624
bfo-ff334e22732fd2b3b794b6357a29b1f32faf53a8749933cf89df898700bcab59,199,18.425504070435316,63.001069774550444,18.425504070435316,23.77838829169686,0.0009112732992545503,0.019920322327896936,0.0457459113489534
bfo-ff334e22732fd2b3b794b6357a29b1f32faf53a8749933cf89df898700bcab59,200,18.425405764280654,62.96977088516505,18.425405764280654,23.778908684019783,0.0009114769186472547,0.0199221655598438,0.045751899606962264
bfo-ff334e22732fd2b3b794b6357a29b1f32faf53a8749933cf89df898700bcab59,201,18.42526784456817,63.00769971186722,18.42526784456817,23.778035220036376,0.0009114355160664308,0.01992323300698254,0.04574737020577925
bfo-ff334e22732fd2b3b794b6357a29b1f32faf53a8749933cf89df898700bcab59,202,18.425138753083694,62.90942311863737,18.425138753083694,23.77865030010623,0.000911620034207548,0.019924564893051153,0.04575357299398204
bfo-ff334e22732fd2b3b794b6357a29b1f32faf53a8749933cf89df898700bcab59,203,18.4250061875965,62.86064296202302,18.4250061875965,23.778749882410857,0.0009117317190090155,0.019925732874913712,0.045756496121499055
bfo-ff334e22732fd2b3b794b6357a29b1f32faf53a8749933cf89df898700bcab59,204,18.424812160190978,62.829350077443635,18.424812160190978,23.779187451189742,0.0009120281753045812,0.01992935666723895,0.04576305148895382
bfo-ff334e22732fd2b3b794b6357a29b1f32faf53a8749933cf89df898700bcab59,205,18.424561168057362,62.7735737769489,18.424561168057362,23.77908965160562,0.0009122055589849804,0.01993165064285335,0.04576668412116981
bfo-ff334e22732fd2b3b794b6357a29b1f32faf53a8749933cf89df898700bcab59,206,18.42515210767961,62.50488035345214,18.42515210767961,23.783154661663087,0.0009127989918457089,0.019933134195897276,0.045793049044619644
bfo-ff334e22732fd2b3b794b6357a29b1f32faf53a8749933cf89df898700bcab59,207,18.42487612026143,62.70097223565968,18.42487612026143,23.781383000700117,0.0009124712379156357,0.019930575134038342,0.04578248403666364
bfo-ff334e22732fd2b3b794b6357a29b1f32faf53a8749933cf89df898700bcab59,208,18.424237159489206,62.78153412316307,18.424237159489206,23.77641187770552,0.0009118795634776842,0.019933274100542783,0.045746602333274176
bfo-ff334e22732fd2b3b794b6357a29b1f32faf53a8749933cf89df898700bcab59,209,18.42420886262979,62.80830937614017,18.42420886262979,23.77572081574937,0.0009117128953560855,0.019932198025815296,0.04574071029072035
bfo-ff334e22732fd2b3b794b6357a29b1f32faf53a8749933cf89df898700bcab59,210,18.424180756204223,62.93156135037917,18.424180756204223,23.774121139734174,0.0009114865902398538,0.019932470617833063,0.04572873116011873
bfo-ff334e22732fd2b3b794b6357a29b1f32faf53a8749933cf89df898700bcab59,211,18.42414985459987,62.92185059295955,18.42414985459987,23.77392323677083,0.0009114601388679569,0.019932535817532977,0.04572725453558307
bfo-ff334e22732fd2b3b794b6357a29b1f32faf53a8749933cf89df898700bcab59,212,18.424127665798824,62.91399146623298,18.424127665798824,23.773968720326753,0.0009114806058216303,0.01993272144568165,0.04572785549155904
bfo-ff334e22732fd2b3b794b6357a29b1f32faf53a8749933cf89df898700bcab59,213,18.42412220165905,62.91920492082127,18.42412220165905,23.773798132222918,0.0009114491827143586,0.01993255513073953,0.045726660567903935
bfo-ff334e22732fd2b3b794b6357a29b1f32faf53a8749933cf89df898700bcab59,214,18.424091258895903,62.90808677596766,18.424091258895903,23.773715111238836,0.0009114545961960745,0.0199328788815332,0.04572618945878865
bfo-ff334e22732fd2b3b794b6357a29b1f32faf53a8749933cf89df898700bcab59,215,18.424017026498944,62.88368826815592,18.424017026498944,23.773775370758855,0.0009115176180754557,0.019933660167285684,0.045727558833946684
bfo-ff334e22732fd2b3b794b6357a29b1f32faf53a8749933cf89df898700bcab59,216,18.423891552415615,62.85875085657602,18.423891552415615,23.773908975293363,0.0009116389427642883,0.019935199604190226,0.04573011361133644
bfo-ff334e22732fd2b3b794b6357a29b1f32faf53a8749933cf89df898700bcab59,217,18.423623906923066,62.7821107269271,18.423623906923066,23.774405493610196,0.0009119467555982621,0.019938235267504826,0.045738589366760334
bfo-ff334e22732fd2b3b794b6357a29b1f32faf53a8749933cf89df898700bcab59,218,18.423284129215972,62.583793614183136,18.423284129215972,23.7746560091506,0.0009122761299573333,0.019943237978405644,0.04574363154795312
bfo-ff334e22732fd2b3b794b6357a29b1f32faf53a8749933cf89df898700bcab59,219,18.42306754213539,62.62379269452948,18.42306754213539,23.77557331614369,0.0009126038142097208,0.019943649128924195,0.045759119021311655
bfo-ff334e22732fd2b3b794b6357a29b1f32faf53a8749933cf89df898700bcab59,220,18.422667271261464,62.759169428031406,18.422667271261464,23.77199912586647,0.0009122073216159399,0.019944715710596778,0.045736792384123946
bfo-ff334e22732fd2b3b794b6357a29b1f32faf53a8749933cf89df898700bcab59,221,18.422587272350242,62.866458810637965,18.422587272350242,23.7714948299584,0.0009122474597194577,0.01994596671690791,0.045735936125179566
bfo-ff334e22732fd2b3b794b6357a29b1f32faf53a8749933cf89df898700bcab59,222,18.42257132486933,62.90150865437666,18.42257132486933,23.77139904845478,0.000912290945517954,0.019946763684490994,0.04573628885107204
bfo-ff334e22732fd2b3b794b6357a29b1f32faf53a8749933cf89df898700bcab59,223,18.422556968034947,62.9027675963097,18.422556968034947,23.77099026098005,0.0009122248508939733,0.01994686101383179,0.04573275214889238
bfo-ff334e22732fd2b3b794b6357a29b1f32faf53a8749933cf89df898700bcab59,224,18.42252017344934,62.892778441577605,18.42252017344934,23.770810265977666,0.000912216615662067,0.01994696687326833,0.045732096586802995
bfo-ff334e22732fd2b3b794b6357a29b1f32faf53a8749933cf89df898700bcab59,225,18.422469717029788,62.909989112697716,18.422469717029788,23.770880974983072,0.0009122560042819178,0.019946635182518265,0.045734831761571594
bfo-ff334e22732fd2b3b794b6357a29b1f32faf53a8749933cf89df898700bcab59,226,18.422417111041522,62.91828743130411,18.422417111041522,23.770765155708173,0.0009122782877495057,0.0199469538792496,0.04573521818278879
bfo-ff334e22732fd2b3b794b6357a29b1f32faf53a8749933cf89df898700bcab59,227,18.422349100661098,62.89039963027806,18.422349100661098,23.771147453283497,0.0009123759165927552,0.019947226956077556,0.04573948642594509
bfo-ff334e22732fd2b3b794b6357a29b1f32faf53a8749933cf89df898700bcab59,228,18.422286793941254,62.859829381865396,18.422286793941254,23.771609378417885,0.0009124993259570208,0.019947746849967484,0.04574448095918704
bfo-ff334e22732fd2b3b794b6357a29b1f32faf53a8749933cf89df898700bcab59,229,18.422225207982173,62.84670784751086,18.422225207982173,23.771893978435852,0.0009125870226072037,0.019947903926369543,0.04574851703595967
bfo-ff334e22732fd2b3b794b6357a29b1f32faf53a8749933cf89df898700bcab59,230,18.422173839350123,62.802996217830646,18.422173839350123,23.77198744247277,0.0009126376988356448,0.01994862548837169,0.045749402602581965
bfo-ff334e22732fd2b3b794b6357a29b1f32faf53a8749933cf89df898700bcab59,231,18.422072646291326,62.790601089540445,18.422072646291326,23.772371874142966,0.0009127654435997371,0.019948641574939526,0.04575576939265871
bfo-ff334e22732fd2b3b794b6357a29b1f32faf53a8749933cf89df898700bcab59,232,18.421965924446642,62.79309296282749,18.421965924446642,23.77230455145666,0.0009128480363325376,0.019949725764019616,0.04575742279018728
bfo-ff334e22732fd2b3b794b6357a29b1f32faf53a8749933cf89df898700bcab59,233,18.421917899129987,62.85200687510632,18.421917899129987,23.772012813158742,0.000912824570236478,0.019948775449354854,0.045758426252975784
bfo-ff334e22732fd2b3b794b6357a29b1f32faf53a8749933cf89df898700bcab59,234,18.421855782285864,62.81816265958873,18.421855782285864,23.771806719803628,0.0009128367549110936,0.019949320366647646,0.04575778713931646
bfo-ff334e22732fd2b3b794b6357a29b1f32faf53a8749933cf89df898700bcab59,235,18.421742802372147,62.78633493087526,18.421742802372147,23.77172908138876,0.0009128934933007678,0.01995016112260441,0.045758702783929864
bfo-ff334e22732fd2b3b794b6357a29b1f32faf53a8749933cf89df898700bcab59,236,18.42164598246639,62.7787119833237,18.42164598246639,23.77200073756377,0.0009130388252577702,0.019951280206808978,0.04576342048196828
bfo-ff334e22732fd2b3b794b6357a29b1f32faf53a8749933cf89df898700bcab59,237,18.421512664980444,62.776844862984014,18.421512664980444,23.77146282871894,0.0009130313887503002,0.019952026848076652,0.045761335211831636
bfo-ff334e22732fd2b3b794b6357a29b1f32faf53a8749933cf89df898700bcab59,238,18.42128889948507,62.77194281982203,18.42128889948507,23.77088549460193,0.0009130851931097793,0.019953386401058933,0.04576091369940701
bfo-ff334e22732fd2b3b794b6357a29b1f32faf53a8749933cf89df898700bcab59,239,18.420834941710957,62.697113628446324,18.420834941710957,23.77091074842605,0.0009133212887204183,0.01995350789980517,0.04577246734291448
bfo-ff334e22732fd2b3b794b6357a29b1f32faf53a8749933cf89df898700bcab59,240,18.42030804323999,62.71252725729699,18.42030804323999,23.769908076709584,0.0009135586575142047,0.01995726214848558,0.045775750737609484
bfo-ff334e22732fd2b3b794b6357a29b1f32faf53a8749933cf89df898700bcab59,241,18.419309166368684,62.70239315830217,18.419309166368684,23.769319795903893,0.0009142168660044404,0.019963318468758994,0.045794834532901785
bfo-ff334e22732fd2b3b794b6357a29b1f32faf53a8749933cf89df898700bcab59,242,18.419763412551667,63.228383782534806,18.419763412551667,23.760346278397613,0.0009127797267830683,0.01995498045365303,0.04574195043202719
bfo-ff334e22732fd2b3b794b6357a29b1f32faf53a8749933cf89df898700bcab59,243,18.418912204732123,63.09399567231108,18.418912204732123,23.764968105140035,0.0009139581302269628,0.01996722296580841,0.045772921542069814
bfo-ff334e22732fd2b3b794b6357a29b1f32faf53a8749933cf89df898700bcab59,244,18.418603477301176,62.47183391577089,18.418603477301176,23.764515546721032,0.0009140982889122357,0.01997696682246443,0.0457576116051971
bfo-ff334e22732fd2b3b794b6357a29b1f32faf53a8749933cf89df898700bcab59,245,18.418499755291677,62.31613272125578,18.418499755291677,23.768007781887754,0.0009148016208795852,0.0199782252970934,0.045789934154595716
bfo-ff334e22732fd2b3b794b6357a29b1f32faf53a8749933cf89df898700bcab59,246,18.419203716539137,62.07601043930195,18.419203716539137,23.772991784515778,0.0009154056205378357,0.01997729040923465,0.04582231132379608
bfo-ff334e22732fd2b3b794b6357a29b1f32faf53a8749933cf89df898700bcab59,247,18.41850635764791,62.31024440012361,18.41850635764791,23.767943829401883,0.0009147657744370384,0.019977345681915393,0.04579015595976473
bfo-ff334e22732fd2b3b794b6357a29b1f32faf53a8749933cf89df898700bcab59,248,18.418520163842075,62.285418434177316,18.418520163842075,23.766866479316853,0.0009145600455417828,0.01997869062256379,0.04577677600697642
bfo-ff334e22732fd2b3b794b6357a29b1f32faf53a8749933cf89df898700bcab59,249,18.418465043234658,62.3301635708869,18.418465043234658,23.767627075736762,0.0009147421502674469,0.019978103141649866,0.04578723734589269
bfo-ff334e22732fd2b3b794b6357a29b1f32faf53a8749933cf89df898700bcab59,250,18.418427659181653,62.36730026516754,18.418427659181653,23.76754361846717,0.0009147559799236581,0.019977866388573167,0.045788472208767764
bfo-ff334e22732fd2b3b794b6357a29b1f32faf53a8749933cf89df898700bcab59,251,18.418412026163715,62.3882154894614,18.418412026163715,23.767333692683078,0.0009147525870752642,0.01997849790337244,0.04578685502281184
bfo-ff334e22732fd2b3b794b6357a29b1f32faf53a8749933cf89df898700bcab59,252,18.418400504781506,62.402910811272875,18.418400504781506,23.76706768500307,0.0009147106795233955,0.019978444394533557,0.04578488001666816
bfo-ff334e22732fd2b3b794b6357a29b1f32faf53a8749933cf89df898700bcab59,253,18.418386776021237,62.40895476248903,18.418386776021237,23.766948668066505,0.0009147023560322465,0.019978596522382715,0.04578411476539274
bfo-ff334e22732fd2b3b794b6357a29b1f32faf53a8749933cf89df898700bcab59,254,18.41843064623391,62.398062929190765,18.41843064623391,23.76712154965218,0.0009147051195075199,0.019978428769304682,0.0457846375242929
bfo-ff334e22732fd2b3b794b6357a29b1f32faf53a8749933cf89df898700bcab59,255,18.418392081735462,62.401873814557064,18.418392081735462,23.766930437313484,0.0009146979103601881,0.019978639994273777,0.045783792621637724
bfo-ff334e22732fd2b3b794b6357a29b1f32faf53a8749933cf89df898700bcab59,256,18.418332467103333,62.433978569275205,18.418332467103333,23.766675824824873,0.0009146876533239279,0.01997867416856692,0.04578320090744735
bfo-ff334e22732fd2b3b794b6357a29b1f32faf53a8749933cf89df898700bcab59,257,18.418237311032236,62.480098760539875,18.418237311032236,23.76624482163751,0.0009146808849077086,0.01997902221774124,0.04578206455446443
bfo-ff334e22732fd2b3b794b6357a29b1f32faf53a8749933cf89df898700bcab59,258,18.41810254268043,62.58396730275537,18.41810254268043,23.765261742656023,0.0009146018974280667,0.019978885197866173,0.04577842499068716
bfo-ff334e22732fd2b3b794b6357a29b1f32faf53a8749933cf89df898700bcab59,259,18.418045766559096,62.6520916688178,18.418045766559096,23.764989568102788,0.0009146131480589877,0.019979221078496645,0.04577821850339166
bfo-ff334e22732fd2b3b794b6357a29b1f32faf53a8749933cf89df898700bcab59,260,18.417980642060442,62.673217160148766,18.417980642060442,23.764263028852987,0.0009145676398349187,0.01998006144722416,0.045774015372809576
bfo-ff334e22732fd2b3b794b6357a29b1f32faf53a8749933cf89df898700bcab59,261,18.418057683320345,62.74719022141583,18.418057683320345,23.763832506935326,0.0009144791730911906,0.019979374983192664,0.04577116020198239
bfo-ff334e22732fd2b3b794b6357a29b1f32faf53a8749933cf89df898700bcab59,262,18.41801819887801,62.68781403974974,18.41801819887801,23.76399991941218,0.0009145028348151246,0.01997981234046513,0.04577134255475369
bfo-ff334e22732fd2b3b794b6357a29b1f32faf53a8749933cf89df898700bcab59,263,18.417934153791514,62.682294542528716,18.417934153791514,23.764223807963518,0.0009145855112079692,0.01998002519871448,0.045774992879729394
bfo-ff334e22732fd2b3b794b6357a29b1f32faf53a8749933cf89df898700bcab59,264,18.417908248772985,62.68791918316651,18.417908248772985,23.76450490712526,0.0009146737128701324,0.019980619805109248,0.04577804501521224
bfo-ff334e22732fd2b3b794b6357a29b1f32faf53a8749933cf89df898700bcab59,265,18.417882423046407,62.68531723743946,18.417882423046407,23.764639595727957,0.0009147054698993265,0.019980530103198148,0.04577983993292129
bfo-ff334e22732fd2b3b794b6357a29b1f32faf53a8749933cf89df898700bcab59,266,18.41788329096346,62.68035932499679,18.41788329096346,23.764762413582776,0.000914732087100142,0.019980662281963928,0.045780869232039875
bfo-ff334e22732fd2b3b794b6357a29b1f32faf53a8749933cf89df898700bcab59,267,18.417880989272692,62.68570137652384,18.417880989272692,23.76470641776144,0.0009147183430288585,0.019980495680928943,0.04578056308692793
bfo-ff334e22732fd2b3b794b6357a29b1f32faf53a8749933cf89df898700bcab59,268,18.417864934009504,62.6771143736671,18.417864934009504,23.764775743423286,0.0009147382578068387,0.01998073686958437,0.04578100716592174
bfo-ff334e22732fd2b3b794b6357a29b1f32faf53a8749933cf89df898700bcab59,269,18.417818510971735,62.66198360708377,18.417818510971735,23.764984797050694,0.000914797291228288,0.019980974629691877,0.04578341688442426
bfo-ff334e22732fd2b3b794b6357a29b1f32faf53a8749933cf89df898700bcab59,270,18.417731745786927,62.64615505711531,18.417731745786927,23.76530144673906,0.0009148949419996006,0.01998124703001561,0.04578767984927345
bfo-ff334e22732fd2b3b794b6357a29b1f32faf53a8749933cf89df898700bcab59,271,18.41764003231667,62.59312054520556,18.41764003231667,23.766362768019118,0.0009151396942147992,0.01998196851461505,0.04579827525728784
bfo-ff334e22732fd2b3b794b6357a29b1f32faf53a8749933cf89df898700bcab59,272,18.417506617096713,62.59574153280248,18.417506617096713,23.766573309092454,0.0009152364591151297,0.0199819349119247,0.045803194893250326
bfo-ff334e22732fd2b3b794b6357a29b1f32faf53a8749933cf89df898700bcab59,273,18.417495889398065,62.52922561515456,18.417495889398065,23.7669845331921,0.0009153223773044686,0.0199831426321224,0.045804726221245644
bfo-ff334e22732fd2b3b794b6357a29b1f32faf53a8749933cf89df898700bcab59,274,18.417450890163284,62.533313089988546,18.417450890163284,23.76721803819744,0.0009153903144481121,0.019983128484937294,0.045808158374105776
bfo-ff334e22732fd2b3b794b6357a29b1f32faf53a8749933cf89df898700bcab59,275,18.417430083766206,62.5212556343383,18.417430083766206,23.767492348628842,0.0009154524777012877,0.01998309128179229,0.045811354449219154
bfo-ff334e22732fd2b3b794b6357a29b1f32faf53a8749933cf89df898700bcab59,276,18.417404765278018,62.51309223959255,18.417404765278018,23.767421302318382,0.0009154564987523627,0.019983334680438735,0.045810997683408856
bfo-ff334e22732fd2b3b794b6357a29b1f32faf53a8749933cf89df898700bcab59,277,18.41736124783505,62.52471613844576,18.41736124783505,23.767560802292916,0.0009155105391610994,0.019983322286466394,0.045813730371607145
bfo-ff334e22732fd2b3b794b6357a29b1f32faf53a8749933cf89df898700bcab59,278,18.417324688403987,62.54027518180938,18.417324688403987,23.767434653748108,0.0009155232960829242,0.019983796582213702,0.04581328139107325
bfo-ff334e22732fd2b3b794b6357a29b1f32faf53a8749933cf89df898700bcab59,279,18.41733588187087,62.523291284132966,18.41733588187087,23.76756364280707,0.0009155365205886105,0.019983714910093202,0.045814130391051526
bfo-ff334e22732fd2b3b794b6357a29b1f32faf53a8749933cf89df898700bcab59,280,18.4173431449505,62.53690313674614,18.4173431449505,23.767612830195446,0.0009155458886143285,0.019983745767162497,0.045814528431339596
bfo-ff334e22732fd2b3b794b6357a29b1f32faf53a8749933cf89df898700bcab59,281,18.4172984889965,62.54450775836661,18.4172984889965,23.76733408584388,0.0009155118756886848,0.019983713464940416,0.04581290045490624
bfo-ff334e22732fd2b3b794b6357a29b1f32faf53a8749933cf89df898700bcab59,282,18.417243487959933,62.566057908132066,18.417243487959933,23.7669854894665,0.0009154839929632967,0.019983858977906128,0.045811171604815806
bfo-ff334e22732fd2b3b794b6357a29b1f32faf53a8749933cf89df898700bcab59,283,18.417146935194218,62.605866149785214,18.417146935194218,23.766351652123554,0.000915436794375788,0.019984185770867743,0.04580806067717205
bfo-ff334e22732fd2b3b794b6357a29b1f32faf53a8749933cf89df898700bcab59,284,18.417014636799294,62.679933487959445,18.417014636799294,23.76532471768944,0.000915320278892587,0.019983816014261923,0.04580307776249276
bfo-ff334e22732fd2b3b794b6357a29b1f32faf53a8749933cf89df898700bcab59,285,18.416915425819806,62.74865041507176,18.416915425819806,23.764333441176863,0.000915236997565602,0.019984239404581626,0.045797940018461394
bfo-ff334e22732fd2b3b794b6357a29b1f32faf53a8749933cf89df898700bcab59,286,18.41683197585077,62.79486107374504,18.41683197585077,23.763845270126897,0.0009151740437368336,0.019983453379950653,0.04579659112648795
bfo-ff334e22732fd2b3b794b6357a29b1f32faf53a8749933cf89df898700bcab59,287,18.416878155261205,62.87255529481032,18.416878155261205,23.763884494137557,0.0009152089025149312,0.019983576111330666,0.045798054232946264
bfo-ff334e22732fd2b3b794b6357a29b1f32faf53a8749933cf89df898700bcab59,288,18.416809736465222,62.77732794522973,18.416809736465222,23.763917752179008,0.0009151983976928184,0.019983857714815773,0.04579688320210078
bfo-ff334e22732fd2b3b794b6357a29b1f32faf53a8749933cf89df898700bcab59,289,18.416780496875326,62.770945201413596,18.416780496875326,23.763760142901866,0.000915193120888973,0.019984087591617482,0.045796092350638994
bfo-ff334e22732fd2b3b794b6357a29b1f32faf53a8749933cf89df898700bcab59,290,18.416792665944012,62.77486900354777,18.416792665944012,23.763546549533515,0.0009151505559643668,0.019984070155856258,0.04579400236423736
bfo-ff334e22732fd2b3b794b6357a29b1f32faf53a8749933cf89df898700bcab59,291,18.416767001868447,62.76595366843803,18.416767001868447,23.763837346781468,0.000915213546631915,0.019984138871035804,0.04579699693532395
bfo-ff334e22732fd2b3b794b6357a29b1f32faf53a8749933cf89df898700bcab59,292,18.416728153709865,62.76034045160466,18.416728153709865,23.763835365759647,0.0009152375195134679,0.019984395016453795,0.045797609522826355
bfo-ff334e22732fd2b3b794b6357a29b1f32faf53a8749933cf89df898700bcab59,293,18.416727171026903,62.75496735387887,18.416727171026903,23.763710721727062,0.0009152152938817917,0.019984503222473374,0.04579624940852147
bfo-ff334e22732fd2b3b794b6357a29b1f32faf53a8749933cf89df898700bcab59,294,18.41672859882198,62.76053616872315,18.41672859882198,23.763581996237026,0.0009151912624698029,0.019984445360319368,0.045795179499301224
bfo-ff334e22732fd2b3b794b6357a29b1f32faf53a8749933cf89df898700bcab59,295,18.41672748182089,62.75807461355346,18.41672748182089,23.763650690456856,0.000915204674516208,0.01998443219671051,0.04579588078899
bfo-ff334e22732fd2b3b794b6357a29b1f32faf53a8749933cf89df898700bcab59,296,18.416680581538092,62.736785671443855,18.416680581538092,23.763903457490798,0.0009152687989537604,0.019984701152798785,0.045798473139818774
bfo-ff334e22732fd2b3b794b6357a29b1f32faf53a8749933cf89df898700bcab59,297,18.416602829846777,62.69656966455479,18.416602829846777,23.764325393615152,0.0009153822643716629,0.019985239814988207,0.045802916194438624
bfo-ff334e22732fd2b3b794b6357a29b1f32faf53a8749933cf89df898700bcab59,298,18.41648682441352,62.68934587851549,18.41648682441352,23.76446573639501,0.0009154416805522382,0.019984564938798025,0.04580743605656384
bfo-ff334e22732fd2b3b794b6357a29b1f32faf53a8749933cf89df898700bcab59,299,18.416393692339987,62.625890094924046,18.416393692339987,23.76515433803046,0.0009156234186096043,0.01998532540956476,0.04581478659193595
bfo-ff334e22732fd2b3b794b6357a29b1f32faf53a8749933cf89df898700bcab59,300,18.416411715517203,62.544502634099864,18.416411715517203,23.766029335525488,0.0009157326025935601,0.019984921502206335,0.04582117585462936
bfo-ff334e22732fd2b3b794b6357a29b1f32faf53a8749933cf89df898700bcab59,301,18.41640216321472,62.614040795585886,18.41640216321472,23.76505752778918,0.0009155940522105528,0.019985324743637428,0.04581331872037973
bfo-ff334e22732fd2b3b794b6357a29b1f32faf53a8749933cf89df898700bcab59,302,18.41632704442945,62.6530667117798,18.41632704442945,23.764949542785295,0.0009156373440881855,0.019985731420658022,0.0458145526333726
bfo-ff334e22732fd2b3b794b6357a29b1f32faf53a8749933cf89df898700bcab59,303,18.416272048151576,62.68811843806483,18.416272048151576,23.764581960186327,0.0009156085063467711,0.01998556856399581,0.04581348303476582
bfo-ff334e22732fd2b3b794b6357a29b1f32faf53a8749933cf89df898700bcab59,304,18.416239083671904,62.70900047719052,18.416239083671904,23.764363652263985,0.0009155827207182626,0.01998516810472406,0.045813110798994916
bfo-ff334e22732fd2b3b794b6357a29b1f32faf53a8749933cf89df898700bcab59,305,18.41622094102994,62.71280699884812,18.41622094102994,23.76417275640388,0.0009155597485748325,0.019985229639432646,0.04581182028393365
bfo-ff334e22732fd2b3b794b6357a29b1f32faf53a8749933cf89df898700bcab59,306,18.416208372304972,62.71691624194858,18.416208372304972,23.764194003878494,0.000915572276340562,0.019985202036099225,0.04581251041079124
bfo-ff334e22732fd2b3b794b6357a29b1f32faf53a8749933cf89df898700bcab59,307,18.416192060949413,62.722887021205096,18.416192060949413,23.76431450387084,0.0009156008349050696,0.019985101763210795,0.045814169262352045
bfo-ff334e22732fd2b3b794b6357a29b1f32faf53a8749933cf89df898700bcab59,308,18.416184556233745,62.72486648539638,18.416184556233745,23.764329430435176,0.0009156117337741725,0.01998513695264346,0.045814633942404044
bfo-ff334e22732fd2b3b794b6357a29b1f32faf53a8749933cf89df898700bcab59,309,18.41615037543418,62.73755617846199,18.41615037543418,23.764177187650223,0.0009156140009549623,0.019985338405560854,0.04581428557147652
bfo-ff334e22732fd2b3b794b6357a29b1f32faf53a8749933cf89df898700bcab59,310,18.416102186753083,62.78220737206043,18.416102186753083,23.763717396100418,0.0009155742994878432,0.01998533403079988,0.04581230907008257
bfo-ff334e22732fd2b3b794b6357a29b1f32faf53a8749933cf89df898700bcab59,311,18.416097776399106,62.809201529817585,18.416097776399106,23.763780314768113,0.0009156093206618941,0.019985262687107923,0.04581422496150299
bfo-ff334e22732fd2b3b794b6357a29b1f32faf53a8749933cf89df898700bcab59,312,18.416078856826374,62.8135675202193,18.416078856826374,23.763610669800954,0.0009155948652595143,0.01998534817766377,0.0458133056837514
bfo-ff334e22732fd2b3b794b6357a29b1f32faf53a8749933cf89df898700bcab59,313,18.416082310070163,62.8386307140725,18.416082310070163,23.763328109160145,0.0009155454670632286,0.019985041613797067,0.04581153668607644
bfo-ff334e22732fd2b3b794b6357a29b1f32faf53a8749933cf89df898700bcab59,314,18.416092029717504,62.81935444892854,18.416092029717504,23.763573845447763,0.0009155866989717135,0.019985398429133112,0.04581278187764546
bfo-ff334e22732fd2b3b794b6357a29b1f32faf53a8749933cf89df898700bcab59,315,18.416033154596047,62.79989020814204,18.416033154596047,23.763725458840767,0.0009156383048298636,0.019985619909372306,0.045814856330799764
bfo-ff334e22732fd2b3b794b6357a29b1f32faf53a8749933cf89df898700bcab59,316,18.415970587031474,62.78066770424671,18.415970587031474,23.763903429825554,0.0009157122867712191,0.019986326632553203,0.04581693792994111
bfo-ff334e22732fd2b3b794b6357a29b1f32faf53a8749933cf89df898700bcab59,317,18.415891934225385,62.762005673072956,18.415891934225385,23.76409584721147,0.0009157888788968645,0.01998680184411563,0.04581968070927188
bfo-ff334e22732fd2b3b794b6357a29b1f32faf53a8749933cf89df898700bcab59,318,18.41581033416224,62.751888883398735,18.41581033416224,23.764694576617206,0.0009159484297465755,0.01998713168843828,0.04582690723333821
bfo-ff334e22732fd2b3b794b6357a29b1f32faf53a8749933cf89df898700bcab59,319,18.415688158873373,62.7351188086067,18.415688158873373,23.765021586427835,0.0009160924193171963,0.0199882927303972,0.0458314490223594
bfo-ff334e22732fd2b3b794b6357a29b1f32faf53a8749933cf89df898700bcab59,320,18.415551906810137,62.708598214522446,18.415551906810137,23.764918639383268,0.000916124022646716,0.01998818318623584,0.04583328129980181
bfo-ff334e22732fd2b3b794b6357a29b1f32faf53a8749933cf89df898700bcab59,321,18.41542680633538,62.67374758027071,18.41542680633538,23.76491552046601,0.0009162025088613561,0.019989105865264478,0.04583509212652988
bfo-ff334e22732fd2b3b794b6357a29b1f32faf53a8749933cf89df898700bcab59,322,18.415305299145484,62.6721942701541,18.415305299145484,23.765195965288566,0.0009163250043996654,0.01998927715384766,0.04584082742698305
bfo-ff334e22732fd2b3b794b6357a29b1f32faf53a8749933cf89df898700bcab59,323,18.415164300593442,62.664239023138464,18.415164300593442,23.76522871923348,0.0009164171233031127,0.019989792591691584,0.04584425371596931
bfo-ff334e22732fd2b3b794b6357a29b1f32faf53a8749933cf89df898700bcab59,324,18.414869543572337,62.78853426520608,18.414869543572337,23.763083331120853,0.0009161970100989385,0.019989974836145324,0.04583282458376567
bfo-ff334e22732fd2b3b794b6357a29b1f32faf53a8749933cf89df898700bcab59,325,18.414650277024915,62.80298468540616,18.414650277024915,23.762696443956095,0.0009162507597412365,0.019990330394255986,0.04583469816009202
bfo-ff334e22732fd2b3b794b6357a29b1f32faf53a8749933cf89df898700bcab59,326,18.414368424651144,62.85522386729281,18.414368424651144,23.7618683483658,0.0009162909166701253,0.01999172981633531,0.0458334984059969
bfo-ff334e22732fd2b3b794b6357a29b1f32faf53a8749933cf89df898700bcab59,327,18.41435927614184,62.870585909903404,18.41435927614184,23.764223732395564,0.0009165836562297719,0.01998761498784998,0.04585758014585244
bfo-ff334e22732fd2b3b794b6357a29b1f32faf53a8749933cf89df898700bcab59,328,18.414056147594142,62.91444337558893,18.414056147594142,23.762893900880428,0.0009165194319134892,0.01998789818870768,0.0458537172473334
bfo-ff334e22732fd2b3b794b6357a29b1f32faf53a8749933cf89df898700bcab59,329,18.413481931080977,62.99738173741046,18.413481931080977,23.761591027716268,0.0009166330513983845,0.01998836893118001,0.04585832163466432
bfo-ff334e22732fd2b3b794b6357a29b1f32faf53a8749933cf89df898700bcab59,330,18.4122241038317,62.75894756811548,18.4122241038317,23.75932550597893,0.0009169929682429414,0.019996900846431843,0.04585675426832781
bfo-ff334e22732fd2b3b794b6357a29b1f32faf53a8749933cf89df898700bcab59,331,18.409603027679303,62.660234935723125,18.409603027679303,23.7538511187604,0.0009176213860252515,0.020009453296687518,0.04585939317878114
bfo-ff334e22732fd2b3b794b6357a29b1f32faf53a8749933cf89df898700bcab59,332,18.406004473397104,62.92565395977038,18.406004473397104,23.738517430057357,0.0009175336022425019,0.02003286876613992,0.04580140832317242
bfo-ff334e22732fd2b3b794b6357a29b1f32faf53a8749933cf89df898700bcab59,333,18.402043080902363,61.73666272715765,18.402043080902363,23.749441307809956,0.0009212816660831293,0.020050950027375083,0.04594703317425486
bfo-ff334e22732fd2b3b794b6357a29b1f32faf53a8749933cf89df898700bcab59,334,18.414736481273092,60.951183501933556,18.414736481273092,23.77984667665977,0.0009202130950915212,0.01996394896276383,0.04609374111343781
bfo-ff334e22732fd2b3b794b6357a29b1f32faf53a8749933cf89df898700bcab59,335,18.40187467705449,61.829476225694286,18.40187467705449,23.75015470136791,0.0009214661947169695,0.02004852912993905,0.04596178546290048
bfo-ff334e22732fd2b3b794b6357a29b1f32faf53a8749933cf89df898700bcab59,336,18.400757597437096,63.154919265607916,18.400757597437096,23.735306409018232,0.0009200986014805419,0.020050155643183597,0.045889848331094905
bfo-ff334e22732fd2b3b794b6357a29b1f32faf53a8749933cf89df898700bcab59,337,18.401017761391522,62.81540505100467,18.401017761391522,23.732782345270273,0.0009192401808115097,0.020046869440516,0.04585455018496139
bfo-ff334e22732fd2b3b794b6357a29b1f32faf53a8749933cf89df898700bcab59,338,18.401483205980817,63.2529842571884,18.401483205980817,23.734294925507687,0.0009196127267868375,0.020045492205734334,0.04587628566804499
bfo-ff334e22732fd2b3b794b6357a29b1f32faf53a8749933cf89df898700bcab59,339,18.401387755941354,63.162454422855056,18.401387755941354,23.734181724651215,0.0009198267488882704,0.02005210268037994,0.045871835166108474
bfo-ff334e22732fd2b3b794b6357a29b1f32faf53a8749933cf89df898700bcab59,340,18.400638794790083,63.08888917075164,18.400638794790083,23.73524934227387,0.0009201394141215779,0.020051869596803537,0.045887961203790045
bfo-ff334e22732fd2b3b794b6357a29b1f32faf53a8749933cf89df898700bcab59,341,18.400335617726196,63.08954845353642,18.400335617726196,23.735805411130606,0.0009203731812515453,0.02005427119418503,0.04589412262054271
bfo-ff334e22732fd2b3b794b6357a29b1f32faf53a8749933cf89df898700bcab59,342,18.39986844977112,63.03115004929862,18.39986844977112,23.73669977730426,0.000920719643402064,0.02005766666666708,0.045903626713079536
bfo-ff334e22732fd2b3b794b6357a29b1f32faf53a8749933cf89df898700bcab59,343,18.399329178462125,62.93379651529436,18.399329178462125,23.738240633363414,0.000921183019821874,0.020060296459064948,0.045920708186025096
bfo-ff334e22732fd2b3b794b6357a29b1f32faf53a8749933cf89df898700bcab59,344,18.39935354561505,62.84505171535245,18.39935354561505,23.740240899338993,0.0009214444080373093,0.020059898983289474,0.045934648464825346
bfo-ff334e22732fd2b3b794b6357a29b1f32faf53a8749933cf89df898700bcab59,345,18.39922849986414,62.92193111977346,18.39922849986414,23.73823190056849,0.0009212257131888868,0.020060652703004025,0.04592202092462006
bfo-ff334e22732fd2b3b794b6357a29b1f32faf53a8749933cf89df898700bcab59,346,18.398992654490094,62.89193841686948,18.398992654490094,23.73867773663663,0.0009213991126569394,0.020061887557207496,0.04592783754915996
bfo-ff334e22732fd2b3b794b6357a29b1f32faf53a8749933cf89df898700bcab59,347,18.398833588870946,62.85155434137254,18.398833588870946,23.73890084554308,0.0009215375820523664,0.0200638960821504,0.04593014129853878
bfo-ff334e22732fd2b3b794b6357a29b1f32faf53a8749933cf89df898700bcab59,348,18.398734232545873,62.89600995340624,18.398734232545873,23.739276551885055,0.0009216475939942924,0.02006342715709003,0.045936697991728684
bfo-ff334e22732fd2b3b794b6357a29b1f32faf53a8749933cf89df898700bcab59,349,18.398559547559856,62.869092471523466,18.398559547559856,23.739867185401224,0.0009218253119611337,0.020064678754368195,0.04594268980062524
bfo-ff334e22732fd2b3b794b6357a29b1f32faf53a8749933cf89df898700bcab59,350,18.398526489011196,62.86157401227429,18.398526489011196,23.739971025989814,0.0009218652884841965,0.020064570763288863,0.0459449294659663
bfo-ff334e22732fd2b3b794b6357a29b1f32faf53a8749933cf89df898700bcab59,351,18.398483655149402,62.86243151956653,18.398483655149402,23.740067267467985,0.0009219059862259211,0.02006462129027947,0.04594684210025678
bfo-ff334e22732fd2b3b794b6357a29b1f32faf53a8749933cf89df898700bcab59,352,18.39843455461904,62.88035751342125,18.39843455461904,23.740004436171596,0.000921937509927879,0.020065082295916477,0.045947357520457616
bfo-ff334e22732fd2b3b794b6357a29b1f32faf53a8749933cf89df898700bcab59,353,18.398437585655348,62.9113202344281,18.398437585655348,23.739875646723604,0.0009219426488014602,0.020065391609093097,0.04594690533643313
bfo-ff334e22732fd2b3b794b6357a29b1f32faf53a8749933cf89df898700bcab59,354,18.398437900657967,62.881834291891856,18.398437900657967,23.740011999983427,0.0009219370362458384,0.0200650121133674,0.04594749462581385
bfo-ff334e22732fd2b3b794b6357a29b1f32faf53a8749933cf89df898700bcab59,355,18.398396617636063,62.8738473067389,18.398396617636063,23.739952672573057,0.000921944002070095,0.020065256649461505,0.04594728182033183
bfo-ff334e22732fd2b3b794b6357a29b1f32faf53a8749933cf89df898700bcab59,356,18.39833158082054,62.8533443485768,18.39833158082054,23.74013353324712,0.000921996975928382,0.020065638093625365,0.045949048399377364
bfo-ff334e22732fd2b3b794b6357a29b1f32faf53a8749933cf89df898700bcab59,357,18.398221934399658,62.8113525934415,18.398221934399658,23.740588241265893,0.0009221090626882672,0.02006631378241529,0.04595308698383551
bfo-ff334e22732fd2b3b794b6357a29b1f32faf53a8749933cf89df898700bcab59,358,18.398034760242258,62.79219861119597,18.398034760242258,23.740590679032955,0.000922172035000748,0.020066697733247953,0.04595534587999633
bfo-ff334e22732fd2b3b794b6357a29b1f32faf53a8749933cf89df898700bcab59,359,18.397871496694997,62.72631037845222,18.397871496694997,23.741398452752556,0.0009223526264035167,0.02006745168032753,0.045962618527578915
bfo-ff334e22732fd2b3b794b6357a29b1f32faf53a8749933cf89df898700bcab59,360,18.397778432956425,62.74893930797125,18.397778432956425,23.74049048405701,0.0009222480487529562,0.020067584319523595,0.045957103459418794
bfo-ff334e22732fd2b3b794b6357a29b1f32faf53a8749933cf89df898700bcab59,361,18.397648140853395,62.73801910809717,18.397648140853395,23.739963249514503,0.0009222363960986848,0.020068286733936305,0.045954914254795094
bfo-ff334e22732fd2b3b794b6357a29b1f32faf53a8749933cf89df898700bcab59,362,18.397488308672216,62.67580093488675,18.397488308672216,23.740456758528747,0.0009223773226017148,0.020069204122732963,0.04595983562481741
bfo-ff334e22732fd2b3b794b6357a29b1f32faf53a8749933cf89df898700bcab59,363,18.397317181194477,62.68399638262479,18.397317181194477,23.740223510811802,0.0009224072630522516,0.020069191168663347,0.045961357151877984
bfo-ff334e22732fd2b3b794b6357a29b1f32faf53a8749933cf89df898700bcab59,364,18.397253362760168,62.67437167234483,18.397253362760168,23.74025748410925,0.000922433281075895,0.02006918638962793,0.04596266451302794
bfo-ff334e22732fd2b3b794b6357a29b1f32faf53a8749933cf89df898700bcab59,365,18.39716252618763,62.68465532378934,18.39716252618763,23.739983929233723,0.0009224454985809296,0.02006999799837186,0.045961414577906846
bfo-ff334e22732fd2b3b794b6357a29b1f32faf53a8749933cf89df898700bcab59,366,18.39706233803853,62.67448881214547,18.39706233803853,23.74000074274572,0.000922495411864419,0.020070579550467035,0.04596256971777145
bfo-ff334e22732fd2b3b794b6357a29b1f32faf53a8749933cf89df898700bcab59,367,18.39692261098893,62.732270416299535,18.39692261098893,23.73934551080948,0.0009224991438094513,0.02007171492665248,0.04596015573061468
bfo-ff334e22732fd2b3b794b6357a29b1f32faf53a8749933cf89df898700bcab59,368,18.39685569667057,62.76384817106303,18.39685569667057,23.739134211712795,0.0009225226457697821,0.020071786416858466,0.045961162928425114
bfo-ff334e22732fd2b3b794b6357a29b1f32faf53a8749933cf89df898700bcab59,369,18.39674500136829,62.76254447168473,18.39674500136829,23.73907173152344,0.000922569798157845,0.020072435996672397,0.045962024654645224
bfo-ff334e22732fd2b3b794b6357a29b1f32faf53a8749933cf89df898700bcab59,370,18.396592649063475,62.78277995188741,18.396592649063475,23.7388147752405,0.0009226271484860654,0.020073413979091504,0.0459626424008928
bfo-ff334e22732fd2b3b794b6357a29b1f32faf53a8749933cf89df898700bcab59,371,18.396484309860604,62.848133019684695,18.396484309860604,23.738658073200785,0.0009226668618654035,0.020073175522414364,0.045965166838456806
bfo-ff334e22732fd2b3b794b6357a29b1f32faf53a8749933cf89df898700bcab59,372,18.396263404216267,62.85482689994053,18.396263404216267,23.73810478178825,0.0009226952417233953,0.020074539500136327,0.045963457429104626
bfo-ff334e22732fd2b3b794b6357a29b1f32faf53a8749933cf89df898700bcab59,373,18.395806121472166,62.849157212384824,18.395806121472166,23.73753162618121,0.0009228295114950976,0.02007696581693491,0.04596459046200554
bfo-ff334e22732fd2b3b794b6357a29b1f32faf53a8749933cf89df898700bcab59,374,18.394884132995486,62.83587938809582,18.394884132995486,23.73640887050421,0.0009231018143145022,0.020081849099793648,0.04596697294792378
bfo-ff334e22732fd2b3b794b6357a29b1f32faf53a8749933cf89df898700bcab59,375,18.39304454204456,62.764891462901716,18.39304454204456,23.735180521942052,0.0009237688280627115,0.02009125042866322,0.045978662768784914
bfo-ff334e22732fd2b3b794b6357a29b1f32faf53a8749933cf89df898700bcab59,376,18.389288692502046,62.66043854909656,18.389288692502046,23.731558296151526,0.0009249382163556364,0.020110799252054935,0.04599211621393543
bfo-ff334e22732fd2b3b794b6357a29b1f32faf53a8749933cf89df898700bcab59,377,18.38339352749141,62.046415405073084,18.38339352749141,23.716018196307687,0.0009254237162576835,0.02016172505865313,0.045900026588275716
bfo-ff334e22732fd2b3b794b6357a29b1f32faf53a8749933cf89df898700bcab59,378,18.37631364113795,61.67261904241799,18.37631364113795,23.71668116304717,0.000928307408173113,0.02019215142823811,0.04597367504261598
bfo-ff334e22732fd2b3b794b6357a29b1f32faf53a8749933cf89df898700bcab59,379,18.35313869193825,63.174687413675784,18.35313869193825,23.683556244547013,0.0009327476788125827,0.020289901017322448,0.04597103150065897
bfo-ff334e22732fd2b3b794b6357a29b1f32faf53a8749933cf89df898700bcab59,380,18.422559265839386,60.31454899099093,18.422559265839386,23.85234318341899,0.0009275076168290705,0.019948889278056187,0.046494198443886824
bfo-ff334e22732fd2b3b794b6357a29b1f32faf53a8749933cf89df898700bcab59,381,18.355004635671026,63.44705915896002,18.355004635671026,23.68597737823861,0.0009325920235952174,0.0203077110110936,0.045923049775810056
bfo-ff334e22732fd2b3b794b6357a29b1f32faf53a8749933cf89df898700bcab59,382,18.36022098452806,63.638190710780506,18.36022098452806,23.679771534984493,0.0009295077766441872,0.020256877487081375,0.04588603437212728
bfo-ff334e22732fd2b3b794b6357a29b1f32faf53a8749933cf89df898700bcab59,383,18.356388181188223,63.52385789978838,18.356388181188223,23.682640997780315,0.0009311387746682104,0.0202701298577304,0.04593649775327428
bfo-ff334e22732fd2b3b794b6357a29b1f32faf53a8749933cf89df898700bcab59,384,18.351522272141096,62.68538573116157,18.351522272141096,23.683309774412997,0.0009333240769861655,0.020300299253641386,0.045975877760459596
bfo-ff334e22732fd2b3b794b6357a29b1f32faf53a8749933cf89df898700bcab59,385,18.35252922750764,63.475713502834495,18.35252922750764,23.67834462939111,0.0009324790531497144,0.02029451893510265,0.04594733465383312
bfo-ff334e22732fd2b3b794b6357a29b1f32faf53a8749933cf89df898700bcab59,386,18.351354566543414,62.62497230828713,18.351354566543414,23.683145524408758,0.0009334328765500128,0.020305744042746966,0.04596890784129759
bfo-ff334e22732fd2b3b794b6357a29b1f32faf53a8749933cf89df898700bcab59,387,18.350726444344694,63.15130819778855,18.350726444344694,23.677251135078247,0.0009330243420609599,0.020307460706872945,0.04594490446287965
bfo-ff334e22732fd2b3b794b6357a29b1f32faf53a8749933cf89df898700bcab59,388,18.34908821115499,62.8914330052305,18.34908821115499,23.67913104731253,0.000933837475750954,0.020313634131136894,0.04597097051775491
bfo-ff334e22732fd2b3b794b6357a29b1f32faf53a8749933cf89df898700bcab59,389,18.34879774064629,62.652529853589215,18.34879774064629,23.677978995311886,0.0009338347455747114,0.02032036656889786,0.04595560529916961
bfo-ff334e22732fd2b3b794b6357a29b1f32faf53a8749933cf89df898700bcab59,390,18.34796013461813,62.50570101285102,18.34796013461813,23.679583596780695,0.0009343320211601111,0.020324097269624593,0.04597163695710698
bfo-ff334e22732fd2b3b794b6357a29b1f32faf53a8749933cf89df898700bcab59,391,18.348103414029058,62.36281726345947,18.348103414029058,23.682166750989804,0.0009345984435643389,0.02032325201198023,0.04598665818902448
bfo-ff334e22732fd2b3b794b6357a29b1f32faf53a8749933cf89df898700bcab59,392,18.34797849067419,62.50462339887204,18.34797849067419,23.679577946901663,0.0009343222233821723,0.020323792358715575,0.04597184456972181
bfo-ff334e22732fd2b3b794b6357a29b1f32faf53a8749933cf89df898700bcab59,393,18.34759465022764,62.46656233800154,18.34759465022764,23.679546286307342,0.0009344532346935227,0.02032579735097753,0.0459737553493114
bfo-ff334e22732fd2b3b794b6357a29b1f32faf53a8749933cf89df898700bcab59,394,18.347173625976872,62.46891949746691,18.347173625976872,23.679045523309284,0.0009345500672145713,0.02032809045668285,0.0459733327734843
bfo-ff334e22732fd2b3b794b6357a29b1f32faf53a8749933cf89df898700bcab59,395,18.346890361559232,62.49007739101427,18.346890361559232,23.678993741189725,0.0009346471926243613,0.020329224167297846,0.04597554657928662
bfo-ff334e22732fd2b3b794b6357a29b1f32faf53a8749933cf89df898700bcab59,396,18.34647711426117,62.46586989874662,18.34647711426117,23.678786258997473,0.0009347684999675596,0.02033111506798775,0.04597723719735345
bfo-ff334e22732fd2b3b794b6357a29b1f32faf53a8749933cf89df898700bcab59,397,18.345614264655595,62.45798668555918,18.345614264655595,23.677455375107215,0.0009349290748186886,0.02033617034219439,0.045973703951468985
bfo-ff334e22732fd2b3b794b6357a29b1f32faf53a8749933cf89df898700bcab59,398,18.343830923805815,62.438996363085806,18.343830923805815,23.675752170746982,0.0009353548391281393,0.02034498614408755,0.045974710058967645
bfo-ff334e22732fd2b3b794b6357a29b1f32faf53a8749933cf89df898700bcab59,399,18.340169563502695,62.402463785665034,18.340169563502695,23.6723907686797,0.0009362476922698734,0.020362996698491176,0.04597789343742545
bfo-ff334e22732fd2b3b794b6357a29b1f32faf53a8749933cf89df898700bcab59,400,18.33254424487419,62.47478635473071,18.33254424487419,23.660420573929457,0.0009375742852730121,0.020406692316399928,0.04594445149347042
bfo-ff334e22732fd2b3b794b6357a29b1f32faf53a8749933cf89df898700bcab59,401,18.31491477044303,62.318211711990955,18.31491477044303,23.63731145643486,0.0009410394032034176,0.02050227508664327,0.04589926723871156
bfo-ff334e22732fd2b3b794b6357a29b1f32faf53a8749933cf89df898700bcab59,402,18.291048866961013,60.751292204139716,18.291048866961013,23.60971071164064,0.0009460067554775593,0.02063739496333348,0.04583944616839152
bfo-ff334e22732fd2b3b794b6357a29b1f32faf53a8749933cf89df898700bcab59,403,18.25452537103814,61.08229161840902,18.25452537103814,23.55144797358368,0.0009521206288203398,0.02085557426126044,0.04565305260325145
bfo-ff334e22732fd2b3b794b6357a29b1f32faf53a8749933cf89df898700bcab59,404,18.233033850283118,62.27765656571134,18.233033850283118,23.500840896179092,0.0009534043855991541,0.021066611326612993,0.045256656175867216
bfo-ff334e22732fd2b3b794b6357a29b1f32faf53a8749933cf89df898700bcab59,405,18.203325331867337,61.967205173147114,18.203325331867337,23.479899056460397,0.0009621772717115662,0.02118523685497009,0.045417347858720675
bfo-ff334e22732fd2b3b794b6357a29b1f32faf53a8749933cf89df898700bcab59,406,18.194084701525856,64.01505238174603,18.194084701525856,23.479919123269514,0.0009639126244905464,0.021215295496204985,0.045434796072624684
bfo-ff334e22732fd2b3b794b6357a29b1f32faf53a8749933cf89df898700bcab59,407,18.125618436553744,62.59047201814829,18.125618436553744,23.42584418619205,0.0009828918030286371,0.021548133555333398,0.0456137790544444
bfo-ff334e22732fd2b3b794b6357a29b1f32faf53a8749933cf89df898700bcab59,408,18.062290951830047,60.28961085955128,18.062290951830047,23.47338480329601,0.0010155285648806114,0.021928559001743633,0.04631077513118224
bfo-ff334e22732fd2b3b794b6357a29b1f32faf53a8749933cf89df898700bcab59,409,18.05583378202511,66.085619407963,18.05583378202511,23.45053397609242,0.0010088554277327935,0.02192590676113425,0.046012027631216854
bfo-ff334e22732fd2b3b794b6357a29b1f32faf53a8749933cf89df898700bcab59,410,18.029816269835813,64.17258061681642,18.029816269835813,23.449178797145866,0.0010218563032696117,0.022088664674061658,0.046261569829957175
bfo-ff334e22732fd2b3b794b6357a29b1f32faf53a8749933cf89df898700bcab59,411,18.043158322064475,64.50811578233434,18.043158322064475,23.477140890190412,0.001019788990193764,0.02200159602672811,0.046350682421170616
bfo-ff334e22732fd2b3b794b6357a29b1f32faf53a8749933cf89df898700bcab59,412,18.02688049657181,64.56082618927795,18.02688049657181,23.444097448242687,0.0010216945322852095,0.02210627592197449,0.046217397081776475
bfo-ff334e22732fd2b3b794b6357a29b1f32faf53a8749933cf89df898700bcab59,413,18.015628872255615,63.89641133178482,18.015628872255615,23.457543402026555,0.0010286404358841727,0.022197524949241113,0.04634032119510422
bfo-ff334e22732fd2b3b794b6357a29b1f32faf53a8749933cf89df898700bcab59,414,18.018923202766626,63.29010668353943,18.018923202766626,23.469205422520133,0.0010295498361527194,0.02218973495111996,0.046397572500105774
bfo-ff334e22732fd2b3b794b6357a29b1f32faf53a8749933cf89df898700bcab59,415,18.01157529950614,63.96229653939338,18.01157529950614,23.45279727082593,0.0010295022948778763,0.022224518453168814,0.04632281671466713
bfo-ff334e22732fd2b3b794b6357a29b1f32faf53a8749933cf89df898700bcab59,416,18.004894567156743,64.08646020538137,18.004894567156743,23.45718019434411,0.0010328772044220981,0.022283491026268896,0.04635167816409425
bfo-ff334e22732fd2b3b794b6357a29b1f32faf53a8749933cf89df898700bcab59,417,18.003886500067708,63.90149891291402,18.003886500067708,23.461754469969232,0.0010343962577956602,0.022301797709906247,0.046381743357675205
bfo-ff334e22732fd2b3b794b6357a29b1f32faf53a8749933cf89df898700bcab59,418,18.001773486106767,63.846907956651776,18.001773486106767,23.461931104761042,0.0010353172747798237,0.022319607409451724,0.046385998453601654
bfo-ff334e22732fd2b3b794b6357a29b1f32faf53a8749933cf89df898700bcab59,419,17.99826911440271,63.89302645564868,17.99826911440271,23.45636227991236,0.001035880900026757,0.022341536093447054,0.046365697313471156
bfo-ff334e22732fd2b3b794b6357a29b1f32faf53a8749933cf89df898700bcab59,420,17.996026297868692,63.92996055358709,17.996026297868692,23.4589075625565,0.0010372101942266825,0.02236410159878838,0.04637835280997272
bfo-ff334e22732fd2b3b794b6357a29b1f32faf53a8749933cf89df898700bcab59,421,17.991104014476182,64.22558961248976,17.991104014476182,23.453889956781257,0.001038001266152855,0.022395064144860095,0.046349555394825125
bfo-ff334e22732fd2b3b794b6357a29b1f32faf53a8749933cf89df898700bcab59,422,17.986944636039357,64.23976851494454,17.986944636039357,23.450653835979924,0.0010390995951434178,0.02242458022142016,0.0463375271636461
bfo-ff334e22732fd2b3b794b6357a29b1f32faf53a8749933cf89df898700bcab59,423,17.98266158275401,64.41988047640153,17.98266158275401,23.44675358105952,0.001039980141510334,0.022454480976052106,0.04631503808168542
bfo-ff334e22732fd2b3b794b6357a29b1f32faf53a8749933cf89df898700bcab59,424,17.974626041684846,64.59642408610047,17.974626041684846,23.44413257915154,0.001042602683501145,0.022519047047961146,0.046298703549959554
bfo-ff334e22732fd2b3b794b6357a29b1f32faf53a8749933cf89df898700bcab59,425,17.96857315912753,65.66270045985782,17.96857315912753,23.436635583253874,0.0010425158463920343,0.02257084488689153,0.046188605327640894
bfo-ff334e22732fd2b3b794b6357a29b1f32faf53a8749933cf89df898700bcab59,426,17.956478984607003,65.73431814233301,17.956478984607003,23.44264700817984,0.0010484050756263987,0.022686673435099523,0.046212375676213786
bfo-ff334e22732fd2b3b794b6357a29b1f32faf53a8749933cf89df898700bcab59,427,17.947435440489603,64.78718621260234,17.947435440489603,23.427124412859115,0.0010508455924872308,0.022740764641795985,0.04620977390337385
bfo-ff334e22732fd2b3b794b6357a29b1f32faf53a8749933cf89df898700bcab59,428,17.947673912788524,64.81241058614425,17.947673912788524,23.449547481518888,0.0010539643431071318,0.02277606186938982,0.04627509132839249
bfo-ff334e22732fd2b3b794b6357a29b1f32faf53a8749933cf89df898700bcab59,429,17.946964786470954,64.78458412946209,17.946964786470954,23.42640203234328,0.0010509916155075302,0.022743741702911012,0.04621014559680001
bfo-ff334e22732fd2b3b794b6357a29b1f32faf53a8749933cf89df898700bcab59,430,17.947137567221187,65.08685294547037,17.947137567221187,23.436125545377806,0.001051948793005523,0.022758955521727672,0.0462213123972777
bfo-ff334e22732fd2b3b794b6357a29b1f32faf53a8749933cf89df898700bcab59,431,17.946910283984284,64.86093094489267,17.946910283984284,23.42574117218318,0.001050788027742941,0.02274328028646931,0.04620213155303229
bfo-ff334e22732fd2b3b794b6357a29b1f32faf53a8749933cf89df898700bcab59,432,17.944824022568426,64.78592307179844,17.944824022568426,23.425644429386857,0.0010518194680510246,0.022763653114554624,0.04620609279002377
bfo-ff334e22732fd2b3b794b6357a29b1f32faf53a8749933cf89df898700bcab59,433,17.94224376492324,64.97826074860343,17.94224376492324,23.41751878227827,0.0010514390301907565,0.022777593872310382,0.04616111061093858
bfo-ff334e22732fd2b3b794b6357a29b1f32faf53a8749933cf89df898700bcab59,434,17.94160685677726,65.16541205159423,17.94160685677726,23.412695560757836,0.0010506759059922997,0.0227787323526511,0.0461253018704536
bfo-ff334e22732fd2b3b794b6357a29b1f32faf53a8749933cf89df898700bcab59,435,17.94069921811623,65.16373320990672,17.94069921811623,23.411720964137523,0.0010508757739352151,0.022785944528933427,0.046119473897639866
bfo-ff334e22732fd2b3b794b6357a29b1f32faf53a8749933cf89df898700bcab59,436,17.93917381596086,65.06765245320605,17.93917381596086,23.410345376522496,0.0010514661482510356,0.022797455612038296,0.046122083365119235
bfo-ff334e22732fd2b3b794b6357a29b1f32faf53a8749933cf89df898700bcab59,437,17.93628590292112,64.9567925143185,17.93628590292112,23.40544251459375,0.0010521411213330171,0.022818055847552712,0.0461100248137863
bfo-ff334e22732fd2b3b794b6357a29b1f32faf53a8749933cf89df898700bcab59,438,17.9316066501734,65.05525675068307,17.9316066501734,23.402992488458114,0.001053800055065539,0.022862500754097063,0.04609294785377725
bfo-ff334e22732fd2b3b794b6357a29b1f32faf53a8749933cf89df898700bcab59,439,17.92707867390142,64.96967331516855,17.92707867390142,23.392707272884927,0.0010544047258045446,0.02289547932133311,0.046052965784476575
bfo-ff334e22732fd2b3b794b6357a29b1f32faf53a8749933cf89df898700bcab59,440,17.921953052558415,64.55266717142737,17.921953052558415,23.38881793540809,0.0010565886835285777,0.022934204598655774,0.04607043069592685
bfo-ff334e22732fd2b3b794b6357a29b1f32faf53a8749933cf89df898700bcab59,441,17.917351159947394,64.52782939576736,17.917351159947394,23.385299721231203,0.0010581930133843303,0.0229764809011438,0.046055486823121466
bfo-ff334e22732fd2b3b794b6357a29b1f32faf53a8749933cf89df898700bcab59,442,17.916504768113757,64.79224937000168,17.916504768113757,23.374125897421436,0.0010564555036494064,0.022976940882271247,0.04597894511120738
bfo-ff334e22732fd2b3b794b6357a29b1f32faf53a8749933cf89df898700bcab59,443,17.914862662722488,64.68841620443996,17.914862662722488,23.36895641469535,0.0010567770944172764,0.02298730232643583,0.0459722101971906
bfo-ff334e22732fd2b3b794b6357a29b1f32faf53a8749933cf89df898700bcab59,444,17.91288174991161,64.37555147155467,17.91288174991161,23.361710063742304,0.001057081675627086,0.02299222873999779,0.045975607131472356
bfo-ff334e22732fd2b3b794b6357a29b1f32faf53a8749933cf89df898700bcab59,445,17.909795132187256,63.980802602484296,17.909795132187256,23.35367734263507,0.0010578483197619976,0.023012696861591686,0.04596802913297624
bfo-ff334e22732fd2b3b794b6357a29b1f32faf53a8749933cf89df898700bcab59,446,17.906519132231857,64.09771676434892,17.906519132231857,23.35173740476426,0.0010590522165771755,0.023048930237894075,0.04594799869869963
bfo-ff334e22732fd2b3b794b6357a29b1f32faf53a8749933cf89df898700bcab59,447,17.90674419938765,63.81408733618209,17.90674419938765,23.346459521773305,0.0010586472763595737,0.023041206409530016,0.045945826687343476
bfo-ff334e22732fd2b3b794b6357a29b1f32faf53a8749933cf89df898700bcab59,448,17.907062672875604,64.05925625501732,17.907062672875604,23.35074955611992,0.0010587710354080784,0.023042879601370008,0.04594786127967832
bfo-ff334e22732fd2b3b794b6357a29b1f32faf53a8749933cf89df898700bcab59,449,17.903974340571157,63.73231101218242,17.903974340571157,23.355037958031147,0.0010612051007488424,0.023070980642946,0.045997398947725615
bfo-ff334e22732fd2b3b794b6357a29b1f32faf53a8749933cf89df898700bcab59,450,17.90369451455852,63.64436085181802,17.90369451455852,23.352327348589917,0.0010610335510593905,0.023069286649910273,0.04599334028664113
bfo-ff334e22732fd2b3b794b6357a29b1f32faf53a8749933cf89df898700bcab59,451,17.90261491032906,63.492877077722945,17.90261491032906,23.355280470166345,0.0010621843314281986,0.023082384184892796,0.046017097840499
bfo-ff334e22732fd2b3b794b6357a29b1f32faf53a8749933cf89df898700bcab59,452,17.901892834708146,63.3922479320382,17.901892834708146,23.35664068084896,0.001062916713581287,0.023091955627524866,0.04602973999804177
bfo-ff334e22732fd2b3b794b6357a29b1f32faf53a8749933cf89df898700bcab59,453,17.901963351829014,63.24015596576595,17.901963351829014,23.35795575873558,0.0010633854983578676,0.02309380735349543,0.046046348360003785
bfo-ff334e22732fd2b3b794b6357a29b1f32faf53a8749933cf89df898700bcab59,454,17.90182326792637,63.40332426808159,17.90182326792637,23.356217929661895,0.0010628636878604514,0.023092082526690202,0.0460271907755386
bfo-ff334e22732fd2b3b794b6357a29b1f32faf53a8749933cf89df898700bcab59,455,17.901353840556162,63.44693603203548,17.901353840556162,23.356489231273784,0.0010630513836489323,0.023097453606649807,0.04602461387098002
bfo-ff334e22732fd2b3b794b6357a29b1f32faf53a8749933cf89df898700bcab59,456,17.901256948611007,63.40492369861771,17.901256948611007,23.356070642728525,0.0010630849035246097,0.023097931354307613,0.046025113124528845
bfo-ff334e22732fd2b3b794b6357a29b1f32faf53a8749933cf89df898700bcab59,457,17.90118853536775,63.39404915883877,17.90118853536775,23.35612339952943,0.0010631400529726603,0.02309839100515337,0.04602658482729244
bfo-ff334e22732fd2b3b794b6357a29b1f32faf53a8749933cf89df898700bcab59,458,17.9011466450319,63.3953189418467,17.9011466450319,23.356189247522465,0.0010631714123328687,0.023098907656747977,0.04602691296626229
bfo-ff334e22732fd2b3b794b6357a29b1f32faf53a8749933cf89df898700bcab59,459,17.901061045013545,63.394856633510976,17.901061045013545,23.356651618125262,0.0010632779818858234,0.023100406992655503,0.046028538900802905
bfo-ff334e22732fd2b3b794b6357a29b1f32faf53a8749933cf89df898700bcab59,460,17.900950621604046,63.40526714313992,17.900950621604046,23.35657849794687,0.0010633035298811685,0.02310149143095654,0.046027484115433205
bfo-ff334e22732fd2b3b794b6357a29b1f32faf53a8749933cf89df898700bcab59,461,17.90071493661238,63.41074506279413,17.90071493661238,23.35636539996176,0.001063376399398754,0.02310382719575343,0.04602598480282118
bfo-ff334e22732fd2b3b794b6357a29b1f32faf53a8749933cf89df898700bcab59,462,17.900228175775755,63.4479603613809,17.900228175775755,23.35641683560568,0.0010635654273064993,0.02310941284807664,0.04602303980194019
bfo-ff334e22732fd2b3b794b6357a29b1f32faf53a8749933cf89df898700bcab59,463,17.899264486890786,63.521494174214496,17.899264486890786,23.356282767155523,0.0010638939059862506,0.023120069905380417,0.04601603327067213
bfo-ff334e22732fd2b3b794b6357a29b1f32faf53a8749933cf89df898700bcab59,464,17.898167806310372,63.52720704056302,17.898167806310372,23.362264442177196,0.0010653032982975178,0.02314176789275104,0.04603379064359275
bfo-ff334e22732fd2b3b794b6357a29b1f32faf53a8749933cf89df898700bcab59,465,17.8968357969935,63.75584876198617,17.8968357969935,23.362659790316208,0.0010657161768680419,0.023159231931933522,0.04601690505109369
bfo-ff334e22732fd2b3b794b6357a29b1f32faf53a8749933cf89df898700bcab59,466,17.895528477802674,63.90451567029352,17.895528477802674,23.361236389071443,0.001065922912426503,0.023173612017743365,0.045997271017153334
bfo-ff334e22732fd2b3b794b6357a29b1f32faf53a8749933cf89df898700bcab59,467,17.894542082704515,63.687926062154794,17.894542082704515,23.36011901303128,0.0010665965440800774,0.02318302678097492,0.04600764836088515
bfo-ff334e22732fd2b3b794b6357a29b1f32faf53a8749933cf89df898700bcab59,468,17.89401240128024,63.70591366088408,17.89401240128024,23.35577449721979,0.0010662416442195307,0.02318324810846403,0.04599190067030572
bfo-ff334e22732fd2b3b794b6357a29b1f32faf53a8749933cf89df898700bcab59,469,17.893752528740695,63.69948953009539,17.893752528740695,23.353651267614378,0.001066063376124719,0.023183171715775115,0.045984362674556314
bfo-ff334e22732fd2b3b794b6357a29b1f32faf53a8749933cf89df898700bcab59,470,17.893408577913377,63.7024901042055,17.893408577913377,23.35422060107127,0.001066317961233061,0.023188115359294725,0.045985538053037074
bfo-ff334e22732fd2b3b794b6357a29b1f32faf53a8749933cf89df898700bcab59,471,17.89315184655577,63.76369444349106,17.89315184655577,23.353863141724197,0.0010663365674655845,0.023193600118607393,0.04597546573246734
bfo-ff334e22732fd2b3b794b6357a29b1f32faf53a8749933cf89df898700bcab59,472,17.892984332669858,63.774865512608514,17.892984332669858,23.355571960958123,0.0010666744506741869,0.023198178695464002,0.045980956724105085
bfo-ff334e22732fd2b3b794b6357a29b1f32faf53a8749933cf89df898700bcab59,473,17.89289759377294,63.83065933821751,17.89289759377294,23.35572927217106,0.0010666663288799272,0.023200011564161856,0.04597697401701543
bfo-ff334e22732fd2b3b794b6357a29b1f32faf53a8749933cf89df898700bcab59,474,17.892581610673584,63.776968839258075,17.892581610673584,23.356529376581655,0.0010670534671900378,0.023204365589501445,0.045985030837163425
bfo-ff334e22732fd2b3b794b6357a29b1f32faf53a8749933cf89df898700bcab59,475,17.89223926353302,63.756484494193906,17.89223926353302,23.3563802273198,0.0010672546552399922,0.023208123474081604,0.045986253754289184
bfo-ff334e22732fd2b3b794b6357a29b1f32faf53a8749933cf89df898700bcab59,476,17.89163746677645,63.62833481868326,17.89163746677645,23.357390725067713,0.0010679212937804454,0.023215882065035942,0.04599960022146986
bfo-ff334e22732fd2b3b794b6357a29b1f32faf53a8749933cf89df898700bcab59,477,17.89130015601838,63.5239087050318,17.89130015601838,23.35981462612612,0.0010686895665136117,0.023224359438545332,0.04601588988241002
bfo-ff334e22732fd2b3b794b6357a29b1f32faf53a8749933cf89df898700bcab59,478,17.890738290811825,63.46199508548162,17.890738290811825,23.357049119845506,0.001068688604800906,0.023226541202939377,0.04601152601514601
bfo-ff334e22732fd2b3b794b6357a29b1f32faf53a8749933cf89df898700bcab59,479,17.890098042714822,63.50915026823723,17.890098042714822,23.355435415024616,0.0010686925006165608,0.0232315248095203,0.046001823357656214
bfo-ff334e22732fd2b3b794b6357a29b1f32faf53a8749933cf89df898700bcab59,480,17.889729928156278,63.49696420902549,17.889729928156278,23.355353635211266,0.001068908135924711,0.02323594133969186,0.04600235989143215
bfo-ff334e22732fd2b3b794b6357a29b1f32faf53a8749933cf89df898700bcab59,481,17.889273624300223,63.4477956329503,17.889273624300223,23.354094221543182,0.0010690359849787974,0.023239527953945748,0.04600076159452671
bfo-ff334e22732fd2b3b794b6357a29b1f32faf53a8749933cf89df898700bcab59,482,17.888684705112087,63.46811627963909,17.888684705112087,23.352747953501954,0.0010691520728692465,0.02324509114915208,0.045994746418030134
bfo-ff334e22732fd2b3b794b6357a29b1f32faf53a8749933cf89df898700bcab59,483,17.887763487184767,63.6068963489251,17.887763487184767,23.352049085748718,0.0010693752173685286,0.023256530668965502,0.045981717247084844
bfo-ff334e22732fd2b3b794b6357a29b1f32faf53a8749933cf89df898700bcab59,484,17.886731397342142,63.563074702755436,17.886731397342142,23.350944142471537,0.0010699377349521531,0.023268876028460787,0.045981496211655586
bfo-ff334e22732fd2b3b794b6357a29b1f32faf53a8749933cf89df898700bcab59,485,17.88630087435184,63.625816379015184,17.88630087435184,23.34472062005521,0.0010693748607361745,0.02327801646226732,0.04593926043782923
bfo-ff334e22732fd2b3b794b6357a29b1f32faf53a8749933cf89df898700bcab59,486,17.885400093721508,63.607954986236976,17.885400093721508,23.350295125853478,0.001070729602670658,0.023296198372578868,0.045961559287328875
bfo-ff334e22732fd2b3b794b6357a29b1f32faf53a8749933cf89df898700bcab59,487,17.884916376381565,63.48421815641039,17.884916376381565,23.352063859866792,0.0010714698403273255,0.023304823281790565,0.04597631260154322
bfo-ff334e22732fd2b3b794b6357a29b1f32faf53a8749933cf89df898700bcab59,488,17.884585387011114,63.45055914401153,17.884585387011114,23.352509165411806,0.0010718634324680572,0.023309936814099597,0.04598311188126919
bfo-ff334e22732fd2b3b794b6357a29b1f32faf53a8749933cf89df898700bcab59,489,17.88433218124469,63.401237322743654,17.88433218124469,23.35313598644318,0.0010722457795246027,0.023314846650264096,0.04598982766684665
bfo-ff334e22732fd2b3b794b6357a29b1f32faf53a8749933cf89df898700bcab59,490,17.88392245966704,63.351443600616136,17.88392245966704,23.34950781655419,0.0010719244049372098,0.02331100782392166,0.04598361482411779
bfo-ff334e22732fd2b3b794b6357a29b1f32faf53a8749933cf89df898700bcab59,491,17.883620448619048,63.288651357369886,17.883620448619048,23.349365206070225,0.0010721419937407789,0.023312780444061265,0.04598945185081508
bfo-ff334e22732fd2b3b794b6357a29b1f32faf53a8749933cf89df898700bcab59,492,17.883319562081684,63.45410775167424,17.883319562081684,23.346890698074077,0.0010716456310070693,0.02331291806032949,0.04596788905763963
bfo-ff334e22732fd2b3b794b6357a29b1f32faf53a8749933cf89df898700bcab59,493,17.88306061912572,63.4076073089182,17.88306061912572,23.346604071496152,0.0010718513821683206,0.023315520328718517,0.045971583179642145
bfo-ff334e22732fd2b3b794b6357a29b1f32faf53a8749933cf89df898700bcab59,494,17.88271754644235,63.41445557770243,17.88271754644235,23.347277988963288,0.0010721442012263335,0.02332023792693068,0.04597483973301147
bfo-ff334e22732fd2b3b794b6357a29b1f32faf53a8749933cf89df898700bcab59,495,17.882337390526054,63.350292835619115,17.882337390526054,23.346762427217033,0.0010723583553498212,0.023322753046173095,0.0459790640164489
bfo-ff334e22732fd2b3b794b6357a29b1f32faf53a8749933cf89df898700bcab59,496,17.88190940899182,63.31217276966966,17.88190940899182,23.34330491241978,0.0010721451609059008,0.023322300554818265,0.04597081485961732
bfo-ff334e22732fd2b3b794b6357a29b1f32faf53a8749933cf89df898700bcab59,497,17.881065248771208,63.261746357417834,17.881065248771208,23.34245563818048,0.0010726657676966406,0.023332166414037445,0.04597368922635866
bfo-ff334e22732fd2b3b794b6357a29b1f32faf53a8749933cf89df898700bcab59,498,17.879531446840126,63.20698615760817,17.879531446840126,23.338092724533567,0.0010731077909209039,0.02334599371618404,0.04596539363312679
bfo-ff334e22732fd2b3b794b6357a29b1f32faf53a8749933cf89df898700bcab59,499,17.88036030955537,63.30508308063101,17.88036030955537,23.328893535985433,0.0010718666013982256,0.023341342772360593,0.045921377011243124
bfo-ff334e22732fd2b3b794b6357a29b1f32faf53a8749933cf89df898700bcab59,500,17.87818813765658,62.94781813907497,17.87818813765658,23.33321032973739,0.0010732447340665694,0.02333943584376628,0.045984176363595426
bfo-ff334e22732fd2b3b794b6357a29b1f32faf53a8749933cf89df898700bcab59,501,17.87862264350209,62.774828482864486,17.87862264350209,23.34697108529019,0.0010754054064908757,0.023356018714193648,0.04604403771252944
bfo-ff334e22732fd2b3b794b6357a29b1f32faf53a8749933cf89df898700bcab59,502,17.8782162251301,62.972957499548,17.8782162251301,23.33186031105466,0.0010729954323168364,0.023336471339370887,0.04597933495226372
bfo-ff334e22732fd2b3b794b6357a29b1f32faf53a8749933cf89df898700bcab59,503,17.878002639867923,62.9636212983402,17.878002639867923,23.32785428816089,0.0010725591993577914,0.023335484865123213,0.04596258468838668
bfo-ff334e22732fd2b3b794b6357a29b1f32faf53a8749933cf89df898700bcab59,504,17.87835127642018,62.507615829797416,17.87835127642018,23.33154717912302,0.0010738211414916803,0.023337667714524533,0.046012358845240235
bfo-ff334e22732fd2b3b794b6357a29b1f32faf53a8749933cf89df898700bcab59,505,17.87789793143583,62.97489265075248,17.87789793143583,23.32901051364632,0.0010727781209970506,0.023338240743987805,0.04596653761374068
bfo-ff334e22732fd2b3b794b6357a29b1f32faf53a8749933cf89df898700bcab59,506,17.877661056326048,63.069793383042494,17.877661056326048,23.330520565953364,0.0010729658334310125,0.023342852091777798,0.04596549852658965
bfo-ff334e22732fd2b3b794b6357a29b1f32faf53a8749933cf89df898700bcab59,507,17.87761262834996,63.110358741313775,17.87761262834996,23.330468213397296,0.0010729444267525514,0.02334395957835272,0.04596240081513474
bfo-ff334e22732fd2b3b794b6357a29b1f32faf53a8749933cf89df898700bcab59,508,17.877618628474718,63.122750385546325,17.877618628474718,23.330080757844048,0.001072852520226144,0.023343059274436147,0.04596023630034923
bfo-ff334e22732fd2b3b794b6357a29b1f32faf53a8749933cf89df898700bcab59,509,17.87761720260345,63.109891870977364,17.87761720260345,23.330553575868972,0.0010729502637081576,0.023343916298141525,0.04596273607242064
bfo-ff334e22732fd2b3b794b6357a29b1f32faf53a8749933cf89df898700bcab59,510,17.877606797410635,63.11754880831553,17.877606797410635,23.330407503691923,0.0010729227451246799,0.023343719463139474,0.045961944788569846
bfo-ff334e22732fd2b3b794b6357a29b1f32faf53a8749933cf89df898700bcab59,511,17.877619345307703,63.13903158332368,17.877619345307703,23.330558800697215,0.0010729152883324307,0.02334432961087454,0.04596042406086625
bfo-ff334e22732fd2b3b794b6357a29b1f32faf53a8749933cf89df898700bcab59,512,17.877593880624033,63.11530354486464,17.877593880624033,23.330527654391137,0.0010729492509339487,0.023344026846471494,0.04596247502585988
bfo-ff334e22732fd2b3b794b6357a29b1f32faf53a8749933cf89df898700bcab59,513,17.877530547860175,63.11428939538057,17.877530547860175,23.330821736418415,0.0010730220735606791,0.02334490319795219,0.04596386904936082
bfo-ff334e22732fd2b3b794b6357a29b1f32faf53a8749933cf89df898700bcab59,514,17.87745352111519,63.09652427013945,17.87745352111519,23.331210555579474,0.0010731478206453253,0.023346018634151734,0.04596705920021286
bfo-ff334e22732fd2b3b794b6357a29b1f32faf53a8749933cf89df898700bcab59,515,17.87731439543535,63.071017174649654,17.87731439543535,23.331813423179224,0.0010733473374475262,0.023347921579410916,0.04597185808581971
bfo-ff334e22732fd2b3b794b6357a29b1f32faf53a8749933cf89df898700bcab59,516,17.87716226831302,63.030846663841686,17.87716226831302,23.333667411152604,0.001073740891556062,0.023350839661093636,0.045982967085551614
bfo-ff334e22732fd2b3b794b6357a29b1f32faf53a8749933cf89df898700bcab59,517,17.876975812164208,63.00510986960599,17.876975812164208,23.334300054001613,0.0010739709021833643,0.02335336009242538,0.04598785347945304
bfo-ff334e22732fd2b3b794b6357a29b1f32faf53a8749933cf89df898700bcab59,518,17.876913005038915,62.99738254972843,17.876913005038915,23.336109839162305,0.001074344792525308,0.023358166086572846,0.04599439821360299
bfo-ff334e22732fd2b3b794b6357a29b1f32faf53a8749933cf89df898700bcab59,519,17.87683260033968,62.96993736625668,17.87683260033968,23.33562043938593,0.0010743637489581816,0.023357366590167683,0.045996784132781326
bfo-ff334e22732fd2b3b794b6357a29b1f32faf53a8749933cf89df898700bcab59,520,17.87683778248708,62.93279484853124,17.87683778248708,23.335772804747634,0.0010744551578891876,0.02335742770198885,0.046000577272372306
bfo-ff334e22732fd2b3b794b6357a29b1f32faf53a8749933cf89df898700bcab59,521,17.87682118357077,62.97170633390736,17.87682118357077,23.335458019401578,0.0010743428587163498,0.023357288500831356,0.04599604353382503
bfo-ff334e22732fd2b3b794b6357a29b1f32faf53a8749933cf89df898700bcab59,522,17.876785670475876,62.975493317367544,17.876785670475876,23.33565619453755,0.0010743787718798736,0.023357734838146783,0.045996702134200415
bfo-ff334e22732fd2b3b794b6357a29b1f32faf53a8749933cf89df898700bcab59,523,17.876796237768136,62.96728074518929,17.876796237768136,23.335935358352017,0.0010744346727299772,0.02335817389583542,0.045998230748746184
bfo-ff334e22732fd2b3b794b6357a29b1f32faf53a8749933cf89df898700bcab59,524,17.87677788728113,62.980817211610315,17.87677788728113,23.335632128584674,0.0010743691681036427,0.0233577633895493,0.04599623475012747
bfo-ff334e22732fd2b3b794b6357a29b1f32faf53a8749933cf89df898700bcab59,525,17.87675179211305,62.97231151428415,17.87675179211305,23.335480638807386,0.0010743703192503916,0.023357621546964556,0.04599656335257352
bfo-ff334e22732fd2b3b794b6357a29b1f32faf53a8749933cf89df898700bcab59,526,17.87670188083861,62.990352039212354,17.87670188083861,23.335181913931354,0.001074323578085322,0.023357778110694217,0.045994253948043524
bfo-ff334e22732fd2b3b794b6357a29b1f32faf53a8749933cf89df898700bcab59,527,17.876642852125517,63.00133552472211,17.876642852125517,23.334868072662154,0.001074287651289581,0.02335790471006283,0.045992466560014975
bfo-ff334e22732fd2b3b794b6357a29b1f32faf53a8749933cf89df898700bcab59,528,17.876530274644164,63.02942328197706,17.876530274644164,23.334316345275823,0.0010742157819340985,0.02335820677500646,0.045988794956791
bfo-ff334e22732fd2b3b794b6357a29b1f32faf53a8749933cf89df898700bcab59,529,17.876377200592632,63.06995399309942,17.876377200592632,23.334358811499314,0.0010742200307240538,0.023359320349372416,0.04598678448934043
bfo-ff334e22732fd2b3b794b6357a29b1f32faf53a8749933cf89df898700bcab59,530,17.876202583104845,63.13122492641899,17.876202583104845,23.33351449215477,0.0010740855291512703,0.023359863571478987,0.04597995728291261
bfo-ff334e22732fd2b3b794b6357a29b1f32faf53a8749933cf89df898700bcab59,531,17.875953417890724,63.13648113828353,17.875953417890724,23.331398670281295,0.0010738822086992191,0.023359441061830296,0.04597208494230455
bfo-ff334e22732fd2b3b794b6357a29b1f32faf53a8749933cf89df898700bcab59,532,17.876223343267714,63.21143552749781,17.876223343267714,23.328546095380435,0.0010733010414568534,0.02335585345165168,0.045954263400336225
bfo-ff334e22732fd2b3b794b6357a29b1f32faf53a8749933cf89df898700bcab59,533,17.87590812126202,63.12865436042588,17.87590812126202,23.332441895142466,0.0010740935912568368,0.023361905886301295,0.04597628277779564
bfo-ff334e22732fd2b3b794b6357a29b1f32faf53a8749933cf89df898700bcab59,534,17.875733825284613,63.137451636520126,17.875733825284613,23.33355134651858,0.0010743016340108123,0.023364095377943137,0.04598087863590072
bfo-ff334e22732fd2b3b794b6357a29b1f32faf53a8749933cf89df898700bcab59,535,17.87563805819983,63.11921864218848,17.87563805819983,23.334688418278205,0.0010745720347636902,0.023367281277071487,0.04598618136283081
bfo-ff334e22732fd2b3b794b6357a29b1f32faf53a8749933cf89df898700bcab59,536,17.87561906487018,63.10951495356905,17.87561906487018,23.334731910035927,0.0010746055443235625,0.02336752259768488,0.0459871404780423
bfo-ff334e22732fd2b3b794b6357a29b1f32faf53a8749933cf89df898700bcab59,537,17.875588848963606,63.116026659714926,17.875588848963606,23.33473886814934,0.0010746137700351538,0.023367898275029633,0.045986753168275295
bfo-ff334e22732fd2b3b794b6357a29b1f32faf53a8749933cf89df898700bcab59,538,17.875593951009844,63.13301141398794,17.875593951009844,23.33484059561588,0.0010746027392333946,0.023368204761844306,0.04598567798361687
bfo-ff334e22732fd2b3b794b6357a29b1f32faf53a8749933cf89df898700bcab59,539,17.875579777065052,63.10623096162303,17.875579777065052,23.334714891764335,0.0010746326395135737,0.0233678493228504,0.04598765700114034
bfo-ff334e22732fd2b3b794b6357a29b1f32faf53a8749933cf89df898700bcab59,540,17.87556334555398,63.10334401041305,17.87556334555398,23.334777393734132,0.0010746573386343123,0.02336820817198041,0.04598800775503521
bfo-ff334e22732fd2b3b794b6357a29b1f32faf53a8749933cf89df898700bcab59,541,17.87553251095968,63.088899206894354,17.87553251095968,23.335095024216056,0.0010747432712490664,0.023368827628779835,0.04599046594556024
bfo-ff334e22732fd2b3b794b6357a29b1f32faf53a8749933cf89df898700bcab59,542,17.875482625870955,63.092007879778926,17.875482625870955,23.335102079397316,0.0010747692525186064,0.023369344676013877,0.045990560172692464
bfo-ff334e22732fd2b3b794b6357a29b1f32faf53a8749933cf89df898700bcab59,543,17.875451984801245,63.091171729650455,17.875451984801245,23.33542675849678,0.0010748373167063477,0.023370028924871722,0.04599212607573816
bfo-ff334e22732fd2b3b794b6357a29b1f32faf53a8749933cf89df898700bcab59,544,17.875401293059863,63.093982128611295,17.875401293059863,23.335016672853644,0.00107478686396947,0.023369581400009967,0.04599084791347661
bfo-ff334e22732fd2b3b794b6357a29b1f32faf53a8749933cf89df898700bcab59,545,17.87534319723927,63.09383706342759,17.87534319723927,23.334746269086306,0.0010747759081571361,0.02336965966732628,0.04599022508059062
bfo-ff334e22732fd2b3b794b6357a29b1f32faf53a8749933cf89df898700bcab59,546,17.875228647846793,63.09023015511814,17.875228647846793,23.334289142891166,0.001074767596081098,0.023369804906087675,0.045989583584462375
bfo-ff334e22732fd2b3b794b6357a29b1f32faf53a8749933cf89df898700bcab59,547,17.875001678899576,63.09117854267961,17.875001678899576,23.33342058620491,0.0010747549811849395,0.023370455691451672,0.045987763155942996
bfo-ff334e22732fd2b3b794b6357a29b1f32faf53a8749933cf89df898700bcab59,548,17.874554134416982,63.081000647990656,17.874554134416982,23.331836671829212,0.00107475096672403,0.023371356382297027,0.04598581910026051
bfo-ff334e22732fd2b3b794b6357a29b1f32faf53a8749933cf89df898700bcab59,549,17.87371306832812,63.11548822767607,17.87371306832812,23.32990406166073,0.0010748399571341928,0.023374982020250804,0.04598249342835902
bfo-ff334e22732fd2b3b794b6357a29b1f32faf53a8749933cf89df898700bcab59,550,17.87195949537978,63.02182390649678,17.87195949537978,23.32779233980948,0.0010756667633239683,0.02338841560809531,0.04599143359465758
bfo-ff334e22732fd2b3b794b6357a29b1f32faf53a8749933cf89df898700bcab59,551,17.86846052697562,62.836374739690996,17.86846052697562,23.319828354017453,0.0010765035187630671,0.02340198494744689,0.04600052180105823
bfo-ff334e22732fd2b3b794b6357a29b1f32faf53a8749933cf89df898700bcab59,552,17.865744305637268,62.699962101821384,17.865744305637268,23.29764942283186,0.0010758639437681127,0.023415744563040394,0.04594617697812887
bfo-ff334e22732fd2b3b794b6357a29b1f32faf53a8749933cf89df898700bcab59,553,17.86648059456135,62.571809236991356,17.86648059456135,23.351020109162143,0.0010838013834542433,0.023470956707488336,0.04617627636407594
bfo-ff334e22732fd2b3b794b6357a29b1f32faf53a8749933cf89df898700bcab59,554,17.86867708275997,61.633123227577066,17.86867708275997,23.296278193019845,0.0010767596725899365,0.02338751553646961,0.04603993403706683
bfo-ff334e22732fd2b3b794b6357a29b1f32faf53a8749933cf89df898700bcab59,555,17.86491795813668,62.64206893063677,17.86491795813668,23.302067899114565,0.001077050909528618,0.023431387662997134,0.04596615979468845
bfo-ff334e22732fd2b3b794b6357a29b1f32faf53a8749933cf89df898700bcab59,556,17.86971286200564,63.16643313619683,17.86971286200564,23.295464778157665,0.0010732871453581546,0.02339315898744464,0.045880385198689894
bfo-ff334e22732fd2b3b794b6357a29b1f32faf53a8749933cf89df898700bcab59,557,17.864853820548408,62.58892567251071,17.864853820548408,23.302175603641814,0.0010771802014416195,0.023431728423090596,0.045971009137342235
bfo-ff334e22732fd2b3b794b6357a29b1f32faf53a8749933cf89df898700bcab59,558,17.8648302767499,62.49449242699325,17.8648302767499,23.301058089288574,0.0010771262513773554,0.02342782375269806,0.04597636821701411
bfo-ff334e22732fd2b3b794b6357a29b1f32faf53a8749933cf89df898700bcab59,559,17.86487174995675,62.3484342793103,17.86487174995675,23.300723608036808,0.001077264942159845,0.023425355481766493,0.04598713317278586
bfo-ff334e22732fd2b3b794b6357a29b1f32faf53a8749933cf89df898700bcab59,560,17.864813705004813,62.482569554480264,17.864813705004813,23.30144206882987,0.001077227256231313,0.023429027936967373,0.045978316263459454
bfo-ff334e22732fd2b3b794b6357a29b1f32faf53a8749933cf89df898700bcab59,561,17.86463192064522,62.43858622364697,17.86463192064522,23.30205169966613,0.001077428780439069,0.02343034777678906,0.04598432727944433
bfo-ff334e22732fd2b3b794b6357a29b1f32faf53a8749933cf89df898700bcab59,562,17.864497603678963,62.41820002533562,17.864497603678963,23.303845967891807,0.0010778185223991649,0.023434918201760795,0.04599198994934757
bfo-ff334e22732fd2b3b794b6357a29b1f32faf53a8749933cf89df898700bcab59,563,17.864420671636356,62.430918913008796,17.864420671636356,23.30479899531799,0.0010779776446860887,0.023437816639481145,0.04599309147551862
bfo-ff334e22732fd2b3b794b6357a29b1f32faf53a8749933cf89df898700bcab59,564,17.864424515519357,62.34743908989103,17.864424515519357,23.305802572789595,0.0010782991221686582,0.023439445805165677,0.04600360994588953
bfo-ff334e22732fd2b3b794b6357a29b1f32faf53a8749933cf89df898700bcab59,565,17.864506327055743,62.43262545770531,17.864506327055743,23.30456611465778,0.0010779035452260757,0.023436982506797256,0.045991566743434624
bfo-ff334e22732fd2b3b794b6357a29b1f32faf53a8749933cf89df898700bcab59,566,17.864295620197996,62.42494488646543,17.864295620197996,23.305864737843383,0.0010781805950212118,0.023439785849665565,0.0459978858994821
bfo-ff334e22732fd2b3b794b6357a29b1f32faf53a8749933cf89df898700bcab59,567,17.864145744846237,62.41720455713795,17.864145744846237,23.306631179145242,0.001078360513477755,0.023441594265040777,0.04600201254596193
bfo-ff334e22732fd2b3b794b6357a29b1f32faf53a8749933cf89df898700bcab59,568,17.86404065684893,62.408376843915796,17.86404065684893,23.307612699089265,0.001078547989393815,0.023443323776761966,0.04600661577105027
bfo-ff334e22732fd2b3b794b6357a29b1f32faf53a8749933cf89df898700bcab59,569,17.864026098041172,62.404098205176574,17.864026098041172,23.30836388322676,0.0010786975908371548,0.023445149334282153,0.04600941437638245
bfo-ff334e22732fd2b3b794b6357a29b1f32faf53a8749933cf89df898700bcab59,570,17.863967785994276,62.41316742127047,17.863967785994276,23.308636683826577,0.0010787491276333316,0.023445954131828237,0.04601003318388793
bfo-ff334e22732fd2b3b794b6357a29b1f32faf53a8749933cf89df898700bcab59,571,17.863919849514993,62.41615173210608,17.863919849514993,23.309153777052018,0.0010788352079146991,0.023446896070230448,0.046011856097423975
bfo-ff334e22732fd2b3b794b6357a29b1f32faf53a8749933cf89df898700bcab59,572,17.863871323568592,62.42714648288526,17.863871323568592,23.309126328006776,0.0010788329276718075,0.023447283285474258,0.04601099899450404
bfo-ff334e22732fd2b3b794b6357a29b1f32faf53a8749933cf89df898700bcab59,573,17.863826900391746,62.43098183080833,17.863826900391746,23.308983843571855,0.0010788144457246473,0.023447127667111513,0.04601051612978009
bfo-ff334e22732fd2b3b794b6357a29b1f32faf53a8749933cf89df898700bcab59,574,17.863768418310233,62.43657197288914,17.863768418310233,23.30925737344569,0.00107886074098166,0.02344773736370978,0.04601129414949094
bfo-ff334e22732fd2b3b794b6357a29b1f32faf53a8749933cf89df898700bcab59,575,17.863701398988372,62.41344696367752,17.863701398988372,23.309465932211346,0.0010789441550114105,0.023447911431794543,0.04601450999803761
bfo-ff334e22732fd2b3b794b6357a29b1f32faf53a8749933cf89df898700bcab59,576,17.86359709307525,62.41989985255079,17.86359709307525,23.31013806360714,0.0010790589467354309,0.02344922048264171,0.0460168365739153
bfo-ff334e22732fd2b3b794b6357a29b1f32faf53a8749933cf89df898700bcab59,577,17.86343754159051,62.460366758815496,17.86343754159051,23.311065834651565,0.001079221130461035,0.02345249723708468,0.046017322571282396
bfo-ff334e22732fd2b3b794b6357a29b1f32faf53a8749933cf89df898700bcab59,578,17.86327534943794,62.49278936522699,17.86327534943794,23.31249376129628,0.001079422394018181,0.023455345046613802,0.046020316131483
bfo-ff334e22732fd2b3b794b6357a29b1f32faf53a8749933cf89df898700bcab59,579,17.863264102228012,62.471876356526025,17.863264102228012,23.314162760601715,0.0010797150614625301,0.023457825457287994,0.04602792630665938
bfo-ff334e22732fd2b3b794b6357a29b1f32faf53a8749933cf89df898700bcab59,580,17.863288720273143,62.452763172053025,17.863288720273143,23.314805132691603,0.001079813283359181,0.02345789059038917,0.046031985663774325
bfo-ff334e22732fd2b3b794b6357a29b1f32faf53a8749933cf89df898700bcab59,581,17.86327264620842,62.4681847285647,17.86327264620842,23.314139893145295,0.0010797138365649618,0.023457716226571654,0.046028088418169175
bfo-ff334e22732fd2b3b794b6357a29b1f32faf53a8749933cf89df898700bcab59,582,17.86327036361751,62.46719986788536,17.86327036361751,23.314180580410234,0.0010797219008386357,0.02345785143324498,0.04602816689803186
bfo-ff334e22732fd2b3b794b6357a29b1f32faf53a8749933cf89df898700bcab59,583,17.863264306836786,62.4680508806714,17.863264306836786,23.31408312385328,0.001079707769091208,0.02345761187085545,0.04602803452608381
bfo-ff334e22732fd2b3b794b6357a29b1f32faf53a8749933cf89df898700bcab59,584,17.863207274043397,62.47592888648286,17.863207274043397,23.3139792754177,0.001079705490971571,0.023457808674781987,0.04602755124916226
bfo-ff334e22732fd2b3b794b6357a29b1f32faf53a8749933cf89df898700bcab59,585,17.863135477405194,62.49819136648834,17.863135477405194,23.313528459346806,0.001079618908406694,0.023457463344422662,0.046024537800818444
bfo-ff334e22732fd2b3b794b6357a29b1f32faf53a8749933cf89df898700bcab59,586,17.86305703614338,62.5127582172791,17.86305703614338,23.313125830798693,0.0010795616043550898,0.02345728215230965,0.04602245039921618
bfo-ff334e22732fd2b3b794b6357a29b1f32faf53a8749933cf89df898700bcab59,587,17.862912388561014,62.556772613235054,17.862912388561014,23.31250210594461,0.0010794465233558029,0.023457240308217917,0.04601762650560534
bfo-ff334e22732fd2b3b794b6357a29b1f32faf53a8749933cf89df898700bcab59,588,17.862717650874757,62.58375195316505,17.862717650874757,23.31117066282733,0.0010792222039738113,0.023454993211883463,0.046012471384004654
bfo-ff334e22732fd2b3b794b6357a29b1f32faf53a8749933cf89df898700bcab59,589,17.862554708384497,62.6812554207215,17.862554708384497,23.310446415370414,0.0010790035051293717,0.023454907994604,0.04600331433308567
bfo-ff334e22732fd2b3b794b6357a29b1f32faf53a8749933cf89df898700bcab59,590,17.8623791750607,62.70124248066687,17.8623791750607,23.309504427272753,0.0010789109373632079,0.023454677691472078,0.04599981937741531
bfo-ff334e22732fd2b3b794b6357a29b1f32faf53a8749933cf89df898700bcab59,591,17.862368170921282,62.69746482138495,17.862368170921282,23.308599945711876,0.0010787704777458123,0.023453002191000806,0.04599711665740385
bfo-ff334e22732fd2b3b794b6357a29b1f32faf53a8749933cf89df898700bcab59,592,17.862394311229792,62.72837820876303,17.862394311229792,23.30876933907729,0.0010787372310168686,0.023453526729899452,0.045994670372607675
bfo-ff334e22732fd2b3b794b6357a29b1f32faf53a8749933cf89df898700bcab59,593,17.862359895315794,62.69601651186749,17.862359895315794,23.308787381719448,0.0010788035685939871,0.023453323037855033,0.04599789832991833
bfo-ff334e22732fd2b3b794b6357a29b1f32faf53a8749933cf89df898700bcab59,594,17.862319622638058,62.695725403997656,17.862319622638058,23.30850983654924,0.0010787700941688656,0.023452819052471114,0.04599745948473519
bfo-ff334e22732fd2b3b794b6357a29b1f32faf53a8749933cf89df898700bcab59,595,17.86232432839191,62.701568669276526,17.86232432839191,23.308304874131945,0.001078722874270798,0.02345237457843078,0.04599631779985736
bfo-ff334e22732fd2b3b794b6357a29b1f32faf53a8749933cf89df898700bcab59,596,17.862301027909616,62.69249523915572,17.862301027909616,23.30869022370973,0.0010788101078166524,0.023453209453003068,0.04599839991956905
bfo-ff334e22732fd2b3b794b6357a29b1f32faf53a8749933cf89df898700bcab59,597,17.86229663921665,62.69983708134891,17.86229663921665,23.308523436838986,0.0010787686784483926,0.023452999781719795,0.04599704466331118
bfo-ff334e22732fd2b3b794b6357a29b1f32faf53a8749933cf89df898700bcab59,598,17.862248860120182,62.69790294174903,17.862248860120182,23.308716648602534,0.0010788057808012934,0.023453178411578686,0.045998276304788345
bfo-ff334e22732fd2b3b794b6357a29b1f32faf53a8749933cf89df898700bcab59,599,17.862179838997534,62.69850877185675,17.862179838997534,23.308948687925234,0.001078865498271296,0.023453796090736858,0.045999611069245924
bfo-ff334e22732fd2b3b794b6357a29b1f32faf53a8749933cf89df898700bcab59,600,17.86204610292379,62.68018184828291,17.86204610292379,23.30939238035606,0.0010790083737779374,0.023454775701070883,0.046003781384644525
bfo-ff334e22732fd2b3b794b6357a29b1f32faf53a8749933cf89df898700bcab59,601,17.86179178148237,62.67698254609024,17.86179178148237,23.310095389398228,0.001079204170219325,0.02345649842775813,0.04600874992246107
bfo-ff334e22732fd2b3b794b6357a29b1f32faf53a8749933cf89df898700bcab59,602,17.861487987297938,62.55921602579014,17.861487987297938,23.31160491387646,0.0010797012354060783,0.02345800802999537,0.046026978677195525
bfo-ff334e22732fd2b3b794b6357a29b1f32faf53a8749933cf89df898700bcab59,603,17.861041969053595,62.66028912481205,17.861041969053595,23.31198282409408,0.0010797387348083227,0.02346036277728161,0.046023957304441726
bfo-ff334e22732fd2b3b794b6357a29b1f32faf53a8749933cf89df898700bcab59,604,17.860804779789852,62.701303496942266,17.860804779789852,23.313396525264185,0.0010800378363058011,0.023465404459133817,0.04602681527125353
bfo-ff334e22732fd2b3b794b6357a29b1f32faf53a8749933cf89df898700bcab59,605,17.8603891264568,62.72542270924509,17.8603891264568,23.313522433222428,0.0010801373446519245,0.023466456248691658,0.046028992754802774
bfo-ff334e22732fd2b3b794b6357a29b1f32faf53a8749933cf89df898700bcab59,606,17.859681526622182,62.73791235318038,17.859681526622182,23.30846532517268,0.0010795722688055518,0.023459691757595744,0.046018177901080454
bfo-ff334e22732fd2b3b794b6357a29b1f32faf53a8749933cf89df898700bcab59,607,17.858946915754814,62.73227734091196,17.858946915754814,23.308977933798964,0.0010799748986183779,0.023462107473297793,0.04603060061196534
bfo-ff334e22732fd2b3b794b6357a29b1f32faf53a8749933cf89df898700bcab59,608,17.85849234745636,62.8050518190215,17.85849234745636,23.31151466493926,0.001080368593479393,0.02346711225502917,0.046037560213564935
bfo-ff334e22732fd2b3b794b6357a29b1f32faf53a8749933cf89df898700bcab59,609,17.858255540754353,62.830961600056796,17.858255540754353,23.313987769138897,0.0010805854448018265,0.023465319270959815,0.04605031929563968
bfo-ff334e22732fd2b3b794b6357a29b1f32faf53a8749933cf89df898700bcab59,610,17.857462753409486,62.73259853435438,17.857462753409486,23.311156959508253,0.0010807164569873137,0.023466160445786477,0.046054251588540734
bfo-ff334e22732fd2b3b794b6357a29b1f32faf53a8749933cf89df898700bcab59,611,17.858140271274365,62.547074230609,17.858140271274365,23.314836997861363,0.0010813751051885596,0.02346802364341776,0.04607866097373139
bfo-ff334e22732fd2b3b794b6357a29b1f32faf53a8749933cf89df898700bcab59,612,17.85735072410009,62.75214843704761,17.85735072410009,23.310270546160964,0.0010805819838070815,0.023465445782213584,0.04604992352739127
bfo-ff334e22732fd2b3b794b6357a29b1f32faf53a8749933cf89df898700bcab59,613,17.857115081182258,62.86076329577186,17.857115081182258,23.310759657213982,0.001080602600231505,0.02346924822813991,0.04604334104472292
bfo-ff334e22732fd2b3b794b6357a29b1f32faf53a8749933cf89df898700bcab59,614,17.85672366519147,63.007012492330745,17.85672366519147,23.306592591919433,0.0010798908680072579,0.023465440630819324,0.04602048114063274
bfo-ff334e22732fd2b3b794b6357a29b1f32faf53a8749933cf89df898700bcab59,615,17.85670105377872,63.09268577914933,17.85670105377872,23.30743956889657,0.0010799754616607534,0.023469266647658665,0.046016583213881274
bfo-ff334e22732fd2b3b794b6357a29b1f32faf53a8749933cf89df898700bcab59,616,17.856545272423467,63.071338559255466,17.856545272423467,23.306330567645333,0.0010798896742017343,0.02346754684915532,0.046016299920185445
bfo-ff334e22732fd2b3b794b6357a29b1f32faf53a8749933cf89df898700bcab59,617,17.856441001931024,63.083698032822305,17.856441001931024,23.307311661794945,0.0010800634527233504,0.02346980243299691,0.04601928183276295
bfo-ff334e22732fd2b3b794b6357a29b1f32faf53a8749933cf89df898700bcab59,618,17.85639166063772,63.10956085234211,17.85639166063772,23.30635349175303,0.0010798667994887027,0.023468499265522122,0.0460134577533532
bfo-ff334e22732fd2b3b794b6357a29b1f32faf53a8749933cf89df898700bcab59,619,17.85623899818871,63.13034308877105,17.85623899818871,23.30541979638486,0.0010797642299925695,0.02346792663633582,0.04601020988026913
bfo-ff334e22732fd2b3b794b6357a29b1f32faf53a8749933cf89df898700bcab59,620,17.856218347502587,63.188999188748014,17.856218347502587,23.305243316304324,0.0010796051043865187,0.02346638884649465,0.046006444001620954
bfo-ff334e22732fd2b3b794b6357a29b1f32faf53a8749933cf89df898700bcab59,621,17.85616139658485,63.18846857243371,17.85616139658485,23.305104967241977,0.0010796177434357966,0.023466554336403097,0.04600665815522016
bfo-ff334e22732fd2b3b794b6357a29b1f32faf53a8749933cf89df898700bcab59,622,17.856042433158176,63.17484284890121,17.856042433158176,23.305455882851476,0.0010797568594615873,0.02346801614695571,0.046009720323192047
bfo-ff334e22732fd2b3b794b6357a29b1f32faf53a8749933cf89df898700bcab59,623,17.8558990580293,63.17975748173147,17.8558990580293,23.306212436431142,0.0010799519793292518,0.02347068370284599,0.04601280444158087
bfo-ff334e22732fd2b3b794b6357a29b1f32faf53a8749933cf89df898700bcab59,624,17.85570563499861,63.15811262606401,17.85570563499861,23.30623327852172,0.001080104911369447,0.023472397158256608,0.04601596096415365
bfo-ff334e22732fd2b3b794b6357a29b1f32faf53a8749933cf89df898700bcab59,625,17.855479347628144,63.18086630500471,17.855479347628144,23.30466575945878,0.0010800017349718368,0.023472777563368113,0.046010819642294906
bfo-ff334e22732fd2b3b794b6357a29b1f32faf53a8749933cf89df898700bcab59,626,17.85515484406019,63.18845467523671,17.85515484406019,23.3052323645658,0.0010802377377478196,0.023475856321637747,0.04601483851952877
bfo-ff334e22732fd2b3b794b6357a29b1f32faf53a8749933cf89df898700bcab59,627,17.85500949090181,63.26579064314377,17.85500949090181,23.307095946856165,0.0010805301705481846,0.02348169551895279,0.04601584965089322
bfo-ff334e22732fd2b3b794b6357a29b1f32faf53a8749933cf89df898700bcab59,628,17.854878434580932,63.36146928143708,17.854878434580932,23.306530747001613,0.0010803813640627518,0.023482296409321306,0.04600833518283561
bfo-ff334e22732fd2b3b794b6357a29b1f32faf53a8749933cf89df898700bcab59,629,17.854584373846205,63.29579495692331,17.854584373846205,23.304166117298657,0.001080201722754627,0.023479016217638156,0.046007111743597943
bfo-ff334e22732fd2b3b794b6357a29b1f32faf53a8749933cf89df898700bcab59,630,17.854134758178187,63.15442112433971,17.854134758178187,23.303274262059514,0.0010804595553454914,0.023478201062429878,0.046019690881447334
bfo-ff334e22732fd2b3b794b6357a29b1f32faf53a8749933cf89df898700bcab59,631,17.853987403896767,63.10255125645541,17.853987403896767,23.30480243769109,0.0010808099097313062,0.02348074181251798,0.046029632213540554
bfo-ff334e22732fd2b3b794b6357a29b1f32faf53a8749933cf89df898700bcab59,632,17.853737010129908,63.01900144932562,17.853737010129908,23.30188232096478,0.0010806079396747134,0.023476581677302454,0.04602918578727597
bfo-ff334e22732fd2b3b794b6357a29b1f32faf53a8749933cf89df898700bcab59,633,17.853542582314784,62.83941348337573,17.853542582314784,23.304110675969902,0.0010812901663816408,0.023478855040909442,0.046053786034182934
bfo-ff334e22732fd2b3b794b6357a29b1f32faf53a8749933cf89df898700bcab59,634,17.85358641082681,62.76553056043076,17.85358641082681,23.30435461726122,0.001081477367653835,0.023478205916703004,0.04606303273302685
bfo-ff334e22732fd2b3b794b6357a29b1f32faf53a8749933cf89df898700bcab59,635,17.85355933317024,62.82096568901757,17.85355933317024,23.30399632685129,0.0010813276562686145,0.0234794764603345,0.04605416386073923
bfo-ff334e22732fd2b3b794b6357a29b1f32faf53a8749933cf89df898700bcab59,636,17.853444657265033,62.816523438365856,17.853444657265033,23.303372093947587,0.001081229980378495,0.023477569136160805,0.04605374492170718
bfo-ff334e22732fd2b3b794b6357a29b1f32faf53a8749933cf89df898700bcab59,637,17.853294435005953,62.81462275299231,17.853294435005953,23.30195653731226,0.0010810646982100825,0.023475629519065996,0.04605050941582136
bfo-ff334e22732fd2b3b794b6357a29b1f32faf53a8749933cf89df898700bcab59,638,17.853174414381893,62.79699955238847,17.853174414381893,23.301591278543192,0.001081059812881734,0.023475025557169613,0.04605148608886446
bfo-ff334e22732fd2b3b794b6357a29b1f32faf53a8749933cf89df898700bcab59,639,17.85304630593976,62.81704349352903,17.85304630593976,23.301423411187674,0.0010810630226932999,0.02347539348860561,0.0460509010516915
bfo-ff334e22732fd2b3b794b6357a29b1f32faf53a8749933cf89df898700bcab59,640,17.85301414153503,62.82764541004222,17.85301414153503,23.30269700959193,0.0010812802440065016,0.02347819440380993,0.046054659289772155
bfo-ff334e22732fd2b3b794b6357a29b1f32faf53a8749933cf89df898700bcab59,641,17.85301706518567,62.79707614279069,17.85301706518567,23.302425119024935,0.0010812711295856371,0.023476978818209374,0.04605665566929652
bfo-ff334e22732fd2b3b794b6357a29b1f32faf53a8749933cf89df898700bcab59,642,17.853002562517787,62.827443874337106,17.853002562517787,23.3024808850457,0.0010812539057703501,0.023477940488459765,0.046054035544634955
bfo-ff334e22732fd2b3b794b6357a29b1f32faf53a8749933cf89df898700bcab59,643,17.85294197023675,62.836213688612986,17.85294197023675,23.30219526777327,0.0010812213085259691,0.023477862037176906,0.04605280100947303
bfo-ff334e22732fd2b3b794b6357a29b1f32faf53a8749933cf89df898700bcab59,644,17.852825325180454,62.87059131789515,17.852825325180454,23.301252702186222,0.0010810731418328084,0.023477297723565483,0.04604759689815896
bfo-ff334e22732fd2b3b794b6357a29b1f32faf53a8749933cf89df898700bcab59,645,17.852631213415844,62.905378264266986,17.852631213415844,23.300196601939387,0.001080934521593286,0.023476857920374638,0.046042554981566994
bfo-ff334e22732fd2b3b794b6357a29b1f32faf53a8749933cf89df898700bcab59,646,17.852309649270364,62.96982133915277,17.852309649270364,23.299234800508845,0.0010808164429472362,0.023477132676563425,0.046036986621717464
bfo-ff334e22732fd2b3b794b6357a29b1f32faf53a8749933cf89df898700bcab59,647,17.85239541932623,63.14683271483234,17.85239541932623,23.296089971581114,0.0010800376596462663,0.023472688121621958,0.0460125254529917
bfo-ff334e22732fd2b3b794b6357a29b1f32faf53a8749933cf89df898700bcab59,648,17.852340948946342,62.98749514265841,17.852340948946342,23.29924242872445,0.0010807647107103678,0.023477121491129023,0.04603480503854536
bfo-ff334e22732fd2b3b794b6357a29b1f32faf53a8749933cf89df898700bcab59,649,17.852207894757097,62.917452832604006,17.852207894757097,23.298188172225217,0.0010807795559569678,0.023475179725929423,0.04603924521877874
bfo-ff334e22732fd2b3b794b6357a29b1f32faf53a8749933cf89df898700bcab59,650,17.852071464016806,62.87305430670229,17.852071464016806,23.299746123234694,0.0010811391508042108,0.023477848269426237,0.0460493286436352
bfo-ff334e22732fd2b3b794b6357a29b1f32faf53a8749933cf89df898700bcab59,651,17.85208056681921,62.863477568385704,17.85208056681921,23.300747547098037,0.0010813228253971413,0.023479499073333403,0.046053913757693514
bfo-ff334e22732fd2b3b794b6357a29b1f32faf53a8749933cf89df898700bcab59,652,17.85207525422959,62.88314310456987,17.85207525422959,23.29988113567436,0.0010811275072908945,0.023477626391553416,0.04604926789702444
bfo-ff334e22732fd2b3b794b6357a29b1f32faf53a8749933cf89df898700bcab59,653,17.85204824694959,62.88465752571649,17.85204824694959,23.30038988028184,0.001081245236441845,0.023479525256424515,0.04605055786406893
bfo-ff334e22732fd2b3b794b6357a29b1f32faf53a8749933cf89df898700bcab59,654,17.852045355998133,62.89370282160477,17.852045355998133,23.300428573133622,0.001081247238269378,0.023479830991437863,0.046050043488969954
bfo-ff334e22732fd2b3b794b6357a29b1f32faf53a8749933cf89df898700bcab59,655,17.852038246121236,62.892406111973656,17.852038246121236,23.300401583807684,0.0010812477430274952,0.023479892582834283,0.04604994419003328
bfo-ff334e22732fd2b3b794b6357a29b1f32faf53a8749933cf89df898700bcab59,656,17.852019198314,62.8791193065059,17.852019198314,23.300542514898382,0.0010812961619797144,0.02348000038057001,0.0460517949085938
bfo-ff334e22732fd2b3b794b6357a29b1f32faf53a8749933cf89df898700bcab59,657,17.852003214891617,62.861176512688736,17.852003214891617,23.30075806038293,0.0010813660257368632,0.023480270512450985,0.046054240523483
bfo-ff334e22732fd2b3b794b6357a29b1f32faf53a8749933cf89df898700bcab59,658,17.85199596911318,62.86069411545944,17.85199596911318,23.300886137861678,0.0010813837549424512,0.023480494562840026,0.046054556135876175
bfo-ff334e22732fd2b3b794b6357a29b1f32faf53a8749933cf89df898700bcab59,659,17.85203307845247,62.85086903947787,17.85203307845247,23.301595056020506,0.0010814925887153975,0.02348138932184549,0.04605743612066643
bfo-ff334e22732fd2b3b794b6357a29b1f32faf53a8749933cf89df898700bcab59,660,17.852017148898167,62.85216520611606,17.852017148898167,23.300909618641317,0.0010813917648174766,0.023480333211434393,0.04605521374334088
bfo-ff334e22732fd2b3b794b6357a29b1f32faf53a8749933cf89df898700bcab59,661,17.85193563622008,62.87164034595743,17.85193563622008,23.300471313445527,0.001081329909103694,0.02348025661580847,0.04605272961010446
bfo-ff334e22732fd2b3b794b6357a29b1f32faf53a8749933cf89df898700bcab59,662,17.851823854934956,62.89204784231832,17.851823854934956,23.299644178582557,0.0010812220507750196,0.02347971563729921,0.046049196995274544
bfo-ff334e22732fd2b3b794b6357a29b1f32faf53a8749933cf89df898700bcab59,663,17.851633676943745,62.92995862320109,17.851633676943745,23.298017578676415,0.0010810031391245162,0.023478435295607,0.0460423842353234
bfo-ff334e22732fd2b3b794b6357a29b1f32faf53a8749933cf89df898700bcab59,664,17.851366534929202,63.03102190544314,17.851366534929202,23.298946930069707,0.001081095386094471,0.02348241980194604,0.04603850008698329
bfo-ff334e22732fd2b3b794b6357a29b1f32faf53a8749933cf89df898700bcab59,665,17.851099888082487,63.10867462673668,17.851099888082487,23.296384880846865,0.0010807170392915545,0.023480277141644815,0.046026587879356234
bfo-ff334e22732fd2b3b794b6357a29b1f32faf53a8749933cf89df898700bcab59,666,17.851020810865634,63.131109819193895,17.851020810865634,23.29564483737325,0.0010805633952939147,0.02347936846280879,0.04602182537428646
bfo-ff334e22732fd2b3b794b6357a29b1f32faf53a8749933cf89df898700bcab59,667,17.850816397725577,63.067668068168274,17.850816397725577,23.296208141190967,0.0010808336116294977,0.02348088719775312,0.0460303566269388
bfo-ff334e22732fd2b3b794b6357a29b1f32faf53a8749933cf89df898700bcab59,668,17.850633999236695,62.993238501874885,17.850633999236695,23.297141562281453,0.0010811541862954359,0.02348230251719459,0.04604123405291179
bfo-ff334e22732fd2b3b794b6357a29b1f32faf53a8749933cf89df898700bcab59,669,17.85053486631555,62.95969876979778,17.85053486631555,23.297565832051436,0.0010813104393745476,0.023483395790895856,0.046045744363502776
bfo-ff334e22732fd2b3b794b6357a29b1f32faf53a8749933cf89df898700bcab59,670,17.85046226244109,62.967093072243486,17.85046226244109,23.298083777533545,0.0010814390859955202,0.02348504308954004,0.04604799241254875
bfo-ff334e22732fd2b3b794b6357a29b1f32faf53a8749933cf89df898700bcab59,671,17.850380250051156,62.94257475481161,17.850380250051156,23.2996382468884,0.0010817655172565865,0.023488054935485204,0.04605598548827815
bfo-ff334e22732fd2b3b794b6357a29b1f32faf53a8749933cf89df898700bcab59,672,17.850338017870513,62.88772234012975,17.850338017870513,23.29888234804887,0.0010817942530110534,0.023488140514834634,0.0460570410981582
bfo-ff334e22732fd2b3b794b6357a29b1f32faf53a8749933cf89df898700bcab59,673,17.850292253562035,62.874598218607346,17.850292253562035,23.298587267585642,0.001081765210551206,0.023487126770424364,0.04605779247180607
bfo-ff334e22732fd2b3b794b6357a29b1f32faf53a8749933cf89df898700bcab59,674,17.850256716535657,62.85036692679843,17.850256716535657,23.298811522142515,0.0010818498058991534,0.023487202940071037,0.04606124486851653
bfo-ff334e22732fd2b3b794b6357a29b1f32faf53a8749933cf89df898700bcab59,675,17.850201132450152,62.843009535731255,17.850201132450152,23.298901307258426,0.0010818902018440739,0.023487402785828393,0.04606257284849113
bfo-ff334e22732fd2b3b794b6357a29b1f32faf53a8749933cf89df898700bcab59,676,17.850120751815275,62.849380182374105,17.850120751815275,23.29869440321636,0.0010818793865457303,0.02348761418634885,0.04606169779366205
bfo-ff334e22732fd2b3b794b6357a29b1f32faf53a8749933cf89df898700bcab59,677,17.849983076398487,62.81079889706804,17.849983076398487,23.297527514129772,0.0010818171561202408,0.023485983712711843,0.046062245863463865
bfo-ff334e22732fd2b3b794b6357a29b1f32faf53a8749933cf89df898700bcab59,678,17.84991415778236,62.773454859526,17.84991415778236,23.297862810574795,0.0010819421096683365,0.023486362792674454,0.0460668226587133
bfo-ff334e22732fd2b3b794b6357a29b1f32faf53a8749933cf89df898700bcab59,679,17.849661581681296,62.824014267424644,17.849661581681296,23.29626334275438,0.0010817414933166603,0.02348590436373317,0.04605917986224455
bfo-ff334e22732fd2b3b794b6357a29b1f32faf53a8749933cf89df898700bcab59,680,17.8492795110622,62.8836093724736,17.8492795110622,23.293513649705744,0.0010814152644568447,0.023484145346836224,0.04604873835029864
bfo-ff334e22732fd2b3b794b6357a29b1f32faf53a8749933cf89df898700bcab59,681,17.849086022930194,63.14475265012494,17.849086022930194,23.290849362935266,0.0010807490120008623,0.023484299353220595,0.04602006624705413
bfo-ff334e22732fd2b3b794b6357a29b1f32faf53a8749933cf89df898700bcab59,682,17.848599177988056,63.03955641987457,17.848599177988056,23.286181874309783,0.0010804170601583644,0.023477257878671207,0.04601972963545754
bfo-ff334e22732fd2b3b794b6357a29b1f32faf53a8749933cf89df898700bcab59,683,17.8482393951489,63.14130883485573,17.8482393951489,23.289663230034368,0.0010808599221442264,0.02348515944186935,0.04602310343345036
bfo-ff334e22732fd2b3b794b6357a29b1f32faf53a8749933cf89df898700bcab59,684,17.847877872939545,63.05666730911044,17.847877872939545,23.29064329225513,0.001081284108124883,0.023487292236498123,0.04603698447812641
bfo-ff334e22732fd2b3b794b6357a29b1f32faf53a8749933cf89df898700bcab59,685,17.847484035910714,62.982588822730925,17.847484035910714,23.291283299083936,0.0010816391266803168,0.0234890464265508,0.04604866059857108
bfo-ff334e22732fd2b3b794b6357a29b1f32faf53a8749933cf89df898700bcab59,686,17.847265400909155,62.85238389543679,17.847265400909155,23.291391835772924,0.0010817813895634637,0.023483661742573773,0.046065277273275106
bfo-ff334e22732fd2b3b794b6357a29b1f32faf53a8749933cf89df898700bcab59,687,17.84701004017073,62.653865989450615,17.84701004017073,23.291567796862374,0.0010823971613919813,0.023488587672431272,0.04608183244079842
bfo-ff334e22732fd2b3b794b6357a29b1f32faf53a8749933cf89df898700bcab59,688,17.847474706944418,62.63892905873573,17.847474706944418,23.30070030377886,0.001083671007869548,0.02349908879035297,0.046115448030241285
bfo-ff334e22732fd2b3b794b6357a29b1f32faf53a8749933cf89df898700bcab59,689,17.84707992609869,62.64460652592483,17.84707992609869,23.29262360931341,0.0010825490272201766,0.023489924868073574,0.046085674317823275
bfo-ff334e22732fd2b3b794b6357a29b1f32faf53a8749933cf89df898700bcab59,690,17.84683486314619,62.7202204027418,17.84683486314619,23.290821053607893,0.0010822910812528794,0.02348879807706458,0.04607690345423304
bfo-ff334e22732fd2b3b794b6357a29b1f32faf53a8749933cf89df898700bcab59,691,17.846694846049857,62.75172086934098,17.846694846049857,23.287417602347784,0.0010817258813756966,0.02348246697158144,0.046065257227224245
bfo-ff334e22732fd2b3b794b6357a29b1f32faf53a8749933cf89df898700bcab59,692,17.846594421401562,62.73619052778078,17.846594421401562,23.28707861446896,0.0010817018085935977,0.023482331334089883,0.04606449816263619
bfo-ff334e22732fd2b3b794b6357a29b1f32faf53a8749933cf89df898700bcab59,693,17.846579678392445,62.777662478135085,17.846579678392445,23.28592741181921,0.0010814616937051243,0.023480699084875024,0.04605747425985892
bfo-ff334e22732fd2b3b794b6357a29b1f32faf53a8749933cf89df898700bcab59,694,17.84663024048384,62.733245705551866,17.84663024048384,23.286137201844657,0.0010815299136712887,0.02348000829602003,0.04606173473348444
bfo-ff334e22732fd2b3b794b6357a29b1f32faf53a8749933cf89df898700bcab59,695,17.846581677369674,62.78074426933475,17.846581677369674,23.28613605385331,0.0010814858256126953,0.023481059160121394,0.046057795699838616
bfo-ff334e22732fd2b3b794b6357a29b1f32faf53a8749933cf89df898700bcab59,696,17.84658199628051,62.779256477845216,17.84658199628051,23.28559702069313,0.0010814096048274112,0.023480156599210922,0.04605631995076869
bfo-ff334e22732fd2b3b794b6357a29b1f32faf53a8749933cf89df898700bcab59,697,17.846596773355298,62.77978261027282,17.846596773355298,23.285765949173044,0.0010814313092803493,0.02348053809613692,0.04605649601608871
bfo-ff334e22732fd2b3b794b6357a29b1f32faf53a8749933cf89df898700bcab59,698,17.84653102689281,62.790126116068016,17.84653102689281,23.28601476310611,0.001081478979428733,0.023481208116208335,0.046057211966117804
bfo-ff334e22732fd2b3b794b6357a29b1f32faf53a8749933cf89df898700bcab59,699,17.84643964763651,62.80945301876945,17.84643964763651,23.286320171316987,0.0010815353348824501,0.023482262073039856,0.04605754469132547
bfo-ff334e22732fd2b3b794b6357a29b1f32faf53a8749933cf89df898700bcab59,700,17.84634593191052,62.83703930111318,17.84634593191052,23.28658214462156,0.001081577835733806,0.023483453351813434,0.04605701808547186
bfo-ff334e22732fd2b3b794b6357a29b1f32faf53a8749933cf89df898700bcab59,701,17.846263488458312,62.9128981459293,17.846263488458312,23.28671639090935,0.0010814868003673611,0.023483468252372488,0.04605311228924206
bfo-ff334e22732fd2b3b794b6357a29b1f32faf53a8749933cf89df898700bcab59,702,17.846169879087814,62.963439239262186,17.846169879087814,23.286278263070134,0.0010814298344700422,0.023484889688187485,0.04604789925898539
bfo-ff334e22732fd2b3b794b6357a29b1f32faf53a8749933cf89df898700bcab59,703,17.846033239159638,62.962935218451115,17.846033239159638,23.287594580421665,0.0010816840693533064,0.023487645039553008,0.04605332154550867
bfo-ff334e22732fd2b3b794b6357a29b1f32faf53a8749933cf89df898700bcab59,704,17.845907174291828,62.979417118036764,17.845907174291828,23.288553783690457,0.0010818724765175249,0.023490316171519202,0.04605610535924755
bfo-ff334e22732fd2b3b794b6357a29b1f32faf53a8749933cf89df898700bcab59,705,17.84581790921443,63.043069938108516,17.84581790921443,23.28941526746243,0.00108194045540156,0.023492350768308547,0.046055010248744886
bfo-ff334e22732fd2b3b794b6357a29b1f32faf53a8749933cf89df898700bcab59,706,17.845640026262704,62.99446947095769,17.845640026262704,23.28892729449559,0.0010820232857311073,0.023491825345803446,0.0460595662450044
bfo-ff334e22732fd2b3b794b6357a29b1f32faf53a8749933cf89df898700bcab59,707,17.845544578292614,62.941137886910354,17.845544578292614,23.289953010628306,0.0010822958467590748,0.0234930598329445,0.04606874772614178
bfo-ff334e22732fd2b3b794b6357a29b1f32faf53a8749933cf89df898700bcab59,708,17.845413528455726,62.93741047219188,17.845413528455726,23.289110407858757,0.0010822486410960188,0.02349278863297736,0.04606727017399892
bfo-ff334e22732fd2b3b794b6357a29b1f32faf53a8749933cf89df898700bcab59,709,17.84525024225467,62.93850764539921,17.84525024225467,23.28896244249212,0.0010822943605551152,0.023492917446454927,0.046068963679027145
bfo-ff334e22732fd2b3b794b6357a29b1f32faf53a8749933cf89df898700bcab59,710,17.844941742326817,62.95658081945968,17.844941742326817,23.28825497936788,0.0010823196716889768,0.023493491562808184,0.046068915248100605
bfo-ff334e22732fd2b3b794b6357a29b1f32faf53a8749933cf89df898700bcab59,711,17.844613039706882,62.99295060509589,17.844613039706882,23.288627421183488,0.0010824778044906797,0.023495767679114543,0.04607118266039451
bfo-ff334e22732fd2b3b794b6357a29b1f32faf53a8749933cf89df898700bcab59,712,17.844151816825978,63.09616795028326,17.844151816825978,23.284947571674948,0.0010821552241864437,0.023497630137641376,0.04605380278128198
bfo-ff334e22732fd2b3b794b6357a29b1f32faf53a8749933cf89df898700bcab59,713,17.84353375897543,63.183090312157844,17.84353375897543,23.285617215558673,0.001082442156680349,0.023502542261947056,0.04605638592693566
bfo-ff334e22732fd2b3b794b6357a29b1f32faf53a8749933cf89df898700bcab59,714,17.844993915224496,63.663636611780205,17.844993915224496,23.280155512032422,0.0010801463385811832,0.023478364517051892,0.04600602984065152
bfo-ff334e22732fd2b3b794b6357a29b1f32faf53a8749933cf89df898700bcab59,715,17.843710195403162,63.201414834294866,17.843710195403162,23.284866407019077,0.0010822630930855891,0.023500507054851107,0.04605275497075636
bfo-ff334e22732fd2b3b794b6357a29b1f32faf53a8749933cf89df898700bcab59,716,17.843013049526178,62.889290367987016,17.843013049526178,23.285806057068463,0.0010831586877668394,0.023505835310307616,0.0460804167759935
bfo-ff334e22732fd2b3b794b6357a29b1f32faf53a8749933cf89df898700bcab59,717,17.842998410142876,62.79062090652245,17.842998410142876,23.28051308183671,0.0010824936811626806,0.023494509144499628,0.04607432632471518
bfo-ff334e22732fd2b3b794b6357a29b1f32faf53a8749933cf89df898700bcab59,718,17.842925937169404,62.835421996495334,17.842925937169404,23.281590173006816,0.001082667599735672,0.02349922110274039,0.046072488743442455
bfo-ff334e22732fd2b3b794b6357a29b1f32faf53a8749933cf89df898700bcab59,719,17.842849475747688,62.795226469661,17.842849475747688,23.283086375208796,0.0010830400922568562,0.02350282189611551,0.04608127896488287
bfo-ff334e22732fd2b3b794b6357a29b1f32faf53a8749933cf89df898700bcab59,720,17.842831739285927,62.866362566902396,17.842831739285927,23.28222788532933,0.0010828244839739497,0.023502765497204977,0.04607221580382626
bfo-ff334e22732fd2b3b794b6357a29b1f32faf53a8749933cf89df898700bcab59,721,17.842806333899645,62.8753660893741,17.842806333899645,23.282954691915265,0.0010829265062510605,0.023503969037912326,0.04607419727724626
bfo-ff334e22732fd2b3b794b6357a29b1f32faf53a8749933cf89df898700bcab59,722,17.842797422017973,62.875813936153435,17.842797422017973,23.283228361443463,0.0010829749814360962,0.023504682117865768,0.046074861851160005
bfo-ff334e22732fd2b3b794b6357a29b1f32faf53a8749933cf89df898700bcab59,723,17.8427877689195,62.86206691558766,17.8427877689195,23.283209064248275,0.0010830067330464546,0.0235048850684468,0.04607581487391717
bfo-ff334e22732fd2b3b794b6357a29b1f32faf53a8749933cf89df898700bcab59,724,17.842743262889822,62.86104821307718,17.842743262889822,23.28332199938915,0.001083044992013271,0.023505322560503278,0.0460765849617884
bfo-ff334e22732fd2b3b794b6357a29b1f32faf53a8749933cf89df898700bcab59,725,17.84268630905518,62.84688242330397,17.84268630905518,23.283957832707348,0.001083176534113467,0.023506251805404544,0.04608035951799102
bfo-ff334e22732fd2b3b794b6357a29b1f32faf53a8749933cf89df898700bcab59,726,17.84261502809204,62.84152675055091,17.84261502809204,23.284154978335074,0.0010832514376280002,0.023507185554170362,0.04608171553041673
bfo-ff334e22732fd2b3b794b6357a29b1f32faf53a8749933cf89df898700bcab59,727,17.84243912576776,62.87628411128032,17.84243912576776,23.2843299769598,0.0010833254006014218,0.02350897720051797,0.04608134974828054
bfo-ff334e22732fd2b3b794b6357a29b1f32faf53a8749933cf89df898700bcab59,728,17.842102052188835,62.90995444327124,17.842102052188835,23.285103363296454,0.0010835864287893386,0.023513135646860073,0.04608430134812921
bfo-ff334e22732fd2b3b794b6357a29b1f32faf53a8749933cf89df898700bcab59,729,17.84194377777731,63.097152116993506,17.84194377777731,23.2899613537218,0.001084141182576861,0.023523611084501413,0.046087362126606066
bfo-ff334e22732fd2b3b794b6357a29b1f32faf53a8749933cf89df898700bcab59,730,17.84136690651568,63.06274313748155,17.84136690651568,23.289895934610797,0.0010845404562331558,0.023528147797537032,0.046095445572927225
bfo-ff334e22732fd2b3b794b6357a29b1f32faf53a8749933cf89df898700bcab59,731,17.842264850980353,63.00145795196371,17.842264850980353,23.299023441039736,0.00108551740124165,0.02352876249004125,0.04613576263099704
bfo-ff334e22732fd2b3b794b6357a29b1f32faf53a8749933cf89df898700bcab59,732,17.840991397571344,63.02405399223165,17.840991397571344,23.289734632553227,0.0010848584608670524,0.023533593827455904,0.04609829118412769
bfo-ff334e22732fd2b3b794b6357a29b1f32faf53a8749933cf89df898700bcab59,733,17.840956339832676,63.20959232123562,17.840956339832676,23.287356263219962,0.0010844821056805345,0.023536584390081945,0.04607644370597474
bfo-ff334e22732fd2b3b794b6357a29b1f32faf53a8749933cf89df898700bcab59,734,17.840979199149384,63.3188588444698,17.840979199149384,23.28685871584622,0.0010842252437629782,0.023534926396488517,0.04606877563571849
bfo-ff334e22732fd2b3b794b6357a29b1f32faf53a8749933cf89df898700bcab59,735,17.840896511537135,63.19684850244684,17.840896511537135,23.28654278923512,0.001084399242366241,0.02353534022339772,0.046075358676488674
bfo-ff334e22732fd2b3b794b6357a29b1f32faf53a8749933cf89df898700bcab59,736,17.840897074862866,63.21507659052703,17.840897074862866,23.28486682089028,0.001084137875997129,0.023533493694698666,0.0460678677829017
bfo-ff334e22732fd2b3b794b6357a29b1f32faf53a8749933cf89df898700bcab59,737,17.840925248065602,63.202409134101245,17.840925248065602,23.286709138489655,0.0010844099693458865,0.023535725871818288,0.04607505947561875
bfo-ff334e22732fd2b3b794b6357a29b1f32faf53a8749933cf89df898700bcab59,738,17.84082028861374,63.181822752925854,17.84082028861374,23.286261227115624,0.0010844134660826104,0.023535220723364836,0.046076196982764966
bfo-ff334e22732fd2b3b794b6357a29b1f32faf53a8749933cf89df898700bcab59,739,17.84079099598581,63.19938571700385,17.84079099598581,23.28543303219945,0.0010842521640123995,0.023533726922414976,0.046072267583749806
bfo-ff334e22732fd2b3b794b6357a29b1f32faf53a8749933cf89df898700bcab59,740,17.840751028214108,63.18039451532612,17.840751028214108,23.285409060561992,0.0010842924908000316,0.02353371270304146,0.04607400899645976
bfo-ff334e22732fd2b3b794b6357a29b1f32faf53a8749933cf89df898700bcab59,741,17.840700077717567,63.15865900560524,17.840700077717567,23.285008342362396,0.0010842858641697767,0.02353317951871591,0.04607477129503242
bfo-ff334e22732fd2b3b794b6357a29b1f32faf53a8749933cf89df898700bcab59,742,17.84066349898864,63.14112203759399,17.84066349898864,23.284638284047436,0.0010842690090237656,0.023532589448627586,0.046075210354166944
bfo-ff334e22732fd2b3b794b6357a29b1f32faf53a8749933cf89df898700bcab59,743,17.84060416935681,63.12320981675086,17.84060416935681,23.28449206330908,0.0010842976800609701,0.023532412940741668,0.04607677431087934
bfo-ff334e22732fd2b3b794b6357a29b1f32faf53a8749933cf89df898700bcab59,744,17.84049970843436,63.0865162385696,17.84049970843436,23.28421631208874,0.0010843600301104386,0.023532329864049253,0.0460795865252184
bfo-ff334e22732fd2b3b794b6357a29b1f32faf53a8749933cf89df898700bcab59,745,17.840301181282836,63.01261870961471,17.840301181282836,23.283502672062454,0.0010844394806224034,0.023531091249217668,0.04608538843936774
bfo-ff334e22732fd2b3b794b6357a29b1f32faf53a8749933cf89df898700bcab59,746,17.840050930370044,62.850722091248514,17.840050930370044,23.281407154945175,0.001084480063573111,0.02352775024773979,0.04609365758110648
bfo-ff334e22732fd2b3b794b6357a29b1f32faf53a8749933cf89df898700bcab59,747,17.839881044786875,62.83608506290327,17.839881044786875,23.278701162690474,0.001084145734656889,0.023523338498767053,0.046088089694994325
bfo-ff334e22732fd2b3b794b6357a29b1f32faf53a8749933cf89df898700bcab59,748,17.839618397088394,62.879047789408936,17.839618397088394,23.27812470472732,0.0010840579019037204,0.023522895385782824,0.04608522395414478
bfo-ff334e22732fd2b3b794b6357a29b1f32faf53a8749933cf89df898700bcab59,749,17.839490833963204,62.82868847106954,17.839490833963204,23.276794605764504,0.0010839260185338023,0.023518123361147253,0.0460889672993418
bfo-ff334e22732fd2b3b794b6357a29b1f32faf53a8749933cf89df898700bcab59,750,17.839456434805264,62.79911291521116,17.839456434805264,23.273227059293475,0.001083409316205929,0.023511446451891394,0.04608007926789096
bfo-ff334e22732fd2b3b794b6357a29b1f32faf53a8749933cf89df898700bcab59,751,17.839294003230194,62.74213517462596,17.839294003230194,23.273947369187013,0.0010837000216336022,0.02351341200592251,0.04608859068860963
bfo-ff334e22732fd2b3b794b6357a29b1f32faf53a8749933cf89df898700bcab59,752,17.839326269211448,62.70115302894475,17.839326269211448,23.273441849475432,0.0010836649612556849,0.023511537552502848,0.04609077389497765
bfo-ff334e22732fd2b3b794b6357a29b1f32faf53a8749933cf89df898700bcab59,753,17.83929356506658,62.75362639371002,17.83929356506658,23.273830948674348,0.0010836810096919267,0.023513651893968396,0.046087311940256594
bfo-ff334e22732fd2b3b794b6357a29b1f32faf53a8749933cf89df898700bcab59,754,17.83923620296417,62.73442443151639,17.83923620296417,23.274383694616876,0.0010838181588375478,0.023514863659092985,0.046090769419300674
bfo-ff334e22732fd2b3b794b6357a29b1f32faf53a8749933cf89df898700bcab59,755,17.839226969709213,62.71535994406831,17.839226969709213,23.27528255158275,0.0010839798809064742,0.023516078028278202,0.04609526637915484
bfo-ff334e22732fd2b3b794b6357a29b1f32faf53a8749933cf89df898700bcab59,756,17.83922048733488,62.70902595968241,17.83922048733488,23.275225396309015,0.001083987839167326,0.02351618425284332,0.04609539657932651
bfo-ff334e22732fd2b3b794b6357a29b1f32faf53a8749933cf89df898700bcab59,757,17.839175879514737,62.71160724480809,17.839175879514737,23.27543017293852,0.0010840352257101462,0.02351671326039342,0.046096374680719775
bfo-ff334e22732fd2b3b794b6357a29b1f32faf53a8749933cf89df898700bcab59,758,17.839120198548855,62.701822919649416,17.839120198548855,23.276162827143043,0.0010841902911372403,0.023518164384748397,0.046100123861722006
bfo-ff334e22732fd2b3b794b6357a29b1f32faf53a8749933cf89df898700bcab59,759,17.839078308090837,62.678374520091495,17.839078308090837,23.27649543633049,0.0010843054200087617,0.02351875458243696,0.04610386218403273
bfo-ff334e22732fd2b3b794b6357a29b1f32faf53a8749933cf89df898700bcab59,760,17.83899037656652,62.700621591847714,17.83899037656652,23.276630434865307,0.0010843183104560668,0.02351933523327777,0.04610327203984289
bfo-ff334e22732fd2b3b794b6357a29b1f32faf53a8749933cf89df898700bcab59,761,17.838832300558078,62.72128253468116,17.838832300558078,23.27698014714112,0.0010843927127948448,0.023520595508009296,0.04610396503037453
bfo-ff334e22732fd2b3b794b6357a29b1f32faf53a8749933cf89df898700bcab59,762,17.838687888064655,62.74356689263395,17.838687888064655,23.27900932023847,0.0010846695522380551,0.02352280418003703,0.04611140508318204
bfo-ff334e22732fd2b3b794b6357a29b1f32faf53a8749933cf89df898700bcab59,763,17.83844181580646,62.74970581424312,17.83844181580646,23.279346128715908,0.0010848128700422074,0.023524903558437154,0.04611338224394725
bfo-ff334e22732fd2b3b794b6357a29b1f32faf53a8749933cf89df898700bcab59,764,17.838191744507714,62.89616259413451,17.838191744507714,23.278469301662227,0.001084661767356649,0.023527669428161712,0.04610153889948618
bfo-ff334e22732fd2b3b794b6357a29b1f32faf53a8749933cf89df898700bcab59,765,17.83793377730749,62.89235706303945,17.83793377730749,23.27898463363347,0.001084928762820045,0.023530530116679854,0.046107280942684
bfo-ff334e22732fd2b3b794b6357a29b1f32faf53a8749933cf89df898700bcab59,766,17.83770139624733,62.93643349533648,17.83770139624733,23.279725545216568,0.001085136607263893,0.023534169239591073,0.04610898290976802
bfo-ff334e22732fd2b3b794b6357a29b1f32faf53a8749933cf89df898700bcab59,767,17.83757238550988,63.04134122537219,17.83757238550988,23.277468414876875,0.0010846659188610787,0.02353126877696803,0.046094663621484344
bfo-ff334e22732fd2b3b794b6357a29b1f32faf53a8749933cf89df898700bcab59,768,17.83751841804821,63.062759791602446,17.83751841804821,23.27983253892905,0.0010849754832900876,0.02353406748376862,0.04610233586006295
bfo-ff334e22732fd2b3b794b6357a29b1f32faf53a8749933cf89df898700bcab59,769,17.837462892801184,63.1303671394527,17.837462892801184,23.279110187009696,0.001084773882800273,0.023532878447640924,0.046096098495295515
bfo-ff334e22732fd2b3b794b6357a29b1f32faf53a8749933cf89df898700bcab59,770,17.837386429509564,63.10991931386341,17.837386429509564,23.27915436962775,0.0010848468020671616,0.023532978745981686,0.04609900063129075
bfo-ff334e22732fd2b3b794b6357a29b1f32faf53a8749933cf89df898700bcab59,771,17.83731142707934,63.145933629424604,17.83731142707934,23.279263048821896,0.0010848559815551495,0.023533902857502408,0.04609758050434489
bfo-ff334e22732fd2b3b794b6357a29b1f32faf53a8749933cf89df898700bcab59,772,17.837151664638846,63.1123646782176,17.837151664638846,23.279576199591244,0.0010850399397680896,0.02353500349483034,0.04610324107266131
bfo-ff334e22732fd2b3b794b6357a29b1f32faf53a8749933cf89df898700bcab59,773,17.83691285538865,63.04137991781003,17.83691285538865,23.275292980470265,0.001084635173962672,0.02352985108682849,0.04609613422372349
bfo-ff334e22732fd2b3b794b6357a29b1f32faf53a8749933cf89df898700bcab59,774,17.836818874974206,63.0048935610852,17.836818874974206,23.273009573029576,0.0010843797024444265,0.02352471983084464,0.04609532909389351
bfo-ff334e22732fd2b3b794b6357a29b1f32faf53a8749933cf89df898700bcab59,775,17.836601982867535,63.01355584718437,17.836601982867535,23.272164557312554,0.0010844232367523859,0.023526717426915356,0.04609326567214894
bfo-ff334e22732fd2b3b794b6357a29b1f32faf53a8749933cf89df898700bcab59,776,17.8364402687984,62.96169919548607,17.8364402687984,23.27124519061597,0.0010844923341643833,0.023525547950836355,0.046098494132028434
bfo-ff334e22732fd2b3b794b6357a29b1f32faf53a8749933cf89df898700bcab59,777,17.83619342315019,62.89904824254572,17.83619342315019,23.271120145611334,0.001084674666876293,0.02352640104097071,0.04610457268782233
bfo-ff334e22732fd2b3b794b6357a29b1f32faf53a8749933cf89df898700bcab59,778,17.83621457902274,62.93636256555649,17.83621457902274,23.26919004279549,0.0010844391147680212,0.023525240221799255,0.046096834911940436
bfo-ff334e22732fd2b3b794b6357a29b1f32faf53a8749933cf89df898700bcab59,779,17.836277159743776,62.91839935330659,17.836277159743776,23.270530061310644,0.0010845286524633541,0.023525069730076488,0.04610097504097081
bfo-ff334e22732fd2b3b794b6357a29b1f32faf53a8749933cf89df898700bcab59,780,17.836096056297038,62.8104789463984,17.836096056297038,23.271687656539104,0.001084904398588066,0.023526478841287425,0.046114185038354745
bfo-ff334e22732fd2b3b794b6357a29b1f32faf53a8749933cf89df898700bcab59,781,17.836126198099585,62.858188830592894,17.836126198099585,23.270999893479967,0.0010847378789084381,0.02352550504871899,0.04610901558381227
bfo-ff334e22732fd2b3b794b6357a29b1f32faf53a8749933cf89df898700bcab59,782,17.83606518598421,62.81214952596878,17.83606518598421,23.271981402944288,0.001084943514964333,0.02352684373592063,0.046115132447955544
bfo-ff334e22732fd2b3b794b6357a29b1f32faf53a8749933cf89df898700bcab59,783,17.836020915028268,62.77515196771731,17.836020915028268,23.272458291898978,0.0010850863333619486,0.02352772113300661,0.04611948293792469
bfo-ff334e22732fd2b3b794b6357a29b1f32faf53a8749933cf89df898700bcab59,784,17.836005862655718,62.77689699057961,17.836005862655718,23.273755761979437,0.0010852896677146068,0.023529757575881965,0.04612413299264206
bfo-ff334e22732fd2b3b794b6357a29b1f32faf53a8749933cf89df898700bcab59,785,17.836018984104236,62.76586260090255,17.836018984104236,23.27370078784451,0.0010852837467622506,0.023529101014346705,0.04612516840743326
bfo-ff334e22732fd2b3b794b6357a29b1f32faf53a8749933cf89df898700bcab59,786,17.836008303871285,62.7745630673744,17.836008303871285,23.273807008387568,0.001085299728026659,0.023529760166453664,0.046124555471413975
bfo-ff334e22732fd2b3b794b6357a29b1f32faf53a8749933cf89df898700bcab59,787,17.836022796121647,62.77104200517448,17.836022796121647,23.27416781434976,0.0010853497585311368,0.023530369167894853,0.04612548790828162
bfo-ff334e22732fd2b3b794b6357a29b1f32faf53a8749933cf89df898700bcab59,788,17.83599837810466,62.77281874028679,17.83599837810466,23.273700941365274,0.0010852847724875183,0.02352955647422134,0.04612431915903479
bfo-ff334e22732fd2b3b794b6357a29b1f32faf53a8749933cf89df898700bcab59,789,17.835991863650285,62.76169439332341,17.835991863650285,23.273747789537346,0.0010853127071529206,0.023529532405040663,0.046125553558404635
bfo-ff334e22732fd2b3b794b6357a29b1f32faf53a8749933cf89df898700bcab59,790,17.83599767835996,62.76725998922741,17.83599767835996,23.2738746539584,0.0010853204826825936,0.023529758382676888,0.046125441027972044
bfo-ff334e22732fd2b3b794b6357a29b1f32faf53a8749933cf89df898700bcab59,791,17.83601099961609,62.75418951397221,17.83601099961609,23.2738397686147,0.0010853280891191136,0.023529474655596527,0.04612632049823375
bfo-ff334e22732fd2b3b794b6357a29b1f32faf53a8749933cf89df898700bcab59,792,17.83596475804727,62.75983595860753,17.83596475804727,23.27357368593826,0.0010853132628841733,0.02352970781881066,0.046125233311079504
bfo-ff334e22732fd2b3b794b6357a29b1f32faf53a8749933cf89df898700bcab59,793,17.835929241649023,62.76821991446398,17.835929241649023,23.273368732717667,0.0010852890763976752,0.023529701798650306,0.046124217199383664
bfo-ff334e22732fd2b3b794b6357a29b1f32faf53a8749933cf89df898700bcab59,794,17.835881051104952,62.78652956632315,17.835881051104952,23.273086375966972,0.001085241346426134,0.023529672147046148,0.046122246822821636
bfo-ff334e22732fd2b3b794b6357a29b1f32faf53a8749933cf89df898700bcab59,795,17.835799868217926,62.818982124353866,17.835799868217926,23.272525941161593,0.001085153483319835,0.023529652461095417,0.04611855126691982
bfo-ff334e22732fd2b3b794b6357a29b1f32faf53a8749933cf89df898700bcab59,796,17.83574057432263,62.867131919107536,17.83574057432263,23.272204247095218,0.001085102542679573,0.023530406767766247,0.04611490797371296
bfo-ff334e22732fd2b3b794b6357a29b1f32faf53a8749933cf89df898700bcab59,797,17.835718580661556,62.91455167660419,17.835718580661556,23.271224417172338,0.001084961166824652,0.023530414074542563,0.046108885435996894
bfo-ff334e22732fd2b3b794b6357a29b1f32faf53a8749933cf89df898700bcab59,798,17.835693179656882,62.884706570709284,17.835693179656882,23.27098404139864,0.0010849604336027243,0.02352905382189023,0.04611151990282467
bfo-ff334e22732fd2b3b794b6357a29b1f32faf53a8749933cf89df898700bcab59,799,17.835704721074425,62.886337561874875,17.835704721074425,23.27079483482964,0.0010849207373025162,0.0235283649009615,0.046111182900694485
bfo-ff334e22732fd2b3b794b6357a29b1f32faf53a8749933cf89df898700bcab59,800,17.83565515596955,62.88200030010322,17.83565515596955,23.27129050287178,0.0010850162070817977,0.023529565061598496,0.0461128883700703
bfo-ff334e22732fd2b3b794b6357a29b1f32faf53a8749933cf89df898700bcab59,801,17.83566520064168,62.88027891873334,17.83566520064168,23.27114089583726,0.0010849991837477107,0.023529414929164445,0.04611245910763665
bfo-ff334e22732fd2b3b794b6357a29b1f32faf53a8749933cf89df898700bcab59,802,17.83567032099181,62.877779792655694,17.83567032099181,23.27116956592902,0.0010850055570866515,0.023529276105376494,0.04611300204168735
bfo-ff334e22732fd2b3b794b6357a29b1f32faf53a8749933cf89df898700bcab59,803,17.835579498746654,62.872472422869905,17.835579498746654,23.271852467033597,0.0010851324295651132,0.02353069854619517,0.04611560627640505
bfo-ff334e22732fd2b3b794b6357a29b1f32faf53a8749933cf89df898700bcab59,804,17.835508401857304,62.8811718803604,17.835508401857304,23.2724604220908,0.001085219758916362,0.02353180307911073,0.046117152827940995
bfo-ff334e22732fd2b3b794b6357a29b1f32faf53a8749933cf89df898700bcab59,805,17.835496267967063,62.87508534934727,17.835496267967063,23.272563342248255,0.0010852438896755319,0.023531710960662332,0.046118358817585366
bfo-ff334e22732fd2b3b794b6357a29b1f32faf53a8749933cf89df898700bcab59,806,17.83545823162405,62.870515369545785,17.83545823162405,23.273118492839263,0.0010853491148428713,0.023532820257663824,0.046120656298703114
bfo-ff334e22732fd2b3b794b6357a29b1f32faf53a8749933cf89df898700bcab59,807,17.83546183058408,62.8759574858262,17.83546183058408,23.27321298656757,0.001085356590749418,0.023533053457142888,0.046120516945495835
bfo-ff334e22732fd2b3b794b6357a29b1f32faf53a8749933cf89df898700bcab59,808,17.835441791887355,62.875955406281626,17.835441791887355,23.272994754251837,0.0010853330315753929,0.023532838267127886,0.0461199375636492
bfo-ff334e22732fd2b3b794b6357a29b1f32faf53a8749933cf89df898700bcab59,809,17.835442140191507,62.87275178806801,17.835442140191507,23.273551218757703,0.0010854169688294395,0.02353363084196361,0.0461219510120808
bfo-ff334e22732fd2b3b794b6357a29b1f32faf53a8749933cf89df898700bcab59,810,17.83543377579978,62.87274969008428,17.83543377579978,23.272943434081732,0.0010853279185060033,0.023532630988831543,0.046120126517986616
bfo-ff334e22732fd2b3b794b6357a29b1f32faf53a8749933cf89df898700bcab59,811,17.835426872588073,62.89149990422019,17.835426872588073,23.273028547835565,0.0010853177674873592,0.0235331021992444,0.0461187716901262
bfo-ff334e22732fd2b3b794b6357a29b1f32faf53a8749933cf89df898700bcab59,812,17.835422235864733,62.89882828464417,17.835422235864733,23.273144723581453,0.0010853305305872354,0.023533240505200215,0.0461190429914404
bfo-ff334e22732fd2b3b794b6357a29b1f32faf53a8749933cf89df898700bcab59,813,17.835406486773916,62.88190569061683,17.835406486773916,23.273151404639727,0.0010853686754972837,0.023533259023583712,0.046120627593891184
bfo-ff334e22732fd2b3b794b6357a29b1f32faf53a8749933cf89df898700bcab59,814,17.83538840462324,62.88535399372234,17.83538840462324,23.273170725535017,0.0010853782008094655,0.023533461750217845,0.04612063504849296
bfo-ff334e22732fd2b3b794b6357a29b1f32faf53a8749933cf89df898700bcab59,815,17.835359925457073,62.89050535431082,17.835359925457073,23.273180988112994,0.0010853802758322131,0.023533454371526437,0.046120737682498275
bfo-ff334e22732fd2b3b794b6357a29b1f32faf53a8749933cf89df898700bcab59,816,17.835329169425897,62.88893229753249,17.835329169425897,23.27320278918532,0.0010854087607380504,0.023533892326400494,0.04612108977487038
bfo-ff334e22732fd2b3b794b6357a29b1f32faf53a8749933cf89df898700bcab59,817,17.835287968495507,62.893558964466415,17.835287968495507,23.272960763594682,0.0010853848154701521,0.023533746523364235,0.04612035803107615
bfo-ff334e22732fd2b3b794b6357a29b1f32faf53a8749933cf89df898700bcab59,818,17.83525480675335,62.9021671730284,17.83525480675335,23.272501591531785,0.0010853409069700184,0.0235334744319427,0.04611902548043872
bfo-ff334e22732fd2b3b794b6357a29b1f32faf53a8749933cf89df898700bcab59,819,17.835192807651037,62.88029484357814,17.835192807651037,23.27325839074271,0.0010855040382873932,0.023534827251879737,0.046123305969908636
bfo-ff334e22732fd2b3b794b6357a29b1f32faf53a8749933cf89df898700bcab59,820,17.835190272370667,62.90846905337377,17.835190272370667,23.27362147824729,0.0010855498856282286,0.02353649743077233,0.04612198092860443
bfo-ff334e22732fd2b3b794b6357a29b1f32faf53a8749933cf89df898700bcab59,821,17.835164823870038,62.902782848977864,17.835164823870038,23.273766488366157,0.0010855904514795705,0.023536714784121955,0.04612327852194215
bfo-ff334e22732fd2b3b794b6357a29b1f32faf53a8749933cf89df898700bcab59,822,17.8351440150623,62.894760578886576,17.8351440150623,23.273755330058645,0.0010856192282205116,0.023537034496755822,0.0461238746270328
bfo-ff334e22732fd2b3b794b6357a29b1f32faf53a8749933cf89df898700bcab59,823,17.835138107189213,62.8919128493243,17.835138107189213,23.27405479410772,0.0010856736473221556,0.023537511222529887,0.04612525245587388
bfo-ff334e22732fd2b3b794b6357a29b1f32faf53a8749933cf89df898700bcab59,824,17.835132900312537,62.908395232953616,17.835132900312537,23.274138298372662,0.0010856644353064498,0.023537687554755642,0.046124515536238316
bfo-ff334e22732fd2b3b794b6357a29b1f32faf53a8749933cf89df898700bcab59,825,17.835124868274946,62.90032204923624,17.835124868274946,23.273714397261138,0.0010856229090690566,0.02353705487102125,0.046123991086313536
bfo-ff334e22732fd2b3b794b6357a29b1f32faf53a8749933cf89df898700bcab59,826,17.83512132827666,62.892035194540824,17.83512132827666,23.27375316025789,0.0010856443431954052,0.023537011998837384,0.046124985756434624
bfo-ff334e22732fd2b3b794b6357a29b1f32faf53a8749933cf89df898700bcab59,827,17.83509786475858,62.883255913748314,17.83509786475858,23.273786525185724,0.0010856688870644591,0.023536949682717353,0.04612615065671152
bfo-ff334e22732fd2b3b794b6357a29b1f32faf53a8749933cf89df898700bcab59,828,17.83506337818878,62.88716097497844,17.83506337818878,23.273710206781715,0.0010856758286590888,0.02353721614438174,0.046125923388702715
bfo-ff334e22732fd2b3b794b6357a29b1f32faf53a8749933cf89df898700bcab59,829,17.834997486058544,62.891761197369206,17.834997486058544,23.27365499955775,0.0010857089658721337,0.02353784027555293,0.04612610813744802
bfo-ff334e22732fd2b3b794b6357a29b1f32faf53a8749933cf89df898700bcab59,830,17.83486797174568,62.920975220784115,17.83486797174568,23.272993082669352,0.001085656277204231,0.023538423531057978,0.0461227267735986
bfo-ff334e22732fd2b3b794b6357a29b1f32faf53a8749933cf89df898700bcab59,831,17.834645726238744,62.94581336828021,17.834645726238744,23.272442979436125,0.0010857158752088235,0.02354033858091359,0.04612150634439547
bfo-ff334e22732fd2b3b794b6357a29b1f32faf53a8749933cf89df898700bcab59,832,17.834554847302087,62.90987769597148,17.834554847302087,23.273446971946182,0.0010860684980427593,0.0235427140798602,0.04613183061046666
bfo-ff334e22732fd2b3b794b6357a29b1f32faf53a8749933cf89df898700bcab59,833,17.834524047977766,62.86100297386091,17.834524047977766,23.272700981373596,0.001085974592465183,0.023539637458806238,0.0461338707686391
bfo-ff334e22732fd2b3b794b6357a29b1f32faf53a8749933cf89df898700bcab59,834,17.834499502278202,62.87936853228313,17.834499502278202,23.27211858122946,0.0010859245407072624,0.023540060375355294,0.04613091569825137
bfo-ff334e22732fd2b3b794b6357a29b1f32faf53a8749933cf89df898700bcab59,835,17.834353327009932,62.85111346403527,17.834353327009932,23.272776934088988,0.001086128888282259,0.02354157320144395,0.046136631523658746
bfo-ff334e22732fd2b3b794b6357a29b1f32faf53a8749933cf89df898700bcab59,836,17.834132023039672,62.820914133114485,17.834132023039672,23.27375726957734,0.0010864540343667713,0.023544619778186185,0.046144471416495685
bfo-ff334e22732fd2b3b794b6357a29b1f32faf53a8749933cf89df898700bcab59,837,17.834138032659865,62.881977361673954,17.834138032659865,23.276924040768034,0.001086759647198248,0.023544776756741978,0.04615714382966309
bfo-ff334e22732fd2b3b794b6357a29b1f32faf53a8749933cf89df898700bcab59,838,17.834097135197034,62.79012643866854,17.834097135197034,23.273519182039056,0.0010864783427893842,0.023544136885379586,0.04614645030644825
bfo-ff334e22732fd2b3b794b6357a29b1f32faf53a8749933cf89df898700bcab59,839,17.834264739643455,62.77430536098475,17.834264739643455,23.26995357149819,0.001085998619022706,0.023537281921977578,0.04613950848796485
bfo-ff334e22732fd2b3b794b6357a29b1f32faf53a8749933cf89df898700bcab59,840,17.834077780002225,62.82485804973363,17.834077780002225,23.273631266554272,0.0010864500118264637,0.02354446139423944,0.04614461098236389
bfo-ff334e22732fd2b3b794b6357a29b1f32faf53a8749933cf89df898700bcab59,841,17.834024978510936,62.85505265275978,17.834024978510936,23.27428301964561,0.0010865792485639477,0.023547420350932574,0.04614430083509826
bfo-ff334e22732fd2b3b794b6357a29b1f32faf53a8749933cf89df898700bcab59,842,17.83405890130272,62.81001418171951,17.83405890130272,23.272886280157188,0.0010864533514598634,0.023544902075704182,0.046143889151315134
bfo-ff334e22732fd2b3b794b6357a29b1f32faf53a8749933cf89df898700bcab59,843,17.834033376202363,62.85224563954651,17.834033376202363,23.274377857556324,0.0010866009087187182,0.02354751934243344,0.04614502669759468
bfo-ff334e22732fd2b3b794b6357a29b1f32faf53a8749933cf89df898700bcab59,844,17.83412298438044,62.82112909638196,17.83412298438044,23.275603388121844,0.0010867905734888437,0.02354856376614743,0.04615103427459023
bfo-ff334e22732fd2b3b794b6357a29b1f32faf53a8749933cf89df898700bcab59,845,17.834020969075482,62.85207382938722,17.834020969075482,23.274234825523397,0.001086571624347409,0.023547206125536756,0.046144396857724486
bfo-ff334e22732fd2b3b794b6357a29b1f32faf53a8749933cf89df898700bcab59,846,17.834016645147308,62.8584378948772,17.834016645147308,23.274251172502925,0.001086562779924395,0.02354727672394504,0.046143882906827936
bfo-ff334e22732fd2b3b794b6357a29b1f32faf53a8749933cf89df898700bcab59,847,17.833996644795615,62.87964237554384,17.833996644795615,23.273902004119012,0.0010864867598368256,0.023547144474244133,0.046140913647734434
bfo-ff334e22732fd2b3b794b6357a29b1f32faf53a8749933cf89df898700bcab59,848,17.83394384018593,62.89216800865252,17.83394384018593,23.27332647112502,0.0010864022526407065,0.023546583115240882,0.046138424727004926
bfo-ff334e22732fd2b3b794b6357a29b1f32faf53a8749933cf89df898700bcab59,849,17.833936225887218,62.90788518178841,17.833936225887218,23.272786445315038,0.0010863154786395642,0.02354608211730827,0.0461357211457712
bfo-ff334e22732fd2b3b794b6357a29b1f32faf53a8749933cf89df898700bcab59,850,17.83395426033829,62.92602120169494,17.83395426033829,23.272625175980554,0.0010862608728348926,0.023546061982669682,0.04613344149159209
bfo-ff334e22732fd2b3b794b6357a29b1f32faf53a8749933cf89df898700bcab59,851,17.833945660882943,62.90590408348184,17.833945660882943,23.272693929141212,0.00108630540329093,0.023546058035408098,0.04613534043181943
bfo-ff334e22732fd2b3b794b6357a29b1f32faf53a8749933cf89df898700bcab59,852,17.833918091417456,62.91073486536746,17.833918091417456,23.272946438713472,0.0010863328380946824,0.02354625550414379,0.04613611866666035
bfo-ff334e22732fd2b3b794b6357a29b1f32faf53a8749933cf89df898700bcab59,853,17.83391283671825,62.90091580104127,17.83391283671825,23.27302613636404,0.001086349253023233,0.02354603860226968,0.04613724080612507
bfo-ff334e22732fd2b3b794b6357a29b1f32faf53a8749933cf89df898700bcab59,854,17.833885241168907,62.90229219476582,17.833885241168907,23.273305925284156,0.0010863878674566426,0.02354653452509926,0.046137909011562415
bfo-ff334e22732fd2b3b794b6357a29b1f32faf53a8749933cf89df898700bcab59,855,17.833880936786024,62.90622192987215,17.833880936786024,23.273844982114166,0.0010864700527092371,0.0235474888547401,0.04613952933204303
bfo-ff334e22732fd2b3b794b6357a29b1f32faf53a8749933cf89df898700bcab59,856,17.833904175052986,62.90674168782178,17.833904175052986,23.274108754739427,0.0010864993397741189,0.023547983436320353,0.046139803975668886
bfo-ff334e22732fd2b3b794b6357a29b1f32faf53a8749933cf89df898700bcab59,857,17.833875811263365,62.90112392373704,17.833875811263365,23.273789211109705,0.0010864700300800413,0.023547344054509395,0.04613981209791593
bfo-ff334e22732fd2b3b794b6357a29b1f32faf53a8749933cf89df898700bcab59,858,17.833838703714537,62.90794191404145,17.833838703714537,23.273311654005354,0.0010863993528526447,0.02354667634223333,0.04613811890317948
bfo-ff334e22732fd2b3b794b6357a29b1f32faf53a8749933cf89df898700bcab59,859,17.833839723818407,62.92357283247755,17.833839723818407,23.27314157189142,0.0010863516254683886,0.023546463229505103,0.04613650954199891
bfo-ff334e22732fd2b3b794b6357a29b1f32faf53a8749933cf89df898700bcab59,860,17.83383732159992,62.91521258865865,17.83383732159992,23.27336441063414,0.001086394228925629,0.023546706942348037,0.04613784133745606
bfo-ff334e22732fd2b3b794b6357a29b1f32faf53a8749933cf89df898700bcab59,861,17.83381684237139,62.91739634147086,17.83381684237139,23.273234799024227,0.0010863879916824266,0.023546593980793482,0.04613779778801864
bfo-ff334e22732fd2b3b794b6357a29b1f32faf53a8749933cf89df898700bcab59,862,17.83381669344245,62.92071755537361,17.83381669344245,23.273035225214212,0.0010863565200118096,0.02354639315201444,0.04613685471903664
bfo-ff334e22732fd2b3b794b6357a29b1f32faf53a8749933cf89df898700bcab59,863,17.833797126924463,62.94030835508069,17.833797126924463,23.273222697929977,0.00108635541676408,0.023546667907427734,0.04613626951528849
bfo-ff334e22732fd2b3b794b6357a29b1f32faf53a8749933cf89df898700bcab59,864,17.83376728839139,62.94619451076568,17.83376728839139,23.27324871507717,0.0010863653182051057,0.02354682547316672,0.04613638129025486
bfo-ff334e22732fd2b3b794b6357a29b1f32faf53a8749933cf89df898700bcab59,865,17.833757621774907,62.943965327324086,17.833757621774907,23.273171895657814,0.0010863607420994513,0.023546643307397627,0.046136543876644634
bfo-ff334e22732fd2b3b794b6357a29b1f32faf53a8749933cf89df898700bcab59,866,17.833729082570915,62.956711734713636,17.833729082570915,23.27320441221276,0.0010863566764936223,0.02354684576740438,0.046135974526042595
bfo-ff334e22732fd2b3b794b6357a29b1f32faf53a8749933cf89df898700bcab59,867,17.8336713286048,62.98980607172092,17.8336713286048,23.273591730504418,0.0010863782861031568,0.02354776366651484,0.04613509382413235
bfo-ff334e22732fd2b3b794b6357a29b1f32faf53a8749933cf89df898700bcab59,868,17.833638785275465,63.01117316266489,17.833638785275465,23.274001300122773,0.001086406489618994,0.02354808817878786,0.046135655742856864
bfo-ff334e22732fd2b3b794b6357a29b1f32faf53a8749933cf89df898700bcab59,869,17.83361094412812,63.04331882229445,17.83361094412812,23.27406917346124,0.0010863800960028154,0.0235486296573969,0.046133474083557585
bfo-ff334e22732fd2b3b794b6357a29b1f32faf53a8749933cf89df898700bcab59,870,17.83360144674451,63.07721620601316,17.83360144674451,23.27368327008542,0.0010863015689031013,0.023548986954709625,0.046129439495309114
bfo-ff334e22732fd2b3b794b6357a29b1f32faf53a8749933cf89df898700bcab59,871,17.833583043805685,63.07445045916469,17.833583043805685,23.273683158133124,0.0010863234697098656,0.02354909636838333,0.04613015517522564
bfo-ff334e22732fd2b3b794b6357a29b1f32faf53a8749933cf89df898700bcab59,872,17.833603344988916,63.08652255578064,17.833603344988916,23.273265880716547,0.001086245017825583,0.02354844581028374,0.04612809807393801
bfo-ff334e22732fd2b3b794b6357a29b1f32faf53a8749933cf89df898700bcab59,873,17.833579563176382,63.070792394242815,17.833579563176382,23.27374342207957,0.0010863412574837945,0.02354921764674906,0.04613067294971315
bfo-ff334e22732fd2b3b794b6357a29b1f32faf53a8749933cf89df898700bcab59,874,17.83359605209151,63.06948607804725,17.83359605209151,23.27440030878987,0.0010864443632874136,0.023550364370145224,0.046132804835270325
bfo-ff334e22732fd2b3b794b6357a29b1f32faf53a8749933cf89df898700bcab59,875,17.833587745424094,63.0742422992708,17.833587745424094,23.27381721032105,0.0010863435216388112,0.023549230758755618,0.04613074341016035
bfo-ff334e22732fd2b3b794b6357a29b1f32faf53a8749933cf89df898700bcab59,876,17.833550213391856,63.05664525525996,17.833550213391856,23.273604684364535,0.0010863534339036957,0.02354904883139978,0.046131520711578645
bfo-ff334e22732fd2b3b794b6357a29b1f32faf53a8749933cf89df898700bcab59,877,17.833541093832352,63.056211806879276,17.833541093832352,23.273621769493772,0.0010863619935671416,0.023549144524586917,0.04613169673458437
bfo-ff334e22732fd2b3b794b6357a29b1f32faf53a8749933cf89df898700bcab59,878,17.833529186616175,63.04518594595513,17.833529186616175,23.273407225942883,0.0010863577128570644,0.02354880328722595,0.046132183432283334
bfo-ff334e22732fd2b3b794b6357a29b1f32faf53a8749933cf89df898700bcab59,879,17.833517099785123,63.04199951459358,17.833517099785123,23.27349089266803,0.0010863776247343289,0.023548864852223003,0.04613290838228133
bfo-ff334e22732fd2b3b794b6357a29b1f32faf53a8749933cf89df898700bcab59,880,17.833505807111223,63.036099218983324,17.833505807111223,23.27343712559152,0.001086384511673375,0.02354877459179502,0.046133377659995034
bfo-ff334e22732fd2b3b794b6357a29b1f32faf53a8749933cf89df898700bcab59,881,17.83348654896275,63.03780045408671,17.83348654896275,23.273507514612735,0.0010863982011309126,0.023548880607127,0.046133751291860446
bfo-ff334e22732fd2b3b794b6357a29b1f32faf53a8749933cf89df898700bcab59,882,17.83349019123142,63.02992700520278,17.83349019123142,23.27329623785161,0.0010863923054069715,0.023548852898913352,0.04613355521266611
bfo-ff334e22732fd2b3b794b6357a29b1f32faf53a8749933cf89df898700bcab59,883,17.833491131500967,63.04338096583518,17.833491131500967,23.27340636358542,0.0010863815127521387,0.023548928098594258,0.04613294958495329
bfo-ff334e22732fd2b3b794b6357a29b1f32faf53a8749933cf89df898700bcab59,884,17.833477933696336,63.016257384707835,17.833477933696336,23.27361014320787,0.0010864426376855948,0.023548627929494154,0.04613613332116257
bfo-ff334e22732fd2b3b794b6357a29b1f32faf53a8749933cf89df898700bcab59,885,17.83348494160659,63.023505770594696,17.83348494160659,23.273256818382364,0.0010863875726209676,0.023548059996026056,0.046134907623146246
bfo-ff334e22732fd2b3b794b6357a29b1f32faf53a8749933cf89df898700bcab59,886,17.833501752700187,63.0185436249758,17.833501752700187,23.273361524904864,0.0010863959428707875,0.023548160890650274,0.04613506540555945
bfo-ff334e22732fd2b3b794b6357a29b1f32faf53a8749933cf89df898700bcab59,887,17.833460445846626,63.00972152244416,17.833460445846626,23.2742409630524,0.0010865462739682882,0.023549623509508327,0.04613858363933451
bfo-ff334e22732fd2b3b794b6357a29b1f32faf53a8749933cf89df898700bcab59,888,17.83346945011747,63.00953441079427,17.83346945011747,23.27468251404865,0.0010866138675032424,0.023550143923132354,0.04614043426018749
bfo-ff334e22732fd2b3b794b6357a29b1f32faf53a8749933cf89df898700bcab59,889,17.83344535890197,63.00339714046626,17.83344535890197,23.27409076590077,0.001086539105283551,0.023549417453742557,0.04613868293845521
bfo-ff334e22732fd2b3b794b6357a29b1f32faf53a8749933cf89df898700bcab59,890,17.83344039949587,62.98745956894704,17.83344039949587,23.274052322625476,0.0010865731510618644,0.023549577554766103,0.04613981497268758
bfo-ff334e22732fd2b3b794b6357a29b1f32faf53a8749933cf89df898700bcab59,891,17.83341753524998,62.98440629384881,17.83341753524998,23.27410320322434,0.0010865928825967881,0.02354981017906895,0.046140197068872804
bfo-ff334e22732fd2b3b794b6357a29b1f32faf53a8749933cf89df898700bcab59,892,17.833413092100468,62.967870378948014,17.833413092100468,23.27408075694109,0.0010866075690918423,0.023549533984736134,0.0461413618543848
bfo-ff334e22732fd2b3b794b6357a29b1f32faf53a8749933cf89df898700bcab59,893,17.833415657034887,62.96261389164256,17.833415657034887,23.274355927365683,0.001086662886651386,0.023550161099444026,0.046142482085909806
bfo-ff334e22732fd2b3b794b6357a29b1f32faf53a8749933cf89df898700bcab59,894,17.833407130907215,62.966683961944035,17.833407130907215,23.274026945242912,0.0010866028775786496,0.023549475456823413,0.046141277310862934
bfo-ff334e22732fd2b3b794b6357a29b1f32faf53a8749933cf89df898700bcab59,895,17.833402675933506,62.96396503250553,17.833402675933506,23.274048309215924,0.0010866137682723727,0.023549594688947715,0.04614150615434336
bfo-ff334e22732fd2b3b794b6357a29b1f32faf53a8749933cf89df898700bcab59,896,17.833408298500945,62.94844535966176,17.833408298500945,23.274128539081154,0.0010866413025690546,0.02354951039524075,0.04614284052328578
bfo-ff334e22732fd2b3b794b6357a29b1f32faf53a8749933cf89df898700bcab59,897,17.833404317935358,62.96862423865214,17.833404317935358,23.274100550198217,0.001086612553415998,0.02354961615001125,0.046141412517905475
bfo-ff334e22732fd2b3b794b6357a29b1f32faf53a8749933cf89df898700bcab59,898,17.83338269463899,62.96073857336003,17.83338269463899,23.273792942308816,0.0010866044506339105,0.023549457545280417,0.046141379203517095
bfo-ff334e22732fd2b3b794b6357a29b1f32faf53a8749933cf89df898700bcab59,899,17.83339384277787,62.94029443493758,17.83339384277787,23.273677539442357,0.0010866208828204645,0.02354912948640651,0.046142719774321383
bfo-ff334e22732fd2b3b794b6357a29b1f32faf53a8749933cf89df898700bcab59,900,17.833380276754735,62.96464412430011,17.833380276754735,23.27390273873777,0.0010866159846968269,0.023549809204442256,0.04614117996726088
bfo-ff334e22732fd2b3b794b6357a29b1f32faf53a8749933cf89df898700bcab59,901,17.833396270423485,62.98005623491213,17.833396270423485,23.273281276462523,0.0010865160791006714,0.023549288977608857,0.04613795686713739
bfo-ff334e22732fd2b3b794b6357a29b1f32faf53a8749933cf89df898700bcab59,902,17.833380102416356,62.96496318605479,17.833380102416356,23.274075283018323,0.0010866362388528732,0.023549946025715057,0.04614177194573333
bfo-ff334e22732fd2b3b794b6357a29b1f32faf53a8749933cf89df898700bcab59,903,17.833387960213965,62.971582042602854,17.833387960213965,23.274446445297645,0.0010866891635625752,0.023550614608347467,0.04614270929376937
bfo-ff334e22732fd2b3b794b6357a29b1f32faf53a8749933cf89df898700bcab59,904,17.833380415757556,62.96778394523655,17.833380415757556,23.273952463189893,0.001086610115035342,0.023549650279752,0.04614124210454241
bfo-ff334e22732fd2b3b794b6357a29b1f32faf53a8749933cf89df898700bcab59,905,17.833384976438374,62.962371834935446,17.833384976438374,23.274215406714937,0.0010866659676649216,0.023550222848423074,0.04614249192710654
bfo-ff334e22732fd2b3b794b6357a29b1f32faf53a8749933cf89df898700bcab59,906,17.833397257936525,62.96441482423978,17.833397257936525,23.274216992193946,0.0010866551928710693,0.023550242353782898,0.04614199618614621
bfo-ff334e22732fd2b3b794b6357a29b1f32faf53a8749933cf89df898700bcab59,907,17.833378626469806,62.967376793356635,17.833378626469806,23.27405090688392,0.0010866300437874527,0.02354994226458332,0.046141516254230144
bfo-ff334e22732fd2b3b794b6357a29b1f32faf53a8749933cf89df898700bcab59,908,17.833367432980754,62.970766412542844,17.833367432980754,23.273900741210984,0.0010866072678340347,0.023549805763906174,0.04614081656246326
bfo-ff334e22732fd2b3b794b6357a29b1f32faf53a8749933cf89df898700bcab59,909,17.833370787258296,62.970958646322146,17.833370787258296,23.27374111861126,0.001086587982780396,0.02354960078187432,0.04614039927236144
bfo-ff334e22732fd2b3b794b6357a29b1f32faf53a8749933cf89df898700bcab59,910,17.833367081172153,62.97054482703431,17.833367081172153,23.273903299280242,0.0010866080805641669,0.023549815425348147,0.04614083214404229
bfo-ff334e22732fd2b3b794b6357a29b1f32faf53a8749933cf89df898700bcab59,911,17.833367202307908,62.973458509250385,17.833367202307908,23.27388736179872,0.0010866020863265985,0.0235498603666814,0.04614048955737908
bfo-ff334e22732fd2b3b794b6357a29b1f32faf53a8749933cf89df898700bcab59,912,17.833367541128666,62.96988434886693,17.833367541128666,23.273897456385725,0.0010866082308290872,0.023549810260430508,0.04614084864432463
bfo-ff334e22732fd2b3b794b6357a29b1f32faf53a8749933cf89df898700bcab59,913,17.833367124637682,62.97208406933097,17.833367124637682,23.273907950918215,0.0010866049856784715,0.023549796436866693,0.046140737929157426
bfo-ff334e22732fd2b3b794b6357a29b1f32faf53a8749933cf89df898700bcab59,914,17.833369288883286,62.9699506163197,17.833369288883286,23.27388075757103,0.001086604875210098,0.023549769219357544,0.046140786565200216
bfo-ff334e22732fd2b3b794b6357a29b1f32faf53a8749933cf89df898700bcab59,915,17.833365993074384,62.9717571422931,17.833365993074384,23.273851999574905,0.001086601835495313,0.02354977538548592,0.046140645407811494
bfo-ff334e22732fd2b3b794b6357a29b1f32faf53a8749933cf89df898700bcab59,916,17.833368086689,62.973025848771194,17.833368086689,23.273782330210462,0.0010865909556604053,0.023549697341570516,0.046140336323657445
bfo-ff334e22732fd2b3b794b6357a29b1f32faf53a8749933cf89df898700bcab59,917,17.833366690749223,62.971968619720045,17.833366690749223,23.273846713532325,0.001086600247208097,0.023549761173864807,0.046140605808520495
bfo-ff334e22732fd2b3b794b6357a29b1f32faf53a8749933cf89df898700bcab59,918,17.83336502093323,62.97408333240783,17.83336502093323,23.273864968319973,0.0010866009495326084,0.023549821880829602,0.04614051668973091
bfo-ff334e22732fd2b3b794b6357a29b1f32faf53a8749933cf89df898700bcab59,919,17.833362395757774,62.97408818453116,17.833362395757774,23.273958246537358,0.0010866150299941064,0.02354996862248035,0.046140827081902966
bfo-ff334e22732fd2b3b794b6357a29b1f32faf53a8749933cf89df898700bcab59,920,17.833360898227337,62.97338416437308,17.833360898227337,23.273973635256436,0.0010866186084098294,0.02354998759813246,0.04614094185323475
bfo-ff334e22732fd2b3b794b6357a29b1f32faf53a8749933cf89df898700bcab59,921,17.833361822947804,62.974031164464535,17.833361822947804,23.27402652845826,0.0010866246419347198,0.023550036094522102,0.046141103035824055
bfo-ff334e22732fd2b3b794b6357a29b1f32faf53a8749933cf89df898700bcab59,922,17.833361244437295,62.97471078933758,17.833361244437295,23.27397031480428,0.0010866163842246904,0.02355001482305368,0.046140794066973384
bfo-ff334e22732fd2b3b794b6357a29b1f32faf53a8749933cf89df898700bcab59,923,17.83336178605089,62.97265906233653,17.83336178605089,23.274016087654424,0.0010866277052506354,0.023550081968420986,0.04614114323286548
bfo-ff334e22732fd2b3b794b6357a29b1f32faf53a8749933cf89df898700bcab59,924,17.833361366786285,62.974151905313995,17.833361366786285,23.273980885434998,0.0010866175821573063,0.023549983900172933,0.04614090552093019
bfo-ff334e22732fd2b3b794b6357a29b1f32faf53a8749933cf89df898700bcab59,925,17.833361671211723,62.97419738342204,17.833361671211723,23.27399953866216,0.0010866207172156395,0.02355003024311401,0.046140947845846846
bfo-ff334e22732fd2b3b794b6357a29b1f32faf53a8749933cf89df898700bcab59,926,17.833359638558907,62.97426553292794,17.833359638558907,23.273962498348205,0.0010866160738729838,0.02354997211401338,0.04614086456715565
bfo-ff334e22732fd2b3b794b6357a29b1f32faf53a8749933cf89df898700bcab59,927,17.833354947719563,62.97447963894639,17.833354947719563,23.27392959612283,0.0010866127392618772,0.02354995049585088,0.04614076532574116
bfo-ff334e22732fd2b3b794b6357a29b1f32faf53a8749933cf89df898700bcab59,928,17.833352125113674,62.97735883372103,17.833352125113674,23.273925475225074,0.0010866091749146263,0.02354998010590904,0.04614055595919505
bfo-ff334e22732fd2b3b794b6357a29b1f32faf53a8749933cf89df898700bcab59,929,17.83335277876401,62.977520274741735,17.83335277876401,23.27385931493136,0.0010866005519990915,0.02354989254591679,0.046140361357508285
bfo-ff334e22732fd2b3b794b6357a29b1f32faf53a8749933cf89df898700bcab59,930,17.83335099691595,62.9777102769431,17.83335099691595,23.273903908396637,0.0010866068327961798,0.02354996784947349,0.04614048051961452
bfo-ff334e22732fd2b3b794b6357a29b1f32faf53a8749933cf89df898700bcab59,931,17.83334921108951,62.97639848643517,17.83334921108951,23.273933742000146,0.0010866155670735014,0.023550046013343533,0.046140698258416206
bfo-ff334e22732fd2b3b794b6357a29b1f32faf53a8749933cf89df898700bcab59,932,17.83334844743642,62.9797002827679,17.83334844743642,23.273951540397,0.0010866144176775088,0.023550109116489207,0.04614052581678647
bfo-ff334e22732fd2b3b794b6357a29b1f32faf53a8749933cf89df898700bcab59,933,17.833346903074496,62.98109905421269,17.833346903074496,23.27395189169248,0.0010866129182975743,0.02355014303906559,0.04614039568656006
bfo-ff334e22732fd2b3b794b6357a29b1f32faf53a8749933cf89df898700bcab59,934,17.83334205925639,62.98159718970197,17.83334205925639,23.273889575307397,0.0010866056390832857,0.02355008693237543,0.046140196518318445
bfo-ff334e22732fd2b3b794b6357a29b1f32faf53a8749933cf89df898700bcab59,935,17.833338593475982,62.981663970567475,17.833338593475982,23.273836765455698,0.0010866021716366696,0.023550075560823957,0.04614007156071529
bfo-ff334e22732fd2b3b794b6357a29b1f32faf53a8749933cf89df898700bcab59,936,17.833335467648617,62.98193823068952,17.833335467648617,23.273812226621075,0.001086600344841702,0.02355000545499221,0.04614013134384904
bfo-ff334e22732fd2b3b794b6357a29b1f32faf53a8749933cf89df898700bcab59,937,17.833336604803634,62.98563579736934,17.833336604803634,23.27376823295251,0.0010865887541928042,0.023549964431229687,0.04613971954674697
bfo-ff334e22732fd2b3b794b6357a29b1f32faf53a8749933cf89df898700bcab59,938,17.833335311516418,62.9828207918074,17.833335311516418,23.273823924485445,0.0010866007764569181,0.023550029827667525,0.04614010191954558
bfo-ff334e22732fd2b3b794b6357a29b1f32faf53a8749933cf89df898700bcab59,939,17.833330817060304,62.98253287249541,17.833330817060304,23.273873335253107,0.0010866087587508555,0.023550097729008443,0.04614030783457841
bfo-ff334e22732fd2b3b794b6357a29b1f32faf53a8749933cf89df898700bcab59,940,17.83332328392222,62.98177487109845,17.83332328392222,23.273963961240817,0.001086626551021256,0.023550268524007125,0.04614072871031384
bfo-ff334e22732fd2b3b794b6357a29b1f32faf53a8749933cf89df898700bcab59,941,17.83332318083493,62.981188955928396,17.83332318083493,23.273834723106123,0.0010866128022612818,0.02355008864095696,0.04614049733857507
bfo-ff334e22732fd2b3b794b6357a29b1f32faf53a8749933cf89df898700bcab59,942,17.833311884103743,62.98047478095151,17.833311884103743,23.273917410154894,0.0010866310923337967,0.023550291071939174,0.046140877368116597
bfo-ff334e22732fd2b3b794b6357a29b1f32faf53a8749933cf89df898700bcab59,943,17.833305476051272,62.980932978741656,17.833305476051272,23.274109453156704,0.0010866676625818205,0.023550725294205866,0.046141579463336996
bfo-ff334e22732fd2b3b794b6357a29b1f32faf53a8749933cf89df898700bcab59,944,17.83330131840063,62.98901876436812,17.83330131840063,23.274201815672903,0.0010866679606733043,0.023550854504283805,0.046141338968216365
bfo-ff334e22732fd2b3b794b6357a29b1f32faf53a8749933cf89df898700bcab59,945,17.833279886784307,62.994180055463815,17.833279886784307,23.27395626213949,0.0010866364655556994,0.023550671851190336,0.04614035949470278
bfo-ff334e22732fd2b3b794b6357a29b1f32faf53a8749933cf89df898700bcab59,946,17.83328333191444,63.00766539221485,17.83328333191444,23.27351544932748,0.0010865768263772688,0.02355058759057401,0.04613799219226976
bfo-ff334e22732fd2b3b794b6357a29b1f32faf53a8749933cf89df898700bcab59,947,17.833279756213695,62.99358088970145,17.833279756213695,23.2740054674641,0.001086643861643297,0.023550704512739898,0.04614060955397196
bfo-ff334e22732fd2b3b794b6357a29b1f32faf53a8749933cf89df898700bcab59,948,17.83327691193534,62.99500275370275,17.83327691193534,23.273887299348374,0.001086626226629911,0.023550435640221922,0.04614038751682606
bfo-ff334e22732fd2b3b794b6357a29b1f32faf53a8749933cf89df898700bcab59,949,17.833270263635324,62.99668777207179,17.833270263635324,23.27396241998173,0.0010866330028666338,0.023550503764105175,0.04614054177995294
bfo-ff334e22732fd2b3b794b6357a29b1f32faf53a8749933cf89df898700bcab59,950,17.83326688346842,62.9955840852722,17.83326688346842,23.274100812291117,0.0010866565989929849,0.023550717334836643,0.046141125280527356
bfo-ff334e22732fd2b3b794b6357a29b1f32faf53a8749933cf89df898700bcab59,951,17.83326709635922,62.99408241642358,17.83326709635922,23.274109396252864,0.0010866609090299847,0.023550692158478066,0.04614135761775457
bfo-ff334e22732fd2b3b794b6357a29b1f32faf53a8749933cf89df898700bcab59,952,17.833266483817773,62.99559862987912,17.833266483817773,23.274105277850673,0.001086657123043388,0.02355070668059322,0.046141168406587114
bfo-ff334e22732fd2b3b794b6357a29b1f32faf53a8749933cf89df898700bcab59,953,17.833270793012694,62.99724591331904,17.833270793012694,23.274172813319918,0.001086663476913372,0.023550808340218,0.04614123902735277
bfo-ff334e22732fd2b3b794b6357a29b1f32faf53a8749933cf89df898700bcab59,954,17.83326802584071,62.99635968913044,17.83326802584071,23.274117179992047,0.0010866576425717389,0.0235507289657391,0.04614114680494927
bfo-ff334e22732fd2b3b794b6357a29b1f32faf53a8749933cf89df898700bcab59,955,17.833265929382943,62.992204601066504,17.833265929382943,23.27410237015658,0.0010866614220322538,0.023550664332343773,0.04614143391869697
bfo-ff334e22732fd2b3b794b6357a29b1f32faf53a8749933cf89df898700bcab59,956,17.833260756475415,62.99204349775104,17.833260756475415,23.274058939923606,0.0010866555112442463,0.023550583013647326,0.046141342259533036
bfo-ff334e22732fd2b3b794b6357a29b1f32faf53a8749933cf89df898700bcab59,957,17.833257716763697,62.98949541879479,17.833257716763697,23.273959201763233,0.0010866471084607413,0.02355041105283082,0.046141322375352914
bfo-ff334e22732fd2b3b794b6357a29b1f32faf53a8749933cf89df898700bcab59,958,17.833258225982284,62.99018798724586,17.833258225982284,23.273931929288356,0.0010866403688580802,0.023550344295701738,0.04614116699161833
bfo-ff334e22732fd2b3b794b6357a29b1f32faf53a8749933cf89df898700bcab59,959,17.83325779299698,62.988573639153735,17.83325779299698,23.273986135270686,0.0010866507580200484,0.0235504146991471,0.04614147019922339
bfo-ff334e22732fd2b3b794b6357a29b1f32faf53a8749933cf89df898700bcab59,960,17.833258101652838,62.98612718679465,17.833258101652838,23.27394924690836,0.0010866515187587876,0.023550382113521496,0.046141566345748786
bfo-ff334e22732fd2b3b794b6357a29b1f32faf53a8749933cf89df898700bcab59,961,17.83325679434163,62.989353163365394,17.83325679434163,23.273971547247363,0.0010866489330250274,0.023550419183251334,0.04614138392058151
bfo-ff334e22732fd2b3b794b6357a29b1f32faf53a8749933cf89df898700bcab59,962,17.833254270120385,62.98863960833195,17.833254270120385,23.273997394667628,0.0010866530134509894,0.02355041978008819,0.04614155601462999
bfo-ff334e22732fd2b3b794b6357a29b1f32faf53a8749933cf89df898700bcab59,963,17.833252470886304,62.9887478483925,17.833252470886304,23.274015590830082,0.0010866552732433877,0.02355040425315071,0.046141682391630655
bfo-ff334e22732fd2b3b794b6357a29b1f32faf53a8749933cf89df898700bcab59,964,17.83324658290799,62.9893151972565,17.83324658290799,23.274075052272284,0.0010866635105229263,0.023550499772404497,0.046141845014950965
bfo-ff334e22732fd2b3b794b6357a29b1f32faf53a8749933cf89df898700bcab59,965,17.8332454348746,62.990640907382684,17.8332454348746,23.274184897369004,0.001086678217103244,0.023550672005734272,0.046142132030824956
bfo-ff334e22732fd2b3b794b6357a29b1f32faf53a8749933cf89df898700bcab59,966,17.833243360784753,62.991086653847226,17.833243360784753,23.27416509643279,0.0010866740839297422,0.023550592080474834,0.04614211312464941
bfo-ff334e22732fd2b3b794b6357a29b1f32faf53a8749933cf89df898700bcab59,967,17.83324384773295,62.99009764262987,17.83324384773295,23.274196585740132,0.0010866801311250763,0.023550624786731658,0.04614230581845575
bfo-ff334e22732fd2b3b794b6357a29b1f32faf53a8749933cf89df898700bcab59,968,17.833243337665458,62.99081656802405,17.833243337665458,23.27415298074348,0.001086672445188005,0.023550580054740925,0.04614206710247245
bfo-ff334e22732fd2b3b794b6357a29b1f32faf53a8749933cf89df898700bcab59,969,17.833244018303215,62.98966234775774,17.833244018303215,23.274188751840448,0.0010866798641019557,0.02355062531418202,0.046142293446771655
bfo-ff334e22732fd2b3b794b6357a29b1f32faf53a8749933cf89df898700bcab59,970,17.83324058465266,62.9902907640304,17.83324058465266,23.274119629980742,0.0010866689601867455,0.023550529813617625,0.046142017559129424
bfo-ff334e22732fd2b3b794b6357a29b1f32faf53a8749933cf89df898700bcab59,971,17.833239459206872,62.98934403861933,17.833239459206872,23.274091786048263,0.0010866657534254972,0.023550454637056704,0.04614202868574884
bfo-ff334e22732fd2b3b794b6357a29b1f32faf53a8749933cf89df898700bcab59,972,17.833239916497792,62.992320870795204,17.833239916497792,23.274033308593385,0.0010866557111126956,0.0235504404516248,0.04614163006185834
bfo-ff334e22732fd2b3b794b6357a29b1f32faf53a8749933cf89df898700bcab59,973,17.833239481875484,62.98901468770188,17.833239481875484,23.274104944532592,0.001086668095046397,0.023550471445065994,0.04614209518400373
bfo-ff334e22732fd2b3b794b6357a29b1f32faf53a8749933cf89df898700bcab59,974,17.833240457220295,62.990915683032284,17.833240457220295,23.274089403786864,0.0010866611965829715,0.023550422522129515,0.04614189811507092
bfo-ff334e22732fd2b3b794b6357a29b1f32faf53a8749933cf89df898700bcab59,975,17.83323761097475,62.98962153284582,17.83323761097475,23.274118578935457,0.0010866694761097547,0.02355049887197483,0.04614210008956095
bfo-ff334e22732fd2b3b794b6357a29b1f32faf53a8749933cf89df898700bcab59,976,17.83323657532648,62.98787384077319,17.83323657532648,23.2740783103357,0.0010866677261280864,0.023550430396086005,0.046142159945776896
bfo-ff334e22732fd2b3b794b6357a29b1f32faf53a8749933cf89df898700bcab59,977,17.833237439629464,62.988337701573,17.833237439629464,23.274070761181378,0.0010866649273267124,0.023550418261092027,0.046142064878822414
bfo-ff334e22732fd2b3b794b6357a29b1f32faf53a8749933cf89df898700bcab59,978,17.833236527639038,62.988182249705886,17.833236527639038,23.27408239669828,0.001086667429791604,0.02355040909587781,0.04614218909606164
bfo-ff334e22732fd2b3b794b6357a29b1f32faf53a8749933cf89df898700bcab59,979,17.83323251045514,62.987393832976764,17.83323251045514,23.274122142586734,0.0010866746485717006,0.023550461794790825,0.046142392367527346
bfo-ff334e22732fd2b3b794b6357a29b1f32faf53a8749933cf89df898700bcab59,980,17.833231034070536,62.98540567393019,17.833231034070536,23.274115821248515,0.0010866774309040027,0.023550436186422465,0.0461425606855853
bfo-ff334e22732fd2b3b794b6357a29b1f32faf53a8749933cf89df898700bcab59,981,17.833229215989963,62.98666348425668,17.833229215989963,23.27415086672718,0.001086681584625232,0.023550506871994413,0.046142598566211016
bfo-ff334e22732fd2b3b794b6357a29b1f32faf53a8749933cf89df898700bcab59,982,17.833227587454246,62.9849217925812,17.833227587454246,23.27411879035804,0.0010866809664644135,0.02355044965895706,0.04614268441584132
bfo-ff334e22732fd2b3b794b6357a29b1f32faf53a8749933cf89df898700bcab59,983,17.833226288046646,62.9855356255819,17.833226288046646,23.27414216508842,0.0010866824832906233,0.023550441449408176,0.046142764908465514
bfo-ff334e22732fd2b3b794b6357a29b1f32faf53a8749933cf89df898700bcab59,984,17.83322283464865,62.98730886843147,17.83322283464865,23.27413768737533,0.0010866804316062668,0.02355045069462597,0.04614265967547869
bfo-ff334e22732fd2b3b794b6357a29b1f32faf53a8749933cf89df898700bcab59,985,17.83321941999848,62.9880533355486,17.83321941999848,23.274166600544117,0.001086684094475615,0.023550518254331597,0.046142682837807335
bfo-ff334e22732fd2b3b794b6357a29b1f32faf53a8749933cf89df898700bcab59,986,17.833215548188974,62.98839853016451,17.833215548188974,23.274159106518937,0.001086683685081112,0.02355051503293843,0.04614267176582953
bfo-ff334e22732fd2b3b794b6357a29b1f32faf53a8749933cf89df898700bcab59,987,17.83320914611587,62.988988023163955,17.83320914611587,23.274159141254774,0.001086684689422996,0.023550522717284156,0.046142699356114855
bfo-ff334e22732fd2b3b794b6357a29b1f32faf53a8749933cf89df898700bcab59,988,17.83320281417875,62.98926258962268,17.83320281417875,23.27426041889879,0.0010866985811250802,0.023550630074045786,0.04614307887765124
bfo-ff334e22732fd2b3b794b6357a29b1f32faf53a8749933cf89df898700bcab59,989,17.83319327403391,62.98927742357216,17.83319327403391,23.274079413736224,0.0010866790144207167,0.02355035776828134,0.04614278157100033
bfo-ff334e22732fd2b3b794b6357a29b1f32faf53a8749933cf89df898700bcab59,990,17.833187398774246,62.98509346436281,17.833187398774246,23.27405095944088,0.0010866882772588547,0.023550471836507672,0.04614295139404736
bfo-ff334e22732fd2b3b794b6357a29b1f32faf53a8749933cf89df898700bcab59,991,17.833184453808528,62.980312255602854,17.833184453808528,23.27395637946336,0.001086685675543459,0.023550245921016864,0.046143283564341546
bfo-ff334e22732fd2b3b794b6357a29b1f32faf53a8749933cf89df898700bcab59,992,17.833170763773175,62.976627889922085,17.833170763773175,23.27410356612332,0.001086714683945143,0.023550468828579307,0.046144078568252415
bfo-ff334e22732fd2b3b794b6357a29b1f32faf53a8749933cf89df898700bcab59,993,17.833165038889312,62.98081634632993,17.833165038889312,23.27417998395112,0.0010867212231376578,0.023550660355990957,0.046143980963200944
bfo-ff334e22732fd2b3b794b6357a29b1f32faf53a8749933cf89df898700bcab59,994,17.833159440881527,62.98092336068932,17.833159440881527,23.274340312788034,0.0010867459010539479,0.023550907072577416,0.04614454541835251
bfo-ff334e22732fd2b3b794b6357a29b1f32faf53a8749933cf89df898700bcab59,995,17.83315743883575,62.97889639715614,17.83315743883575,23.274388050900175,0.0010867567241253998,0.023551007040023886,0.04614480910640064
bfo-ff334e22732fd2b3b794b6357a29b1f32faf53a8749933cf89df898700bcab59,996,17.833152715165074,62.984525143751,17.833152715165074,23.274390714702132,0.0010867503983288764,0.023551082386261614,0.04614439287779087
bfo-ff334e22732fd2b3b794b6357a29b1f32faf53a8749933cf89df898700bcab59,997,17.833158070481446,62.98388643591123,17.833158070481446,23.274473557736293,0.0010867578928924905,0.023551081673544434,0.04614471250011735
bfo-ff334e22732fd2b3b794b6357a29b1f32faf53a8749933cf89df898700bcab59,998,17.83315220412648,62.985507395880575,17.83315220412648,23.27438474424685,0.001086748781213117,0.023551092175046483,0.04614430503416651
bfo-ff334e22732fd2b3b794b6357a29b1f32faf53a8749933cf89df898700bcab59,999,17.833148320795157,62.986127735089056,17.833148320795157,23.27436756499628,0.0010867487645220572,0.02355112313989987,0.046144243655238164
bfo-ff334e22732fd2b3b794b6357a29b1f32faf53a8749933cf89df898700bcab59,1000,17.8331492408809,62.98655693188053,17.8331492408809,23.274411373032894,0.0010867564229480797,0.023551234227475303,0.04614435118140219
bfo-ff334e22732fd2b3b794b6357a29b1f32faf53a8749933cf89df898700bcab59,1001,17.833147586513775,62.98583451864834,17.833147586513775,23.2743571672247,0.0010867484257163695,0.02355112674780848,0.04614422220021789
bfo-ff334e22732fd2b3b794b6357a29b1f32faf53a8749933cf89df898700bcab59,1002,17.83314132990314,62.987042219920106,17.83314132990314,23.274308897744916,0.0010867417379070326,0.023551070160309107,0.046144049103065014
bfo-ff334e22732fd2b3b794b6357a29b1f32faf53a8749933cf89df898700bcab59,1003,17.833136787953787,62.98933887458804,17.833136787953787,23.274269312376088,0.0010867349602926158,0.023551065509347668,0.04614377043201205
bfo-ff334e22732fd2b3b794b6357a29b1f32faf53a8749933cf89df898700bcab59,1004,17.833137979270713,62.99048352566077,17.833137979270713,23.27417552161448,0.0010867217814185203,0.02355096280480192,0.04614341207302757
bfo-ff334e22732fd2b3b794b6357a29b1f32faf53a8749933cf89df898700bcab59,1005,17.833135931784636,62.988596186212106,17.833135931784636,23.274270805518007,0.0010867363862405361,0.023551071778720897,0.04614381869543768
bfo-ff334e22732fd2b3b794b6357a29b1f32faf53a8749933cf89df898700bcab59,1006,17.833134074038462,62.98844519319145,17.833134074038462,23.27423465707686,0.0010867327671495663,0.023551019952784462,0.046143766568423325
bfo-ff334e22732fd2b3b794b6357a29b1f32faf53a8749933cf89df898700bcab59,1007,17.833131252361067,62.98895722875338,17.833131252361067,23.274259952016227,0.0010867367381342755,0.023551088842382335,0.0461438002042009
bfo-ff334e22732fd2b3b794b6357a29b1f32faf53a8749933cf89df898700bcab59,1008,17.83313082864898,62.98927877926164,17.83313082864898,23.274315503088488,0.0010867454841816905,0.02355117133691512,0.046144009936281975
bfo-ff334e22732fd2b3b794b6357a29b1f32faf53a8749933cf89df898700bcab59,1009,17.833130605073997,62.98890856317641,17.833130605073997,23.274325431564478,0.0010867498130510884,0.02355124853514093,0.04614404248800415
bfo-ff334e22732fd2b3b794b6357a29b1f32faf53a8749933cf89df898700bcab59,1010,17.833130628371986,62.99161455228938,17.833130628371986,23.274319460558583,0.0010867457992473797,0.02355128498294181,0.04614380064758715
bfo-ff334e22732fd2b3b794b6357a29b1f32faf53a8749933cf89df898700bcab59,1011,17.833130668241534,62.989244306022954,17.833130668241534,23.274317409956662,0.0010867485901433424,0.023551258435198338,0.04614397116542831
bfo-ff334e22732fd2b3b794b6357a29b1f32faf53a8749933cf89df898700bcab59,1012,17.833130425354884,62.991281589612264,17.833130425354884,23.27434484462714,0.0010867481276970086,0.02355128557166706,0.046143898361302234
bfo-ff334e22732fd2b3b794b6357a29b1f32faf53a8749933cf89df898700bcab59,1013,17.833129987698406,62.99058580612342,17.833129987698406,23.274333401288736,0.0010867476447399182,0.02355127083946135,0.04614390671942074
bfo-ff334e22732fd2b3b794b6357a29b1f32faf53a8749933cf89df898700bcab59,1014,17.833129323420327,62.989000182652376,17.833129323420327,23.2743553378533,0.0010867535114233871,0.02355129757286286,0.04614410344318379
bfo-ff334e22732fd2b3b794b6357a29b1f32faf53a8749933cf89df898700bcab59,1015,17.833133330352585,62.98968980996893,17.833133330352585,23.274402575510244,0.0010867585462726076,0.023551349044192045,0.04614421637730392
bfo-ff334e22732fd2b3b794b6357a29b1f32faf53a8749933cf89df898700bcab59,1016,17.83312571483027,62.989582752163784,17.83312571483027,23.274309470952772,0.0010867472265567648,0.023551241620907232,0.046143946210972696
bfo-ff334e22732fd2b3b794b6357a29b1f32faf53a8749933cf89df898700bcab59,1017,17.833121744450526,62.99072135409428,17.833121744450526,23.27422143318511,0.0010867355148931749,0.023551155721127794,0.04614361722886754
bfo-ff334e22732fd2b3b794b6357a29b1f32faf53a8749933cf89df898700bcab59,1018,17.833123363393877,62.99030949219801,17.833123363393877,23.27414932576664,0.001086727134897113,0.02355104968840453,0.046143469156373455
bfo-ff334e22732fd2b3b794b6357a29b1f32faf53a8749933cf89df898700bcab59,1019,17.83311910540849,62.99089562107022,17.83311910540849,23.274249518876093,0.0010867398508058886,0.023551196640207217,0.046143721162370914
bfo-ff334e22732fd2b3b794b6357a29b1f32faf53a8749933cf89df898700bcab59,1020,17.833116572958073,62.99184077872482,17.833116572958073,23.274240106712888,0.0010867391037163395,0.023551220705991315,0.046143642288566315
bfo-ff334e22732fd2b3b794b6357a29b1f32faf53a8749933cf89df898700bcab59,1021,17.833115224539146,62.99343814219061,17.833115224539146,23.274245593633026,0.0010867387995312197,0.023551236608038578,0.046143598215997325
bfo-ff334e22732fd2b3b794b6357a29b1f32faf53a8749933cf89df898700bcab59,1022,17.833116392575715,62.99464277383353,17.833116392575715,23.274190151937656,0.0010867307148773426,0.023551200343932946,0.0461433259879383
bfo-ff334e22732fd2b3b794b6357a29b1f32faf53a8749933cf89df898700bcab59,1023,17.833114136257898,62.99322013726667,17.833114136257898,23.274252111774047,0.001086741188666424,0.02355127657985561,0.046143621343904526
bfo-ff334e22732fd2b3b794b6357a29b1f32faf53a8749933cf89df898700bcab59,1024,17.833115377038975,62.991695193118716,17.833115377038975,23.27431838559279,0.0010867534799287107,0.02355137062682229,0.04614395897158631
bfo-ff334e22732fd2b3b794b6357a29b1f32faf53a8749933cf89df898700bcab59,1025,17.833114183606636,62.99186510235291,17.833114183606636,23.274255205222786,0.0010867432203715164,0.023551258625647758,0.046143742788677666
bfo-ff334e22732fd2b3b794b6357a29b1f32faf53a8749933cf89df898700bcab59,1026,17.83311503450725,62.99305371998392,17.83311503450725,23.27426749007836,0.0010867439391088966,0.023551307137074894,0.046143678258865076
bfo-ff334e22732fd2b3b794b6357a29b1f32faf53a8749933cf89df898700bcab59,1027,17.83311414049349,62.99288532815984,17.83311414049349,23.274260983661534,0.001086742510225499,0.023551267669215756,0.04614369491651601
bfo-ff334e22732fd2b3b794b6357a29b1f32faf53a8749933cf89df898700bcab59,1028,17.83311479518232,62.995920634864774,17.83311479518232,23.274289122954603,0.001086741842408468,0.023551344467055355,0.04614351609219804
bfo-ff334e22732fd2b3b794b6357a29b1f32faf53a8749933cf89df898700bcab59,1029,17.833117599631663,62.9932533307005,17.833117599631663,23.274289382192457,0.0010867456798508606,0.023551326796689056,0.046143713652839285
bfo-ff334e22732fd2b3b794b6357a29b1f32faf53a8749933cf89df898700bcab59,1030,17.833113460810043,62.99320043673636,17.833113460810043,23.274207237204337,0.0010867372989205272,0.023551229098133442,0.046143549213177024
bfo-ff334e22732fd2b3b794b6357a29b1f32faf53a8749933cf89df898700bcab59,1031,17.833116364626687,62.99317725432269,17.833116364626687,23.27414574156908,0.0010867290289328674,0.023551147069742207,0.046143358780560785
bfo-ff334e22732fd2b3b794b6357a29b1f32faf53a8749933cf89df898700bcab59,1032,17.833112189265687,62.992593803301745,17.833112189265687,23.274221743658725,0.0010867399084741212,0.02355121956476809,0.04614367869508767
bfo-ff334e22732fd2b3b794b6357a29b1f32faf53a8749933cf89df898700bcab59,1033,17.833111031071233,62.99224951552942,17.833111031071233,23.27424908100667,0.001086744258210461,0.023551244904803415,0.04614381373906961
bfo-ff334e22732fd2b3b794b6357a29b1f32faf53a8749933cf89df898700bcab59,1034,17.833110485482543,62.99164055451308,17.833110485482543,23.274256311961327,0.0010867461278956357,0.023551230277102958,0.04614392178705819
bfo-ff334e22732fd2b3b794b6357a29b1f32faf53a8749933cf89df898700bcab59,1035,17.83310993466393,62.99063783775768,17.83310993466393,23.274267541072376,0.0010867488621301839,0.02355123397101265,0.04614403064687723
bfo-ff334e22732fd2b3b794b6357a29b1f32faf53a8749933cf89df898700bcab59,1036,17.83311023308893,62.990535564161945,17.83311023308893,23.27426182497638,0.0010867489917339283,0.023551241892360925,0.04614402062960535
bfo-ff334e22732fd2b3b794b6357a29b1f32faf53a8749933cf89df898700bcab59,1037,17.833110405102012,62.990835379510045,17.833110405102012,23.274257906276944,0.001086747260888866,0.0235512224956587,0.046143985140864374
bfo-ff334e22732fd2b3b794b6357a29b1f32faf53a8749933cf89df898700bcab59,1038,17.833109489267773,62.99028329116224,17.833109489267773,23.274284973882054,0.0010867521530191012,0.023551258621830252,0.046144122081516414
bfo-ff334e22732fd2b3b794b6357a29b1f32faf53a8749933cf89df898700bcab59,1039,17.83311021746772,62.99012275515922,17.83311021746772,23.274297654961323,0.001086753732300857,0.023551261280525804,0.046144183929523894
bfo-ff334e22732fd2b3b794b6357a29b1f32faf53a8749933cf89df898700bcab59,1040,17.833109217037062,62.990272013265006,17.833109217037062,23.27428160038191,0.0010867516936515242,0.023551253117364408,0.04614411336143549
bfo-ff334e22732fd2b3b794b6357a29b1f32faf53a8749933cf89df898700bcab59,1041,17.83310854668214,62.990086184464545,17.83310854668214,23.274276527092304,0.00108675147637475,0.02355124809830279,0.046144113969614466
bfo-ff334e22732fd2b3b794b6357a29b1f32faf53a8749933cf89df898700bcab59,1042,17.83310855143856,62.990404647361636,17.83310855143856,23.274281546398548,0.0010867517299882822,0.023551259170435417,0.046144103044499354
bfo-ff334e22732fd2b3b794b6357a29b1f32faf53a8749933cf89df898700bcab59,1043,17.833108538763593,62.989984014455814,17.833108538763593,23.27427593866285,0.0010867515489632839,0.023551247162161674,0.04614411888595438
bfo-ff334e22732fd2b3b794b6357a29b1f32faf53a8749933cf89df898700bcab59,1044,17.83310866556701,62.98958020775162,17.83310866556701,23.274277944581407,0.0010867523467181512,0.023551247217105296,0.04614415265145032
bfo-ff334e22732fd2b3b794b6357a29b1f32faf53a8749933cf89df898700bcab59,1045,17.83310853538622,62.98995199419493,17.83310853538622,23.274275374331502,0.0010867515010811793,0.02355124297449776,0.04614412505777117
bfo-ff334e22732fd2b3b794b6357a29b1f32faf53a8749933cf89df898700bcab59,1046,17.833108538574155,62.98998471723975,17.833108538574155,23.27426483468628,0.0010867503301761718,0.02355123321971272,0.046144094453047416
bfo-ff334e22732fd2b3b794b6357a29b1f32faf53a8749933cf89df898700bcab59,1047,17.8331085280733,62.9898292180021,17.8331085280733,23.27427687681669,0.001086751767803865,0.023551241734070676,0.046144138813356196
bfo-ff334e22732fd2b3b794b6357a29b1f32faf53a8749933cf89df898700bcab59,1048,17.833108488467314,62.989770979627735,17.833108488467314,23.27427708864006,0.0010867518372203939,0.02355123708000875,0.04614415087956773
bfo-ff334e22732fd2b3b794b6357a29b1f32faf53a8749933cf89df898700bcab59,1049,17.833108457473223,62.98963152933655,17.833108457473223,23.2742833125867,0.0010867531169298026,0.02355124852181803,0.046144182798760223
bfo-ff334e22732fd2b3b794b6357a29b1f32faf53a8749933cf89df898700bcab59,1050,17.833108795718697,62.98957440143883,17.833108795718697,23.27429355392874,0.0010867546781021425,0.02355126130850249,0.04614422403397145
bfo-ff334e22732fd2b3b794b6357a29b1f32faf53a8749933cf89df898700bcab59,1051,17.833108462227038,62.98966284900281,17.833108462227038,23.27428384937333,0.00108675301880664,0.023551246966922748,0.04614418167891334
bfo-ff334e22732fd2b3b794b6357a29b1f32faf53a8749933cf89df898700bcab59,1052,17.83310853893235,62.98980575485625,17.83310853893235,23.274273829499624,0.0010867515099556788,0.023551236844818666,0.04614413744451672
