run_id,evaluation_index,training_objective,expected_energy,cvar_0.10,cvar_0.25,p_opt,p_feas,p_opt_given_feas
bfo-c98ff20768b3d204c55911c8c4a8b4449883f0fecda03c7fd303cd97509f8d61,0,33.80251247434465,61.52287744777955,26.751785429778316,33.80251247434465,0.00021416025451896693,0.004244002372831121,0.05046186022184132
bfo-c98ff20768b3d204c55911c8c4a8b4449883f0fecda03c7fd303cd97509f8d61,1,33.80251247434465,61.52287744777955,26.751785429778316,33.80251247434465,0.00021416025451896693,0.004244002372831121,0.05046186022184132
bfo-c98ff20768b3d204c55911c8c4a8b4449883f0fecda03c7fd303cd97509f8d61,2,41.66604392119038,87.70196111584062,31.613410486176186,41.66604392119038,7.716845185628725e-05,0.001638899067356799,0.04708554260192716
bfo-c98ff20768b3d204c55911c8c4a8b4449883f0fecda03c7fd303cd97509f8d61,3,41.673974079013234,87.71434374510085,31.632574150870767,41.673974079013234,7.539141040278834e-05,0.0016171155103813296,0.04662091849271201
bfo-c98ff20768b3d204c55911c8c4a8b4449883f0fecda03c7fd303cd97509f8d61,4,41.678786259450135,87.70782202332246,31.6410074277909,41.678786259450135,7.735833550094285e-05,0.0016065210820326121,0.048152704851571
bfo-c98ff20768b3d204c55911c8c4a8b4449883f0fecda03c7fd303cd97509f8d61,5,41.67962912243934,87.70660468215227,31.642674926106466,41.67962912243934,7.690576205797903e-05,0.0016055376966685965,0.04790031540060025
bfo-c98ff20768b3d204c55911c8c4a8b4449883f0fecda03c7fd303cd97509f8d61,6,41.67967053616091,87.70647048619674,31.642670629382426,41.67967053616091,7.698580145428091e-05,0.0016058039235513986,0.047942217804536794
bfo-c98ff20768b3d204c55911c8c4a8b4449883f0fecda03c7fd303cd97509f8d61,7,41.67977873606173,87.7064233655113,31.64268487451806,41.67977873606173,7.734520717050373e-05,0.001605753017722646,0.04816756145985534
bfo-c98ff20768b3d204c55911c8c4a8b4449883f0fecda03c7fd303cd97509f8d61,8,41.6796692517219,87.70654222318566,31.642670942106356,41.6796692517219,7.694618142208599e-05,0.001605696418751961,0.04792075296642497
bfo-c98ff20768b3d204c55911c8c4a8b4449883f0fecda03c7fd303cd97509f8d61,9,41.67818460289303,87.70510880368994,31.642089298326848,41.67818460289303,7.673136914206198e-05,0.0016043824392578895,0.04782610882823813
bfo-c98ff20768b3d204c55911c8c4a8b4449883f0fecda03c7fd303cd97509f8d61,10,41.677898071392626,87.70467841216166,31.64197934281832,41.677898071392626,7.667536485454461e-05,0.0016044863862586277,0.04778810559641937
bfo-c98ff20768b3d204c55911c8c4a8b4449883f0fecda03c7fd303cd97509f8d61,11,41.67001382477703,87.68577659632258,31.63661651050217,41.67001382477703,7.630915210886692e-05,0.0016051590794756612,0.04753993114115141
bfo-c98ff20768b3d204c55911c8c4a8b4449883f0fecda03c7fd303cd97509f8d61,12,41.66869097309001,87.68105673153892,31.635878923582315,41.66869097309001,7.883259195852797e-05,0.0016077019035985447,0.04903433390361467
bfo-c98ff20768b3d204c55911c8c4a8b4449883f0fecda03c7fd303cd97509f8d61,13,41.66900899561384,87.68123465395959,31.63649313643039,41.66900899561384,7.784759248059914e-05,0.001607651646651857,0.04842317217335413
bfo-c98ff20768b3d204c55911c8c4a8b4449883f0fecda03c7fd303cd97509f8d61,14,41.66900488564846,87.68140742883546,31.636142097221505,41.66900488564846,7.865317743746387e-05,0.0016071639240744344,0.04893911334076282
bfo-c98ff20768b3d204c55911c8c4a8b4449883f0fecda03c7fd303cd97509f8d61,15,41.65664469971616,87.66332856320474,31.62162560565057,41.65664469971616,7.640546817138572e-05,0.0016196427075222748,0.04717427357066337
bfo-c98ff20768b3d204c55911c8c4a8b4449883f0fecda03c7fd303cd97509f8d61,16,41.65301772879461,87.66083617892829,31.615841515899422,41.65301772879461,7.846244205295842e-05,0.001613409484439799,0.04863144961627755
bfo-c98ff20768b3d204c55911c8c4a8b4449883f0fecda03c7fd303cd97509f8d61,17,41.65326814263675,87.66058862904356,31.61588298680264,41.65326814263675,7.833575495206495e-05,0.0016142210229856686,0.04852851860842134
bfo-c98ff20768b3d204c55911c8c4a8b4449883f0fecda03c7fd303cd97509f8d61,18,45.95243843909682,85.9614443705162,35.13025259714249,45.95243843909682,6.0008561916769393e-05,0.00120478602871087,0.04980848091422425
bfo-c98ff20768b3d204c55911c8c4a8b4449883f0fecda03c7fd303cd97509f8d61,19,33.802402265810535,61.52304936867317,26.751693052830188,33.802402265810535,0.00021404469600375407,0.004241982141366899,0.05045865090200078
bfo-c98ff20768b3d204c55911c8c4a8b4449883f0fecda03c7fd303cd97509f8d61,20,33.802398695549115,61.52395881693096,26.751226356196504,33.802398695549115,0.00021319683531478695,0.0042422811701511446,0.05025523456928036
bfo-c98ff20768b3d204c55911c8c4a8b4449883f0fecda03c7fd303cd97509f8d61,21,33.802450683300485,61.5237022138305,26.751215051502644,33.802450683300485,0.0002132553777038946,0.004242259748070948,0.050269288154943054
bfo-c98ff20768b3d204c55911c8c4a8b4449883f0fecda03c7fd303cd97509f8d61,22,33.80247078435545,61.52390028835123,26.751229403908532,33.80247078435545,0.000213260611990919,0.004242247190915457,0.0502706708009861
bfo-c98ff20768b3d204c55911c8c4a8b4449883f0fecda03c7fd303cd97509f8d61,23,1000000.1903417911,61.52209184325157,26.750894323316192,33.80206200937308,0.00021343148125822886,0.004234243639960496,0.05040604637011868
bfo-c98ff20768b3d204c55911c8c4a8b4449883f0fecda03c7fd303cd97509f8d61,24,33.80582308224494,61.528548667144506,26.75472516564201,33.80582308224494,0.00021387005647616195,0.004237096062586392,0.05047562134940415
bfo-c98ff20768b3d204c55911c8c4a8b4449883f0fecda03c7fd303cd97509f8d61,25,1000000.5,61.52393673011184,26.751067314389484,33.802376417782725,0.0002132108149016907,0.004242402394387648,0.05025709375983552
bfo-c98ff20768b3d204c55911c8c4a8b4449883f0fecda03c7fd303cd97509f8d61,26,33.80239810946951,61.52395988326865,26.75126632779798,33.80239810946951,0.0002131334431182275,0.004242534243518947,0.050237294712191904
bfo-c98ff20768b3d204c55911c8c4a8b4449883f0fecda03c7fd303cd97509f8d61,27,33.80240373365638,61.52396024368016,26.751283134218248,33.80240373365638,0.00021309932385179793,0.004242713143086512,0.050227134539850435
bfo-c98ff20768b3d204c55911c8c4a8b4449883f0fecda03c7fd303cd97509f8d61,28,1000000.5,61.52396024368019,26.751283134218248,33.80240373365639,0.00021309932385179782,0.004242713143086511,0.05022713453985042
bfo-c98ff20768b3d204c55911c8c4a8b4449883f0fecda03c7fd303cd97509f8d61,29,1000000.1969568934,61.52353716945916,26.751192412015524,33.80235041112769,0.00021305338638177,0.004242517437172855,0.05021862362073056
bfo-c98ff20768b3d204c55911c8c4a8b4449883f0fecda03c7fd303cd97509f8d61,30,1000000.3479981067,61.52394428833512,26.751311312430726,33.80243848958653,0.0002131180015817321,0.004242551097717619,0.05023345545475786
bfo-c98ff20768b3d204c55911c8c4a8b4449883f0fecda03c7fd303cd97509f8d61,31,33.80395352171658,61.52802335305663,26.751999241478927,33.80395352171658,0.00021371986023879517,0.004242233052705437,0.05037909459087772
bfo-c98ff20768b3d204c55911c8c4a8b4449883f0fecda03c7fd303cd97509f8d61,32,33.802216189364955,61.52462067919086,26.75118806507549,33.802216189364955,0.00021390181410965115,0.004243101977559773,0.05041165996973447
bfo-c98ff20768b3d204c55911c8c4a8b4449883f0fecda03c7fd303cd97509f8d61,33,1000000.4937530106,61.52473491041251,26.751190095744935,33.80216588856311,0.00021426362734454048,0.004243475563883878,0.05049248525622092
bfo-c98ff20768b3d204c55911c8c4a8b4449883f0fecda03c7fd303cd97509f8d61,34,33.80216588856304,61.52473491041252,26.751190095744832,33.80216588856304,0.00021426362734454062,0.00424347556388388,0.05049248525622094
bfo-c98ff20768b3d204c55911c8c4a8b4449883f0fecda03c7fd303cd97509f8d61,35,1000000.3661044571,61.52458326389241,26.75076565055764,33.801897900883574,0.000213809760691477,0.004243989604197108,0.0503794261135864
bfo-c98ff20768b3d204c55911c8c4a8b4449883f0fecda03c7fd303cd97509f8d61,36,33.80223111947603,61.52421800635271,26.75222070335777,33.80223111947603,0.00021479575712851566,0.004244798899300412,0.050602104416281365
bfo-c98ff20768b3d204c55911c8c4a8b4449883f0fecda03c7fd303cd97509f8d61,37,33.802207326377655,61.524763475478316,26.751224862700724,33.802207326377655,0.00021417987921671394,0.004244220324731678,0.05046389273635424
bfo-c98ff20768b3d204c55911c8c4a8b4449883f0fecda03c7fd303cd97509f8d61,38,33.80273436735459,61.52440277629415,26.75121669738192,33.80273436735459,0.00021422246854986882,0.004247413064465966,0.050435986634326406
bfo-c98ff20768b3d204c55911c8c4a8b4449883f0fecda03c7fd303cd97509f8d61,39,33.26069619300292,65.8392627375538,26.34973570397879,33.26069619300292,0.0002381923838203242,0.004704580264839876,0.0506298905346514
bfo-c98ff20768b3d204c55911c8c4a8b4449883f0fecda03c7fd303cd97509f8d61,40,33.26068311207355,65.83927516785843,26.349825612793342,33.26068311207355,0.00023814144537859263,0.004704681854332889,0.050617970088513126
bfo-c98ff20768b3d204c55911c8c4a8b4449883f0fecda03c7fd303cd97509f8d61,41,33.26059408481175,65.83958385441268,26.349498340698187,33.26059408481175,0.0002381400941494187,0.004705576425582042,0.050608060014658604
bfo-c98ff20768b3d204c55911c8c4a8b4449883f0fecda03c7fd303cd97509f8d61,42,33.260637953110624,65.83980392005986,26.34954419377147,33.260637953110624,0.00023797859506798254,0.004705406600030182,0.05057556451475544
bfo-c98ff20768b3d204c55911c8c4a8b4449883f0fecda03c7fd303cd97509f8d61,43,33.26060173776229,65.83959417300278,26.349502588485745,33.26060173776229,0.00023811325178430928,0.004705586264756314,0.05060224983393016
bfo-c98ff20768b3d204c55911c8c4a8b4449883f0fecda03c7fd303cd97509f8d61,44,33.25511921040346,65.8428848968334,26.346402649943876,33.25511921040346,0.00023832481333174686,0.004710323538104886,0.05059627250735149
bfo-c98ff20768b3d204c55911c8c4a8b4449883f0fecda03c7fd303cd97509f8d61,45,1000000.0,65.84771223354568,26.344939370156315,33.25299631965219,0.0002388210831505607,0.004712651418372855,0.05067658563064672
bfo-c98ff20768b3d204c55911c8c4a8b4449883f0fecda03c7fd303cd97509f8d61,46,46.00111373809013,85.98970229631436,35.17753210611883,46.00111373809013,6.0390342379746634e-05,0.001206004318486137,0.05007473145332756
bfo-c98ff20768b3d204c55911c8c4a8b4449883f0fecda03c7fd303cd97509f8d61,47,1000000.0,65.8429078541298,26.34903839934207,33.25657519655947,0.00023972901904819542,0.004703390252728193,0.050969408483410666
bfo-c98ff20768b3d204c55911c8c4a8b4449883f0fecda03c7fd303cd97509f8d61,48,46.091125401409386,85.98063790234072,35.2688329582433,46.091125401409386,6.062501242672705e-05,0.0010341190532386511,0.05862479009245774
bfo-c98ff20768b3d204c55911c8c4a8b4449883f0fecda03c7fd303cd97509f8d61,49,1000000.0,65.84497792561693,26.34423800664932,33.25142131170192,0.00023841654843002324,0.004713888974774711,0.05057746368356454
bfo-c98ff20768b3d204c55911c8c4a8b4449883f0fecda03c7fd303cd97509f8d61,50,46.02350424139995,86.03117614394225,35.19728616434742,46.02350424139995,5.833477575043648e-05,0.0011792611205066802,0.04946722548214972
bfo-c98ff20768b3d204c55911c8c4a8b4449883f0fecda03c7fd303cd97509f8d61,51,1000000.0,65.84347323607096,26.34467932998909,33.2527709787396,0.0002375351833405835,0.004714003199848361,0.05038927070482779
bfo-c98ff20768b3d204c55911c8c4a8b4449883f0fecda03c7fd303cd97509f8d61,52,46.091807461627916,85.98114547851286,35.27000093896024,46.091807461627916,6.111726571509301e-05,0.001034020292123318,0.059106447117774866
bfo-c98ff20768b3d204c55911c8c4a8b4449883f0fecda03c7fd303cd97509f8d61,53,1000000.0,65.83907136168017,26.344283953833305,33.25272969452962,0.00023975829548634613,0.004716227684061467,0.050836878867534616
bfo-c98ff20768b3d204c55911c8c4a8b4449883f0fecda03c7fd303cd97509f8d61,54,46.089877859788906,85.9790102787665,35.2702576269923,46.089877859788906,6.396335590237647e-05,0.0010347580793275692,0.06181479244302459
bfo-c98ff20768b3d204c55911c8c4a8b4449883f0fecda03c7fd303cd97509f8d61,55,1000000.0,65.84162989438332,26.34683208166625,33.2546962364865,0.00023968423682585774,0.004702293896565223,0.05097176869377187
bfo-c98ff20768b3d204c55911c8c4a8b4449883f0fecda03c7fd303cd97509f8d61,56,46.021777989221924,86.0311668274299,35.19629841971394,46.021777989221924,5.828118760420574e-05,0.0011785491440195314,0.049451639670649056
bfo-c98ff20768b3d204c55911c8c4a8b4449883f0fecda03c7fd303cd97509f8d61,57,33.25480714169639,65.8404820100743,26.34641520953288,33.25480714169639,0.00024065149896485883,0.004711730117547804,0.05107497521316112
bfo-c98ff20768b3d204c55911c8c4a8b4449883f0fecda03c7fd303cd97509f8d61,58,33.25766629667899,65.9215000324821,26.226449822093585,33.25766629667899,0.00025986828733959923,0.004885695774360389,0.05318961706608101
bfo-c98ff20768b3d204c55911c8c4a8b4449883f0fecda03c7fd303cd97509f8d61,59,1000000.0190029909,86.03433417131467,35.19745780745397,46.02288146471623,5.88910798737605e-05,0.0011796900369953644,0.049920808031704955
bfo-c98ff20768b3d204c55911c8c4a8b4449883f0fecda03c7fd303cd97509f8d61,60,45.85704328249065,86.030591440128,34.869915755685064,45.85704328249065,6.425772080586913e-05,0.001290983349690404,0.04977424443257075
bfo-c98ff20768b3d204c55911c8c4a8b4449883f0fecda03c7fd303cd97509f8d61,61,46.012211094880314,86.04972494693845,35.18002397038607,46.012211094880314,5.478980600087036e-05,0.0011987585575880318,0.04570545557656787
bfo-c98ff20768b3d204c55911c8c4a8b4449883f0fecda03c7fd303cd97509f8d61,62,46.24055642047707,86.07179718715008,35.70447652954286,46.24055642047707,6.413604480482998e-05,0.0012546557515504542,0.05111844003869044
bfo-c98ff20768b3d204c55911c8c4a8b4449883f0fecda03c7fd303cd97509f8d61,63,1000000.0000009943,86.01333467273065,35.19604445746611,46.019320933457884,5.884039515972795e-05,0.001180446868038485,0.04984586494562128
bfo-c98ff20768b3d204c55911c8c4a8b4449883f0fecda03c7fd303cd97509f8d61,64,1000000.0,86.07349706579957,35.085366696996786,46.10910560564706,6.0194086123554875e-05,0.0012689711613530824,0.0474353460163515
bfo-c98ff20768b3d204c55911c8c4a8b4449883f0fecda03c7fd303cd97509f8d61,65,1000000.0000019546,86.00281374632986,35.195790111590654,46.016001549454906,5.969429925016658e-05,0.0011807058753756843,0.05055814533926384
bfo-c98ff20768b3d204c55911c8c4a8b4449883f0fecda03c7fd303cd97509f8d61,66,36.20893922402698,87.34802976583676,28.25346207814942,36.20893922402698,0.00014864453391392774,0.0029813368020437355,0.0498583500569377
bfo-c98ff20768b3d204c55911c8c4a8b4449883f0fecda03c7fd303cd97509f8d61,67,1000000.0000013763,86.00445436545897,35.19410103849317,46.014573720804655,6.037382767448865e-05,0.0011816583337152433,0.05109245705962039
bfo-c98ff20768b3d204c55911c8c4a8b4449883f0fecda03c7fd303cd97509f8d61,68,1000000.0,86.00926543350158,35.27712138631393,45.99404215151747,5.995117023495171e-05,0.0011689848104858248,0.05128481542034432
bfo-c98ff20768b3d204c55911c8c4a8b4449883f0fecda03c7fd303cd97509f8d61,69,1000000.0000010141,86.11801855354776,35.17540196210963,46.0621236385123,6.310452366800148e-05,0.001261923554352121,0.05000661367351981
bfo-c98ff20768b3d204c55911c8c4a8b4449883f0fecda03c7fd303cd97509f8d61,70,40.690405877071335,88.05463273190958,31.055673190816712,40.690405877071335,8.472321135907372e-05,0.0017048440082689453,0.04969557974110458
bfo-c98ff20768b3d204c55911c8c4a8b4449883f0fecda03c7fd303cd97509f8d61,71,46.096196255798695,85.97079264210636,35.272709835442875,46.096196255798695,5.643130362963649e-05,0.001038605965457313,0.054333698733175465
bfo-c98ff20768b3d204c55911c8c4a8b4449883f0fecda03c7fd303cd97509f8d61,72,1000000.0,85.81459806973817,29.45768256528038,37.881961496368916,0.00010882337838328125,0.00218890533351545,0.049715890731787615
bfo-c98ff20768b3d204c55911c8c4a8b4449883f0fecda03c7fd303cd97509f8d61,73,1000000.000001518,86.00112533955183,35.211869048610126,46.02593300620238,6.0774170855788296e-05,0.001173592177703565,0.0517847443178333
bfo-c98ff20768b3d204c55911c8c4a8b4449883f0fecda03c7fd303cd97509f8d61,74,1000000.0,86.01828980606038,35.46930795098867,45.98026236845227,7.108135920525517e-05,0.0013113907161912749,0.05420303676672322
bfo-c98ff20768b3d204c55911c8c4a8b4449883f0fecda03c7fd303cd97509f8d61,75,1000000.0000002234,85.99908687420333,35.19527086774153,46.013977878777915,5.9540793924078046e-05,0.0011836495475955665,0.05030272181916311
bfo-c98ff20768b3d204c55911c8c4a8b4449883f0fecda03c7fd303cd97509f8d61,76,39.582514759019965,76.31954642277398,30.273462024999834,39.582514759019965,0.0001300848933850581,0.0024343187568845277,0.053437904554267335
bfo-c98ff20768b3d204c55911c8c4a8b4449883f0fecda03c7fd303cd97509f8d61,77,46.091160413330606,85.98319274966897,35.26894091792348,46.091160413330606,6.157246055573439e-05,0.0010354286521885765,0.05946567194715852
bfo-c98ff20768b3d204c55911c8c4a8b4449883f0fecda03c7fd303cd97509f8d61,78,1000000.0,86.43771877117632,34.51380047347206,46.5225201668603,7.202809619531485e-05,0.0013358429621539286,0.05391958354084968
bfo-c98ff20768b3d204c55911c8c4a8b4449883f0fecda03c7fd303cd97509f8d61,79,46.100171562034724,85.97538722512687,35.2772405037552,46.100171562034724,5.796873943332233e-05,0.0010328016044406534,0.05612766206411651
bfo-c98ff20768b3d204c55911c8c4a8b4449883f0fecda03c7fd303cd97509f8d61,80,45.88979090638244,85.96342138336995,35.22223274516488,45.88979090638244,5.673813744366351e-05,0.0011459815201199503,0.04951051692153353
bfo-c98ff20768b3d204c55911c8c4a8b4449883f0fecda03c7fd303cd97509f8d61,81,1000000.0,65.83726405612617,26.34704931372028,33.25564810182524,0.0002390369975997465,0.0047106403859971824,0.050744055587496395
bfo-c98ff20768b3d204c55911c8c4a8b4449883f0fecda03c7fd303cd97509f8d61,82,45.93081444184324,85.96053799300967,35.08295455438636,45.93081444184324,6.885857677145568e-05,0.0012333674595207682,0.05582973366121648
bfo-c98ff20768b3d204c55911c8c4a8b4449883f0fecda03c7fd303cd97509f8d61,83,1000000.0158936168,70.4608938977218,28.546285500977593,36.91465835481085,0.00016618104991343442,0.0032508808115740847,0.051118776585650685
bfo-c98ff20768b3d204c55911c8c4a8b4449883f0fecda03c7fd303cd97509f8d61,84,1000000.0,85.94799891148791,35.47669815454638,45.93370815359499,6.768174577277333e-05,0.0013067769154312724,0.05179288444228179
bfo-c98ff20768b3d204c55911c8c4a8b4449883f0fecda03c7fd303cd97509f8d61,85,1000000.028320139,68.12526449370317,27.9723599444345,35.99615011634564,0.0001800471026545328,0.00355249652997959,0.050681851800589144
bfo-c98ff20768b3d204c55911c8c4a8b4449883f0fecda03c7fd303cd97509f8d61,86,1000000.0,87.10697277448318,34.35295267925654,46.925325093747425,7.701280328185332e-05,0.0014926027454492676,0.05159631624466346
bfo-c98ff20768b3d204c55911c8c4a8b4449883f0fecda03c7fd303cd97509f8d61,87,1000000.0141162819,85.94997406807269,35.02155008648519,45.754453039711024,5.423415692848646e-05,0.001174292199462991,0.04618455010881276
bfo-c98ff20768b3d204c55911c8c4a8b4449883f0fecda03c7fd303cd97509f8d61,88,45.93231183423217,85.93802726028456,35.07461820998747,45.93231183423217,5.3666213935193675e-05,0.0012864524465935996,0.04171643816084813
bfo-c98ff20768b3d204c55911c8c4a8b4449883f0fecda03c7fd303cd97509f8d61,89,33.25470490496184,65.83735788573846,26.34701357882126,33.25470490496184,0.0002414587848604477,0.00470997919075079,0.05126536128537718
bfo-c98ff20768b3d204c55911c8c4a8b4449883f0fecda03c7fd303cd97509f8d61,90,1000000.0,86.31171889643844,34.65844216064981,46.441465158172974,5.824292462678409e-05,0.0013979686417892585,0.04166254012124266
bfo-c98ff20768b3d204c55911c8c4a8b4449883f0fecda03c7fd303cd97509f8d61,91,1000000.0,65.83454955696696,26.346972789830556,33.254040943673104,0.00024175631055002526,0.004710485446890927,0.05132301400264218
bfo-c98ff20768b3d204c55911c8c4a8b4449883f0fecda03c7fd303cd97509f8d61,92,45.71139397883044,85.95131423595868,34.87840585023982,45.71139397883044,5.9366871819025765e-05,0.0010745388146734332,0.05524869926366332
bfo-c98ff20768b3d204c55911c8c4a8b4449883f0fecda03c7fd303cd97509f8d61,93,33.25466553317338,65.83778831901952,26.346994577275233,33.25466553317338,0.00024178040469685955,0.004710117642730624,0.05133213712188531
bfo-c98ff20768b3d204c55911c8c4a8b4449883f0fecda03c7fd303cd97509f8d61,94,1000000.0,95.41018756816888,32.79812978878692,48.29300011351015,0.00010696839610486742,0.0021228831322441743,0.050388264186633475
bfo-c98ff20768b3d204c55911c8c4a8b4449883f0fecda03c7fd303cd97509f8d61,95,32.71654956461135,67.62319778514134,26.0361548270597,32.71654956461135,0.0002492867920915271,0.004940286931776263,0.05045998249374898
bfo-c98ff20768b3d204c55911c8c4a8b4449883f0fecda03c7fd303cd97509f8d61,96,46.08221866467078,85.97015490106791,35.2940036967822,46.08221866467078,6.20810737182371e-05,0.00117822471891699,0.05269035076373315
bfo-c98ff20768b3d204c55911c8c4a8b4449883f0fecda03c7fd303cd97509f8d61,97,32.83787008852694,73.6362725369669,26.175410920520367,32.83787008852694,0.0002285307158113312,0.004668518097388474,0.04895144691399379
bfo-c98ff20768b3d204c55911c8c4a8b4449883f0fecda03c7fd303cd97509f8d61,98,45.773397950106705,85.90854504820716,34.99488687185953,45.773397950106705,5.4542301832487336e-05,0.0014484254329271867,0.03765627183324198
bfo-c98ff20768b3d204c55911c8c4a8b4449883f0fecda03c7fd303cd97509f8d61,99,1000000.0357202176,86.4999887856363,33.182430391870895,43.857241890493746,6.224415135050469e-05,0.001366652864660066,0.0455449609480656
bfo-c98ff20768b3d204c55911c8c4a8b4449883f0fecda03c7fd303cd97509f8d61,100,45.99388980135865,86.00097207913446,35.20841434598356,45.99388980135865,7.305685986341176e-05,0.0012518887950539932,0.05835730789511608
bfo-c98ff20768b3d204c55911c8c4a8b4449883f0fecda03c7fd303cd97509f8d61,101,1000000.0962865693,86.00574832156414,34.94841653260367,46.19113836388661,6.123339363771888e-05,0.0010812574962154988,0.05663164773612338
bfo-c98ff20768b3d204c55911c8c4a8b4449883f0fecda03c7fd303cd97509f8d61,102,1000000.0,86.08511228190245,35.41419792279935,46.25421366229899,5.5633059821966534e-05,0.0012686924084164746,0.04385070758908792
bfo-c98ff20768b3d204c55911c8c4a8b4449883f0fecda03c7fd303cd97509f8d61,103,1000000.2444306188,86.68270458508518,32.75425251235787,43.167625601025826,6.340272630130217e-05,0.0014348328829466759,0.044188230598042735
bfo-c98ff20768b3d204c55911c8c4a8b4449883f0fecda03c7fd303cd97509f8d61,104,1000000.0,85.99018929600639,35.075823333207985,46.05562813497404,5.741697956712002e-05,0.0012597555462985882,0.04557787400565332
bfo-c98ff20768b3d204c55911c8c4a8b4449883f0fecda03c7fd303cd97509f8d61,105,1000000.2491339993,86.08949460698307,35.481007340429734,46.26156782633941,6.140171807403624e-05,0.0012658766388124996,0.04850529363717171
bfo-c98ff20768b3d204c55911c8c4a8b4449883f0fecda03c7fd303cd97509f8d61,106,44.76340814822743,86.18923738630542,33.77383435765686,44.76340814822743,6.48116503003935e-05,0.0013069335929190458,0.0495906223939322
bfo-c98ff20768b3d204c55911c8c4a8b4449883f0fecda03c7fd303cd97509f8d61,107,1000000.0,120.39643580221527,55.52414210184546,77.61543552459334,7.732881131709965e-05,0.0013829172866684936,0.05591716298766359
bfo-c98ff20768b3d204c55911c8c4a8b4449883f0fecda03c7fd303cd97509f8d61,108,1000000.0238230156,81.71182804013799,27.566230032044647,34.976751805492334,0.00016720541941016946,0.0033021880239120388,0.05063473618079579
bfo-c98ff20768b3d204c55911c8c4a8b4449883f0fecda03c7fd303cd97509f8d61,109,1000000.0,119.86702594168285,45.514013977914566,74.40529942212719,0.00010930697993046698,0.002045278532181347,0.05344356683482519
bfo-c98ff20768b3d204c55911c8c4a8b4449883f0fecda03c7fd303cd97509f8d61,110,1000000.0090657282,67.02979330178346,26.09931699595233,32.83566963572094,0.0002486196879332563,0.004907557381358248,0.050660576864095
bfo-c98ff20768b3d204c55911c8c4a8b4449883f0fecda03c7fd303cd97509f8d61,111,1000000.0,81.11504685768281,27.453907189567392,34.78075849109073,0.00016852847655503454,0.003393279129397131,0.0496653738547516
bfo-c98ff20768b3d204c55911c8c4a8b4449883f0fecda03c7fd303cd97509f8d61,112,37.71001199283289,85.8595251682849,29.347852682119626,37.71001199283289,0.00011763650317715674,0.0023191368136962214,0.05072426192470665
bfo-c98ff20768b3d204c55911c8c4a8b4449883f0fecda03c7fd303cd97509f8d61,113,47.01469526469223,90.20275605778556,33.32976480696907,47.01469526469223,8.59416956700001e-05,0.0018003332298852644,0.047736549125117905
bfo-c98ff20768b3d204c55911c8c4a8b4449883f0fecda03c7fd303cd97509f8d61,114,40.652978609333076,87.09036983131901,31.19624571105632,40.652978609333076,7.835236663831999e-05,0.0016286212036940783,0.04810963191477505
bfo-c98ff20768b3d204c55911c8c4a8b4449883f0fecda03c7fd303cd97509f8d61,115,41.239803908589195,87.12808153311565,31.555872552955496,41.239803908589195,7.849193683296317e-05,0.001643371623948922,0.04776274318547123
bfo-c98ff20768b3d204c55911c8c4a8b4449883f0fecda03c7fd303cd97509f8d61,116,36.82334936177156,69.96892399274597,28.497710672055362,36.82334936177156,0.00016723252937846344,0.003282392175167215,0.05094836949821333
bfo-c98ff20768b3d204c55911c8c4a8b4449883f0fecda03c7fd303cd97509f8d61,117,32.64110481734484,68.25602841728187,26.003469798505385,32.64110481734484,0.00025111598260424466,0.004935793613562439,0.0508765159698402
bfo-c98ff20768b3d204c55911c8c4a8b4449883f0fecda03c7fd303cd97509f8d61,118,1000000.0,87.05553283506855,30.917692596847857,40.20211919982173,8.494929628523071e-05,0.00168515515284665,0.05041037090367022
bfo-c98ff20768b3d204c55911c8c4a8b4449883f0fecda03c7fd303cd97509f8d61,119,1000000.0004250337,87.28064290174878,35.7336335029327,46.78086824387356,5.4975258614052124e-05,0.0011477651542615298,0.04789765433280044
bfo-c98ff20768b3d204c55911c8c4a8b4449883f0fecda03c7fd303cd97509f8d61,120,33.93501327449367,78.59598086928754,26.901578835856398,33.93501327449367,0.00019901735491890404,0.0038638308175843075,0.051507781865907626
bfo-c98ff20768b3d204c55911c8c4a8b4449883f0fecda03c7fd303cd97509f8d61,121,1000000.0013417476,86.98985703690457,30.70262314561721,39.881863069712836,9.121581881505463e-05,0.0018369289879027826,0.04965669299998118
bfo-c98ff20768b3d204c55911c8c4a8b4449883f0fecda03c7fd303cd97509f8d61,122,1000000.0,110.03050235486229,48.99541023189252,64.8158974467523,2.7376041803302753e-05,0.0005321127174980012,0.05144782468651595
bfo-c98ff20768b3d204c55911c8c4a8b4449883f0fecda03c7fd303cd97509f8d61,123,34.66608670030526,80.89007332427983,27.380407280618336,34.66608670030526,0.00017380884897559627,0.0034492913910792234,0.0503897262565615
bfo-c98ff20768b3d204c55911c8c4a8b4449883f0fecda03c7fd303cd97509f8d61,124,33.90454684188159,66.15827640114247,26.697307946873227,33.90454684188159,0.00023238291231294388,0.004427023048809327,0.052491913809991256
bfo-c98ff20768b3d204c55911c8c4a8b4449883f0fecda03c7fd303cd97509f8d61,125,1000000.0004937119,67.73656464670316,26.0385888995587,32.70166331620442,0.0002561504137096306,0.004944587112292787,0.0518042068816651
bfo-c98ff20768b3d204c55911c8c4a8b4449883f0fecda03c7fd303cd97509f8d61,126,65.71522413573133,110.87226837381155,49.64326740667859,65.71522413573133,2.7034576817216816e-05,0.0005567828766094014,0.04855497170072333
bfo-c98ff20768b3d204c55911c8c4a8b4449883f0fecda03c7fd303cd97509f8d61,127,35.28562687331687,82.3566859424665,27.77415057212461,35.28562687331687,0.0001604213644302303,0.0031556235218236344,0.050836661382699676
bfo-c98ff20768b3d204c55911c8c4a8b4449883f0fecda03c7fd303cd97509f8d61,128,32.73543678347632,67.40739199881477,26.047493403651288,32.73543678347632,0.0002581741021249619,0.004906893862155734,0.05261456827426442
bfo-c98ff20768b3d204c55911c8c4a8b4449883f0fecda03c7fd303cd97509f8d61,129,33.824066453378464,78.19638220956814,26.833886147520317,33.824066453378464,0.0001978684930809969,0.003919512857431687,0.050482929965601095
bfo-c98ff20768b3d204c55911c8c4a8b4449883f0fecda03c7fd303cd97509f8d61,130,32.64162957641404,68.22507863296747,26.002140215109872,32.64162957641404,0.0002586712207451224,0.004927196104892512,0.05249866561801184
bfo-c98ff20768b3d204c55911c8c4a8b4449883f0fecda03c7fd303cd97509f8d61,131,35.24347974566513,82.00969239663384,27.757693943648558,35.24347974566513,0.00015798045370890264,0.0031635222630812102,0.0499381513930086
bfo-c98ff20768b3d204c55911c8c4a8b4449883f0fecda03c7fd303cd97509f8d61,132,37.47265030409299,85.73357075792806,29.197670639450774,37.47265030409299,0.00011841627272580494,0.0023614202833003336,0.050146208010166546
bfo-c98ff20768b3d204c55911c8c4a8b4449883f0fecda03c7fd303cd97509f8d61,133,32.95478012653559,73.85842381710376,26.2670833228015,32.95478012653559,0.00023004844658682574,0.0045342715830393975,0.05073548030235552
bfo-c98ff20768b3d204c55911c8c4a8b4449883f0fecda03c7fd303cd97509f8d61,134,42.4366781704416,86.9075679249409,32.314972575799814,42.4366781704416,7.003173209962246e-05,0.0015012143782290206,0.046650054192951936
bfo-c98ff20768b3d204c55911c8c4a8b4449883f0fecda03c7fd303cd97509f8d61,135,1000000.0014133132,86.3447952186867,29.760863322414657,38.38211145572897,0.00010706018012489618,0.002128382177462099,0.050301201193366334
bfo-c98ff20768b3d204c55911c8c4a8b4449883f0fecda03c7fd303cd97509f8d61,136,37.03562865727479,70.32880089543414,28.62910161726858,37.03562865727479,0.00016950247550090694,0.0032250838087430215,0.052557541308351496
bfo-c98ff20768b3d204c55911c8c4a8b4449883f0fecda03c7fd303cd97509f8d61,137,1000000.0000337943,78.07193860683788,26.808764827432466,33.79314568734828,0.00020188345419296796,0.003983104411870188,0.05068495156474635
bfo-c98ff20768b3d204c55911c8c4a8b4449883f0fecda03c7fd303cd97509f8d61,138,58.4435760166412,109.71094927706125,32.71604186815314,58.4435760166412,0.00013085870751079463,0.0026798693350076467,0.048830256685041415
bfo-c98ff20768b3d204c55911c8c4a8b4449883f0fecda03c7fd303cd97509f8d61,139,32.92185710948948,73.63125805111773,26.246750170489552,32.92185710948948,0.00023128101333118545,0.004556996322504766,0.05075295149767889
bfo-c98ff20768b3d204c55911c8c4a8b4449883f0fecda03c7fd303cd97509f8d61,140,47.634247942150274,94.83122704288697,32.57182948036207,47.634247942150274,0.00010347253970718827,0.00213887854011651,0.048377005877833466
bfo-c98ff20768b3d204c55911c8c4a8b4449883f0fecda03c7fd303cd97509f8d61,141,1000000.0012555058,75.19418847027762,26.41524605810217,33.16228487185411,0.00022170108734879571,0.00436263522739593,0.050818158244490624
bfo-c98ff20768b3d204c55911c8c4a8b4449883f0fecda03c7fd303cd97509f8d61,142,33.15505451817268,66.19263459732592,26.288321474558927,33.15505451817268,0.0002418025327183543,0.004764143798941907,0.050754667139152575
bfo-c98ff20768b3d204c55911c8c4a8b4449883f0fecda03c7fd303cd97509f8d61,143,1000000.0002031712,71.32149581244437,26.064579449751495,32.675857090200395,0.00024291056283108677,0.004788266318990735,0.050730378522948816
bfo-c98ff20768b3d204c55911c8c4a8b4449883f0fecda03c7fd303cd97509f8d61,144,34.460587328028,80.22133678369234,27.25393179426556,34.460587328028,0.00018458775343960037,0.00356735664259593,0.051743565876070555
bfo-c98ff20768b3d204c55911c8c4a8b4449883f0fecda03c7fd303cd97509f8d61,145,1000000.0003332007,71.6453595924147,26.102748657496704,32.72200096995111,0.00024083868971026611,0.0047379710043276065,0.05083160903481404
bfo-c98ff20768b3d204c55911c8c4a8b4449883f0fecda03c7fd303cd97509f8d61,146,63.42966892946638,108.59985037185311,48.02417999854613,63.42966892946638,2.7665119455388405e-05,0.000503544085680819,0.054940809041543325
bfo-c98ff20768b3d204c55911c8c4a8b4449883f0fecda03c7fd303cd97509f8d61,147,1000000.000575227,66.02700878458606,26.477971774274128,33.50048991832796,0.00023591315723921555,0.0046144678436297205,0.051124672493902845
bfo-c98ff20768b3d204c55911c8c4a8b4449883f0fecda03c7fd303cd97509f8d61,148,1000000.0,84.92097482983036,34.56345556433347,45.266417597868546,6.990510066670174e-05,0.0013302962262896345,0.052548522115014915
bfo-c98ff20768b3d204c55911c8c4a8b4449883f0fecda03c7fd303cd97509f8d61,149,1000000.0188660478,84.61653098877915,28.6252377813603,36.603095536686126,0.00013547959321588482,0.0026518331241232296,0.05108903421691671
bfo-c98ff20768b3d204c55911c8c4a8b4449883f0fecda03c7fd303cd97509f8d61,150,1000000.0,119.46034051553211,53.08507571449113,75.31095380602605,7.163092795185547e-05,0.0013010252859222587,0.05505729114332963
bfo-c98ff20768b3d204c55911c8c4a8b4449883f0fecda03c7fd303cd97509f8d61,151,1000000.0011295169,66.04804032465837,26.760976753977122,34.00001059076889,0.00022361066656636141,0.004395932119017081,0.050867634101765924
bfo-c98ff20768b3d204c55911c8c4a8b4449883f0fecda03c7fd303cd97509f8d61,152,38.211686158561704,86.23624336047203,29.660425463372235,38.211686158561704,0.00010496498588187918,0.0021949822745580523,0.04782042529387318
bfo-c98ff20768b3d204c55911c8c4a8b4449883f0fecda03c7fd303cd97509f8d61,153,32.61348154759897,68.74289550672927,25.992444873987193,32.61348154759897,0.00025283031770079325,0.004928435946520465,0.05130031524084116
bfo-c98ff20768b3d204c55911c8c4a8b4449883f0fecda03c7fd303cd97509f8d61,154,32.71607023470824,67.46969767327415,26.03188313686778,32.71607023470824,0.0002506982838585612,0.004984983580532531,0.05029069400300409
bfo-c98ff20768b3d204c55911c8c4a8b4449883f0fecda03c7fd303cd97509f8d61,155,33.30741401494465,65.91953508878417,26.373086916851598,33.30741401494465,0.00024080318877057964,0.004689293511238169,0.05135169896989399
bfo-c98ff20768b3d204c55911c8c4a8b4449883f0fecda03c7fd303cd97509f8d61,156,41.10654699859264,87.09173801343454,31.460891167137365,41.10654699859264,8.223715934335701e-05,0.0016361476615308875,0.050262675721096294
bfo-c98ff20768b3d204c55911c8c4a8b4449883f0fecda03c7fd303cd97509f8d61,157,1000000.0005714728,71.29886757702474,26.066543013604026,32.67835436530401,0.0002454669858569262,0.004782465334608135,0.05132645376028413
bfo-c98ff20768b3d204c55911c8c4a8b4449883f0fecda03c7fd303cd97509f8d61,158,33.18403534411955,75.40150760446055,26.427883911630314,33.18403534411955,0.00021983285422178932,0.004347019412751117,0.050570939153607955
bfo-c98ff20768b3d204c55911c8c4a8b4449883f0fecda03c7fd303cd97509f8d61,159,32.94773239305143,66.53554303865057,26.166836971248568,32.94773239305143,0.0002492846857565687,0.004849845242500219,0.051400544407486315
bfo-c98ff20768b3d204c55911c8c4a8b4449883f0fecda03c7fd303cd97509f8d61,160,40.097017361793085,87.03209221124112,30.831102953925107,40.097017361793085,8.936744569955596e-05,0.0017748919713905264,0.05035092114904417
bfo-c98ff20768b3d204c55911c8c4a8b4449883f0fecda03c7fd303cd97509f8d61,161,32.65615195351873,68.01461292882814,26.008809661180127,32.65615195351873,0.00025392562727664545,0.004936340591690068,0.05144005413729126
bfo-c98ff20768b3d204c55911c8c4a8b4449883f0fecda03c7fd303cd97509f8d61,162,1000000.0,82.68051052119961,33.5145833832152,43.90375675455438,7.400221668475819e-05,0.0015298500860625257,0.04837220153722545
bfo-c98ff20768b3d204c55911c8c4a8b4449883f0fecda03c7fd303cd97509f8d61,163,32.60326302567261,69.1938716176972,25.990576694444112,32.60326302567261,0.00025210105075315885,0.004917301357681852,0.051268171790879634
bfo-c98ff20768b3d204c55911c8c4a8b4449883f0fecda03c7fd303cd97509f8d61,164,1000000.0,82.20212493119021,27.696592119893957,35.17928614734931,0.0001605838395176849,0.0032125887822658625,0.049985805965625
bfo-c98ff20768b3d204c55911c8c4a8b4449883f0fecda03c7fd303cd97509f8d61,165,33.46717199618368,66.09053349706382,26.458259125942575,33.46717199618368,0.000235329681796801,0.004639085468969806,0.05072760210409753
bfo-c98ff20768b3d204c55911c8c4a8b4449883f0fecda03c7fd303cd97509f8d61,166,32.59814472373039,69.2544554915267,25.98920652298132,32.59814472373039,0.00025086428822626295,0.004905112686018239,0.051143430188941054
bfo-c98ff20768b3d204c55911c8c4a8b4449883f0fecda03c7fd303cd97509f8d61,167,32.61562515605936,69.71069852808375,26.012292417683362,32.61562515605936,0.00025888229767488446,0.004867866595646416,0.053181880108714615
bfo-c98ff20768b3d204c55911c8c4a8b4449883f0fecda03c7fd303cd97509f8d61,168,32.634384414388684,70.65164086839636,26.02619224984341,32.634384414388684,0.00024789195058902116,0.004829718095055359,0.05132638090053573
bfo-c98ff20768b3d204c55911c8c4a8b4449883f0fecda03c7fd303cd97509f8d61,169,32.90967874679127,73.3971794424355,26.235646221352237,32.90967874679127,0.00023272429630529745,0.00456338022673715,0.05099822603905549
bfo-c98ff20768b3d204c55911c8c4a8b4449883f0fecda03c7fd303cd97509f8d61,170,33.76117769397741,77.86117003383656,26.791937046694347,33.76117769397741,0.0002012610762103095,0.00398049602764565,0.05056180807931862
bfo-c98ff20768b3d204c55911c8c4a8b4449883f0fecda03c7fd303cd97509f8d61,171,32.85225257501518,66.74265718973575,26.1077581549852,32.85225257501518,0.0002509655781607747,0.004880318239143269,0.051424019062500985
bfo-c98ff20768b3d204c55911c8c4a8b4449883f0fecda03c7fd303cd97509f8d61,172,32.80000196918317,72.4753522244529,26.155431096676615,32.80000196918317,0.0002374244031269387,0.004663819088740038,0.05090772146375868
bfo-c98ff20768b3d204c55911c8c4a8b4449883f0fecda03c7fd303cd97509f8d61,173,32.76613845118132,72.18546104891163,26.130821900105065,32.76613845118132,0.00023899393680999314,0.00469334948027754,0.05092182839021404
bfo-c98ff20768b3d204c55911c8c4a8b4449883f0fecda03c7fd303cd97509f8d61,174,1000000.0,70.73324340495559,26.03639831254405,32.64537251283541,0.000245068696270393,0.0048223150218645395,0.05081971940017258
bfo-c98ff20768b3d204c55911c8c4a8b4449883f0fecda03c7fd303cd97509f8d61,175,32.611457829769456,68.47408367055729,25.98710504161603,32.611457829769456,0.000252186987639869,0.004923525170592859,0.051220818194680266
bfo-c98ff20768b3d204c55911c8c4a8b4449883f0fecda03c7fd303cd97509f8d61,176,32.61581965147606,68.40503844834983,25.988188908893804,32.61581965147606,0.00025288455334051256,0.004928039121471688,0.05131545166487887
bfo-c98ff20768b3d204c55911c8c4a8b4449883f0fecda03c7fd303cd97509f8d61,177,32.61149210363596,68.4943785779858,25.986565617210076,32.61149210363596,0.00025245012324270395,0.00493072796284143,0.05119936146248566
bfo-c98ff20768b3d204c55911c8c4a8b4449883f0fecda03c7fd303cd97509f8d61,178,32.84577216762854,66.75964027259317,26.103504324289116,32.84577216762854,0.00025081102639467815,0.004878536378704531,0.051411121476822856
bfo-c98ff20768b3d204c55911c8c4a8b4449883f0fecda03c7fd303cd97509f8d61,179,32.78505118596803,72.3640421788763,26.145070791131737,32.78505118596803,0.00023853487873667966,0.0046750370236141965,0.05102309939617808
bfo-c98ff20768b3d204c55911c8c4a8b4449883f0fecda03c7fd303cd97509f8d61,180,32.798597916829145,66.94601827133144,26.07741378950192,32.798597916829145,0.0002522089092039859,0.00490023795736812,0.051468706499193224
bfo-c98ff20768b3d204c55911c8c4a8b4449883f0fecda03c7fd303cd97509f8d61,181,32.60202898767105,68.82506088440606,25.985513045607373,32.60202898767105,0.0002523201162608948,0.004924594366110289,0.05123673088636351
bfo-c98ff20768b3d204c55911c8c4a8b4449883f0fecda03c7fd303cd97509f8d61,182,32.599418614940035,68.98568843699387,25.986360501762984,32.599418614940035,0.0002519458586488807,0.004915431382183597,0.05125610329178433
bfo-c98ff20768b3d204c55911c8c4a8b4449883f0fecda03c7fd303cd97509f8d61,183,32.598739216749614,69.1284387415178,25.988082417618823,32.598739216749614,0.00025142968069496606,0.004909788402128062,0.051209881180620385
bfo-c98ff20768b3d204c55911c8c4a8b4449883f0fecda03c7fd303cd97509f8d61,184,1000000.0,71.5583991268507,26.084979888162042,32.706044262103426,0.0002425206947585863,0.004750545665838262,0.051051123769334836
bfo-c98ff20768b3d204c55911c8c4a8b4449883f0fecda03c7fd303cd97509f8d61,185,1000000.0000000179,68.76218557280149,25.98519801470685,32.60282901925733,0.00025193855215373094,0.004924259766636094,0.0511627257889032
bfo-c98ff20768b3d204c55911c8c4a8b4449883f0fecda03c7fd303cd97509f8d61,186,1000000.0,70.6867169231954,26.03370148128326,32.6417380653872,0.0002464691706312428,0.004819041651842797,0.051144851702411245
bfo-c98ff20768b3d204c55911c8c4a8b4449883f0fecda03c7fd303cd97509f8d61,187,1000000.0000000135,70.01726445282377,26.00761735885054,32.61262698912499,0.000249209035020801,0.004864800223033518,0.05122698232105471
bfo-c98ff20768b3d204c55911c8c4a8b4449883f0fecda03c7fd303cd97509f8d61,188,1000000.0,71.00451031043596,26.051952890233487,32.66314705106231,0.0002459039747896167,0.00479467509940278,0.05128689007942295
bfo-c98ff20768b3d204c55911c8c4a8b4449883f0fecda03c7fd303cd97509f8d61,189,1000000.0000000056,69.80426332258895,26.0013533165866,32.60638991248626,0.00024979339165729096,0.004877953547831687,0.05120864502047735
bfo-c98ff20768b3d204c55911c8c4a8b4449883f0fecda03c7fd303cd97509f8d61,190,1000000.0,67.05797928391095,26.06128586857134,32.76805525182004,0.00025107183549594696,0.00490677004580773,0.05116845361654127
bfo-c98ff20768b3d204c55911c8c4a8b4449883f0fecda03c7fd303cd97509f8d61,191,32.60349828386588,69.7268126977137,25.998474460380194,32.60349828386588,0.0002493500314477985,0.004882061822122939,0.05107473861102601
bfo-c98ff20768b3d204c55911c8c4a8b4449883f0fecda03c7fd303cd97509f8d61,192,1000000.0,67.92227530288275,25.99903764056871,32.64890855870173,0.00025206599194931673,0.004936597703568305,0.05106067115153351
bfo-c98ff20768b3d204c55911c8c4a8b4449883f0fecda03c7fd303cd97509f8d61,193,32.60367401827235,69.68897290961338,25.9982248941967,32.60367401827235,0.0002500286777440383,0.0048833896825034515,0.05119982102592764
bfo-c98ff20768b3d204c55911c8c4a8b4449883f0fecda03c7fd303cd97509f8d61,194,1000000.0,68.96424786428042,25.986134369541393,32.59949639163465,0.00025088591636280503,0.004916078429101067,0.05103374976234481
bfo-c98ff20768b3d204c55911c8c4a8b4449883f0fecda03c7fd303cd97509f8d61,195,1000000.0000000184,68.27889943769378,25.989433109513584,32.622649903833164,0.0002529951696498766,0.004933684895033874,0.05127915037795286
bfo-c98ff20768b3d204c55911c8c4a8b4449883f0fecda03c7fd303cd97509f8d61,196,1000000.0,70.80709643505685,26.042099771388994,32.651604793696485,0.0002462230097303266,0.00480852311693519,0.0512055372809067
bfo-c98ff20768b3d204c55911c8c4a8b4449883f0fecda03c7fd303cd97509f8d61,197,1000000.0000000258,69.49894708612122,25.993798726152843,32.60012019537687,0.00024953531070040703,0.004893276318498195,0.05099554867912965
bfo-c98ff20768b3d204c55911c8c4a8b4449883f0fecda03c7fd303cd97509f8d61,198,33.21810582468882,75.3656133317977,26.45186511881749,33.21810582468882,0.00021978762563994842,0.004318076951313489,0.050899423080705546
bfo-c98ff20768b3d204c55911c8c4a8b4449883f0fecda03c7fd303cd97509f8d61,199,1000000.0000000052,68.38546194352425,25.987833570263973,32.616655082387304,0.0002524012618279321,0.004931048777559482,0.05118612149540584
bfo-c98ff20768b3d204c55911c8c4a8b4449883f0fecda03c7fd303cd97509f8d61,200,1000000.0,68.79715037996135,25.98564633450517,32.60228276128378,0.00025176931397861025,0.004920717190752768,0.05116516642162374
bfo-c98ff20768b3d204c55911c8c4a8b4449883f0fecda03c7fd303cd97509f8d61,201,1000000.0000000178,68.32908962087247,25.988369491867992,32.61953943855953,0.0002527251275151506,0.004933343419436856,0.05122796165364043
bfo-c98ff20768b3d204c55911c8c4a8b4449883f0fecda03c7fd303cd97509f8d61,202,1000000.0,69.4367355244265,25.991153039093014,32.598212453104736,0.00025070556028627044,0.004897282889311687,0.051192787092907165
bfo-c98ff20768b3d204c55911c8c4a8b4449883f0fecda03c7fd303cd97509f8d61,203,32.600161691297366,68.92611979680532,25.985858567104113,32.600161691297366,0.00025271184002664224,0.004922838352794127,0.05133458015805189
bfo-c98ff20768b3d204c55911c8c4a8b4449883f0fecda03c7fd303cd97509f8d61,204,32.868216779812435,66.70160998631931,26.11540150868609,32.868216779812435,0.00024972129538787226,0.004879046221551686,0.05118240001187225
bfo-c98ff20768b3d204c55911c8c4a8b4449883f0fecda03c7fd303cd97509f8d61,205,32.5983317039563,69.3341455873148,25.9902623110725,32.5983317039563,0.0002508788834976687,0.00490170165346334,0.05118199785178847
bfo-c98ff20768b3d204c55911c8c4a8b4449883f0fecda03c7fd303cd97509f8d61,206,1000000.0,69.27295690754104,25.988314324786955,32.59719915777614,0.0002506701473352043,0.004906558706458619,0.0510887899914947
bfo-c98ff20768b3d204c55911c8c4a8b4449883f0fecda03c7fd303cd97509f8d61,207,32.604808372710295,69.73776022562316,25.999706733547033,32.604808372710295,0.0002493771265891254,0.004879546792834461,0.05110661649055848
bfo-c98ff20768b3d204c55911c8c4a8b4449883f0fecda03c7fd303cd97509f8d61,208,1000000.0,69.35637573231338,25.990264521615877,32.59822637551999,0.00025059176780717286,0.004901557767060243,0.05112492389485143
bfo-c98ff20768b3d204c55911c8c4a8b4449883f0fecda03c7fd303cd97509f8d61,209,32.59911412379082,69.47114443917883,25.99225882899049,32.59911412379082,0.0002499488165473485,0.004896535160626433,0.0510460577424653
bfo-c98ff20768b3d204c55911c8c4a8b4449883f0fecda03c7fd303cd97509f8d61,210,32.59942520004944,69.35014132248035,25.9919199514478,32.59942520004944,0.00025077539164828445,0.004897796420483021,0.05120167726847923
bfo-c98ff20768b3d204c55911c8c4a8b4449883f0fecda03c7fd303cd97509f8d61,211,1000000.0000000002,68.66471179660664,25.985464665183464,32.605549981619696,0.00025229774623875765,0.004926010889691758,0.05121745604881214
bfo-c98ff20768b3d204c55911c8c4a8b4449883f0fecda03c7fd303cd97509f8d61,212,32.62791297462125,68.19921567370173,25.99087316162635,32.62791297462125,0.00025315357120478095,0.004935180633937976,0.051295705260291494
bfo-c98ff20768b3d204c55911c8c4a8b4449883f0fecda03c7fd303cd97509f8d61,213,32.59876012406535,69.38104653901895,25.991063216534407,32.59876012406535,0.00025069386027477207,0.004899882363076859,0.05116324060428055
bfo-c98ff20768b3d204c55911c8c4a8b4449883f0fecda03c7fd303cd97509f8d61,214,32.69272655463348,71.37028161327174,26.074879900071213,32.69272655463348,0.00024427958170113336,0.004764210653009966,0.051273883438970255
bfo-c98ff20768b3d204c55911c8c4a8b4449883f0fecda03c7fd303cd97509f8d61,215,32.64893475914904,67.92219540231027,25.9997704510648,32.64893475914904,0.00025238135441715316,0.004935318058533994,0.051137809442847036
bfo-c98ff20768b3d204c55911c8c4a8b4449883f0fecda03c7fd303cd97509f8d61,216,32.630322143965685,70.4235859433783,26.023314437330182,32.630322143965685,0.00024801604160953184,0.004838927377044929,0.051254342602056586
bfo-c98ff20768b3d204c55911c8c4a8b4449883f0fecda03c7fd303cd97509f8d61,217,32.617978605187474,68.36541754836075,25.988237819522038,32.617978605187474,0.00025299080538616675,0.004932538851778218,0.05129017996380538
bfo-c98ff20768b3d204c55911c8c4a8b4449883f0fecda03c7fd303cd97509f8d61,218,32.60230116529826,69.654173021832,25.996854398048246,32.60230116529826,0.0002497606035597329,0.004885383755902845,0.05112405003147513
bfo-c98ff20768b3d204c55911c8c4a8b4449883f0fecda03c7fd303cd97509f8d61,219,1000000.0,69.6254592201906,25.99615908457319,32.60187724521358,0.00024987523477121163,0.00488739165332806,0.051126501106384545
bfo-c98ff20768b3d204c55911c8c4a8b4449883f0fecda03c7fd303cd97509f8d61,220,1000000.0000148901,69.28178394301804,25.989582000282606,32.59819588283067,0.0002507958421152608,0.004904007244480303,0.05114100155491076
bfo-c98ff20768b3d204c55911c8c4a8b4449883f0fecda03c7fd303cd97509f8d61,221,32.59810865265862,69.19442818805305,25.988405227209956,32.59810865265862,0.0002509974790685178,0.004907569299867212,0.051144968869886204
bfo-c98ff20768b3d204c55911c8c4a8b4449883f0fecda03c7fd303cd97509f8d61,222,32.59803280999607,69.20216663581553,25.988430703581507,32.59803280999607,0.0002509594086682717,0.004907415037591727,0.05113881885796803
bfo-c98ff20768b3d204c55911c8c4a8b4449883f0fecda03c7fd303cd97509f8d61,223,32.59857931510364,69.34633588523045,25.99068789099486,32.59857931510364,0.00025069114344348315,0.004900965258956497,0.05115138145191826
bfo-c98ff20768b3d204c55911c8c4a8b4449883f0fecda03c7fd303cd97509f8d61,224,1000000.0000062048,69.31780464336956,25.990119597799012,32.59828379514013,0.0002507313030428871,0.004902274790848006,0.05114590955018967
bfo-c98ff20768b3d204c55911c8c4a8b4449883f0fecda03c7fd303cd97509f8d61,225,32.59837886465603,69.09270187332444,25.98716569548485,32.59837886465603,0.0002511433322033375,0.004912024667683041,0.0511282717808092
bfo-c98ff20768b3d204c55911c8c4a8b4449883f0fecda03c7fd303cd97509f8d61,226,1000000.0000138785,69.16473245874236,25.98790542849831,32.5980342332741,0.0002510253950313824,0.0049090740008063795,0.051134978814772025
bfo-c98ff20768b3d204c55911c8c4a8b4449883f0fecda03c7fd303cd97509f8d61,227,32.59808624056475,69.20840010468677,25.988545407478462,32.59808624056475,0.00025090685881937387,0.0049071135907539885,0.05113125143304895
bfo-c98ff20768b3d204c55911c8c4a8b4449883f0fecda03c7fd303cd97509f8d61,228,1000000.0000134791,69.25901398510682,25.989215564540533,32.59808881167862,0.0002508537907799994,0.004904999855489829,0.051142466497575124
bfo-c98ff20768b3d204c55911c8c4a8b4449883f0fecda03c7fd303cd97509f8d61,229,32.59829805230216,69.30695310969892,25.990020618217375,32.59829805230216,0.0002507284478979366,0.004902645398137444,0.051141460892356286
bfo-c98ff20768b3d204c55911c8c4a8b4449883f0fecda03c7fd303cd97509f8d61,230,1000000.0000069117,69.3520202367325,25.990598735776093,32.598438561229656,0.00025062224911494405,0.004901057947569118,0.051136357047002576
bfo-c98ff20768b3d204c55911c8c4a8b4449883f0fecda03c7fd303cd97509f8d61,231,32.599825875944234,68.93770231291694,25.9859621031487,32.599825875944234,0.0002514154637568898,0.0049173591127879565,0.05112814785136706
bfo-c98ff20768b3d204c55911c8c4a8b4449883f0fecda03c7fd303cd97509f8d61,232,1000000.0000172291,69.13272853750792,25.987608244395663,32.59818223453441,0.0002511192116663547,0.004910221196495654,0.05114213833087081
bfo-c98ff20768b3d204c55911c8c4a8b4449883f0fecda03c7fd303cd97509f8d61,233,32.59816568934277,69.26534410319373,25.989401775557308,32.59816568934277,0.00025081820024121487,0.0049044103728418005,0.05114135669195262
bfo-c98ff20768b3d204c55911c8c4a8b4449883f0fecda03c7fd303cd97509f8d61,234,1000000.0000207172,69.26222371874385,25.989292256301624,32.59811755684305,0.00025081407276752104,0.00490481890187013,0.05113625554490699
bfo-c98ff20768b3d204c55911c8c4a8b4449883f0fecda03c7fd303cd97509f8d61,235,32.59827730845602,69.33560564882994,25.99024553013841,32.59827730845602,0.00025063349538991317,0.004901863668533959,0.05113024603249976
bfo-c98ff20768b3d204c55911c8c4a8b4449883f0fecda03c7fd303cd97509f8d61,236,32.599726775662496,68.94294648631944,25.98593721235763,32.599726775662496,0.0002515733228556067,0.004917866135650329,0.05115497573874876
bfo-c98ff20768b3d204c55911c8c4a8b4449883f0fecda03c7fd303cd97509f8d61,237,32.59839459938509,69.08737728387226,25.987132309761527,32.59839459938509,0.00025122935881463263,0.004911859951229244,0.05114750039885805
bfo-c98ff20768b3d204c55911c8c4a8b4449883f0fecda03c7fd303cd97509f8d61,238,1000000.0001939845,69.41510226864234,25.991783129063737,32.59895035600609,0.0002504556750788377,0.004897755434313129,0.051136827560676695
bfo-c98ff20768b3d204c55911c8c4a8b4449883f0fecda03c7fd303cd97509f8d61,239,32.600641367690635,68.88743026996087,25.9856968173598,32.600641367690635,0.00025157787517182467,0.004919510511666874,0.051138802239611994
bfo-c98ff20768b3d204c55911c8c4a8b4449883f0fecda03c7fd303cd97509f8d61,240,32.59857449945469,69.35415241486074,25.99072122634017,32.59857449945469,0.00025056185228363787,0.004900977246785067,0.051124875645566586
bfo-c98ff20768b3d204c55911c8c4a8b4449883f0fecda03c7fd303cd97509f8d61,241,32.60013579248311,69.51688768393642,25.993777383497775,32.60013579248311,0.0002501762040511543,0.004892842001830627,0.0511310612436601
bfo-c98ff20768b3d204c55911c8c4a8b4449883f0fecda03c7fd303cd97509f8d61,242,32.59841664414386,69.34635520624249,25.99055590652075,32.59841664414386,0.0002505809193214177,0.004901180793229963,0.05112664271996392
bfo-c98ff20768b3d204c55911c8c4a8b4449883f0fecda03c7fd303cd97509f8d61,243,32.598500978017356,69.34887219969934,25.990695219194752,32.598500978017356,0.00025045266238597964,0.004900847612993588,0.051103948166426556
bfo-c98ff20768b3d204c55911c8c4a8b4449883f0fecda03c7fd303cd97509f8d61,244,32.59869645930704,69.050346058207,25.986809808632056,32.59869645930704,0.00025134165298590946,0.0049134271570366855,0.05115404074444343
bfo-c98ff20768b3d204c55911c8c4a8b4449883f0fecda03c7fd303cd97509f8d61,245,32.59813351355876,69.13994156563427,25.987672097247735,32.59813351355876,0.00025112797729628494,0.0049100954281532895,0.05114523352364567
bfo-c98ff20768b3d204c55911c8c4a8b4449883f0fecda03c7fd303cd97509f8d61,246,1000000.000014409,69.14133685297163,25.98765588762522,32.59811421277204,0.00025106327078340274,0.004909867966884339,0.051134424077542
bfo-c98ff20768b3d204c55911c8c4a8b4449883f0fecda03c7fd303cd97509f8d61,247,32.5983213515718,69.3029864128591,25.98997400543482,32.5983213515718,0.00025078728129161113,0.004903097967198919,0.05114873962734277
bfo-c98ff20768b3d204c55911c8c4a8b4449883f0fecda03c7fd303cd97509f8d61,248,32.59806593967044,69.24956091139113,25.98908352240712,32.59806593967044,0.0002508252929875821,0.004905317583750995,0.05113334431565615
bfo-c98ff20768b3d204c55911c8c4a8b4449883f0fecda03c7fd303cd97509f8d61,249,32.5984494469427,69.08637255340149,25.987189856488378,32.5984494469427,0.0002512093670966028,0.004911888349550638,0.051143134619414665
bfo-c98ff20768b3d204c55911c8c4a8b4449883f0fecda03c7fd303cd97509f8d61,250,32.59818189700404,69.14003796596754,25.987725638988213,32.59818189700404,0.00025112428714827687,0.004909790212769554,0.05114766135936807
bfo-c98ff20768b3d204c55911c8c4a8b4449883f0fecda03c7fd303cd97509f8d61,251,32.59828784987515,69.10728889296368,25.98734868611273,32.59828784987515,0.0002512158522291885,0.004911198726554598,0.051151636538525176
bfo-c98ff20768b3d204c55911c8c4a8b4449883f0fecda03c7fd303cd97509f8d61,252,32.59804974964516,69.1846914380748,25.98820786735554,32.59804974964516,0.0002510209708171179,0.004908131097243434,0.05114390097650395
bfo-c98ff20768b3d204c55911c8c4a8b4449883f0fecda03c7fd303cd97509f8d61,253,1000000.0,69.09472762360161,25.98709509192814,32.59828784134894,0.00025117515282866814,0.004911985615832569,0.05113515642616445
bfo-c98ff20768b3d204c55911c8c4a8b4449883f0fecda03c7fd303cd97509f8d61,254,1000000.0000140596,68.81046616442549,25.98558765542779,32.602112063647574,0.00025181662185042074,0.004921541768237554,0.051166206385890006
bfo-c98ff20768b3d204c55911c8c4a8b4449883f0fecda03c7fd303cd97509f8d61,255,32.6050453327961,69.78384750876053,26.00006215677964,32.6050453327961,0.00024936473842060805,0.004878932147188289,0.051110515764052185
bfo-c98ff20768b3d204c55911c8c4a8b4449883f0fecda03c7fd303cd97509f8d61,256,32.60172642668928,68.82912783245958,25.985642414795358,32.60172642668928,0.00025181916974292324,0.0049208678280062155,0.05117373165557113
bfo-c98ff20768b3d204c55911c8c4a8b4449883f0fecda03c7fd303cd97509f8d61,257,32.5996856222748,68.96477781533704,25.98628604883808,32.5996856222748,0.00025153904434482556,0.004916379272230584,0.05116347425952374
bfo-c98ff20768b3d204c55911c8c4a8b4449883f0fecda03c7fd303cd97509f8d61,258,32.59843776268392,69.34775850999614,25.990566747588584,32.59843776268392,0.0002506260434481333,0.004901067417023626,0.05113703243044477
bfo-c98ff20768b3d204c55911c8c4a8b4449883f0fecda03c7fd303cd97509f8d61,259,1000000.0,69.42042577595979,25.991726432455167,32.598955381954084,0.0002503097891315059,0.00489801674928346,0.05110431465309387
bfo-c98ff20768b3d204c55911c8c4a8b4449883f0fecda03c7fd303cd97509f8d61,260,32.59804271668585,69.21930574369468,25.9886682930918,32.59804271668585,0.0002509351393044528,0.004906643264179133,0.05114191633543049
bfo-c98ff20768b3d204c55911c8c4a8b4449883f0fecda03c7fd303cd97509f8d61,261,32.59982826725045,68.9447540953955,25.98605741076769,32.59982826725045,0.0002516185698975369,0.004917475879010705,0.051168236731271445
bfo-c98ff20768b3d204c55911c8c4a8b4449883f0fecda03c7fd303cd97509f8d61,262,1000000.0000116915,69.17804287363319,25.98812567181801,32.59815436050598,0.0002510576191598718,0.004909012163202165,0.051142187228989486
bfo-c98ff20768b3d204c55911c8c4a8b4449883f0fecda03c7fd303cd97509f8d61,263,32.60291401232905,68.76510925102072,25.98558775002645,32.60291401232905,0.0002518753409619425,0.004921589054655335,0.05117764570849194
bfo-c98ff20768b3d204c55911c8c4a8b4449883f0fecda03c7fd303cd97509f8d61,264,32.59839798680256,69.0875984929522,25.987093657742463,32.59839798680256,0.0002512538940540109,0.004912198272068137,0.05114897244329428
bfo-c98ff20768b3d204c55911c8c4a8b4449883f0fecda03c7fd303cd97509f8d61,265,32.607263060371345,68.61476952713257,25.985939979062334,32.607263060371345,0.0002522499639868937,0.0049271145850001,0.05119628529745032
bfo-c98ff20768b3d204c55911c8c4a8b4449883f0fecda03c7fd303cd97509f8d61,266,32.59804691051348,69.15993930081991,25.98786656800892,32.59804691051348,0.0002510308491423246,0.004909211753901075,0.051134654956133126
bfo-c98ff20768b3d204c55911c8c4a8b4449883f0fecda03c7fd303cd97509f8d61,267,32.59998644950749,69.5143861587186,25.9935567180103,32.59998644950749,0.00025005140986608226,0.004893389637286965,0.0510998363916751
bfo-c98ff20768b3d204c55911c8c4a8b4449883f0fecda03c7fd303cd97509f8d61,268,32.59829533590006,69.12237818390966,25.987528882763577,32.59829533590006,0.0002511833585184856,0.004910647447160372,0.05115076193542152
bfo-c98ff20768b3d204c55911c8c4a8b4449883f0fecda03c7fd303cd97509f8d61,269,1000000.0,68.65357701760007,25.985750780808534,32.60612353798476,0.00025214192776184743,0.0049263951319966455,0.05118183194932954
bfo-c98ff20768b3d204c55911c8c4a8b4449883f0fecda03c7fd303cd97509f8d61,270,32.59812459478886,69.15645180596937,25.987852594815852,32.59812459478886,0.00025109888291208665,0.004909642756749313,0.0511440231709119
bfo-c98ff20768b3d204c55911c8c4a8b4449883f0fecda03c7fd303cd97509f8d61,271,32.6056230424398,69.81301516586461,26.000719414790982,32.6056230424398,0.0002491543971497148,0.004877219245360157,0.051085338717701226
bfo-c98ff20768b3d204c55911c8c4a8b4449883f0fecda03c7fd303cd97509f8d61,272,32.598081195241186,69.16636696801646,25.98796392443575,32.598081195241186,0.00025113393125792105,0.00490937407389258,0.05115396127449709
bfo-c98ff20768b3d204c55911c8c4a8b4449883f0fecda03c7fd303cd97509f8d61,273,1000000.0,68.72951874824005,25.985564895668112,32.60406837645591,0.0002519976572277556,0.004924483281649001,0.05117240587795686
bfo-c98ff20768b3d204c55911c8c4a8b4449883f0fecda03c7fd303cd97509f8d61,274,32.59795590900726,69.20687952877324,25.988378433765565,32.59795590900726,0.0002509323649090621,0.004907495974573049,0.05113246474560647
bfo-c98ff20768b3d204c55911c8c4a8b4449883f0fecda03c7fd303cd97509f8d61,275,32.599842491498435,69.51029395782595,25.993482493973687,32.599842491498435,0.00025013168389723334,0.004893173866164723,0.051118495017485846
bfo-c98ff20768b3d204c55911c8c4a8b4449883f0fecda03c7fd303cd97509f8d61,276,32.59801712118585,69.18312705263716,25.98813426869172,32.59801712118585,0.0002510262683388945,0.004908363077793312,0.051142563082711104
bfo-c98ff20768b3d204c55911c8c4a8b4449883f0fecda03c7fd303cd97509f8d61,277,32.59843265743389,69.0810106724379,25.98696321193576,32.59843265743389,0.00025131919974832027,0.004913098061990442,0.05115289712872195
bfo-c98ff20768b3d204c55911c8c4a8b4449883f0fecda03c7fd303cd97509f8d61,278,32.59796078753286,69.21202199883415,25.988431696320745,32.59796078753286,0.0002509307317967503,0.004907326175209877,0.051133901199469076
bfo-c98ff20768b3d204c55911c8c4a8b4449883f0fecda03c7fd303cd97509f8d61,279,32.60365168679355,68.74621229869531,25.98546714525477,32.60365168679355,0.0002519931611973281,0.004924453546131902,0.05117180187338058
bfo-c98ff20768b3d204c55911c8c4a8b4449883f0fecda03c7fd303cd97509f8d61,280,32.59799411323513,69.20387661280414,25.988375411327123,32.59799411323513,0.00025094835399804764,0.004907569432029704,0.05113495743131215
bfo-c98ff20768b3d204c55911c8c4a8b4449883f0fecda03c7fd303cd97509f8d61,281,1000000.0,69.72515493624881,25.99824113499256,32.603475122249364,0.0002494137275401241,0.004882635843686331,0.05108177949880034
bfo-c98ff20768b3d204c55911c8c4a8b4449883f0fecda03c7fd303cd97509f8d61,282,32.59794772564066,69.21268826364192,25.988440456492327,32.59794772564066,0.0002509385078145907,0.004907260732020499,0.05113616771515422
bfo-c98ff20768b3d204c55911c8c4a8b4449883f0fecda03c7fd303cd97509f8d61,283,32.607133910879355,68.61900876930454,25.985840330235746,32.607133910879355,0.0002522529144802701,0.004927324727610989,0.051194700659108944
bfo-c98ff20768b3d204c55911c8c4a8b4449883f0fecda03c7fd303cd97509f8d61,284,1000000.0,69.39531826424377,25.99118232003119,32.598632798444044,0.0002504369510747695,0.004899360569188701,0.05111625232274751
bfo-c98ff20768b3d204c55911c8c4a8b4449883f0fecda03c7fd303cd97509f8d61,285,32.59795180852528,69.20257933166268,25.988310886630163,32.59795180852528,0.00025096165285165914,0.004907673693941959,0.05113658089400822
bfo-c98ff20768b3d204c55911c8c4a8b4449883f0fecda03c7fd303cd97509f8d61,286,32.598577730483875,69.06082694975187,25.98680526189082,32.598577730483875,0.00025132111405979816,0.004913362641439167,0.05115053221192402
bfo-c98ff20768b3d204c55911c8c4a8b4449883f0fecda03c7fd303cd97509f8d61,287,32.59795313573683,69.231446512086,25.988690429540394,32.59795313573683,0.00025089989547813203,0.004906479340261006,0.051136441851355095
bfo-c98ff20768b3d204c55911c8c4a8b4449883f0fecda03c7fd303cd97509f8d61,288,32.597989943569104,69.26454274002964,25.98914911759825,32.597989943569104,0.00025080829866795207,0.00490503909494109,0.05113278280016733
bfo-c98ff20768b3d204c55911c8c4a8b4449883f0fecda03c7fd303cd97509f8d61,289,32.5979453378148,69.21669713260783,25.988489496084863,32.5979453378148,0.0002509304667333159,0.004907103329219963,0.0511361693239918
bfo-c98ff20768b3d204c55911c8c4a8b4449883f0fecda03c7fd303cd97509f8d61,290,32.59797960468578,69.17399065597513,25.987963240713498,32.59797960468578,0.00025103124593448114,0.004908727301956173,0.05113978236974845
bfo-c98ff20768b3d204c55911c8c4a8b4449883f0fecda03c7fd303cd97509f8d61,291,32.597940031583725,69.22783113851483,25.988630361259084,32.597940031583725,0.00025090175865506785,0.004906647541701578,0.05113506860288105
bfo-c98ff20768b3d204c55911c8c4a8b4449883f0fecda03c7fd303cd97509f8d61,292,32.598010807844155,69.27668634011866,25.989311340990728,32.598010807844155,0.0002507734790482227,0.004904517406100397,0.05113112224585084
bfo-c98ff20768b3d204c55911c8c4a8b4449883f0fecda03c7fd303cd97509f8d61,293,32.59793866489489,69.23333074145734,25.98869807276039,32.59793866489489,0.0002508880547075213,0.004906425141059143,0.051134593414659216
bfo-c98ff20768b3d204c55911c8c4a8b4449883f0fecda03c7fd303cd97509f8d61,294,32.59791775266171,69.20175412774051,25.98826287834452,32.59791775266171,0.0002509653065583964,0.004907842267098373,0.05113556893236766
bfo-c98ff20768b3d204c55911c8c4a8b4449883f0fecda03c7fd303cd97509f8d61,295,32.59796930217762,69.1644247527247,25.98779129329283,32.59796930217762,0.0002510420751371572,0.00490942455281354,0.05113472514681739
bfo-c98ff20768b3d204c55911c8c4a8b4449883f0fecda03c7fd303cd97509f8d61,296,1000000.000002682,69.2216691317937,25.98852187967757,32.59791154392638,0.0002509152715182428,0.004906994579869761,0.0511342059654165
bfo-c98ff20768b3d204c55911c8c4a8b4449883f0fecda03c7fd303cd97509f8d61,297,32.59798527740803,69.16204674488574,25.987777555468536,32.59798527740803,0.00025106354052541435,0.004909501260269251,0.051138298416822346
bfo-c98ff20768b3d204c55911c8c4a8b4449883f0fecda03c7fd303cd97509f8d61,298,1000000.000000523,69.1951587588075,25.988173338873803,32.59791747460422,0.00025097759611926874,0.0049081265861367325,0.0511351106607903
bfo-c98ff20768b3d204c55911c8c4a8b4449883f0fecda03c7fd303cd97509f8d61,299,32.597924492371746,69.21495855319914,25.988445626535402,32.597924492371746,0.00025094052789516964,0.00490726953997093,0.051136487582594904
bfo-c98ff20768b3d204c55911c8c4a8b4449883f0fecda03c7fd303cd97509f8d61,300,32.597923477337055,69.19479908331272,25.988171016945664,32.597923477337055,0.00025098989518893743,0.0049081413712452485,0.05113746247395856
bfo-c98ff20768b3d204c55911c8c4a8b4449883f0fecda03c7fd303cd97509f8d61,301,1000000.0,69.22181858040592,25.98852151786064,32.597910429498604,0.00025091687933667526,0.0049070079186067294,0.051134394624722614
bfo-c98ff20768b3d204c55911c8c4a8b4449883f0fecda03c7fd303cd97509f8d61,302,32.59791496421625,69.2086569022988,25.988351693252064,32.59791496421625,0.0002509491917427551,0.0049075639154306065,0.05113518561698365
bfo-c98ff20768b3d204c55911c8c4a8b4449883f0fecda03c7fd303cd97509f8d61,303,32.59790529838287,69.22475856679429,25.988560047233793,32.59790529838287,0.00025090607376792294,0.004906856378775142,0.05113377168592706
bfo-c98ff20768b3d204c55911c8c4a8b4449883f0fecda03c7fd303cd97509f8d61,304,32.59792791656936,69.18729495773255,25.988079836962616,32.59792791656936,0.0002509988489661777,0.004908414606733556,0.05113643998651777
bfo-c98ff20768b3d204c55911c8c4a8b4449883f0fecda03c7fd303cd97509f8d61,305,32.597908785909716,69.2310961303119,25.988646257422037,32.597908785909716,0.00025089503821525925,0.004906580792055314,0.05113439457096191
bfo-c98ff20768b3d204c55911c8c4a8b4449883f0fecda03c7fd303cd97509f8d61,306,32.597943804452996,69.26574500682628,25.98912133581984,32.597943804452996,0.00025080043251433405,0.004905074004112254,0.051130815213811485
bfo-c98ff20768b3d204c55911c8c4a8b4449883f0fecda03c7fd303cd97509f8d61,307,32.59790116456324,69.22219944884134,25.98852097730595,32.59790116456324,0.00025090877614011576,0.00490696843177682,0.05113315474280753
bfo-c98ff20768b3d204c55911c8c4a8b4449883f0fecda03c7fd303cd97509f8d61,308,1000000.0,69.2631289846766,25.989092047322284,32.59796299751725,0.00025080018079495656,0.00490524866002164,0.05112894333757387
bfo-c98ff20768b3d204c55911c8c4a8b4449883f0fecda03c7fd303cd97509f8d61,309,32.59789796263266,69.21540684669681,25.988426460939813,32.59789796263266,0.0002509248402197971,0.004907270599986569,0.051133279713672986
bfo-c98ff20768b3d204c55911c8c4a8b4449883f0fecda03c7fd303cd97509f8d61,310,32.59794355085688,69.1680326779454,25.98783065304401,32.59794355085688,0.0002510466380365148,0.004909209513437685,0.05113789447147038
bfo-c98ff20768b3d204c55911c8c4a8b4449883f0fecda03c7fd303cd97509f8d61,311,32.59789884032914,69.21875828650184,25.98846959236417,32.59789884032914,0.0002509159853757159,0.004907136980468783,0.05113286757113222
bfo-c98ff20768b3d204c55911c8c4a8b4449883f0fecda03c7fd303cd97509f8d61,312,32.5979412848262,69.1834137654226,25.988026509547545,32.5979412848262,0.0002510034363123446,0.004908655986711619,0.0511348599274107
bfo-c98ff20768b3d204c55911c8c4a8b4449883f0fecda03c7fd303cd97509f8d61,313,32.597895089036285,69.21177443914016,25.988373358842118,32.597895089036285,0.0002509335893425278,0.004907442734426306,0.05113326897982899
bfo-c98ff20768b3d204c55911c8c4a8b4449883f0fecda03c7fd303cd97509f8d61,314,32.597910247075745,69.24297003937613,25.988790541727813,32.597910247075745,0.0002508598578195594,0.004906121801082878,0.051132007722309226
bfo-c98ff20768b3d204c55911c8c4a8b4449883f0fecda03c7fd303cd97509f8d61,315,32.597895539573656,69.21424491084147,25.988405481906568,32.597895539573656,0.00025092717718235984,0.004907337023218841,0.05113306381752656
bfo-c98ff20768b3d204c55911c8c4a8b4449883f0fecda03c7fd303cd97509f8d61,316,32.597914685533695,69.24997753833193,25.988889657815516,32.597914685533695,0.0002508322118061755,0.004905831728006186,0.051129395730032105
bfo-c98ff20768b3d204c55911c8c4a8b4449883f0fecda03c7fd303cd97509f8d61,317,32.597891958770134,69.2107957816799,25.988356496282236,32.597891958770134,0.00025093575897774874,0.004907496651074945,0.051133149305926356
bfo-c98ff20768b3d204c55911c8c4a8b4449883f0fecda03c7fd303cd97509f8d61,318,1000000.0,69.19662577313034,25.988165573907285,32.59789746756262,0.00025097018585893907,0.004908126479280093,0.05113360197998616
bfo-c98ff20768b3d204c55911c8c4a8b4449883f0fecda03c7fd303cd97509f8d61,319,32.597890055452694,69.20907234413174,25.988332141347847,32.597890055452694,0.0002509426508746716,0.004907574986218614,0.05113373745268597
bfo-c98ff20768b3d204c55911c8c4a8b4449883f0fecda03c7fd303cd97509f8d61,320,32.59790298010836,69.21036204938528,25.988361153360135,32.59790298010836,0.00025094102593177525,0.0049074919701724675,0.05113427132575751
bfo-c98ff20768b3d204c55911c8c4a8b4449883f0fecda03c7fd303cd97509f8d61,321,1000000.0000077225,69.22159947507558,25.988496166674288,32.597886037174284,0.00025090750779053724,0.004907016595538192,0.05113239437964815
bfo-c98ff20768b3d204c55911c8c4a8b4449883f0fecda03c7fd303cd97509f8d61,322,32.59788796341663,69.21460915853788,25.988402401376074,32.59788796341663,0.0002509334142743978,0.004907384886362456,0.05113383606240825
bfo-c98ff20768b3d204c55911c8c4a8b4449883f0fecda03c7fd303cd97509f8d61,323,32.597898083247756,69.22798659057673,25.988586931151357,32.597898083247756,0.00025089708078057784,0.004906807669766083,0.051132446524552407
bfo-c98ff20768b3d204c55911c8c4a8b4449883f0fecda03c7fd303cd97509f8d61,324,32.597884713125374,69.22164845948842,25.988488966132127,32.597884713125374,0.0002509157940119215,0.0049071153116112196,0.05113305436662644
bfo-c98ff20768b3d204c55911c8c4a8b4449883f0fecda03c7fd303cd97509f8d61,325,32.59789944131808,69.20579106880201,25.988291937433996,32.59789944131808,0.0002509614167107855,0.004907785025773337,0.05113537275835358
bfo-c98ff20768b3d204c55911c8c4a8b4449883f0fecda03c7fd303cd97509f8d61,326,32.59788307521379,69.22655397552714,25.988553819718454,32.59788307521379,0.0002509021030077076,0.0049068851633529776,0.051132662504834524
bfo-c98ff20768b3d204c55911c8c4a8b4449883f0fecda03c7fd303cd97509f8d61,327,32.59793672964056,69.26934459798639,25.98915155295489,32.59793672964056,0.0002507891213887485,0.004904998041476009,0.0511293010248137
bfo-c98ff20768b3d204c55911c8c4a8b4449883f0fecda03c7fd303cd97509f8d61,328,32.59788325068984,69.23058644497993,25.988607792503437,32.59788325068984,0.0002508840015644406,0.004906673486648901,0.05113117924946464
bfo-c98ff20768b3d204c55911c8c4a8b4449883f0fecda03c7fd303cd97509f8d61,329,32.59790324776886,69.24777216240554,25.98883519595521,32.59790324776886,0.0002508499136840903,0.004906033820401759,0.05113089776122823
bfo-c98ff20768b3d204c55911c8c4a8b4449883f0fecda03c7fd303cd97509f8d61,330,32.59787930841074,69.22082933752418,25.988473252870968,32.59787930841074,0.0002509184234300957,0.004907141514571934,0.05113331716335964
bfo-c98ff20768b3d204c55911c8c4a8b4449883f0fecda03c7fd303cd97509f8d61,331,32.597888883448725,69.21967781582165,25.988458663818953,32.597888883448725,0.00025092967696220965,0.004907210960749701,0.05113488679603735
bfo-c98ff20768b3d204c55911c8c4a8b4449883f0fecda03c7fd303cd97509f8d61,332,32.597876150706625,69.22076866711438,25.9884685417048,32.597876150706625,0.0002509163058933382,0.0049071536158596255,0.05113275954565428
bfo-c98ff20768b3d204c55911c8c4a8b4449883f0fecda03c7fd303cd97509f8d61,333,32.597880841699755,69.20711362491468,25.988288348997248,32.597880841699755,0.000250953310716367,0.004907754851126667,0.051134035486462004
bfo-c98ff20768b3d204c55911c8c4a8b4449883f0fecda03c7fd303cd97509f8d61,334,32.59787820316109,69.22262342761363,25.988492890384823,32.59787820316109,0.0002509143385473615,0.004907081063459095,0.05113311463627772
bfo-c98ff20768b3d204c55911c8c4a8b4449883f0fecda03c7fd303cd97509f8d61,335,32.5978995312565,69.18694665359021,25.98803254275412,32.5978995312565,0.0002509993392935139,0.004908623295680764,0.05113436582399292
bfo-c98ff20768b3d204c55911c8c4a8b4449883f0fecda03c7fd303cd97509f8d61,336,32.59787090135505,69.22826907472634,25.988559508813886,32.59787090135505,0.00025089536743092694,0.004906857237175312,0.051131580827356145
bfo-c98ff20768b3d204c55911c8c4a8b4449883f0fecda03c7fd303cd97509f8d61,337,32.59795897007864,69.28225897357093,25.98932144392761,32.59795897007864,0.00025076088552815015,0.0049045422646828,0.05112829536282282
bfo-c98ff20768b3d204c55911c8c4a8b4449883f0fecda03c7fd303cd97509f8d61,338,32.59786760104275,69.23020840044178,25.988579570745635,32.59786760104275,0.00025088775306746845,0.004906783320359572,0.051130799280756346
bfo-c98ff20768b3d204c55911c8c4a8b4449883f0fecda03c7fd303cd97509f8d61,339,32.597866373589284,69.22618595826648,25.988523858868177,32.597866373589284,0.0002509027359620812,0.004906955015783036,0.05113206360259306
bfo-c98ff20768b3d204c55911c8c4a8b4449883f0fecda03c7fd303cd97509f8d61,340,32.59788886702438,69.24652987330235,25.988805636716567,32.59788886702438,0.0002508543816320813,0.00490608981656303,0.05113122486775381
bfo-c98ff20768b3d204c55911c8c4a8b4449883f0fecda03c7fd303cd97509f8d61,341,32.59786281104014,69.22590090823334,25.988516528201533,32.59786281104014,0.0002509030379845943,0.00490697325839487,0.05113193505902
bfo-c98ff20768b3d204c55911c8c4a8b4449883f0fecda03c7fd303cd97509f8d61,342,32.59786387589736,69.21175586490983,25.988326270599515,32.59786387589736,0.00025094588953978003,0.004907609266880521,0.05113404020024837
bfo-c98ff20768b3d204c55911c8c4a8b4449883f0fecda03c7fd303cd97509f8d61,343,32.59786279113124,69.22514496250929,25.98850531696542,32.59786279113124,0.0002509059224241799,0.004907005622520476,0.05113218563937623
bfo-c98ff20768b3d204c55911c8c4a8b4449883f0fecda03c7fd303cd97509f8d61,344,32.59788993288909,69.1781256065226,25.987914992040857,32.59788993288909,0.000251018140531369,0.004908839261660754,0.051135946229057164
bfo-c98ff20768b3d204c55911c8c4a8b4449883f0fecda03c7fd303cd97509f8d61,345,32.597862079145415,69.22509858731681,25.98850342516643,32.597862079145415,0.00025090829062168534,0.004907008178766755,0.0511326416180428
bfo-c98ff20768b3d204c55911c8c4a8b4449883f0fecda03c7fd303cd97509f8d61,346,32.5978660308101,69.20401044813153,25.988227369501313,32.5978660308101,0.0002509668456589651,0.004907914209284715,0.05113513296222456
bfo-c98ff20768b3d204c55911c8c4a8b4449883f0fecda03c7fd303cd97509f8d61,347,32.597863686676526,69.22895242265126,25.98855451764957,32.597863686676526,0.00025089953373135784,0.0049068474063574865,0.05113253234781327
bfo-c98ff20768b3d204c55911c8c4a8b4449883f0fecda03c7fd303cd97509f8d61,348,32.59785864377424,69.21504103283974,25.988366311249944,32.59785864377424,0.0002509370098523833,0.004907410209207266,0.05113430488887522
bfo-c98ff20768b3d204c55911c8c4a8b4449883f0fecda03c7fd303cd97509f8d61,349,32.5978563275762,69.22292502428589,25.98846221472016,32.5978563275762,0.00025091199237957894,0.004907080499657627,0.05113264239237269
bfo-c98ff20768b3d204c55911c8c4a8b4449883f0fecda03c7fd303cd97509f8d61,350,32.59786911168994,69.19171959085963,25.988049295592603,32.59786911168994,0.00025098206060671227,0.004908425575140274,0.051132905402062584
bfo-c98ff20768b3d204c55911c8c4a8b4449883f0fecda03c7fd303cd97509f8d61,351,32.597859143405266,69.20582815651282,25.98823930637169,32.597859143405266,0.0002509471265160381,0.004907787753366278,0.05113243260039356
bfo-c98ff20768b3d204c55911c8c4a8b4449883f0fecda03c7fd303cd97509f8d61,352,32.597863128028344,69.23372503547549,25.988608215483072,32.597863128028344,0.00025089504667523714,0.004906653579328604,0.05113363774696482
bfo-c98ff20768b3d204c55911c8c4a8b4449883f0fecda03c7fd303cd97509f8d61,353,32.597853697959735,69.22378236650033,25.988469190003322,32.597853697959735,0.0002509104308089735,0.0049070581002218965,0.05113255757000867
bfo-c98ff20768b3d204c55911c8c4a8b4449883f0fecda03c7fd303cd97509f8d61,354,32.59788239824999,69.17763324998262,25.987866992143573,32.59788239824999,0.0002510065263571663,0.004909048008974619,0.05113140590564228
bfo-c98ff20768b3d204c55911c8c4a8b4449883f0fecda03c7fd303cd97509f8d61,355,32.597853910024185,69.2384642781027,25.98866022167864,32.597853910024185,0.00025087280915290214,0.004906448355317439,0.051131244229038884
bfo-c98ff20768b3d204c55911c8c4a8b4449883f0fecda03c7fd303cd97509f8d61,356,32.59789564729968,69.26479196006542,25.989031241199303,32.59789564729968,0.0002508126798529475,0.004905328297345283,0.05113066132366408
bfo-c98ff20768b3d204c55911c8c4a8b4449883f0fecda03c7fd303cd97509f8d61,357,32.597851211787905,69.23039219770945,25.988551117033744,32.597851211787905,0.00025089396659559845,0.0049067874396671535,0.0511320226687092
bfo-c98ff20768b3d204c55911c8c4a8b4449883f0fecda03c7fd303cd97509f8d61,358,32.59791839760063,69.27771180899066,25.989211620684202,32.59791839760063,0.00025077454482518437,0.004904737452587353,0.05112904559099192
bfo-c98ff20768b3d204c55911c8c4a8b4449883f0fecda03c7fd303cd97509f8d61,359,32.59784196262801,69.2194378037139,25.98839674235044,32.59784196262801,0.00025092409987404856,0.00490729118727832,0.051132914330526205
bfo-c98ff20768b3d204c55911c8c4a8b4449883f0fecda03c7fd303cd97509f8d61,360,32.59786528109866,69.24071529526023,25.988691570750905,32.59786528109866,0.00025087058894089056,0.004906359966639672,0.051131712847541005
bfo-c98ff20768b3d204c55911c8c4a8b4449883f0fecda03c7fd303cd97509f8d61,361,32.59785023177249,69.2273715924969,25.98850964221497,32.59785023177249,0.00025090521001065085,0.004906944321970299,0.05113267922915909
bfo-c98ff20768b3d204c55911c8c4a8b4449883f0fecda03c7fd303cd97509f8d61,362,32.5978502630677,69.23825466089679,25.988638940846258,32.5978502630677,0.0002508804986443121,0.00490655639845765,0.05113168549803586
bfo-c98ff20768b3d204c55911c8c4a8b4449883f0fecda03c7fd303cd97509f8d61,363,32.59785036050524,69.20780431822493,25.988247564480464,32.59785036050524,0.0002509567506576246,0.0049077926765522285,0.051134342299464064
bfo-c98ff20768b3d204c55911c8c4a8b4449883f0fecda03c7fd303cd97509f8d61,364,32.597862589061904,69.18782724268172,25.98798812139649,32.597862589061904,0.0002510000005077027,0.004908663848198116,0.05113407808518817
bfo-c98ff20768b3d204c55911c8c4a8b4449883f0fecda03c7fd303cd97509f8d61,365,32.59786830689383,69.18547816090145,25.987963874670488,32.59786830689383,0.00025100912089044014,0.004908709473347239,0.05113546080764025
bfo-c98ff20768b3d204c55911c8c4a8b4449883f0fecda03c7fd303cd97509f8d61,366,32.59782648700229,69.2303557108584,25.98853335180692,32.59782648700229,0.0002509000162216983,0.004906793270830274,0.05113319481243271
bfo-c98ff20768b3d204c55911c8c4a8b4449883f0fecda03c7fd303cd97509f8d61,367,32.597836377900116,69.20809582197853,25.988241580458524,32.597836377900116,0.0002509544277699941,0.004907772635289408,0.05113407780252548
bfo-c98ff20768b3d204c55911c8c4a8b4449883f0fecda03c7fd303cd97509f8d61,368,32.597822914820235,69.23446585438045,25.988585528781556,32.597822914820235,0.0002508877242864095,0.0049066075157421,0.051132625440586915
bfo-c98ff20768b3d204c55911c8c4a8b4449883f0fecda03c7fd303cd97509f8d61,369,32.59783139704988,69.18833568424795,25.987995945252536,32.59783139704988,0.0002510008426259161,0.0049084195007010395,0.05113679517206449
bfo-c98ff20768b3d204c55911c8c4a8b4449883f0fecda03c7fd303cd97509f8d61,370,32.597822185822245,69.22157022279197,25.988415069688465,32.597822185822245,0.0002509242714902778,0.004907147043034279,0.0511344512992465
bfo-c98ff20768b3d204c55911c8c4a8b4449883f0fecda03c7fd303cd97509f8d61,371,32.59783441213188,69.2078377465536,25.988247320640706,32.59783441213188,0.00025095956315808216,0.004907686719238915,0.05113601937431757
bfo-c98ff20768b3d204c55911c8c4a8b4449883f0fecda03c7fd303cd97509f8d61,372,32.59781869668262,69.21688026958381,25.988350351527192,32.59781869668262,0.0002509348807135562,0.004907358585194494,0.05113440894061155
bfo-c98ff20768b3d204c55911c8c4a8b4449883f0fecda03c7fd303cd97509f8d61,373,32.59782353947991,69.24919165567522,25.988771875303794,32.59782353947991,0.00025084989137067994,0.00490600696263171,0.05113117312742613
bfo-c98ff20768b3d204c55911c8c4a8b4449883f0fecda03c7fd303cd97509f8d61,374,32.59781335468108,69.21641925805298,25.988339108377794,32.59781335468108,0.00025093728737199974,0.004907407323759094,0.05113439150589618
bfo-c98ff20768b3d204c55911c8c4a8b4449883f0fecda03c7fd303cd97509f8d61,375,32.597806736016,69.21159228091591,25.988269542314548,32.597806736016,0.0002509526056067987,0.004907641796113384,0.051135069761110326
bfo-c98ff20768b3d204c55911c8c4a8b4449883f0fecda03c7fd303cd97509f8d61,376,32.597810933482386,69.1906531093704,25.987989221413176,32.597810933482386,0.0002509978125436018,0.004908561692246419,0.05113469653240354
bfo-c98ff20768b3d204c55911c8c4a8b4449883f0fecda03c7fd303cd97509f8d61,377,32.597802987258184,69.21042972020552,25.988251233148933,32.597802987258184,0.00025095662661323855,0.0049076914252800165,0.051135371983767254
bfo-c98ff20768b3d204c55911c8c4a8b4449883f0fecda03c7fd303cd97509f8d61,378,32.59784377548264,69.26863866623648,25.989039902764457,32.59784377548264,0.0002508093455582416,0.004905185786330898,0.05113146708064816
bfo-c98ff20768b3d204c55911c8c4a8b4449883f0fecda03c7fd303cd97509f8d61,379,1000000.0000048515,69.22367512334759,25.98842147628508,32.597797380196305,0.00025092152331312675,0.0049071312259782686,0.051134056082452514
bfo-c98ff20768b3d204c55911c8c4a8b4449883f0fecda03c7fd303cd97509f8d61,380,32.59783864658294,69.18399322695797,25.98792524791565,32.59783864658294,0.00025102604949477693,0.004908795701426841,0.051138011187104634
bfo-c98ff20768b3d204c55911c8c4a8b4449883f0fecda03c7fd303cd97509f8d61,381,32.597808996928,69.2064236785177,25.988199092830786,32.597808996928,0.0002509701450528211,0.004907870763701605,0.05113625788783706
bfo-c98ff20768b3d204c55911c8c4a8b4449883f0fecda03c7fd303cd97509f8d61,382,32.59780831353567,69.2307962367243,25.988521760993883,32.59780831353567,0.0002509135296530615,0.004906850082064155,0.0511353567883024
bfo-c98ff20768b3d204c55911c8c4a8b4449883f0fecda03c7fd303cd97509f8d61,383,32.59781331968704,69.19986857524523,25.98812199408547,32.59781331968704,0.00025098265764773777,0.0049081071639731685,0.05113634426933834
bfo-c98ff20768b3d204c55911c8c4a8b4449883f0fecda03c7fd303cd97509f8d61,384,32.59783785106306,69.2636746355391,25.98897175519009,32.59783785106306,0.0002508294264631761,0.004905436250404003,0.0511329499883967
bfo-c98ff20768b3d204c55911c8c4a8b4449883f0fecda03c7fd303cd97509f8d61,385,32.59780016829973,69.21156726943599,25.988265356021863,32.59780016829973,0.0002509530267500524,0.004907632854062504,0.05113524874671813
bfo-c98ff20768b3d204c55911c8c4a8b4449883f0fecda03c7fd303cd97509f8d61,386,32.59787546164702,69.15732896054513,25.987590286367798,32.59787546164702,0.0002510874576349719,0.004909871271064381,0.0511393158339445
bfo-c98ff20768b3d204c55911c8c4a8b4449883f0fecda03c7fd303cd97509f8d61,387,1000000.0000013484,69.21676216442161,25.988331660447653,32.597795615614324,0.0002509369590422179,0.00490738305718195,0.051134577455691374
bfo-c98ff20768b3d204c55911c8c4a8b4449883f0fecda03c7fd303cd97509f8d61,388,32.59781290934096,69.20118560136322,25.988134922948305,32.59781290934096,0.00025098513271704407,0.00490813019346739,0.05113660861138109
bfo-c98ff20768b3d204c55911c8c4a8b4449883f0fecda03c7fd303cd97509f8d61,389,32.59780497009294,69.20531295487433,25.988183661048726,32.59780497009294,0.00025097609519542324,0.004907930184543116,0.05113685112837172
bfo-c98ff20768b3d204c55911c8c4a8b4449883f0fecda03c7fd303cd97509f8d61,390,32.597819861736546,69.24281866414518,25.988692074721104,32.597819861736546,0.00025087751849503764,0.004906276054019611,0.051133999744979466
bfo-c98ff20768b3d204c55911c8c4a8b4449883f0fecda03c7fd303cd97509f8d61,391,32.597801061943066,69.21030470345812,25.988251275921343,32.597801061943066,0.00025095562426695055,0.0049076765948370795,0.051135322268577796
bfo-c98ff20768b3d204c55911c8c4a8b4449883f0fecda03c7fd303cd97509f8d61,392,32.59781602942739,69.20689093361376,25.988220434679924,32.59781602942739,0.00025097178392644975,0.004907793658669142,0.051137395208768074
bfo-c98ff20768b3d204c55911c8c4a8b4449883f0fecda03c7fd303cd97509f8d61,393,1000000.0000004991,69.21005871850963,25.988245235571537,32.59780127500504,0.0002509592836027387,0.004907695912374128,0.05113586662327162
bfo-c98ff20768b3d204c55911c8c4a8b4449883f0fecda03c7fd303cd97509f8d61,394,32.59779829596977,69.21458512618658,25.98830579647965,32.59779829596977,0.0002509404994030406,0.004907506532009343,0.051134012306713085
bfo-c98ff20768b3d204c55911c8c4a8b4449883f0fecda03c7fd303cd97509f8d61,395,32.59780501156561,69.2147015388633,25.988317735614945,32.59780501156561,0.00025094536485220956,0.004907486850074459,0.05113520881842039
bfo-c98ff20768b3d204c55911c8c4a8b4449883f0fecda03c7fd303cd97509f8d61,396,32.597797380497404,69.22143256785893,25.988397835701324,32.597797380497404,0.0002509199651056927,0.0049071987717314615,0.05113303470630716
bfo-c98ff20768b3d204c55911c8c4a8b4449883f0fecda03c7fd303cd97509f8d61,397,32.59780898305633,69.21547200927492,25.988328836206083,32.59780898305633,0.00025094841775280514,0.004907481516841767,0.051135886480995686
bfo-c98ff20768b3d204c55911c8c4a8b4449883f0fecda03c7fd303cd97509f8d61,398,32.59779682456497,69.22330412621916,25.988421293605015,32.59779682456497,0.000250910141926977,0.004907118635683767,0.05113186791580691
bfo-c98ff20768b3d204c55911c8c4a8b4449883f0fecda03c7fd303cd97509f8d61,399,32.59782763765159,69.17823527218759,25.98783631329294,32.59782763765159,0.0002510079564289982,0.004909056811744679,0.051131605531326084
bfo-c98ff20768b3d204c55911c8c4a8b4449883f0fecda03c7fd303cd97509f8d61,400,32.5977942719896,69.22339683960142,25.988419439161746,32.5977942719896,0.0002509085510596291,0.0049071214385328745,0.05113151451467757
bfo-c98ff20768b3d204c55911c8c4a8b4449883f0fecda03c7fd303cd97509f8d61,401,32.59779936694008,69.2268788637619,25.988467483235866,32.59779936694008,0.00025089605671926716,0.004906981402970352,0.05113042746960317
bfo-c98ff20768b3d204c55911c8c4a8b4449883f0fecda03c7fd303cd97509f8d61,402,32.59779550298766,69.21798472704373,25.988347892846736,32.59779550298766,0.0002509235198258371,0.0049073482634134965,0.0511322014165136
bfo-c98ff20768b3d204c55911c8c4a8b4449883f0fecda03c7fd303cd97509f8d61,403,32.59783531623094,69.18527049079998,25.987944388287783,32.59783531623094,0.0002510090532185812,0.004908680531201531,0.05113574852204529
bfo-c98ff20768b3d204c55911c8c4a8b4449883f0fecda03c7fd303cd97509f8d61,404,32.59779491471304,69.21980782774514,25.988373557368423,32.59779491471304,0.00025091646405101605,0.004907264997320103,0.051131631201502985
bfo-c98ff20768b3d204c55911c8c4a8b4449883f0fecda03c7fd303cd97509f8d61,405,1000000.0,69.231768484638,25.98853748064507,32.59780440092799,0.0002508862873543071,0.004906734875956053,0.05113100538276447
bfo-c98ff20768b3d204c55911c8c4a8b4449883f0fecda03c7fd303cd97509f8d61,406,32.59779373181153,69.22497801921455,25.988438920616915,32.59779373181153,0.0002509068879400322,0.004907055586643695,0.0511318617671593
bfo-c98ff20768b3d204c55911c8c4a8b4449883f0fecda03c7fd303cd97509f8d61,407,32.597795489221966,69.23932805457945,25.98862562597794,32.597795489221966,0.0002508715394027943,0.004906472723272345,0.051130731495329075
bfo-c98ff20768b3d204c55911c8c4a8b4449883f0fecda03c7fd303cd97509f8d61,408,32.597792039087444,69.21627589438843,25.988322519222482,32.597792039087444,0.0002509296617716724,0.00490741376556593,0.05113277048949526
bfo-c98ff20768b3d204c55911c8c4a8b4449883f0fecda03c7fd303cd97509f8d61,409,32.597800222494804,69.19781296301807,25.988085525563935,32.597800222494804,0.00025097217232353307,0.004908213709849229,0.05113309793742508
bfo-c98ff20768b3d204c55911c8c4a8b4449883f0fecda03c7fd303cd97509f8d61,410,32.59779208370138,69.21820567831064,25.988351707268915,32.59779208370138,0.0002509272863446485,0.004907316570308593,0.05113329917675743
bfo-c98ff20768b3d204c55911c8c4a8b4449883f0fecda03c7fd303cd97509f8d61,411,32.59784934115861,69.16795743274491,25.98771436572362,32.59784934115861,0.0002510509918301958,0.004909418947696985,0.05113659976970679
bfo-c98ff20768b3d204c55911c8c4a8b4449883f0fecda03c7fd303cd97509f8d61,412,32.59779429928225,69.20471030410513,25.988171052948125,32.59779429928225,0.00025095211767307086,0.0049078864360641225,0.05113242144908345
bfo-c98ff20768b3d204c55911c8c4a8b4449883f0fecda03c7fd303cd97509f8d61,413,1000000.0,69.20128560067732,25.98812176128641,32.59778888012818,0.00025096260934514636,0.004908044822486832,0.05113290901405978
bfo-c98ff20768b3d204c55911c8c4a8b4449883f0fecda03c7fd303cd97509f8d61,414,32.59779523222823,69.21594996303492,25.988324059584578,32.59779523222823,0.0002509349576528047,0.004907423235804283,0.05113375097179256
bfo-c98ff20768b3d204c55911c8c4a8b4449883f0fecda03c7fd303cd97509f8d61,415,32.59779127254303,69.22790572046836,25.988473742400338,32.59779127254303,0.0002509019567529033,0.0049069233884338585,0.05113223437404912
bfo-c98ff20768b3d204c55911c8c4a8b4449883f0fecda03c7fd303cd97509f8d61,416,32.59777757726414,69.22936148619283,25.988482948170038,32.59777757726414,0.0002508948298107438,0.004906860982977296,0.05113143222951273
bfo-c98ff20768b3d204c55911c8c4a8b4449883f0fecda03c7fd303cd97509f8d61,417,32.59791675685381,69.3017577704929,25.98951255187212,32.59791675685381,0.0002507060268601735,0.004903715657188633,0.05112572677264625
bfo-c98ff20768b3d204c55911c8c4a8b4449883f0fecda03c7fd303cd97509f8d61,418,32.59780302197066,69.25286736649838,25.98880915604293,32.59780302197066,0.00025083788450263483,0.004905834033895891,0.05113052801409914
bfo-c98ff20768b3d204c55911c8c4a8b4449883f0fecda03c7fd303cd97509f8d61,419,1000000.0,69.24306807095488,25.988663832247195,32.597781360564554,0.00025086247714941733,0.00490631683433277,0.05113050901930452
bfo-c98ff20768b3d204c55911c8c4a8b4449883f0fecda03c7fd303cd97509f8d61,420,1000000.0000064274,69.2191504283831,25.988345926154565,32.597772378028445,0.0002509213971154696,0.004907300438073833,0.05113226717660655
bfo-c98ff20768b3d204c55911c8c4a8b4449883f0fecda03c7fd303cd97509f8d61,421,32.59778897224939,69.21724752706457,25.988331074917383,32.59778897224939,0.0002509242026369122,0.004907335077914514,0.05113247794433232
bfo-c98ff20768b3d204c55911c8c4a8b4449883f0fecda03c7fd303cd97509f8d61,422,32.59778056885335,69.23985283092553,25.988618860268804,32.59778056885335,0.00025087425128596713,0.0049064408006393246,0.051131616884744116
bfo-c98ff20768b3d204c55911c8c4a8b4449883f0fecda03c7fd303cd97509f8d61,423,32.597854275441975,69.16605160554582,25.987697096353372,32.597854275441975,0.0002510509566302744,0.004909456625294828,0.05113620015233316
bfo-c98ff20768b3d204c55911c8c4a8b4449883f0fecda03c7fd303cd97509f8d61,424,32.5977784733646,69.21574373352271,25.98830930330769,32.5977784733646,0.00025092885208927347,0.004907412049234739,0.05113262338107583
bfo-c98ff20768b3d204c55911c8c4a8b4449883f0fecda03c7fd303cd97509f8d61,425,32.59777670080542,69.22534913091857,25.988424264471476,32.59777670080542,0.0002509068264717028,0.0049070760533246145,0.05113163597733721
bfo-c98ff20768b3d204c55911c8c4a8b4449883f0fecda03c7fd303cd97509f8d61,426,32.59780147269703,69.24828983335769,25.988744385842004,32.59780147269703,0.0002508576039502515,0.00490606668408144,0.051132122758176385
bfo-c98ff20768b3d204c55911c8c4a8b4449883f0fecda03c7fd303cd97509f8d61,427,1000000.0000000118,69.21322730003894,25.988262938519487,32.5977779035952,0.00025094033047329923,0.004907603964682346,0.051132962700168046
bfo-c98ff20768b3d204c55911c8c4a8b4449883f0fecda03c7fd303cd97509f8d61,428,32.59779508323505,69.24963868008273,25.988759242417608,32.59779508323505,0.0002508391193832016,0.004906006576987434,0.05112898147340664
bfo-c98ff20768b3d204c55911c8c4a8b4449883f0fecda03c7fd303cd97509f8d61,429,32.597781533501916,69.2370320283275,25.98858409033961,32.597781533501916,0.00025087584914038367,0.004906557769991466,0.05113072359501028
bfo-c98ff20768b3d204c55911c8c4a8b4449883f0fecda03c7fd303cd97509f8d61,430,1000000.0,69.20734612784558,25.988191623125484,32.59778540725386,0.0002509576353149347,0.004907860948558032,0.0511338112357621
bfo-c98ff20768b3d204c55911c8c4a8b4449883f0fecda03c7fd303cd97509f8d61,431,1000000.0000017826,69.21238821808055,25.988246790441373,32.59776628071965,0.000250939851922393,0.004907605237977101,0.05113285192144542
bfo-c98ff20768b3d204c55911c8c4a8b4449883f0fecda03c7fd303cd97509f8d61,432,32.597787387264205,69.22349683183916,25.988404030003952,32.597787387264205,0.0002509101272668099,0.0049071854480567684,0.05113116875706615
bfo-c98ff20768b3d204c55911c8c4a8b4449883f0fecda03c7fd303cd97509f8d61,433,1000000.0000014751,69.22074983269394,25.988360833415882,32.597767939111066,0.0002509187276218417,0.004907243464067925,0.05113231684124335
bfo-c98ff20768b3d204c55911c8c4a8b4449883f0fecda03c7fd303cd97509f8d61,434,1000000.0,69.22131755642786,25.988371071404917,32.597787061413165,0.00025091563020250763,0.004907321143024868,0.05113087627435026
bfo-c98ff20768b3d204c55911c8c4a8b4449883f0fecda03c7fd303cd97509f8d61,435,1000000.0000005716,69.23871947341257,25.988600509324446,32.59778675637621,0.00025087518326609106,0.004906555609835884,0.051130610394627206
bfo-c98ff20768b3d204c55911c8c4a8b4449883f0fecda03c7fd303cd97509f8d61,436,1000000.0,69.28283004571881,25.98924328122327,32.59787470036213,0.0002507546954957317,0.004904563883721962,0.05112680789580004
bfo-c98ff20768b3d204c55911c8c4a8b4449883f0fecda03c7fd303cd97509f8d61,437,32.59776944032711,69.23455926806703,25.988536284526276,32.59776944032711,0.0002508826171190767,0.004906716306912135,0.051130450881306536
bfo-c98ff20768b3d204c55911c8c4a8b4449883f0fecda03c7fd303cd97509f8d61,438,32.597787273897865,69.18315910708345,25.987869495138874,32.597787273897865,0.00025101012914178556,0.004908832458083989,0.05113438506714886
bfo-c98ff20768b3d204c55911c8c4a8b4449883f0fecda03c7fd303cd97509f8d61,439,32.59778386371012,69.24803721033282,25.988721814456788,32.59778386371012,0.00025084596502294255,0.004906126662908977,0.051129125328005516
bfo-c98ff20768b3d204c55911c8c4a8b4449883f0fecda03c7fd303cd97509f8d61,440,32.597800476883215,69.26225225566455,25.98892094410794,32.597800476883215,0.0002508109073772058,0.004905513875650639,0.05112836569928969
bfo-c98ff20768b3d204c55911c8c4a8b4449883f0fecda03c7fd303cd97509f8d61,441,32.59778063239588,69.24219638682257,25.98864611853437,32.59778063239588,0.0002508676726365624,0.0049063676227396194,0.05113103866776351
bfo-c98ff20768b3d204c55911c8c4a8b4449883f0fecda03c7fd303cd97509f8d61,442,32.59774169402254,69.21613474580677,25.98828504863179,32.59774169402254,0.0002509266608483059,0.004907402879463895,0.05113227240794996
bfo-c98ff20768b3d204c55911c8c4a8b4449883f0fecda03c7fd303cd97509f8d61,443,32.59774840654972,69.22558205456954,25.988425384114137,32.59774840654972,0.00025090461028559087,0.0049068867617584715,0.05113315681971733
bfo-c98ff20768b3d204c55911c8c4a8b4449883f0fecda03c7fd303cd97509f8d61,444,32.5977462218073,69.20422611324386,25.988131639182928,32.5977462218073,0.000250953438602086,0.004907890371785642,0.05113264958907006
bfo-c98ff20768b3d204c55911c8c4a8b4449883f0fecda03c7fd303cd97509f8d61,445,32.5977361690845,69.2378323070746,25.988559788429082,32.5977361690845,0.0002508741042018931,0.004906516298984302,0.05113080012672668
bfo-c98ff20768b3d204c55911c8c4a8b4449883f0fecda03c7fd303cd97509f8d61,446,32.597870743331654,69.30030958866081,25.989464999318834,32.597870743331654,0.0002507078681307987,0.004903739514868048,0.05112585351865797
bfo-c98ff20768b3d204c55911c8c4a8b4449883f0fecda03c7fd303cd97509f8d61,447,32.59773307299569,69.2401152899803,25.988584613794583,32.59773307299569,0.00025086644357049856,0.004906439573259297,0.05113003835566461
bfo-c98ff20768b3d204c55911c8c4a8b4449883f0fecda03c7fd303cd97509f8d61,448,32.597732215950224,69.21077161631133,25.988202962307145,32.597732215950224,0.00025094453344954773,0.00490764854113123,0.051133354670035956
bfo-c98ff20768b3d204c55911c8c4a8b4449883f0fecda03c7fd303cd97509f8d61,449,32.59776580488377,69.17735360650326,25.98777448399072,32.59776580488377,0.00025103312881863014,0.004909087433728272,0.051136414294413915
bfo-c98ff20768b3d204c55911c8c4a8b4449883f0fecda03c7fd303cd97509f8d61,450,32.597754379934074,69.18705230738681,25.987901900363667,32.597754379934074,0.00025100249812953253,0.0049086487610128455,0.05113474407114453
bfo-c98ff20768b3d204c55911c8c4a8b4449883f0fecda03c7fd303cd97509f8d61,451,32.59786606847423,69.14654093533366,25.987435449380385,32.59786606847423,0.0002511013288178603,0.004910255278792824,0.05113814141239374
bfo-c98ff20768b3d204c55911c8c4a8b4449883f0fecda03c7fd303cd97509f8d61,452,32.597728294906155,69.21940768509259,25.98831544701636,32.597728294906155,0.0002509213538815643,0.004907255289288894,0.05113272880448106
bfo-c98ff20768b3d204c55911c8c4a8b4449883f0fecda03c7fd303cd97509f8d61,453,32.59776021258709,69.25759783249936,25.988837819859583,32.59776021258709,0.000250827084844796,0.00490561407486015,0.05113061912681067
bfo-c98ff20768b3d204c55911c8c4a8b4449883f0fecda03c7fd303cd97509f8d61,454,32.59772884932626,69.22938541865281,25.98844343683658,32.59772884932626,0.00025089843074726646,0.004906854468245956,0.05113223397411145
bfo-c98ff20768b3d204c55911c8c4a8b4449883f0fecda03c7fd303cd97509f8d61,455,32.59785735592756,69.29994904060521,25.98945217031521,32.59785735592756,0.00025071304806284056,0.004903732414332485,0.051126983872542435
bfo-c98ff20768b3d204c55911c8c4a8b4449883f0fecda03c7fd303cd97509f8d61,456,32.59772451566595,69.21509188065437,25.988257634107804,32.59772451566595,0.0002509289882502779,0.0049074373299345005,0.051132387716834496
bfo-c98ff20768b3d204c55911c8c4a8b4449883f0fecda03c7fd303cd97509f8d61,457,32.59776701500442,69.17355581648236,25.987724082379955,32.59776701500442,0.00025101909667514315,0.004909226315926864,0.05113210932255639
bfo-c98ff20768b3d204c55911c8c4a8b4449883f0fecda03c7fd303cd97509f8d61,458,32.59772334146335,69.2176027374045,25.98829480733095,32.59772334146335,0.00025091733602500906,0.004907302059899533,0.0511314227170573
bfo-c98ff20768b3d204c55911c8c4a8b4449883f0fecda03c7fd303cd97509f8d61,459,32.59772620493292,69.21022658433591,25.988201040085837,32.59772620493292,0.00025094394851876754,0.004907643234990144,0.05113329076767568
bfo-c98ff20768b3d204c55911c8c4a8b4449883f0fecda03c7fd303cd97509f8d61,460,32.59772261202988,69.21901001775672,25.98831277557715,32.59772261202988,0.00025091169885518654,0.004907246542766197,0.051130852438024954
bfo-c98ff20768b3d204c55911c8c4a8b4449883f0fecda03c7fd303cd97509f8d61,461,32.597733476481565,69.1927215166798,25.987969641006007,32.597733476481565,0.000250974582202332,0.004908339003810159,0.051132283651864695
bfo-c98ff20768b3d204c55911c8c4a8b4449883f0fecda03c7fd303cd97509f8d61,462,32.59771903997564,69.21965403011613,25.988315868658457,32.59771903997564,0.0002509073305845639,0.004907227845820738,0.05113015708008141
bfo-c98ff20768b3d204c55911c8c4a8b4449883f0fecda03c7fd303cd97509f8d61,463,32.59771243202533,69.2334459413752,25.98849011677519,32.59771243202533,0.0002508731152955683,0.0049066885336871155,0.051128803789599934
bfo-c98ff20768b3d204c55911c8c4a8b4449883f0fecda03c7fd303cd97509f8d61,464,32.59788986529222,69.31333918271767,25.98964624700087,32.59788986529222,0.00025066567368366594,0.004903157581367072,0.051123315847780015
bfo-c98ff20768b3d204c55911c8c4a8b4449883f0fecda03c7fd303cd97509f8d61,465,32.59770798784727,69.2339140029118,25.98849287444547,32.59770798784727,0.0002508653886760831,0.004906649365080519,0.05112763721439597
bfo-c98ff20768b3d204c55911c8c4a8b4449883f0fecda03c7fd303cd97509f8d61,466,1000000.0,69.17697044424877,25.987772739618833,32.597754341736675,0.00025100748574434425,0.0049090005832244646,0.051132095319383855
bfo-c98ff20768b3d204c55911c8c4a8b4449883f0fecda03c7fd303cd97509f8d61,467,32.59770615583048,69.23266959060726,25.988476012685368,32.59770615583048,0.0002508702057250921,0.004906695774776595,0.0511281353563263
bfo-c98ff20768b3d204c55911c8c4a8b4449883f0fecda03c7fd303cd97509f8d61,468,32.597720469416814,69.24551244363388,25.988652691813325,32.597720469416814,0.00025083553126802846,0.004906137426777615,0.05112688647875463
bfo-c98ff20768b3d204c55911c8c4a8b4449883f0fecda03c7fd303cd97509f8d61,469,32.59771076022373,69.23945515975757,25.988570385993842,32.59771076022373,0.0002508495925816397,0.0049063876514783035,0.051127144938508534
bfo-c98ff20768b3d204c55911c8c4a8b4449883f0fecda03c7fd303cd97509f8d61,470,32.59770823964397,69.2402055227781,25.988574172576765,32.59770823964397,0.0002508442896738639,0.0049063925884129675,0.05112601267706597
bfo-c98ff20768b3d204c55911c8c4a8b4449883f0fecda03c7fd303cd97509f8d61,471,32.59770661623641,69.2266753863426,25.988398919199245,32.59770661623641,0.00025088473452321774,0.004906937373385257,0.05112857887365584
bfo-c98ff20768b3d204c55911c8c4a8b4449883f0fecda03c7fd303cd97509f8d61,472,32.59773996274214,69.26558859061979,25.988926303745583,32.59773996274214,0.0002507860236028257,0.0049053141857655766,0.051125374258506405
bfo-c98ff20768b3d204c55911c8c4a8b4449883f0fecda03c7fd303cd97509f8d61,473,32.59770556356951,69.23531072234925,25.98850888495556,32.59770556356951,0.0002508590083353378,0.0049065861273029305,0.051126995802523674
bfo-c98ff20768b3d204c55911c8c4a8b4449883f0fecda03c7fd303cd97509f8d61,474,32.597844222922326,69.30244999088146,25.989471444451613,32.597844222922326,0.00025068745108210334,0.004903659045096861,0.05112252886602388
bfo-c98ff20768b3d204c55911c8c4a8b4449883f0fecda03c7fd303cd97509f8d61,475,32.59771596332205,69.245085014247,25.988643841360048,32.59771596332205,0.00025083591911153713,0.0049061513946293996,0.05112681997259988
bfo-c98ff20768b3d204c55911c8c4a8b4449883f0fecda03c7fd303cd97509f8d61,476,32.59772152355727,69.19116604813692,25.98794080492017,32.59772152355727,0.00025096579388952657,0.0049084016983475445,0.05112984008094047
bfo-c98ff20768b3d204c55911c8c4a8b4449883f0fecda03c7fd303cd97509f8d61,477,32.59770812986464,69.23932818704378,25.988562318961357,32.59770812986464,0.00025085024819344285,0.004906422337241092,0.05112691712032627
bfo-c98ff20768b3d204c55911c8c4a8b4449883f0fecda03c7fd303cd97509f8d61,478,32.59771651578092,69.23746140275688,25.98854548804001,32.59771651578092,0.0002508634139876373,0.004906481090101162,0.051128988246536784
bfo-c98ff20768b3d204c55911c8c4a8b4449883f0fecda03c7fd303cd97509f8d61,479,32.59770875795889,69.24092334646801,25.988585664979105,32.59770875795889,0.00025084348613153503,0.004906347736644084,0.051126316273520114
bfo-c98ff20768b3d204c55911c8c4a8b4449883f0fecda03c7fd303cd97509f8d61,480,32.59772241071015,69.19031449864764,25.987929904256237,32.59772241071015,0.00025096745780744825,0.004908437200574959,0.05112980925538799
bfo-c98ff20768b3d204c55911c8c4a8b4449883f0fecda03c7fd303cd97509f8d61,481,32.5977053953961,69.236368353102,25.988521807265816,32.5977053953961,0.00025085847843663543,0.00490654195689285,0.051127348067251784
bfo-c98ff20768b3d204c55911c8c4a8b4449883f0fecda03c7fd303cd97509f8d61,482,32.59770886710382,69.19796674495413,25.988023250335097,32.59770886710382,0.0002509461990517625,0.004908154064522685,0.051128427460266954
bfo-c98ff20768b3d204c55911c8c4a8b4449883f0fecda03c7fd303cd97509f8d61,483,32.59771536891208,69.24581234468278,25.98865061987136,32.59771536891208,0.0002508334168310173,0.004906155227409116,0.05112627000256564
bfo-c98ff20768b3d204c55911c8c4a8b4449883f0fecda03c7fd303cd97509f8d61,484,32.597713096480156,69.24389209209495,25.988629046000085,32.597713096480156,0.0002508474171625749,0.004906186510977405,0.05112879761120238
bfo-c98ff20768b3d204c55911c8c4a8b4449883f0fecda03c7fd303cd97509f8d61,485,32.5976997777465,69.23332611775783,25.988475913418405,32.5976997777465,0.00025086142441445823,0.0049066696725890615,0.051126617676320624
bfo-c98ff20768b3d204c55911c8c4a8b4449883f0fecda03c7fd303cd97509f8d61,486,32.59769883634975,69.21177810465021,25.9881858793548,32.59769883634975,0.00025091932715723175,0.004907647386069875,0.051128230579371776
bfo-c98ff20768b3d204c55911c8c4a8b4449883f0fecda03c7fd303cd97509f8d61,487,32.59770458614848,69.25419196770628,25.98875376032887,32.59770458614848,0.00025080885070333936,0.004905782037793315,0.05112515166208983
bfo-c98ff20768b3d204c55911c8c4a8b4449883f0fecda03c7fd303cd97509f8d61,488,32.59770032792396,69.22057129653464,25.98830577417994,32.59770032792396,0.00025090412277998126,0.00490727190551526,0.051129044326643336
bfo-c98ff20768b3d204c55911c8c4a8b4449883f0fecda03c7fd303cd97509f8d61,489,32.597733724678655,69.18433620707036,25.987851498468657,32.597733724678655,0.0002509881255742026,0.004908734103576803,0.051130927094078564
bfo-c98ff20768b3d204c55911c8c4a8b4449883f0fecda03c7fd303cd97509f8d61,490,32.59769690815363,69.21564942503905,25.98823357095556,32.59769690815363,0.00025090923940793256,0.004907491801984219,0.0511277959356924
bfo-c98ff20768b3d204c55911c8c4a8b4449883f0fecda03c7fd303cd97509f8d61,491,32.597752807734985,69.17416128594772,25.98772663165187,32.597752807734985,0.00025100913371686767,0.004909166920694148,0.05113069850176848
bfo-c98ff20768b3d204c55911c8c4a8b4449883f0fecda03c7fd303cd97509f8d61,492,32.59769353026832,69.22100059302254,25.988301637895326,32.59769353026832,0.0002508966520002578,0.00490726419750027,0.051127602244864456
bfo-c98ff20768b3d204c55911c8c4a8b4449883f0fecda03c7fd303cd97509f8d61,493,32.597725342232394,69.24920587439132,25.988692883407722,32.597725342232394,0.00025083144088843917,0.004906052736049128,0.051126935315097155
bfo-c98ff20768b3d204c55911c8c4a8b4449883f0fecda03c7fd303cd97509f8d61,494,32.597689545028764,69.22999394838699,25.988417812879895,32.597689545028764,0.0002508735881843257,0.004906897379134579,0.05112672403769974
bfo-c98ff20768b3d204c55911c8c4a8b4449883f0fecda03c7fd303cd97509f8d61,495,32.59770471109795,69.24823610837974,25.98866850871773,32.59770471109795,0.0002508155186517113,0.004906078045564777,0.051123426150640854
bfo-c98ff20768b3d204c55911c8c4a8b4449883f0fecda03c7fd303cd97509f8d61,496,32.59769237805047,69.21406094985326,25.98821441583578,32.59769237805047,0.00025090905536183237,0.00490754316371814,0.05112722333586857
bfo-c98ff20768b3d204c55911c8c4a8b4449883f0fecda03c7fd303cd97509f8d61,497,32.59767558067895,69.21760058068577,25.988234979567,32.59767558067895,0.00025090476694474267,0.004907472318386533,0.05112708756495534
bfo-c98ff20768b3d204c55911c8c4a8b4449883f0fecda03c7fd303cd97509f8d61,498,32.59767125209042,69.20523842690577,25.98806405947365,32.59767125209042,0.00025094134220452846,0.0049080505584888105,0.051128516141812796
bfo-c98ff20768b3d204c55911c8c4a8b4449883f0fecda03c7fd303cd97509f8d61,499,32.59766777440542,69.20328828658978,25.988034622162978,32.59766777440542,0.00025093836342851875,0.004908140874875575,0.051126968403261294
bfo-c98ff20768b3d204c55911c8c4a8b4449883f0fecda03c7fd303cd97509f8d61,500,32.59766102000817,69.23439892872253,25.988445318775433,32.59766102000817,0.00025086659350238616,0.004906791010776447,0.05112640684133992
bfo-c98ff20768b3d204c55911c8c4a8b4449883f0fecda03c7fd303cd97509f8d61,501,1000000.0,69.24162917603182,25.98854612584441,32.59766771557907,0.0002508565537981922,0.004906521329244547,0.05112717075191363
bfo-c98ff20768b3d204c55911c8c4a8b4449883f0fecda03c7fd303cd97509f8d61,502,32.59765830792242,69.22817601402716,25.988362434402703,32.59765830792242,0.0002508855703445741,0.004907053405783494,0.05112754021565737
bfo-c98ff20768b3d204c55911c8c4a8b4449883f0fecda03c7fd303cd97509f8d61,503,1000000.0,69.2253207039285,25.98832567935365,32.5976542792419,0.0002508870585027264,0.004907119731343555,0.05112715243123572
bfo-c98ff20768b3d204c55911c8c4a8b4449883f0fecda03c7fd303cd97509f8d61,504,32.597659746027134,69.22123423043942,25.988276622460788,32.597659746027134,0.00025090295558928696,0.004907320426468366,0.05112830094322034
bfo-c98ff20768b3d204c55911c8c4a8b4449883f0fecda03c7fd303cd97509f8d61,505,32.59766261996868,69.23735853037849,25.988484208545856,32.59766261996868,0.0002508626734854044,0.004906687375224368,0.05112668778371746
bfo-c98ff20768b3d204c55911c8c4a8b4449883f0fecda03c7fd303cd97509f8d61,506,1000000.0000044778,69.23363339130702,25.988433564364602,32.59765391848013,0.0002508718966786583,0.004906799442018815,0.0511273997731282
bfo-c98ff20768b3d204c55911c8c4a8b4449883f0fecda03c7fd303cd97509f8d61,507,32.597688773422774,69.1930840639865,25.98791670222092,32.597688773422774,0.00025096397693357694,0.004908505532759114,0.0511283883166997
bfo-c98ff20768b3d204c55911c8c4a8b4449883f0fecda03c7fd303cd97509f8d61,508,1000000.0000041814,69.25607661627096,25.98875089609747,32.59769201090074,0.0002508150179914552,0.004905860346979023,0.051125592709932
bfo-c98ff20768b3d204c55911c8c4a8b4449883f0fecda03c7fd303cd97509f8d61,509,1000000.0,69.21333503603415,25.98815379408827,32.59764751888681,0.0002509146308573763,0.004907685943467557,0.051126871961185635
bfo-c98ff20768b3d204c55911c8c4a8b4449883f0fecda03c7fd303cd97509f8d61,510,32.597654849032274,69.2323994641099,25.98841086404879,32.597654849032274,0.00025087607234852287,0.004906902953155103,0.051127172219130886
bfo-c98ff20768b3d204c55911c8c4a8b4449883f0fecda03c7fd303cd97509f8d61,511,32.597657995072346,69.22667643101096,25.988322544601534,32.597657995072346,0.0002508938089810058,0.00490728851508267,0.0511267695408325
bfo-c98ff20768b3d204c55911c8c4a8b4449883f0fecda03c7fd303cd97509f8d61,512,32.597653514842,69.22666035357581,25.988336788083675,32.597653514842,0.000250894424794657,0.004907136244170453,0.05112848152376305
bfo-c98ff20768b3d204c55911c8c4a8b4449883f0fecda03c7fd303cd97509f8d61,513,32.59765180258906,69.22761108350147,25.988346363269805,32.59765180258906,0.00025088463221432944,0.004907091522620253,0.051126951893565635
bfo-c98ff20768b3d204c55911c8c4a8b4449883f0fecda03c7fd303cd97509f8d61,514,32.597669228538,69.19835903127228,25.987972490927376,32.597669228538,0.0002509658413804372,0.004908342613680603,0.0511304652370724
bfo-c98ff20768b3d204c55911c8c4a8b4449883f0fecda03c7fd303cd97509f8d61,515,32.59764204098119,69.21555597893146,25.98818198511287,32.59764204098119,0.00025091327555053976,0.004907588652251004,0.051127609367881986
bfo-c98ff20768b3d204c55911c8c4a8b4449883f0fecda03c7fd303cd97509f8d61,516,32.597698686063566,69.26200283625305,25.98882741612787,32.597698686063566,0.0002508004591370954,0.004905649073574279,0.05112482678145605
bfo-c98ff20768b3d204c55911c8c4a8b4449883f0fecda03c7fd303cd97509f8d61,517,32.59764463545722,69.22375418297867,25.988294726244625,32.59764463545722,0.0002508887311930937,0.004907222472718771,0.051126422856898245
bfo-c98ff20768b3d204c55911c8c4a8b4449883f0fecda03c7fd303cd97509f8d61,518,32.59764298293477,69.22594442562581,25.98832269658779,32.59764298293477,0.00025089424770421786,0.0049071555645054665,0.05112824413372811
bfo-c98ff20768b3d204c55911c8c4a8b4449883f0fecda03c7fd303cd97509f8d61,519,32.59766766851811,69.18682060445886,25.98781686755733,32.59766766851811,0.0002509814508204873,0.004908806591396885,0.05112881229836073
bfo-c98ff20768b3d204c55911c8c4a8b4449883f0fecda03c7fd303cd97509f8d61,520,32.59764737458788,69.22331731475896,25.98829407750408,32.59764737458788,0.00025089501139410647,0.004907219195423108,0.05112773678993443
bfo-c98ff20768b3d204c55911c8c4a8b4449883f0fecda03c7fd303cd97509f8d61,521,32.5976422495081,69.20572381051423,25.988048508471298,32.5976422495081,0.00025093312057648045,0.004908012909385092,0.05112723320198418
bfo-c98ff20768b3d204c55911c8c4a8b4449883f0fecda03c7fd303cd97509f8d61,522,32.59762265169556,69.23731690114457,25.988455157829215,32.59762265169556,0.0002508543822702571,0.0049066489438025175,0.05112539844267968
bfo-c98ff20768b3d204c55911c8c4a8b4449883f0fecda03c7fd303cd97509f8d61,523,32.597663322951746,69.27701592973537,25.988997305723068,32.597663322951746,0.00025075525210633404,0.004904955236487301,0.05112284210893496
bfo-c98ff20768b3d204c55911c8c4a8b4449883f0fecda03c7fd303cd97509f8d61,524,32.597632762951136,69.24946465734985,25.988620519368485,32.597632762951136,0.0002508226271722833,0.004906121284024563,0.051124424499862715
bfo-c98ff20768b3d204c55911c8c4a8b4449883f0fecda03c7fd303cd97509f8d61,525,32.59761383767357,69.23127699144572,25.98836074214216,32.59761383767357,0.0002508751180490879,0.00490692425350093,0.051126755802292374
bfo-c98ff20768b3d204c55911c8c4a8b4449883f0fecda03c7fd303cd97509f8d61,526,32.59761538762841,69.23981776266368,25.98847254530434,32.59761538762841,0.00025084490010601686,0.004906571378619009,0.05112427411106348
bfo-c98ff20768b3d204c55911c8c4a8b4449883f0fecda03c7fd303cd97509f8d61,527,32.5976174573903,69.23345278288352,25.988392361109316,32.5976174573903,0.0002508714636692435,0.004906847399600753,0.05112681182823328
bfo-c98ff20768b3d204c55911c8c4a8b4449883f0fecda03c7fd303cd97509f8d61,528,32.59764911913617,69.18057168659826,25.987713253303333,32.59764911913617,0.00025099607688871785,0.004909014734977551,0.05112962385309802
bfo-c98ff20768b3d204c55911c8c4a8b4449883f0fecda03c7fd303cd97509f8d61,529,1000000.0000046245,69.24163919685944,25.98849636131347,32.597617223639816,0.0002508462779688122,0.004906483310462934,0.051125472583161496
bfo-c98ff20768b3d204c55911c8c4a8b4449883f0fecda03c7fd303cd97509f8d61,530,32.5976216688633,69.2105849011769,25.988098172292688,32.5976216688633,0.0002509323653184252,0.004907796519768733,0.051129333562967214
bfo-c98ff20768b3d204c55911c8c4a8b4449883f0fecda03c7fd303cd97509f8d61,531,1000000.0000011565,69.24792599986617,25.988588421624613,32.59762941686959,0.00025083627344305297,0.0049062160650739,0.05112621827413847
bfo-c98ff20768b3d204c55911c8c4a8b4449883f0fecda03c7fd303cd97509f8d61,532,32.597620988626275,69.19806373675942,25.987928089130456,32.597620988626275,0.00025095150177713017,0.004908315343325585,0.05112782782352779
bfo-c98ff20768b3d204c55911c8c4a8b4449883f0fecda03c7fd303cd97509f8d61,533,1000000.0000049305,69.21954112934075,25.988206207490798,32.59761190051982,0.0002509046164619058,0.00490741385674234,0.0511276659736341
bfo-c98ff20768b3d204c55911c8c4a8b4449883f0fecda03c7fd303cd97509f8d61,534,32.597636767106955,69.25479079958245,25.988681108385734,32.597636767106955,0.0002508154977144567,0.004905932427166979,0.051124939333763865
bfo-c98ff20768b3d204c55911c8c4a8b4449883f0fecda03c7fd303cd97509f8d61,535,1000000.0000033817,69.22848358530126,25.988320774072726,32.59760915602989,0.00025087809409746745,0.004907045407389378,0.051126099978548674
bfo-c98ff20768b3d204c55911c8c4a8b4449883f0fecda03c7fd303cd97509f8d61,536,32.59762424707609,69.23686609580487,25.988441302802755,32.59762424707609,0.00025086915453138056,0.004906681283304438,0.05112807212178066
bfo-c98ff20768b3d204c55911c8c4a8b4449883f0fecda03c7fd303cd97509f8d61,537,32.597613428424694,69.23359912734107,25.98839009590477,32.597613428424694,0.0002508671821082832,0.004906833559290685,0.05112608346645198
bfo-c98ff20768b3d204c55911c8c4a8b4449883f0fecda03c7fd303cd97509f8d61,538,32.59761076414534,69.22086050543172,25.988224423885235,32.59761076414534,0.00025090212749587356,0.004907311472448534,0.05112822548650745
bfo-c98ff20768b3d204c55911c8c4a8b4449883f0fecda03c7fd303cd97509f8d61,539,32.59767574026278,69.17160929706104,25.98761414551774,32.59767574026278,0.0002510248868971974,0.004909339297407906,0.05113211201958208
bfo-c98ff20768b3d204c55911c8c4a8b4449883f0fecda03c7fd303cd97509f8d61,540,32.597610879351556,69.21898787103962,25.988198262752363,32.597610879351556,0.00025090208799604963,0.004907410883502286,0.051127181716031
bfo-c98ff20768b3d204c55911c8c4a8b4449883f0fecda03c7fd303cd97509f8d61,541,1000000.0,69.28426632336648,25.989110766389107,32.59770541044846,0.0002507459988528934,0.004904622957620128,0.051124418945052395
bfo-c98ff20768b3d204c55911c8c4a8b4449883f0fecda03c7fd303cd97509f8d61,542,1000000.000003143,69.21806194837883,25.988184043761812,32.59760699448367,0.000250903081952937,0.0049074161768086905,0.051127329110305895
bfo-c98ff20768b3d204c55911c8c4a8b4449883f0fecda03c7fd303cd97509f8d61,543,32.59765158260032,69.17920068748964,25.98769913260865,32.59765158260032,0.0002510114931682949,0.004909073501571287,0.05113215214397414
bfo-c98ff20768b3d204c55911c8c4a8b4449883f0fecda03c7fd303cd97509f8d61,544,32.59761878554197,69.24011474527785,25.988480127356013,32.59761878554197,0.00025085672613635844,0.0049065005525934955,0.0511274223751508
bfo-c98ff20768b3d204c55911c8c4a8b4449883f0fecda03c7fd303cd97509f8d61,545,32.597635478527984,69.2520680455062,25.988646831729554,32.597635478527984,0.0002508273731264749,0.004905994164417121,0.05112671656760431
bfo-c98ff20768b3d204c55911c8c4a8b4449883f0fecda03c7fd303cd97509f8d61,546,32.5976127906426,69.21618348582751,25.988162355281872,32.5976127906426,0.00025091530017557113,0.00490752388213078,0.05112869671183895
bfo-c98ff20768b3d204c55911c8c4a8b4449883f0fecda03c7fd303cd97509f8d61,547,32.59762310669076,69.24338200792153,25.988534541018698,32.59762310669076,0.00025084801010352557,0.00490632506279542,0.05112747461551249
bfo-c98ff20768b3d204c55911c8c4a8b4449883f0fecda03c7fd303cd97509f8d61,548,32.59760994228096,69.22125749805363,25.98822968627345,32.59760994228096,0.000250900867731026,0.004907285360067825,0.05112824083406436
bfo-c98ff20768b3d204c55911c8c4a8b4449883f0fecda03c7fd303cd97509f8d61,549,32.59763665386562,69.25567837695954,25.98869544005236,32.59763665386562,0.00025081804336267373,0.004905815134414549,0.05112668058018984
bfo-c98ff20768b3d204c55911c8c4a8b4449883f0fecda03c7fd303cd97509f8d61,550,32.59761681241321,69.2121000112567,25.9881151316257,32.59761681241321,0.00025092611786111025,0.0049076574773234466,0.05112950914373126
bfo-c98ff20768b3d204c55911c8c4a8b4449883f0fecda03c7fd303cd97509f8d61,551,32.59761584770208,69.23183809643663,25.98836885019732,32.59761584770208,0.00025087698654547636,0.0049068784682237375,0.05112761364890548
bfo-c98ff20768b3d204c55911c8c4a8b4449883f0fecda03c7fd303cd97509f8d61,552,32.5976093296657,69.21969207587928,25.98820674392178,32.5976093296657,0.00025090617975851066,0.004907357678903501,0.0511285698283507
bfo-c98ff20768b3d204c55911c8c4a8b4449883f0fecda03c7fd303cd97509f8d61,553,32.59764347499232,69.17578229998793,25.987642818163746,32.59764347499232,0.00025100423829509284,0.004909171505266315,0.05112965355270802
bfo-c98ff20768b3d204c55911c8c4a8b4449883f0fecda03c7fd303cd97509f8d61,554,32.59760526774247,69.22343776081792,25.988251615415702,32.59760526774247,0.00025089646645911495,0.004907210114141164,0.05112812792264666
bfo-c98ff20768b3d204c55911c8c4a8b4449883f0fecda03c7fd303cd97509f8d61,555,32.59763414700242,69.24378681698315,25.988546960502443,32.59763414700242,0.0002508519689827182,0.0049062965125053525,0.051128579029689154
bfo-c98ff20768b3d204c55911c8c4a8b4449883f0fecda03c7fd303cd97509f8d61,556,32.59759810323166,69.2246538980108,25.98826376853909,32.59759810323166,0.0002508908338539161,0.004907162322271175,0.05112747803659299
bfo-c98ff20768b3d204c55911c8c4a8b4449883f0fecda03c7fd303cd97509f8d61,557,32.59766146372082,69.27626425711492,25.98897308469512,32.59766146372082,0.00025076296843531124,0.004905007227537275,0.051123873381368146
bfo-c98ff20768b3d204c55911c8c4a8b4449883f0fecda03c7fd303cd97509f8d61,558,32.597603036926756,69.21108776507927,25.988083777544077,32.597603036926756,0.0002509218353008125,0.004907755224382994,0.05112761819378605
bfo-c98ff20768b3d204c55911c8c4a8b4449883f0fecda03c7fd303cd97509f8d61,559,32.59761376406292,69.19769601078175,25.98791784203643,32.59761376406292,0.0002509468735157108,0.004908250060034926,0.051127564905265876
bfo-c98ff20768b3d204c55911c8c4a8b4449883f0fecda03c7fd303cd97509f8d61,560,32.59759934251293,69.21012784266233,25.98807041917472,32.59759934251293,0.00025092972134470304,0.004907812047447925,0.05112863306882079
bfo-c98ff20768b3d204c55911c8c4a8b4449883f0fecda03c7fd303cd97509f8d61,561,32.597604783859005,69.23379384383318,25.988395807241986,32.597604783859005,0.0002508561018815144,0.004906732505867744,0.05112487823241366
bfo-c98ff20768b3d204c55911c8c4a8b4449883f0fecda03c7fd303cd97509f8d61,562,32.59759476982137,69.22490615868821,25.988264267271436,32.59759476982137,0.0002508864455443001,0.004907157469614428,0.05112663432910237
bfo-c98ff20768b3d204c55911c8c4a8b4449883f0fecda03c7fd303cd97509f8d61,563,32.59759519754776,69.25509394584613,25.98865872474449,32.59759519754776,0.0002508106877789936,0.004905891703373217,0.0511243832811352
bfo-c98ff20768b3d204c55911c8c4a8b4449883f0fecda03c7fd303cd97509f8d61,564,32.597599121551006,69.23671716573482,25.988424156148152,32.597599121551006,0.00025085921235394875,0.004906642776468669,0.051126447100861325
bfo-c98ff20768b3d204c55911c8c4a8b4449883f0fecda03c7fd303cd97509f8d61,565,32.59761257666616,69.19710037280356,25.987900518691493,32.59761257666616,0.0002509471079792221,0.004908378580812644,0.05112627395127998
bfo-c98ff20768b3d204c55911c8c4a8b4449883f0fecda03c7fd303cd97509f8d61,566,32.59759485333513,69.22794881388127,25.988303636814507,32.59759485333513,0.00025087902629489825,0.004907039547422456,0.05112635100458456
bfo-c98ff20768b3d204c55911c8c4a8b4449883f0fecda03c7fd303cd97509f8d61,567,32.59763371710468,69.18210840463462,25.987724231991763,32.59763371710468,0.00025099056585715706,0.004908928136814287,0.05112940317354914
bfo-c98ff20768b3d204c55911c8c4a8b4449883f0fecda03c7fd303cd97509f8d61,568,32.5975922604532,69.22451883699958,25.98826518792605,32.5975922604532,0.00025088566436341927,0.004907101264855514,0.051127060727328685
bfo-c98ff20768b3d204c55911c8c4a8b4449883f0fecda03c7fd303cd97509f8d61,569,32.59763955514355,69.17573985624455,25.987647650318966,32.59763955514355,0.0002510012278138454,0.004909116729283275,0.051129610815037856
bfo-c98ff20768b3d204c55911c8c4a8b4449883f0fecda03c7fd303cd97509f8d61,570,32.597592067533895,69.21807844333827,25.988181410135702,32.597592067533895,0.00025090519214698387,0.004907366446769332,0.051128277227424565
bfo-c98ff20768b3d204c55911c8c4a8b4449883f0fecda03c7fd303cd97509f8d61,571,32.597588165381985,69.22735837669639,25.98830677501985,32.597588165381985,0.0002508815092703152,0.004906924133841672,0.051128059539387656
bfo-c98ff20768b3d204c55911c8c4a8b4449883f0fecda03c7fd303cd97509f8d61,572,32.59772650560448,69.30229177167088,25.989369235550747,32.59772650560448,0.00025069282057477377,0.004903713927755982,0.051123051684520845
bfo-c98ff20768b3d204c55911c8c4a8b4449883f0fecda03c7fd303cd97509f8d61,573,32.597587657238776,69.2353101736794,25.98840412031859,32.597587657238776,0.00025086329854769507,0.004906628253586703,0.05112743121802964
bfo-c98ff20768b3d204c55911c8c4a8b4449883f0fecda03c7fd303cd97509f8d61,574,32.59759395902646,69.23423062003562,25.988393836164402,32.59759395902646,0.00025087050285652366,0.004906676522917864,0.05112839651947097
bfo-c98ff20768b3d204c55911c8c4a8b4449883f0fecda03c7fd303cd97509f8d61,575,32.59758590873525,69.2283895199198,25.988314385333656,32.59758590873525,0.00025088466709034004,0.004906911558364105,0.05112883411617499
bfo-c98ff20768b3d204c55911c8c4a8b4449883f0fecda03c7fd303cd97509f8d61,576,32.59762276105238,69.1837628641824,25.987749021134523,32.59762276105238,0.0002509931242103828,0.00490876005480207,0.05113167508867029
bfo-c98ff20768b3d204c55911c8c4a8b4449883f0fecda03c7fd303cd97509f8d61,577,32.59758951919556,69.2374563914093,25.98843588408553,32.59758951919556,0.0002508584267730134,0.004906511363859672,0.05112765632640406
bfo-c98ff20768b3d204c55911c8c4a8b4449883f0fecda03c7fd303cd97509f8d61,578,32.59763439769515,69.17491673124363,25.987636657657927,32.59763439769515,0.00025101418351483476,0.0049091219035486714,0.05113219603151093
bfo-c98ff20768b3d204c55911c8c4a8b4449883f0fecda03c7fd303cd97509f8d61,579,32.59758414140137,69.22607657919238,25.98828190424744,32.59758414140137,0.0002508868421400894,0.004907009129756394,0.051128260719691086
bfo-c98ff20768b3d204c55911c8c4a8b4449883f0fecda03c7fd303cd97509f8d61,580,32.5976287484343,69.17553148272953,25.98764205707706,32.5976287484343,0.0002510162150628739,0.004909135294456159,0.05113247038563882
bfo-c98ff20768b3d204c55911c8c4a8b4449883f0fecda03c7fd303cd97509f8d61,581,32.597583820267054,69.22806461022597,25.988305112603314,32.597583820267054,0.00025088122202816614,0.004906944598246511,0.05112778777201156
bfo-c98ff20768b3d204c55911c8c4a8b4449883f0fecda03c7fd303cd97509f8d61,582,32.5975980766998,69.22991833589668,25.988333790307045,32.5975980766998,0.0002508812199923046,0.0049069044962812254,0.05112820520196365
bfo-c98ff20768b3d204c55911c8c4a8b4449883f0fecda03c7fd303cd97509f8d61,583,32.59758266540583,69.22902748085072,25.988316498607464,32.59758266540583,0.00025087383184916185,0.004906892363926884,0.05112682595067008
bfo-c98ff20768b3d204c55911c8c4a8b4449883f0fecda03c7fd303cd97509f8d61,584,32.59772745662668,69.3040346376026,25.98938363779557,32.59772745662668,0.00025068482663902247,0.004903673411248901,0.05112184389440738
bfo-c98ff20768b3d204c55911c8c4a8b4449883f0fecda03c7fd303cd97509f8d61,585,32.59757399665695,69.23612768546398,25.98840194265349,32.59757399665695,0.00025085561090961437,0.0049065928020953845,0.05112623383022232
bfo-c98ff20768b3d204c55911c8c4a8b4449883f0fecda03c7fd303cd97509f8d61,586,32.59757386511606,69.22201395821084,25.988216153374903,32.59757386511606,0.0002508866035608762,0.0049072001340932005,0.05112622202176342
bfo-c98ff20768b3d204c55911c8c4a8b4449883f0fecda03c7fd303cd97509f8d61,587,32.597574536643315,69.21124904125662,25.98807970501311,32.597574536643315,0.00025090659345616183,0.004907636927621527,0.051125744865923285
bfo-c98ff20768b3d204c55911c8c4a8b4449883f0fecda03c7fd303cd97509f8d61,588,32.597574933136556,69.21260100091084,25.988088388043007,32.597574933136556,0.00025091009062042265,0.004907607667275254,0.051126762290623386
bfo-c98ff20768b3d204c55911c8c4a8b4449883f0fecda03c7fd303cd97509f8d61,589,32.59757054345465,69.22045220765207,25.988194022403317,32.59757054345465,0.0002508753880962115,0.004907239453973869,0.05112352687274172
bfo-c98ff20768b3d204c55911c8c4a8b4449883f0fecda03c7fd303cd97509f8d61,590,32.59768370137642,69.29602569341691,25.989250928718885,32.59768370137642,0.0002506806378477797,0.004904006227002384,0.05111752029748348
bfo-c98ff20768b3d204c55911c8c4a8b4449883f0fecda03c7fd303cd97509f8d61,591,32.597575719205444,69.20748369816782,25.988026219847033,32.597575719205444,0.00025090814281032524,0.004907791016648914,0.05112445537292819
bfo-c98ff20768b3d204c55911c8c4a8b4449883f0fecda03c7fd303cd97509f8d61,592,32.59756561271947,69.22537198867832,25.98825124196922,32.59756561271947,0.00025086181890282853,0.004907060072691189,0.051122630492935424
bfo-c98ff20768b3d204c55911c8c4a8b4449883f0fecda03c7fd303cd97509f8d61,593,32.5976067603253,69.17859019537451,25.98765829430148,32.5976067603253,0.0002509763711071129,0.004908991978719357,0.051125846649394374
bfo-c98ff20768b3d204c55911c8c4a8b4449883f0fecda03c7fd303cd97509f8d61,594,32.597561265866666,69.21602323824126,25.988124707814166,32.597561265866666,0.0002508799114094145,0.004907459417310442,0.051122157123595836
bfo-c98ff20768b3d204c55911c8c4a8b4449883f0fecda03c7fd303cd97509f8d61,595,32.59759526015456,69.17603901141099,25.987611885678994,32.59759526015456,0.0002509696983961418,0.004909102955789378,0.051123331626233164
bfo-c98ff20768b3d204c55911c8c4a8b4449883f0fecda03c7fd303cd97509f8d61,596,32.59755766864578,69.2273388659499,25.98826916948202,32.59755766864578,0.0002508487013958246,0.004906987312085157,0.051120715306930326
bfo-c98ff20768b3d204c55911c8c4a8b4449883f0fecda03c7fd303cd97509f8d61,597,32.597715053325885,69.30822869447647,25.98942015999852,32.597715053325885,0.0002506390705289104,0.004903515014876604,0.05111416397594485
bfo-c98ff20768b3d204c55911c8c4a8b4449883f0fecda03c7fd303cd97509f8d61,598,32.59757422963821,69.24640477057818,25.988530189135954,32.59757422963821,0.00025080403211565186,0.0049061777915180875,0.051120045537128234
bfo-c98ff20768b3d204c55911c8c4a8b4449883f0fecda03c7fd303cd97509f8d61,599,32.59757735043055,69.23765261421511,25.988425144762306,32.59757735043055,0.00025082751754927694,0.0049064976003941815,0.05112150009593927
bfo-c98ff20768b3d204c55911c8c4a8b4449883f0fecda03c7fd303cd97509f8d61,600,32.59755932732793,69.22443614654722,25.988232582936654,32.59755932732793,0.000250859926646455,0.004907110520450107,0.05112171930935943
bfo-c98ff20768b3d204c55911c8c4a8b4449883f0fecda03c7fd303cd97509f8d61,601,32.59757692416899,69.25093831894281,25.988589316092554,32.59757692416899,0.00025079077757847543,0.0049059799403526685,0.05111940542513658
bfo-c98ff20768b3d204c55911c8c4a8b4449883f0fecda03c7fd303cd97509f8d61,602,32.59755487120227,69.22448221334656,25.98822883193875,32.59755487120227,0.00025085345837423884,0.004907102202464673,0.051120487820335916
bfo-c98ff20768b3d204c55911c8c4a8b4449883f0fecda03c7fd303cd97509f8d61,603,32.59760687400958,69.17712112955249,25.98763725541655,32.59760687400958,0.00025097048155424027,0.0049090577578176494,0.051123961854914225
bfo-c98ff20768b3d204c55911c8c4a8b4449883f0fecda03c7fd303cd97509f8d61,604,32.59755731322837,69.21054459118007,25.988042965124468,32.59755731322837,0.00025088752036680806,0.004907710344534231,0.05112109369825058
bfo-c98ff20768b3d204c55911c8c4a8b4449883f0fecda03c7fd303cd97509f8d61,605,32.59759938358589,69.1753771463614,25.987610617226693,32.59759938358589,0.0002509769981145408,0.00490914497659477,0.0511243809891781
bfo-c98ff20768b3d204c55911c8c4a8b4449883f0fecda03c7fd303cd97509f8d61,606,32.59755549598973,69.22975986681278,25.988297657490058,32.59755549598973,0.0002508387811802641,0.004906903170269101,0.051119570221009235
bfo-c98ff20768b3d204c55911c8c4a8b4449883f0fecda03c7fd303cd97509f8d61,607,32.59758254410393,69.25892204062364,25.98869624334406,32.59758254410393,0.0002507677061857828,0.004905614764736482,0.0511185077125096
bfo-c98ff20768b3d204c55911c8c4a8b4449883f0fecda03c7fd303cd97509f8d61,608,32.597553639680214,69.22006318268225,25.98817120335849,32.597553639680214,0.00025086403718414227,0.004907272213542339,0.05112087250669447
bfo-c98ff20768b3d204c55911c8c4a8b4449883f0fecda03c7fd303cd97509f8d61,609,32.597587698436215,69.26168019667908,25.988735768476506,32.597587698436215,0.0002507650757151131,0.004905489710068621,0.05111927463641653
bfo-c98ff20768b3d204c55911c8c4a8b4449883f0fecda03c7fd303cd97509f8d61,610,32.597552973946826,69.22102682071659,25.988184471401226,32.597552973946826,0.0002508587959658249,0.004907225512975345,0.05112029094699673
bfo-c98ff20768b3d204c55911c8c4a8b4449883f0fecda03c7fd303cd97509f8d61,611,32.59756765667078,69.23817484215203,25.98842283303585,32.59756765667078,0.00025082477840483096,0.004906480968279439,0.05112111511823268
bfo-c98ff20768b3d204c55911c8c4a8b4449883f0fecda03c7fd303cd97509f8d61,612,32.59755213908188,69.21759011550805,25.988139675114986,32.59755213908188,0.00025087002079451454,0.004907353921800676,0.05112124065069709
bfo-c98ff20768b3d204c55911c8c4a8b4449883f0fecda03c7fd303cd97509f8d61,613,32.597569104044204,69.21291125397538,25.98809518011583,32.597569104044204,0.0002508874764545277,0.004907501575379417,0.05112325948364687
bfo-c98ff20768b3d204c55911c8c4a8b4449883f0fecda03c7fd303cd97509f8d61,614,32.597558498050205,69.2184681234147,25.988156083050903,32.597558498050205,0.0002508707196911981,0.004907337501109571,0.051121554128786766
bfo-c98ff20768b3d204c55911c8c4a8b4449883f0fecda03c7fd303cd97509f8d61,615,32.59759543754535,69.18957654517844,25.987800592184797,32.59759543754535,0.00025093134007057264,0.004908486211722835,0.051121940501998066
bfo-c98ff20768b3d204c55911c8c4a8b4449883f0fecda03c7fd303cd97509f8d61,616,32.59755266378497,69.21026230438633,25.988038610296538,32.59755266378497,0.0002508933216565435,0.004907691013807462,0.051122477138571244
bfo-c98ff20768b3d204c55911c8c4a8b4449883f0fecda03c7fd303cd97509f8d61,617,1000000.0,69.28182191271054,25.98901879623164,32.597616759192874,0.0002507018911359259,0.004904628468050234,0.05111536842577372
bfo-c98ff20768b3d204c55911c8c4a8b4449883f0fecda03c7fd303cd97509f8d61,618,32.5975505608398,69.23001073501243,25.988306494722977,32.5975505608398,0.00025084402830394725,0.004906802449237666,0.05112168890005324
bfo-c98ff20768b3d204c55911c8c4a8b4449883f0fecda03c7fd303cd97509f8d61,619,32.59758320139131,69.18762602450239,25.987764756081056,32.59758320139131,0.00025094998067471205,0.004908606499025794,0.05112448527387922
bfo-c98ff20768b3d204c55911c8c4a8b4449883f0fecda03c7fd303cd97509f8d61,620,1000000.0000004303,69.24385501036872,25.988484873990405,32.597548179073684,0.00025080910889859143,0.0049062325190444515,0.051120510070615154
bfo-c98ff20768b3d204c55911c8c4a8b4449883f0fecda03c7fd303cd97509f8d61,621,32.59758261839926,69.20444760284506,25.987993504542015,32.59758261839926,0.00025091481648206135,0.00490786466432493,0.05112504798796736
bfo-c98ff20768b3d204c55911c8c4a8b4449883f0fecda03c7fd303cd97509f8d61,622,1000000.0000010685,69.23714133906107,25.988403188451027,32.59755253186395,0.00025082606426776456,0.004906490039131625,0.05112128268218333
bfo-c98ff20768b3d204c55911c8c4a8b4449883f0fecda03c7fd303cd97509f8d61,623,32.597560740169165,69.21772855076651,25.988146578393955,32.597560740169165,0.0002508662983800534,0.004907308983862956,0.051120950240751986
bfo-c98ff20768b3d204c55911c8c4a8b4449883f0fecda03c7fd303cd97509f8d61,624,32.59755180406536,69.21627303345264,25.988123270465202,32.59755180406536,0.0002508821110558669,0.004907418712132417,0.05112302939132155
bfo-c98ff20768b3d204c55911c8c4a8b4449883f0fecda03c7fd303cd97509f8d61,625,32.5975602846909,69.20907455846248,25.988036765281976,32.5975602846909,0.0002508929250106524,0.004907665985456566,0.05112265703374097
bfo-c98ff20768b3d204c55911c8c4a8b4449883f0fecda03c7fd303cd97509f8d61,626,1000000.0000007537,69.22296254749406,25.98821357733768,32.597548526612435,0.0002508591772315413,0.004907088686203396,0.05112179405618824
bfo-c98ff20768b3d204c55911c8c4a8b4449883f0fecda03c7fd303cd97509f8d61,627,32.59755416790718,69.23837045318302,25.988414348387646,32.59755416790718,0.0002508292328239235,0.004906491946639733,0.051121908596162426
bfo-c98ff20768b3d204c55911c8c4a8b4449883f0fecda03c7fd303cd97509f8d61,628,32.597552503780705,69.23188117782698,25.98832648905429,32.597552503780705,0.00025084062836391174,0.0049067810155507255,0.05112121930221457
bfo-c98ff20768b3d204c55911c8c4a8b4449883f0fecda03c7fd303cd97509f8d61,629,32.597560240812385,69.24139552317988,25.988462640334635,32.597560240812385,0.0002508167783241523,0.004906312460781414,0.05112124030604554
bfo-c98ff20768b3d204c55911c8c4a8b4449883f0fecda03c7fd303cd97509f8d61,630,32.59754864101408,69.22381707285311,25.988224952582996,32.59754864101408,0.00025086297388880513,0.004907058238513949,0.05112288497410953
bfo-c98ff20768b3d204c55911c8c4a8b4449883f0fecda03c7fd303cd97509f8d61,631,1000000.0,69.28202382035113,25.989022136272645,32.59761343464051,0.0002507100513618086,0.004904616782758315,0.05111715399318341
bfo-c98ff20768b3d204c55911c8c4a8b4449883f0fecda03c7fd303cd97509f8d61,632,32.597548333880596,69.23135727586518,25.98832596053214,32.597548333880596,0.0002508446950117797,0.004906713033726835,0.05112275637225388
bfo-c98ff20768b3d204c55911c8c4a8b4449883f0fecda03c7fd303cd97509f8d61,633,32.59755424396914,69.23525177915624,25.988376969714352,32.59755424396914,0.000250838873740858,0.004906550434698174,0.05112326410974482
bfo-c98ff20768b3d204c55911c8c4a8b4449883f0fecda03c7fd303cd97509f8d61,634,32.59754487173118,69.23130337866716,25.98832312221153,32.59754487173118,0.00025084272360997444,0.004906714152787021,0.051122342936462964
bfo-c98ff20768b3d204c55911c8c4a8b4449883f0fecda03c7fd303cd97509f8d61,635,32.59755974089762,69.19097107254291,25.98780037414305,32.59755974089762,0.00025093616324325826,0.004908373197774834,0.05112410021247322
bfo-c98ff20768b3d204c55911c8c4a8b4449883f0fecda03c7fd303cd97509f8d61,636,32.5975373376967,69.22465103783048,25.988232114175787,32.5975373376967,0.00025085804315256254,0.004906985580499048,0.05112263711340474
bfo-c98ff20768b3d204c55911c8c4a8b4449883f0fecda03c7fd303cd97509f8d61,637,32.59755815785152,69.19777050627299,25.987886507926973,32.59755815785152,0.00025093298938289103,0.004908157699267465,0.05112569822692176
bfo-c98ff20768b3d204c55911c8c4a8b4449883f0fecda03c7fd303cd97509f8d61,638,32.59753566215031,69.23280693375729,25.988331432980065,32.59753566215031,0.0002508392536041131,0.004906681948700033,0.05112197126829669
bfo-c98ff20768b3d204c55911c8c4a8b4449883f0fecda03c7fd303cd97509f8d61,639,1000000.0,69.28698984281634,25.989077445240856,32.59760679326991,0.000250695104063605,0.004904402411951293,0.05111634058671422
bfo-c98ff20768b3d204c55911c8c4a8b4449883f0fecda03c7fd303cd97509f8d61,640,32.59753488860521,69.23181347457361,25.98831826564054,32.59753488860521,0.000250840432801177,0.004906713211973851,0.051121885866296644
bfo-c98ff20768b3d204c55911c8c4a8b4449883f0fecda03c7fd303cd97509f8d61,641,1000000.0,69.2296656738929,25.98829797026949,32.597539413220545,0.0002508508882593986,0.004906771982695387,0.05112340437747451
bfo-c98ff20768b3d204c55911c8c4a8b4449883f0fecda03c7fd303cd97509f8d61,642,32.59753039500913,69.22625530433379,25.988241460454926,32.59753039500913,0.000250852470833515,0.0049069524396471225,0.051121846791642174
bfo-c98ff20768b3d204c55911c8c4a8b4449883f0fecda03c7fd303cd97509f8d61,643,32.59757339298349,69.1821866596444,25.98768761213383,32.59757339298349,0.0002509602597533847,0.004908772511472307,0.05112485028932686
bfo-c98ff20768b3d204c55911c8c4a8b4449883f0fecda03c7fd303cd97509f8d61,644,32.597533085812096,69.23319185513719,25.988331844803895,32.597533085812096,0.0002508374710298797,0.004906664234806401,0.05112179253076135
bfo-c98ff20768b3d204c55911c8c4a8b4449883f0fecda03c7fd303cd97509f8d61,645,32.597530924384614,69.23209027007252,25.988319466378453,32.597530924384614,0.00025083126595108724,0.004906691087859884,0.05112024813864745
bfo-c98ff20768b3d204c55911c8c4a8b4449883f0fecda03c7fd303cd97509f8d61,646,32.597529736865205,69.2167463517813,25.98811141054251,32.597529736865205,0.00025087606887928674,0.0049073648843332715,0.051122358901863375
bfo-c98ff20768b3d204c55911c8c4a8b4449883f0fecda03c7fd303cd97509f8d61,647,32.597523571756675,69.22855227335882,25.98825645679469,32.597523571756675,0.0002508422380006242,0.0049069147054134265,0.05112015452885068
bfo-c98ff20768b3d204c55911c8c4a8b4449883f0fecda03c7fd303cd97509f8d61,648,32.597591866195685,69.28631553618908,25.98904933207634,32.597591866195685,0.00025068870107637224,0.004904471604225465,0.05111431389681011
bfo-c98ff20768b3d204c55911c8c4a8b4449883f0fecda03c7fd303cd97509f8d61,649,32.59753020713648,69.23834244038937,25.988389099114272,32.59753020713648,0.0002508241411043436,0.004906509238278655,0.05112069068320759
bfo-c98ff20768b3d204c55911c8c4a8b4449883f0fecda03c7fd303cd97509f8d61,650,32.59753539479685,69.25017201051816,25.98854550691693,32.59753539479685,0.00025078140237673425,0.004906008298679026,0.05111719897503205
bfo-c98ff20768b3d204c55911c8c4a8b4449883f0fecda03c7fd303cd97509f8d61,651,32.59752994340146,69.23006408306574,25.988282989965374,32.59752994340146,0.0002508435920008807,0.0049068435224007174,0.05112117206422617
bfo-c98ff20768b3d204c55911c8c4a8b4449883f0fecda03c7fd303cd97509f8d61,652,32.597539833703465,69.25122304242402,25.9885633594438,32.597539833703465,0.00025079753375246777,0.004905949421293801,0.05112110056901631
bfo-c98ff20768b3d204c55911c8c4a8b4449883f0fecda03c7fd303cd97509f8d61,653,32.59752787407672,69.22477454446738,25.988203910332135,32.59752787407672,0.00025085250599901453,0.004907123189004411,0.051120075110628944
bfo-c98ff20768b3d204c55911c8c4a8b4449883f0fecda03c7fd303cd97509f8d61,654,32.597566836093506,69.18495003290761,25.98770102918631,32.597566836093506,0.0002509584392766306,0.004908801891519433,0.051124173438368455
bfo-c98ff20768b3d204c55911c8c4a8b4449883f0fecda03c7fd303cd97509f8d61,655,32.59754189660486,69.24694250455285,25.988510434089456,32.59754189660486,0.0002508002340945447,0.004906126060961357,0.05111981041216873
bfo-c98ff20768b3d204c55911c8c4a8b4449883f0fecda03c7fd303cd97509f8d61,656,32.597526603282546,69.19735698795188,25.987845778586806,32.597526603282546,0.0002509192701727473,0.004908185616931482,0.051122612255568675
bfo-c98ff20768b3d204c55911c8c4a8b4449883f0fecda03c7fd303cd97509f8d61,657,32.597518423345484,69.23199892197323,25.988295322963182,32.597518423345484,0.0002508328980236651,0.004906786919036769,0.051119582358572245
bfo-c98ff20768b3d204c55911c8c4a8b4449883f0fecda03c7fd303cd97509f8d61,658,32.59758166796323,69.27675023036593,25.988929034229507,32.59758166796323,0.0002507253789739079,0.004904806826616138,0.05111829840338181
bfo-c98ff20768b3d204c55911c8c4a8b4449883f0fecda03c7fd303cd97509f8d61,659,32.59751710779236,69.22697887068905,25.98822928201026,32.59751710779236,0.0002508462329777011,0.0049069981858348155,0.05112009898471671
bfo-c98ff20768b3d204c55911c8c4a8b4449883f0fecda03c7fd303cd97509f8d61,660,32.59753070822941,69.2447290810535,25.988464233513668,32.59753070822941,0.0002508162424768195,0.004906303301252462,0.05112122652767759
bfo-c98ff20768b3d204c55911c8c4a8b4449883f0fecda03c7fd303cd97509f8d61,661,32.597535403071355,69.24526815019709,25.98848097694094,32.597535403071355,0.0002507977529747873,0.0049062043081299946,0.051118489411293835
bfo-c98ff20768b3d204c55911c8c4a8b4449883f0fecda03c7fd303cd97509f8d61,662,32.597575449873986,69.17248161972282,25.987547069238122,32.597575449873986,0.0002509675994853995,0.004909246234060374,0.051121412029444584
bfo-c98ff20768b3d204c55911c8c4a8b4449883f0fecda03c7fd303cd97509f8d61,663,32.597522917985856,69.21728006537379,25.98810740931532,32.597522917985856,0.00025087288217859837,0.004907405608681245,0.05112128529478019
bfo-c98ff20768b3d204c55911c8c4a8b4449883f0fecda03c7fd303cd97509f8d61,664,32.59752971118826,69.22060043159678,25.988156810442675,32.59752971118826,0.00025086616619679405,0.00490724024949991,0.05112163934145256
bfo-c98ff20768b3d204c55911c8c4a8b4449883f0fecda03c7fd303cd97509f8d61,665,32.59752721384837,69.2051738582563,25.987949990970325,32.59752721384837,0.0002509000411318552,0.004907914002654363,0.051121523522245936
bfo-c98ff20768b3d204c55911c8c4a8b4449883f0fecda03c7fd303cd97509f8d61,666,32.59751243549371,69.20779732809578,25.987970202745124,32.59751243549371,0.0002508925186563763,0.004907804899753736,0.051121127221044504
bfo-c98ff20768b3d204c55911c8c4a8b4449883f0fecda03c7fd303cd97509f8d61,667,32.59755862294857,69.18302739559088,25.987672750936923,32.59755862294857,0.00025095342973679275,0.004908819441852025,0.05112297013762473
bfo-c98ff20768b3d204c55911c8c4a8b4449883f0fecda03c7fd303cd97509f8d61,668,32.59753046335267,69.19047393547827,25.98775316949738,32.59753046335267,0.00025093462156201667,0.004908510837380233,0.05112235255773527
bfo-c98ff20768b3d204c55911c8c4a8b4449883f0fecda03c7fd303cd97509f8d61,669,32.59752812183443,69.19088700227299,25.987753071957574,32.59752812183443,0.00025093372431057794,0.004908542161493624,0.05112184352394788
bfo-c98ff20768b3d204c55911c8c4a8b4449883f0fecda03c7fd303cd97509f8d61,670,32.59751474201727,69.20346425457787,25.987909733567694,32.59751474201727,0.00025090477411167817,0.004908015420988924,0.05112143149320483
bfo-c98ff20768b3d204c55911c8c4a8b4449883f0fecda03c7fd303cd97509f8d61,671,32.59751156511853,69.23129734325215,25.988269531877773,32.59751156511853,0.00025083988374425696,0.004906887103369791,0.05111996230196398
bfo-c98ff20768b3d204c55911c8c4a8b4449883f0fecda03c7fd303cd97509f8d61,672,32.59752730629239,69.23485152564302,25.988332121967417,32.59752730629239,0.00025084230209643335,0.004906715756177374,0.051122240325544056
bfo-c98ff20768b3d204c55911c8c4a8b4449883f0fecda03c7fd303cd97509f8d61,673,32.597506145778105,69.23762866847463,25.98834554308417,32.597506145778105,0.0002508224221730378,0.0049066511550435584,0.05111886177504525
bfo-c98ff20768b3d204c55911c8c4a8b4449883f0fecda03c7fd303cd97509f8d61,674,1000000.0,69.28007983260224,25.988921748623905,32.59755003640042,0.0002507068808079402,0.004904862457854486,0.05111394722322262
bfo-c98ff20768b3d204c55911c8c4a8b4449883f0fecda03c7fd303cd97509f8d61,675,32.59750290339103,69.2378426596255,25.98834662773426,32.59750290339103,0.000250827129027862,0.004906665744325915,0.051119669057938036
bfo-c98ff20768b3d204c55911c8c4a8b4449883f0fecda03c7fd303cd97509f8d61,676,32.597529545226124,69.19826587391358,25.987837812710264,32.597529545226124,0.0002509309289079288,0.004908351073541378,0.05112326423848936
bfo-c98ff20768b3d204c55911c8c4a8b4449883f0fecda03c7fd303cd97509f8d61,677,32.597509568956546,69.24835710768704,25.98848744336193,32.597509568956546,0.0002508033216007684,0.004906238818852556,0.05111926485050821
bfo-c98ff20768b3d204c55911c8c4a8b4449883f0fecda03c7fd303cd97509f8d61,678,32.59753933716221,69.2647644019774,25.98872915210697,32.59753933716221,0.00025076582025172805,0.004905460540546065,0.0511197303859697
bfo-c98ff20768b3d204c55911c8c4a8b4449883f0fecda03c7fd303cd97509f8d61,679,32.59749719951235,69.22517902918777,25.988174999256657,32.59749719951235,0.000250857993600785,0.004907219731618213,0.051120187666440935
bfo-c98ff20768b3d204c55911c8c4a8b4449883f0fecda03c7fd303cd97509f8d61,680,32.5975646317352,69.17070291828617,25.987498666739324,32.5975646317352,0.0002509821137827319,0.004909459161795152,0.05112215124139252
bfo-c98ff20768b3d204c55911c8c4a8b4449883f0fecda03c7fd303cd97509f8d61,681,32.59749886977995,69.21763830651773,25.98807719087143,32.59749886977995,0.00025087468923620766,0.004907531820667668,0.051120338777971744
bfo-c98ff20768b3d204c55911c8c4a8b4449883f0fecda03c7fd303cd97509f8d61,682,32.597528312137435,69.27341570565126,25.98881884478318,32.597528312137435,0.0002507317361350516,0.004905199217654126,0.05111550520367287
bfo-c98ff20768b3d204c55911c8c4a8b4449883f0fecda03c7fd303cd97509f8d61,683,32.59749277905314,69.21645815882496,25.988054396482777,32.59749277905314,0.00025088300153216505,0.004907593299068939,0.05112139214546613
bfo-c98ff20768b3d204c55911c8c4a8b4449883f0fecda03c7fd303cd97509f8d61,684,32.59754278175372,69.17969472717772,25.987591422160687,32.59754278175372,0.00025097936842395066,0.004909199349570252,0.05112429757938456
bfo-c98ff20768b3d204c55911c8c4a8b4449883f0fecda03c7fd303cd97509f8d61,685,32.597491346593266,69.2135018140714,25.988016433697105,32.597491346593266,0.00025088803754537463,0.004907713992380765,0.05112116108128525
bfo-c98ff20768b3d204c55911c8c4a8b4449883f0fecda03c7fd303cd97509f8d61,686,32.59747696769589,69.21605362406747,25.988037755681024,32.59747696769589,0.00025088015929588804,0.004907597810645043,0.05112076599914225
bfo-c98ff20768b3d204c55911c8c4a8b4449883f0fecda03c7fd303cd97509f8d61,687,32.597498959356024,69.25365003631956,25.98854683646337,32.597498959356024,0.00025078828377300824,0.004905982299018254,0.05111887252899261
bfo-c98ff20768b3d204c55911c8c4a8b4449883f0fecda03c7fd303cd97509f8d61,688,32.59747635458717,69.2246223343978,25.988154387826377,32.59747635458717,0.0002508605223638131,0.004907219320477142,0.05112070726429673
bfo-c98ff20768b3d204c55911c8c4a8b4449883f0fecda03c7fd303cd97509f8d61,689,32.59747141642225,69.22446707991827,25.98814363801815,32.59747141642225,0.00025085887650382424,0.004907242872399686,0.05112012652048582
bfo-c98ff20768b3d204c55911c8c4a8b4449883f0fecda03c7fd303cd97509f8d61,690,1000000.0,69.26660833114713,25.988701573332403,32.59748905815019,0.0002507466519719594,0.004905473781010787,0.0511156848789216
bfo-c98ff20768b3d204c55911c8c4a8b4449883f0fecda03c7fd303cd97509f8d61,691,32.597483033382545,69.24050423348754,25.988363423132963,32.597483033382545,0.00025082095980770273,0.0049065649868586855,0.05111946147243125
bfo-c98ff20768b3d204c55911c8c4a8b4449883f0fecda03c7fd303cd97509f8d61,692,32.597505701179514,69.1899512163416,25.987714595528672,32.597505701179514,0.0002509430305832255,0.004908635589410095,0.05112276640062887
bfo-c98ff20768b3d204c55911c8c4a8b4449883f0fecda03c7fd303cd97509f8d61,693,32.59747466661553,69.2138379794261,25.988010176243485,32.59747466661553,0.00025088689017631306,0.004907650331130737,0.05112159042482311
bfo-c98ff20768b3d204c55911c8c4a8b4449883f0fecda03c7fd303cd97509f8d61,694,32.59748074126202,69.22126405872514,25.988108568633823,32.59748074126202,0.00025086585571250624,0.004907370646804769,0.05112021768232387
bfo-c98ff20768b3d204c55911c8c4a8b4449883f0fecda03c7fd303cd97509f8d61,695,32.597470640801646,69.22769933287148,25.988188523015243,32.597470640801646,0.00025085074859721633,0.00490707904823478,0.05112017681627825
bfo-c98ff20768b3d204c55911c8c4a8b4449883f0fecda03c7fd303cd97509f8d61,696,32.59752409627268,69.18177537566649,25.987608365218286,32.59752409627268,0.00025097094516858,0.004909057945129084,0.051124054344805804
bfo-c98ff20768b3d204c55911c8c4a8b4449883f0fecda03c7fd303cd97509f8d61,697,1000000.0000016167,69.22894841848267,25.988204132180307,32.59747166223834,0.00025084507670913967,0.004907042237088833,0.05111940443739828
bfo-c98ff20768b3d204c55911c8c4a8b4449883f0fecda03c7fd303cd97509f8d61,698,32.59749443585876,69.19491646484563,25.98776874188414,32.59749443585876,0.0002509395732644834,0.0049084849451749455,0.05112363103225114
bfo-c98ff20768b3d204c55911c8c4a8b4449883f0fecda03c7fd303cd97509f8d61,699,1000000.000000241,69.22705390409368,25.98817818772304,32.597467400240276,0.0002508501318493609,0.004907105339308487,0.05111977724217979
bfo-c98ff20768b3d204c55911c8c4a8b4449883f0fecda03c7fd303cd97509f8d61,700,32.597483157687954,69.22613061907194,25.988179287380344,32.597483157687954,0.0002508582976682217,0.004907107206482203,0.05112142187088194
bfo-c98ff20768b3d204c55911c8c4a8b4449883f0fecda03c7fd303cd97509f8d61,701,32.59746523181784,69.22183341548136,25.988105421090534,32.59746523181784,0.0002508631385237506,0.004907335734599569,0.05112002766695168
bfo-c98ff20768b3d204c55911c8c4a8b4449883f0fecda03c7fd303cd97509f8d61,702,32.597488191325596,69.19218454855634,25.987731502857752,32.597488191325596,0.0002509303434336725,0.004908541622809327,0.05112116036006158
bfo-c98ff20768b3d204c55911c8c4a8b4449883f0fecda03c7fd303cd97509f8d61,703,32.59746677595504,69.21786389162469,25.988053548082032,32.59746677595504,0.0002508761458916101,0.004907510463355613,0.051120858073539034
bfo-c98ff20768b3d204c55911c8c4a8b4449883f0fecda03c7fd303cd97509f8d61,704,32.597512141036084,69.18195058804659,25.987599484242757,32.597512141036084,0.0002509629158378531,0.0049090571033627295,0.05112242749548426
bfo-c98ff20768b3d204c55911c8c4a8b4449883f0fecda03c7fd303cd97509f8d61,705,32.59746517038494,69.21444112000997,25.98800761664251,32.59746517038494,0.0002508792881033277,0.00490764772914476,0.05112006850317424
bfo-c98ff20768b3d204c55911c8c4a8b4449883f0fecda03c7fd303cd97509f8d61,706,32.59747019041841,69.2179975542614,25.988064741159278,32.59747019041841,0.000250879345881844,0.004907451973658874,0.05112211942744589
bfo-c98ff20768b3d204c55911c8c4a8b4449883f0fecda03c7fd303cd97509f8d61,707,32.59746387929293,69.22119533076102,25.98809338041044,32.59746387929293,0.0002508650468844953,0.0049073687989173295,0.05112007211274634
bfo-c98ff20768b3d204c55911c8c4a8b4449883f0fecda03c7fd303cd97509f8d61,708,32.5975137461555,69.18190112867305,25.987603737041507,32.5975137461555,0.0002509656873914311,0.004909026910573323,0.05112330650518291
bfo-c98ff20768b3d204c55911c8c4a8b4449883f0fecda03c7fd303cd97509f8d61,709,32.59746666597327,69.21115517244556,25.98795842895524,32.59746666597327,0.0002508898435873795,0.004907801096964222,0.051120621767367536
bfo-c98ff20768b3d204c55911c8c4a8b4449883f0fecda03c7fd303cd97509f8d61,710,32.597473657409765,69.22734011511638,25.988179640582896,32.597473657409765,0.0002508613787599587,0.004907107354683776,0.051122048210442035
bfo-c98ff20768b3d204c55911c8c4a8b4449883f0fecda03c7fd303cd97509f8d61,711,32.59747037841964,69.20940553741517,25.987941931107045,32.59747037841964,0.0002508892933656284,0.004907868667291955,0.051119805841109256
bfo-c98ff20768b3d204c55911c8c4a8b4449883f0fecda03c7fd303cd97509f8d61,712,32.59746751695029,69.25140610222492,25.98848379484628,32.59746751695029,0.0002507938835378088,0.004906134833585361,0.05111842459383262
bfo-c98ff20768b3d204c55911c8c4a8b4449883f0fecda03c7fd303cd97509f8d61,713,32.59747210796843,69.2096563450575,25.987947042454458,32.59747210796843,0.00025089816500100775,0.004907850527816105,0.051121802422261706
bfo-c98ff20768b3d204c55911c8c4a8b4449883f0fecda03c7fd303cd97509f8d61,714,32.59745785183124,69.22273841529919,25.98811241366914,32.59745785183124,0.00025086026848866294,0.004907274134586531,0.05112008451302864
bfo-c98ff20768b3d204c55911c8c4a8b4449883f0fecda03c7fd303cd97509f8d61,715,32.597458879394196,69.25826494193375,25.98857702450081,32.597458879394196,0.0002507618764713382,0.004905757714384647,0.05111582982095814
bfo-c98ff20768b3d204c55911c8c4a8b4449883f0fecda03c7fd303cd97509f8d61,716,32.5974584182812,69.23272676686166,25.988240426118995,32.5974584182812,0.0002508340292158171,0.0049068775448902245,0.05111886875534994
bfo-c98ff20768b3d204c55911c8c4a8b4449883f0fecda03c7fd303cd97509f8d61,717,32.59752531602959,69.27774621985667,25.988874405413103,32.59752531602959,0.00025071201019991073,0.0049048703939873145,0.05111491029553984
bfo-c98ff20768b3d204c55911c8c4a8b4449883f0fecda03c7fd303cd97509f8d61,718,32.597455760273405,69.20907372271284,25.987931360642403,32.597455760273405,0.0002508924926154422,0.0049078192096215995,0.051120972859712656
bfo-c98ff20768b3d204c55911c8c4a8b4449883f0fecda03c7fd303cd97509f8d61,719,32.597457840780656,69.24889964435044,25.988464518361756,32.597457840780656,0.00025079928549410834,0.004906084612761507,0.05112004893713808
bfo-c98ff20768b3d204c55911c8c4a8b4449883f0fecda03c7fd303cd97509f8d61,720,32.59747563082478,69.19183541561131,25.987719372596278,32.59747563082478,0.0002509289320333481,0.004908507839524125,0.05112122466482103
bfo-c98ff20768b3d204c55911c8c4a8b4449883f0fecda03c7fd303cd97509f8d61,721,32.597480111323904,69.18687865889217,25.987647475308258,32.597480111323904,0.00025095416046166203,0.004908772528694267,0.051123607581061783
bfo-c98ff20768b3d204c55911c8c4a8b4449883f0fecda03c7fd303cd97509f8d61,722,32.59745953109137,69.20177572721983,25.987835957628587,32.59745953109137,0.0002509096784977771,0.004908137764414436,0.05112115644286766
bfo-c98ff20768b3d204c55911c8c4a8b4449883f0fecda03c7fd303cd97509f8d61,723,32.59750064605147,69.18340736655806,25.98761658896681,32.59750064605147,0.00025096197054497345,0.0049088964638406025,0.05112390786678496
bfo-c98ff20768b3d204c55911c8c4a8b4449883f0fecda03c7fd303cd97509f8d61,724,32.59746939917598,69.19768426437022,25.98778875983332,32.59746939917598,0.00025091816459029353,0.004908299696945253,0.05112119880260284
bfo-c98ff20768b3d204c55911c8c4a8b4449883f0fecda03c7fd303cd97509f8d61,725,32.597457621930495,69.22280776220427,25.988120162683135,32.597457621930495,0.0002508701844820541,0.0049072155303307614,0.051122715709441165
bfo-c98ff20768b3d204c55911c8c4a8b4449883f0fecda03c7fd303cd97509f8d61,726,32.59745633140797,69.20723404751645,25.98790411492593,32.59745633140797,0.00025089483517673966,0.0049079233906975965,0.0511203650106442
bfo-c98ff20768b3d204c55911c8c4a8b4449883f0fecda03c7fd303cd97509f8d61,727,32.59746793096694,69.24772501138949,25.988458802262475,32.59746793096694,0.00025080250718304155,0.00490613138488393,0.0511202182550142
bfo-c98ff20768b3d204c55911c8c4a8b4449883f0fecda03c7fd303cd97509f8d61,728,32.59745450499402,69.20449498060867,25.987872524254357,32.59745450499402,0.000250904905004802,0.004907998411143537,0.05112163533613339
bfo-c98ff20768b3d204c55911c8c4a8b4449883f0fecda03c7fd303cd97509f8d61,729,32.59744612562531,69.24366475030553,25.988381782502653,32.59744612562531,0.0002508164392480101,0.00490640009973579,0.05112025806079626
bfo-c98ff20768b3d204c55911c8c4a8b4449883f0fecda03c7fd303cd97509f8d61,730,1000000.0,69.25825717521053,25.988563537121852,32.5974381078549,0.00025077305043188906,0.004905806105560251,0.05111760331246323
bfo-c98ff20768b3d204c55911c8c4a8b4449883f0fecda03c7fd303cd97509f8d61,731,32.59745176516291,69.24918342693464,25.98845710479325,32.59745176516291,0.00025080402632742937,0.004906164850474467,0.051120179197234786
bfo-c98ff20768b3d204c55911c8c4a8b4449883f0fecda03c7fd303cd97509f8d61,732,32.597451593841406,69.22929409622606,25.988201866231837,32.597451593841406,0.00025085708524977144,0.004907010604999905,0.05112218118994187
bfo-c98ff20768b3d204c55911c8c4a8b4449883f0fecda03c7fd303cd97509f8d61,733,32.59746343383588,69.25278373020345,25.988514893388473,32.59746343383588,0.00025079456302557986,0.0049060047820660094,0.05111991817504214
bfo-c98ff20768b3d204c55911c8c4a8b4449883f0fecda03c7fd303cd97509f8d61,734,32.59756069018199,69.29504071690582,25.989124056279895,32.59756069018199,0.00025068399688630384,0.004904120778386979,0.05111701122678236
bfo-c98ff20768b3d204c55911c8c4a8b4449883f0fecda03c7fd303cd97509f8d61,735,32.5974419864886,69.23988910540724,25.988328865888697,32.5974419864886,0.000250825346954801,0.004906574013209382,0.051120261567344935
bfo-c98ff20768b3d204c55911c8c4a8b4449883f0fecda03c7fd303cd97509f8d61,736,32.59745335111446,69.24489819386986,25.988399031482096,32.59745335111446,0.0002508148090935674,0.004906365620406086,0.05112028505384973
bfo-c98ff20768b3d204c55911c8c4a8b4449883f0fecda03c7fd303cd97509f8d61,737,32.5974665190759,69.25816484584624,25.988579113718004,32.5974665190759,0.00025078106951288313,0.004905827137893743,0.05111901876358263
bfo-c98ff20768b3d204c55911c8c4a8b4449883f0fecda03c7fd303cd97509f8d61,738,32.59745866633676,69.24541615853883,25.98841711855835,32.59745866633676,0.0002508110238795043,0.004906304550364455,0.05112014986123789
bfo-c98ff20768b3d204c55911c8c4a8b4449883f0fecda03c7fd303cd97509f8d61,739,32.59743844275301,69.24574462918548,25.98839962602515,32.59743844275301,0.00025080855801240786,0.004906357888307019,0.05111909153837767
bfo-c98ff20768b3d204c55911c8c4a8b4449883f0fecda03c7fd303cd97509f8d61,740,32.59740961826979,69.24078704030714,25.988318411201707,32.59740961826979,0.00025081450514437227,0.004906573287267385,0.05111805948058268
bfo-c98ff20768b3d204c55911c8c4a8b4449883f0fecda03c7fd303cd97509f8d61,741,1000000.0,69.2967586078347,25.989111168833745,32.59750775665842,0.0002506637785750292,0.00490409045191651,0.051113204585586346
bfo-c98ff20768b3d204c55911c8c4a8b4449883f0fecda03c7fd303cd97509f8d61,742,32.59740096182158,69.22417711339861,25.988093301831352,32.59740096182158,0.00025085876262399874,0.004907301539496319,0.05111949216997712
bfo-c98ff20768b3d204c55911c8c4a8b4449883f0fecda03c7fd303cd97509f8d61,743,32.59742509810231,69.19834703604232,25.98776915386413,32.59742509810231,0.0002509230787394203,0.004908378939022774,0.051121374664967786
bfo-c98ff20768b3d204c55911c8c4a8b4449883f0fecda03c7fd303cd97509f8d61,744,1000000.0000013397,69.22090413233218,25.988045527664305,32.5973973296806,0.00025087077713476755,0.004907449502880706,0.051120399096823047
bfo-c98ff20768b3d204c55911c8c4a8b4449883f0fecda03c7fd303cd97509f8d61,745,32.59742691917282,69.1965638533023,25.987748660085924,32.59742691917282,0.0002509258615113717,0.004908470375053442,0.05112098929773814
bfo-c98ff20768b3d204c55911c8c4a8b4449883f0fecda03c7fd303cd97509f8d61,746,32.59739975103324,69.21859416234693,25.98802048873128,32.59739975103324,0.00025087096645398947,0.0049075381991628576,0.051119513750658895
bfo-c98ff20768b3d204c55911c8c4a8b4449883f0fecda03c7fd303cd97509f8d61,747,32.59741357346057,69.20422815197611,25.987835999180373,32.59741357346057,0.00025090964205297915,0.004908178538199932,0.05112072433799442
bfo-c98ff20768b3d204c55911c8c4a8b4449883f0fecda03c7fd303cd97509f8d61,748,32.59741421321632,69.20083498393748,25.987795174588445,32.59741421321632,0.00025091481580984267,0.004908289266915991,0.05112062516386675
bfo-c98ff20768b3d204c55911c8c4a8b4449883f0fecda03c7fd303cd97509f8d61,749,32.5974073210856,69.211704279451,25.98793855141708,32.5974073210856,0.0002508848704122174,0.004907813393830315,0.05111948036321195
bfo-c98ff20768b3d204c55911c8c4a8b4449883f0fecda03c7fd303cd97509f8d61,750,32.59739492053992,69.22160971308745,25.98805633998258,32.59739492053992,0.0002508632294998259,0.00490740326951373,0.05111934269968478
bfo-c98ff20768b3d204c55911c8c4a8b4449883f0fecda03c7fd303cd97509f8d61,751,1000000.0,69.25587333572787,25.988518735988624,32.597420366899364,0.00025077146688878474,0.0049059757688324135,0.051115512734883836
bfo-c98ff20768b3d204c55911c8c4a8b4449883f0fecda03c7fd303cd97509f8d61,752,32.59739647351637,69.23231387962545,25.988195478981478,32.59739647351637,0.00025083839688545785,0.004906973355232151,0.05111876073628905
bfo-c98ff20768b3d204c55911c8c4a8b4449883f0fecda03c7fd303cd97509f8d61,753,32.59743369336276,69.18599605400516,25.987611090710207,32.59743369336276,0.00025095138881910415,0.004908868559240837,0.05112204284767285
bfo-c98ff20768b3d204c55911c8c4a8b4449883f0fecda03c7fd303cd97509f8d61,754,32.597391919312834,69.22197404565435,25.988059923386622,32.597391919312834,0.000250863725540083,0.004907382777994543,0.0511196572366424
bfo-c98ff20768b3d204c55911c8c4a8b4449883f0fecda03c7fd303cd97509f8d61,755,32.597417749983336,69.196757900876,25.98774560187776,32.597417749983336,0.00025092790621355506,0.004908425534756149,0.05112187287690434
bfo-c98ff20768b3d204c55911c8c4a8b4449883f0fecda03c7fd303cd97509f8d61,756,32.59739336663745,69.23081865405733,25.98817696831557,32.59739336663745,0.00025083938903979874,0.004907002633437244,0.051118657921748745
bfo-c98ff20768b3d204c55911c8c4a8b4449883f0fecda03c7fd303cd97509f8d61,757,32.59740140189305,69.21221962588983,25.987936108773678,32.59740140189305,0.00025089269506251835,0.004907822887346961,0.05112097580158283
bfo-c98ff20768b3d204c55911c8c4a8b4449883f0fecda03c7fd303cd97509f8d61,758,32.59739659035055,69.23168648355798,25.98819492243794,32.59739659035055,0.0002508400592871908,0.004906939107268938,0.05111945630537918
bfo-c98ff20768b3d204c55911c8c4a8b4449883f0fecda03c7fd303cd97509f8d61,759,32.59740597162936,69.20703327315618,25.9878768988314,32.59740597162936,0.00025089956133162974,0.004907976175239364,0.05112077817276553
bfo-c98ff20768b3d204c55911c8c4a8b4449883f0fecda03c7fd303cd97509f8d61,760,32.597387431590356,69.21826662991336,25.98800616411455,32.597387431590356,0.00025087147903187504,0.004907559170371553,0.05111939975099301
bfo-c98ff20768b3d204c55911c8c4a8b4449883f0fecda03c7fd303cd97509f8d61,761,32.597479852638706,69.16134011662206,25.987304258294305,32.597479852638706,0.00025102489067512504,0.004909971445759179,0.051125529638657935
bfo-c98ff20768b3d204c55911c8c4a8b4449883f0fecda03c7fd303cd97509f8d61,762,32.59739159718119,69.20602406427213,25.98784885303721,32.59739159718119,0.0002508979827641164,0.004908056750611729,0.05111961729718081
bfo-c98ff20768b3d204c55911c8c4a8b4449883f0fecda03c7fd303cd97509f8d61,763,32.59739658641788,69.21841578311816,25.98801613931146,32.59739658641788,0.00025086977418928394,0.004907546101499246,0.0511191884906886
bfo-c98ff20768b3d204c55911c8c4a8b4449883f0fecda03c7fd303cd97509f8d61,764,32.5974058310945,69.19278125155103,25.987683179414322,32.5974058310945,0.0002509307635208682,0.004908582620577117,0.051120818964918525
bfo-c98ff20768b3d204c55911c8c4a8b4449883f0fecda03c7fd303cd97509f8d61,765,1000000.0,69.20169068079242,25.987798874966916,32.597398173641366,0.0002509025300823237,0.004908221654877289,0.05111882627244481
bfo-c98ff20768b3d204c55911c8c4a8b4449883f0fecda03c7fd303cd97509f8d61,766,32.59738425348876,69.21969326949232,25.988020343881068,32.59738425348876,0.00025086719093735305,0.004907506694193815,0.05111907259019327
bfo-c98ff20768b3d204c55911c8c4a8b4449883f0fecda03c7fd303cd97509f8d61,767,32.597383923247406,69.24200502675845,25.988313296195006,32.597383923247406,0.00025081573483908356,0.004906533537086746,0.05111872423641995
bfo-c98ff20768b3d204c55911c8c4a8b4449883f0fecda03c7fd303cd97509f8d61,768,32.59739044171008,69.24343119532203,25.98833030278821,32.59739044171008,0.00025082083230039236,0.004906528626984114,0.051119814306385465
bfo-c98ff20768b3d204c55911c8c4a8b4449883f0fecda03c7fd303cd97509f8d61,769,32.59738072945447,69.24074185855804,25.988289957491883,32.59738072945447,0.00025081649746471396,0.004906611733719283,0.05111806498587395
bfo-c98ff20768b3d204c55911c8c4a8b4449883f0fecda03c7fd303cd97509f8d61,770,32.59757897388071,69.322549586321,25.989477880033522,32.59757897388071,0.00025059379348723454,0.0049030252850903715,0.05111003491033713
bfo-c98ff20768b3d204c55911c8c4a8b4449883f0fecda03c7fd303cd97509f8d61,771,32.59737125489593,69.23199712285944,25.98816901871011,32.59737125489593,0.000250832615962718,0.004906984272317094,0.051117468906064785
bfo-c98ff20768b3d204c55911c8c4a8b4449883f0fecda03c7fd303cd97509f8d61,772,32.597383625076795,69.19892663583323,25.987744239588892,32.597383625076795,0.0002509092554845892,0.004908311932474549,0.05111925626089785
bfo-c98ff20768b3d204c55911c8c4a8b4449883f0fecda03c7fd303cd97509f8d61,773,32.59737966065046,69.25092790416414,25.988418861054587,32.59737966065046,0.00025078747024590416,0.004906200767154187,0.05111643044142524
bfo-c98ff20768b3d204c55911c8c4a8b4449883f0fecda03c7fd303cd97509f8d61,774,32.59738232832928,69.20717520330447,25.98784666898334,32.59738232832928,0.000250898305147518,0.004908034578633672,0.05111991391416899
bfo-c98ff20768b3d204c55911c8c4a8b4449883f0fecda03c7fd303cd97509f8d61,775,32.59736851247453,69.23163905261941,25.988160328317424,32.59736851247453,0.00025082842735066276,0.004907007655093987,0.051116371724074364
bfo-c98ff20768b3d204c55911c8c4a8b4449883f0fecda03c7fd303cd97509f8d61,776,32.597395777901454,69.18772064771413,25.987591701151864,32.597395777901454,0.0002509513706643934,0.00490891933788838,0.05112151033476598
bfo-c98ff20768b3d204c55911c8c4a8b4449883f0fecda03c7fd303cd97509f8d61,777,32.59736612559887,69.22840943493497,25.98811400119016,32.59736612559887,0.0002508380077041676,0.004907142903386952,0.05111691520763276
bfo-c98ff20768b3d204c55911c8c4a8b4449883f0fecda03c7fd303cd97509f8d61,778,32.5973832358471,69.19979141793405,25.987747446835172,32.5973832358471,0.0002508995229607257,0.004908347621407193,0.05111690171789307
bfo-c98ff20768b3d204c55911c8c4a8b4449883f0fecda03c7fd303cd97509f8d61,779,32.59736654506629,69.23465217353917,25.988199353092273,32.59736654506629,0.0002508219236614684,0.004906859435859779,0.05111659034461814
bfo-c98ff20768b3d204c55911c8c4a8b4449883f0fecda03c7fd303cd97509f8d61,780,1000000.0,69.28669947361479,25.988917640090012,32.59743506727522,0.00025067613365761083,0.004904631656495731,0.05111008353208615
bfo-c98ff20768b3d204c55911c8c4a8b4449883f0fecda03c7fd303cd97509f8d61,781,32.59737787646069,69.2462482123019,25.988354192101355,32.59737787646069,0.0002507918506035044,0.004906399381325928,0.0511152540003234
bfo-c98ff20768b3d204c55911c8c4a8b4449883f0fecda03c7fd303cd97509f8d61,782,32.597361922937424,69.2200711120257,25.987990900840806,32.597361922937424,0.00025086544622295005,0.004907568903435853,0.05111806908045975
bfo-c98ff20768b3d204c55911c8c4a8b4449883f0fecda03c7fd303cd97509f8d61,783,32.59738622041301,69.27038511530644,25.988660799831102,32.59738622041301,0.00025072793105246414,0.004905437619712378,0.05111224532647612
bfo-c98ff20768b3d204c55911c8c4a8b4449883f0fecda03c7fd303cd97509f8d61,784,32.59736603317452,69.21016638200415,25.98785882470619,32.59736603317452,0.00025088804005245815,0.004908009572620218,0.05111808286847281
bfo-c98ff20768b3d204c55911c8c4a8b4449883f0fecda03c7fd303cd97509f8d61,785,32.59739514530582,69.26171190991943,25.98856534624882,32.59739514530582,0.0002507634145937347,0.004905774849685461,0.051115964812329835
bfo-c98ff20768b3d204c55911c8c4a8b4449883f0fecda03c7fd303cd97509f8d61,786,32.59736016288752,69.21429141765155,25.987910412976287,32.59736016288752,0.00025087425726897744,0.0049078292931801545,0.05111715226476775
bfo-c98ff20768b3d204c55911c8c4a8b4449883f0fecda03c7fd303cd97509f8d61,787,32.597392782174914,69.17883946167336,25.987462865176738,32.597392782174914,0.00025095551184359076,0.004909252621851397,0.05111888329530482
bfo-c98ff20768b3d204c55911c8c4a8b4449883f0fecda03c7fd303cd97509f8d61,788,32.59738109786514,69.1950457281307,25.98766467916818,32.59738109786514,0.0002509186510189276,0.004908662080672214,0.051117523857858574
bfo-c98ff20768b3d204c55911c8c4a8b4449883f0fecda03c7fd303cd97509f8d61,789,32.597353622774385,69.23950023296375,25.988232174844796,32.597353622774385,0.00025081394114939893,0.0049067805992152515,0.05111578479573999
bfo-c98ff20768b3d204c55911c8c4a8b4449883f0fecda03c7fd303cd97509f8d61,790,32.5973529384459,69.21317203359663,25.987891434698376,32.5973529384459,0.0002508766677297165,0.004907849232165499,0.05111743573651339
bfo-c98ff20768b3d204c55911c8c4a8b4449883f0fecda03c7fd303cd97509f8d61,791,32.597352127134684,69.20769978397553,25.98781419009173,32.597352127134684,0.0002509056574008685,0.004908094316628686,0.05112078970259332
bfo-c98ff20768b3d204c55911c8c4a8b4449883f0fecda03c7fd303cd97509f8d61,792,32.597342766974954,69.23924811435671,25.98822316821222,32.597342766974954,0.00025082842038336454,0.004906791156564962,0.05111862567204897
bfo-c98ff20768b3d204c55911c8c4a8b4449883f0fecda03c7fd303cd97509f8d61,793,32.597352083324594,69.25823399084561,25.988473283007174,32.597352083324594,0.00025076854995230717,0.004906007832656699,0.05111458409892328
bfo-c98ff20768b3d204c55911c8c4a8b4449883f0fecda03c7fd303cd97509f8d61,794,32.59733941219669,69.2285496873785,25.98808411392348,32.59733941219669,0.0002508564326829955,0.004907219939958577,0.05111986741012326
bfo-c98ff20768b3d204c55911c8c4a8b4449883f0fecda03c7fd303cd97509f8d61,795,32.59733068965929,69.22319730647796,25.98800146134863,32.59733068965929,0.00025086755025741244,0.00490747647450243,0.051119460594632384
bfo-c98ff20768b3d204c55911c8c4a8b4449883f0fecda03c7fd303cd97509f8d61,796,32.59736772820171,69.27491785397596,25.988698630933982,32.59736772820171,0.00025073309342607704,0.004905269983658763,0.05111504448508646
bfo-c98ff20768b3d204c55911c8c4a8b4449883f0fecda03c7fd303cd97509f8d61,797,32.597333995750425,69.22899568205139,25.98808057472745,32.597333995750425,0.0002508539359605286,0.004907230006988254,0.05111925375482589
bfo-c98ff20768b3d204c55911c8c4a8b4449883f0fecda03c7fd303cd97509f8d61,798,32.59734089408457,69.19769175592305,25.98766871508999,32.59734089408457,0.00025092968056964014,0.004908533977313742,0.05112110494281729
bfo-c98ff20768b3d204c55911c8c4a8b4449883f0fecda03c7fd303cd97509f8d61,799,32.59732854162143,69.21024659566484,25.987830142254417,32.59732854162143,0.0002508981305210175,0.004907996921228401,0.051120270560035576
bfo-c98ff20768b3d204c55911c8c4a8b4449883f0fecda03c7fd303cd97509f8d61,800,32.59732750687094,69.2204280104491,25.987969966889896,32.59732750687094,0.0002508745030297259,0.004907527805452573,0.05112034266030821
bfo-c98ff20768b3d204c55911c8c4a8b4449883f0fecda03c7fd303cd97509f8d61,801,32.597326183353054,69.22016053589016,25.987956438902756,32.597326183353054,0.000250876816521704,0.004907611918312952,0.05111993790412544
bfo-c98ff20768b3d204c55911c8c4a8b4449883f0fecda03c7fd303cd97509f8d61,802,32.59734620187659,69.19669079709101,25.987661685536207,32.59734620187659,0.0002509382900213007,0.004908591219438493,0.05112226274364851
bfo-c98ff20768b3d204c55911c8c4a8b4449883f0fecda03c7fd303cd97509f8d61,803,32.59732363832912,69.21907737838814,25.987944906213002,32.59732363832912,0.0002508816166729238,0.004907628245957455,0.05112074592845979
bfo-c98ff20768b3d204c55911c8c4a8b4449883f0fecda03c7fd303cd97509f8d61,804,32.59732189245355,69.24109807070063,25.988236489501546,32.59732189245355,0.0002508212712009641,0.004906676721037916,0.05111836085013312
bfo-c98ff20768b3d204c55911c8c4a8b4449883f0fecda03c7fd303cd97509f8d61,805,32.59732266487415,69.2049376492084,25.98775414788258,32.59732266487415,0.00025090890314356573,0.004908262797806628,0.05111969621017241
bfo-c98ff20768b3d204c55911c8c4a8b4449883f0fecda03c7fd303cd97509f8d61,806,32.59732189735431,69.2411080500284,25.9882348211723,32.59732189735431,0.0002508235550417452,0.004906687508603099,0.05111871391890473
bfo-c98ff20768b3d204c55911c8c4a8b4449883f0fecda03c7fd303cd97509f8d61,807,32.59735722341177,69.26027261866861,25.988511215001157,32.59735722341177,0.0002507786335999358,0.0049058474570785535,0.05111831050476144
bfo-c98ff20768b3d204c55911c8c4a8b4449883f0fecda03c7fd303cd97509f8d61,808,32.597330621063826,69.25285630610597,25.988395131113013,32.597330621063826,0.00025079756277933895,0.004906209119149233,0.05111840051832703
bfo-c98ff20768b3d204c55911c8c4a8b4449883f0fecda03c7fd303cd97509f8d61,809,32.597339321956994,69.19041690653819,25.987574653157115,32.597339321956994,0.0002509526109744035,0.0049088462478902506,0.051122524174037676
bfo-c98ff20768b3d204c55911c8c4a8b4449883f0fecda03c7fd303cd97509f8d61,810,32.59731898011485,69.24558235827476,25.988291076357335,32.59731898011485,0.00025080798647425235,0.004906488228181001,0.051117617083784435
bfo-c98ff20768b3d204c55911c8c4a8b4449883f0fecda03c7fd303cd97509f8d61,811,32.59732256355675,69.20436694677664,25.98775799458908,32.59732256355675,0.0002509039183260755,0.004908187101729205,0.05111946898635536
bfo-c98ff20768b3d204c55911c8c4a8b4449883f0fecda03c7fd303cd97509f8d61,812,32.59731416830808,69.24652552540806,25.988301513899696,32.59731416830808,0.00025080472465720374,0.004906447325595245,0.05111737842345559
bfo-c98ff20768b3d204c55911c8c4a8b4449883f0fecda03c7fd303cd97509f8d61,813,32.59738479339524,69.29239185183329,25.988940062387762,32.59738479339524,0.0002506790309680434,0.004904455315660214,0.05111251195777246
bfo-c98ff20768b3d204c55911c8c4a8b4449883f0fecda03c7fd303cd97509f8d61,814,32.597327115335645,69.25574695536122,25.988429782774872,32.597327115335645,0.0002507828518814185,0.0049060373775772735,0.05111719144815433
bfo-c98ff20768b3d204c55911c8c4a8b4449883f0fecda03c7fd303cd97509f8d61,815,32.597354893893325,69.264910652877,25.98856826978411,32.597354893893325,0.0002507612550349922,0.004905616527830974,0.051117174286320885
bfo-c98ff20768b3d204c55911c8c4a8b4449883f0fecda03c7fd303cd97509f8d61,816,32.59731005895843,69.24375935898074,25.988263351149275,32.59731005895843,0.00025081171139309963,0.004906562689613551,0.05111760049943517
bfo-c98ff20768b3d204c55911c8c4a8b4449883f0fecda03c7fd303cd97509f8d61,817,32.59730420925101,69.22266153944378,25.98798314427459,32.59730420925101,0.0002508648375096374,0.004907441348938286,0.05111927370541299
bfo-c98ff20768b3d204c55911c8c4a8b4449883f0fecda03c7fd303cd97509f8d61,818,32.59731329671102,69.2040531984311,25.987742611913045,32.59731329671102,0.00025090880503468783,0.004908229044579359,0.05112002776475787
bfo-c98ff20768b3d204c55911c8c4a8b4449883f0fecda03c7fd303cd97509f8d61,819,32.59730083083374,69.22310932872415,25.987989765549752,32.59730083083374,0.00025086215363944684,0.004907401628185342,0.05111914056486357
bfo-c98ff20768b3d204c55911c8c4a8b4449883f0fecda03c7fd303cd97509f8d61,820,32.597305416620735,69.20973773942873,25.987813799735434,32.597305416620735,0.0002508959526123761,0.004907989879315708,0.05111990015907633
bfo-c98ff20768b3d204c55911c8c4a8b4449883f0fecda03c7fd303cd97509f8d61,821,32.597299398503395,69.21929617304932,25.987934603821625,32.597299398503395,0.00025087187416191224,0.004907586020829093,0.051119200579907445
bfo-c98ff20768b3d204c55911c8c4a8b4449883f0fecda03c7fd303cd97509f8d61,822,32.597313558348745,69.20264060471598,25.987719303648344,32.597313558348745,0.0002509072685545876,0.004908328789354806,0.051118675892038
bfo-c98ff20768b3d204c55911c8c4a8b4449883f0fecda03c7fd303cd97509f8d61,823,32.597299509955704,69.2363755033708,25.988158593042446,32.597299509955704,0.0002508326816716244,0.004906880364912447,0.051118564753534594
bfo-c98ff20768b3d204c55911c8c4a8b4449883f0fecda03c7fd303cd97509f8d61,824,32.5973133762316,69.24962246780309,25.988351793849453,32.5973133762316,0.00025080175156207206,0.004906256549029335,0.05111876010880255
bfo-c98ff20768b3d204c55911c8c4a8b4449883f0fecda03c7fd303cd97509f8d61,825,32.59729240923008,69.21917842339025,25.987928387835815,32.59729240923008,0.00025086965547180056,0.004907577279372535,0.05111883953947147
bfo-c98ff20768b3d204c55911c8c4a8b4449883f0fecda03c7fd303cd97509f8d61,826,32.59730599615824,69.1906807310514,25.98756344943116,32.59730599615824,0.00025093825243818096,0.004908721526128819,0.05112089799807389
bfo-c98ff20768b3d204c55911c8c4a8b4449883f0fecda03c7fd303cd97509f8d61,827,32.59728644658736,69.22851739925962,25.988044039438876,32.59728644658736,0.00025084795103626483,0.004907187710612095,0.05111847474140652
bfo-c98ff20768b3d204c55911c8c4a8b4449883f0fecda03c7fd303cd97509f8d61,828,32.59730035384628,69.24118991858919,25.98821986810022,32.59730035384628,0.00025081691441596645,0.004906611107772503,0.051118156484554166
bfo-c98ff20768b3d204c55911c8c4a8b4449883f0fecda03c7fd303cd97509f8d61,829,32.597279880445534,69.22452440687536,25.987985152364462,32.597279880445534,0.00025085392827898834,0.004907363794009781,0.051117858550693854
bfo-c98ff20768b3d204c55911c8c4a8b4449883f0fecda03c7fd303cd97509f8d61,830,32.59727708312855,69.21620891436237,25.987866732321375,32.59727708312855,0.00025088767154617916,0.004907790559089314,0.05112028896211367
bfo-c98ff20768b3d204c55911c8c4a8b4449883f0fecda03c7fd303cd97509f8d61,831,32.59729951782096,69.19398338508927,25.987591034308565,32.59729951782096,0.00025094630256787786,0.004908716170980734,0.051122593734675065
bfo-c98ff20768b3d204c55911c8c4a8b4449883f0fecda03c7fd303cd97509f8d61,832,32.597276263557234,69.23669911476146,25.988132230345087,32.597276263557234,0.0002508392325501871,0.004906963858326975,0.05111902997298833
bfo-c98ff20768b3d204c55911c8c4a8b4449883f0fecda03c7fd303cd97509f8d61,833,32.59728372375346,69.2666793527356,25.988524431222004,32.59728372375346,0.0002507544279562432,0.004905689717919757,0.05111501998185382
bfo-c98ff20768b3d204c55911c8c4a8b4449883f0fecda03c7fd303cd97509f8d61,834,32.59728251394588,69.25081826034085,25.988320840461,32.59728251394588,0.00025080201907872547,0.004906362652162234,0.051117709158371535
bfo-c98ff20768b3d204c55911c8c4a8b4449883f0fecda03c7fd303cd97509f8d61,835,32.59727661566441,69.20881455861684,25.987768761011967,32.59727661566441,0.00025090903062015003,0.004908091681783357,0.051121504423279666
bfo-c98ff20768b3d204c55911c8c4a8b4449883f0fecda03c7fd303cd97509f8d61,836,32.59728387155336,69.24857442243203,25.988289421630597,32.59728387155336,0.0002508131129582236,0.004906481683103683,0.05111873011203566
bfo-c98ff20768b3d204c55911c8c4a8b4449883f0fecda03c7fd303cd97509f8d61,837,32.59730914637527,69.18509279577552,25.987459518249302,32.59730914637527,0.0002509599909414909,0.004909197335679065,0.051120371372640465
bfo-c98ff20768b3d204c55911c8c4a8b4449883f0fecda03c7fd303cd97509f8d61,838,32.597277115127916,69.23337727271424,25.988087699454503,32.597277115127916,0.0002508442598997304,0.004907103148056998,0.05111860344713844
bfo-c98ff20768b3d204c55911c8c4a8b4449883f0fecda03c7fd303cd97509f8d61,839,32.597282875422906,69.2370726845842,25.988141454895707,32.597282875422906,0.00025084203247853303,0.004906918919506139,0.051120068742399195
bfo-c98ff20768b3d204c55911c8c4a8b4449883f0fecda03c7fd303cd97509f8d61,840,32.59727486476872,69.23326048532421,25.988084523908416,32.59727486476872,0.0002508490687725616,0.004907112336628572,0.051119487707694755
bfo-c98ff20768b3d204c55911c8c4a8b4449883f0fecda03c7fd303cd97509f8d61,841,32.59730749333496,69.2580731849022,25.988436151080258,32.59730749333496,0.00025078692436943144,0.004906004359776249,0.05111836557374548
bfo-c98ff20768b3d204c55911c8c4a8b4449883f0fecda03c7fd303cd97509f8d61,842,32.5972717141692,69.23003823319183,25.988038039089183,32.5972717141692,0.0002508648962464376,0.00490725686379086,0.05112120747081583
bfo-c98ff20768b3d204c55911c8c4a8b4449883f0fecda03c7fd303cd97509f8d61,843,32.597280114239666,69.20338471843132,25.987694732012667,32.597280114239666,0.0002509325710003614,0.004908367881589472,0.05112342372330538
bfo-c98ff20768b3d204c55911c8c4a8b4449883f0fecda03c7fd303cd97509f8d61,844,32.59728740073671,69.24949242702402,25.98830452529575,32.59728740073671,0.00025081809801671994,0.004906436984631603,0.05112021183648249
bfo-c98ff20768b3d204c55911c8c4a8b4449883f0fecda03c7fd303cd97509f8d61,845,32.597283084573064,69.21835328691816,25.987893565157435,32.597283084573064,0.0002508943874908421,0.0049077270357973145,0.05112231908188869
bfo-c98ff20768b3d204c55911c8c4a8b4449883f0fecda03c7fd303cd97509f8d61,846,32.59727887511109,69.22575723669925,25.987988599889395,32.59727887511109,0.00025088169954644226,0.0049074179690865374,0.051122953277432194
bfo-c98ff20768b3d204c55911c8c4a8b4449883f0fecda03c7fd303cd97509f8d61,847,32.59728237822707,69.25113001114059,25.988319668576988,32.59728237822707,0.00025080749513265376,0.004906334147317944,0.0511191222615276
bfo-c98ff20768b3d204c55911c8c4a8b4449883f0fecda03c7fd303cd97509f8d61,848,32.597284248728144,69.2470469697835,25.988268169917657,32.597284248728144,0.000250821929502724,0.004906549087414088,0.05111982475547094
bfo-c98ff20768b3d204c55911c8c4a8b4449883f0fecda03c7fd303cd97509f8d61,849,32.59726002196966,69.2215334034374,25.987909930492616,32.59726002196966,0.000250882186389355,0.004907654353911726,0.05112059006139771
bfo-c98ff20768b3d204c55911c8c4a8b4449883f0fecda03c7fd303cd97509f8d61,850,32.597261990265096,69.20281601076844,25.987658402725238,32.597261990265096,0.0002509231374937621,0.004908421154717303,0.05112094695717158
bfo-c98ff20768b3d204c55911c8c4a8b4449883f0fecda03c7fd303cd97509f8d61,851,32.59725727595624,69.21821967692051,25.98786258194322,32.59725727595624,0.00025089013879082544,0.004907806289534156,0.05112062783037015
bfo-c98ff20768b3d204c55911c8c4a8b4449883f0fecda03c7fd303cd97509f8d61,852,32.59726421192662,69.2007960243287,25.98763811786626,32.59726421192662,0.0002509334707313116,0.0049085435450026,0.05112177745408565
bfo-c98ff20768b3d204c55911c8c4a8b4449883f0fecda03c7fd303cd97509f8d61,853,32.59725648053485,69.21851683184431,25.987868836202694,32.59725648053485,0.0002508890605819892,0.004907768007403955,0.05112080689296908
bfo-c98ff20768b3d204c55911c8c4a8b4449883f0fecda03c7fd303cd97509f8d61,854,32.59726939200408,69.24071219103482,25.9881690955785,32.59726939200408,0.000250830298910945,0.004906831861048085,0.05111858445815349
bfo-c98ff20768b3d204c55911c8c4a8b4449883f0fecda03c7fd303cd97509f8d61,855,32.59725588303139,69.21887236922485,25.987868577755513,32.59725588303139,0.00025088920808428663,0.00490778930960944,0.051120615058402395
bfo-c98ff20768b3d204c55911c8c4a8b4449883f0fecda03c7fd303cd97509f8d61,856,32.59725281623131,69.2267183983191,25.987969942363815,32.59725281623131,0.0002508761438601877,0.004907437903575642,0.051121613515964226
bfo-c98ff20768b3d204c55911c8c4a8b4449883f0fecda03c7fd303cd97509f8d61,857,32.597261520773905,69.25236358722873,25.988307806340202,32.597261520773905,0.0002508104173462024,0.004906367156425558,0.0511193739379516
bfo-c98ff20768b3d204c55911c8c4a8b4449883f0fecda03c7fd303cd97509f8d61,858,32.59726668901017,69.247492476692,25.98825241507437,32.59726668901017,0.0002508270406786404,0.004906557247023615,0.05112078144625654
bfo-c98ff20768b3d204c55911c8c4a8b4449883f0fecda03c7fd303cd97509f8d61,859,32.59726952580438,69.19949072476277,25.987618260426743,32.59726952580438,0.00025095432787438184,0.004908602414583816,0.05112541344330073
bfo-c98ff20768b3d204c55911c8c4a8b4449883f0fecda03c7fd303cd97509f8d61,860,32.59725153020276,69.22486598617553,25.987949276233348,32.59725153020276,0.0002508831253531078,0.004907489616876523,0.05112249743541745
bfo-c98ff20768b3d204c55911c8c4a8b4449883f0fecda03c7fd303cd97509f8d61,861,32.59726104174758,69.21009138881082,25.98775956132398,32.59726104174758,0.0002509178946461935,0.004908126420678801,0.051122948583604576
bfo-c98ff20768b3d204c55911c8c4a8b4449883f0fecda03c7fd303cd97509f8d61,862,32.59726030126132,69.21458493427335,25.98781819489257,32.59726030126132,0.0002509107282597464,0.004907920984096561,0.05112362832914139
bfo-c98ff20768b3d204c55911c8c4a8b4449883f0fecda03c7fd303cd97509f8d61,863,32.59724512044996,69.22184207360509,25.987902470765142,32.59724512044996,0.00025089439059670677,0.004907626504340309,0.05112336694221036
bfo-c98ff20768b3d204c55911c8c4a8b4449883f0fecda03c7fd303cd97509f8d61,864,32.597244474822254,69.24739366341306,25.988241258287594,32.597244474822254,0.00025083321228657406,0.004906522744605668,0.051122398762411786
bfo-c98ff20768b3d204c55911c8c4a8b4449883f0fecda03c7fd303cd97509f8d61,865,32.59723828471962,69.24660408117649,25.988217304351487,32.59723828471962,0.00025083878615451716,0.004906620402310524,0.051122517249632224
bfo-c98ff20768b3d204c55911c8c4a8b4449883f0fecda03c7fd303cd97509f8d61,866,32.597223148287505,69.24474931893504,25.988180587570167,32.597223148287505,0.0002508417937784763,0.004906712233755286,0.05112217342864184
bfo-c98ff20768b3d204c55911c8c4a8b4449883f0fecda03c7fd303cd97509f8d61,867,32.59721098157431,69.24875078062723,25.988224258115718,32.59721098157431,0.00025083755546377503,0.0049065436099634645,0.051123066542079064
bfo-c98ff20768b3d204c55911c8c4a8b4449883f0fecda03c7fd303cd97509f8d61,868,32.59718982013312,69.22262242606564,25.98786799794116,32.59718982013312,0.0002508973912067379,0.004907619501818479,0.05112405130710925
bfo-c98ff20768b3d204c55911c8c4a8b4449883f0fecda03c7fd303cd97509f8d61,869,32.59718368303564,69.23709086111263,25.98805752812017,32.59718368303564,0.000250869847876893,0.004907002129414601,0.051124870391450486
bfo-c98ff20768b3d204c55911c8c4a8b4449883f0fecda03c7fd303cd97509f8d61,870,32.59717900387383,69.22366499240172,25.987869260619114,32.59717900387383,0.00025090813234938215,0.004907611799508533,0.05112632021434724
bfo-c98ff20768b3d204c55911c8c4a8b4449883f0fecda03c7fd303cd97509f8d61,871,32.59728217076298,69.15694031689719,25.987033655102987,32.59728217076298,0.0002510643915019561,0.004910435156974796,0.051128745920887175
bfo-c98ff20768b3d204c55911c8c4a8b4449883f0fecda03c7fd303cd97509f8d61,872,32.597186127453654,69.21027812431777,25.987697285743458,32.597186127453654,0.0002509354186783124,0.0049081511471800905,0.05112626142788691
bfo-c98ff20768b3d204c55911c8c4a8b4449883f0fecda03c7fd303cd97509f8d61,873,32.59721971266964,69.268943962139,25.98849701797441,32.59721971266964,0.0002507990136515628,0.00490562101428092,0.05112482454748405
bfo-c98ff20768b3d204c55911c8c4a8b4449883f0fecda03c7fd303cd97509f8d61,874,32.59718607870059,69.2130435509686,25.987730845130507,32.59718607870059,0.0002509352090407208,0.004908091297402039,0.051126842154208985
bfo-c98ff20768b3d204c55911c8c4a8b4449883f0fecda03c7fd303cd97509f8d61,875,32.5971980404927,69.25887807227103,25.98834459566115,32.5971980404927,0.0002508249818838095,0.004906125975882379,0.05112485556156108
bfo-c98ff20768b3d204c55911c8c4a8b4449883f0fecda03c7fd303cd97509f8d61,876,32.59717859981757,69.24007755002911,25.98808228675797,32.59717859981757,0.00025086991284604596,0.004906927692844563,0.05112565918015714
bfo-c98ff20768b3d204c55911c8c4a8b4449883f0fecda03c7fd303cd97509f8d61,877,32.59722954667339,69.27750610012674,25.98860168862321,32.59722954667339,0.00025077845848532897,0.004905313032255314,0.051123844051605534
bfo-c98ff20768b3d204c55911c8c4a8b4449883f0fecda03c7fd303cd97509f8d61,878,32.59718426825957,69.24841198047301,25.98819557536178,32.59718426825957,0.00025084910358903387,0.004906569630584672,0.05112514902986151
bfo-c98ff20768b3d204c55911c8c4a8b4449883f0fecda03c7fd303cd97509f8d61,879,32.597198760395,69.25482517850403,25.988290178829352,32.597198760395,0.00025083102645173666,0.004906290328402133,0.05112437496812925
bfo-c98ff20768b3d204c55911c8c4a8b4449883f0fecda03c7fd303cd97509f8d61,880,32.597174924210705,69.23872495912374,25.988066171935074,32.597174924210705,0.00025087656380703174,0.004906955489824859,0.051126724977891766
bfo-c98ff20768b3d204c55911c8c4a8b4449883f0fecda03c7fd303cd97509f8d61,881,32.59720324994169,69.18993274865164,25.98744215392481,32.59720324994169,0.00025099517072813454,0.00490899905196655,0.05112960260759994
bfo-c98ff20768b3d204c55911c8c4a8b4449883f0fecda03c7fd303cd97509f8d61,882,32.5971744597976,69.24143805564839,25.98809701312764,32.5971744597976,0.0002508687209498655,0.00490686970441293,0.05112602046967947
bfo-c98ff20768b3d204c55911c8c4a8b4449883f0fecda03c7fd303cd97509f8d61,883,32.59724160928444,69.28264914091488,25.98868159154736,32.59724160928444,0.0002507685694284368,0.004905102642177697,0.05112402078442627
bfo-c98ff20768b3d204c55911c8c4a8b4449883f0fecda03c7fd303cd97509f8d61,884,32.59717169351764,69.24316652914932,25.988118968425557,32.59717169351764,0.00025086462307954277,0.0049067748353458784,0.05112617381022729
bfo-c98ff20768b3d204c55911c8c4a8b4449883f0fecda03c7fd303cd97509f8d61,885,32.597175006839784,69.23716605245806,25.988049401772816,32.597175006839784,0.0002508801352786114,0.004906999505076756,0.0511269942087934
bfo-c98ff20768b3d204c55911c8c4a8b4449883f0fecda03c7fd303cd97509f8d61,886,32.59718009061544,69.25142418908139,25.98823061098975,32.59718009061544,0.0002508458705304578,0.004906425390050787,0.051125993078203376
bfo-c98ff20768b3d204c55911c8c4a8b4449883f0fecda03c7fd303cd97509f8d61,887,32.59716512114047,69.20536416053372,25.987624061016515,32.59716512114047,0.00025095398441020276,0.004908296976520898,0.05112852494676964
bfo-c98ff20768b3d204c55911c8c4a8b4449883f0fecda03c7fd303cd97509f8d61,888,32.59716281808409,69.20305319595391,25.987589780800217,32.59716281808409,0.0002509563965524484,0.00490839617558347,0.051127983067221904
bfo-c98ff20768b3d204c55911c8c4a8b4449883f0fecda03c7fd303cd97509f8d61,889,32.5971687451366,69.1968754122354,25.98750353167092,32.5971687451366,0.00025097381374267734,0.004908714085474656,0.051128220012921985
bfo-c98ff20768b3d204c55911c8c4a8b4449883f0fecda03c7fd303cd97509f8d61,890,32.59715692511154,69.20438435190829,25.98760148203578,32.59715692511154,0.0002509584605265008,0.004908370351812942,0.051128672561109305
bfo-c98ff20768b3d204c55911c8c4a8b4449883f0fecda03c7fd303cd97509f8d61,891,32.59716009586289,69.20342365029927,25.98759795805177,32.59716009586289,0.00025096232909416666,0.00490831997889578,0.05112998544781618
bfo-c98ff20768b3d204c55911c8c4a8b4449883f0fecda03c7fd303cd97509f8d61,892,32.59718614706545,69.19228385877335,25.98746110940983,32.59718614706545,0.0002509935553115685,0.004908867226221584,0.05113064659211844
bfo-c98ff20768b3d204c55911c8c4a8b4449883f0fecda03c7fd303cd97509f8d61,893,32.59726689714318,69.14946813429867,25.986928361146227,32.59726689714318,0.00025108187460098295,0.00491065177378138,0.05113005078909124
bfo-c98ff20768b3d204c55911c8c4a8b4449883f0fecda03c7fd303cd97509f8d61,894,32.59715109088875,69.20597024449205,25.987618303705954,32.59715109088875,0.0002509541578996313,0.004908318062832583,0.05112834064278346
bfo-c98ff20768b3d204c55911c8c4a8b4449883f0fecda03c7fd303cd97509f8d61,895,32.597142951739286,69.21318078542618,25.98771661880298,32.597142951739286,0.0002509358679286519,0.0049079583441633354,0.0511283613943201
bfo-c98ff20768b3d204c55911c8c4a8b4449883f0fecda03c7fd303cd97509f8d61,896,32.59714930634303,69.2041650506271,25.98759350367795,32.59714930634303,0.0002509501964980599,0.004908393462033671,0.05112674817924741
bfo-c98ff20768b3d204c55911c8c4a8b4449883f0fecda03c7fd303cd97509f8d61,897,32.59713658400172,69.21765619807853,25.987771605557825,32.59713658400172,0.00025092493559971844,0.004907772980080057,0.05112806493254406
bfo-c98ff20768b3d204c55911c8c4a8b4449883f0fecda03c7fd303cd97509f8d61,898,32.59712942246514,69.22333695541086,25.98784771127957,32.59712942246514,0.00025090886726412856,0.004907487948468594,0.051127760251031475
bfo-c98ff20768b3d204c55911c8c4a8b4449883f0fecda03c7fd303cd97509f8d61,899,32.59716008917628,69.19542312250718,25.987501920253056,32.59716008917628,0.00025097382520324253,0.004908605436833601,0.05112935403606986
bfo-c98ff20768b3d204c55911c8c4a8b4449883f0fecda03c7fd303cd97509f8d61,900,32.59713843199143,69.21065401118233,25.987687691685906,32.59713843199143,0.0002509425952439659,0.004908023753533621,0.05112905068222118
bfo-c98ff20768b3d204c55911c8c4a8b4449883f0fecda03c7fd303cd97509f8d61,901,32.59712843772348,69.2235746685818,25.987854645133712,32.59712843772348,0.000250906594847575,0.004907442037967881,0.05112777551041087
bfo-c98ff20768b3d204c55911c8c4a8b4449883f0fecda03c7fd303cd97509f8d61,902,32.59715184807334,69.18069373296824,25.98729229339729,32.59715184807334,0.0002510008613127383,0.0049092499359963794,0.05112814881807301
bfo-c98ff20768b3d204c55911c8c4a8b4449883f0fecda03c7fd303cd97509f8d61,903,32.597129840008805,69.21682628699622,25.987769150364727,32.597129840008805,0.0002509218984190125,0.004907702076060713,0.051128184745154924
bfo-c98ff20768b3d204c55911c8c4a8b4449883f0fecda03c7fd303cd97509f8d61,904,32.59713851240509,69.25723465224871,25.988302958596694,32.59713851240509,0.00025082216575789373,0.004906036107608885,0.051125218049024916
bfo-c98ff20768b3d204c55911c8c4a8b4449883f0fecda03c7fd303cd97509f8d61,905,32.59713594458066,69.21007653626461,25.987683406904043,32.59713594458066,0.00025093912454003116,0.004907985371534648,0.05112874337308111
bfo-c98ff20768b3d204c55911c8c4a8b4449883f0fecda03c7fd303cd97509f8d61,906,32.59714687824831,69.26521072049053,25.988407816337993,32.59714687824831,0.0002508024993567756,0.0049056719577035,0.051125004182746896
bfo-c98ff20768b3d204c55911c8c4a8b4449883f0fecda03c7fd303cd97509f8d61,907,32.59713877697488,69.21101336820729,25.987694884400806,32.59713877697488,0.0002509452150994585,0.004907962342360396,0.051130224234518254
bfo-c98ff20768b3d204c55911c8c4a8b4449883f0fecda03c7fd303cd97509f8d61,908,32.59718455640292,69.2802664059853,25.98864170351375,32.59718455640292,0.00025076268393806766,0.004904948815278972,0.051124424205394155
bfo-c98ff20768b3d204c55911c8c4a8b4449883f0fecda03c7fd303cd97509f8d61,909,32.5971324549845,69.23212674767777,25.987968715338393,32.5971324549845,0.00025088692286299097,0.004907079220985835,0.05112754686943645
bfo-c98ff20768b3d204c55911c8c4a8b4449883f0fecda03c7fd303cd97509f8d61,910,32.59715324807936,69.19999034764902,25.98755649709551,32.59715324807936,0.0002509728139933685,0.004908456731408193,0.05113069702488069
bfo-c98ff20768b3d204c55911c8c4a8b4449883f0fecda03c7fd303cd97509f8d61,911,32.597121016766835,69.22604090098406,25.987880069042948,32.597121016766835,0.00025089804986197435,0.004907347718593949,0.05112701692429929
bfo-c98ff20768b3d204c55911c8c4a8b4449883f0fecda03c7fd303cd97509f8d61,912,32.597137179265616,69.24666129336819,25.988169138921002,32.597137179265616,0.00025085264625487717,0.004906441017240421,0.051127211225697515
bfo-c98ff20768b3d204c55911c8c4a8b4449883f0fecda03c7fd303cd97509f8d61,913,32.59712105789056,69.22224243210769,25.987828606922854,32.59712105789056,0.0002509041639706982,0.004907495859576725,0.05112671944105091
bfo-c98ff20768b3d204c55911c8c4a8b4449883f0fecda03c7fd303cd97509f8d61,914,32.59711248204286,69.21871096353738,25.987775485226965,32.59711248204286,0.0002509193690550648,0.004907642008591695,0.051128295139658934
bfo-c98ff20768b3d204c55911c8c4a8b4449883f0fecda03c7fd303cd97509f8d61,915,32.597116958668565,69.24699538981346,25.988150633374136,32.597116958668565,0.00025085867707212614,0.004906470921564697,0.051128128767575796
bfo-c98ff20768b3d204c55911c8c4a8b4449883f0fecda03c7fd303cd97509f8d61,916,32.5971175585624,69.20863094139271,25.987646220202294,32.5971175585624,0.00025094100855633877,0.004908070116280677,0.05112824442420582
bfo-c98ff20768b3d204c55911c8c4a8b4449883f0fecda03c7fd303cd97509f8d61,917,32.59711907068983,69.21063305056549,25.987662302270003,32.59711907068983,0.00025094011697746385,0.004908037309136981,0.051128404527468564
bfo-c98ff20768b3d204c55911c8c4a8b4449883f0fecda03c7fd303cd97509f8d61,918,32.59711332114285,69.23283682652902,25.987964191933422,32.59711332114285,0.00025088085147393046,0.004907032564422044,0.05112679571212087
bfo-c98ff20768b3d204c55911c8c4a8b4449883f0fecda03c7fd303cd97509f8d61,919,32.59716621625479,69.17859245558299,25.987277063092996,32.59716621625479,0.0002510202732212819,0.004909313977639357,0.05113143595309114
bfo-c98ff20768b3d204c55911c8c4a8b4449883f0fecda03c7fd303cd97509f8d61,920,32.5971244956479,69.20729346547931,25.987635337588546,32.5971244956479,0.0002509498113332484,0.004908102612579779,0.05112969942601609
bfo-c98ff20768b3d204c55911c8c4a8b4449883f0fecda03c7fd303cd97509f8d61,921,32.597121982637034,69.25115066324648,25.98820490109156,32.597121982637034,0.0002508378405876226,0.004906296962849802,0.05112569469132266
bfo-c98ff20768b3d204c55911c8c4a8b4449883f0fecda03c7fd303cd97509f8d61,922,32.597111916934935,69.2201670559944,25.987794579625092,32.597111916934935,0.00025091774708750717,0.004907571928444137,0.051128694748862585
bfo-c98ff20768b3d204c55911c8c4a8b4449883f0fecda03c7fd303cd97509f8d61,923,32.597163743181326,69.17656224825164,25.98725213653366,32.597163743181326,0.0002510236621831762,0.004909371179575364,0.051131530495701585
bfo-c98ff20768b3d204c55911c8c4a8b4449883f0fecda03c7fd303cd97509f8d61,924,32.59710903784247,69.22639032370495,25.987873151573133,32.59710903784247,0.000250904672930024,0.00490732312783032,0.05112862275302356
bfo-c98ff20768b3d204c55911c8c4a8b4449883f0fecda03c7fd303cd97509f8d61,925,32.59712563356806,69.21125871513536,25.987678708379462,32.59712563356806,0.0002509416763766561,0.004907986857061037,0.0511292478331784
bfo-c98ff20768b3d204c55911c8c4a8b4449883f0fecda03c7fd303cd97509f8d61,926,32.597106938016616,69.22860349124653,25.9879033995232,32.597106938016616,0.00025090105964047267,0.004907213324788433,0.05112903047704573
bfo-c98ff20768b3d204c55911c8c4a8b4449883f0fecda03c7fd303cd97509f8d61,927,32.59711896138253,69.23125346879252,25.98795103516297,32.59711896138253,0.0002508891499228401,0.0049070630718825265,0.05112816897757745
bfo-c98ff20768b3d204c55911c8c4a8b4449883f0fecda03c7fd303cd97509f8d61,928,32.59710499709197,69.22947695405534,25.98791275842326,32.59710499709197,0.00025089997167128386,0.0049071784097114365,0.05112917255560673
bfo-c98ff20768b3d204c55911c8c4a8b4449883f0fecda03c7fd303cd97509f8d61,929,32.597130794102554,69.25747714124462,25.988297351240604,32.597130794102554,0.0002508254172710327,0.004905987084063808,0.05112639168696402
bfo-c98ff20768b3d204c55911c8c4a8b4449883f0fecda03c7fd303cd97509f8d61,930,32.59711477006872,69.212346093225,25.98769259686398,32.59711477006872,0.00025094077210201666,0.0049078835520856194,0.05113013979220812
bfo-c98ff20768b3d204c55911c8c4a8b4449883f0fecda03c7fd303cd97509f8d61,931,32.59711700914242,69.25201145945624,25.988217595247704,32.59711700914242,0.0002508492630590845,0.004906186562331384,0.051129173314575865
bfo-c98ff20768b3d204c55911c8c4a8b4449883f0fecda03c7fd303cd97509f8d61,932,32.597108069163426,69.24031762779019,25.988055327557884,32.597108069163426,0.00025087865383105224,0.0049067512746726995,0.051129278780854215
bfo-c98ff20768b3d204c55911c8c4a8b4449883f0fecda03c7fd303cd97509f8d61,933,32.5971079629856,69.22038374328551,25.987796891905546,32.5971079629856,0.0002509194251756716,0.004907533144332485,0.051129440758937814
bfo-c98ff20768b3d204c55911c8c4a8b4449883f0fecda03c7fd303cd97509f8d61,934,32.59711364829228,69.25249238489769,25.988221415882283,32.59711364829228,0.00025084433970905636,0.004906177219889615,0.05112826717553839
bfo-c98ff20768b3d204c55911c8c4a8b4449883f0fecda03c7fd303cd97509f8d61,935,32.59718056079409,69.28802525572476,25.98873240154153,32.59718056079409,0.0002507518747550806,0.0049046227913201405,0.051125618711971854
bfo-c98ff20768b3d204c55911c8c4a8b4449883f0fecda03c7fd303cd97509f8d61,936,32.597104476859194,69.22727800417735,25.987886505548055,32.597104476859194,0.000250905306576431,0.004907230154609402,0.05112972056970949
bfo-c98ff20768b3d204c55911c8c4a8b4449883f0fecda03c7fd303cd97509f8d61,937,32.59711303885812,69.23214885968476,25.987961041068807,32.59711303885812,0.00025088690370942025,0.004906966931149045,0.05112871295643133
bfo-c98ff20768b3d204c55911c8c4a8b4449883f0fecda03c7fd303cd97509f8d61,938,32.59709985628985,69.2266418658289,25.987872560864613,32.59709985628985,0.0002509065886721273,0.004907261080194207,0.051129659614971526
bfo-c98ff20768b3d204c55911c8c4a8b4449883f0fecda03c7fd303cd97509f8d61,939,32.5971428112127,69.26826565496603,25.988434049085807,32.5971428112127,0.00025080683118356177,0.004905560240624103,0.05112705152544477
bfo-c98ff20768b3d204c55911c8c4a8b4449883f0fecda03c7fd303cd97509f8d61,940,32.597102875140074,69.22999681278782,25.987923339106224,32.597102875140074,0.00025089740730426104,0.004907087443997693,0.05112959778435507
bfo-c98ff20768b3d204c55911c8c4a8b4449883f0fecda03c7fd303cd97509f8d61,941,32.597105437585796,69.22513851157768,25.98785749102235,32.597105437585796,0.0002509103358394327,0.0049073338442468415,0.05112966506926969
bfo-c98ff20768b3d204c55911c8c4a8b4449883f0fecda03c7fd303cd97509f8d61,942,32.597097785067696,69.22681111311555,25.987872719766518,32.597097785067696,0.0002509047851554921,0.004907252250042978,0.05112938409744367
bfo-c98ff20768b3d204c55911c8c4a8b4449883f0fecda03c7fd303cd97509f8d61,943,32.59711368818275,69.25404912197607,25.988245534024593,32.59711368818275,0.00025084023925021047,0.004906029655191783,0.051128969223567564
bfo-c98ff20768b3d204c55911c8c4a8b4449883f0fecda03c7fd303cd97509f8d61,944,32.59709747173117,69.22649700016126,25.987870316041455,32.59709747173117,0.00025090853690740313,0.004907238866113334,0.051130288081152546
bfo-c98ff20768b3d204c55911c8c4a8b4449883f0fecda03c7fd303cd97509f8d61,945,32.59709918782093,69.21383978623311,25.987699423661066,32.59709918782093,0.0002509317087923444,0.004907792153523431,0.051129245278285475
bfo-c98ff20768b3d204c55911c8c4a8b4449883f0fecda03c7fd303cd97509f8d61,946,32.597094850181335,69.22377397835513,25.987834558898317,32.597094850181335,0.00025091398760776045,0.0049073418089893165,0.05113032622837353
bfo-c98ff20768b3d204c55911c8c4a8b4449883f0fecda03c7fd303cd97509f8d61,947,32.59710461595546,69.20892696089633,25.987643042995614,32.59710461595546,0.00025094548960447434,0.004907935260694123,0.051130562298611786
bfo-c98ff20768b3d204c55911c8c4a8b4449883f0fecda03c7fd303cd97509f8d61,948,32.59709437557249,69.22256616123958,25.98782349088406,32.59709437557249,0.0002509197678117237,0.004907358108602144,0.05113133426555616
bfo-c98ff20768b3d204c55911c8c4a8b4449883f0fecda03c7fd303cd97509f8d61,949,32.59714555856623,69.1801826451137,25.98729110096594,32.59714555856623,0.00025102416393071403,0.004909134392143076,0.05113409898341157
bfo-c98ff20768b3d204c55911c8c4a8b4449883f0fecda03c7fd303cd97509f8d61,950,32.59709246215572,69.22478428651215,25.9878530196473,32.59709246215572,0.00025091308473751357,0.0049072424553929005,0.05113117744198031
bfo-c98ff20768b3d204c55911c8c4a8b4449883f0fecda03c7fd303cd97509f8d61,951,32.59714497083493,69.17753224901779,25.987264341001257,32.59714497083493,0.00025102670383229405,0.004909180350028499,0.051134137663293784
bfo-c98ff20768b3d204c55911c8c4a8b4449883f0fecda03c7fd303cd97509f8d61,952,32.597091909793974,69.2411708927041,25.988070484007306,32.597091909793974,0.0002508685507603847,0.004906525921461314,0.051129568003111324
bfo-c98ff20768b3d204c55911c8c4a8b4449883f0fecda03c7fd303cd97509f8d61,953,32.59714476616243,69.2802367212698,25.988619883140792,32.59714476616243,0.00025077014627997634,0.004904818190148728,0.05112730718207768
bfo-c98ff20768b3d204c55911c8c4a8b4449883f0fecda03c7fd303cd97509f8d61,954,32.59711833742469,69.2557901676978,25.98828426171368,32.59711833742469,0.00025083995678430086,0.004905882479340571,0.05113044550916714
bfo-c98ff20768b3d204c55911c8c4a8b4449883f0fecda03c7fd303cd97509f8d61,955,32.59706947653541,69.22030534230097,25.987778183139483,32.59706947653541,0.000250918143393765,0.0049074276942326755,0.05113027822878571
bfo-c98ff20768b3d204c55911c8c4a8b4449883f0fecda03c7fd303cd97509f8d61,956,32.59707359523849,69.23153614774444,25.987932417751807,32.59707359523849,0.0002508877547841023,0.004906937237065331,0.051129195802420646
bfo-c98ff20768b3d204c55911c8c4a8b4449883f0fecda03c7fd303cd97509f8d61,957,32.59708703457439,69.20571575507644,25.987597777366748,32.59708703457439,0.00025095401828471734,0.00490802987826183,0.05113131429704993
bfo-c98ff20768b3d204c55911c8c4a8b4449883f0fecda03c7fd303cd97509f8d61,958,32.59706993890826,69.25205065289023,25.988189959922316,32.59706993890826,0.0002508347656298798,0.004906091422859438,0.05112720983166774
bfo-c98ff20768b3d204c55911c8c4a8b4449883f0fecda03c7fd303cd97509f8d61,959,32.59709205824094,69.2008618211868,25.98753617548064,32.59709205824094,0.0002509666009697913,0.004908215101310648,0.05113194833347367
bfo-c98ff20768b3d204c55911c8c4a8b4449883f0fecda03c7fd303cd97509f8d61,960,32.59706639742445,69.22346876364726,25.987820106753116,32.59706639742445,0.000250906303053796,0.00490727397083051,0.05112946710234979
bfo-c98ff20768b3d204c55911c8c4a8b4449883f0fecda03c7fd303cd97509f8d61,961,32.59707194221285,69.22832746483274,25.98789043876474,32.59707194221285,0.0002509070241962977,0.004907085815003518,0.051131574554727416
bfo-c98ff20768b3d204c55911c8c4a8b4449883f0fecda03c7fd303cd97509f8d61,962,32.59707144216422,69.2116004915984,25.98766455110937,32.59707144216422,0.0002509348606587545,0.004907775432479873,0.05113006169721145
bfo-c98ff20768b3d204c55911c8c4a8b4449883f0fecda03c7fd303cd97509f8d61,963,32.597061273646105,69.24083895866335,25.988049335150336,32.597061273646105,0.00025086409274514777,0.004906545397872385,0.0511284564602071
bfo-c98ff20768b3d204c55911c8c4a8b4449883f0fecda03c7fd303cd97509f8d61,964,32.597050933783486,69.24351700992091,25.98807217794313,32.597050933783486,0.0002508507050260956,0.004906469706084001,0.051126516630693106
bfo-c98ff20768b3d204c55911c8c4a8b4449883f0fecda03c7fd303cd97509f8d61,965,32.59704484755932,69.2441800330493,25.98807718377562,32.59704484755932,0.0002508483405235499,0.0049064249995298985,0.0511265005676403
bfo-c98ff20768b3d204c55911c8c4a8b4449883f0fecda03c7fd303cd97509f8d61,966,32.597054535386405,69.23147987796943,25.987920491704063,32.597054535386405,0.00025087868045432495,0.004906919455410469,0.051127531791397354
bfo-c98ff20768b3d204c55911c8c4a8b4449883f0fecda03c7fd303cd97509f8d61,967,32.597052879916724,69.2544476906462,25.98821687255223,32.597052879916724,0.0002508167061876277,0.004905985279681677,0.05112463488759221
bfo-c98ff20768b3d204c55911c8c4a8b4449883f0fecda03c7fd303cd97509f8d61,968,32.597050022749,69.25012442703286,25.98815286663996,32.597050022749,0.0002508378058278973,0.00490619989464071,0.05112669911837472
bfo-c98ff20768b3d204c55911c8c4a8b4449883f0fecda03c7fd303cd97509f8d61,969,32.597060619056464,69.2581735606633,25.98827062500197,32.597060619056464,0.0002508154114884238,0.004905820233848935,0.05112609095577128
bfo-c98ff20768b3d204c55911c8c4a8b4449883f0fecda03c7fd303cd97509f8d61,970,32.59704913221813,69.24851814244391,25.988143152733418,32.59704913221813,0.0002508411285862411,0.004906181424268408,0.05112756885537425
bfo-c98ff20768b3d204c55911c8c4a8b4449883f0fecda03c7fd303cd97509f8d61,971,32.597034666953576,69.23309828311909,25.987927476679523,32.597034666953576,0.00025087362972044726,0.004906879613573774,0.05112691760899576
bfo-c98ff20768b3d204c55911c8c4a8b4449883f0fecda03c7fd303cd97509f8d61,972,32.597027589246366,69.23148949010047,25.9879033349386,32.597027589246366,0.0002508689436584796,0.0049069324037775645,0.05112541258268609
bfo-c98ff20768b3d204c55911c8c4a8b4449883f0fecda03c7fd303cd97509f8d61,973,32.59702738943486,69.23499231468332,25.987949306572403,32.59702738943486,0.0002508572522351351,0.004906796151834519,0.05112444953339795
bfo-c98ff20768b3d204c55911c8c4a8b4449883f0fecda03c7fd303cd97509f8d61,974,32.59702583506605,69.24357650806238,25.9880528178772,32.59702583506605,0.0002508343803487095,0.004906487225119301,0.05112300691715558
bfo-c98ff20768b3d204c55911c8c4a8b4449883f0fecda03c7fd303cd97509f8d61,975,32.59704522340053,69.27301059462589,25.988451149000333,32.59704522340053,0.0002507519832934991,0.004905213029944144,0.05111948895242057
bfo-c98ff20768b3d204c55911c8c4a8b4449883f0fecda03c7fd303cd97509f8d61,976,32.59702004818763,69.24225375745199,25.988029349423563,32.59702004818763,0.0002508397497549528,0.0049065532685677715,0.051123413122175936
bfo-c98ff20768b3d204c55911c8c4a8b4449883f0fecda03c7fd303cd97509f8d61,977,32.59701743586161,69.22581419975842,25.987812326629996,32.59701743586161,0.00025088388215647697,0.004907262500218481,0.05112501769475489
bfo-c98ff20768b3d204c55911c8c4a8b4449883f0fecda03c7fd303cd97509f8d61,978,32.59701618426612,69.23725812435019,25.987965971553066,32.59701618426612,0.00025085003906932986,0.004906740196014895,0.05112356249737099
bfo-c98ff20768b3d204c55911c8c4a8b4449883f0fecda03c7fd303cd97509f8d61,979,32.5970305939511,69.20440173279746,25.987547568705526,32.5970305939511,0.00025093477850932674,0.0049080781507139645,0.05112689138269405
bfo-c98ff20768b3d204c55911c8c4a8b4449883f0fecda03c7fd303cd97509f8d61,980,32.59701511486212,69.22741646158518,25.987835907562282,32.59701511486212,0.0002508749061464198,0.004907152971633741,0.05112432964625838
bfo-c98ff20768b3d204c55911c8c4a8b4449883f0fecda03c7fd303cd97509f8d61,981,32.597034470127326,69.26202220807454,25.98828853589654,32.597034470127326,0.00025078967721142085,0.004905767158998117,0.051121398363031666
bfo-c98ff20768b3d204c55911c8c4a8b4449883f0fecda03c7fd303cd97509f8d61,982,32.59701468842366,69.23172225428141,25.98789767489391,32.59701468842366,0.0002508636362915652,0.004906944974841907,0.05112420000178372
bfo-c98ff20768b3d204c55911c8c4a8b4449883f0fecda03c7fd303cd97509f8d61,983,32.59704205928296,69.18721561581148,25.987321551294364,32.59704205928296,0.00025097265012733713,0.004908834054484297,0.05112673342421703
bfo-c98ff20768b3d204c55911c8c4a8b4449883f0fecda03c7fd303cd97509f8d61,984,32.597009056056095,69.23153040021165,25.987895397701934,32.597009056056095,0.0002508634924864533,0.004906931359562103,0.051124312549756246
bfo-c98ff20768b3d204c55911c8c4a8b4449883f0fecda03c7fd303cd97509f8d61,985,32.59705504701902,69.17676139651245,25.98719934301858,32.59705504701902,0.00025099246341811287,0.004909205215445499,0.051126903929058075
bfo-c98ff20768b3d204c55911c8c4a8b4449883f0fecda03c7fd303cd97509f8d61,986,32.59701137367604,69.22035380958056,25.987750131481093,32.59701137367604,0.00025088563242080974,0.004907386847129592,0.051124078911275704
bfo-c98ff20768b3d204c55911c8c4a8b4449883f0fecda03c7fd303cd97509f8d61,987,32.59705656534024,69.27138300642434,25.9884457582898,32.59705656534024,0.0002507608235726932,0.004905229538941994,0.051121119120305154
bfo-c98ff20768b3d204c55911c8c4a8b4449883f0fecda03c7fd303cd97509f8d61,988,32.5970130863513,69.2358002109324,25.987958024884502,32.5970130863513,0.0002508582968480687,0.004906725313878118,0.051125400506636144
bfo-c98ff20768b3d204c55911c8c4a8b4449883f0fecda03c7fd303cd97509f8d61,989,32.5970963214,69.28579634488884,25.988671411910545,32.5970963214,0.000250730862035695,0.004904548954274878,0.051122104065686666
bfo-c98ff20768b3d204c55911c8c4a8b4449883f0fecda03c7fd303cd97509f8d61,990,32.59700405587403,69.22650086751189,25.98782387979912,32.59700405587403,0.0002508785169940855,0.004907152309678699,0.05112507237634775
bfo-c98ff20768b3d204c55911c8c4a8b4449883f0fecda03c7fd303cd97509f8d61,991,32.59703134044727,69.1950157278807,25.987426368078726,32.59703134044727,0.00025095602266073303,0.004908429533731594,0.051127559423257266
bfo-c98ff20768b3d204c55911c8c4a8b4449883f0fecda03c7fd303cd97509f8d61,992,32.59700729209932,69.23688579292173,25.987964797313623,32.59700729209932,0.0002508506134849076,0.004906669531318941,0.05112441583516988
bfo-c98ff20768b3d204c55911c8c4a8b4449883f0fecda03c7fd303cd97509f8d61,993,32.597029825852,69.19241547690851,25.987391826531326,32.597029825852,0.0002509506742342269,0.0049085140137470505,0.05112558984886278
bfo-c98ff20768b3d204c55911c8c4a8b4449883f0fecda03c7fd303cd97509f8d61,994,32.59700063401784,69.22601706376297,25.98781498404066,32.59700063401784,0.0002508842971898489,0.004907162172856745,0.051126147527297744
bfo-c98ff20768b3d204c55911c8c4a8b4449883f0fecda03c7fd303cd97509f8d61,995,32.59704122372533,69.18781714346048,25.987337200455002,32.59704122372533,0.00025098028811267997,0.004908745922629587,0.051129207351239575
bfo-c98ff20768b3d204c55911c8c4a8b4449883f0fecda03c7fd303cd97509f8d61,996,32.597002248427344,69.21960542211565,25.98773121709452,32.597002248427344,0.00025089817973479253,0.004907434268595807,0.051126141686780764
bfo-c98ff20768b3d204c55911c8c4a8b4449883f0fecda03c7fd303cd97509f8d61,997,32.59700324603017,69.24785020184207,25.988101059167928,32.59700324603017,0.00025083784031875394,0.004906250357104395,0.05112618029276337
bfo-c98ff20768b3d204c55911c8c4a8b4449883f0fecda03c7fd303cd97509f8d61,998,32.59700281659317,69.21553447054488,25.98767466125992,32.59700281659317,0.000250911726479007,0.004907632862963141,0.0511268331363139
bfo-c98ff20768b3d204c55911c8c4a8b4449883f0fecda03c7fd303cd97509f8d61,999,32.59706149079452,69.18329905005355,25.987287151832547,32.59706149079452,0.0002509834576170314,0.004908940637746006,0.05112782495008397
bfo-c98ff20768b3d204c55911c8c4a8b4449883f0fecda03c7fd303cd97509f8d61,1000,32.596997816529026,69.23352615066645,25.987911878143855,32.596997816529026,0.00025086690251114224,0.004906836500081273,0.051125995844162955
bfo-c98ff20768b3d204c55911c8c4a8b4449883f0fecda03c7fd303cd97509f8d61,1001,32.5970247456768,69.26543015516626,25.988345136214406,32.5970247456768,0.0002507918938044459,0.004905513456424553,0.051124494108969146
bfo-c98ff20768b3d204c55911c8c4a8b4449883f0fecda03c7fd303cd97509f8d61,1002,32.59699489818498,69.23751219576448,25.987962859175923,32.59699489818498,0.00025085649703952676,0.0049066428161016855,0.051125893292316635
bfo-c98ff20768b3d204c55911c8c4a8b4449883f0fecda03c7fd303cd97509f8d61,1003,32.59703239551627,69.26844727056852,25.988393668690293,32.59703239551627,0.00025078486440795596,0.004905312714818513,0.05112515327521469
bfo-c98ff20768b3d204c55911c8c4a8b4449883f0fecda03c7fd303cd97509f8d61,1004,32.59699354376382,69.23727087190838,25.987961067519613,32.59699354376382,0.0002508577298142931,0.004906629215239034,0.05112628625680087
bfo-c98ff20768b3d204c55911c8c4a8b4449883f0fecda03c7fd303cd97509f8d61,1005,32.59700298626678,69.22465859239018,25.98779447635261,32.59700298626678,0.00025088932887236675,0.004907202332781778,0.051126754484187624
bfo-c98ff20768b3d204c55911c8c4a8b4449883f0fecda03c7fd303cd97509f8d61,1006,32.596989879919825,69.23916892469566,25.987981411791942,32.596989879919825,0.0002508528456586673,0.004906553805364172,0.05112607659258077
bfo-c98ff20768b3d204c55911c8c4a8b4449883f0fecda03c7fd303cd97509f8d61,1007,32.59699068892712,69.23779103156426,25.987963196698807,32.59699068892712,0.0002508590041631842,0.0049065985336064185,0.051126865677921955
bfo-c98ff20768b3d204c55911c8c4a8b4449883f0fecda03c7fd303cd97509f8d61,1008,32.59698984702994,69.22806254502021,25.987837892468857,32.59698984702994,0.0002508810269778995,0.004907015613910687,0.05112700808749981
bfo-c98ff20768b3d204c55911c8c4a8b4449883f0fecda03c7fd303cd97509f8d61,1009,32.59698422888679,69.25724352621711,25.98821625285586,32.59698422888679,0.0002508011212054798,0.004905775537703976,0.051123643810833806
bfo-c98ff20768b3d204c55911c8c4a8b4449883f0fecda03c7fd303cd97509f8d61,1010,32.59698670989875,69.25875522054986,25.988242738318114,32.59698670989875,0.0002507950470754349,0.0049056099868049485,0.05112413089300218
bfo-c98ff20768b3d204c55911c8c4a8b4449883f0fecda03c7fd303cd97509f8d61,1011,32.596973482404614,69.25126469437464,25.988129545324476,32.596973482404614,0.00025081018399547453,0.004906026348891244,0.051122877489672945
bfo-c98ff20768b3d204c55911c8c4a8b4449883f0fecda03c7fd303cd97509f8d61,1012,32.59696236712035,69.23313076506616,25.987882371118285,32.59696236712035,0.000250853138054987,0.004906803487295313,0.051123534640116625
bfo-c98ff20768b3d204c55911c8c4a8b4449883f0fecda03c7fd303cd97509f8d61,1013,32.596958926546534,69.20995505351951,25.98756988630543,32.596958926546534,0.0002509103129626983,0.004907781914770245,0.051124992373350914
bfo-c98ff20768b3d204c55911c8c4a8b4449883f0fecda03c7fd303cd97509f8d61,1014,32.596937972477996,69.23011533538457,25.987822586624922,32.596937972477996,0.0002508596120773618,0.00490693887665265,0.051123443430477346
bfo-c98ff20768b3d204c55911c8c4a8b4449883f0fecda03c7fd303cd97509f8d61,1015,32.59703463261796,69.29370382313817,25.988724347181943,32.59703463261796,0.00025070253777046184,0.0049041523975282665,0.051120462303907606
bfo-c98ff20768b3d204c55911c8c4a8b4449883f0fecda03c7fd303cd97509f8d61,1016,32.59693616070137,69.23646633984244,25.987907925907376,32.59693616070137,0.000250845861680234,0.004906669438197349,0.05112344836753293
bfo-c98ff20768b3d204c55911c8c4a8b4449883f0fecda03c7fd303cd97509f8d61,1017,32.59695478002907,69.19645581618659,25.987388177177433,32.59695478002907,0.0002509468028642927,0.00490834418463268,0.0511265700661276
bfo-c98ff20768b3d204c55911c8c4a8b4449883f0fecda03c7fd303cd97509f8d61,1018,32.59693545350045,69.24420431126069,25.988006268578253,32.59693545350045,0.0002508231829985175,0.0049063609649526345,0.05112204030445586
bfo-c98ff20768b3d204c55911c8c4a8b4449883f0fecda03c7fd303cd97509f8d61,1019,32.59698888156416,69.27948723257603,25.988497717349556,32.59698888156416,0.0002507315728306578,0.004904854369356264,0.051119065715210014
bfo-c98ff20768b3d204c55911c8c4a8b4449883f0fecda03c7fd303cd97509f8d61,1020,32.59693576195137,69.25275142259942,25.988117029473543,32.59693576195137,0.0002508008355670152,0.004906011840534829,0.051121123168686465
bfo-c98ff20768b3d204c55911c8c4a8b4449883f0fecda03c7fd303cd97509f8d61,1021,32.59693064338641,69.23588844770839,25.987893664150747,32.59693064338641,0.0002508421893494775,0.0049066979006187365,0.05112240338208843
bfo-c98ff20768b3d204c55911c8c4a8b4449883f0fecda03c7fd303cd97509f8d61,1022,32.59693272711587,69.23803547517284,25.98792574442549,32.59693272711587,0.00025083912999911855,0.004906600632796385,0.051122793308767726
bfo-c98ff20768b3d204c55911c8c4a8b4449883f0fecda03c7fd303cd97509f8d61,1023,32.59692717549211,69.2382544390799,25.987922952339726,32.59692717549211,0.0002508343419099274,0.004906586223417573,0.05112196759383847
bfo-c98ff20768b3d204c55911c8c4a8b4449883f0fecda03c7fd303cd97509f8d61,1024,32.59694493374495,69.18798019791433,25.987266932748135,32.59694493374495,0.00025095212757288973,0.004908702151672019,0.05112392641044834
bfo-c98ff20768b3d204c55911c8c4a8b4449883f0fecda03c7fd303cd97509f8d61,1025,32.59692591342755,69.23775672631601,25.987919042368592,32.59692591342755,0.0002508315693774662,0.004906586858867478,0.051121395909693994
bfo-c98ff20768b3d204c55911c8c4a8b4449883f0fecda03c7fd303cd97509f8d61,1026,32.59695581823119,69.19701493876443,25.98739851996884,32.59695581823119,0.0002509250689788478,0.00490828787812966,0.05112272857851701
bfo-c98ff20768b3d204c55911c8c4a8b4449883f0fecda03c7fd303cd97509f8d61,1027,32.59692464037212,69.23879337077172,25.987929390027457,32.59692464037212,0.0002508242291715277,0.004906566380720994,0.05112011327454422
bfo-c98ff20768b3d204c55911c8c4a8b4449883f0fecda03c7fd303cd97509f8d61,1028,32.596931316208966,69.24279666705021,25.987986065331217,32.596931316208966,0.00025081002164705385,0.004906404502190773,0.051118904186367824
bfo-c98ff20768b3d204c55911c8c4a8b4449883f0fecda03c7fd303cd97509f8d61,1029,32.59692182870668,69.23418128720662,25.987865274454414,32.59692182870668,0.00025083470125508624,0.004906775002037425,0.05112007401010499
bfo-c98ff20768b3d204c55911c8c4a8b4449883f0fecda03c7fd303cd97509f8d61,1030,32.596928226095876,69.24378323964072,25.98798614654528,32.596928226095876,0.0002508132190901143,0.004906429270750317,0.05111929781304248
bfo-c98ff20768b3d204c55911c8c4a8b4449883f0fecda03c7fd303cd97509f8d61,1031,32.59692185257807,69.23581691867636,25.98788682880507,32.59692185257807,0.0002508291507410817,0.004906711786340102,0.051119601407885885
bfo-c98ff20768b3d204c55911c8c4a8b4449883f0fecda03c7fd303cd97509f8d61,1032,32.5969391825245,69.21029655673094,25.98756312529656,32.5969391825245,0.00025089544048169496,0.004907787648801244,0.05112190225731907
bfo-c98ff20768b3d204c55911c8c4a8b4449883f0fecda03c7fd303cd97509f8d61,1033,32.59691747383911,69.23374096759362,25.98785254239755,32.59691747383911,0.00025083625615659945,0.004906819924132974,0.0511199228899605
bfo-c98ff20768b3d204c55911c8c4a8b4449883f0fecda03c7fd303cd97509f8d61,1034,32.59694427844626,69.19488147097631,25.9873595167147,32.59694427844626,0.00025093323926476106,0.004908418983997337,0.051123027614974524
bfo-c98ff20768b3d204c55911c8c4a8b4449883f0fecda03c7fd303cd97509f8d61,1035,32.59691813898549,69.22648946744687,25.987758143293835,32.59691813898549,0.0002508558264694667,0.004907131702733193,0.05112066308098967
bfo-c98ff20768b3d204c55911c8c4a8b4449883f0fecda03c7fd303cd97509f8d61,1036,32.596998076193145,69.28933956378086,25.988638695526635,32.596998076193145,0.0002506981869163417,0.004904382108237858,0.05111718079536373
bfo-c98ff20768b3d204c55911c8c4a8b4449883f0fecda03c7fd303cd97509f8d61,1037,32.59691506480786,69.2371139219384,25.987892280970687,32.59691506480786,0.00025082716876523737,0.004906701570488822,0.05111930390750239
bfo-c98ff20768b3d204c55911c8c4a8b4449883f0fecda03c7fd303cd97509f8d61,1038,32.59693711241919,69.19224216633086,25.987309844384438,32.59693711241919,0.00025093610770670667,0.004908596286739783,0.0511217653781372
bfo-c98ff20768b3d204c55911c8c4a8b4449883f0fecda03c7fd303cd97509f8d61,1039,32.59691516661533,69.23438540091024,25.987863908769565,32.59691516661533,0.0002508352212726945,0.004906769399806039,0.051120238355323935
bfo-c98ff20768b3d204c55911c8c4a8b4449883f0fecda03c7fd303cd97509f8d61,1040,32.59696996363125,69.28167094720789,25.98850104948771,32.59696996363125,0.000250718159080119,0.00490482707346974,0.05111661539226451
bfo-c98ff20768b3d204c55911c8c4a8b4449883f0fecda03c7fd303cd97509f8d61,1041,32.59691310348212,69.24044889117712,25.987939984741633,32.59691310348212,0.0002508181498826221,0.0049065290962214654,0.051119262713794564
bfo-c98ff20768b3d204c55911c8c4a8b4449883f0fecda03c7fd303cd97509f8d61,1042,32.59692675476444,69.25867332097414,25.988184269517575,32.59692675476444,0.0002507807308766002,0.004905823393307945,0.051118988755015374
bfo-c98ff20768b3d204c55911c8c4a8b4449883f0fecda03c7fd303cd97509f8d61,1043,32.59691623115514,69.24220668023013,25.987964683834342,32.59691623115514,0.0002508178673756404,0.004906462905041338,0.051119894765316115
bfo-c98ff20768b3d204c55911c8c4a8b4449883f0fecda03c7fd303cd97509f8d61,1044,32.596936727090764,69.19107214114733,25.987302814868748,32.596936727090764,0.00025093140590164446,0.0049085618362487045,0.051121166295302306
bfo-c98ff20768b3d204c55911c8c4a8b4449883f0fecda03c7fd303cd97509f8d61,1045,32.59691365472368,69.2292184459113,25.987792837274604,32.59691365472368,0.000250843066349738,0.004906991087996211,0.051119527598769435
bfo-c98ff20768b3d204c55911c8c4a8b4449883f0fecda03c7fd303cd97509f8d61,1046,32.59696959988747,69.28179350198492,25.98851227689111,32.59696959988747,0.00025071212382468493,0.00490477406578946,0.05111593734222923
bfo-c98ff20768b3d204c55911c8c4a8b4449883f0fecda03c7fd303cd97509f8d61,1047,32.596913131609,69.22814217189931,25.9877790926937,32.596913131609,0.00025084443818596935,0.0049070442864581326,0.05111925296419669
bfo-c98ff20768b3d204c55911c8c4a8b4449883f0fecda03c7fd303cd97509f8d61,1048,32.59693765793351,69.25951518054391,25.98821173560147,32.59693765793351,0.0002507820476157588,0.0049056992873993555,0.05112055038919949
bfo-c98ff20768b3d204c55911c8c4a8b4449883f0fecda03c7fd303cd97509f8d61,1049,32.59691276705853,69.24545012404866,25.98800489894883,32.59691276705853,0.0002508111872657255,0.004906313777926247,0.051120087018106684
bfo-c98ff20768b3d204c55911c8c4a8b4449883f0fecda03c7fd303cd97509f8d61,1050,32.59691140312509,69.2366641127446,25.987894045360544,32.59691140312509,0.00025083043575782155,0.004906674678801069,0.05112024989989986
