run_id,evaluation_index,training_objective,expected_energy,cvar_0.10,cvar_0.25,p_opt,p_feas,p_opt_given_feas
bfo-63e471a5032e0a9170e0e902cd32dee78f4accc2074436cf7ece1f4bf50a82bd,0,18.437183057142686,18.437183057142686,11.966405052275645,11.98656202091026,0.0003660921358760315,0.14563725687445495,0.0025137258400274413
bfo-63e471a5032e0a9170e0e902cd32dee78f4accc2074436cf7ece1f4bf50a82bd,1,18.437183057142686,18.437183057142686,11.966405052275645,11.98656202091026,0.0003660921358760315,0.14563725687445495,0.0025137258400274413
bfo-63e471a5032e0a9170e0e902cd32dee78f4accc2074436cf7ece1f4bf50a82bd,2,127.14046540999067,127.14046540999067,70.12378650877682,84.54877481174857,4.174613874575998e-09,1.7844289293167943e-05,0.00023394677176492176
bfo-63e471a5032e0a9170e0e902cd32dee78f4accc2074436cf7ece1f4bf50a82bd,3,28.75709938265394,28.75709938265394,11.982616158427728,13.278255538881874,4.608255459347654e-05,0.04122446758952318,0.001117844748228792
bfo-63e471a5032e0a9170e0e902cd32dee78f4accc2074436cf7ece1f4bf50a82bd,4,75.35275887142755,75.35275887142755,39.67612807834721,48.083825487382384,3.506301755105099e-06,0.00029856643081324077,0.011743790973267052
bfo-63e471a5032e0a9170e0e902cd32dee78f4accc2074436cf7ece1f4bf50a82bd,5,69.78752325474633,69.78752325474633,32.97737809345048,41.5415143654751,1.5038609887818928e-06,0.000760940685619908,0.001976318282359626
bfo-63e471a5032e0a9170e0e902cd32dee78f4accc2074436cf7ece1f4bf50a82bd,6,71.4990647346491,71.4990647346491,33.87546745957902,42.734175770822844,1.1187711629396024e-06,0.0006450552222131307,0.0017343804443613244
bfo-63e471a5032e0a9170e0e902cd32dee78f4accc2074436cf7ece1f4bf50a82bd,7,71.51518759856415,71.51518759856415,33.88539890524434,42.74557191766657,1.1157754501668846e-06,0.0006440234040043345,0.001732507612657156
bfo-63e471a5032e0a9170e0e902cd32dee78f4accc2074436cf7ece1f4bf50a82bd,8,71.8802310340003,71.8802310340003,34.15088662388896,43.034943469134014,1.0216947427210737e-06,0.0006090754084983635,0.001677451968123285
bfo-63e471a5032e0a9170e0e902cd32dee78f4accc2074436cf7ece1f4bf50a82bd,9,71.89214891146648,71.89214891146648,34.160550312298845,43.045217150272684,1.017833125056982e-06,0.000607635097664455,0.0016750729656156964
bfo-63e471a5032e0a9170e0e902cd32dee78f4accc2074436cf7ece1f4bf50a82bd,10,72.22586242710848,72.22586242710848,34.450275344307734,43.339966546353786,9.091732434371018e-07,0.0005651668970921055,0.0016086809898367656
bfo-63e471a5032e0a9170e0e902cd32dee78f4accc2074436cf7ece1f4bf50a82bd,11,72.68508767939363,72.68508767939363,35.034333754485154,43.87848363479715,6.919094353310138e-07,0.0004684586222931087,0.0014769915685276783
bfo-63e471a5032e0a9170e0e902cd32dee78f4accc2074436cf7ece1f4bf50a82bd,12,72.68210315626452,72.68210315626452,35.03521504780032,43.87846160916013,6.889305367333379e-07,0.00046762852582205857,0.001473243180625574
bfo-63e471a5032e0a9170e0e902cd32dee78f4accc2074436cf7ece1f4bf50a82bd,13,72.63616103671855,72.63616103671855,35.022188336307934,43.85380150574925,6.404372213458711e-07,0.0004597114811237412,0.0013931286201083234
bfo-63e471a5032e0a9170e0e902cd32dee78f4accc2074436cf7ece1f4bf50a82bd,14,72.26101821229524,72.26101821229524,34.876964173418266,43.61080808198328,2.8554412891594754e-07,0.00039977364358740784,0.0007142645181748087
bfo-63e471a5032e0a9170e0e902cd32dee78f4accc2074436cf7ece1f4bf50a82bd,15,72.24480900046669,72.24480900046669,34.86942431554166,43.597367623131746,2.7009619813278527e-07,0.00039706575988196735,0.0006802303936080377
bfo-63e471a5032e0a9170e0e902cd32dee78f4accc2074436cf7ece1f4bf50a82bd,16,72.22103413901556,72.22103413901556,34.85713057979831,43.57196616070139,2.4079259157861176e-07,0.00039198004219573643,0.0006142980908665019
bfo-63e471a5032e0a9170e0e902cd32dee78f4accc2074436cf7ece1f4bf50a82bd,17,72.21663188751413,72.21663188751413,34.79556908952763,43.52947762748308,6.493993602560154e-07,0.00042347131975537585,0.0015335143844715387
bfo-63e471a5032e0a9170e0e902cd32dee78f4accc2074436cf7ece1f4bf50a82bd,18,72.2183971126561,72.2183971126561,34.78301595368676,43.52476385214196,6.702441421319778e-07,0.0004288679663992668,0.0015628216482552464
bfo-63e471a5032e0a9170e0e902cd32dee78f4accc2074436cf7ece1f4bf50a82bd,19,72.28704075797424,72.28704075797424,34.815610312629104,43.56521895834515,7.483065366817018e-07,0.0004327498591074999,0.0017291895558903328
bfo-63e471a5032e0a9170e0e902cd32dee78f4accc2074436cf7ece1f4bf50a82bd,20,35.800495795741675,35.800495795741675,16.4448534148964,21.299644976892985,0.00012014764059606816,0.01904908465341789,0.006307265823111906
bfo-63e471a5032e0a9170e0e902cd32dee78f4accc2074436cf7ece1f4bf50a82bd,21,34.80446801601078,34.80446801601078,14.849918226683451,19.07424274737139,0.00016596091053358003,0.0249724017066936,0.0066457729009339085
bfo-63e471a5032e0a9170e0e902cd32dee78f4accc2074436cf7ece1f4bf50a82bd,22,34.024363845173966,34.024363845173966,14.57278855143745,18.557453506399735,0.00021807911523596943,0.026244125710685073,0.008309635369075388
bfo-63e471a5032e0a9170e0e902cd32dee78f4accc2074436cf7ece1f4bf50a82bd,23,34.07312247011161,34.07312247011161,14.605324943214894,18.572172241543463,0.00020853910131271922,0.026097179381480734,0.007990867452162443
bfo-63e471a5032e0a9170e0e902cd32dee78f4accc2074436cf7ece1f4bf50a82bd,24,34.11255477790794,34.11255477790794,14.619984892592488,18.58647119772022,0.0002046238244656825,0.026030459021546163,0.007860937999453234
bfo-63e471a5032e0a9170e0e902cd32dee78f4accc2074436cf7ece1f4bf50a82bd,25,34.17315386304822,34.17315386304822,14.677304109198372,18.65171171401338,0.00019195875923293563,0.025763826968935095,0.007450708292071328
bfo-63e471a5032e0a9170e0e902cd32dee78f4accc2074436cf7ece1f4bf50a82bd,26,34.44492199667916,34.44492199667916,14.844704929832936,18.89720851413292,0.00016888830822007038,0.02494966649171759,0.006769160953559654
bfo-63e471a5032e0a9170e0e902cd32dee78f4accc2074436cf7ece1f4bf50a82bd,27,34.49254368423776,34.49254368423776,14.876070561171037,18.947376274547455,0.00016586180612627408,0.024787013605078654,0.006691480013239286
bfo-63e471a5032e0a9170e0e902cd32dee78f4accc2074436cf7ece1f4bf50a82bd,28,35.851958330059894,35.851958330059894,15.404395791512659,19.92816621970194,0.0001289328819609378,0.02239225409739938,0.005757923315809103
bfo-63e471a5032e0a9170e0e902cd32dee78f4accc2074436cf7ece1f4bf50a82bd,29,35.73337352394428,35.73337352394428,15.413705745487828,20.027877141186487,0.00011892965155548898,0.02269352126399754,0.005240687426687132
bfo-63e471a5032e0a9170e0e902cd32dee78f4accc2074436cf7ece1f4bf50a82bd,30,34.53874187880803,34.53874187880803,14.977414350966862,18.96431094715943,0.00017749476167124047,0.025695381316056552,0.00690765237098573
bfo-63e471a5032e0a9170e0e902cd32dee78f4accc2074436cf7ece1f4bf50a82bd,31,33.7186552322421,33.7186552322421,14.730033900273328,18.204057580428508,0.0004103632911824612,0.02633794785132431,0.015580685841544316
bfo-63e471a5032e0a9170e0e902cd32dee78f4accc2074436cf7ece1f4bf50a82bd,32,33.57311707018833,33.57311707018833,14.708669838477357,18.11771301732355,0.0005482228598559515,0.02591934503755856,0.021151107756061983
bfo-63e471a5032e0a9170e0e902cd32dee78f4accc2074436cf7ece1f4bf50a82bd,33,33.54796967313998,33.54796967313998,14.76147283889933,18.081408803427056,0.0011521815494033385,0.023975033318761444,0.04805755779708174
bfo-63e471a5032e0a9170e0e902cd32dee78f4accc2074436cf7ece1f4bf50a82bd,34,33.60064793838299,33.60064793838299,14.808080565680735,18.112884248401144,0.0015150629967271858,0.023335392013828688,0.06492554296192456
bfo-63e471a5032e0a9170e0e902cd32dee78f4accc2074436cf7ece1f4bf50a82bd,35,33.773801542600324,33.773801542600324,14.831699785770152,18.168618902922514,0.0014490004138622947,0.02274660133496862,0.06370184242138754
bfo-63e471a5032e0a9170e0e902cd32dee78f4accc2074436cf7ece1f4bf50a82bd,36,34.53500073282278,34.53500073282278,14.95265264358727,18.445889373164192,0.0012293558318282015,0.020649227811526748,0.05953519633029349
bfo-63e471a5032e0a9170e0e902cd32dee78f4accc2074436cf7ece1f4bf50a82bd,37,34.758051468872424,34.758051468872424,15.020094118447224,18.5740203489259,0.0010947950819844173,0.01939728340742433,0.05644063959829464
bfo-63e471a5032e0a9170e0e902cd32dee78f4accc2074436cf7ece1f4bf50a82bd,38,34.84750040250567,34.84750040250567,15.045889559310478,18.626990067091874,0.0010484671227379658,0.01895294059866886,0.0553194960581264
bfo-63e471a5032e0a9170e0e902cd32dee78f4accc2074436cf7ece1f4bf50a82bd,39,35.21179290292901,35.21179290292901,15.208064950193165,18.914505296326315,0.00057641146210145,0.014686381811372079,0.039248023747763275
bfo-63e471a5032e0a9170e0e902cd32dee78f4accc2074436cf7ece1f4bf50a82bd,40,36.77625912642847,36.77625912642847,15.719098648944778,19.874684373545975,0.00022762416681020552,0.010913366533766202,0.020857373946520645
bfo-63e471a5032e0a9170e0e902cd32dee78f4accc2074436cf7ece1f4bf50a82bd,41,37.083556100283445,37.083556100283445,15.805759493764892,20.069797480156957,0.00019547330447064208,0.010526010626969343,0.018570502291704687
bfo-63e471a5032e0a9170e0e902cd32dee78f4accc2074436cf7ece1f4bf50a82bd,42,37.56915124982272,37.56915124982272,15.925293821572387,20.35253905126027,0.0001435634740864332,0.010083121518208563,0.014237998999335642
bfo-63e471a5032e0a9170e0e902cd32dee78f4accc2074436cf7ece1f4bf50a82bd,43,38.020704652118106,38.020704652118106,16.027868013079704,20.59959176527287,0.00011100777855688719,0.009833820360226357,0.011288367540845742
bfo-63e471a5032e0a9170e0e902cd32dee78f4accc2074436cf7ece1f4bf50a82bd,44,37.74821611148171,37.74821611148171,15.888796737164617,20.360999722695826,9.196523658110416e-05,0.010562968282365755,0.008706381967901449
bfo-63e471a5032e0a9170e0e902cd32dee78f4accc2074436cf7ece1f4bf50a82bd,45,37.009823220394054,37.009823220394054,15.542829579918413,19.747048360950462,7.893025853926976e-05,0.012177156783605736,0.006481829867341003
bfo-63e471a5032e0a9170e0e902cd32dee78f4accc2074436cf7ece1f4bf50a82bd,46,36.700594461357696,36.700594461357696,15.36126536020942,19.46001905139807,7.133872324057028e-05,0.013127698632492715,0.0054342139652717135
bfo-63e471a5032e0a9170e0e902cd32dee78f4accc2074436cf7ece1f4bf50a82bd,47,35.961842655131875,35.961842655131875,14.951778686167602,18.844511978594678,6.789439250845193e-05,0.014680638622833714,0.004624757427299623
bfo-63e471a5032e0a9170e0e902cd32dee78f4accc2074436cf7ece1f4bf50a82bd,48,35.019071412528675,35.019071412528675,14.422071961271334,18.036654047268517,6.027226896599888e-05,0.016826044303802763,0.0035820819128817506
bfo-63e471a5032e0a9170e0e902cd32dee78f4accc2074436cf7ece1f4bf50a82bd,49,35.405345412666996,35.405345412666996,14.560154528080735,18.314245107260614,5.704021124166453e-05,0.016234783211954755,0.003513456908969503
bfo-63e471a5032e0a9170e0e902cd32dee78f4accc2074436cf7ece1f4bf50a82bd,50,30.295175047728343,30.295175047728343,13.209005692948464,15.907539801615911,0.00010011643643183822,0.022202779864214667,0.0045091847527255315
bfo-63e471a5032e0a9170e0e902cd32dee78f4accc2074436cf7ece1f4bf50a82bd,51,30.954174135391558,30.954174135391558,13.408917587040214,16.167335206540727,8.489491160278686e-05,0.022182348081472236,0.0038271381952434138
bfo-63e471a5032e0a9170e0e902cd32dee78f4accc2074436cf7ece1f4bf50a82bd,52,31.701763642790468,31.701763642790468,13.620955395057765,16.54168810657069,7.269851716827541e-05,0.022074469530964376,0.0032933302005875836
bfo-63e471a5032e0a9170e0e902cd32dee78f4accc2074436cf7ece1f4bf50a82bd,53,32.717876163144595,32.717876163144595,13.89662613454215,17.028973112627476,6.559277193733371e-05,0.022378455686043613,0.0029310678474672772
bfo-63e471a5032e0a9170e0e902cd32dee78f4accc2074436cf7ece1f4bf50a82bd,54,33.10693905292624,33.10693905292624,13.96220775056101,17.144029686195605,6.950911345897468e-05,0.024839161097907018,0.0027983679958028702
bfo-63e471a5032e0a9170e0e902cd32dee78f4accc2074436cf7ece1f4bf50a82bd,55,33.847574210634086,33.847574210634086,14.22702691530214,17.584826908548354,5.688860509511703e-05,0.02188283637834669,0.002599690648485081
bfo-63e471a5032e0a9170e0e902cd32dee78f4accc2074436cf7ece1f4bf50a82bd,56,33.45476583516215,33.45476583516215,14.116803353711873,17.379908976919975,6.334106213219314e-05,0.02276144293499748,0.002782822789973537
bfo-63e471a5032e0a9170e0e902cd32dee78f4accc2074436cf7ece1f4bf50a82bd,57,32.33406087487772,32.33406087487772,13.853170415349114,16.891112787121564,9.257905693895229e-05,0.025437301357313712,0.003639499946889375
bfo-63e471a5032e0a9170e0e902cd32dee78f4accc2074436cf7ece1f4bf50a82bd,58,30.36594335698757,30.36594335698757,13.289522169234349,15.917726132594886,0.0002533022767272023,0.03167528890001193,0.00799684187654266
bfo-63e471a5032e0a9170e0e902cd32dee78f4accc2074436cf7ece1f4bf50a82bd,59,30.24868469757206,30.24868469757206,13.388572945181844,15.986110143348254,0.0003624730975313668,0.03101595570713548,0.011686665436137982
bfo-63e471a5032e0a9170e0e902cd32dee78f4accc2074436cf7ece1f4bf50a82bd,60,30.08585738555635,30.08585738555635,13.257449824240998,15.905213643784395,0.0003975724039030074,0.03280405543947651,0.012119611388796992
bfo-63e471a5032e0a9170e0e902cd32dee78f4accc2074436cf7ece1f4bf50a82bd,61,30.204117190263695,30.204117190263695,12.99025427766882,15.734957594842701,0.00040128421425486875,0.035604991397107134,0.011270448285727507
bfo-63e471a5032e0a9170e0e902cd32dee78f4accc2074436cf7ece1f4bf50a82bd,62,30.181794705773687,30.181794705773687,13.250954111221583,15.95227992085539,0.0003559174636124909,0.03742336955957615,0.009510567001346256
bfo-63e471a5032e0a9170e0e902cd32dee78f4accc2074436cf7ece1f4bf50a82bd,63,30.421078193533784,30.421078193533784,12.718523116431701,15.47442923768893,0.00029789299248433524,0.03381091066093317,0.008810558090898623
bfo-63e471a5032e0a9170e0e902cd32dee78f4accc2074436cf7ece1f4bf50a82bd,64,30.464739837876728,30.464739837876728,12.54254417568081,15.21063470172425,0.0002778248481239951,0.03254389136193478,0.008536927715072057
bfo-63e471a5032e0a9170e0e902cd32dee78f4accc2074436cf7ece1f4bf50a82bd,65,29.65357814718764,29.65357814718764,12.326174320338588,14.752518805966016,0.00027915191389526296,0.03450262589905553,0.008090744012121825
bfo-63e471a5032e0a9170e0e902cd32dee78f4accc2074436cf7ece1f4bf50a82bd,66,29.068718376557054,29.068718376557054,12.195848343548782,14.522914773319917,0.00028366503759842096,0.03600017509293096,0.00787954605404466
bfo-63e471a5032e0a9170e0e902cd32dee78f4accc2074436cf7ece1f4bf50a82bd,67,26.2536187651316,26.2536187651316,11.974372230980537,13.555587398848555,0.00029481804281771657,0.043351654692234606,0.006800617990494514
bfo-63e471a5032e0a9170e0e902cd32dee78f4accc2074436cf7ece1f4bf50a82bd,68,24.074317083982727,24.074317083982727,11.975464596178904,12.78815965967562,0.00026738930603961887,0.0477079460464862,0.005604712174761771
bfo-63e471a5032e0a9170e0e902cd32dee78f4accc2074436cf7ece1f4bf50a82bd,69,23.140593173566867,23.140593173566867,11.97785853379773,12.502434730877722,0.00023257779009819074,0.04741023449057253,0.00490564521768899
bfo-63e471a5032e0a9170e0e902cd32dee78f4accc2074436cf7ece1f4bf50a82bd,70,22.892396832579422,22.892396832579422,11.979021097659032,12.459469996818875,0.00021778648904214478,0.04652436958617614,0.004681127137870043
bfo-63e471a5032e0a9170e0e902cd32dee78f4accc2074436cf7ece1f4bf50a82bd,71,22.862383480446134,22.862383480446134,11.979402028751093,12.45523565891169,0.0002139151572824502,0.046040574797100366,0.004646231247658589
bfo-63e471a5032e0a9170e0e902cd32dee78f4accc2074436cf7ece1f4bf50a82bd,72,22.86223978098908,22.86223978098908,11.979387532113535,12.455549991832482,0.00021399414693838752,0.04605044694023033,0.004646950489234865
bfo-63e471a5032e0a9170e0e902cd32dee78f4accc2074436cf7ece1f4bf50a82bd,73,23.176998314716656,23.176998314716656,11.977880065496183,12.427254858884641,0.00024348655628604488,0.048719719904255436,0.0049977002487811405
bfo-63e471a5032e0a9170e0e902cd32dee78f4accc2074436cf7ece1f4bf50a82bd,74,23.701309176345468,23.701309176345468,11.977290809811056,12.451971217560018,0.0002459321738986816,0.04881942324263414,0.0050375886801527865
bfo-63e471a5032e0a9170e0e902cd32dee78f4accc2074436cf7ece1f4bf50a82bd,75,23.333273103218104,23.333273103218104,11.97775857280746,12.430651978678327,0.0002430563789005448,0.04882302317491038,0.004978314800986122
bfo-63e471a5032e0a9170e0e902cd32dee78f4accc2074436cf7ece1f4bf50a82bd,76,23.270145781233474,23.270145781233474,11.980287544112084,12.483166854953154,0.00022466553256969877,0.047797423149916654,0.004700369136324257
bfo-63e471a5032e0a9170e0e902cd32dee78f4accc2074436cf7ece1f4bf50a82bd,77,23.442440069361872,23.442440069361872,11.980559354259897,12.498281186546675,0.00022271268670669213,0.04835411716767794,0.004605868119448643
bfo-63e471a5032e0a9170e0e902cd32dee78f4accc2074436cf7ece1f4bf50a82bd,78,23.616382138072346,23.616382138072346,11.981339238910419,12.497764433857974,0.0002273800373555393,0.0562018802094313,0.0040457727839038095
bfo-63e471a5032e0a9170e0e902cd32dee78f4accc2074436cf7ece1f4bf50a82bd,79,23.75357778590002,23.75357778590002,11.981503457431101,12.495853418067592,0.00022327192310718724,0.05471802462121935,0.00408040905447094
bfo-63e471a5032e0a9170e0e902cd32dee78f4accc2074436cf7ece1f4bf50a82bd,80,21.963263620461845,21.963263620461845,11.975030661711754,12.210607147581866,0.00027866292721303286,0.06675820055018197,0.004174212679737565
bfo-63e471a5032e0a9170e0e902cd32dee78f4accc2074436cf7ece1f4bf50a82bd,81,22.844293909280804,22.844293909280804,11.977811661878421,12.369232381032793,0.00025698872364590377,0.059554176119933175,0.004315209115282982
bfo-63e471a5032e0a9170e0e902cd32dee78f4accc2074436cf7ece1f4bf50a82bd,82,21.783190905623183,21.783190905623183,11.975198855811675,12.313271903968033,0.00028789385479329534,0.06841346895247359,0.004208145840306584
bfo-63e471a5032e0a9170e0e902cd32dee78f4accc2074436cf7ece1f4bf50a82bd,83,21.843622053222873,21.843622053222873,11.973858730241664,12.277233984659611,0.0003171329863155251,0.07064438429294126,0.004489146440861723
bfo-63e471a5032e0a9170e0e902cd32dee78f4accc2074436cf7ece1f4bf50a82bd,84,21.98199427757163,21.98199427757163,11.976895570853902,12.278313378228564,0.0002769997061137584,0.07020371829417277,0.003945655769300622
bfo-63e471a5032e0a9170e0e902cd32dee78f4accc2074436cf7ece1f4bf50a82bd,85,21.342505485993506,21.342505485993506,11.979315705286083,12.158082931712185,0.00024908845750676144,0.06862353730803604,0.0036297816649797266
bfo-63e471a5032e0a9170e0e902cd32dee78f4accc2074436cf7ece1f4bf50a82bd,86,21.571187927345342,21.571187927345342,11.97821483111262,12.221985792432715,0.0002567683150239822,0.0690463463364865,0.003718782073893704
bfo-63e471a5032e0a9170e0e902cd32dee78f4accc2074436cf7ece1f4bf50a82bd,87,21.467264160998923,21.467264160998923,11.975909961414976,12.190386341000906,0.00030479640802569984,0.07615403737958291,0.004002367024961128
bfo-63e471a5032e0a9170e0e902cd32dee78f4accc2074436cf7ece1f4bf50a82bd,88,22.37703096864133,22.37703096864133,11.974548495588383,12.29862776202015,0.00031451991040416593,0.07736946633227025,0.004065168409633736
bfo-63e471a5032e0a9170e0e902cd32dee78f4accc2074436cf7ece1f4bf50a82bd,89,21.85128874352294,21.85128874352294,11.974911156327327,12.26058931742009,0.00030603393867675394,0.07684770935120451,0.00398234301660362
bfo-63e471a5032e0a9170e0e902cd32dee78f4accc2074436cf7ece1f4bf50a82bd,90,21.922604057038196,21.922604057038196,11.975781738297337,12.249537121175495,0.0002901238146755891,0.08826256036310308,0.003287054142572452
bfo-63e471a5032e0a9170e0e902cd32dee78f4accc2074436cf7ece1f4bf50a82bd,91,21.81053922601897,21.81053922601897,11.974816791732001,12.174568392130437,0.00030781124807054545,0.08449944305980812,0.0036427606730221732
bfo-63e471a5032e0a9170e0e902cd32dee78f4accc2074436cf7ece1f4bf50a82bd,92,20.26985022397171,20.26985022397171,11.966480651287705,12.013379648233306,0.00043025612216554684,0.10052608777147745,0.004280044431288657
bfo-63e471a5032e0a9170e0e902cd32dee78f4accc2074436cf7ece1f4bf50a82bd,93,20.085742372642137,20.085742372642137,11.965942853254774,12.013152271085715,0.0004333779221748429,0.10407345502928432,0.004164154270201738
bfo-63e471a5032e0a9170e0e902cd32dee78f4accc2074436cf7ece1f4bf50a82bd,94,19.975554255686244,19.975554255686244,11.965800644409757,12.010384858302922,0.0004337931369173493,0.10579000175297958,0.004100511671511826
bfo-63e471a5032e0a9170e0e902cd32dee78f4accc2074436cf7ece1f4bf50a82bd,95,19.173510386410964,19.173510386410964,11.967107459527249,12.027150198013095,0.0003956869395883778,0.12535183312243306,0.003156610715073503
bfo-63e471a5032e0a9170e0e902cd32dee78f4accc2074436cf7ece1f4bf50a82bd,96,19.295140982450576,19.295140982450576,11.970402093241766,12.00789573702373,0.00032575028416505995,0.12601003444641606,0.002585113841101127
bfo-63e471a5032e0a9170e0e902cd32dee78f4accc2074436cf7ece1f4bf50a82bd,97,19.070255729769393,19.070255729769393,11.974744226714279,11.989897690685709,0.00028603502163947685,0.11995185283364242,0.0023845819375226335
bfo-63e471a5032e0a9170e0e902cd32dee78f4accc2074436cf7ece1f4bf50a82bd,98,19.21543338262019,19.21543338262019,11.977216262878411,11.990886505151366,0.0002627361868278219,0.11378753139895159,0.002309006827001457
bfo-63e471a5032e0a9170e0e902cd32dee78f4accc2074436cf7ece1f4bf50a82bd,99,19.184642787341332,19.184642787341332,11.97687556269476,11.990750225077907,0.0002672555778597004,0.11483579633655455,0.0023272845783769563
bfo-63e471a5032e0a9170e0e902cd32dee78f4accc2074436cf7ece1f4bf50a82bd,100,19.092368910473713,19.092368910473713,11.975758473451185,12.00752761236318,0.00028071006000960675,0.11989248370583414,0.0023413482758297965
bfo-63e471a5032e0a9170e0e902cd32dee78f4accc2074436cf7ece1f4bf50a82bd,101,19.103326589421552,19.103326589421552,11.975061265573151,12.008679371773503,0.0002870644303519372,0.12166341343568338,0.0023594967644376677
bfo-63e471a5032e0a9170e0e902cd32dee78f4accc2074436cf7ece1f4bf50a82bd,102,19.536808344074693,19.536808344074693,11.973214910943911,12.049071566744235,0.0003053056990893752,0.12323075140030167,0.0024775122736825886
bfo-63e471a5032e0a9170e0e902cd32dee78f4accc2074436cf7ece1f4bf50a82bd,103,19.45114059441595,19.45114059441595,11.975160555681,12.065110033499945,0.0002927105275839525,0.11922002378811969,0.0024552127929798415
bfo-63e471a5032e0a9170e0e902cd32dee78f4accc2074436cf7ece1f4bf50a82bd,104,19.651995041529737,19.651995041529737,11.976653233305402,12.09517369306632,0.00027808270000865464,0.11474027518762223,0.002423584042777799
bfo-63e471a5032e0a9170e0e902cd32dee78f4accc2074436cf7ece1f4bf50a82bd,105,18.6365214488321,18.6365214488321,11.975245932752562,11.990098373101024,0.0002541317527253228,0.13856652379939657,0.0018340053986865587
bfo-63e471a5032e0a9170e0e902cd32dee78f4accc2074436cf7ece1f4bf50a82bd,106,18.634174492439815,18.634174492439815,11.975972777194531,11.990389110877809,0.00022535793717315788,0.14654542669285658,0.0015378025930859228
bfo-63e471a5032e0a9170e0e902cd32dee78f4accc2074436cf7ece1f4bf50a82bd,107,19.18318186279279,19.18318186279279,11.976358566032383,11.990543426412952,0.00022503589468784869,0.12717827813088908,0.0017694522837952461
bfo-63e471a5032e0a9170e0e902cd32dee78f4accc2074436cf7ece1f4bf50a82bd,108,18.67957010627855,18.67957010627855,11.972300401889246,11.988920160755699,0.0002768804448744649,0.1354063491050554,0.0020448113896021705
bfo-63e471a5032e0a9170e0e902cd32dee78f4accc2074436cf7ece1f4bf50a82bd,109,18.66642015792231,18.66642015792231,11.97226291353417,11.98890516541367,0.0002667347186376675,0.13770792409540394,0.001936959840109665
bfo-63e471a5032e0a9170e0e902cd32dee78f4accc2074436cf7ece1f4bf50a82bd,110,18.525766119086292,18.525766119086292,11.971143211076129,11.988457284430451,0.0002825136655690108,0.14003121525340295,0.0020175049188694756
bfo-63e471a5032e0a9170e0e902cd32dee78f4accc2074436cf7ece1f4bf50a82bd,111,18.479376661835953,18.479376661835953,11.970690271266479,11.988276108506591,0.0002889177963512004,0.1409462194604048,0.0020498442417064217
bfo-63e471a5032e0a9170e0e902cd32dee78f4accc2074436cf7ece1f4bf50a82bd,112,52.6947602527117,52.6947602527117,15.09314286824067,21.329934706187835,2.3973565948532026e-05,0.011311461446211637,0.0021194048233759487
bfo-63e471a5032e0a9170e0e902cd32dee78f4accc2074436cf7ece1f4bf50a82bd,113,50.23025911160596,50.23025911160596,14.344226025432766,20.477847946600836,2.656018230649346e-05,0.01142874998089151,0.002323979643521925
bfo-63e471a5032e0a9170e0e902cd32dee78f4accc2074436cf7ece1f4bf50a82bd,114,51.02754175172325,51.02754175172325,14.40403924971281,20.606870234157096,3.417689605834196e-05,0.011275215723664501,0.003031152298630637
bfo-63e471a5032e0a9170e0e902cd32dee78f4accc2074436cf7ece1f4bf50a82bd,115,39.273945146088565,39.273945146088565,13.424941265290355,17.462665389844844,2.5718965661799723e-05,0.02923388626217824,0.0008797655375390169
bfo-63e471a5032e0a9170e0e902cd32dee78f4accc2074436cf7ece1f4bf50a82bd,116,39.289026681663245,39.289026681663245,13.440583070424696,17.488949153550934,2.3193032638294034e-05,0.029138830283996026,0.0007959493367526283
bfo-63e471a5032e0a9170e0e902cd32dee78f4accc2074436cf7ece1f4bf50a82bd,117,39.79291359058547,39.79291359058547,14.033887009145323,18.26736058536367,0.00013404297138957087,0.025620770587550735,0.005231808736256475
bfo-63e471a5032e0a9170e0e902cd32dee78f4accc2074436cf7ece1f4bf50a82bd,118,39.23173032284468,39.23173032284468,13.359589743954157,17.509336661446007,0.00029574938945875994,0.026279793234883053,0.011253870485791745
bfo-63e471a5032e0a9170e0e902cd32dee78f4accc2074436cf7ece1f4bf50a82bd,119,39.07490566297178,39.07490566297178,13.17261261865948,17.25616190054192,0.0003406293747479586,0.026515091017635186,0.0128466228730426
bfo-63e471a5032e0a9170e0e902cd32dee78f4accc2074436cf7ece1f4bf50a82bd,120,38.88195923183167,38.88195923183167,12.535538062366664,16.1557218748602,0.0004975315995994876,0.026924577439528804,0.018478715245092245
bfo-63e471a5032e0a9170e0e902cd32dee78f4accc2074436cf7ece1f4bf50a82bd,121,43.574131809909176,43.574131809909176,12.588079254479686,16.644781226995516,0.00028740103717677805,0.022776427075051144,0.012618354767837646
bfo-63e471a5032e0a9170e0e902cd32dee78f4accc2074436cf7ece1f4bf50a82bd,122,54.41283890699792,54.41283890699792,13.953779196584586,21.041840691110153,0.00017337824271164426,0.018070932332785096,0.009594316414825685
bfo-63e471a5032e0a9170e0e902cd32dee78f4accc2074436cf7ece1f4bf50a82bd,123,57.821810544554076,57.821810544554076,14.524501250405319,22.432100160818894,0.00015132237013643117,0.016323296277110665,0.009270331651617628
bfo-63e471a5032e0a9170e0e902cd32dee78f4accc2074436cf7ece1f4bf50a82bd,124,61.68534714633882,61.68534714633882,15.519326623312843,24.500641024875968,0.00010793623542976351,0.01367007652833714,0.007895803304832935
bfo-63e471a5032e0a9170e0e902cd32dee78f4accc2074436cf7ece1f4bf50a82bd,125,64.24587380490647,64.24587380490647,16.788161583551393,26.263562685256055,7.331796265054808e-05,0.01159803159614766,0.006321586731570982
bfo-63e471a5032e0a9170e0e902cd32dee78f4accc2074436cf7ece1f4bf50a82bd,126,78.27744416428943,78.27744416428943,25.959922010205165,37.85334371444752,5.793716731459497e-05,0.006833760684282582,0.00847807963890929
bfo-63e471a5032e0a9170e0e902cd32dee78f4accc2074436cf7ece1f4bf50a82bd,127,78.59129847371327,78.59129847371327,25.142778157608316,36.895585747155856,6.67714660100089e-05,0.003924558400513669,0.017013752681389445
bfo-63e471a5032e0a9170e0e902cd32dee78f4accc2074436cf7ece1f4bf50a82bd,128,77.32026444383388,77.32026444383388,22.161548208512247,33.28244185865855,0.0004739115166141216,0.00580351219119707,0.0816594332881671
bfo-63e471a5032e0a9170e0e902cd32dee78f4accc2074436cf7ece1f4bf50a82bd,129,34.908980839062295,34.908980839062295,12.293706793196812,13.978173272179866,0.0032163385313526503,0.04624570067666105,0.06954891988426179
bfo-63e471a5032e0a9170e0e902cd32dee78f4accc2074436cf7ece1f4bf50a82bd,130,40.02215675598606,40.02215675598606,13.79806500573915,17.76817278303599,0.0015033225946141367,0.036776612275122765,0.040877136354156435
bfo-63e471a5032e0a9170e0e902cd32dee78f4accc2074436cf7ece1f4bf50a82bd,131,53.52658081184864,53.52658081184864,18.029082534958658,25.364674378157886,9.007117953851473e-06,0.012949765946256126,0.0006955429149246901
bfo-63e471a5032e0a9170e0e902cd32dee78f4accc2074436cf7ece1f4bf50a82bd,132,54.766822928719236,54.766822928719236,19.570686658700993,25.946132366575426,0.00028412585168200463,0.01723797606210666,0.01648255286225763
bfo-63e471a5032e0a9170e0e902cd32dee78f4accc2074436cf7ece1f4bf50a82bd,133,52.35650532093977,52.35650532093977,17.29375942853432,23.646795928305032,0.00036350013974634286,0.028315424322988218,0.012837531078467043
bfo-63e471a5032e0a9170e0e902cd32dee78f4accc2074436cf7ece1f4bf50a82bd,134,45.46404704892274,45.46404704892274,13.057656005211761,18.92269902448407,5.991564198628502e-05,0.0669907912726656,0.000894386240974773
bfo-63e471a5032e0a9170e0e902cd32dee78f4accc2074436cf7ece1f4bf50a82bd,135,42.24580788897074,42.24580788897074,12.299852677144635,17.292791031853923,9.699998788240396e-05,0.08655760396467134,0.0011206408615699979
bfo-63e471a5032e0a9170e0e902cd32dee78f4accc2074436cf7ece1f4bf50a82bd,136,39.85941729938613,39.85941729938613,12.085807183885823,16.453125624236772,0.00025546026367470175,0.09928965387298952,0.0025728789829551056
bfo-63e471a5032e0a9170e0e902cd32dee78f4accc2074436cf7ece1f4bf50a82bd,137,39.52509774488619,39.52509774488619,12.077817854947591,16.397633033948086,0.0002891985063121713,0.10053871626948539,0.0028764889491626243
bfo-63e471a5032e0a9170e0e902cd32dee78f4accc2074436cf7ece1f4bf50a82bd,138,55.28070923734367,55.28070923734367,17.88824909171146,25.138668429532917,7.214137161141864e-05,0.020587145098261803,0.003504195033701376
bfo-63e471a5032e0a9170e0e902cd32dee78f4accc2074436cf7ece1f4bf50a82bd,139,42.75860348859878,42.75860348859878,13.165604378836791,18.228482341814818,0.000318668324316257,0.03542632581890748,0.008995240600033653
bfo-63e471a5032e0a9170e0e902cd32dee78f4accc2074436cf7ece1f4bf50a82bd,140,40.90899781129852,40.90899781129852,12.723556197499414,16.91857449896972,0.00016308237846798148,0.04123163438220919,0.0039552732000929115
bfo-63e471a5032e0a9170e0e902cd32dee78f4accc2074436cf7ece1f4bf50a82bd,141,42.835046001476066,42.835046001476066,12.844242139548125,17.07812019392725,2.607474668295272e-05,0.03903582888236341,0.0006679695917699194
bfo-63e471a5032e0a9170e0e902cd32dee78f4accc2074436cf7ece1f4bf50a82bd,142,45.315193472790526,45.315193472790526,13.246109617360856,17.920409621655857,3.461844876179306e-06,0.03435356030485898,0.00010077106551572361
bfo-63e471a5032e0a9170e0e902cd32dee78f4accc2074436cf7ece1f4bf50a82bd,143,51.69683798359356,51.69683798359356,15.131930641595314,20.72957144051305,3.377551424404809e-05,0.023157800841648153,0.001458494028643018
bfo-63e471a5032e0a9170e0e902cd32dee78f4accc2074436cf7ece1f4bf50a82bd,144,45.631572763385314,45.631572763385314,13.820534154083465,19.7859668743493,5.187287263213824e-05,0.042768309672096404,0.0012128810567882224
bfo-63e471a5032e0a9170e0e902cd32dee78f4accc2074436cf7ece1f4bf50a82bd,145,44.78037576028127,44.78037576028127,13.758927137972945,19.596121922173793,5.084355128691591e-05,0.04333149997379813,0.001173362364969138
bfo-63e471a5032e0a9170e0e902cd32dee78f4accc2074436cf7ece1f4bf50a82bd,146,42.53090759745629,42.53090759745629,13.657550561776205,18.85785019251306,2.634459730413134e-05,0.03837862083142887,0.0006864393960336721
bfo-63e471a5032e0a9170e0e902cd32dee78f4accc2074436cf7ece1f4bf50a82bd,147,42.67362068631732,42.67362068631732,13.666216408292996,18.863766748330224,2.5854416483485398e-05,0.03801020769332955,0.0006801966643297931
bfo-63e471a5032e0a9170e0e902cd32dee78f4accc2074436cf7ece1f4bf50a82bd,148,46.39818116863749,46.39818116863749,13.754001148590342,18.983769602712716,3.326853926549533e-05,0.031084048428054234,0.0010702769088298527
bfo-63e471a5032e0a9170e0e902cd32dee78f4accc2074436cf7ece1f4bf50a82bd,149,46.6911744851639,46.6911744851639,13.740262438464887,18.97255761437462,3.584055839656086e-05,0.03058872027405429,0.0011716919856552888
bfo-63e471a5032e0a9170e0e902cd32dee78f4accc2074436cf7ece1f4bf50a82bd,150,46.93320533538776,46.93320533538776,13.696245707971148,18.920403846854818,3.9441957320402317e-05,0.030050306231419275,0.0013125309611375455
bfo-63e471a5032e0a9170e0e902cd32dee78f4accc2074436cf7ece1f4bf50a82bd,151,47.13451615172423,47.13451615172423,13.564480404605712,18.759658520917434,5.1399131612772005e-05,0.02928788354138927,0.0017549623051503669
bfo-63e471a5032e0a9170e0e902cd32dee78f4accc2074436cf7ece1f4bf50a82bd,152,47.0738591527518,47.0738591527518,13.534059961119095,18.709757622190295,5.484025533961651e-05,0.02920652505248233,0.0018776713505311551
bfo-63e471a5032e0a9170e0e902cd32dee78f4accc2074436cf7ece1f4bf50a82bd,153,45.53398942067123,45.53398942067123,13.38943710283992,18.463556495792364,9.269015058060206e-05,0.028944802550774255,0.0032023072335009817
bfo-63e471a5032e0a9170e0e902cd32dee78f4accc2074436cf7ece1f4bf50a82bd,154,44.90780433679543,44.90780433679543,13.72548499990983,18.98601910939184,8.85876600552589e-05,0.027091835830689786,0.0032699024388338532
bfo-63e471a5032e0a9170e0e902cd32dee78f4accc2074436cf7ece1f4bf50a82bd,155,44.885041805565564,44.885041805565564,13.7487180883176,19.019216365831937,8.75475737466736e-05,0.02695530873428757,0.0032478787243609545
bfo-63e471a5032e0a9170e0e902cd32dee78f4accc2074436cf7ece1f4bf50a82bd,156,47.52439826559278,47.52439826559278,15.321077449225454,21.552217005162092,1.2738379686579971e-05,0.018192901467201542,0.0007001840640727334
bfo-63e471a5032e0a9170e0e902cd32dee78f4accc2074436cf7ece1f4bf50a82bd,157,51.86055227495339,51.86055227495339,16.101064846020297,22.993807040741657,1.8960260845636274e-05,0.014938812336797341,0.0012691946600690127
bfo-63e471a5032e0a9170e0e902cd32dee78f4accc2074436cf7ece1f4bf50a82bd,158,54.61904573067508,54.61904573067508,16.442068107850904,23.60944873780424,0.00011385184329140858,0.02470449338815622,0.0046085479877110615
bfo-63e471a5032e0a9170e0e902cd32dee78f4accc2074436cf7ece1f4bf50a82bd,159,35.853147335395406,35.853147335395406,13.07764410117433,16.84969609758661,0.001098542689947934,0.04830446394772036,0.02274205322176601
bfo-63e471a5032e0a9170e0e902cd32dee78f4accc2074436cf7ece1f4bf50a82bd,160,63.491713064880116,63.491713064880116,20.07096244696937,27.7444378709774,2.8159802790082543e-06,0.008398443110156471,0.0003352978929633769
bfo-63e471a5032e0a9170e0e902cd32dee78f4accc2074436cf7ece1f4bf50a82bd,161,63.919670856003854,63.919670856003854,20.362318589522914,28.05528239361101,2.5344591286700416e-06,0.008082587499158363,0.00031357026805264453
bfo-63e471a5032e0a9170e0e902cd32dee78f4accc2074436cf7ece1f4bf50a82bd,162,61.75786852197366,61.75786852197366,20.44461303518496,28.416899934514447,1.1884884395839198e-06,0.007910037532828542,0.00015025067006969428
bfo-63e471a5032e0a9170e0e902cd32dee78f4accc2074436cf7ece1f4bf50a82bd,163,61.59673745818901,61.59673745818901,19.982376686388488,27.836056292706683,4.334249152632334e-05,0.008332392301019875,0.005201686377754713
bfo-63e471a5032e0a9170e0e902cd32dee78f4accc2074436cf7ece1f4bf50a82bd,164,49.54225463293908,49.54225463293908,13.51354693955018,19.70116757619926,0.0006978843979040634,0.06674229667334036,0.010456403700336361
bfo-63e471a5032e0a9170e0e902cd32dee78f4accc2074436cf7ece1f4bf50a82bd,165,45.659954008940545,45.659954008940545,17.91076261309401,22.19053485599789,0.00038193557342046646,0.010285480611676848,0.03713346880328223
bfo-63e471a5032e0a9170e0e902cd32dee78f4accc2074436cf7ece1f4bf50a82bd,166,47.05999543814315,47.05999543814315,18.23326575284967,23.11577306824661,0.0003203884710277595,0.008945705996349307,0.03581477763281157
bfo-63e471a5032e0a9170e0e902cd32dee78f4accc2074436cf7ece1f4bf50a82bd,167,47.47446186437713,47.47446186437713,18.293050236463177,23.408112389694214,0.00027782490906224597,0.009048157852277427,0.030705135078110655
bfo-63e471a5032e0a9170e0e902cd32dee78f4accc2074436cf7ece1f4bf50a82bd,168,53.65827214359459,53.65827214359459,17.76341733360529,24.48835318084837,9.971959853878155e-05,0.00998615505390865,0.009985785119544144
bfo-63e471a5032e0a9170e0e902cd32dee78f4accc2074436cf7ece1f4bf50a82bd,169,58.768923163094456,58.768923163094456,19.724431401836764,26.843982880413915,1.725061410584931e-06,0.012573673120957009,0.00013719629848732963
bfo-63e471a5032e0a9170e0e902cd32dee78f4accc2074436cf7ece1f4bf50a82bd,170,54.05499915508548,54.05499915508548,18.539632026997097,25.62971482283024,0.00010199411168615139,0.012740134064797978,0.00800573299836533
bfo-63e471a5032e0a9170e0e902cd32dee78f4accc2074436cf7ece1f4bf50a82bd,171,54.114041919633635,54.114041919633635,17.089552417874028,23.9907767533177,2.002678420739213e-05,0.019660143249344685,0.001018648946419028
bfo-63e471a5032e0a9170e0e902cd32dee78f4accc2074436cf7ece1f4bf50a82bd,172,56.88323065320235,56.88323065320235,17.686999010140834,25.441572047403852,0.0005343078091750693,0.01074039641531323,0.04974749427435234
bfo-63e471a5032e0a9170e0e902cd32dee78f4accc2074436cf7ece1f4bf50a82bd,173,48.75589007558939,48.75589007558939,15.049789403553898,20.851058787041033,0.00023954080723539731,0.020836215990563334,0.01149636802305585
bfo-63e471a5032e0a9170e0e902cd32dee78f4accc2074436cf7ece1f4bf50a82bd,174,44.0244502136287,44.0244502136287,16.231439109937913,21.98211120602713,0.0008442010843422045,0.015621370344949268,0.05404142310825844
bfo-63e471a5032e0a9170e0e902cd32dee78f4accc2074436cf7ece1f4bf50a82bd,175,47.86504922147263,47.86504922147263,16.06855419964246,22.313849763176425,0.0010114942141721617,0.011481492692980037,0.08809779714362445
bfo-63e471a5032e0a9170e0e902cd32dee78f4accc2074436cf7ece1f4bf50a82bd,176,48.53047452268381,48.53047452268381,15.644424161292996,21.819316429975192,0.0012254022785235796,0.011352747222091886,0.10793883229770211
bfo-63e471a5032e0a9170e0e902cd32dee78f4accc2074436cf7ece1f4bf50a82bd,177,48.69769581506464,48.69769581506464,15.414058000888406,21.495949978331083,0.0013839258982858219,0.011455272251447216,0.12081126209034289
bfo-63e471a5032e0a9170e0e902cd32dee78f4accc2074436cf7ece1f4bf50a82bd,178,49.070232490588815,49.070232490588815,15.392282704502906,21.39771656987328,0.001487190668567217,0.011282912271465285,0.1318091138870549
bfo-63e471a5032e0a9170e0e902cd32dee78f4accc2074436cf7ece1f4bf50a82bd,179,49.64340265107357,49.64340265107357,15.737876414414167,21.791375605208017,0.0014221163290974977,0.01090454748236033,0.13041497883318634
bfo-63e471a5032e0a9170e0e902cd32dee78f4accc2074436cf7ece1f4bf50a82bd,180,51.00679922948081,51.00679922948081,17.152201702993104,23.702206436866202,0.000873569890097571,0.010488601140038497,0.08328754982996377
bfo-63e471a5032e0a9170e0e902cd32dee78f4accc2074436cf7ece1f4bf50a82bd,181,50.32292435583831,50.32292435583831,16.7518441775064,23.42723268190363,0.0008492920752357087,0.03050671213243704,0.027839515171242505
bfo-63e471a5032e0a9170e0e902cd32dee78f4accc2074436cf7ece1f4bf50a82bd,182,47.577691123324925,47.577691123324925,15.165575408168506,21.01505294372317,0.0005707815160575835,0.02528165174125566,0.02257690762847422
bfo-63e471a5032e0a9170e0e902cd32dee78f4accc2074436cf7ece1f4bf50a82bd,183,46.31256951786921,46.31256951786921,15.619488941020169,21.422306393681087,0.00012931715309070325,0.018787935736669828,0.006882988897939715
bfo-63e471a5032e0a9170e0e902cd32dee78f4accc2074436cf7ece1f4bf50a82bd,184,45.57345427153619,45.57345427153619,16.254656449995025,21.53294159885021,0.00041935648573813354,0.017344851915655275,0.024177576596063465
bfo-63e471a5032e0a9170e0e902cd32dee78f4accc2074436cf7ece1f4bf50a82bd,185,48.69244261183874,48.69244261183874,16.381924559090635,22.299615025255797,0.00029688181618534504,0.016925622236790044,0.017540378252093668
bfo-63e471a5032e0a9170e0e902cd32dee78f4accc2074436cf7ece1f4bf50a82bd,186,55.77370905069303,55.77370905069303,19.619921918127606,26.00851680370819,2.134899415940411e-06,0.0060432638269911415,0.00035326927254197805
bfo-63e471a5032e0a9170e0e902cd32dee78f4accc2074436cf7ece1f4bf50a82bd,187,57.74672021523759,57.74672021523759,19.290270947657397,26.223988027116004,7.90330035354553e-05,0.007113188554224301,0.011110770216898026
bfo-63e471a5032e0a9170e0e902cd32dee78f4accc2074436cf7ece1f4bf50a82bd,188,46.777125009900004,46.777125009900004,15.94669454415358,22.308822827352873,6.452757604770105e-05,0.0072033262900092895,0.00895802486931601
bfo-63e471a5032e0a9170e0e902cd32dee78f4accc2074436cf7ece1f4bf50a82bd,189,50.74267254973913,50.74267254973913,17.08264525446336,23.4811629630276,0.00044226770206653337,0.02277569472650584,0.019418406655750974
bfo-63e471a5032e0a9170e0e902cd32dee78f4accc2074436cf7ece1f4bf50a82bd,190,48.64046048566189,48.64046048566189,15.95051705172546,21.804300933923162,0.0003821296491577431,0.025611960949545876,0.014919968444060846
bfo-63e471a5032e0a9170e0e902cd32dee78f4accc2074436cf7ece1f4bf50a82bd,191,51.30483176273232,51.30483176273232,17.433704912543966,23.202887623499553,3.090859525862001e-05,0.006943043032506649,0.0044517360923602214
bfo-63e471a5032e0a9170e0e902cd32dee78f4accc2074436cf7ece1f4bf50a82bd,192,50.093107962045714,50.093107962045714,17.667738937726963,23.95588478961617,5.600541975264671e-06,0.006680545086614717,0.0008383360792648547
bfo-63e471a5032e0a9170e0e902cd32dee78f4accc2074436cf7ece1f4bf50a82bd,193,51.76115760646944,51.76115760646944,16.799178711857873,23.441955852449464,4.643497767239606e-06,0.022119655042577215,0.00020992631929844872
bfo-63e471a5032e0a9170e0e902cd32dee78f4accc2074436cf7ece1f4bf50a82bd,194,51.29249310761368,51.29249310761368,17.061263184101,23.855769015917133,0.0006091175679593393,0.005916038455312949,0.10296038008548036
bfo-63e471a5032e0a9170e0e902cd32dee78f4accc2074436cf7ece1f4bf50a82bd,195,46.46314403092511,46.46314403092511,16.65224921966278,23.35716729549239,0.0012424902825695413,0.032362037266301664,0.03839345070723767
bfo-63e471a5032e0a9170e0e902cd32dee78f4accc2074436cf7ece1f4bf50a82bd,196,48.01333504036484,48.01333504036484,15.128522416005765,20.888272616103304,0.000625055760365082,0.026483192708008634,0.023601979083740246
bfo-63e471a5032e0a9170e0e902cd32dee78f4accc2074436cf7ece1f4bf50a82bd,197,48.524655150631226,48.524655150631226,15.433972382646397,21.423458923122702,0.00033137732619864085,0.020408592822254913,0.016237147219541982
bfo-63e471a5032e0a9170e0e902cd32dee78f4accc2074436cf7ece1f4bf50a82bd,198,47.26304353801629,47.26304353801629,16.53668752565017,22.09534642318575,0.00027177792354287614,0.01440588411246038,0.018865758007021702
bfo-63e471a5032e0a9170e0e902cd32dee78f4accc2074436cf7ece1f4bf50a82bd,199,59.119156642040046,59.119156642040046,20.00001497590544,26.98429267986079,7.331423233024177e-05,0.007030747596038927,0.010427658130060946
bfo-63e471a5032e0a9170e0e902cd32dee78f4accc2074436cf7ece1f4bf50a82bd,200,47.19471260575589,47.19471260575589,15.181679360387369,21.4558872879602,0.00012483278379772295,0.009550731711589829,0.013070494237236102
bfo-63e471a5032e0a9170e0e902cd32dee78f4accc2074436cf7ece1f4bf50a82bd,201,48.03107685946953,48.03107685946953,16.75799842881486,22.972392627678076,0.0005793327891534696,0.024374433845341537,0.023768051099336288
bfo-63e471a5032e0a9170e0e902cd32dee78f4accc2074436cf7ece1f4bf50a82bd,202,49.2217350370168,49.2217350370168,17.15671229401047,22.329323647072002,5.378543229174789e-05,0.010049171960666882,0.005352225288040408
bfo-63e471a5032e0a9170e0e902cd32dee78f4accc2074436cf7ece1f4bf50a82bd,203,50.6264867009064,50.6264867009064,17.532008053609356,23.379261461126433,9.14878544047463e-05,0.006668973643364636,0.013718430945633303
bfo-63e471a5032e0a9170e0e902cd32dee78f4accc2074436cf7ece1f4bf50a82bd,204,50.84869141349388,50.84869141349388,17.949411831298658,24.231383980978077,6.58578341883419e-05,0.0057941765333461214,0.011366211196590722
bfo-63e471a5032e0a9170e0e902cd32dee78f4accc2074436cf7ece1f4bf50a82bd,205,51.23272524123246,51.23272524123246,16.96648272262581,23.502070003021323,6.78894026765905e-07,0.018939903156255867,3.5844640870915206e-05
bfo-63e471a5032e0a9170e0e902cd32dee78f4accc2074436cf7ece1f4bf50a82bd,206,55.240261355988025,55.240261355988025,20.492994455849058,26.697172200155226,0.00023160241364864647,0.007540344082053293,0.03071509882418779
bfo-63e471a5032e0a9170e0e902cd32dee78f4accc2074436cf7ece1f4bf50a82bd,207,56.46745421625082,56.46745421625082,21.4954080101423,27.706215043623708,0.00010044546701692011,0.0075695112171085665,0.013269742805835842
bfo-63e471a5032e0a9170e0e902cd32dee78f4accc2074436cf7ece1f4bf50a82bd,208,48.3944586311668,48.3944586311668,17.481659005218937,24.067133708986006,0.0007169674515237513,0.02299144971447108,0.03118409062619848
bfo-63e471a5032e0a9170e0e902cd32dee78f4accc2074436cf7ece1f4bf50a82bd,209,50.85632369192512,50.85632369192512,17.742513902917896,24.447133736501083,0.00045572560052454695,0.020516598568975884,0.022212531916166216
bfo-63e471a5032e0a9170e0e902cd32dee78f4accc2074436cf7ece1f4bf50a82bd,210,49.29408638143506,49.29408638143506,15.77612749225256,21.9052629733237,0.0001762038305917225,0.0161656772648699,0.010899873089427322
bfo-63e471a5032e0a9170e0e902cd32dee78f4accc2074436cf7ece1f4bf50a82bd,211,50.47877354138852,50.47877354138852,16.316769908787617,22.647590742116112,3.415315456695376e-05,0.01327852532729888,0.002572059300646844
bfo-63e471a5032e0a9170e0e902cd32dee78f4accc2074436cf7ece1f4bf50a82bd,212,49.60024027776227,49.60024027776227,16.908284000852614,22.944599640113314,0.00011607691506283645,0.013110430126929074,0.008853783891072517
bfo-63e471a5032e0a9170e0e902cd32dee78f4accc2074436cf7ece1f4bf50a82bd,213,49.601356925770645,49.601356925770645,16.908167804755294,22.948712636336737,0.0001153523631258569,0.01308430311538685,0.00881608765163848
bfo-63e471a5032e0a9170e0e902cd32dee78f4accc2074436cf7ece1f4bf50a82bd,214,57.53602648609503,57.53602648609503,19.765483195974436,26.48794023657783,0.00018605703472323833,0.007584882138602918,0.02452998363366906
bfo-63e471a5032e0a9170e0e902cd32dee78f4accc2074436cf7ece1f4bf50a82bd,215,57.72174069630523,57.72174069630523,19.77494687691322,26.5045628330468,0.0001865051453139234,0.007446177718224389,0.025047098306216264
bfo-63e471a5032e0a9170e0e902cd32dee78f4accc2074436cf7ece1f4bf50a82bd,216,47.398458027934254,47.398458027934254,15.822844129701469,22.175744106411972,1.915928526294206e-05,0.009741409611297614,0.0019667877676267766
bfo-63e471a5032e0a9170e0e902cd32dee78f4accc2074436cf7ece1f4bf50a82bd,217,49.488504761300575,49.488504761300575,17.187777216622795,23.562749733748035,0.0002352091606973106,0.018803718016423273,0.012508651772584423
bfo-63e471a5032e0a9170e0e902cd32dee78f4accc2074436cf7ece1f4bf50a82bd,218,53.41568614178016,53.41568614178016,17.633352331497314,23.9403014902091,0.00021007235976145216,0.007785665372719591,0.026981940489958705
bfo-63e471a5032e0a9170e0e902cd32dee78f4accc2074436cf7ece1f4bf50a82bd,219,56.85389917846503,56.85389917846503,19.740824802156627,26.77087352122222,3.217927025261817e-05,0.006167354728852237,0.005217677864721562
bfo-63e471a5032e0a9170e0e902cd32dee78f4accc2074436cf7ece1f4bf50a82bd,220,57.691608297704995,57.691608297704995,19.988821713400384,27.092118533892386,4.9754766554953124e-05,0.006337214898961235,0.007851203935518847
bfo-63e471a5032e0a9170e0e902cd32dee78f4accc2074436cf7ece1f4bf50a82bd,221,57.691604312761015,57.691604312761015,19.988843070601742,27.092136964673827,4.975825710339386e-05,0.006337289353655706,0.007851662489529612
bfo-63e471a5032e0a9170e0e902cd32dee78f4accc2074436cf7ece1f4bf50a82bd,222,1000000.0,87.61678289806167,35.84707562583853,47.002029873277095,0.00010922725342286898,0.0016115669137199797,0.06777705132375778
bfo-63e471a5032e0a9170e0e902cd32dee78f4accc2074436cf7ece1f4bf50a82bd,223,84.26213570220715,84.26213570220715,34.6793621514207,45.38346875910752,3.4480568254975303e-06,0.0003065746315053801,0.011247038962638433
bfo-63e471a5032e0a9170e0e902cd32dee78f4accc2074436cf7ece1f4bf50a82bd,224,29.735797091451207,29.735797091451207,11.705960661773732,13.540378810487736,0.00541649801351211,0.08295102560184903,0.06529754122041107
bfo-63e471a5032e0a9170e0e902cd32dee78f4accc2074436cf7ece1f4bf50a82bd,225,1000000.0,83.38231836750455,34.147349325453064,44.7977556208252,4.754745217044101e-05,0.002619483452457409,0.018151461169123036
bfo-63e471a5032e0a9170e0e902cd32dee78f4accc2074436cf7ece1f4bf50a82bd,226,1000000.0212086639,28.030012169383504,11.97767270413156,12.439863738607686,0.0002667061732602123,0.08311961341674715,0.0032087032445999764
bfo-63e471a5032e0a9170e0e902cd32dee78f4accc2074436cf7ece1f4bf50a82bd,227,55.88060564603022,55.88060564603022,12.940067132182854,18.76979686620466,2.618576724291626e-05,0.010546821720321491,0.0024828112143454395
bfo-63e471a5032e0a9170e0e902cd32dee78f4accc2074436cf7ece1f4bf50a82bd,228,25.65817698716197,25.65817698716197,11.972279681144983,12.192114207347426,0.000302266031112991,0.10139253450459329,0.0029811468131245673
bfo-63e471a5032e0a9170e0e902cd32dee78f4accc2074436cf7ece1f4bf50a82bd,229,48.382973395005905,48.382973395005905,17.90478436926459,25.042382949897156,0.00013628660447317364,0.03659849356833155,0.0037238309882541613
bfo-63e471a5032e0a9170e0e902cd32dee78f4accc2074436cf7ece1f4bf50a82bd,230,28.892867437670525,28.892867437670525,11.962661432539292,12.353475626999975,0.00042622480435667263,0.0949127272003803,0.00449070232126851
bfo-63e471a5032e0a9170e0e902cd32dee78f4accc2074436cf7ece1f4bf50a82bd,231,1000000.0,61.59287912986413,18.64887742318229,26.50181374135406,6.74778314789974e-05,0.007102432663642443,0.0095006647263857
bfo-63e471a5032e0a9170e0e902cd32dee78f4accc2074436cf7ece1f4bf50a82bd,232,23.184141245472816,23.184141245472816,11.972694639111065,12.035765343247292,0.0002938520368362249,0.11743538336185022,0.0025022444549849788
bfo-63e471a5032e0a9170e0e902cd32dee78f4accc2074436cf7ece1f4bf50a82bd,233,37.940437297252714,37.940437297252714,11.96834117547595,12.928991363002666,0.0003385950328372705,0.06716901572744188,0.005040940814306702
bfo-63e471a5032e0a9170e0e902cd32dee78f4accc2074436cf7ece1f4bf50a82bd,234,1000000.0057729308,18.446111535958288,11.965793759517737,11.986317503807095,0.0003747495062806587,0.14687419543636168,0.0025514999770196653
bfo-63e471a5032e0a9170e0e902cd32dee78f4accc2074436cf7ece1f4bf50a82bd,235,76.61372064372263,76.61372064372263,17.02231152458408,27.8179873672555,7.034684903772367e-05,0.01259911650463405,0.005583474762841471
bfo-63e471a5032e0a9170e0e902cd32dee78f4accc2074436cf7ece1f4bf50a82bd,236,1000000.0190892284,19.875034863099984,11.970063733806173,11.98802549352247,0.0003311300678888224,0.1370507836893611,0.00241611218100993
bfo-63e471a5032e0a9170e0e902cd32dee78f4accc2074436cf7ece1f4bf50a82bd,237,72.2747924438248,72.2747924438248,15.469468316701448,24.79903739390864,9.416623717619727e-05,0.0157550112001116,0.005976907028509776
bfo-63e471a5032e0a9170e0e902cd32dee78f4accc2074436cf7ece1f4bf50a82bd,238,1000000.0027587606,18.441808175242453,11.96616538266523,11.986466153066093,0.0003701383578074836,0.14642993212732802,0.0025277506615630344
bfo-63e471a5032e0a9170e0e902cd32dee78f4accc2074436cf7ece1f4bf50a82bd,239,62.03295866423179,62.03295866423179,13.27746987855955,19.628592079607067,0.00017006672400640436,0.025285148405923292,0.006725953167297392
bfo-63e471a5032e0a9170e0e902cd32dee78f4accc2074436cf7ece1f4bf50a82bd,240,1000000.0038042676,18.43441608246675,11.96664265351273,11.986657061405092,0.00036100270474141407,0.14564375560858847,0.002478669292980839
bfo-63e471a5032e0a9170e0e902cd32dee78f4accc2074436cf7ece1f4bf50a82bd,241,1000000.0,53.846119653440375,12.561155271446435,16.346859828910045,0.00023191252139513345,0.035281599586141806,0.006573186139956816
bfo-63e471a5032e0a9170e0e902cd32dee78f4accc2074436cf7ece1f4bf50a82bd,242,18.438622264571926,18.438622264571926,11.966408415109813,11.986563366043924,0.0003663894149769158,0.1457421785031059,0.002513955937396035
bfo-63e471a5032e0a9170e0e902cd32dee78f4accc2074436cf7ece1f4bf50a82bd,243,36.19009812854592,36.19009812854592,11.966411809309378,12.792576614698756,0.0003941011642574454,0.07074733663122677,0.005570544179093454
bfo-63e471a5032e0a9170e0e902cd32dee78f4accc2074436cf7ece1f4bf50a82bd,244,18.446416643345376,18.446416643345376,11.96644113579079,11.986576454316316,0.00036381251646586284,0.14571247745211008,0.0024967835481723493
bfo-63e471a5032e0a9170e0e902cd32dee78f4accc2074436cf7ece1f4bf50a82bd,245,30.995939649586347,30.995939649586347,11.96401403359796,12.493943832768208,0.00040411126346096433,0.08657227121117647,0.004667906453270844
bfo-63e471a5032e0a9170e0e902cd32dee78f4accc2074436cf7ece1f4bf50a82bd,246,20.05750370385434,20.05750370385434,11.962465555094672,11.984986222037866,0.00038775108545441886,0.13664671771783438,0.002837617265385744
bfo-63e471a5032e0a9170e0e902cd32dee78f4accc2074436cf7ece1f4bf50a82bd,247,27.786041902153915,27.786041902153915,11.972705096925335,12.340497732099339,0.00020385694696559219,0.0928140484869251,0.002196401840981109
bfo-63e471a5032e0a9170e0e902cd32dee78f4accc2074436cf7ece1f4bf50a82bd,248,20.07292660261688,20.07292660261688,11.962093036698427,11.984837214679368,0.0003935752683103771,0.13330094810043894,0.0029525316505163036
bfo-63e471a5032e0a9170e0e902cd32dee78f4accc2074436cf7ece1f4bf50a82bd,249,26.342040293947544,26.342040293947544,11.972121564408885,12.192697793364552,0.0002084939634071713,0.10347134208614803,0.0020149923563722956
bfo-63e471a5032e0a9170e0e902cd32dee78f4accc2074436cf7ece1f4bf50a82bd,250,20.23768383044745,20.23768383044745,11.962836855452975,11.98513474218119,0.00038506900995144216,0.13101196338262702,0.0029391896740515885
bfo-63e471a5032e0a9170e0e902cd32dee78f4accc2074436cf7ece1f4bf50a82bd,251,1000000.0,77.85797508197929,26.333096124459505,37.93518977441854,0.00013477559370237238,0.0034087112264256083,0.03953857770571511
bfo-63e471a5032e0a9170e0e902cd32dee78f4accc2074436cf7ece1f4bf50a82bd,252,20.238474394476597,20.238474394476597,11.962388312723805,11.98495532508952,0.00039285472592353145,0.13141258800940867,0.002989475604082955
bfo-63e471a5032e0a9170e0e902cd32dee78f4accc2074436cf7ece1f4bf50a82bd,253,64.97907876220621,64.97907876220621,13.747702644121897,20.987961437571844,0.00013871172375787245,0.02238528828934696,0.0061965573980963485
bfo-63e471a5032e0a9170e0e902cd32dee78f4accc2074436cf7ece1f4bf50a82bd,254,20.233320757365362,20.233320757365362,11.962446341050695,11.984978536420279,0.0003927330622584425,0.13160435603954554,0.0029841950074998348
bfo-63e471a5032e0a9170e0e902cd32dee78f4accc2074436cf7ece1f4bf50a82bd,255,56.78167630035827,56.78167630035827,12.749126840156974,17.468356864641432,0.00020220564835620976,0.03183786442247183,0.006351105893066395
bfo-63e471a5032e0a9170e0e902cd32dee78f4accc2074436cf7ece1f4bf50a82bd,256,1000000.0099276397,20.18702071942761,11.96341161071989,11.985364644287959,0.00038115800751374764,0.13240243448981034,0.002878783981446213
bfo-63e471a5032e0a9170e0e902cd32dee78f4accc2074436cf7ece1f4bf50a82bd,257,1000000.0,46.99041279898666,12.501696030220218,15.853531327018622,0.0003039191375920606,0.03988163093867189,0.00762052931233964
bfo-63e471a5032e0a9170e0e902cd32dee78f4accc2074436cf7ece1f4bf50a82bd,258,1000000.0095662688,20.10907564227002,11.965775227956314,11.986310091182526,0.00035107689486081145,0.1338611264015524,0.0026226949100044326
bfo-63e471a5032e0a9170e0e902cd32dee78f4accc2074436cf7ece1f4bf50a82bd,259,40.63690919301634,40.63690919301634,12.105714417660316,14.231019304993577,0.00030941631003753603,0.05112904298877233,0.0060516741943611625
bfo-63e471a5032e0a9170e0e902cd32dee78f4accc2074436cf7ece1f4bf50a82bd,260,1000000.0219587969,20.101960452298744,11.966157483562935,11.986462993425175,0.00034604809885487,0.1340390106738298,0.002581696903873325
bfo-63e471a5032e0a9170e0e902cd32dee78f4accc2074436cf7ece1f4bf50a82bd,261,36.5482101040524,36.5482101040524,11.978236788201588,13.319315851730089,0.00028846435554354393,0.057952780622313356,0.004977575751257007
bfo-63e471a5032e0a9170e0e902cd32dee78f4accc2074436cf7ece1f4bf50a82bd,262,20.07984554631775,20.07984554631775,11.971106831433419,11.988442732573368,0.00028050208105637084,0.13602804619325617,0.0020620900535310138
bfo-63e471a5032e0a9170e0e902cd32dee78f4accc2074436cf7ece1f4bf50a82bd,263,39.61203348569468,39.61203348569468,11.968898809183134,13.22346021478965,0.0003412709697430251,0.06291463136211117,0.005424349826971209
bfo-63e471a5032e0a9170e0e902cd32dee78f4accc2074436cf7ece1f4bf50a82bd,264,20.119017215969496,20.119017215969496,11.9701831151953,11.98807324607812,0.0002883296939026834,0.13640045636403733,0.0021138469884086322
bfo-63e471a5032e0a9170e0e902cd32dee78f4accc2074436cf7ece1f4bf50a82bd,265,1000000.0,84.57982381595949,21.091120777898997,34.75273009559844,2.964807755199939e-05,0.008172645038254923,0.003627721186130218
bfo-63e471a5032e0a9170e0e902cd32dee78f4accc2074436cf7ece1f4bf50a82bd,266,20.00712217115997,20.00712217115997,11.968917615657341,11.987567046262937,0.00033461292768757403,0.1391697860027842,0.0024043503787587904
bfo-63e471a5032e0a9170e0e902cd32dee78f4accc2074436cf7ece1f4bf50a82bd,267,75.62484326905174,75.62484326905174,25.074353205768038,35.35530364246796,0.0002126134404238206,0.004402299695735109,0.048295994166366665
bfo-63e471a5032e0a9170e0e902cd32dee78f4accc2074436cf7ece1f4bf50a82bd,268,19.879853491155423,19.879853491155423,11.96947234944238,11.987788939776953,0.0003698602719751004,0.1423992601143031,0.0025973468659753964
bfo-63e471a5032e0a9170e0e902cd32dee78f4accc2074436cf7ece1f4bf50a82bd,269,1000000.0,19.50217131024815,11.966937355667957,11.986774942267184,0.00037793821260811137,0.14077574413802266,0.002684682754989129
bfo-63e471a5032e0a9170e0e902cd32dee78f4accc2074436cf7ece1f4bf50a82bd,270,1000000.0124228634,19.83473383560942,11.970074666240059,11.988029866496024,0.00037402876620028534,0.1428371653922053,0.0026185675497918852
bfo-63e471a5032e0a9170e0e902cd32dee78f4accc2074436cf7ece1f4bf50a82bd,271,27.91089470826828,27.91089470826828,11.968227939802144,12.439393201942018,0.0003252666478887533,0.07338318001784239,0.004432441436984169
bfo-63e471a5032e0a9170e0e902cd32dee78f4accc2074436cf7ece1f4bf50a82bd,272,19.769537569835826,19.769537569835826,11.972192736296407,11.988877094518564,0.0003820041171983325,0.1430174146073976,0.0026710321833672223
bfo-63e471a5032e0a9170e0e902cd32dee78f4accc2074436cf7ece1f4bf50a82bd,273,1000000.0,22.084721610076308,11.965332813772406,11.986133125508962,0.00029485871134479237,0.11235717510488519,0.0026242980127396615
bfo-63e471a5032e0a9170e0e902cd32dee78f4accc2074436cf7ece1f4bf50a82bd,274,19.764442067927234,19.764442067927234,11.972897942881847,11.989159177152736,0.0003884405915412995,0.1425310283220549,0.002725305472879923
bfo-63e471a5032e0a9170e0e902cd32dee78f4accc2074436cf7ece1f4bf50a82bd,275,1000000.0,24.555212603733963,11.961219272574654,12.115165278222412,0.0004420941000219739,0.11658309018914875,0.0037920945422248113
bfo-63e471a5032e0a9170e0e902cd32dee78f4accc2074436cf7ece1f4bf50a82bd,276,1000000.0214253542,19.79172793187316,11.97302673712897,11.98921069485159,0.0003897716100232224,0.14212409186256816,0.0027424738826132703
bfo-63e471a5032e0a9170e0e902cd32dee78f4accc2074436cf7ece1f4bf50a82bd,277,32.70457301142608,32.70457301142608,11.980292708068083,12.835770900741826,0.00016165616791053423,0.0555905937786505,0.0029079769961481883
bfo-63e471a5032e0a9170e0e902cd32dee78f4accc2074436cf7ece1f4bf50a82bd,278,19.890259733130144,19.890259733130144,11.973419130687338,11.989367652274936,0.0003921698806096433,0.1408001870238415,0.002785293747821782
bfo-63e471a5032e0a9170e0e902cd32dee78f4accc2074436cf7ece1f4bf50a82bd,279,27.730379456474523,27.730379456474523,11.981484020826633,12.404462627682788,0.00018788413564571718,0.0836966614714398,0.002244822342284582
bfo-63e471a5032e0a9170e0e902cd32dee78f4accc2074436cf7ece1f4bf50a82bd,280,20.280508926457735,20.280508926457735,11.962761846320541,11.985104738528218,0.0002899191457400287,0.12359245055862417,0.0023457674350627917
bfo-63e471a5032e0a9170e0e902cd32dee78f4accc2074436cf7ece1f4bf50a82bd,281,27.516478644667444,27.516478644667444,11.963976908075479,12.257280885837588,0.0004468486757104667,0.10339363840380988,0.004321819819951332
bfo-63e471a5032e0a9170e0e902cd32dee78f4accc2074436cf7ece1f4bf50a82bd,282,19.897014208222423,19.897014208222423,11.97358728285683,11.989434913142734,0.0003866526048094718,0.1401265331978612,0.002759310431690416
bfo-63e471a5032e0a9170e0e902cd32dee78f4accc2074436cf7ece1f4bf50a82bd,283,1000000.0,25.197511335826043,11.96281297963381,12.295177527132381,0.0003747865118395804,0.08146908365201361,0.004600352612783034
bfo-63e471a5032e0a9170e0e902cd32dee78f4accc2074436cf7ece1f4bf50a82bd,284,1000000.0208767778,19.676275014985716,11.97393571896075,11.989574287584299,0.00035193080052075616,0.13935334564911628,0.0025254564135610905
bfo-63e471a5032e0a9170e0e902cd32dee78f4accc2074436cf7ece1f4bf50a82bd,285,21.59485618806339,21.59485618806339,11.968835345917824,11.987534138367131,0.00033946344406469194,0.11972456379637998,0.0028353700635905432
bfo-63e471a5032e0a9170e0e902cd32dee78f4accc2074436cf7ece1f4bf50a82bd,286,20.145346259106425,20.145346259106425,11.965105203998293,11.986042081599315,0.0003666348078544563,0.12384741574613306,0.0029603751167969275
bfo-63e471a5032e0a9170e0e902cd32dee78f4accc2074436cf7ece1f4bf50a82bd,287,24.653320918548975,24.653320918548975,11.967793100393013,12.091532770624086,0.0002694308734670655,0.08736368009173932,0.003084014697917259
bfo-63e471a5032e0a9170e0e902cd32dee78f4accc2074436cf7ece1f4bf50a82bd,288,20.137837607307915,20.137837607307915,11.965305070362247,11.986122028144898,0.00037187951383257814,0.12389649952877829,0.0030015336611362384
bfo-63e471a5032e0a9170e0e902cd32dee78f4accc2074436cf7ece1f4bf50a82bd,289,1000000.0,25.430873404179756,11.964038382669859,12.323462880540804,0.0003646502749571368,0.08073669425082493,0.004516537100519334
bfo-63e471a5032e0a9170e0e902cd32dee78f4accc2074436cf7ece1f4bf50a82bd,290,1000000.0202566348,19.457132433354793,11.972665797848995,11.9890663191396,0.0003184309214756825,0.13775637232241164,0.0023115512996408722
bfo-63e471a5032e0a9170e0e902cd32dee78f4accc2074436cf7ece1f4bf50a82bd,291,21.161967236362273,21.161967236362273,11.966169872063647,11.986467948825458,0.0005217100030231203,0.11199610121722137,0.00465828718458012
bfo-63e471a5032e0a9170e0e902cd32dee78f4accc2074436cf7ece1f4bf50a82bd,292,19.632182055513322,19.632182055513322,11.972764193108647,11.989105677243456,0.0002826525854841021,0.13780756593606408,0.0020510672513818218
bfo-63e471a5032e0a9170e0e902cd32dee78f4accc2074436cf7ece1f4bf50a82bd,293,24.242310768381103,24.242310768381103,11.971812098877379,12.073649463938452,0.000331693398368576,0.08754953765755738,0.0037886367791680033
bfo-63e471a5032e0a9170e0e902cd32dee78f4accc2074436cf7ece1f4bf50a82bd,294,1000000.0059137251,19.573146438870793,11.97196831530046,11.988787326120185,0.00027800861608092233,0.13796063367804975,0.0020151300314384894
bfo-63e471a5032e0a9170e0e902cd32dee78f4accc2074436cf7ece1f4bf50a82bd,295,23.99604846146794,23.99604846146794,11.973778059481019,12.067136974501993,0.00034270641619169484,0.08841778416318452,0.003875989648860611
bfo-63e471a5032e0a9170e0e902cd32dee78f4accc2074436cf7ece1f4bf50a82bd,296,19.979296176223095,19.979296176223095,11.96839161685983,11.987356646743933,0.0003812209753393296,0.1254080401563145,0.0030398447728244363
bfo-63e471a5032e0a9170e0e902cd32dee78f4accc2074436cf7ece1f4bf50a82bd,297,1000000.0,25.548276590724303,11.96445499379702,12.335720708619712,0.00035862848691778023,0.08022420602376593,0.004470327656612005
bfo-63e471a5032e0a9170e0e902cd32dee78f4accc2074436cf7ece1f4bf50a82bd,298,19.4075094839355,19.4075094839355,11.969494092664139,11.987797637065656,0.00029225194410306546,0.1402407391805331,0.0020839304314194114
bfo-63e471a5032e0a9170e0e902cd32dee78f4accc2074436cf7ece1f4bf50a82bd,299,19.8191027265131,19.8191027265131,11.96817776514726,11.987271106058904,0.00035480175195338147,0.13494122343270532,0.0026293058779796805
bfo-63e471a5032e0a9170e0e902cd32dee78f4accc2074436cf7ece1f4bf50a82bd,300,19.485673727807598,19.485673727807598,11.969555176769951,11.98782207070798,0.00028985090508741406,0.13780398425398438,0.00210335649333037
bfo-63e471a5032e0a9170e0e902cd32dee78f4accc2074436cf7ece1f4bf50a82bd,301,1000000.0,25.234956276841057,11.963885887064835,12.29180030441878,0.0003713283369141035,0.08180025294101305,0.004539452184602313
bfo-63e471a5032e0a9170e0e902cd32dee78f4accc2074436cf7ece1f4bf50a82bd,302,19.376861106995566,19.376861106995566,11.96862343400844,11.987449373603377,0.00031224815985679127,0.13984053078111258,0.002232887404764948
bfo-63e471a5032e0a9170e0e902cd32dee78f4accc2074436cf7ece1f4bf50a82bd,303,19.91950470026984,19.91950470026984,11.970855351365746,11.988342140546298,0.00031892004022552055,0.13269933728861555,0.002403328055300553
bfo-63e471a5032e0a9170e0e902cd32dee78f4accc2074436cf7ece1f4bf50a82bd,304,19.459008568326773,19.459008568326773,11.968701765209579,11.987480706083833,0.0003129461546174781,0.13780811972149493,0.0022708832777773224
bfo-63e471a5032e0a9170e0e902cd32dee78f4accc2074436cf7ece1f4bf50a82bd,305,1000000.0,24.98978964795193,11.963691791019148,12.258072586472263,0.00038078144337336375,0.08284784471640498,0.004596153885195325
bfo-63e471a5032e0a9170e0e902cd32dee78f4accc2074436cf7ece1f4bf50a82bd,306,19.21520584095945,19.21520584095945,11.964401700346384,11.985760680138553,0.00038570589494990706,0.1435925134368321,0.00268611423895427
bfo-63e471a5032e0a9170e0e902cd32dee78f4accc2074436cf7ece1f4bf50a82bd,307,19.092929368739853,19.092929368739853,11.968927171120953,11.98757086844838,0.00035670203267554383,0.1381801687005097,0.0025814271036870436
bfo-63e471a5032e0a9170e0e902cd32dee78f4accc2074436cf7ece1f4bf50a82bd,308,19.457871215050133,19.457871215050133,11.972088930787699,11.988835572315079,0.00030148286017515425,0.12745219179707032,0.0023654584195395866
bfo-63e471a5032e0a9170e0e902cd32dee78f4accc2074436cf7ece1f4bf50a82bd,309,1000000.0,24.93235081603885,11.963534933396094,12.247062157202548,0.0003842080085845992,0.08310388795191094,0.004623225435697134
bfo-63e471a5032e0a9170e0e902cd32dee78f4accc2074436cf7ece1f4bf50a82bd,310,19.223406587099937,19.223406587099937,11.964897576706258,11.985959030682503,0.00039163950791926404,0.144108168310737,0.0027176773704789665
bfo-63e471a5032e0a9170e0e902cd32dee78f4accc2074436cf7ece1f4bf50a82bd,311,19.636372854349876,19.636372854349876,11.972595663213243,11.989038265285297,0.0003163705456044937,0.13288076321252681,0.0023808603890880507
bfo-63e471a5032e0a9170e0e902cd32dee78f4accc2074436cf7ece1f4bf50a82bd,312,19.226419456070232,19.226419456070232,11.964944548116522,11.985977819246608,0.00038398254318423023,0.14307249913520934,0.0026838319418838914
bfo-63e471a5032e0a9170e0e902cd32dee78f4accc2074436cf7ece1f4bf50a82bd,313,1000000.0,24.684603693309608,11.963222744125957,12.219772781901606,0.000393631330441697,0.08382879819816523,0.004695657565210239
bfo-63e471a5032e0a9170e0e902cd32dee78f4accc2074436cf7ece1f4bf50a82bd,314,19.138307928797918,19.138307928797918,11.966868670495,11.986747468198002,0.00035604988222655217,0.14138832526322168,0.002518241032728102
bfo-63e471a5032e0a9170e0e902cd32dee78f4accc2074436cf7ece1f4bf50a82bd,315,19.908304137620966,19.908304137620966,11.974648265231819,11.989859306092729,0.00023306356125737295,0.12129560434114485,0.0019214510082482448
bfo-63e471a5032e0a9170e0e902cd32dee78f4accc2074436cf7ece1f4bf50a82bd,316,19.194522879347993,19.194522879347993,11.96552597688458,11.986210390753833,0.0003829626469229659,0.14186362680316703,0.0026995125921482257
bfo-63e471a5032e0a9170e0e902cd32dee78f4accc2074436cf7ece1f4bf50a82bd,317,1000000.0,24.40600512318778,11.963057472807558,12.187856565706923,0.00039666885176527423,0.08475394357593413,0.00468024064756213
bfo-63e471a5032e0a9170e0e902cd32dee78f4accc2074436cf7ece1f4bf50a82bd,318,1000000.0067750213,19.158496820245237,11.965430400745149,11.98617216029806,0.0003883342175860953,0.14249013638028907,0.002725341047815955
bfo-63e471a5032e0a9170e0e902cd32dee78f4accc2074436cf7ece1f4bf50a82bd,319,19.459114288139162,19.459114288139162,11.970876233371152,11.988350493348461,0.0003280531272665206,0.13179945214190789,0.00248903255616956
bfo-63e471a5032e0a9170e0e902cd32dee78f4accc2074436cf7ece1f4bf50a82bd,320,19.373141298566217,19.373141298566217,11.970884933077762,11.988353973231103,0.00030533996328367885,0.12958201681719067,0.002356345199615474
bfo-63e471a5032e0a9170e0e902cd32dee78f4accc2074436cf7ece1f4bf50a82bd,321,21.74092493570786,21.74092493570786,11.978002502273545,12.008349801844023,0.00021374483812421755,0.10254972148899998,0.002084304423461013
bfo-63e471a5032e0a9170e0e902cd32dee78f4accc2074436cf7ece1f4bf50a82bd,322,19.30886988476592,19.30886988476592,11.967846647841421,11.98713865913657,0.0003573180917182271,0.1415787038226954,0.002523812424259164
bfo-63e471a5032e0a9170e0e902cd32dee78f4accc2074436cf7ece1f4bf50a82bd,323,1000000.0,24.474265545775076,11.96330868605505,12.189343295844228,0.0003928870252730128,0.08446482168971543,0.004651487061871716
bfo-63e471a5032e0a9170e0e902cd32dee78f4accc2074436cf7ece1f4bf50a82bd,324,19.319835544000536,19.319835544000536,11.967756346542634,11.987102538617053,0.0003642500796412037,0.1408214032604782,0.002586610211286193
bfo-63e471a5032e0a9170e0e902cd32dee78f4accc2074436cf7ece1f4bf50a82bd,325,19.140136882438714,19.140136882438714,11.967251702718956,11.986900681087583,0.0003658930943537486,0.13843139503715812,0.0026431366544816992
bfo-63e471a5032e0a9170e0e902cd32dee78f4accc2074436cf7ece1f4bf50a82bd,326,19.29907352811525,19.29907352811525,11.967958734873138,11.987183493949255,0.0003579887955120063,0.14084034360506528,0.00254180575216327
bfo-63e471a5032e0a9170e0e902cd32dee78f4accc2074436cf7ece1f4bf50a82bd,327,1000000.0,24.352671250250882,11.963557446283977,12.178810371070991,0.0003877905831273039,0.08457689595724503,0.004585065208864348
bfo-63e471a5032e0a9170e0e902cd32dee78f4accc2074436cf7ece1f4bf50a82bd,328,19.29484596112112,19.29484596112112,11.967880341262333,11.987152136504934,0.00035449278985362866,0.14011686657929154,0.002529979427230645
bfo-63e471a5032e0a9170e0e902cd32dee78f4accc2074436cf7ece1f4bf50a82bd,329,19.539334752451985,19.539334752451985,11.96738456903383,11.986953827613531,0.0004000791316926404,0.1290410994307528,0.003100400829329066
bfo-63e471a5032e0a9170e0e902cd32dee78f4accc2074436cf7ece1f4bf50a82bd,330,19.196914707158115,19.196914707158115,11.967646368803312,11.987058547521325,0.0003629034527590361,0.14146169177317353,0.0025653832370457785
bfo-63e471a5032e0a9170e0e902cd32dee78f4accc2074436cf7ece1f4bf50a82bd,331,1000000.0,24.249994179523863,11.963926587997957,12.172607716346882,0.00038416871331410705,0.08439232034736897,0.004552176213816876
bfo-63e471a5032e0a9170e0e902cd32dee78f4accc2074436cf7ece1f4bf50a82bd,332,19.252574067594356,19.252574067594356,11.966973788816023,11.98678951552641,0.0003800432932983105,0.14167023443608054,0.002682590981874744
bfo-63e471a5032e0a9170e0e902cd32dee78f4accc2074436cf7ece1f4bf50a82bd,333,19.52148858661723,19.52148858661723,11.968106668706453,11.98724266748258,0.00038691546721520136,0.12833530258636142,0.003014879455750939
bfo-63e471a5032e0a9170e0e902cd32dee78f4accc2074436cf7ece1f4bf50a82bd,334,19.285678937413387,19.285678937413387,11.967060727302929,11.986824290921172,0.0003720193499252148,0.14166011115673138,0.0026261404631655
bfo-63e471a5032e0a9170e0e902cd32dee78f4accc2074436cf7ece1f4bf50a82bd,335,1000000.0,24.13891489335023,11.964318860723756,12.163103209908563,0.00037681699993885885,0.0842418887105749,0.004473035988467302
bfo-63e471a5032e0a9170e0e902cd32dee78f4accc2074436cf7ece1f4bf50a82bd,336,19.288142108001125,19.288142108001125,11.966755342438034,11.986702136975214,0.0003724335785049793,0.14147678015202642,0.002632471407002436
bfo-63e471a5032e0a9170e0e902cd32dee78f4accc2074436cf7ece1f4bf50a82bd,337,19.1324788504546,19.1324788504546,11.96831094667322,11.987324378669289,0.0003590251644877641,0.13824530021602657,0.002597015333806934
bfo-63e471a5032e0a9170e0e902cd32dee78f4accc2074436cf7ece1f4bf50a82bd,338,19.343807492439808,19.343807492439808,11.970934281987319,11.988373712794928,0.0003067116150125388,0.13092831783126752,0.0023425918861022118
bfo-63e471a5032e0a9170e0e902cd32dee78f4accc2074436cf7ece1f4bf50a82bd,339,1000000.0,24.11213514993546,11.964426827415881,12.157497464672097,0.00037395265149204004,0.08420095051747346,0.004441192756065587
bfo-63e471a5032e0a9170e0e902cd32dee78f4accc2074436cf7ece1f4bf50a82bd,340,1000000.0143208485,18.987115704346593,11.96695426593049,11.986781706372195,0.0003663108272703334,0.1418970528242486,0.0025815252676462566
bfo-63e471a5032e0a9170e0e902cd32dee78f4accc2074436cf7ece1f4bf50a82bd,341,19.87482459023883,19.87482459023883,11.973288633787687,11.989315453515076,0.0002420807515553782,0.13027729334941898,0.0018581960473041854
bfo-63e471a5032e0a9170e0e902cd32dee78f4accc2074436cf7ece1f4bf50a82bd,342,18.75154722952545,18.75154722952545,11.968353642514895,11.987341457005956,0.0003246002166870048,0.14039164437076418,0.0023121049556892367
bfo-63e471a5032e0a9170e0e902cd32dee78f4accc2074436cf7ece1f4bf50a82bd,343,20.632761764726567,20.632761764726567,11.97495979927159,11.989983919708637,0.0002498221390130886,0.11713169619592077,0.002132831224395681
bfo-63e471a5032e0a9170e0e902cd32dee78f4accc2074436cf7ece1f4bf50a82bd,344,18.65408177980818,18.65408177980818,11.967422071683371,11.986968828673348,0.00032820577647007127,0.14229772563788826,0.002306472397916408
bfo-63e471a5032e0a9170e0e902cd32dee78f4accc2074436cf7ece1f4bf50a82bd,345,1000000.0,24.13420545997068,11.964790595916883,12.157700272849246,0.0003707031539531098,0.08389655909559104,0.004418573990987326
bfo-63e471a5032e0a9170e0e902cd32dee78f4accc2074436cf7ece1f4bf50a82bd,346,18.74986724169247,18.74986724169247,11.96779182963197,11.987116731852788,0.00037799813740144856,0.1420553812198039,0.0026609209320734408
bfo-63e471a5032e0a9170e0e902cd32dee78f4accc2074436cf7ece1f4bf50a82bd,347,75.53273329017843,75.53273329017843,25.061125815364854,35.310014859214796,0.00021434097612355843,0.004415056878141931,0.04854772702583244
bfo-63e471a5032e0a9170e0e902cd32dee78f4accc2074436cf7ece1f4bf50a82bd,348,18.76183796045554,18.76183796045554,11.967664097354374,11.987065638941752,0.0003806288480042815,0.14192553035261543,0.0026818913204594355
bfo-63e471a5032e0a9170e0e902cd32dee78f4accc2074436cf7ece1f4bf50a82bd,349,1000000.0,24.155776037587152,11.964778156214095,12.160552030363464,0.00036983830189270397,0.08376818303919861,0.004415021174801431
bfo-63e471a5032e0a9170e0e902cd32dee78f4accc2074436cf7ece1f4bf50a82bd,350,18.75518279674444,18.75518279674444,11.96763009871174,11.987052039484697,0.0003801173393780609,0.14199696792802902,0.0026769398313541658
bfo-63e471a5032e0a9170e0e902cd32dee78f4accc2074436cf7ece1f4bf50a82bd,351,19.106104156172727,19.106104156172727,11.96846398453464,11.987385593813856,0.0003179566112385145,0.13923660374142974,0.0022835705747963945
bfo-63e471a5032e0a9170e0e902cd32dee78f4accc2074436cf7ece1f4bf50a82bd,352,18.712419992720967,18.712419992720967,11.967587615932022,11.987035046372808,0.0003697034433921729,0.14174629366929933,0.002608205363412945
bfo-63e471a5032e0a9170e0e902cd32dee78f4accc2074436cf7ece1f4bf50a82bd,353,1000000.0,24.098424294275283,11.964563271861234,12.15128494406761,0.00036909591287020055,0.0841428094172153,0.004386541350670482
bfo-63e471a5032e0a9170e0e902cd32dee78f4accc2074436cf7ece1f4bf50a82bd,354,18.792523835191982,18.792523835191982,11.967491640715746,11.986996656286296,0.00036891535158146987,0.14067351980487808,0.002622493217580507
bfo-63e471a5032e0a9170e0e902cd32dee78f4accc2074436cf7ece1f4bf50a82bd,355,19.259439081306574,19.259439081306574,11.966471423835412,11.986588569534165,0.00041312893047134577,0.13436549220208505,0.003074665404790107
bfo-63e471a5032e0a9170e0e902cd32dee78f4accc2074436cf7ece1f4bf50a82bd,356,18.758221898860135,18.758221898860135,11.96764223119268,11.987056892477073,0.0003650482816109802,0.14155368162312404,0.0025788681539410155
bfo-63e471a5032e0a9170e0e902cd32dee78f4accc2074436cf7ece1f4bf50a82bd,357,1000000.0,24.0688081752172,11.964605819653697,12.146189949486084,0.0003703571979880008,0.08401382307328754,0.004408288832004802
bfo-63e471a5032e0a9170e0e902cd32dee78f4accc2074436cf7ece1f4bf50a82bd,358,18.710570981519947,18.710570981519947,11.968050398019471,11.987220159207789,0.0003588932407710207,0.14305119162784102,0.0025088448176280127
bfo-63e471a5032e0a9170e0e902cd32dee78f4accc2074436cf7ece1f4bf50a82bd,359,75.44439089438485,75.44439089438485,25.05679956866741,35.27648538356546,0.00021560746389083006,0.004419096175013927,0.048789946032380835
bfo-63e471a5032e0a9170e0e902cd32dee78f4accc2074436cf7ece1f4bf50a82bd,360,18.743713386280838,18.743713386280838,11.967924795881322,11.98716991835253,0.0003622763381274141,0.14278641840014714,0.0025371904568133687
bfo-63e471a5032e0a9170e0e902cd32dee78f4accc2074436cf7ece1f4bf50a82bd,361,1000000.0,24.093679337583332,11.964633812143711,12.14980733221407,0.0003698974500405675,0.08382736964248365,0.004412609528584131
bfo-63e471a5032e0a9170e0e902cd32dee78f4accc2074436cf7ece1f4bf50a82bd,362,18.79852432493472,18.79852432493472,11.968587399209742,11.987434959683897,0.0003563788402489301,0.14197979908928188,0.002510067224597399
bfo-63e471a5032e0a9170e0e902cd32dee78f4accc2074436cf7ece1f4bf50a82bd,363,75.34697508801278,75.34697508801278,25.046407025586024,35.23522665788618,0.00021667262846544998,0.0044284487074434135,0.0489274332344107
bfo-63e471a5032e0a9170e0e902cd32dee78f4accc2074436cf7ece1f4bf50a82bd,364,18.80010034406429,18.80010034406429,11.968342287814162,11.987336915125665,0.00035900834370788297,0.1421708373652085,0.0025251897671929877
bfo-63e471a5032e0a9170e0e902cd32dee78f4accc2074436cf7ece1f4bf50a82bd,365,1000000.0,24.10856350907887,11.964588553817293,12.152095222410816,0.00036966915519474897,0.08374250079643697,0.004414355335450855
bfo-63e471a5032e0a9170e0e902cd32dee78f4accc2074436cf7ece1f4bf50a82bd,366,18.644887208288754,18.644887208288754,11.966622266868695,11.986648906747478,0.0003760426333921347,0.14252082873168162,0.0026385100110531594
bfo-63e471a5032e0a9170e0e902cd32dee78f4accc2074436cf7ece1f4bf50a82bd,367,75.28459945331329,75.28459945331329,25.034509216232284,35.199001324830824,0.00021730860411833363,0.004439953072606887,0.04894389660536264
bfo-63e471a5032e0a9170e0e902cd32dee78f4accc2074436cf7ece1f4bf50a82bd,368,18.646414983057937,18.646414983057937,11.96629159285217,11.986516637140868,0.0003846396017873753,0.1419077967967325,0.002710489560614698
bfo-63e471a5032e0a9170e0e902cd32dee78f4accc2074436cf7ece1f4bf50a82bd,369,1000000.0,24.116172652421028,11.9645728423357,12.153176031033224,0.0003693977295851852,0.08371237977889391,0.004412701329968881
bfo-63e471a5032e0a9170e0e902cd32dee78f4accc2074436cf7ece1f4bf50a82bd,370,18.5757132566552,18.5757132566552,11.966812559406765,11.986725023762704,0.00037967872914445374,0.14328251306446874,0.002649860900845734
bfo-63e471a5032e0a9170e0e902cd32dee78f4accc2074436cf7ece1f4bf50a82bd,371,75.22796685116359,75.22796685116359,25.02362688682624,35.16774979701157,0.00021803494361432059,0.00445098917033916,0.04898572772705861
bfo-63e471a5032e0a9170e0e902cd32dee78f4accc2074436cf7ece1f4bf50a82bd,372,18.66288375218478,18.66288375218478,11.96664328770321,11.986657315081283,0.0003810130548568269,0.1427269046997084,0.002669525102211548
bfo-63e471a5032e0a9170e0e902cd32dee78f4accc2074436cf7ece1f4bf50a82bd,373,1000000.0,24.12820823876938,11.964569570479119,12.15468170466086,0.0003689091166312403,0.08365316357095749,0.004409984044635908
bfo-63e471a5032e0a9170e0e902cd32dee78f4accc2074436cf7ece1f4bf50a82bd,374,18.676460711787517,18.676460711787517,11.966888415646673,11.98675536625867,0.0003755574486503854,0.14272441412037307,0.00263134692802902
bfo-63e471a5032e0a9170e0e902cd32dee78f4accc2074436cf7ece1f4bf50a82bd,375,75.16344841935901,75.16344841935901,25.009908258184332,35.13101814802015,0.0002189001816183014,0.004462975878380542,0.049048031534002515
bfo-63e471a5032e0a9170e0e902cd32dee78f4accc2074436cf7ece1f4bf50a82bd,376,18.658657528872432,18.658657528872432,11.967267949414166,11.986907179765668,0.0003762819591917253,0.14221861856473153,0.002645799565409635
bfo-63e471a5032e0a9170e0e902cd32dee78f4accc2074436cf7ece1f4bf50a82bd,377,1000000.0,24.143016140066713,11.964566162824749,12.15644801948762,0.00036843258636307964,0.08357620965314332,0.004408342851298747
bfo-63e471a5032e0a9170e0e902cd32dee78f4accc2074436cf7ece1f4bf50a82bd,378,18.664551526708156,18.664551526708156,11.967606154148903,11.987042461659561,0.00037112709987423026,0.14227565946654758,0.002608507324905362
bfo-63e471a5032e0a9170e0e902cd32dee78f4accc2074436cf7ece1f4bf50a82bd,379,75.10841527802711,75.10841527802711,24.998589422344264,35.10077485929263,0.00021977905226126988,0.0044723864857758,0.04914133717205928
bfo-63e471a5032e0a9170e0e902cd32dee78f4accc2074436cf7ece1f4bf50a82bd,380,18.579493202497233,18.579493202497233,11.96697677642252,11.986790710569009,0.0003694571512701336,0.14318335579708513,0.002580307949994666
bfo-63e471a5032e0a9170e0e902cd32dee78f4accc2074436cf7ece1f4bf50a82bd,381,1000000.0,24.15865988384821,11.9645761537498,12.158299413447232,0.0003680087650625075,0.08350031857014789,0.0044072737848700125
bfo-63e471a5032e0a9170e0e902cd32dee78f4accc2074436cf7ece1f4bf50a82bd,382,18.633873979411256,18.633873979411256,11.966766183801564,11.986706473520625,0.0003686840846192898,0.14253664378359784,0.0025865915938011966
bfo-63e471a5032e0a9170e0e902cd32dee78f4accc2074436cf7ece1f4bf50a82bd,383,75.0672981189144,75.0672981189144,24.997334901490227,35.08490942934727,0.00021982969472037365,0.004473756701247676,0.0491376061329097
bfo-63e471a5032e0a9170e0e902cd32dee78f4accc2074436cf7ece1f4bf50a82bd,384,18.61896598672849,18.61896598672849,11.96662365982982,11.986649463931927,0.0003713400813677037,0.14342234015948177,0.0025891369570095117
bfo-63e471a5032e0a9170e0e902cd32dee78f4accc2074436cf7ece1f4bf50a82bd,385,1000000.0,24.169366296423675,11.964607247654616,12.159697958090215,0.0003676294562200891,0.08343406203905601,0.004406227471557113
bfo-63e471a5032e0a9170e0e902cd32dee78f4accc2074436cf7ece1f4bf50a82bd,386,18.632459179442094,18.632459179442094,11.96670498897528,11.98668199559011,0.00037034648979304696,0.14336299843575515,0.002583278069194467
bfo-63e471a5032e0a9170e0e902cd32dee78f4accc2074436cf7ece1f4bf50a82bd,387,19.057165716331777,19.057165716331777,11.97002404838143,11.988009619352573,0.00034913053485816325,0.1304201883083539,0.0026769669587710615
bfo-63e471a5032e0a9170e0e902cd32dee78f4accc2074436cf7ece1f4bf50a82bd,388,18.6000604060467,18.6000604060467,11.966638190849674,11.98665527633987,0.0003703265976195699,0.1436129793973048,0.0025786429553492007
bfo-63e471a5032e0a9170e0e902cd32dee78f4accc2074436cf7ece1f4bf50a82bd,389,1000000.0,24.097574982855466,11.964709895002327,12.15613419642852,0.0003676199529388747,0.08361250387489313,0.004396710251482641
bfo-63e471a5032e0a9170e0e902cd32dee78f4accc2074436cf7ece1f4bf50a82bd,390,18.598640478297483,18.598640478297483,11.965069677420036,11.986027870968016,0.00038762756236107387,0.14281541092828579,0.002714185813992578
bfo-63e471a5032e0a9170e0e902cd32dee78f4accc2074436cf7ece1f4bf50a82bd,391,75.05196406747947,75.05196406747947,24.992247493365216,35.072158607562436,0.00021977798746457804,0.0044793468515388025,0.04906473973746353
bfo-63e471a5032e0a9170e0e902cd32dee78f4accc2074436cf7ece1f4bf50a82bd,392,18.5821503522312,18.5821503522312,11.965034408854475,11.98601376354179,0.0003873050429389896,0.14336730254192429,0.002701487968818634
bfo-63e471a5032e0a9170e0e902cd32dee78f4accc2074436cf7ece1f4bf50a82bd,393,1000000.0,24.093809580998055,11.964704919076738,12.155688309456146,0.0003674950001272145,0.0836521201903428,0.00439313431974005
bfo-63e471a5032e0a9170e0e902cd32dee78f4accc2074436cf7ece1f4bf50a82bd,394,18.579974028402223,18.579974028402223,11.96515403034421,11.986061612137684,0.00038601422989999515,0.14349937846932595,0.0026900062844697863
bfo-63e471a5032e0a9170e0e902cd32dee78f4accc2074436cf7ece1f4bf50a82bd,395,75.04012093534595,75.04012093534595,24.98797914601173,35.06203717202101,0.00021975129958641955,0.004483989361998601,0.049007988611389594
bfo-63e471a5032e0a9170e0e902cd32dee78f4accc2074436cf7ece1f4bf50a82bd,396,18.606167496869624,18.606167496869624,11.965707846058379,11.986283138423353,0.0003882245425612416,0.14369357930841983,0.002701752885756763
bfo-63e471a5032e0a9170e0e902cd32dee78f4accc2074436cf7ece1f4bf50a82bd,397,1000000.0,24.09135750948591,11.964725844326956,12.155918061976816,0.00036700969085600094,0.0836509070882575,0.0043873964267808875
bfo-63e471a5032e0a9170e0e902cd32dee78f4accc2074436cf7ece1f4bf50a82bd,398,18.585614266047003,18.585614266047003,11.965688585821562,11.986275434328626,0.0003831657910964483,0.14400342533782662,0.0026608102564057473
bfo-63e471a5032e0a9170e0e902cd32dee78f4accc2074436cf7ece1f4bf50a82bd,399,75.03224525372102,75.03224525372102,24.98667852342513,35.05698043988008,0.00021983310372689356,0.004484838240622495,0.049016952659675136
bfo-63e471a5032e0a9170e0e902cd32dee78f4accc2074436cf7ece1f4bf50a82bd,400,18.559464279503423,18.559464279503423,11.966393426829333,11.986557370731731,0.00037891535153101145,0.14302247731310958,0.0026493412689354927
bfo-63e471a5032e0a9170e0e902cd32dee78f4accc2074436cf7ece1f4bf50a82bd,401,1000000.0,24.090196033383968,11.964756920740466,12.156427454523747,0.0003665681448935213,0.08363490916013822,0.004382956214989634
bfo-63e471a5032e0a9170e0e902cd32dee78f4accc2074436cf7ece1f4bf50a82bd,402,18.558125007993553,18.558125007993553,11.966773836741838,11.986709534696736,0.0003760020602593426,0.1425426671599203,0.0026378211363023074
bfo-63e471a5032e0a9170e0e902cd32dee78f4accc2074436cf7ece1f4bf50a82bd,403,75.02763197919022,75.02763197919022,24.986803711814012,35.05432205991199,0.00021998432797052246,0.004484524861691143,0.04905409932047181
bfo-63e471a5032e0a9170e0e902cd32dee78f4accc2074436cf7ece1f4bf50a82bd,404,18.44027154465714,18.44027154465714,11.966990198957005,11.986796079582803,0.00033687616024961144,0.14774861944454137,0.0022800629983284588
bfo-63e471a5032e0a9170e0e902cd32dee78f4accc2074436cf7ece1f4bf50a82bd,405,1000000.0,24.091282189955948,11.96477413990544,12.156837221745938,0.00036635669706267844,0.08361798361770424,0.004381314655201881
bfo-63e471a5032e0a9170e0e902cd32dee78f4accc2074436cf7ece1f4bf50a82bd,406,18.53613790474751,18.53613790474751,11.967422610944443,11.986969044377776,0.0003655254106925043,0.1425559651170632,0.002564083589152825
bfo-63e471a5032e0a9170e0e902cd32dee78f4accc2074436cf7ece1f4bf50a82bd,407,75.0237277435047,75.0237277435047,24.986584173930286,35.05183462733928,0.00022011593032312672,0.00448472479640098,0.049081257003723205
bfo-63e471a5032e0a9170e0e902cd32dee78f4accc2074436cf7ece1f4bf50a82bd,408,18.529616796451577,18.529616796451577,11.967279442171261,11.986911776868503,0.0003664960616717205,0.1424645578133742,0.0025725420223591555
bfo-63e471a5032e0a9170e0e902cd32dee78f4accc2074436cf7ece1f4bf50a82bd,409,1000000.0,24.091241961337296,11.964794394082372,12.157257454179899,0.0003661511900306869,0.08360510444532952,0.0043795315185583905
bfo-63e471a5032e0a9170e0e902cd32dee78f4accc2074436cf7ece1f4bf50a82bd,410,18.611441020993034,18.611441020993034,11.967109974848686,11.986843989939473,0.00037004527922068834,0.1415571849145166,0.002614104536227892
bfo-63e471a5032e0a9170e0e902cd32dee78f4accc2074436cf7ece1f4bf50a82bd,411,75.01359166713735,75.01359166713735,24.986727982943634,35.047675522216835,0.00022024727119616665,0.004483914481486589,0.04911941833537072
bfo-63e471a5032e0a9170e0e902cd32dee78f4accc2074436cf7ece1f4bf50a82bd,412,18.46156349070666,18.46156349070666,11.96653311114388,11.986613244457551,0.0003430040670188336,0.1468498326254114,0.0023357470749985655
bfo-63e471a5032e0a9170e0e902cd32dee78f4accc2074436cf7ece1f4bf50a82bd,413,1000000.0,24.093802122718714,11.964813312802358,12.157871844093972,0.0003660102534074627,0.08358330216944819,0.004378987715338779
bfo-63e471a5032e0a9170e0e902cd32dee78f4accc2074436cf7ece1f4bf50a82bd,414,18.61206936500269,18.61206936500269,11.967554526641264,11.987021810656506,0.00036784423176921454,0.14304082428872306,0.0025716031321710887
bfo-63e471a5032e0a9170e0e902cd32dee78f4accc2074436cf7ece1f4bf50a82bd,415,75.00742196350878,75.00742196350878,24.987642330203908,35.044387389741516,0.00022032004108937838,0.004481838558560499,0.049158406357265566
bfo-63e471a5032e0a9170e0e902cd32dee78f4accc2074436cf7ece1f4bf50a82bd,416,18.369254680082744,18.369254680082744,11.965878565503623,11.986351426201448,0.0003578671392297369,0.14697022726160758,0.002434963501775989
bfo-63e471a5032e0a9170e0e902cd32dee78f4accc2074436cf7ece1f4bf50a82bd,417,1000000.0,23.932377200387652,11.965852435785296,12.167490401715432,0.00035058204940232137,0.0835187683186904,0.004197643912378743
bfo-63e471a5032e0a9170e0e902cd32dee78f4accc2074436cf7ece1f4bf50a82bd,418,18.377726863996763,18.377726863996763,11.96548774130303,11.986195096521211,0.0003486292587920622,0.14819854462495669,0.0023524472502367134
bfo-63e471a5032e0a9170e0e902cd32dee78f4accc2074436cf7ece1f4bf50a82bd,419,38.936715920608926,38.936715920608926,12.529017614807278,16.668258955893364,6.511051960524789e-05,0.026762219190607218,0.002432926774177974
bfo-63e471a5032e0a9170e0e902cd32dee78f4accc2074436cf7ece1f4bf50a82bd,420,18.429636415236253,18.429636415236253,11.966453429633134,11.986581371853253,0.00034762362314296304,0.14708329620271543,0.0023634473262270097
bfo-63e471a5032e0a9170e0e902cd32dee78f4accc2074436cf7ece1f4bf50a82bd,421,1000000.0,27.779630591627807,11.971184361600972,12.47164320294813,0.00032644143501941325,0.07074664555155254,0.004614231989014064
bfo-63e471a5032e0a9170e0e902cd32dee78f4accc2074436cf7ece1f4bf50a82bd,422,18.431508768272593,18.431508768272593,11.96668389393839,11.986673557575356,0.00034160466904060825,0.14750027604485666,0.0023159595236060576
bfo-63e471a5032e0a9170e0e902cd32dee78f4accc2074436cf7ece1f4bf50a82bd,423,1000000.0,73.33216681865545,24.70352935185164,33.91950200724784,0.00026652269645874706,0.004737748166665745,0.056255142122996385
bfo-63e471a5032e0a9170e0e902cd32dee78f4accc2074436cf7ece1f4bf50a82bd,424,18.37500097753059,18.37500097753059,11.96569365515691,11.986277462062764,0.0003648168686431198,0.14604182603583454,0.0024980300407473955
bfo-63e471a5032e0a9170e0e902cd32dee78f4accc2074436cf7ece1f4bf50a82bd,425,1000000.0,89.06099340392936,34.00385112829734,47.18365619423149,8.148100040401797e-07,0.0016730724950133721,0.0004870141649383025
bfo-63e471a5032e0a9170e0e902cd32dee78f4accc2074436cf7ece1f4bf50a82bd,426,1000000.0043501669,18.37310116725902,11.96566213031265,11.98626485212506,0.00036478488139434157,0.146177597004884,0.0024954910250861054
bfo-63e471a5032e0a9170e0e902cd32dee78f4accc2074436cf7ece1f4bf50a82bd,427,1000000.0,41.28260578255549,12.325468441654763,15.40226690673691,0.00015809351403549325,0.04023127969493091,0.003929616836309903
bfo-63e471a5032e0a9170e0e902cd32dee78f4accc2074436cf7ece1f4bf50a82bd,428,1000000.0249962289,18.36935204468305,11.965662470323588,11.986264988129436,0.00036443597963006156,0.14626516444868523,0.0024916115946248983
bfo-63e471a5032e0a9170e0e902cd32dee78f4accc2074436cf7ece1f4bf50a82bd,429,37.969876009983324,37.969876009983324,12.074399534723891,14.134706256419364,0.00018076779936351088,0.047721203993762014,0.0037879974567938467
bfo-63e471a5032e0a9170e0e902cd32dee78f4accc2074436cf7ece1f4bf50a82bd,430,18.440346023715836,18.440346023715836,11.967102996332626,11.986841198533051,0.0003770036162832188,0.1529322282256657,0.00246516787636753
bfo-63e471a5032e0a9170e0e902cd32dee78f4accc2074436cf7ece1f4bf50a82bd,431,71.50274989632905,71.50274989632905,22.92433830379995,31.99447610100451,0.00018904878539583199,0.006275700194015331,0.03012393510705208
bfo-63e471a5032e0a9170e0e902cd32dee78f4accc2074436cf7ece1f4bf50a82bd,432,18.459298223410432,18.459298223410432,11.965081520796476,11.98603260831859,0.00040784915788826784,0.15865528185767744,0.0025706623385796327
bfo-63e471a5032e0a9170e0e902cd32dee78f4accc2074436cf7ece1f4bf50a82bd,433,1000000.0,90.97868101964903,32.1447215768672,46.438536879070014,1.076716678157736e-06,0.0024125054232777515,0.00044630642806798524
bfo-63e471a5032e0a9170e0e902cd32dee78f4accc2074436cf7ece1f4bf50a82bd,434,18.456452152353336,18.456452152353336,11.965204080560847,11.986081632224339,0.0004071762673648735,0.15850852037876723,0.0025687973516622152
bfo-63e471a5032e0a9170e0e902cd32dee78f4accc2074436cf7ece1f4bf50a82bd,435,36.868946530487946,36.868946530487946,11.99158474016488,13.75728429059312,0.00019497474923649586,0.05297764052808771,0.003680321495879456
bfo-63e471a5032e0a9170e0e902cd32dee78f4accc2074436cf7ece1f4bf50a82bd,436,1000000.0079267583,18.37711991144434,11.963825771209487,11.985530308483794,0.00037434589800756094,0.15042302698029617,0.0024886209613146286
bfo-63e471a5032e0a9170e0e902cd32dee78f4accc2074436cf7ece1f4bf50a82bd,437,18.65148564125252,18.65148564125252,11.968679239958139,11.987471695983256,0.00032705397265662424,0.13780854818549865,0.0023732488075876817
bfo-63e471a5032e0a9170e0e902cd32dee78f4accc2074436cf7ece1f4bf50a82bd,438,18.460471978991855,18.460471978991855,11.9675120244399,11.987004809775959,0.0003416333503425612,0.1427230569672043,0.0023936801635426265
bfo-63e471a5032e0a9170e0e902cd32dee78f4accc2074436cf7ece1f4bf50a82bd,439,1000000.0,26.22179901088127,11.970990161576431,12.352084139743862,0.00032177425993582974,0.07451497018743844,0.0043182498647778254
bfo-63e471a5032e0a9170e0e902cd32dee78f4accc2074436cf7ece1f4bf50a82bd,440,1000000.0218568196,18.40149762166858,11.960849328748724,11.984339731499489,0.00041531611965128903,0.15198838146923693,0.0027325517624210683
bfo-63e471a5032e0a9170e0e902cd32dee78f4accc2074436cf7ece1f4bf50a82bd,441,1000000.0,57.0447801583588,15.00294823389478,22.621103015804035,8.743732901875538e-05,0.01561656894359601,0.005599010213739132
bfo-63e471a5032e0a9170e0e902cd32dee78f4accc2074436cf7ece1f4bf50a82bd,442,1000000.0249319231,18.356598310951597,11.958638144672975,11.983455257869188,0.00044485265123773066,0.15375396481721182,0.0028932759670073373
bfo-63e471a5032e0a9170e0e902cd32dee78f4accc2074436cf7ece1f4bf50a82bd,443,1000000.0,60.85622252535701,16.554415354591363,24.41620249831539,8.622525135275563e-05,0.012774036606711952,0.006750039475184351
bfo-63e471a5032e0a9170e0e902cd32dee78f4accc2074436cf7ece1f4bf50a82bd,444,18.473512551622264,18.473512551622264,11.971743529196477,11.98869741167859,0.0002818679355491237,0.13942362071705405,0.002021665583632674
bfo-63e471a5032e0a9170e0e902cd32dee78f4accc2074436cf7ece1f4bf50a82bd,445,1000000.0,84.99231189706943,21.53952081469896,35.114702219201895,4.52952864593447e-05,0.007696876753993292,0.005884891743374299
bfo-63e471a5032e0a9170e0e902cd32dee78f4accc2074436cf7ece1f4bf50a82bd,446,1000000.0111794934,18.357825412377963,11.95754841602311,11.983019366409245,0.0004598996887948495,0.15560291803798554,0.002955598099275873
bfo-63e471a5032e0a9170e0e902cd32dee78f4accc2074436cf7ece1f4bf50a82bd,447,19.025109357174774,19.025109357174774,11.972336846193926,11.98893473847757,0.0002600215277422209,0.12878854001982806,0.0020189803200050906
bfo-63e471a5032e0a9170e0e902cd32dee78f4accc2074436cf7ece1f4bf50a82bd,448,1000000.0248433203,18.360083026060842,11.958912736900293,11.983565094760117,0.00045022939670454694,0.15654349608269044,0.0028760658089986937
bfo-63e471a5032e0a9170e0e902cd32dee78f4accc2074436cf7ece1f4bf50a82bd,449,19.185610422849624,19.185610422849624,11.97045096070831,11.988180384283325,0.000291080453458311,0.12747623186747267,0.0022834096144364008
bfo-63e471a5032e0a9170e0e902cd32dee78f4accc2074436cf7ece1f4bf50a82bd,450,1000000.0234887295,18.359398472098892,11.961587054276983,11.984634821710793,0.0004314524495271315,0.15432611855355813,0.002795718920238365
bfo-63e471a5032e0a9170e0e902cd32dee78f4accc2074436cf7ece1f4bf50a82bd,451,1000000.0,19.53806956393774,11.968253744628138,11.987301497851254,0.00030679397871657775,0.12988151077634072,0.002362106637679052
bfo-63e471a5032e0a9170e0e902cd32dee78f4accc2074436cf7ece1f4bf50a82bd,452,1000000.0240820923,18.38198462334186,11.962768812126818,11.985107524850728,0.00042387962305774754,0.15166422511287775,0.0027948556935049815
bfo-63e471a5032e0a9170e0e902cd32dee78f4accc2074436cf7ece1f4bf50a82bd,453,1000000.0,19.819703489238222,11.967572210121686,11.987028884048673,0.0003010010722398252,0.1342032955469825,0.0022428739250628118
bfo-63e471a5032e0a9170e0e902cd32dee78f4accc2074436cf7ece1f4bf50a82bd,454,18.452877017945717,18.452877017945717,11.965982794446132,11.986393117778453,0.00035368131852795223,0.15426211334193418,0.0022927296331276725
bfo-63e471a5032e0a9170e0e902cd32dee78f4accc2074436cf7ece1f4bf50a82bd,455,1000000.0,92.2283530917282,28.654021873132386,44.369296898583556,1.7611995315310433e-05,0.003987178498186357,0.004417157476978164
bfo-63e471a5032e0a9170e0e902cd32dee78f4accc2074436cf7ece1f4bf50a82bd,456,18.398252174364856,18.398252174364856,11.962163970158612,11.984865588063446,0.00041351507415329065,0.15662715053087056,0.002640123840290311
bfo-63e471a5032e0a9170e0e902cd32dee78f4accc2074436cf7ece1f4bf50a82bd,457,1000000.0,73.17451797229921,23.99349411331246,33.45514873297863,0.0002061875738358215,0.005318350841635947,0.038769080862743034
bfo-63e471a5032e0a9170e0e902cd32dee78f4accc2074436cf7ece1f4bf50a82bd,458,1000000.0007608569,18.385486456881875,11.964907804190911,11.985963121676365,0.0003576884124796795,0.14206602539201219,0.002517761804714999
bfo-63e471a5032e0a9170e0e902cd32dee78f4accc2074436cf7ece1f4bf50a82bd,459,1000000.0,55.63386665978253,12.629287925721066,16.639564314368624,0.00028041923446365266,0.03913266473077794,0.007165860960219819
bfo-63e471a5032e0a9170e0e902cd32dee78f4accc2074436cf7ece1f4bf50a82bd,460,1000000.0118393386,18.43891156328008,11.973172747474653,11.989269098989862,0.0002529700989095986,0.14328165796573003,0.00176554419107925
bfo-63e471a5032e0a9170e0e902cd32dee78f4accc2074436cf7ece1f4bf50a82bd,461,1000000.0,48.1109939909075,12.146500921758836,14.601954339195347,0.00035088398393466787,0.04791154596981385,0.007323578833288714
bfo-63e471a5032e0a9170e0e902cd32dee78f4accc2074436cf7ece1f4bf50a82bd,462,1000000.0210565217,18.441849297105474,11.973297353660437,11.989318941464173,0.0002514296325486831,0.1422022016933946,0.0017681135000342419
bfo-63e471a5032e0a9170e0e902cd32dee78f4accc2074436cf7ece1f4bf50a82bd,463,1000000.0,45.4071232296462,12.04077018678331,14.023162987979038,0.0004071443580321247,0.05364894358753608,0.007589047067959675
bfo-63e471a5032e0a9170e0e902cd32dee78f4accc2074436cf7ece1f4bf50a82bd,464,1000000.0133283469,18.459549959880185,11.971359547650225,11.988543819060089,0.00027612702021916893,0.14035368283818847,0.001967365690984478
bfo-63e471a5032e0a9170e0e902cd32dee78f4accc2074436cf7ece1f4bf50a82bd,465,1000000.0,44.9516724535081,12.033616721897253,13.936571371645565,0.00045780330810060884,0.05601367766651152,0.008173062851295557
bfo-63e471a5032e0a9170e0e902cd32dee78f4accc2074436cf7ece1f4bf50a82bd,466,1000000.0007807901,18.460491148913032,11.969935949184473,11.987974379673789,0.00029524960178006456,0.13965872731704762,0.002114079137423333
bfo-63e471a5032e0a9170e0e902cd32dee78f4accc2074436cf7ece1f4bf50a82bd,467,1000000.0,43.318423829485845,11.967400353610795,13.652575844223389,0.0004150334108913454,0.058024853037103044,0.0071526835341738666
bfo-63e471a5032e0a9170e0e902cd32dee78f4accc2074436cf7ece1f4bf50a82bd,468,1000000.0213436557,18.450108615259467,11.96832485689407,11.98732994275763,0.0003180686447379927,0.13912960618942322,0.0022861319991443535
bfo-63e471a5032e0a9170e0e902cd32dee78f4accc2074436cf7ece1f4bf50a82bd,469,1000000.0,55.955149273295426,15.209602108655657,22.664301542218507,0.00012156700273316658,0.019371275534160865,0.006275632315424225
bfo-63e471a5032e0a9170e0e902cd32dee78f4accc2074436cf7ece1f4bf50a82bd,470,18.446606231803592,18.446606231803592,11.967993665767157,11.987197466306862,0.0003228479479546339,0.13904272965338638,0.0023219333276860116
bfo-63e471a5032e0a9170e0e902cd32dee78f4accc2074436cf7ece1f4bf50a82bd,471,1000000.0,33.263246214456025,11.973478215214488,12.872977175816198,0.0002118019333102493,0.06361138054548587,0.0033296232764324064
bfo-63e471a5032e0a9170e0e902cd32dee78f4accc2074436cf7ece1f4bf50a82bd,472,1000000.0090080609,18.204898756952687,11.96784524751756,11.987138099007023,0.0003480477542347405,0.14846800257058151,0.0023442610408210955
bfo-63e471a5032e0a9170e0e902cd32dee78f4accc2074436cf7ece1f4bf50a82bd,473,1000000.0,53.834049382918096,13.737452416207367,20.651715915032987,5.512306012378528e-05,0.021941161561570655,0.0025123127583332604
bfo-63e471a5032e0a9170e0e902cd32dee78f4accc2074436cf7ece1f4bf50a82bd,474,18.44491435876657,18.44491435876657,11.969223492294045,11.98768939691762,0.00032174142046190304,0.14710907845811552,0.002187094255732887
bfo-63e471a5032e0a9170e0e902cd32dee78f4accc2074436cf7ece1f4bf50a82bd,475,1000000.0,65.61376559047707,18.620690612678786,26.85418438993125,5.781468887820365e-05,0.009478295562740095,0.006099692555007212
bfo-63e471a5032e0a9170e0e902cd32dee78f4accc2074436cf7ece1f4bf50a82bd,476,18.464357188991514,18.464357188991514,11.969174257757402,11.987669703102961,0.0003036511596306187,0.1459203276870387,0.0020809380327179074
bfo-63e471a5032e0a9170e0e902cd32dee78f4accc2074436cf7ece1f4bf50a82bd,477,1000000.0,47.63610671722094,12.127783348472478,14.491796388551073,0.0002982051039793828,0.05127785891926694,0.005815474948922572
bfo-63e471a5032e0a9170e0e902cd32dee78f4accc2074436cf7ece1f4bf50a82bd,478,1000000.0045371967,18.4914063644469,11.968164680010753,11.987265872004302,0.0002936930455757803,0.14481816408020698,0.002028012490291753
bfo-63e471a5032e0a9170e0e902cd32dee78f4accc2074436cf7ece1f4bf50a82bd,479,1000000.0,51.61653549277183,13.325695764687532,19.942707242889483,3.8327586507674845e-05,0.019900314685644394,0.001925978916068269
bfo-63e471a5032e0a9170e0e902cd32dee78f4accc2074436cf7ece1f4bf50a82bd,480,18.50580362918641,18.50580362918641,11.967674777469211,11.987069910987683,0.0002905815493553956,0.14451331327449504,0.002010759720133549
bfo-63e471a5032e0a9170e0e902cd32dee78f4accc2074436cf7ece1f4bf50a82bd,481,1000000.0,60.778920806678656,15.883428634662113,23.980159580574817,5.8997406393948764e-05,0.013204353228375607,0.004468026973647281
bfo-63e471a5032e0a9170e0e902cd32dee78f4accc2074436cf7ece1f4bf50a82bd,482,1000000.0006941543,18.524245606378194,11.966669603572754,11.986667841429101,0.0002833963472416981,0.14438659702594328,0.0019627607622802945
bfo-63e471a5032e0a9170e0e902cd32dee78f4accc2074436cf7ece1f4bf50a82bd,483,1000000.0,44.00732701918076,11.986360728897164,13.782845685043165,0.0003229832136037227,0.05949215489464923,0.005429005121358818
bfo-63e471a5032e0a9170e0e902cd32dee78f4accc2074436cf7ece1f4bf50a82bd,484,1000000.0173839842,18.40204886221971,11.9578152397379,11.983126095895159,0.000439373988978526,0.1450553954844237,0.0030290082455133958
bfo-63e471a5032e0a9170e0e902cd32dee78f4accc2074436cf7ece1f4bf50a82bd,485,1000000.0,38.38491732845051,11.963187419798588,12.993130720179538,0.00033005733604698546,0.07185547312788924,0.004593349979890125
bfo-63e471a5032e0a9170e0e902cd32dee78f4accc2074436cf7ece1f4bf50a82bd,486,1000000.0023524007,18.400216963284965,11.95773596773701,11.983094387094804,0.0004383629562144289,0.1452009929671432,0.0030190079782279715
bfo-63e471a5032e0a9170e0e902cd32dee78f4accc2074436cf7ece1f4bf50a82bd,487,1000000.0,28.256879269451915,11.969526652075068,12.262475140679456,0.0002897998197458472,0.10387064915416977,0.002790006822001396
bfo-63e471a5032e0a9170e0e902cd32dee78f4accc2074436cf7ece1f4bf50a82bd,488,1000000.014168032,18.413419886145448,11.957207784217895,11.98288311368716,0.0004394932198366573,0.1464378004921162,0.0030012279504315446
bfo-63e471a5032e0a9170e0e902cd32dee78f4accc2074436cf7ece1f4bf50a82bd,489,1000000.0,31.452306591392258,11.961411803204653,12.49359601221,0.000298407858544683,0.08958770256891857,0.003330902009850314
bfo-63e471a5032e0a9170e0e902cd32dee78f4accc2074436cf7ece1f4bf50a82bd,490,1000000.0211274794,18.41471344528947,11.957202452179054,11.98288098087162,0.000440013073444731,0.1464651501877902,0.0030042168589631633
bfo-63e471a5032e0a9170e0e902cd32dee78f4accc2074436cf7ece1f4bf50a82bd,491,1000000.0,27.314383082004486,11.963511230060947,12.172120532233333,0.0003597991445503207,0.10306789637319293,0.0034908944221345474
bfo-63e471a5032e0a9170e0e902cd32dee78f4accc2074436cf7ece1f4bf50a82bd,492,18.444936683406212,18.444936683406212,11.957251637872934,11.982900655149175,0.00045833044004553724,0.14681479767497907,0.0031218272769765105
bfo-63e471a5032e0a9170e0e902cd32dee78f4accc2074436cf7ece1f4bf50a82bd,493,1000000.0,34.09140667170737,11.955081774185743,12.646025291998741,0.00044961030319118367,0.07987466395135893,0.005628947665619998
bfo-63e471a5032e0a9170e0e902cd32dee78f4accc2074436cf7ece1f4bf50a82bd,494,18.446707858325297,18.446707858325297,11.957276434078073,11.98291057363123,0.00046108797167146074,0.1468357231704297,0.0031401620921380547
bfo-63e471a5032e0a9170e0e902cd32dee78f4accc2074436cf7ece1f4bf50a82bd,495,1000000.0,39.21997102501197,11.95498970108992,13.098440533278369,0.0005804442073874217,0.06691871675823217,0.008673869367287545
bfo-63e471a5032e0a9170e0e902cd32dee78f4accc2074436cf7ece1f4bf50a82bd,496,1000000.0155361847,18.44642646830111,11.957341853591531,11.982936741436612,0.0004649927007575258,0.14690500680150903,0.0031652610818486368
bfo-63e471a5032e0a9170e0e902cd32dee78f4accc2074436cf7ece1f4bf50a82bd,497,1000000.0,81.94824838293236,19.796298049383118,32.59884253222478,4.614635144399449e-05,0.008918520902373715,0.005174215763929239
bfo-63e471a5032e0a9170e0e902cd32dee78f4accc2074436cf7ece1f4bf50a82bd,498,1000000.0041795343,18.44477331438678,11.95755052221375,11.983020208885499,0.000473726735013657,0.14705689929852458,0.0032213839491610297
bfo-63e471a5032e0a9170e0e902cd32dee78f4accc2074436cf7ece1f4bf50a82bd,499,1000000.0,80.76106924804742,18.997393218098438,31.375477611728016,5.334389979109755e-05,0.009934419333644464,0.00536960420126822
bfo-63e471a5032e0a9170e0e902cd32dee78f4accc2074436cf7ece1f4bf50a82bd,500,1000000.0080537167,18.444045882862284,11.957618967461311,11.983047586984524,0.00047562985534673564,0.14710279483778538,0.003233316238968993
bfo-63e471a5032e0a9170e0e902cd32dee78f4accc2074436cf7ece1f4bf50a82bd,501,1000000.0,73.5328031277232,15.698263292750495,25.43976073623255,0.00010005085292806237,0.015975323892233644,0.006262837210875067
bfo-63e471a5032e0a9170e0e902cd32dee78f4accc2074436cf7ece1f4bf50a82bd,502,1000000.0041283249,18.43689178499102,11.95882945458843,11.983531781835373,0.0004891545240719442,0.147553475433473,0.0033150999841578643
bfo-63e471a5032e0a9170e0e902cd32dee78f4accc2074436cf7ece1f4bf50a82bd,503,1000000.0,66.45736751698246,13.917097677894668,21.424080353222944,0.0001674010350271507,0.023373411039791077,0.007162028457984411
bfo-63e471a5032e0a9170e0e902cd32dee78f4accc2074436cf7ece1f4bf50a82bd,504,1000000.0009536877,18.434962860658448,11.959954782465765,11.983981912986305,0.0004878809564332606,0.14777240760434712,0.003301570058596706
bfo-63e471a5032e0a9170e0e902cd32dee78f4accc2074436cf7ece1f4bf50a82bd,505,1000000.0,31.1423160496335,11.977068312320842,12.821624041617962,0.00030689388761877056,0.07952590678875536,0.003859042920868198
bfo-63e471a5032e0a9170e0e902cd32dee78f4accc2074436cf7ece1f4bf50a82bd,506,1000000.0116190385,18.43495167666257,11.960006137431485,11.984002454972593,0.00048760553228019795,0.14778750876944288,0.003299369049118292
bfo-63e471a5032e0a9170e0e902cd32dee78f4accc2074436cf7ece1f4bf50a82bd,507,1000000.0,19.112977592233293,11.931245611936545,11.972498244774616,0.0008501311144739085,0.15870415792177558,0.005356703476495767
bfo-63e471a5032e0a9170e0e902cd32dee78f4accc2074436cf7ece1f4bf50a82bd,508,1000000.0115242134,18.419903137444624,11.963020589315951,11.98520823572638,0.0004518367562959134,0.14859485581262738,0.0030407294641859126
bfo-63e471a5032e0a9170e0e902cd32dee78f4accc2074436cf7ece1f4bf50a82bd,509,1000000.0,22.753954796441977,11.974132699800343,12.11301491788991,0.00016820898756746673,0.12279312719698766,0.0013698566964388964
bfo-63e471a5032e0a9170e0e902cd32dee78f4accc2074436cf7ece1f4bf50a82bd,510,1000000.0037734517,18.42366808333525,11.964800938380515,11.985920375352206,0.000413408888873838,0.1488868440237552,0.002776665000756398
bfo-63e471a5032e0a9170e0e902cd32dee78f4accc2074436cf7ece1f4bf50a82bd,511,1000000.0,20.64100426002173,11.969067699951658,11.987627079980664,0.00022832241233216078,0.12928248968885636,0.00176607375741033
bfo-63e471a5032e0a9170e0e902cd32dee78f4accc2074436cf7ece1f4bf50a82bd,512,1000000.0064837276,18.516688557868303,11.966352445573092,11.986540978229236,0.00032291662689825523,0.13692940177144514,0.002358270924437759
bfo-63e471a5032e0a9170e0e902cd32dee78f4accc2074436cf7ece1f4bf50a82bd,513,1000000.0,42.488026132569715,12.4608704314773,16.109986473986158,0.00012043946664854991,0.036924757986768655,0.003261753717971755
bfo-63e471a5032e0a9170e0e902cd32dee78f4accc2074436cf7ece1f4bf50a82bd,514,18.51249465256145,18.51249465256145,11.965541436558476,11.986216574623393,0.0003640206267098197,0.15498150074376968,0.002348800501755713
bfo-63e471a5032e0a9170e0e902cd32dee78f4accc2074436cf7ece1f4bf50a82bd,515,1000000.0,34.240383184949486,11.970910563954035,13.167086638551305,0.00023888511121744968,0.06086622541063797,0.003924756457391528
bfo-63e471a5032e0a9170e0e902cd32dee78f4accc2074436cf7ece1f4bf50a82bd,516,1000000.0090217614,18.412113612170902,11.962308469147812,11.984923387659125,0.00041143223950906583,0.14096726043388957,0.0029186368398073405
bfo-63e471a5032e0a9170e0e902cd32dee78f4accc2074436cf7ece1f4bf50a82bd,517,1000000.0,30.074792133305625,11.962537440000428,12.653205116385854,0.0002921899690724937,0.077398728901392,0.0037751261967719305
bfo-63e471a5032e0a9170e0e902cd32dee78f4accc2074436cf7ece1f4bf50a82bd,518,1000000.0181923617,18.50662652803306,11.969748282271953,11.98789931290878,0.0003256761798736289,0.1389049668862082,0.002344597080825949
bfo-63e471a5032e0a9170e0e902cd32dee78f4accc2074436cf7ece1f4bf50a82bd,519,1000000.0,41.316311986516226,12.323525356701373,15.283588059173152,0.0002063426472271801,0.041465617971949364,0.004976234705262723
bfo-63e471a5032e0a9170e0e902cd32dee78f4accc2074436cf7ece1f4bf50a82bd,520,1000000.0030325557,18.475762446768492,11.969296788989553,11.98771871559582,0.0003305518675414125,0.13897696089243705,0.0023784652176791175
bfo-63e471a5032e0a9170e0e902cd32dee78f4accc2074436cf7ece1f4bf50a82bd,521,1000000.0,33.44684717984627,11.967243202091908,13.160331827808406,0.0003258949749106064,0.06149007029186464,0.005299961007748653
bfo-63e471a5032e0a9170e0e902cd32dee78f4accc2074436cf7ece1f4bf50a82bd,522,18.461722365492097,18.461722365492097,11.969049936360024,11.98761997454401,0.0003332107948151298,0.13905280938789544,0.002396289555614946
bfo-63e471a5032e0a9170e0e902cd32dee78f4accc2074436cf7ece1f4bf50a82bd,523,1000000.0,38.76066657650728,12.083794404866817,14.153375754970622,0.00035398098646249605,0.047314378750544964,0.007481467490649847
bfo-63e471a5032e0a9170e0e902cd32dee78f4accc2074436cf7ece1f4bf50a82bd,524,18.46731317046034,18.46731317046034,11.967934764897521,11.987173905959008,0.00033936599209121696,0.14009640012821656,0.002422374820342481
bfo-63e471a5032e0a9170e0e902cd32dee78f4accc2074436cf7ece1f4bf50a82bd,525,1000000.0,33.577356998473164,11.972322670710374,13.040162115669917,0.0002812088169447704,0.06013411439447815,0.0046763608274007044
bfo-63e471a5032e0a9170e0e902cd32dee78f4accc2074436cf7ece1f4bf50a82bd,526,18.37893554201616,18.37893554201616,11.964197042386058,11.985678816954422,0.00037299519233366293,0.14524466905624087,0.0025680473834756284
bfo-63e471a5032e0a9170e0e902cd32dee78f4accc2074436cf7ece1f4bf50a82bd,527,1000000.0,35.35566543124118,11.984576365173055,13.773744755524959,0.0003010908258485266,0.05333768077778889,0.005644992835419799
bfo-63e471a5032e0a9170e0e902cd32dee78f4accc2074436cf7ece1f4bf50a82bd,528,18.597958686112527,18.597958686112527,11.96432409189182,11.985729636756728,0.0004101047882851039,0.146609743862435,0.0027972546536191227
bfo-63e471a5032e0a9170e0e902cd32dee78f4accc2074436cf7ece1f4bf50a82bd,529,1000000.0,32.59886707214754,11.97264969401573,12.776110810989955,0.000366512371486,0.05922173188826017,0.006188815487151527
bfo-63e471a5032e0a9170e0e902cd32dee78f4accc2074436cf7ece1f4bf50a82bd,530,1000000.0005089788,18.60115134433382,11.967470947695306,11.986988379078122,0.000351809070141881,0.1456849511716116,0.002414862120710482
bfo-63e471a5032e0a9170e0e902cd32dee78f4accc2074436cf7ece1f4bf50a82bd,531,1000000.0,24.19385517897079,11.969550503168831,12.059876053170411,0.00022284466479581089,0.11529215753119151,0.0019328692390505552
bfo-63e471a5032e0a9170e0e902cd32dee78f4accc2074436cf7ece1f4bf50a82bd,532,1000000.006388207,18.54913394650471,11.968503674786195,11.987401469914479,0.00034820255725354,0.14645141593247582,0.002377597751694564
bfo-63e471a5032e0a9170e0e902cd32dee78f4accc2074436cf7ece1f4bf50a82bd,533,1000000.0,18.742278431931,11.980052502263788,11.992021000905515,0.00022065820489472723,0.14821089786872824,0.0014888122807957499
bfo-63e471a5032e0a9170e0e902cd32dee78f4accc2074436cf7ece1f4bf50a82bd,534,1000000.0162720251,18.496055383179048,11.968537154135959,11.987414861654383,0.00034991780914328356,0.14790452917743885,0.002365835658240678
bfo-63e471a5032e0a9170e0e902cd32dee78f4accc2074436cf7ece1f4bf50a82bd,535,1000000.0,23.376785463624557,11.967608527573127,12.00062471836599,0.00022292283252676415,0.12076754987751855,0.0018458835403454873
bfo-63e471a5032e0a9170e0e902cd32dee78f4accc2074436cf7ece1f4bf50a82bd,536,18.48671827920731,18.48671827920731,11.968424790651818,11.987369916260727,0.0003502546008679091,0.1486517764475195,0.002356208645724218
bfo-63e471a5032e0a9170e0e902cd32dee78f4accc2074436cf7ece1f4bf50a82bd,537,1000000.0,20.467847617515794,11.952243541353857,11.980897416541543,0.00043778031124069064,0.12942623870540884,0.0033824695488303283
bfo-63e471a5032e0a9170e0e902cd32dee78f4accc2074436cf7ece1f4bf50a82bd,538,18.47933515896756,18.47933515896756,11.968246883073984,11.987298753229593,0.00035065680412368374,0.14920885160839653,0.002350107251304325
bfo-63e471a5032e0a9170e0e902cd32dee78f4accc2074436cf7ece1f4bf50a82bd,539,1000000.0,23.278696085974794,11.967812053608604,11.997242721396434,0.00022238272938549073,0.12124595747709688,0.0018341455172020756
bfo-63e471a5032e0a9170e0e902cd32dee78f4accc2074436cf7ece1f4bf50a82bd,540,18.465447307665094,18.465447307665094,11.967841217849717,11.987136487139885,0.00035159840228318723,0.14998069894614977,0.0023442909971330902
bfo-63e471a5032e0a9170e0e902cd32dee78f4accc2074436cf7ece1f4bf50a82bd,541,1000000.0,27.497908477665888,11.967536496599903,12.425773386107789,0.00047166386603081557,0.0757718394485418,0.006224791023466339
bfo-63e471a5032e0a9170e0e902cd32dee78f4accc2074436cf7ece1f4bf50a82bd,542,1000000.0161798792,18.4515580963499,11.96733193447645,11.98693277379058,0.00035218236620840386,0.15065946308198244,0.00233760534521991
bfo-63e471a5032e0a9170e0e902cd32dee78f4accc2074436cf7ece1f4bf50a82bd,543,1000000.0,23.106981704659823,11.965531710856736,11.994336111037335,0.00023361431959703586,0.1208862448316193,0.0019325136612724952
bfo-63e471a5032e0a9170e0e902cd32dee78f4accc2074436cf7ece1f4bf50a82bd,544,1000000.022911385,18.424734074899614,11.966143220153228,11.98645728806129,0.0003506133883785291,0.15166051219655108,0.0023118304382629034
bfo-63e471a5032e0a9170e0e902cd32dee78f4accc2074436cf7ece1f4bf50a82bd,545,1000000.0,18.815614063784192,11.969508142402429,11.987803256960973,0.0003275021552238878,0.12804986536953192,0.0025576142097359315
bfo-63e471a5032e0a9170e0e902cd32dee78f4accc2074436cf7ece1f4bf50a82bd,546,1000000.0249188732,18.405664870153963,11.970461542148598,11.988184616859439,0.00030244684536428736,0.1378436856947255,0.002194129124159514
bfo-63e471a5032e0a9170e0e902cd32dee78f4accc2074436cf7ece1f4bf50a82bd,547,1000000.0,18.620659975230733,11.968414137445768,11.987365654978309,0.0003518635922547993,0.1339256500883305,0.0026273054640595594
bfo-63e471a5032e0a9170e0e902cd32dee78f4accc2074436cf7ece1f4bf50a82bd,548,18.543360269512288,18.543360269512288,11.9669003044107,11.986760121764279,0.0003489896867720029,0.14384202199046367,0.002426201202838625
bfo-63e471a5032e0a9170e0e902cd32dee78f4accc2074436cf7ece1f4bf50a82bd,549,1000000.0,18.839174846154183,11.96376029494177,11.985504117976708,0.0003737835968196201,0.13166387383215172,0.0028389229781901177
bfo-63e471a5032e0a9170e0e902cd32dee78f4accc2074436cf7ece1f4bf50a82bd,550,1000000.0045509932,18.592434962341493,11.967181729859261,11.986872691943704,0.0003541395736020617,0.14390922055070843,0.0024608539483908583
bfo-63e471a5032e0a9170e0e902cd32dee78f4accc2074436cf7ece1f4bf50a82bd,551,1000000.0,19.039405889958978,11.9706752527057,11.988270101082279,0.00035260685234541044,0.13642094219191828,0.0025846973835539104
bfo-63e471a5032e0a9170e0e902cd32dee78f4accc2074436cf7ece1f4bf50a82bd,552,1000000.0141179758,18.3839999756677,11.965078752828255,11.986031501131304,0.0003639300191368458,0.15088267891252993,0.0024120066117584256
bfo-63e471a5032e0a9170e0e902cd32dee78f4accc2074436cf7ece1f4bf50a82bd,553,1000000.0,19.488485856928268,11.969739697025869,11.987895878810345,0.00024856208272381475,0.13154752814237533,0.001889523020567846
bfo-63e471a5032e0a9170e0e902cd32dee78f4accc2074436cf7ece1f4bf50a82bd,554,18.39349088736931,18.39349088736931,11.96460010388941,11.985840041555765,0.0003700702419400756,0.1485504077437381,0.0024912098698408004
bfo-63e471a5032e0a9170e0e902cd32dee78f4accc2074436cf7ece1f4bf50a82bd,555,1000000.0,18.984313175957176,11.971439074437662,11.988575629775065,0.0003397300995789473,0.13513474866726302,0.0025140099266063045
bfo-63e471a5032e0a9170e0e902cd32dee78f4accc2074436cf7ece1f4bf50a82bd,556,1000000.0186833557,18.46597053703928,11.967378336031956,11.986951334412783,0.0003367512991516408,0.1436079648543286,0.002344934694208853
bfo-63e471a5032e0a9170e0e902cd32dee78f4accc2074436cf7ece1f4bf50a82bd,557,1000000.0,18.957238550799573,11.96858452916346,11.987433811665383,0.00032890410802347605,0.13267609014255857,0.002479000607193604
bfo-63e471a5032e0a9170e0e902cd32dee78f4accc2074436cf7ece1f4bf50a82bd,558,1000000.0190277651,18.53360326021226,11.966561176178553,11.98662447047142,0.0003270161687693674,0.15030478919415657,0.0021756869526422308
bfo-63e471a5032e0a9170e0e902cd32dee78f4accc2074436cf7ece1f4bf50a82bd,559,1000000.0,19.187784288154823,11.974603337007462,11.989841334802986,0.000309542609917534,0.134882706502941,0.0022949021260244705
bfo-63e471a5032e0a9170e0e902cd32dee78f4accc2074436cf7ece1f4bf50a82bd,560,18.40354521849312,18.40354521849312,11.966352920032866,11.986541168013146,0.00036414823207711145,0.14499488528560875,0.002511455706591427
bfo-63e471a5032e0a9170e0e902cd32dee78f4accc2074436cf7ece1f4bf50a82bd,561,1000000.0,18.639535003967733,11.966957754657914,11.986783101863166,0.00035454945774966376,0.12990940451420285,0.0027292054726561483
bfo-63e471a5032e0a9170e0e902cd32dee78f4accc2074436cf7ece1f4bf50a82bd,562,1000000.0058100442,18.473842098725136,11.964742981986763,11.985897192794706,0.0003906387215679385,0.14448831244964855,0.0027036008307181852
bfo-63e471a5032e0a9170e0e902cd32dee78f4accc2074436cf7ece1f4bf50a82bd,563,1000000.0,21.11437428383949,11.962783036924915,11.985113214769965,0.000436636478261576,0.11645730887497145,0.0037493265341580996
bfo-63e471a5032e0a9170e0e902cd32dee78f4accc2074436cf7ece1f4bf50a82bd,564,18.58185580507272,18.58185580507272,11.968403824009227,11.98736152960369,0.00034617002203640756,0.14021335404269636,0.002468880545650419
bfo-63e471a5032e0a9170e0e902cd32dee78f4accc2074436cf7ece1f4bf50a82bd,565,1000000.0,20.436877846348267,11.973465949736722,12.006583555937867,0.00030538211622364934,0.13358628038774736,0.0022860290393388275
bfo-63e471a5032e0a9170e0e902cd32dee78f4accc2074436cf7ece1f4bf50a82bd,566,1000000.0078203331,18.52779052600847,11.966558296821406,11.986623318728563,0.0003224542992104417,0.14746725458453683,0.0021866162770772415
bfo-63e471a5032e0a9170e0e902cd32dee78f4accc2074436cf7ece1f4bf50a82bd,567,1000000.0,20.101006824071455,11.965567589030945,11.986227035612378,0.0004033539596245663,0.12426538585249372,0.0032459075941176255
bfo-63e471a5032e0a9170e0e902cd32dee78f4accc2074436cf7ece1f4bf50a82bd,568,1000000.0138830736,18.404720375979387,11.960826517521536,11.984330607008616,0.00042652855121911096,0.1452620464285076,0.0029362697394534638
bfo-63e471a5032e0a9170e0e902cd32dee78f4accc2074436cf7ece1f4bf50a82bd,569,1000000.0,18.800452386546144,11.977439705288583,11.990975882115434,0.0002425739186991788,0.13595953088723078,0.0017841626630822772
bfo-63e471a5032e0a9170e0e902cd32dee78f4accc2074436cf7ece1f4bf50a82bd,570,1000000.004875577,18.463944575532068,11.967504051850385,11.987001620740154,0.00034475232275821955,0.14866220710041445,0.0023190313764503397
bfo-63e471a5032e0a9170e0e902cd32dee78f4accc2074436cf7ece1f4bf50a82bd,571,1000000.0,18.855262911472803,11.962574035792558,11.985029614317025,0.00041471489344826974,0.13639780397124995,0.0030404807216374515
bfo-63e471a5032e0a9170e0e902cd32dee78f4accc2074436cf7ece1f4bf50a82bd,572,1000000.0164886708,18.38471357333698,11.971538638495213,11.988615455398083,0.00029144141485406254,0.1378156087399866,0.0021147199328046943
bfo-63e471a5032e0a9170e0e902cd32dee78f4accc2074436cf7ece1f4bf50a82bd,573,1000000.0,19.28272910995829,11.971597014268216,11.988638805707287,0.0003409031107473702,0.13239640663145932,0.002574866791485613
bfo-63e471a5032e0a9170e0e902cd32dee78f4accc2074436cf7ece1f4bf50a82bd,574,18.467673074810286,18.467673074810286,11.966402092842072,11.98656083713683,0.00034992487935787953,0.1448483739982179,0.0024158012250947653
bfo-63e471a5032e0a9170e0e902cd32dee78f4accc2074436cf7ece1f4bf50a82bd,575,1000000.0,21.013215967864284,11.97250692409829,12.06270617201667,0.00019661012208303504,0.13127566196181947,0.0014976890548090902
bfo-63e471a5032e0a9170e0e902cd32dee78f4accc2074436cf7ece1f4bf50a82bd,576,18.56475027846349,18.56475027846349,11.967189881182865,11.986875952473145,0.00034880893706917864,0.14391512103145723,0.002423712911952701
bfo-63e471a5032e0a9170e0e902cd32dee78f4accc2074436cf7ece1f4bf50a82bd,577,1000000.0,19.791029888258993,11.972792032101745,11.989116812840699,0.0003122482298064515,0.12988033343813488,0.002404122483679816
bfo-63e471a5032e0a9170e0e902cd32dee78f4accc2074436cf7ece1f4bf50a82bd,578,1000000.0034972116,18.376905085417803,11.965279287601227,11.98611171504049,0.0003591781221674039,0.15055312092427559,0.0023857235237791014
bfo-63e471a5032e0a9170e0e902cd32dee78f4accc2074436cf7ece1f4bf50a82bd,579,1000000.0,18.990695599457318,11.975080651503642,11.990032260601458,0.0002155388163176824,0.14429513406118227,0.0014937358610186554
bfo-63e471a5032e0a9170e0e902cd32dee78f4accc2074436cf7ece1f4bf50a82bd,580,1000000.0053575822,18.469940669973628,11.966078030717119,11.986431212286847,0.0003294622957771047,0.1513836081636678,0.002176340620847852
bfo-63e471a5032e0a9170e0e902cd32dee78f4accc2074436cf7ece1f4bf50a82bd,581,1000000.0,18.973396087006662,11.961706553734858,11.984682621493944,0.0004328930979265047,0.15054881240719076,0.0028754334956535873
bfo-63e471a5032e0a9170e0e902cd32dee78f4accc2074436cf7ece1f4bf50a82bd,582,18.400602781676785,18.400602781676785,11.965631376826286,11.986252550730512,0.00036604006364495333,0.14474864380470556,0.0025287978804057983
bfo-63e471a5032e0a9170e0e902cd32dee78f4accc2074436cf7ece1f4bf50a82bd,583,1000000.0,18.9018510339124,11.974750549423593,11.989900219769437,0.0002312674400969476,0.14012551934847411,0.001650430565197873
bfo-63e471a5032e0a9170e0e902cd32dee78f4accc2074436cf7ece1f4bf50a82bd,584,1000000.0150627284,18.575556721986235,11.968329234868555,11.987331693947421,0.00035386533815211734,0.1408959660683056,0.002511536334408363
bfo-63e471a5032e0a9170e0e902cd32dee78f4accc2074436cf7ece1f4bf50a82bd,585,1000000.0,19.450291913268842,11.966967797483258,11.986787118993302,0.0003447165332751785,0.13428995827338533,0.0025669568872261476
bfo-63e471a5032e0a9170e0e902cd32dee78f4accc2074436cf7ece1f4bf50a82bd,586,1000000.0213037473,18.58520502608096,11.967997777388227,11.98719911095529,0.0003575086103472795,0.13956739076646835,0.0025615482841939924
bfo-63e471a5032e0a9170e0e902cd32dee78f4accc2074436cf7ece1f4bf50a82bd,587,1000000.0,18.98233362689002,11.968105325500987,11.987242130200395,0.0003291533699496595,0.1356103809783058,0.002427198917775444
bfo-63e471a5032e0a9170e0e902cd32dee78f4accc2074436cf7ece1f4bf50a82bd,588,18.578944163861802,18.578944163861802,11.967412111327137,11.986964844530855,0.0003568568219530647,0.13905283949625502,0.00256633969680767
bfo-63e471a5032e0a9170e0e902cd32dee78f4accc2074436cf7ece1f4bf50a82bd,589,1000000.0,18.85447193147759,11.975831983303596,11.99033279332144,0.0002203381958184669,0.14589209613066623,0.001510281925219061
bfo-63e471a5032e0a9170e0e902cd32dee78f4accc2074436cf7ece1f4bf50a82bd,590,1000000.0003229192,18.42582528713541,11.963289991122727,11.98531599644909,0.00041377897576210096,0.14528007402310505,0.0028481467850594183
bfo-63e471a5032e0a9170e0e902cd32dee78f4accc2074436cf7ece1f4bf50a82bd,591,1000000.0,18.91885844824627,11.969913189539913,11.987965275815965,0.0002743934847860173,0.1420702115737868,0.0019313935113238426
bfo-63e471a5032e0a9170e0e902cd32dee78f4accc2074436cf7ece1f4bf50a82bd,592,1000000.0000896223,18.439585836768533,11.966261228773686,11.986504491509475,0.0003425320148794329,0.14782911128249088,0.002317080931541817
bfo-63e471a5032e0a9170e0e902cd32dee78f4accc2074436cf7ece1f4bf50a82bd,593,1000000.0,19.334782800685247,11.969495383657579,11.987798153463032,0.00030306625550236287,0.14026943183284846,0.002160600863226641
bfo-63e471a5032e0a9170e0e902cd32dee78f4accc2074436cf7ece1f4bf50a82bd,594,1000000.0218473708,18.428569578425254,11.969909299483263,11.987963719793306,0.0003106073581431396,0.1390405906963971,0.002233932958623343
bfo-63e471a5032e0a9170e0e902cd32dee78f4accc2074436cf7ece1f4bf50a82bd,595,1000000.0,19.530087280524754,11.969166659550911,11.987666663820365,0.0002909990463184605,0.13639895726937393,0.0021334404026547454
bfo-63e471a5032e0a9170e0e902cd32dee78f4accc2074436cf7ece1f4bf50a82bd,596,1000000.0071804343,18.419233495508475,11.969264423318174,11.98770576932727,0.0003198501767636871,0.1391775650731847,0.0022981446513703416
bfo-63e471a5032e0a9170e0e902cd32dee78f4accc2074436cf7ece1f4bf50a82bd,597,1000000.0,19.311434025056556,11.969276498886629,11.994854958905293,0.00030892572255034165,0.14339694767037206,0.002154339597663349
bfo-63e471a5032e0a9170e0e902cd32dee78f4accc2074436cf7ece1f4bf50a82bd,598,1000000.0128657974,18.55483370798514,11.967293257588306,11.986917303035321,0.0003469066644354423,0.14447993045611263,0.0024010716460084332
bfo-63e471a5032e0a9170e0e902cd32dee78f4accc2074436cf7ece1f4bf50a82bd,599,1000000.0,18.84262208538364,11.965472946841828,11.986189178736732,0.0003678266353601756,0.14910422928034153,0.0024669094708815965
bfo-63e471a5032e0a9170e0e902cd32dee78f4accc2074436cf7ece1f4bf50a82bd,600,18.582093688389886,18.582093688389886,11.967602467145142,11.987040986858055,0.0003448033873878244,0.14429782640108285,0.0023895258576482406
bfo-63e471a5032e0a9170e0e902cd32dee78f4accc2074436cf7ece1f4bf50a82bd,601,1000000.0,19.248999168055654,11.968788256194603,11.987515302477838,0.0003128770055070047,0.1439532976078113,0.002173461884557948
bfo-63e471a5032e0a9170e0e902cd32dee78f4accc2074436cf7ece1f4bf50a82bd,602,18.367788444692795,18.367788444692795,11.965197121816189,11.986078848726475,0.00036258987310797835,0.14971034174995004,0.002421942725330125
bfo-63e471a5032e0a9170e0e902cd32dee78f4accc2074436cf7ece1f4bf50a82bd,603,1000000.0,19.196391507631425,11.964775272450565,11.985910108980224,0.00032001505889119194,0.14506303364444856,0.0022060414073205798
bfo-63e471a5032e0a9170e0e902cd32dee78f4accc2074436cf7ece1f4bf50a82bd,604,18.424029134798868,18.424029134798868,11.963383984480382,11.985353593792153,0.0003895041238834704,0.14442356677477017,0.002696956823472623
bfo-63e471a5032e0a9170e0e902cd32dee78f4accc2074436cf7ece1f4bf50a82bd,605,1000000.0,20.00722910678508,11.973794349413884,12.043117642517462,0.0003379633380680048,0.13816441913590444,0.002446095312973231
bfo-63e471a5032e0a9170e0e902cd32dee78f4accc2074436cf7ece1f4bf50a82bd,606,18.478837456322278,18.478837456322278,11.96490107985671,11.985960431942683,0.0003807827706653921,0.14787023397475405,0.002575114412346188
bfo-63e471a5032e0a9170e0e902cd32dee78f4accc2074436cf7ece1f4bf50a82bd,607,1000000.0,19.31167215333309,11.96840808962429,11.987363235849719,0.00028413591398499904,0.14827115040477656,0.001916326360248201
bfo-63e471a5032e0a9170e0e902cd32dee78f4accc2074436cf7ece1f4bf50a82bd,608,18.368696555886473,18.368696555886473,11.96588247773048,11.986352991092192,0.0003578098297964943,0.14698746555356015,0.002434288042514166
bfo-63e471a5032e0a9170e0e902cd32dee78f4accc2074436cf7ece1f4bf50a82bd,609,1000000.0,20.03267605389749,11.973938785805178,12.045958716893578,0.0003363854553991577,0.13774658807557635,0.002442060163512694
bfo-63e471a5032e0a9170e0e902cd32dee78f4accc2074436cf7ece1f4bf50a82bd,610,18.26539807738567,18.26539807738567,11.964349012082993,11.985739604833196,0.00034244777643317666,0.15566610009971182,0.0021998866562072407
bfo-63e471a5032e0a9170e0e902cd32dee78f4accc2074436cf7ece1f4bf50a82bd,611,1000000.0,19.152433618394717,11.967632319575245,11.987052927830097,0.00025744258130474813,0.1535217297259646,0.0016769129800991798
bfo-63e471a5032e0a9170e0e902cd32dee78f4accc2074436cf7ece1f4bf50a82bd,612,1000000.0,18.373737946907532,11.964229051552204,11.985691620620882,0.0003496773921870364,0.15441120620194257,0.0022645855879768217
bfo-63e471a5032e0a9170e0e902cd32dee78f4accc2074436cf7ece1f4bf50a82bd,613,18.388927325065733,18.388927325065733,11.981805439131849,11.992722175652741,0.0001728037885082204,0.15282713411261542,0.001130714054880363
bfo-63e471a5032e0a9170e0e902cd32dee78f4accc2074436cf7ece1f4bf50a82bd,614,18.381657326275274,18.381657326275274,11.96613198815073,11.986452795260291,0.0003497442678057988,0.15665078062927942,0.0022326366099220604
bfo-63e471a5032e0a9170e0e902cd32dee78f4accc2074436cf7ece1f4bf50a82bd,615,18.290269287180173,18.290269287180173,11.96385604528347,11.98554241811339,0.00033419936769332834,0.15434678163219037,0.0021652499919935365
bfo-63e471a5032e0a9170e0e902cd32dee78f4accc2074436cf7ece1f4bf50a82bd,616,18.272340485594185,18.272340485594185,11.96420714611298,11.985682858445191,0.00034684639663250277,0.15424411673000166,0.002248684773109654
bfo-63e471a5032e0a9170e0e902cd32dee78f4accc2074436cf7ece1f4bf50a82bd,617,18.26845980252689,18.26845980252689,11.964399280442601,11.98575971217704,0.0003488816494806315,0.1549079715071401,0.0022521865471884423
bfo-63e471a5032e0a9170e0e902cd32dee78f4accc2074436cf7ece1f4bf50a82bd,618,1000000.0,18.273870087658516,11.96426751552428,11.985707006209712,0.0003414322520711333,0.15671662810792314,0.002178660019637517
bfo-63e471a5032e0a9170e0e902cd32dee78f4accc2074436cf7ece1f4bf50a82bd,619,18.281138241898486,18.281138241898486,11.958259815206574,11.983303926082629,0.0003924734857442455,0.1735458193238755,0.0022614977835438478
bfo-63e471a5032e0a9170e0e902cd32dee78f4accc2074436cf7ece1f4bf50a82bd,620,1000000.0,18.30567112063648,11.964189455802797,11.985675782321119,0.0003373109055329688,0.1554815840707901,0.0021694588947549736
bfo-63e471a5032e0a9170e0e902cd32dee78f4accc2074436cf7ece1f4bf50a82bd,621,1000000.0001359398,18.278990181953233,11.965089168180693,11.98603566727228,0.0003354836386351016,0.15548670862792913,0.0021576354763409066
bfo-63e471a5032e0a9170e0e902cd32dee78f4accc2074436cf7ece1f4bf50a82bd,622,1000000.0,18.292897630042024,11.96473026546918,11.985892106187672,0.00034119217239672595,0.15550423071146133,0.002194102185102663
bfo-63e471a5032e0a9170e0e902cd32dee78f4accc2074436cf7ece1f4bf50a82bd,623,18.265631218041992,18.265631218041992,11.964360610515605,11.985744244206241,0.0003421766002787288,0.1556022733956977,0.0021990462787685066
bfo-63e471a5032e0a9170e0e902cd32dee78f4accc2074436cf7ece1f4bf50a82bd,624,1000000.0,18.279627438157426,11.964206974595086,11.985682789838034,0.0003459789006010094,0.15534110583864727,0.0022272205333749686
bfo-63e471a5032e0a9170e0e902cd32dee78f4accc2074436cf7ece1f4bf50a82bd,625,18.284144670856932,18.284144670856932,11.964136698799702,11.98565467951988,0.0003466887688576366,0.15487485168784626,0.002238509125783672
bfo-63e471a5032e0a9170e0e902cd32dee78f4accc2074436cf7ece1f4bf50a82bd,626,18.266613492561937,18.266613492561937,11.965285169281858,11.986114067712743,0.0003365665402289583,0.15606370858159477,0.0021565970928660283
bfo-63e471a5032e0a9170e0e902cd32dee78f4accc2074436cf7ece1f4bf50a82bd,627,18.285709818889607,18.285709818889607,11.964578064746746,11.9858312258987,0.00034265721551727445,0.1552102618795728,0.002207696909777404
bfo-63e471a5032e0a9170e0e902cd32dee78f4accc2074436cf7ece1f4bf50a82bd,628,18.27576246152087,18.27576246152087,11.964147795413353,11.98565911816534,0.0003434732352636779,0.1556786349492227,0.0022062965504271517
bfo-63e471a5032e0a9170e0e902cd32dee78f4accc2074436cf7ece1f4bf50a82bd,629,18.275551085063206,18.275551085063206,11.964473342045325,11.98578933681813,0.00034127597517906243,0.1556373335247418,0.0021927642131237715
bfo-63e471a5032e0a9170e0e902cd32dee78f4accc2074436cf7ece1f4bf50a82bd,630,18.292871138533357,18.292871138533357,11.961798865052819,11.984719546021127,0.0003631959512551298,0.15490986320864253,0.0023445631138796774
bfo-63e471a5032e0a9170e0e902cd32dee78f4accc2074436cf7ece1f4bf50a82bd,631,18.352001312252487,18.352001312252487,11.963600138225196,11.985440055290079,0.00034846998614609866,0.1552226566206391,0.0022449685743863535
bfo-63e471a5032e0a9170e0e902cd32dee78f4accc2074436cf7ece1f4bf50a82bd,632,1000000.0,18.274621490201856,11.96380744609343,11.985522978437372,0.00034401484123061904,0.15667729047913817,0.002195690518891282
bfo-63e471a5032e0a9170e0e902cd32dee78f4accc2074436cf7ece1f4bf50a82bd,633,18.37038238666277,18.37038238666277,11.966025115548968,11.986410046219586,0.0003265338569054911,0.15462645990470142,0.0021117592493984454
bfo-63e471a5032e0a9170e0e902cd32dee78f4accc2074436cf7ece1f4bf50a82bd,634,1000000.0,18.275574471889087,11.964513300593268,11.985805320237308,0.00034101135340646794,0.15511312418245282,0.002198468731797002
bfo-63e471a5032e0a9170e0e902cd32dee78f4accc2074436cf7ece1f4bf50a82bd,635,18.411754910539223,18.411754910539223,11.962611976229775,11.985044790491909,0.0003605675357497263,0.15492138039537875,0.002327422689040808
bfo-63e471a5032e0a9170e0e902cd32dee78f4accc2074436cf7ece1f4bf50a82bd,636,18.271089678776114,18.271089678776114,11.964146612997455,11.985658645198981,0.00033797284640389,0.1567478542543804,0.0021561561273777063
bfo-63e471a5032e0a9170e0e902cd32dee78f4accc2074436cf7ece1f4bf50a82bd,637,1000000.0000459726,18.279794707813984,11.964569582264545,11.985827832905818,0.0003403336548378374,0.15526232528414094,0.0021919912265580396
bfo-63e471a5032e0a9170e0e902cd32dee78f4accc2074436cf7ece1f4bf50a82bd,638,18.263898606896042,18.263898606896042,11.965143811281752,11.9860575245127,0.00033414278402717126,0.153662908370913,0.0021745181551595665
bfo-63e471a5032e0a9170e0e902cd32dee78f4accc2074436cf7ece1f4bf50a82bd,639,1000000.0,18.326716345120456,11.963260350559372,11.98530414022375,0.0003494402974797137,0.16122237838617975,0.0021674428883730465
bfo-63e471a5032e0a9170e0e902cd32dee78f4accc2074436cf7ece1f4bf50a82bd,640,1000000.0000053649,18.34798819653924,11.963583690248019,11.985433476099209,0.0003507079656587551,0.15342187311927752,0.0022859059046039538
bfo-63e471a5032e0a9170e0e902cd32dee78f4accc2074436cf7ece1f4bf50a82bd,641,18.279598222395066,18.279598222395066,11.964632390490427,11.985852956196172,0.00034368737253227734,0.1531926076962242,0.0022434984148438667
bfo-63e471a5032e0a9170e0e902cd32dee78f4accc2074436cf7ece1f4bf50a82bd,642,1000000.0000031283,18.346074452938208,11.963619292701345,11.985447717080538,0.00035018894799644873,0.15332001062129436,0.0022840394191037945
bfo-63e471a5032e0a9170e0e902cd32dee78f4accc2074436cf7ece1f4bf50a82bd,643,18.305261537626023,18.305261537626023,11.964970815845195,11.985988326338079,0.00034131355348349974,0.1531655156800872,0.0022283968553103847
bfo-63e471a5032e0a9170e0e902cd32dee78f4accc2074436cf7ece1f4bf50a82bd,644,18.38405930642274,18.38405930642274,11.965738061883632,11.986295224753453,0.00032495442868497854,0.14522917242675237,0.0022375286125717766
bfo-63e471a5032e0a9170e0e902cd32dee78f4accc2074436cf7ece1f4bf50a82bd,645,1000000.0,18.288992423195143,11.965446247286534,11.986178498914613,0.00032759268562004476,0.15381581359666902,0.002129772472413324
bfo-63e471a5032e0a9170e0e902cd32dee78f4accc2074436cf7ece1f4bf50a82bd,646,1000000.0000368268,18.32982856126249,11.965545315827613,11.986218126331048,0.000330237953359503,0.15296708571964746,0.0021588824275880574
bfo-63e471a5032e0a9170e0e902cd32dee78f4accc2074436cf7ece1f4bf50a82bd,647,1000000.0,18.324486620680396,11.966757707642017,11.986703083056806,0.00031852671474720605,0.15191231312782197,0.002096780097602697
bfo-63e471a5032e0a9170e0e902cd32dee78f4accc2074436cf7ece1f4bf50a82bd,648,1000000.0001363698,18.280716499151588,11.96423161507822,11.98569264603129,0.00034384082314117267,0.1538402913840068,0.002235050519261551
bfo-63e471a5032e0a9170e0e902cd32dee78f4accc2074436cf7ece1f4bf50a82bd,649,18.386634981143416,18.386634981143416,11.96530308590218,11.986121234360873,0.0003357084951994706,0.15445756806275776,0.0021734674409936887
bfo-63e471a5032e0a9170e0e902cd32dee78f4accc2074436cf7ece1f4bf50a82bd,650,1000000.000002421,18.28668523760932,11.96427296205349,11.985709184821395,0.00034351754917402277,0.1534634715721191,0.0022384320233013177
bfo-63e471a5032e0a9170e0e902cd32dee78f4accc2074436cf7ece1f4bf50a82bd,651,1000000.0,18.35200738437235,11.96641481047557,11.986565924190227,0.0003165918580447247,0.15137268765928302,0.0020914727943347677
bfo-63e471a5032e0a9170e0e902cd32dee78f4accc2074436cf7ece1f4bf50a82bd,652,1000000.0000271978,18.276722426612558,11.965046555840086,11.986018622336035,0.00034124214760198647,0.15428450130334506,0.0022117720491642667
bfo-63e471a5032e0a9170e0e902cd32dee78f4accc2074436cf7ece1f4bf50a82bd,653,1000000.0000020565,18.276672457317776,11.96442486498206,11.985769945992823,0.00034157497512509924,0.1535352062923273,0.0022247338794383668
bfo-63e471a5032e0a9170e0e902cd32dee78f4accc2074436cf7ece1f4bf50a82bd,654,1000000.0000457366,18.26719366772263,11.964618557848675,11.98584742313947,0.0003352160035216968,0.15281704720205666,0.002193577285121011
bfo-63e471a5032e0a9170e0e902cd32dee78f4accc2074436cf7ece1f4bf50a82bd,655,1000000.0000002094,18.28081989980119,11.964591748989712,11.985836699595884,0.00033049481078623657,0.1527051216768423,0.0021642680164037746
bfo-63e471a5032e0a9170e0e902cd32dee78f4accc2074436cf7ece1f4bf50a82bd,656,1000000.0000002105,18.27724455065471,11.964751698064081,11.985900679225631,0.00033692810741606347,0.1529186025259981,0.0022033166786152225
bfo-63e471a5032e0a9170e0e902cd32dee78f4accc2074436cf7ece1f4bf50a82bd,657,1000000.0000013333,18.295234322391305,11.96600818467067,11.986403273868268,0.00032401226457397887,0.15363809468576736,0.0021089318065071953
bfo-63e471a5032e0a9170e0e902cd32dee78f4accc2074436cf7ece1f4bf50a82bd,658,1000000.0000012624,18.29440678511358,11.96601193687201,11.986404774748802,0.0003239188037024251,0.1537096092322436,0.0021073425748744717
bfo-63e471a5032e0a9170e0e902cd32dee78f4accc2074436cf7ece1f4bf50a82bd,659,1000000.0000002228,18.267113300034516,11.965536837287509,11.986214734915006,0.00032792069278145475,0.15288560901129922,0.0021448761260271353
bfo-63e471a5032e0a9170e0e902cd32dee78f4accc2074436cf7ece1f4bf50a82bd,660,1000000.0000001742,18.258353425404813,11.965281990145641,11.986112796058256,0.00033203935106841946,0.1533774885131164,0.0021648506197832575
bfo-63e471a5032e0a9170e0e902cd32dee78f4accc2074436cf7ece1f4bf50a82bd,661,1000000.00000023,18.27855670001945,11.965594500051179,11.986237800020472,0.000326293839671746,0.1527471608069758,0.0021361695886712973
bfo-63e471a5032e0a9170e0e902cd32dee78f4accc2074436cf7ece1f4bf50a82bd,662,1000000.0000002309,18.264368851737043,11.965070436186362,11.986028174474544,0.0003357432270371984,0.15383010114064827,0.0021825587095611757
bfo-63e471a5032e0a9170e0e902cd32dee78f4accc2074436cf7ece1f4bf50a82bd,663,1000000.0000002316,18.28309510960905,11.965512357107626,11.98620494284305,0.0003268191586369859,0.1530779626765399,0.0021349850293446116
bfo-63e471a5032e0a9170e0e902cd32dee78f4accc2074436cf7ece1f4bf50a82bd,664,1000000.0000002325,18.27293588218494,11.965436528397126,11.98617461135885,0.00033239534507951615,0.15339654709247727,0.0021669023936968213
bfo-63e471a5032e0a9170e0e902cd32dee78f4accc2074436cf7ece1f4bf50a82bd,665,1000000.0000002333,18.27547533641379,11.96515419509283,11.986061678037132,0.0003353164481168042,0.15327553923500448,0.002187670973400992
bfo-63e471a5032e0a9170e0e902cd32dee78f4accc2074436cf7ece1f4bf50a82bd,666,1000000.000000234,18.277263462170318,11.965191192881157,11.986076477152462,0.00033463856600101434,0.15321838901244592,0.002184062684367682
bfo-63e471a5032e0a9170e0e902cd32dee78f4accc2074436cf7ece1f4bf50a82bd,667,1000000.0000002348,18.255861230048723,11.965198167596252,11.9860792670385,0.0003336647841995646,0.15356900108723467,0.0021727352645214302
bfo-63e471a5032e0a9170e0e902cd32dee78f4accc2074436cf7ece1f4bf50a82bd,668,1000000.0000002359,18.275279913044166,11.965125576680101,11.98605023067204,0.000335953477816361,0.15340980227987017,0.0021899088117164176
bfo-63e471a5032e0a9170e0e902cd32dee78f4accc2074436cf7ece1f4bf50a82bd,669,1000000.0000002367,18.271694138077628,11.965137617893374,11.98605504715735,0.00033340996310946886,0.15353842131493825,0.0021715083446480006
bfo-63e471a5032e0a9170e0e902cd32dee78f4accc2074436cf7ece1f4bf50a82bd,670,1000000.0000002375,18.263412383913668,11.965134833004068,11.98605393320163,0.0003341070374298222,0.1536155126505816,0.0021749563677842354
bfo-63e471a5032e0a9170e0e902cd32dee78f4accc2074436cf7ece1f4bf50a82bd,671,1000000.0000002382,18.25712519827342,11.965145668724466,11.986058267489785,0.0003344066359637485,0.15369814237128118,0.00217573635441825
bfo-63e471a5032e0a9170e0e902cd32dee78f4accc2074436cf7ece1f4bf50a82bd,672,1000000.0000002389,18.262448572635282,11.965172836861443,11.986069134744577,0.0003323691074448057,0.15352388513994783,0.0021649341868975494
bfo-63e471a5032e0a9170e0e902cd32dee78f4accc2074436cf7ece1f4bf50a82bd,673,1000000.0000002397,18.264838713363197,11.965283806181045,11.986113522472419,0.00033347141140535684,0.1532029934109497,0.0021766638104182305
bfo-63e471a5032e0a9170e0e902cd32dee78f4accc2074436cf7ece1f4bf50a82bd,674,18.27661495904637,18.27661495904637,11.965032985383827,11.98601319415353,0.00033394455118974285,0.153638962299631,0.0021735668230983937
bfo-63e471a5032e0a9170e0e902cd32dee78f4accc2074436cf7ece1f4bf50a82bd,675,18.271660393534617,18.271660393534617,11.964924566616606,11.985969826646642,0.0003379189496438352,0.153324229362886,0.002203950093524048
bfo-63e471a5032e0a9170e0e902cd32dee78f4accc2074436cf7ece1f4bf50a82bd,676,1000000.0002694374,18.27441960541323,11.964399180354539,11.985759672141816,0.0003437792422167154,0.1537931444890299,0.0022353352833697814
bfo-63e471a5032e0a9170e0e902cd32dee78f4accc2074436cf7ece1f4bf50a82bd,677,1000000.0000646261,18.26103992783116,11.964985455853009,11.985994182341203,0.00033700850839291736,0.153135107974039,0.0022007266188106937
bfo-63e471a5032e0a9170e0e902cd32dee78f4accc2074436cf7ece1f4bf50a82bd,678,18.306987693896723,18.306987693896723,11.966046435020338,11.986418574008136,0.0003225818755258914,0.15277752412834952,0.002111448508976281
bfo-63e471a5032e0a9170e0e902cd32dee78f4accc2074436cf7ece1f4bf50a82bd,679,1000000.0006450501,18.251182695422724,11.965176061614228,11.986070424645693,0.0003354403559340161,0.15381021234486425,0.002180871808316026
bfo-63e471a5032e0a9170e0e902cd32dee78f4accc2074436cf7ece1f4bf50a82bd,680,18.28975777502645,18.28975777502645,11.96591814349909,11.986367257399635,0.00032478502461940435,0.15220846965151227,0.0021338170297816763
bfo-63e471a5032e0a9170e0e902cd32dee78f4accc2074436cf7ece1f4bf50a82bd,681,1000000.0000332057,18.260919619753572,11.965620530406175,11.98624821216247,0.00032687300372864726,0.1537212720078194,0.002126400591533097
bfo-63e471a5032e0a9170e0e902cd32dee78f4accc2074436cf7ece1f4bf50a82bd,682,1000000.0,18.294132803077858,11.965115720758602,11.986046288303442,0.0003371964837917679,0.15372141816851753,0.002193555639866107
bfo-63e471a5032e0a9170e0e902cd32dee78f4accc2074436cf7ece1f4bf50a82bd,683,1000000.0000118465,18.26102394303352,11.96557567338621,11.986230269354483,0.00032968216463336817,0.1530821427445328,0.002153629147872262
bfo-63e471a5032e0a9170e0e902cd32dee78f4accc2074436cf7ece1f4bf50a82bd,684,1000000.0,18.37206081982167,11.966556336609505,11.986622534643802,0.00032453776030371453,0.15352240122282151,0.002113944008944221
bfo-63e471a5032e0a9170e0e902cd32dee78f4accc2074436cf7ece1f4bf50a82bd,685,1000000.0000376895,18.26455045469987,11.965232987418416,11.986093194967367,0.00033427817832844953,0.15340584494003376,0.002179044601977967
bfo-63e471a5032e0a9170e0e902cd32dee78f4accc2074436cf7ece1f4bf50a82bd,686,1000000.0006799236,18.281748026630808,11.966279168309887,11.986511667323956,0.00031531782229293715,0.1534855746125333,0.002054380830830137
bfo-63e471a5032e0a9170e0e902cd32dee78f4accc2074436cf7ece1f4bf50a82bd,687,1000000.0001829459,18.270008413033896,11.965440438647354,11.986176175458942,0.00032665635682672104,0.1527034839292424,0.002139154578674069
bfo-63e471a5032e0a9170e0e902cd32dee78f4accc2074436cf7ece1f4bf50a82bd,688,1000000.0015610993,18.244946173502107,11.965082699724976,11.986033079889989,0.00033914595978025273,0.15400293951327518,0.002202204456954655
bfo-63e471a5032e0a9170e0e902cd32dee78f4accc2074436cf7ece1f4bf50a82bd,689,1000000.0006966826,18.24937504537425,11.965276971269736,11.986110788507894,0.00033777600417284683,0.15365111426813366,0.002198330977173392
bfo-63e471a5032e0a9170e0e902cd32dee78f4accc2074436cf7ece1f4bf50a82bd,690,1000000.0000041078,18.261640698079454,11.965127971623497,11.986051188649398,0.00033678244521420376,0.15421036200477028,0.00218391579421742
bfo-63e471a5032e0a9170e0e902cd32dee78f4accc2074436cf7ece1f4bf50a82bd,691,1000000.000103976,18.272144262341246,11.965026944530916,11.986010777812366,0.0003390708981972159,0.15382824512732057,0.0022042174238975014
bfo-63e471a5032e0a9170e0e902cd32dee78f4accc2074436cf7ece1f4bf50a82bd,692,18.253372824663444,18.253372824663444,11.965107332825932,11.986042933130372,0.0003343021942300407,0.15406521855536792,0.0021698745334262403
bfo-63e471a5032e0a9170e0e902cd32dee78f4accc2074436cf7ece1f4bf50a82bd,693,1000000.0001400352,18.25541301118995,11.96604259002692,11.986417036010767,0.0003206829809941221,0.1538043888701076,0.002085005397765004
bfo-63e471a5032e0a9170e0e902cd32dee78f4accc2074436cf7ece1f4bf50a82bd,694,1000000.0003576501,18.249053128073136,11.966403343434951,11.986561337373981,0.00031871080643080906,0.15295033859203075,0.0020837535200292456
bfo-63e471a5032e0a9170e0e902cd32dee78f4accc2074436cf7ece1f4bf50a82bd,695,1000000.000479099,18.26140137149611,11.965184796606065,11.986073918642425,0.0003325993147582539,0.1536303222662155,0.0021649327414800007
bfo-63e471a5032e0a9170e0e902cd32dee78f4accc2074436cf7ece1f4bf50a82bd,696,1000000.0002617268,18.258812673612553,11.965295972952038,11.986118389180817,0.00033146363917573463,0.1530788457346191,0.0021653131599278412
bfo-63e471a5032e0a9170e0e902cd32dee78f4accc2074436cf7ece1f4bf50a82bd,697,1000000.0000960819,18.248954943149457,11.964752274562835,11.985900909825132,0.0003399179638630661,0.15453145453259629,0.0021996684422029116
bfo-63e471a5032e0a9170e0e902cd32dee78f4accc2074436cf7ece1f4bf50a82bd,698,1000000.0004771708,18.262238017990164,11.965496046756435,11.986198418702575,0.0003296357011976414,0.15441659314046782,0.0021347168364074863
bfo-63e471a5032e0a9170e0e902cd32dee78f4accc2074436cf7ece1f4bf50a82bd,699,1000000.0000547017,18.256888751045846,11.964706718049468,11.985882687219785,0.00033730373272660303,0.15409508248112375,0.002188932490872458
bfo-63e471a5032e0a9170e0e902cd32dee78f4accc2074436cf7ece1f4bf50a82bd,700,1000000.0000118708,18.260223782242164,11.964480666588885,11.985792266635555,0.00034299411115413603,0.15427350724609265,0.002223285885417784
bfo-63e471a5032e0a9170e0e902cd32dee78f4accc2074436cf7ece1f4bf50a82bd,701,1000000.0000364899,18.254681625534694,11.964636943180222,11.98585477727209,0.00034100843023545757,0.15455867997383277,0.002206336326715467
bfo-63e471a5032e0a9170e0e902cd32dee78f4accc2074436cf7ece1f4bf50a82bd,702,1000000.0002132202,18.258362012446913,11.965182211422185,11.986072884568875,0.00033446422649107614,0.15407296712123905,0.0021708170663571912
bfo-63e471a5032e0a9170e0e902cd32dee78f4accc2074436cf7ece1f4bf50a82bd,703,1000000.0005525383,18.2635933567472,11.965369304933112,11.986147721973245,0.0003309170236338422,0.1544918483577446,0.00214197077160708
bfo-63e471a5032e0a9170e0e902cd32dee78f4accc2074436cf7ece1f4bf50a82bd,704,18.254008520664552,18.254008520664552,11.96601907379137,11.986407629516549,0.0003251744396159914,0.15394881516192224,0.0021122243732371393
bfo-63e471a5032e0a9170e0e902cd32dee78f4accc2074436cf7ece1f4bf50a82bd,705,1000000.0001607434,18.265788423961315,11.96601471856097,11.986405887424386,0.00032482463649338104,0.15382306962775352,0.0021116769888901927
bfo-63e471a5032e0a9170e0e902cd32dee78f4accc2074436cf7ece1f4bf50a82bd,706,1000000.0003020507,18.28033035182968,11.965814311208662,11.986325724483464,0.0003279187840271209,0.15372637403972716,0.0021331328867639694
bfo-63e471a5032e0a9170e0e902cd32dee78f4accc2074436cf7ece1f4bf50a82bd,707,1000000.0006533947,18.329835189222546,11.965909572580006,11.986363829032003,0.00032671028351255487,0.1532734352844981,0.0021315519085621875
bfo-63e471a5032e0a9170e0e902cd32dee78f4accc2074436cf7ece1f4bf50a82bd,708,18.256558036141467,18.256558036141467,11.965322589060529,11.986129035624211,0.00033438108122754853,0.1544411732013846,0.0021651032188905357
bfo-63e471a5032e0a9170e0e902cd32dee78f4accc2074436cf7ece1f4bf50a82bd,709,18.269199420035722,18.269199420035722,11.965398875481174,11.98615955019247,0.00032721442586794685,0.15414941491537423,0.002122709489670024
bfo-63e471a5032e0a9170e0e902cd32dee78f4accc2074436cf7ece1f4bf50a82bd,710,18.288158537754022,18.288158537754022,11.96477167831229,11.985908671324916,0.0003413216645467031,0.15424521465138946,0.0022128509161086535
bfo-63e471a5032e0a9170e0e902cd32dee78f4accc2074436cf7ece1f4bf50a82bd,711,18.26222291099421,18.26222291099421,11.965513301155472,11.986205320462188,0.0003286831284202712,0.15310951762870462,0.002146719116556412
bfo-63e471a5032e0a9170e0e902cd32dee78f4accc2074436cf7ece1f4bf50a82bd,712,18.25791830332303,18.25791830332303,11.965641493811928,11.986256597524774,0.00032766297909073974,0.15320000151662513,0.002138792270541734
bfo-63e471a5032e0a9170e0e902cd32dee78f4accc2074436cf7ece1f4bf50a82bd,713,18.25291480970619,18.25291480970619,11.964966511682766,11.985986604673107,0.0003356023736648305,0.15448135139565947,0.002172445868920979
bfo-63e471a5032e0a9170e0e902cd32dee78f4accc2074436cf7ece1f4bf50a82bd,714,18.371417947578216,18.371417947578216,11.964459700084339,11.985783880033736,0.00034998592010089064,0.15464785797913755,0.002263115213326167
bfo-63e471a5032e0a9170e0e902cd32dee78f4accc2074436cf7ece1f4bf50a82bd,715,1000000.0015627954,18.459380102828884,11.962479250670931,11.984991700268372,0.000365097446177592,0.1540234793060178,0.0023704012389708907
bfo-63e471a5032e0a9170e0e902cd32dee78f4accc2074436cf7ece1f4bf50a82bd,716,18.250577599261252,18.250577599261252,11.964592724699662,11.985837089879865,0.00033863944590651116,0.15483217083240874,0.0021871387844394205
bfo-63e471a5032e0a9170e0e902cd32dee78f4accc2074436cf7ece1f4bf50a82bd,717,1000000.0,18.272938621031148,11.962772186146042,11.985108874458415,0.0003675408168998252,0.15412333495845437,0.0023847188162577707
bfo-63e471a5032e0a9170e0e902cd32dee78f4accc2074436cf7ece1f4bf50a82bd,718,18.336256750715048,18.336256750715048,11.963301791139882,11.985320716455952,0.00035201294313760004,0.15424789881373352,0.0022821247215995036
bfo-63e471a5032e0a9170e0e902cd32dee78f4accc2074436cf7ece1f4bf50a82bd,719,18.3054685094466,18.3054685094466,11.964410485133127,11.985764194053253,0.00033881895722055164,0.15103327830961064,0.0022433397527529646
bfo-63e471a5032e0a9170e0e902cd32dee78f4accc2074436cf7ece1f4bf50a82bd,720,18.333660189587537,18.333660189587537,11.965745898492889,11.986298359397155,0.00032641813526100246,0.15395093357613943,0.0021202738280217447
bfo-63e471a5032e0a9170e0e902cd32dee78f4accc2074436cf7ece1f4bf50a82bd,721,18.29371705905806,18.29371705905806,11.967315063522445,11.986926025408978,0.00030833343492277313,0.15091816626520027,0.0020430504991755306
bfo-63e471a5032e0a9170e0e902cd32dee78f4accc2074436cf7ece1f4bf50a82bd,722,18.332656570471848,18.332656570471848,11.96575786039004,11.986303144156015,0.0003244929414192928,0.15406515998546308,0.0021062058511470767
bfo-63e471a5032e0a9170e0e902cd32dee78f4accc2074436cf7ece1f4bf50a82bd,723,18.266769313372087,18.266769313372087,11.965632045001648,11.986252818000661,0.0003276288268415343,0.15368227116383465,0.0021318583097477916
bfo-63e471a5032e0a9170e0e902cd32dee78f4accc2074436cf7ece1f4bf50a82bd,724,18.27022959711029,18.27022959711029,11.964039258815058,11.985615703526022,0.00032943439607613096,0.15357883084554283,0.0021450508137247732
bfo-63e471a5032e0a9170e0e902cd32dee78f4accc2074436cf7ece1f4bf50a82bd,725,18.33403288513204,18.33403288513204,11.965203462720837,11.986081385088335,0.0003286291611729855,0.15425870900977043,0.0021303767111921753
bfo-63e471a5032e0a9170e0e902cd32dee78f4accc2074436cf7ece1f4bf50a82bd,726,18.286178449178987,18.286178449178987,11.963966938775243,11.985586775510097,0.00034462260560049715,0.15433578300309794,0.0022329404036754044
bfo-63e471a5032e0a9170e0e902cd32dee78f4accc2074436cf7ece1f4bf50a82bd,727,18.65524780002248,18.65524780002248,11.96219643826713,11.984878575306853,0.00037780450979961623,0.1526692740157046,0.0024746597652698125
bfo-63e471a5032e0a9170e0e902cd32dee78f4accc2074436cf7ece1f4bf50a82bd,728,18.287875077610053,18.287875077610053,11.964003912997141,11.985601565198857,0.00034403966817034016,0.15427122125447743,0.0022300962251593963
bfo-63e471a5032e0a9170e0e902cd32dee78f4accc2074436cf7ece1f4bf50a82bd,729,18.359873988913215,18.359873988913215,11.96530698171817,11.986122792687269,0.00033272761671084483,0.15318101031141793,0.0021721205261305402
bfo-63e471a5032e0a9170e0e902cd32dee78f4accc2074436cf7ece1f4bf50a82bd,730,18.287009376055266,18.287009376055266,11.963956653882706,11.985582661553082,0.000344706394633443,0.15433726054981609,0.0022334619223216075
bfo-63e471a5032e0a9170e0e902cd32dee78f4accc2074436cf7ece1f4bf50a82bd,731,18.30244871816842,18.30244871816842,11.964727489203595,11.985890995681437,0.0003381959653520568,0.15360615035157443,0.0022017084900441317
bfo-63e471a5032e0a9170e0e902cd32dee78f4accc2074436cf7ece1f4bf50a82bd,732,18.27181336222581,18.27181336222581,11.96415253544465,11.98566101417786,0.000338539430623644,0.15377486636854257,0.002201526417277371
bfo-63e471a5032e0a9170e0e902cd32dee78f4accc2074436cf7ece1f4bf50a82bd,733,18.241717889645983,18.241717889645983,11.9651524355494,11.986060974219761,0.00033528496618558427,0.15323925985842288,0.002187983461257596
bfo-63e471a5032e0a9170e0e902cd32dee78f4accc2074436cf7ece1f4bf50a82bd,734,18.34939778223809,18.34939778223809,11.96406610871477,11.985626443485907,0.0003351361914774149,0.14894014668630767,0.0022501400658834223
bfo-63e471a5032e0a9170e0e902cd32dee78f4accc2074436cf7ece1f4bf50a82bd,735,18.254625071468567,18.254625071468567,11.964693188019535,11.985877275207814,0.00033646700792939126,0.15228807586354823,0.0022094113805132673
bfo-63e471a5032e0a9170e0e902cd32dee78f4accc2074436cf7ece1f4bf50a82bd,736,18.578881186077286,18.578881186077286,11.965051239887682,11.986020495955072,0.00034022738227189314,0.1655361927680488,0.0020553051062894966
bfo-63e471a5032e0a9170e0e902cd32dee78f4accc2074436cf7ece1f4bf50a82bd,737,18.273876600839973,18.273876600839973,11.96542921596588,11.986171686386353,0.0003275279419334647,0.15329262748574443,0.002136619009703669
bfo-63e471a5032e0a9170e0e902cd32dee78f4accc2074436cf7ece1f4bf50a82bd,738,1000000.0,18.37242604686918,11.966544379500634,11.986617751800253,0.00031540523820202835,0.15122525073921533,0.00208566516940969
bfo-63e471a5032e0a9170e0e902cd32dee78f4accc2074436cf7ece1f4bf50a82bd,739,18.27420558588491,18.27420558588491,11.965525434066041,11.986210173626418,0.0003265928513405973,0.15320993178690948,0.0021316689298891914
bfo-63e471a5032e0a9170e0e902cd32dee78f4accc2074436cf7ece1f4bf50a82bd,740,18.276057511109002,18.276057511109002,11.965106692066396,11.986042676826559,0.00034273997843707095,0.15241480941367413,0.0022487314700950674
bfo-63e471a5032e0a9170e0e902cd32dee78f4accc2074436cf7ece1f4bf50a82bd,741,18.282302261335552,18.282302261335552,11.964527579190506,11.985811031676203,0.00034154269109350086,0.1528056201823616,0.0022351448244239723
bfo-63e471a5032e0a9170e0e902cd32dee78f4accc2074436cf7ece1f4bf50a82bd,742,1000000.0,18.293436348393605,11.965480088003234,11.986192035201293,0.00032853371262362964,0.1518997942857918,0.0021628318469313393
bfo-63e471a5032e0a9170e0e902cd32dee78f4accc2074436cf7ece1f4bf50a82bd,743,18.289169548366576,18.289169548366576,11.96468575713783,11.985874302855134,0.0003400770206623643,0.15301661392626903,0.0022224842906681374
bfo-63e471a5032e0a9170e0e902cd32dee78f4accc2074436cf7ece1f4bf50a82bd,744,18.422850629741788,18.422850629741788,11.967551587260669,11.987020634904267,0.0003147583059743573,0.15196514230711675,0.0020712533229379714
bfo-63e471a5032e0a9170e0e902cd32dee78f4accc2074436cf7ece1f4bf50a82bd,745,18.27300448359887,18.27300448359887,11.965317611168885,11.986127044467555,0.0003326457054417692,0.15352449889470696,0.0021667271858018602
bfo-63e471a5032e0a9170e0e902cd32dee78f4accc2074436cf7ece1f4bf50a82bd,746,18.264470884101883,18.264470884101883,11.9641154140874,11.985646165634959,0.0003470661271259793,0.1534343092104927,0.002261985138212132
bfo-63e471a5032e0a9170e0e902cd32dee78f4accc2074436cf7ece1f4bf50a82bd,747,18.249352565827994,18.249352565827994,11.965024661926291,11.986009864770518,0.0003388503946114524,0.15243642871633972,0.002222896439288799
bfo-63e471a5032e0a9170e0e902cd32dee78f4accc2074436cf7ece1f4bf50a82bd,748,18.29705854175926,18.29705854175926,11.964392903787523,11.985757161515009,0.00034720286200199004,0.15489091381430237,0.0022415960591351996
bfo-63e471a5032e0a9170e0e902cd32dee78f4accc2074436cf7ece1f4bf50a82bd,749,18.256218858279453,18.256218858279453,11.965856092342744,11.986342436937099,0.00033996725466700785,0.15378985417432234,0.00221059611826962
bfo-63e471a5032e0a9170e0e902cd32dee78f4accc2074436cf7ece1f4bf50a82bd,750,1000000.0,18.307291650196056,11.965415866616663,11.986166346646666,0.0003337912618060199,0.15305278010425252,0.0021808898967967563
bfo-63e471a5032e0a9170e0e902cd32dee78f4accc2074436cf7ece1f4bf50a82bd,751,18.257903170205182,18.257903170205182,11.965864071673401,11.98634562866936,0.0003404494952265654,0.15384608430922636,0.0022129227191916784
bfo-63e471a5032e0a9170e0e902cd32dee78f4accc2074436cf7ece1f4bf50a82bd,752,18.293857170815283,18.293857170815283,11.964742677149388,11.985897070859757,0.00033652735685634166,0.15450554322274143,0.002178092447927193
bfo-63e471a5032e0a9170e0e902cd32dee78f4accc2074436cf7ece1f4bf50a82bd,753,18.267598130897298,18.267598130897298,11.965457767439178,11.986183106975671,0.000337022329121467,0.15385410964614157,0.002190531860972743
bfo-63e471a5032e0a9170e0e902cd32dee78f4accc2074436cf7ece1f4bf50a82bd,754,1000000.0,19.09035249410416,11.961089945220268,11.984435978088108,0.00038737872396806493,0.1494317000307687,0.002592346362172831
bfo-63e471a5032e0a9170e0e902cd32dee78f4accc2074436cf7ece1f4bf50a82bd,755,18.259634956226023,18.259634956226023,11.96575424253159,11.986301697012635,0.0003390938232812051,0.1540090595889109,0.0022017784160641733
bfo-63e471a5032e0a9170e0e902cd32dee78f4accc2074436cf7ece1f4bf50a82bd,756,18.262842304357076,18.262842304357076,11.965807702709204,11.986323081083682,0.000323809345963319,0.1531930683478261,0.0021137336659913836
bfo-63e471a5032e0a9170e0e902cd32dee78f4accc2074436cf7ece1f4bf50a82bd,757,18.25939627778022,18.25939627778022,11.965828628467857,11.986331451387144,0.0003398817866208024,0.15398982277925638,0.0022071704511798886
bfo-63e471a5032e0a9170e0e902cd32dee78f4accc2074436cf7ece1f4bf50a82bd,758,1000000.0,18.227495052788377,11.964402134462775,11.985760853785111,0.0003483088789836063,0.15424527761847778,0.0022581493862336615
bfo-63e471a5032e0a9170e0e902cd32dee78f4accc2074436cf7ece1f4bf50a82bd,759,18.254092819551236,18.254092819551236,11.965654625045136,11.986261850018055,0.0003283175122791913,0.15351072434149732,0.002138726878448061
bfo-63e471a5032e0a9170e0e902cd32dee78f4accc2074436cf7ece1f4bf50a82bd,760,18.238672522184153,18.238672522184153,11.965951131307168,11.98638045252287,0.0003220128377928425,0.15341894019937607,0.00209891189037266
bfo-63e471a5032e0a9170e0e902cd32dee78f4accc2074436cf7ece1f4bf50a82bd,761,18.524189425875292,18.524189425875292,11.966917254636357,11.986766901854544,0.00032783556361822247,0.15555896178358802,0.0021074681899349765
bfo-63e471a5032e0a9170e0e902cd32dee78f4accc2074436cf7ece1f4bf50a82bd,762,18.25249900730541,18.25249900730541,11.96607037856371,11.986428151425486,0.00031606214524856305,0.1536210322879566,0.0020574145384996303
bfo-63e471a5032e0a9170e0e902cd32dee78f4accc2074436cf7ece1f4bf50a82bd,763,18.247805992222414,18.247805992222414,11.966536779314795,11.98661471172592,0.0003145460954822491,0.15185997453432704,0.002071290321539912
bfo-63e471a5032e0a9170e0e902cd32dee78f4accc2074436cf7ece1f4bf50a82bd,764,18.252539432164962,18.252539432164962,11.965982447825537,11.986392979130216,0.0003184168778872899,0.15360178317695503,0.0020730024827931956
bfo-63e471a5032e0a9170e0e902cd32dee78f4accc2074436cf7ece1f4bf50a82bd,765,18.254039988660075,18.254039988660075,11.966987018561039,11.986794807424415,0.0003078160684311669,0.15369747156656371,0.0020027399624323494
bfo-63e471a5032e0a9170e0e902cd32dee78f4accc2074436cf7ece1f4bf50a82bd,766,18.248029379588555,18.248029379588555,11.966463669101973,11.986585467640788,0.0003152701773031193,0.152303142701986,0.0020700175433675293
bfo-63e471a5032e0a9170e0e902cd32dee78f4accc2074436cf7ece1f4bf50a82bd,767,1000000.0,18.24378569431901,11.965863284738253,11.986345313895301,0.0003246521081593605,0.15499417862863177,0.002094608397759451
bfo-63e471a5032e0a9170e0e902cd32dee78f4accc2074436cf7ece1f4bf50a82bd,768,18.250705313085774,18.250705313085774,11.966113957248128,11.98644558289925,0.0003155156630422967,0.15379263682917654,0.0020515654685910106
bfo-63e471a5032e0a9170e0e902cd32dee78f4accc2074436cf7ece1f4bf50a82bd,769,18.263792843540088,18.263792843540088,11.966602512400014,11.986641004960006,0.0003151292153797336,0.15396808929138767,0.0020467177116379313
bfo-63e471a5032e0a9170e0e902cd32dee78f4accc2074436cf7ece1f4bf50a82bd,770,18.253113403866003,18.253113403866003,11.96602972169955,11.98641188867982,0.0003175416728009166,0.15368702890500544,0.002066157925384779
bfo-63e471a5032e0a9170e0e902cd32dee78f4accc2074436cf7ece1f4bf50a82bd,771,18.401458285439475,18.401458285439475,11.967381557079268,11.986952622831708,0.0002950604260022693,0.14909263778121054,0.001979040886212387
bfo-63e471a5032e0a9170e0e902cd32dee78f4accc2074436cf7ece1f4bf50a82bd,772,18.239720288484314,18.239720288484314,11.96632143046113,11.986528572184453,0.00031609836996042575,0.15257644613941965,0.002071737663043907
bfo-63e471a5032e0a9170e0e902cd32dee78f4accc2074436cf7ece1f4bf50a82bd,773,1000000.0,18.99101164758188,11.962695293167833,11.985078117267133,0.00035808046703108485,0.14997711044152626,0.002387567449305505
bfo-63e471a5032e0a9170e0e902cd32dee78f4accc2074436cf7ece1f4bf50a82bd,774,18.247352387396337,18.247352387396337,11.966325762968491,11.986530305187397,0.00031615531403347103,0.15256026327868288,0.002072330679293257
bfo-63e471a5032e0a9170e0e902cd32dee78f4accc2074436cf7ece1f4bf50a82bd,775,1000000.0,18.263877557724307,11.964722208129528,11.98588888325181,0.0003462334771807735,0.15348475264991193,0.0022558167583623633
bfo-63e471a5032e0a9170e0e902cd32dee78f4accc2074436cf7ece1f4bf50a82bd,776,18.248808604717414,18.248808604717414,11.965946782081568,11.986378712832629,0.0003226338974683191,0.15383084896898463,0.0020973289793997595
bfo-63e471a5032e0a9170e0e902cd32dee78f4accc2074436cf7ece1f4bf50a82bd,777,18.274778538481993,18.274778538481993,11.966201335835384,11.986480534334154,0.0003109748391567663,0.1517885253211847,0.002048737468782592
bfo-63e471a5032e0a9170e0e902cd32dee78f4accc2074436cf7ece1f4bf50a82bd,778,18.255105105106217,18.255105105106217,11.96596056680026,11.986384226720105,0.00032192583735226547,0.15382523065620218,0.0020928025654761827
bfo-63e471a5032e0a9170e0e902cd32dee78f4accc2074436cf7ece1f4bf50a82bd,779,18.298774329580922,18.298774329580922,11.966392995619856,11.986557198247942,0.0003145930405582131,0.15288565424514514,0.0020577015032017167
bfo-63e471a5032e0a9170e0e902cd32dee78f4accc2074436cf7ece1f4bf50a82bd,780,18.249224034562747,18.249224034562747,11.965971403157436,11.986388561262972,0.0003221224594063555,0.15381377463641205,0.0020942367493925348
bfo-63e471a5032e0a9170e0e902cd32dee78f4accc2074436cf7ece1f4bf50a82bd,781,18.23244374611398,18.23244374611398,11.965351088434511,11.986140435373803,0.0003300657670629841,0.15393842368771377,0.002144141528515129
bfo-63e471a5032e0a9170e0e902cd32dee78f4accc2074436cf7ece1f4bf50a82bd,782,1000000.0,18.276988634127385,11.966482729993002,11.9865930919972,0.0003067378349383763,0.15432366285252894,0.0019876267143263296
bfo-63e471a5032e0a9170e0e902cd32dee78f4accc2074436cf7ece1f4bf50a82bd,783,18.23672004224782,18.23672004224782,11.965352165655657,11.986140866262263,0.0003299832800668838,0.15437440938368294,0.0021375516925654543
bfo-63e471a5032e0a9170e0e902cd32dee78f4accc2074436cf7ece1f4bf50a82bd,784,18.384851931081464,18.384851931081464,11.966295211521881,11.986518084608752,0.0003126597099978717,0.15175115293992544,0.002060344873436619
bfo-63e471a5032e0a9170e0e902cd32dee78f4accc2074436cf7ece1f4bf50a82bd,785,1000000.0000000024,18.229292256565852,11.965157095398144,11.986062838159258,0.0003321405093597248,0.15454830780808385,0.0021491047949368214
bfo-63e471a5032e0a9170e0e902cd32dee78f4accc2074436cf7ece1f4bf50a82bd,786,18.501372407830054,18.501372407830054,11.967378565765681,11.986951426306273,0.00030531720885560554,0.15012116628244745,0.002033805201600702
bfo-63e471a5032e0a9170e0e902cd32dee78f4accc2074436cf7ece1f4bf50a82bd,787,1000000.0000000001,18.225685945732682,11.965178465231396,11.986071386092558,0.0003321846763337116,0.15462125094024018,0.0021483765932154967
bfo-63e471a5032e0a9170e0e902cd32dee78f4accc2074436cf7ece1f4bf50a82bd,788,18.69852832621541,18.69852832621541,11.962747245467757,11.985098898187102,0.0003573975567332671,0.15022918852242517,0.002379015424688374
bfo-63e471a5032e0a9170e0e902cd32dee78f4accc2074436cf7ece1f4bf50a82bd,789,1000000.0000000001,18.231960980571248,11.965227717389052,11.986091086955621,0.0003323812819445332,0.15456271185286552,0.002150462281361499
bfo-63e471a5032e0a9170e0e902cd32dee78f4accc2074436cf7ece1f4bf50a82bd,790,18.25683090369104,18.25683090369104,11.964441670261929,11.985776668104773,0.00034862327802002427,0.15286462314799798,0.0022806014291645482
bfo-63e471a5032e0a9170e0e902cd32dee78f4accc2074436cf7ece1f4bf50a82bd,791,1000000.0,18.226725717033588,11.965055315257304,11.986022126102922,0.0003324335162997507,0.15477475888317918,0.002147853556345481
bfo-63e471a5032e0a9170e0e902cd32dee78f4accc2074436cf7ece1f4bf50a82bd,792,18.333647956729628,18.333647956729628,11.966017157291843,11.986406862916738,0.00032348736736750785,0.15281209092921597,0.002116896414416254
bfo-63e471a5032e0a9170e0e902cd32dee78f4accc2074436cf7ece1f4bf50a82bd,793,1000000.0000000005,18.229483429543365,11.965065908836445,11.98602636353458,0.00033315325892303166,0.15482146037176422,0.002151854517604014
bfo-63e471a5032e0a9170e0e902cd32dee78f4accc2074436cf7ece1f4bf50a82bd,794,1000000.0,18.236823740233696,11.964623552302745,11.985849420921099,0.0003379145048935863,0.15363539197391243,0.002199457433290923
bfo-63e471a5032e0a9170e0e902cd32dee78f4accc2074436cf7ece1f4bf50a82bd,795,1000000.0000000001,18.227965619595352,11.964983085809987,11.985993234323995,0.00033333089359112135,0.15487708917375537,0.0021522285534250974
bfo-63e471a5032e0a9170e0e902cd32dee78f4accc2074436cf7ece1f4bf50a82bd,796,18.251912894083567,18.251912894083567,11.964279618957978,11.98571184758319,0.00034322875146909176,0.1538562676575302,0.002230840229616691
bfo-63e471a5032e0a9170e0e902cd32dee78f4accc2074436cf7ece1f4bf50a82bd,797,1000000.0000000002,18.222823436472826,11.965245551522587,11.986098220609033,0.00033168778175064723,0.15466353288935675,0.0021445765239820956
bfo-63e471a5032e0a9170e0e902cd32dee78f4accc2074436cf7ece1f4bf50a82bd,798,1000000.0,18.238853443969802,11.964864068290108,11.985945627316044,0.0003404982502630319,0.15409566487960835,0.0022096549603070007
bfo-63e471a5032e0a9170e0e902cd32dee78f4accc2074436cf7ece1f4bf50a82bd,799,1000000.0000000002,18.23291024295333,11.965072703359462,11.986029081343785,0.0003328621487393427,0.15460293617142284,0.0021530131120554336
bfo-63e471a5032e0a9170e0e902cd32dee78f4accc2074436cf7ece1f4bf50a82bd,800,18.22165910625694,18.22165910625694,11.96460150891853,11.98584060356741,0.0003373916661827237,0.15500160248945588,0.0021766979228855076
bfo-63e471a5032e0a9170e0e902cd32dee78f4accc2074436cf7ece1f4bf50a82bd,801,1000000.0,18.225208775140768,11.96351134037606,11.985404536150423,0.0003448180408246186,0.15600644499049962,0.002210280740937447
bfo-63e471a5032e0a9170e0e902cd32dee78f4accc2074436cf7ece1f4bf50a82bd,802,1000000.0000000002,18.2311507601844,11.964510191012806,11.985804076405122,0.00033703324922507703,0.15540156999939844,0.0021687892163919685
bfo-63e471a5032e0a9170e0e902cd32dee78f4accc2074436cf7ece1f4bf50a82bd,803,1000000.0,18.23846677802073,11.964137681142077,11.985655072456831,0.0003412522269167288,0.1539449206467493,0.002216716378059562
bfo-63e471a5032e0a9170e0e902cd32dee78f4accc2074436cf7ece1f4bf50a82bd,804,1000000.0000000003,18.216973816889954,11.964685195008219,11.985874078003288,0.00033654893880296694,0.15515653915230126,0.002169092844179847
bfo-63e471a5032e0a9170e0e902cd32dee78f4accc2074436cf7ece1f4bf50a82bd,805,1000000.0,18.226561253003148,11.963860354255003,11.985544141702,0.0003435223709581646,0.15545913843513698,0.0022097277420683394
bfo-63e471a5032e0a9170e0e902cd32dee78f4accc2074436cf7ece1f4bf50a82bd,806,1000000.0000000003,18.218869965006846,11.964727057695754,11.985890823078302,0.00033617782506085,0.15511693010838154,0.002167254243788603
bfo-63e471a5032e0a9170e0e902cd32dee78f4accc2074436cf7ece1f4bf50a82bd,807,1000000.0,18.24455301328864,11.963904677341416,11.985561870936568,0.0003409492010707954,0.1557876640665293,0.0021885506988871253
bfo-63e471a5032e0a9170e0e902cd32dee78f4accc2074436cf7ece1f4bf50a82bd,808,1000000.0000000003,18.216208015279935,11.96461077527447,11.985844310109789,0.0003378152801616853,0.1550380588548244,0.002178918406595964
bfo-63e471a5032e0a9170e0e902cd32dee78f4accc2074436cf7ece1f4bf50a82bd,809,1000000.0,18.216582352339245,11.96436302484127,11.985745209936507,0.00033856882852404654,0.15561377522167955,0.0021756996001269066
bfo-63e471a5032e0a9170e0e902cd32dee78f4accc2074436cf7ece1f4bf50a82bd,810,1000000.0000000003,18.225349124410386,11.964677480216194,11.985870992086477,0.00033839379615043614,0.15506556521907358,0.002182262681417116
bfo-63e471a5032e0a9170e0e902cd32dee78f4accc2074436cf7ece1f4bf50a82bd,811,1000000.0,18.23653962904955,11.964003503132991,11.985601401253199,0.0003417918539966836,0.15493886645760557,0.0022059787954509455
bfo-63e471a5032e0a9170e0e902cd32dee78f4accc2074436cf7ece1f4bf50a82bd,812,1000000.0000000003,18.214542748621323,11.964624651682167,11.985849860672865,0.0003374104882849569,0.15512069462921385,0.002175148126376508
bfo-63e471a5032e0a9170e0e902cd32dee78f4accc2074436cf7ece1f4bf50a82bd,813,1000000.0,18.2202676651918,11.964521063739461,11.985808425495783,0.00033657742130647523,0.15549672152386043,0.0021645306602482203
bfo-63e471a5032e0a9170e0e902cd32dee78f4accc2074436cf7ece1f4bf50a82bd,814,1000000.0000000003,18.225297153946737,11.96468585940222,11.985874343760889,0.00033823273361358405,0.15505436694718672,0.0021813815390880928
bfo-63e471a5032e0a9170e0e902cd32dee78f4accc2074436cf7ece1f4bf50a82bd,815,18.244027861978765,18.244027861978765,11.964024755106337,11.985609902042533,0.00034097225350797046,0.1547256051091651,0.0022037222169362393
bfo-63e471a5032e0a9170e0e902cd32dee78f4accc2074436cf7ece1f4bf50a82bd,816,1000000.0000000003,18.230571568969538,11.964820556489851,11.985928222595941,0.0003322679336516786,0.15469912901079128,0.0021478332539836133
bfo-63e471a5032e0a9170e0e902cd32dee78f4accc2074436cf7ece1f4bf50a82bd,817,18.211582538001593,18.211582538001593,11.964358358695373,11.98574334347815,0.0003403003971628784,0.15523002587909074,0.002192233076273141
bfo-63e471a5032e0a9170e0e902cd32dee78f4accc2074436cf7ece1f4bf50a82bd,818,1000000.0,18.218902145342007,11.963704629593384,11.985481851837354,0.00034450023830194477,0.15537924066290376,0.0022171574325642396
bfo-63e471a5032e0a9170e0e902cd32dee78f4accc2074436cf7ece1f4bf50a82bd,819,1000000.000000001,18.21841025563895,11.964477727959066,11.985791091183627,0.0003407816282239455,0.15524493101800335,0.002195122417133387
bfo-63e471a5032e0a9170e0e902cd32dee78f4accc2074436cf7ece1f4bf50a82bd,820,1000000.0,18.23926727419658,11.96421020478566,11.985684081914265,0.0003412856779142392,0.15342659634572658,0.0022244231837431692
bfo-63e471a5032e0a9170e0e902cd32dee78f4accc2074436cf7ece1f4bf50a82bd,821,1000000.0000000003,18.204519811920427,11.964427301722182,11.985770920688875,0.0003397988837737266,0.15544455064746743,0.0021859813184725674
bfo-63e471a5032e0a9170e0e902cd32dee78f4accc2074436cf7ece1f4bf50a82bd,822,1000000.0,18.217441230517217,11.963826663060498,11.9855306652242,0.0003442200326062199,0.15441091447030325,0.002229246771752144
bfo-63e471a5032e0a9170e0e902cd32dee78f4accc2074436cf7ece1f4bf50a82bd,823,1000000.0000000005,18.21088745832239,11.964434573430886,11.985773829372354,0.00034032149259021296,0.15526400318032263,0.0021918892056065676
bfo-63e471a5032e0a9170e0e902cd32dee78f4accc2074436cf7ece1f4bf50a82bd,824,18.21973790913787,18.21973790913787,11.963823910790483,11.985529564316195,0.00034241600518457646,0.15563833595738855,0.0022000749563290426
bfo-63e471a5032e0a9170e0e902cd32dee78f4accc2074436cf7ece1f4bf50a82bd,825,1000000.0000000005,18.205371625029965,11.9644671655551,11.98578686622204,0.00033923024637178695,0.15542829226209737,0.00218255146109272
bfo-63e471a5032e0a9170e0e902cd32dee78f4accc2074436cf7ece1f4bf50a82bd,826,18.228767637150508,18.228767637150508,11.964197116429593,11.985678846571837,0.0003439858103279317,0.1550431416415338,0.0022186457697254435
bfo-63e471a5032e0a9170e0e902cd32dee78f4accc2074436cf7ece1f4bf50a82bd,827,1000000.0000000005,18.215665166988018,11.964367202272552,11.985746880909021,0.0003408169996009582,0.1552275639101799,0.002195595878823215
bfo-63e471a5032e0a9170e0e902cd32dee78f4accc2074436cf7ece1f4bf50a82bd,828,1000000.0,18.198567123855604,11.964118419079094,11.985647367631637,0.0003417796623943277,0.15567021194326933,0.002195536693422644
bfo-63e471a5032e0a9170e0e902cd32dee78f4accc2074436cf7ece1f4bf50a82bd,829,18.217044896205024,18.217044896205024,11.964439938559421,11.985775975423769,0.00034056646267315184,0.1551447333108783,0.0021951532314714566
bfo-63e471a5032e0a9170e0e902cd32dee78f4accc2074436cf7ece1f4bf50a82bd,830,18.214650042235085,18.214650042235085,11.964340949699753,11.985736379879903,0.00034147390882748247,0.1552299665620592,0.002199793740797883
bfo-63e471a5032e0a9170e0e902cd32dee78f4accc2074436cf7ece1f4bf50a82bd,831,18.21714083475257,18.21714083475257,11.964408227816058,11.985763291126425,0.0003410222889407932,0.1551523964384034,0.00219798273677443
bfo-63e471a5032e0a9170e0e902cd32dee78f4accc2074436cf7ece1f4bf50a82bd,832,18.210669400999794,18.210669400999794,11.964489577008246,11.985795830803298,0.00033550170911021785,0.15516871916499805,0.0021621736063533745
bfo-63e471a5032e0a9170e0e902cd32dee78f4accc2074436cf7ece1f4bf50a82bd,833,18.206164536499255,18.206164536499255,11.964409638667167,11.985763855466868,0.0003370222385414962,0.15519794557541633,0.0021715637877289095
bfo-63e471a5032e0a9170e0e902cd32dee78f4accc2074436cf7ece1f4bf50a82bd,834,18.207099600094683,18.207099600094683,11.964402369751864,11.985760947900747,0.000337242599191723,0.15522450150448464,0.0021726119003318534
bfo-63e471a5032e0a9170e0e902cd32dee78f4accc2074436cf7ece1f4bf50a82bd,835,18.200933970390995,18.200933970390995,11.964363256695082,11.985745302678033,0.00033756174784672617,0.15524496540629798,0.0021743812880712712
bfo-63e471a5032e0a9170e0e902cd32dee78f4accc2074436cf7ece1f4bf50a82bd,836,1000000.0000818891,18.203207478493983,11.964340314439001,11.985736125775599,0.0003376189525330901,0.15527006143654615,0.002174398267183426
bfo-63e471a5032e0a9170e0e902cd32dee78f4accc2074436cf7ece1f4bf50a82bd,837,1000000.0000881689,18.19520120690818,11.9642982423821,11.98571929695284,0.00033822547589512007,0.15538246563220412,0.002176728722375354
bfo-63e471a5032e0a9170e0e902cd32dee78f4accc2074436cf7ece1f4bf50a82bd,838,1000000.0000951292,18.191404230687162,11.964386899601989,11.985754759840795,0.0003384747495908058,0.155207294891759,0.0021807915009849042
bfo-63e471a5032e0a9170e0e902cd32dee78f4accc2074436cf7ece1f4bf50a82bd,839,1000000.0001028873,18.19555564899845,11.964367490163427,11.985746996065371,0.0003388700366769001,0.15509416788600677,0.0021849308797089483
bfo-63e471a5032e0a9170e0e902cd32dee78f4accc2074436cf7ece1f4bf50a82bd,840,1000000.0001115885,18.200250587286643,11.964240991307404,11.985696396522961,0.00034021757376031446,0.15520945029481117,0.002191990069638745
bfo-63e471a5032e0a9170e0e902cd32dee78f4accc2074436cf7ece1f4bf50a82bd,841,1000000.0001214162,18.200594599757675,11.96431028305209,11.985724113220837,0.00033809971021519835,0.15531182810166608,0.002176908960171923
bfo-63e471a5032e0a9170e0e902cd32dee78f4accc2074436cf7ece1f4bf50a82bd,842,1000000.0001326043,18.210526046684542,11.964183840696853,11.98567353627874,0.0003397828995892978,0.1550916430260419,0.002190852408032352
bfo-63e471a5032e0a9170e0e902cd32dee78f4accc2074436cf7ece1f4bf50a82bd,843,1000000.0001454565,18.199777508110273,11.964217111802604,11.98568684472104,0.00033996223331028604,0.1552149825444158,0.0021902668655907854
bfo-63e471a5032e0a9170e0e902cd32dee78f4accc2074436cf7ece1f4bf50a82bd,844,1000000.0001603744,18.210949196181677,11.964155662055656,11.985662264822263,0.00034012852725845427,0.1551158712534858,0.0021927383994293287
bfo-63e471a5032e0a9170e0e902cd32dee78f4accc2074436cf7ece1f4bf50a82bd,845,1000000.0001778998,18.21208542911168,11.964153245530303,11.985661298212122,0.00034020847808049034,0.15510846379652754,0.002193358568277605
bfo-63e471a5032e0a9170e0e902cd32dee78f4accc2074436cf7ece1f4bf50a82bd,846,1000000.0001987829,18.202173751736932,11.964295634454949,11.98571825378198,0.0003390417051378727,0.15521373306036876,0.0021843537839915618
bfo-63e471a5032e0a9170e0e902cd32dee78f4accc2074436cf7ece1f4bf50a82bd,847,1000000.0002240922,18.20219809148145,11.964292213735039,11.985716885494016,0.00033987832271520753,0.15523360440424916,0.002189463576650058
bfo-63e471a5032e0a9170e0e902cd32dee78f4accc2074436cf7ece1f4bf50a82bd,848,1000000.0002554044,18.198636423051397,11.964222805645592,11.985689122258238,0.0003408831651766836,0.1551030799509251,0.0021977846299669848
bfo-63e471a5032e0a9170e0e902cd32dee78f4accc2074436cf7ece1f4bf50a82bd,849,1000000.0002951481,18.197040246075836,11.964242836772087,11.985697134708836,0.0003411282293454335,0.1550551539832644,0.002200044439556344
bfo-63e471a5032e0a9170e0e902cd32dee78f4accc2074436cf7ece1f4bf50a82bd,850,1000000.0003472703,18.19922118785233,11.964315199905094,11.985726079962038,0.00034053453835099874,0.15497419512293484,0.002197362845348971
bfo-63e471a5032e0a9170e0e902cd32dee78f4accc2074436cf7ece1f4bf50a82bd,851,1000000.0004186495,18.19763221286062,11.964284057925875,11.98571362317035,0.00034125200041120634,0.15493297310933074,0.002202578273447298
bfo-63e471a5032e0a9170e0e902cd32dee78f4accc2074436cf7ece1f4bf50a82bd,852,18.206316643264618,18.206316643264618,11.964410210263985,11.985764084105593,0.0003358080447741612,0.15527250820404176,0.0021627012319069376
bfo-63e471a5032e0a9170e0e902cd32dee78f4accc2074436cf7ece1f4bf50a82bd,853,18.201485859486848,18.201485859486848,11.964322418754465,11.985728967501785,0.0003387005502461952,0.15511945318809084,0.0021834821054681148
bfo-63e471a5032e0a9170e0e902cd32dee78f4accc2074436cf7ece1f4bf50a82bd,854,18.20598031143723,18.20598031143723,11.964420621907706,11.985768248763083,0.0003353938078919744,0.15525677073776348,0.002160252376100695
bfo-63e471a5032e0a9170e0e902cd32dee78f4accc2074436cf7ece1f4bf50a82bd,855,18.203498932113547,18.203498932113547,11.964318581313703,11.985727432525483,0.0003385665537762592,0.15505373037732437,0.0021835434268647072
bfo-63e471a5032e0a9170e0e902cd32dee78f4accc2074436cf7ece1f4bf50a82bd,856,1000000.000000109,18.20089067604914,11.964419827245894,11.985767930898358,0.00033551168889291226,0.15530698826203032,0.0021603128915670218
bfo-63e471a5032e0a9170e0e902cd32dee78f4accc2074436cf7ece1f4bf50a82bd,857,1000000.0000001086,18.204037579136518,11.964550105060116,11.985820042024045,0.00033551580108146737,0.15472867887319128,0.0021684137906744566
bfo-63e471a5032e0a9170e0e902cd32dee78f4accc2074436cf7ece1f4bf50a82bd,858,1000000.0000001114,18.199171728799875,11.964403698149555,11.985761479259821,0.00033617894543300886,0.15524619577429907,0.002165456897389966
bfo-63e471a5032e0a9170e0e902cd32dee78f4accc2074436cf7ece1f4bf50a82bd,859,1000000.0000001206,18.206758259798,11.965056442008413,11.986022576803364,0.00032891506900869323,0.15432349840629117,0.0021313349710537968
bfo-63e471a5032e0a9170e0e902cd32dee78f4accc2074436cf7ece1f4bf50a82bd,860,1000000.0000000077,18.198959133247392,11.964529995566952,11.985811998226781,0.00033559477629658565,0.15453102903245278,0.0021716983210285103
bfo-63e471a5032e0a9170e0e902cd32dee78f4accc2074436cf7ece1f4bf50a82bd,861,1000000.000000008,18.206274002315187,11.96418022458625,11.9856720898345,0.00034216794112078237,0.15516244243020227,0.00220522399468352
bfo-63e471a5032e0a9170e0e902cd32dee78f4accc2074436cf7ece1f4bf50a82bd,862,18.19745292105638,18.19745292105638,11.963983341333643,11.985593336533457,0.00034168818412738243,0.15615333399038445,0.0021881581096976307
bfo-63e471a5032e0a9170e0e902cd32dee78f4accc2074436cf7ece1f4bf50a82bd,863,18.187545852262637,18.187545852262637,11.964221255758899,11.985688502303558,0.00033983940812888104,0.15544490846102885,0.0021862369857812438
bfo-63e471a5032e0a9170e0e902cd32dee78f4accc2074436cf7ece1f4bf50a82bd,864,1000000.000000008,18.17465203619274,11.964037346897065,11.985614938758827,0.0003407297127238766,0.15524488729063476,0.0021947886250578722
bfo-63e471a5032e0a9170e0e902cd32dee78f4accc2074436cf7ece1f4bf50a82bd,865,1000000.0000000024,18.193545582296345,11.964214350669062,11.985685740267625,0.00033884657669726927,0.1562005620445988,0.0021693044651178712
bfo-63e471a5032e0a9170e0e902cd32dee78f4accc2074436cf7ece1f4bf50a82bd,866,18.1852244802965,18.1852244802965,11.964216733203987,11.985686693281595,0.0003389187855392748,0.15521632297402715,0.0021835254117956856
bfo-63e471a5032e0a9170e0e902cd32dee78f4accc2074436cf7ece1f4bf50a82bd,867,18.17966204822244,18.17966204822244,11.964325006464694,11.985730002585878,0.00033901396688415655,0.1556869162797711,0.002177536654878209
bfo-63e471a5032e0a9170e0e902cd32dee78f4accc2074436cf7ece1f4bf50a82bd,868,18.183622914172926,18.183622914172926,11.964415620116775,11.98576624804671,0.00033775423067902206,0.1553910043410007,0.0021735764699598115
bfo-63e471a5032e0a9170e0e902cd32dee78f4accc2074436cf7ece1f4bf50a82bd,869,18.178544622714398,18.178544622714398,11.964697569227601,11.985879027691041,0.00033554096047626753,0.15563778072196935,0.002155909438696485
bfo-63e471a5032e0a9170e0e902cd32dee78f4accc2074436cf7ece1f4bf50a82bd,870,18.17952411956408,18.17952411956408,11.964668456551278,11.98586738262051,0.0003355042214657575,0.15637518660300154,0.002145508048649182
bfo-63e471a5032e0a9170e0e902cd32dee78f4accc2074436cf7ece1f4bf50a82bd,871,18.183520194826407,18.183520194826407,11.9648518613498,11.985940744539919,0.00033343322954817946,0.15541875841961583,0.0021453860070606246
bfo-63e471a5032e0a9170e0e902cd32dee78f4accc2074436cf7ece1f4bf50a82bd,872,18.182478636644973,18.182478636644973,11.964971733117208,11.985988693246883,0.0003281977072802156,0.15537291573022236,0.00211232250960697
bfo-63e471a5032e0a9170e0e902cd32dee78f4accc2074436cf7ece1f4bf50a82bd,873,18.17782709207834,18.17782709207834,11.964792406483006,11.985916962593201,0.00033428069066926435,0.15534001981849743,0.0021519289817256686
bfo-63e471a5032e0a9170e0e902cd32dee78f4accc2074436cf7ece1f4bf50a82bd,874,18.178666917641273,18.178666917641273,11.964981013568337,11.985992405427334,0.0003302905264152713,0.15433362061257727,0.00214010741861877
bfo-63e471a5032e0a9170e0e902cd32dee78f4accc2074436cf7ece1f4bf50a82bd,875,18.17890823050713,18.17890823050713,11.964827607950383,11.985931043180154,0.00033293484566958027,0.1549155940871501,0.002149137068036435
bfo-63e471a5032e0a9170e0e902cd32dee78f4accc2074436cf7ece1f4bf50a82bd,876,18.181104980519088,18.181104980519088,11.964924973706864,11.985969989482745,0.00033326721200181735,0.15456579860572248,0.0021561510696938803
bfo-63e471a5032e0a9170e0e902cd32dee78f4accc2074436cf7ece1f4bf50a82bd,877,18.178953973109003,18.178953973109003,11.964747631581947,11.985899052632778,0.00033298515247576183,0.1552601808240616,0.0021446912576579785
bfo-63e471a5032e0a9170e0e902cd32dee78f4accc2074436cf7ece1f4bf50a82bd,878,18.181723206854258,18.181723206854258,11.964917216252484,11.985966886500993,0.0003317555098397197,0.15485983487561608,0.0021422953867036394
bfo-63e471a5032e0a9170e0e902cd32dee78f4accc2074436cf7ece1f4bf50a82bd,879,18.170156371752558,18.170156371752558,11.964838562067138,11.985935424826854,0.0003312127475271077,0.1552308134718936,0.0021336791331514715
bfo-63e471a5032e0a9170e0e902cd32dee78f4accc2074436cf7ece1f4bf50a82bd,880,18.169378147848796,18.169378147848796,11.965097329342468,11.986038931736987,0.00032850694226022173,0.15447267985883728,0.002126634577456824
bfo-63e471a5032e0a9170e0e902cd32dee78f4accc2074436cf7ece1f4bf50a82bd,881,18.166642920017015,18.166642920017015,11.965379941584937,11.986151976633975,0.00032626396701313046,0.15457301453071215,0.0021107433791317113
bfo-63e471a5032e0a9170e0e902cd32dee78f4accc2074436cf7ece1f4bf50a82bd,882,18.16789760967126,18.16789760967126,11.965904561669682,11.986361824667872,0.0003185027862508089,0.1541080698433078,0.0020667495646052307
bfo-63e471a5032e0a9170e0e902cd32dee78f4accc2074436cf7ece1f4bf50a82bd,883,18.166684478660095,18.166684478660095,11.964738436944328,11.985895374777732,0.0003311627026022563,0.15412728793912045,0.002148631219236557
bfo-63e471a5032e0a9170e0e902cd32dee78f4accc2074436cf7ece1f4bf50a82bd,884,18.16678695073923,18.16678695073923,11.964639689416408,11.985855875766564,0.0003322146967368324,0.1540614139966041,0.0021563783436659564
bfo-63e471a5032e0a9170e0e902cd32dee78f4accc2074436cf7ece1f4bf50a82bd,885,18.1661882097957,18.1661882097957,11.965580159529143,11.986232063811658,0.0003241755238870861,0.15437539596218267,0.0020999170357852838
bfo-63e471a5032e0a9170e0e902cd32dee78f4accc2074436cf7ece1f4bf50a82bd,886,18.170407128477713,18.170407128477713,11.965580470594096,11.98623218823764,0.0003258631473088581,0.15494686101875255,0.002103063883749283
bfo-63e471a5032e0a9170e0e902cd32dee78f4accc2074436cf7ece1f4bf50a82bd,887,18.16851562637389,18.16851562637389,11.965767646800904,11.986307058720364,0.0003240334814889832,0.15448939701087328,0.002097448030470189
bfo-63e471a5032e0a9170e0e902cd32dee78f4accc2074436cf7ece1f4bf50a82bd,888,18.17385247452717,18.17385247452717,11.965633222896852,11.986253289158741,0.00032653148686725107,0.1552429330260825,0.002103358140060329
bfo-63e471a5032e0a9170e0e902cd32dee78f4accc2074436cf7ece1f4bf50a82bd,889,18.166618180980524,18.166618180980524,11.965629752146572,11.98625190085863,0.0003245760390627689,0.1541268504127287,0.002105901977453005
bfo-63e471a5032e0a9170e0e902cd32dee78f4accc2074436cf7ece1f4bf50a82bd,890,18.173789703642704,18.173789703642704,11.965595539327945,11.986238215731177,0.00032589746207095145,0.1542899374735852,0.002112240547940762
bfo-63e471a5032e0a9170e0e902cd32dee78f4accc2074436cf7ece1f4bf50a82bd,891,18.174525383428744,18.174525383428744,11.965757431615899,11.986302972646358,0.00032376728303950723,0.15397833229923186,0.002102680800635755
bfo-63e471a5032e0a9170e0e902cd32dee78f4accc2074436cf7ece1f4bf50a82bd,892,18.16059073174079,18.16059073174079,11.965487878136583,11.986195151254634,0.0003280011715356752,0.1537434057711298,0.0021334324544881903
bfo-63e471a5032e0a9170e0e902cd32dee78f4accc2074436cf7ece1f4bf50a82bd,893,1000000.0004794965,18.17481594901995,11.965957913418798,11.98638316536752,0.0003329254410506093,0.1540061250412114,0.002161767533346611
bfo-63e471a5032e0a9170e0e902cd32dee78f4accc2074436cf7ece1f4bf50a82bd,894,1000000.0,18.1883171375385,11.966178681315785,11.986471472526315,0.0003301758074150471,0.15342440153024173,0.002152042335651318
bfo-63e471a5032e0a9170e0e902cd32dee78f4accc2074436cf7ece1f4bf50a82bd,895,18.17310738031407,18.17310738031407,11.965804943697131,11.986321977478852,0.00032997377580276833,0.15391681963908888,0.0021438448155081803
bfo-63e471a5032e0a9170e0e902cd32dee78f4accc2074436cf7ece1f4bf50a82bd,896,1000000.0,18.203607428981723,11.965416519843487,11.986166607937395,0.00031561921134287376,0.15381263478145277,0.002051971944901188
bfo-63e471a5032e0a9170e0e902cd32dee78f4accc2074436cf7ece1f4bf50a82bd,897,1000000.0000035095,18.173803434793182,11.973917662961767,11.989567065184707,0.0002532626570181073,0.15219678299935185,0.0016640473735846694
bfo-63e471a5032e0a9170e0e902cd32dee78f4accc2074436cf7ece1f4bf50a82bd,898,18.17847616224038,18.17847616224038,11.962096806347557,11.984838722539022,0.00035726229777441473,0.1533837264595348,0.0023292060117516217
bfo-63e471a5032e0a9170e0e902cd32dee78f4accc2074436cf7ece1f4bf50a82bd,899,1000000.0000150271,18.159908721110703,11.965591126736594,11.986236450694637,0.0003290971600471189,0.15249206326660722,0.002158126482109084
bfo-63e471a5032e0a9170e0e902cd32dee78f4accc2074436cf7ece1f4bf50a82bd,900,18.18856209427628,18.18856209427628,11.963300966094783,11.985320386437913,0.0003393638495271088,0.15432239968404202,0.002199057623662661
bfo-63e471a5032e0a9170e0e902cd32dee78f4accc2074436cf7ece1f4bf50a82bd,901,1000000.0000443226,18.16148031549707,11.96614016229908,11.986456064919631,0.00032403255411956504,0.15333072288592473,0.0021132917658037743
bfo-63e471a5032e0a9170e0e902cd32dee78f4accc2074436cf7ece1f4bf50a82bd,902,1000000.0,18.17053858180453,11.9636515464983,11.985460618599319,0.0003380374277887126,0.15520620877115107,0.0021779890795937365
bfo-63e471a5032e0a9170e0e902cd32dee78f4accc2074436cf7ece1f4bf50a82bd,903,1000000.000000426,18.161137269350675,11.965642991258198,11.986257196503281,0.0003240468040452725,0.1536343195392701,0.0021092084439013883
bfo-63e471a5032e0a9170e0e902cd32dee78f4accc2074436cf7ece1f4bf50a82bd,904,1000000.0,18.161488678350114,11.964862505892668,11.985945002357065,0.00033014937224054016,0.15185483105388395,0.0021741117483670335
bfo-63e471a5032e0a9170e0e902cd32dee78f4accc2074436cf7ece1f4bf50a82bd,905,1000000.0000359787,18.16197650469247,11.96572063049283,11.986288252197133,0.0003260972783969512,0.15314457393287711,0.0021293426859503284
bfo-63e471a5032e0a9170e0e902cd32dee78f4accc2074436cf7ece1f4bf50a82bd,906,18.165008960256888,18.165008960256888,11.96413099298143,11.985652397192572,0.00033573649767418723,0.15415450140339534,0.0021779221146168387
bfo-63e471a5032e0a9170e0e902cd32dee78f4accc2074436cf7ece1f4bf50a82bd,907,18.159864112075365,18.159864112075365,11.964691218842784,11.985876487537112,0.0003338067486947501,0.1528676054924368,0.002183633004647707
bfo-63e471a5032e0a9170e0e902cd32dee78f4accc2074436cf7ece1f4bf50a82bd,908,18.16662980904027,18.16662980904027,11.963393984692043,11.985357593876818,0.0003405460891480479,0.15317607346313677,0.0022232329204469616
bfo-63e471a5032e0a9170e0e902cd32dee78f4accc2074436cf7ece1f4bf50a82bd,909,18.16958779986403,18.16958779986403,11.964862609358732,11.985945043743493,0.0003301458072286172,0.15214664709851738,0.0021699183881117175
bfo-63e471a5032e0a9170e0e902cd32dee78f4accc2074436cf7ece1f4bf50a82bd,910,18.20182945948436,18.20182945948436,11.968345388828887,11.987338155531553,0.0003061884649925166,0.15132941956911772,0.0020233241220664897
bfo-63e471a5032e0a9170e0e902cd32dee78f4accc2074436cf7ece1f4bf50a82bd,911,18.162517533272457,18.162517533272457,11.964798913053786,11.985919565221513,0.0003315085243623756,0.15268585092243234,0.002171180383510382
bfo-63e471a5032e0a9170e0e902cd32dee78f4accc2074436cf7ece1f4bf50a82bd,912,1000000.0,18.159908547411703,11.963552373188435,11.985420949275374,0.0003390690614881385,0.15321383447609163,0.002213044681295074
bfo-63e471a5032e0a9170e0e902cd32dee78f4accc2074436cf7ece1f4bf50a82bd,913,18.164285375857784,18.164285375857784,11.964730956156671,11.98589238246267,0.00033500272052687296,0.15243206967231693,0.002197718113038995
bfo-63e471a5032e0a9170e0e902cd32dee78f4accc2074436cf7ece1f4bf50a82bd,914,1000000.0,18.17951368098251,11.963712371787377,11.98548494871495,0.00034650132301594123,0.15282388718478054,0.0022673243653132825
bfo-63e471a5032e0a9170e0e902cd32dee78f4accc2074436cf7ece1f4bf50a82bd,915,1000000.0000227108,18.18755027269382,11.96427355571732,11.985709422286929,0.00033648821575623283,0.15215666204658965,0.0022114589741276114
bfo-63e471a5032e0a9170e0e902cd32dee78f4accc2074436cf7ece1f4bf50a82bd,916,1000000.0,18.167888916574938,11.963770585848403,11.98550823433936,0.0003427391085256755,0.1531170866134178,0.0022384118984121325
bfo-63e471a5032e0a9170e0e902cd32dee78f4accc2074436cf7ece1f4bf50a82bd,917,1000000.0000300192,18.17965199536281,11.965261310969701,11.98610452438788,0.00032850547605037814,0.1487445992270428,0.0022085203614616586
bfo-63e471a5032e0a9170e0e902cd32dee78f4accc2074436cf7ece1f4bf50a82bd,918,1000000.0,18.169669773274023,11.962620341375692,11.985048136550278,0.00034834376265692176,0.15510873130922703,0.0022458036998733396
bfo-63e471a5032e0a9170e0e902cd32dee78f4accc2074436cf7ece1f4bf50a82bd,919,1000000.0002615012,18.161411492976328,11.964137771610428,11.98565510864417,0.00033891931464844003,0.15337526799871337,0.002209739021621681
bfo-63e471a5032e0a9170e0e902cd32dee78f4accc2074436cf7ece1f4bf50a82bd,920,1000000.0,18.16270310231244,11.963767595232255,11.985507038092901,0.0003400656899401794,0.1538991098953639,0.002209666385799049
bfo-63e471a5032e0a9170e0e902cd32dee78f4accc2074436cf7ece1f4bf50a82bd,921,1000000.0000055174,18.164147195747272,11.965232292830166,11.986092917132066,0.0003293445835811986,0.1513558627449116,0.002175961853134564
bfo-63e471a5032e0a9170e0e902cd32dee78f4accc2074436cf7ece1f4bf50a82bd,922,18.16028432806177,18.16028432806177,11.963370928244478,11.985348371297793,0.00034819346794121004,0.1539880273768573,0.0022611723383472583
bfo-63e471a5032e0a9170e0e902cd32dee78f4accc2074436cf7ece1f4bf50a82bd,923,1000000.0000651615,18.298884491957317,11.964129370623857,11.985651748249543,0.00034228862929896016,0.1506734593990092,0.0022717247660221374
bfo-63e471a5032e0a9170e0e902cd32dee78f4accc2074436cf7ece1f4bf50a82bd,924,18.168419352098457,18.168419352098457,11.963718685234573,11.985487474093828,0.00034024231218348315,0.15477893600867773,0.0021982468736211455
bfo-63e471a5032e0a9170e0e902cd32dee78f4accc2074436cf7ece1f4bf50a82bd,925,1000000.0000105418,18.1732312495486,11.964564735616113,11.985825894246446,0.00032234024580426394,0.14998208897351473,0.0021491916002129153
bfo-63e471a5032e0a9170e0e902cd32dee78f4accc2074436cf7ece1f4bf50a82bd,926,18.161643715844555,18.161643715844555,11.963837111698282,11.98553484467931,0.0003450224887177397,0.15488540351980093,0.0022275984752406393
bfo-63e471a5032e0a9170e0e902cd32dee78f4accc2074436cf7ece1f4bf50a82bd,927,1000000.0000202507,18.253180758405964,11.966148954255184,11.986459581702073,0.0003183504549100467,0.14994790986285958,0.0021230736407143384
bfo-63e471a5032e0a9170e0e902cd32dee78f4accc2074436cf7ece1f4bf50a82bd,928,18.456564457154073,18.456564457154073,11.962065133934562,11.984826053573826,0.0003627879797162821,0.15388006154722467,0.002357602252485096
bfo-63e471a5032e0a9170e0e902cd32dee78f4accc2074436cf7ece1f4bf50a82bd,929,1000000.0000653464,18.169463565107993,11.965189952836646,11.986075981134658,0.0003313126007559773,0.14975455104973692,0.002212370832362489
bfo-63e471a5032e0a9170e0e902cd32dee78f4accc2074436cf7ece1f4bf50a82bd,930,18.17310139122284,18.17310139122284,11.963954434414854,11.985581773765942,0.000341485458483273,0.156363413786093,0.0021839217385623798
bfo-63e471a5032e0a9170e0e902cd32dee78f4accc2074436cf7ece1f4bf50a82bd,931,1000000.0002505478,18.22545102039105,11.965235834037818,11.986094333615128,0.00032576011398887273,0.14920422239117717,0.0021833169917591807
bfo-63e471a5032e0a9170e0e902cd32dee78f4accc2074436cf7ece1f4bf50a82bd,932,18.377491863661056,18.377491863661056,11.965579892882438,11.986231957152974,0.0003142945677095658,0.1503884403121223,0.002089885147138078
bfo-63e471a5032e0a9170e0e902cd32dee78f4accc2074436cf7ece1f4bf50a82bd,933,1000000.0002036573,18.193215289660607,11.965785709861358,11.986314283944543,0.00032516937802774885,0.14898005279788618,0.0021826370169762926
bfo-63e471a5032e0a9170e0e902cd32dee78f4accc2074436cf7ece1f4bf50a82bd,934,1000000.0002202947,18.179510310037543,11.965684488676143,11.986273795470458,0.0003308807439555877,0.14835405358153866,0.0022303451504527196
bfo-63e471a5032e0a9170e0e902cd32dee78f4accc2074436cf7ece1f4bf50a82bd,935,1000000.0002708382,18.149636393860177,11.960396114633186,11.984158445853275,0.00036920734003219866,0.1674134488240733,0.0022053624880530405
bfo-63e471a5032e0a9170e0e902cd32dee78f4accc2074436cf7ece1f4bf50a82bd,936,18.208678976313504,18.208678976313504,11.96657737810134,11.986630951240535,0.00031376988704088187,0.14631704386500446,0.0021444520662293677
bfo-63e471a5032e0a9170e0e902cd32dee78f4accc2074436cf7ece1f4bf50a82bd,937,18.15104254593418,18.15104254593418,11.965287744020534,11.986115097608213,0.0003256482317391772,0.15257078535023402,0.002134407521018097
bfo-63e471a5032e0a9170e0e902cd32dee78f4accc2074436cf7ece1f4bf50a82bd,938,18.161692694886973,18.161692694886973,11.965478103628106,11.986191241451241,0.0003196800076960257,0.15219577364285178,0.0021004525949991134
bfo-63e471a5032e0a9170e0e902cd32dee78f4accc2074436cf7ece1f4bf50a82bd,939,1000000.0002189756,18.15401135624923,11.966065051587602,11.986426020635042,0.0003108699933318053,0.15260246194366825,0.002037123054060294
bfo-63e471a5032e0a9170e0e902cd32dee78f4accc2074436cf7ece1f4bf50a82bd,940,1000000.0,18.21287235457334,11.964987795269376,11.985995118107752,0.00032753794586549035,0.14886711609743397,0.002200203473083443
bfo-63e471a5032e0a9170e0e902cd32dee78f4accc2074436cf7ece1f4bf50a82bd,941,18.153399632020225,18.153399632020225,11.965275541275384,11.986110216510152,0.0003282412276208833,0.15327860004034632,0.0021414680688268484
bfo-63e471a5032e0a9170e0e902cd32dee78f4accc2074436cf7ece1f4bf50a82bd,942,1000000.0,18.168702774492665,11.964682438146088,11.985872975258436,0.00033139718083361093,0.15375109948731275,0.0021554134047734545
bfo-63e471a5032e0a9170e0e902cd32dee78f4accc2074436cf7ece1f4bf50a82bd,943,18.237140550747604,18.237140550747604,11.966312699004181,11.986525079601671,0.000314818309713441,0.15151347112406968,0.0020778238883831395
bfo-63e471a5032e0a9170e0e902cd32dee78f4accc2074436cf7ece1f4bf50a82bd,944,18.16555555508584,18.16555555508584,11.964177298517216,11.985670919406887,0.0003375078464768934,0.15466456510922008,0.0021821924513773026
bfo-63e471a5032e0a9170e0e902cd32dee78f4accc2074436cf7ece1f4bf50a82bd,945,18.2390041459445,18.2390041459445,11.96631013846306,11.986524055385225,0.00031506305444623184,0.1516041121706727,0.0020781959666868435
bfo-63e471a5032e0a9170e0e902cd32dee78f4accc2074436cf7ece1f4bf50a82bd,946,1000000.0,18.176621178635926,11.964046094950005,11.985618437980001,0.0003405168957590996,0.15511195788763396,0.002195297515397082
bfo-63e471a5032e0a9170e0e902cd32dee78f4accc2074436cf7ece1f4bf50a82bd,947,18.151964686661568,18.151964686661568,11.965333632196936,11.986133452878775,0.00032636162013792083,0.15253565953726947,0.0021395758941087474
bfo-63e471a5032e0a9170e0e902cd32dee78f4accc2074436cf7ece1f4bf50a82bd,948,1000000.0,18.192657290691116,11.96569063486812,11.986276253947246,0.0003110751668877416,0.15442081873514818,0.0020144639138410217
bfo-63e471a5032e0a9170e0e902cd32dee78f4accc2074436cf7ece1f4bf50a82bd,949,18.180351981949862,18.180351981949862,11.965788627794911,11.986315451117964,0.00032012910372554936,0.15224846105200618,0.0021026754655746388
bfo-63e471a5032e0a9170e0e902cd32dee78f4accc2074436cf7ece1f4bf50a82bd,950,18.166316599353255,18.166316599353255,11.964520569163378,11.98580822766535,0.00033752758689051016,0.15386718191374818,0.0021936294841593622
bfo-63e471a5032e0a9170e0e902cd32dee78f4accc2074436cf7ece1f4bf50a82bd,951,18.185463691627476,18.185463691627476,11.964670521713165,11.985868208685268,0.0003338343902705298,0.15192482603294788,0.002197365624747408
bfo-63e471a5032e0a9170e0e902cd32dee78f4accc2074436cf7ece1f4bf50a82bd,952,1000000.0,18.153059641483217,11.965293117417366,11.986117246966947,0.0003264020619298938,0.15328310849638346,0.0021294065936664826
bfo-63e471a5032e0a9170e0e902cd32dee78f4accc2074436cf7ece1f4bf50a82bd,953,18.17567916760695,18.17567916760695,11.964631779403414,11.985852711761366,0.0003342542965035831,0.151912783956976,0.002200303936225993
bfo-63e471a5032e0a9170e0e902cd32dee78f4accc2074436cf7ece1f4bf50a82bd,954,18.15073435487684,18.15073435487684,11.964799873061667,11.985919949224666,0.00033451399805095426,0.15313800037123512,0.0021843957557237904
bfo-63e471a5032e0a9170e0e902cd32dee78f4accc2074436cf7ece1f4bf50a82bd,955,18.27413553621116,18.27413553621116,11.964986163227382,11.985994465290952,0.0003336713838525847,0.15274556926253594,0.002184491409234118
bfo-63e471a5032e0a9170e0e902cd32dee78f4accc2074436cf7ece1f4bf50a82bd,956,18.1526188650466,18.1526188650466,11.96466997661138,11.985867990644552,0.00033465176471015695,0.15333083503590286,0.0021825470697514776
bfo-63e471a5032e0a9170e0e902cd32dee78f4accc2074436cf7ece1f4bf50a82bd,957,18.212691516972257,18.212691516972257,11.964748682703341,11.985899473081336,0.0003347549110838889,0.14868190619081453,0.0022514838534170595
bfo-63e471a5032e0a9170e0e902cd32dee78f4accc2074436cf7ece1f4bf50a82bd,958,18.154148411516683,18.154148411516683,11.964811397812257,11.985924559124902,0.00033591226968293056,0.1530373275439562,0.002194969521971351
bfo-63e471a5032e0a9170e0e902cd32dee78f4accc2074436cf7ece1f4bf50a82bd,959,18.182149770456093,18.182149770456093,11.963460679153895,11.985384271661559,0.0003497978116788306,0.15573285803916045,0.0022461400637164876
bfo-63e471a5032e0a9170e0e902cd32dee78f4accc2074436cf7ece1f4bf50a82bd,960,18.15353146657126,18.15353146657126,11.9648124016212,11.985924960648479,0.0003338688874479496,0.15290861776415188,0.0021834537014971457
bfo-63e471a5032e0a9170e0e902cd32dee78f4accc2074436cf7ece1f4bf50a82bd,961,18.15835425312,18.15835425312,11.965012763998578,11.986005105599432,0.0003316501158051325,0.1531113466871367,0.002166071443959126
bfo-63e471a5032e0a9170e0e902cd32dee78f4accc2074436cf7ece1f4bf50a82bd,962,18.15026146409148,18.15026146409148,11.964820377884609,11.985928151153844,0.0003343913801658636,0.15293930564358915,0.0021864319231652044
bfo-63e471a5032e0a9170e0e902cd32dee78f4accc2074436cf7ece1f4bf50a82bd,963,1000000.0,18.157966132144335,11.965683668127038,11.986273467250815,0.00031999962416129785,0.15234843717769575,0.002100445728813467
bfo-63e471a5032e0a9170e0e902cd32dee78f4accc2074436cf7ece1f4bf50a82bd,964,18.1485891095712,18.1485891095712,11.964848050181867,11.98593922007275,0.00033480886662356444,0.152736696937249,0.002192065648513525
bfo-63e471a5032e0a9170e0e902cd32dee78f4accc2074436cf7ece1f4bf50a82bd,965,18.16143444273012,18.16143444273012,11.964623869329502,11.985849547731801,0.00033684569735502546,0.15215402817309787,0.002213846727553038
bfo-63e471a5032e0a9170e0e902cd32dee78f4accc2074436cf7ece1f4bf50a82bd,966,18.139506772390476,18.139506772390476,11.964894123701763,11.985957649480705,0.0003328708932767572,0.1527047253117207,0.0021798336141678524
bfo-63e471a5032e0a9170e0e902cd32dee78f4accc2074436cf7ece1f4bf50a82bd,967,18.161455532176717,18.161455532176717,11.965514523482806,11.986205809393123,0.00033824450488663263,0.15307673495892707,0.002209640184560959
bfo-63e471a5032e0a9170e0e902cd32dee78f4accc2074436cf7ece1f4bf50a82bd,968,18.14502985539213,18.14502985539213,11.964861313911038,11.985944525564415,0.0003327747103427099,0.1525654071116302,0.00218119373613458
bfo-63e471a5032e0a9170e0e902cd32dee78f4accc2074436cf7ece1f4bf50a82bd,969,18.1933648161034,18.1933648161034,11.964565795145962,11.985826318058384,0.0003402243299433283,0.1524090166617122,0.0022323110364165124
bfo-63e471a5032e0a9170e0e902cd32dee78f4accc2074436cf7ece1f4bf50a82bd,970,18.131902922041157,18.131902922041157,11.964869635233972,11.985947854093588,0.00033208912793234867,0.15281085376596035,0.002173203798998234
bfo-63e471a5032e0a9170e0e902cd32dee78f4accc2074436cf7ece1f4bf50a82bd,971,18.14168946727639,18.14168946727639,11.964514067090915,11.985805626836367,0.0003382676979777522,0.15214096212719597,0.002223383454713181
bfo-63e471a5032e0a9170e0e902cd32dee78f4accc2074436cf7ece1f4bf50a82bd,972,18.12889288487687,18.12889288487687,11.964899218961902,11.985959687584762,0.00033034979064473313,0.1528296453737509,0.0021615556971086975
bfo-63e471a5032e0a9170e0e902cd32dee78f4accc2074436cf7ece1f4bf50a82bd,973,18.1446408493165,18.1446408493165,11.964678713435509,11.985871485374204,0.00032967188543922034,0.1523494146040687,0.002163919607410267
bfo-63e471a5032e0a9170e0e902cd32dee78f4accc2074436cf7ece1f4bf50a82bd,974,18.128938567024846,18.128938567024846,11.964702616797629,11.98588104671905,0.00033052175890903757,0.1527287730574366,0.0021641093049620617
bfo-63e471a5032e0a9170e0e902cd32dee78f4accc2074436cf7ece1f4bf50a82bd,975,18.115361037688427,18.115361037688427,11.966369501043385,11.986547800417354,0.00030119171191218217,0.15266097198536618,0.001972945069032142
bfo-63e471a5032e0a9170e0e902cd32dee78f4accc2074436cf7ece1f4bf50a82bd,976,18.161162782635458,18.161162782635458,11.966416847767244,11.986566739106896,0.00030008250628437826,0.1483987703708896,0.0020221360698231463
bfo-63e471a5032e0a9170e0e902cd32dee78f4accc2074436cf7ece1f4bf50a82bd,977,18.157872041921593,18.157872041921593,11.966874898800727,11.986749959520292,0.00029601763470734623,0.15205688514202992,0.001946755876465894
bfo-63e471a5032e0a9170e0e902cd32dee78f4accc2074436cf7ece1f4bf50a82bd,978,18.15372554331528,18.15372554331528,11.966542577523889,11.986617031009555,0.0002893150951814381,0.15430792614513555,0.0018749205073841798
bfo-63e471a5032e0a9170e0e902cd32dee78f4accc2074436cf7ece1f4bf50a82bd,979,1000000.0000213753,18.113323602140902,11.966555509676299,11.986622203870517,0.0002954136545819004,0.15213432073373917,0.0019417949425029764
bfo-63e471a5032e0a9170e0e902cd32dee78f4accc2074436cf7ece1f4bf50a82bd,980,18.118594858222757,18.118594858222757,11.966320363086382,11.986528145234551,0.00030138625518154934,0.1533790371777217,0.001964976835995719
bfo-63e471a5032e0a9170e0e902cd32dee78f4accc2074436cf7ece1f4bf50a82bd,981,1000000.000032108,18.134410994841826,11.96654382482124,11.986617529928496,0.00029489051534809614,0.152011336036379,0.001939924501930064
bfo-63e471a5032e0a9170e0e902cd32dee78f4accc2074436cf7ece1f4bf50a82bd,982,1000000.0,18.147467549772323,11.965098366460373,11.98603934658415,0.0003191670428733359,0.15539130620123945,0.002053956882632795
bfo-63e471a5032e0a9170e0e902cd32dee78f4accc2074436cf7ece1f4bf50a82bd,983,18.13770053775603,18.13770053775603,11.966891382203023,11.986756552881209,0.0002999843688626512,0.15298626710154806,0.0019608581511667963
bfo-63e471a5032e0a9170e0e902cd32dee78f4accc2074436cf7ece1f4bf50a82bd,984,1000000.0,18.123804888111177,11.965221705809531,11.986088682323812,0.0003134139727530084,0.15491311088437154,0.002023159763326574
bfo-63e471a5032e0a9170e0e902cd32dee78f4accc2074436cf7ece1f4bf50a82bd,985,1000000.0000119795,18.120869093298044,11.966605749508862,11.986642299803544,0.00029724443455879753,0.15286630620816452,0.0019444731931576027
bfo-63e471a5032e0a9170e0e902cd32dee78f4accc2074436cf7ece1f4bf50a82bd,986,18.155653307694507,18.155653307694507,11.966239635629368,11.986495854251746,0.00029621456301484134,0.15156243914636994,0.0019544061489322894
bfo-63e471a5032e0a9170e0e902cd32dee78f4accc2074436cf7ece1f4bf50a82bd,987,1000000.0000354473,18.19097571634797,11.966773033853825,11.986709213541529,0.00029686118524039956,0.15212351691198983,0.0019514483445195845
bfo-63e471a5032e0a9170e0e902cd32dee78f4accc2074436cf7ece1f4bf50a82bd,988,1000000.0000403477,18.1045111606984,11.966151355946444,11.986460542378577,0.0003056877296412462,0.15287093483309805,0.0019996458448755545
bfo-63e471a5032e0a9170e0e902cd32dee78f4accc2074436cf7ece1f4bf50a82bd,989,1000000.0000429704,18.113903447350328,11.966503660892577,11.986601464357033,0.00029788046611505735,0.15218116590513497,0.0019574069126316643
bfo-63e471a5032e0a9170e0e902cd32dee78f4accc2074436cf7ece1f4bf50a82bd,990,1000000.000045999,18.10725173199566,11.966034681359506,11.986413872543803,0.0003064300641043215,0.15318910637311614,0.0020003384794083394
bfo-63e471a5032e0a9170e0e902cd32dee78f4accc2074436cf7ece1f4bf50a82bd,991,1000000.0000494425,18.127689354852276,11.966149563723224,11.986459825489291,0.0003036739196200504,0.15294548483721837,0.001985504311835384
bfo-63e471a5032e0a9170e0e902cd32dee78f4accc2074436cf7ece1f4bf50a82bd,992,1000000.0000532884,18.1261389137722,11.966954601284025,11.98678184051361,0.0002955769408424519,0.15280079937283217,0.0019343939433277937
bfo-63e471a5032e0a9170e0e902cd32dee78f4accc2074436cf7ece1f4bf50a82bd,993,1000000.0000582493,18.12018275075203,11.967214125612244,11.986885650244897,0.0003011636339859247,0.15301583437156338,0.001968186071871613
bfo-63e471a5032e0a9170e0e902cd32dee78f4accc2074436cf7ece1f4bf50a82bd,994,1000000.000053207,18.13326061544018,11.966509109741832,11.986603643896732,0.00030051784271930784,0.15256199905996992,0.0019698079768945514
bfo-63e471a5032e0a9170e0e902cd32dee78f4accc2074436cf7ece1f4bf50a82bd,995,1000000.0000169101,18.1223407145673,11.966557352833123,11.986622941133248,0.00029832933903053423,0.15238855687864514,0.0019576885898861113
bfo-63e471a5032e0a9170e0e902cd32dee78f4accc2074436cf7ece1f4bf50a82bd,996,1000000.0000067253,18.113427226512172,11.966208571809975,11.98648342872399,0.00030284345174431276,0.15307537835238902,0.001978394272181045
bfo-63e471a5032e0a9170e0e902cd32dee78f4accc2074436cf7ece1f4bf50a82bd,997,1000000.0000058771,18.122008970186577,11.966630575263517,11.986652230105404,0.0002965148280205497,0.1523464010446034,0.001946319873573759
bfo-63e471a5032e0a9170e0e902cd32dee78f4accc2074436cf7ece1f4bf50a82bd,998,1000000.0000391002,18.12118928942966,11.966055514888447,11.98642220595538,0.00030613660616695716,0.15237494013384942,0.0020091007477872685
bfo-63e471a5032e0a9170e0e902cd32dee78f4accc2074436cf7ece1f4bf50a82bd,999,1000000.0001398405,18.13235917514786,11.966457407311815,11.986582962924725,0.00029499284865726257,0.15240113244140976,0.0019356342300846869
bfo-63e471a5032e0a9170e0e902cd32dee78f4accc2074436cf7ece1f4bf50a82bd,1000,1000000.0002526861,18.113700478811943,11.96619493853981,11.986477975415925,0.0003053080596732642,0.15347364572174305,0.001989319131877574
bfo-63e471a5032e0a9170e0e902cd32dee78f4accc2074436cf7ece1f4bf50a82bd,1001,1000000.0000762716,18.119994003851918,11.966149499270454,11.986459799708182,0.0003025636004911216,0.15250487666328585,0.0019839601664617523
bfo-63e471a5032e0a9170e0e902cd32dee78f4accc2074436cf7ece1f4bf50a82bd,1002,1000000.0001355429,18.1209283977753,11.965911132735423,11.98636445309417,0.0003057802933980063,0.1525957163419894,0.0020038589596624574
bfo-63e471a5032e0a9170e0e902cd32dee78f4accc2074436cf7ece1f4bf50a82bd,1003,1000000.0001532037,18.124864608553104,11.966413244038067,11.986565297615227,0.00030209437473683356,0.15204356075009678,0.0019868935800139848
bfo-63e471a5032e0a9170e0e902cd32dee78f4accc2074436cf7ece1f4bf50a82bd,1004,1000000.0001809674,18.120994140631655,11.966275554878418,11.986510221951367,0.00030316309547434963,0.152206658997047,0.001991786019560625
bfo-63e471a5032e0a9170e0e902cd32dee78f4accc2074436cf7ece1f4bf50a82bd,1005,18.424939289773157,18.424939289773157,11.966908888600045,11.986763555440017,0.0002971388647101046,0.15119589249033452,0.0019652575200024016
bfo-63e471a5032e0a9170e0e902cd32dee78f4accc2074436cf7ece1f4bf50a82bd,1006,1000000.0000902688,18.127389306522193,11.966578488019218,11.98663139520769,0.0002992798243538717,0.1523014297180205,0.001965049342661952
bfo-63e471a5032e0a9170e0e902cd32dee78f4accc2074436cf7ece1f4bf50a82bd,1007,1000000.0001359658,18.124231565742743,11.966590752048953,11.98663630081958,0.00029683712417554175,0.15206407566596875,0.0019520529281852766
bfo-63e471a5032e0a9170e0e902cd32dee78f4accc2074436cf7ece1f4bf50a82bd,1008,1000000.0001502556,18.114473971472112,11.965395823772486,11.986158329508994,0.00031383695589909665,0.1528689181332609,0.00205298081344119
bfo-63e471a5032e0a9170e0e902cd32dee78f4accc2074436cf7ece1f4bf50a82bd,1009,1000000.0,18.15084229167015,11.96590261124678,11.986361044498711,0.0003015278300235127,0.15332559354563796,0.0019665851150529657
bfo-63e471a5032e0a9170e0e902cd32dee78f4accc2074436cf7ece1f4bf50a82bd,1010,1000000.0000608249,18.119506309316918,11.967568344769346,11.987027337907739,0.00028655997307560667,0.15169421291851182,0.0018890633173299961
bfo-63e471a5032e0a9170e0e902cd32dee78f4accc2074436cf7ece1f4bf50a82bd,1011,1000000.0000644035,18.11447856726791,11.966425167484136,11.986570066993654,0.00030088540635461226,0.15309532822558458,0.0019653467538294856
bfo-63e471a5032e0a9170e0e902cd32dee78f4accc2074436cf7ece1f4bf50a82bd,1012,18.12560257224758,18.12560257224758,11.967300837128732,11.986920334851494,0.00028962038055512364,0.1510556893047269,0.0019173086554248751
bfo-63e471a5032e0a9170e0e902cd32dee78f4accc2074436cf7ece1f4bf50a82bd,1013,18.105061230849586,18.105061230849586,11.966062358516123,11.98642494340645,0.0003048707618703531,0.15302405625633875,0.001992306107476643
bfo-63e471a5032e0a9170e0e902cd32dee78f4accc2074436cf7ece1f4bf50a82bd,1014,18.167340309042494,18.167340309042494,11.965824430898856,11.986329772359543,0.00030836234930432577,0.1536185413375158,0.002007325070395128
bfo-63e471a5032e0a9170e0e902cd32dee78f4accc2074436cf7ece1f4bf50a82bd,1015,1000000.0003108587,18.172654954160272,11.96557460954548,11.986229843818192,0.0003135421162125098,0.15294399629271027,0.0020500452702467676
bfo-63e471a5032e0a9170e0e902cd32dee78f4accc2074436cf7ece1f4bf50a82bd,1016,18.35822172837767,18.35822172837767,11.966621657711443,11.986648663084576,0.00029744426300027494,0.1517278240231171,0.001960380470196136
bfo-63e471a5032e0a9170e0e902cd32dee78f4accc2074436cf7ece1f4bf50a82bd,1017,18.109644998026305,18.109644998026305,11.966192599070418,11.986477039628166,0.0003045248077816223,0.15281741185335956,0.0019927363255820485
bfo-63e471a5032e0a9170e0e902cd32dee78f4accc2074436cf7ece1f4bf50a82bd,1018,18.109237221435055,18.109237221435055,11.965822394061423,11.986328957624568,0.00030320104194984465,0.1535574680842457,0.0019745118601688623
bfo-63e471a5032e0a9170e0e902cd32dee78f4accc2074436cf7ece1f4bf50a82bd,1019,18.116879345388526,18.116879345388526,11.966466383774739,11.986586553509895,0.00030075649414801586,0.15274424266307404,0.0019690201666810437
bfo-63e471a5032e0a9170e0e902cd32dee78f4accc2074436cf7ece1f4bf50a82bd,1020,18.120094134877156,18.120094134877156,11.965436047690016,11.986174419076008,0.0003079570385874626,0.1540010815163839,0.001999706986179182
bfo-63e471a5032e0a9170e0e902cd32dee78f4accc2074436cf7ece1f4bf50a82bd,1021,18.119829151459797,18.119829151459797,11.966483466603805,11.986593386641522,0.0003026687444908627,0.1526925912710519,0.0019822097586488724
bfo-63e471a5032e0a9170e0e902cd32dee78f4accc2074436cf7ece1f4bf50a82bd,1022,18.155427686192724,18.155427686192724,11.967176160496448,11.986870464198578,0.00028740087937464634,0.15103081348286232,0.001902928764978533
bfo-63e471a5032e0a9170e0e902cd32dee78f4accc2074436cf7ece1f4bf50a82bd,1023,1000000.0000859367,18.12504205280468,11.966567955294742,11.986627182117896,0.0002986027386033638,0.15251845418667043,0.001957813827813242
bfo-63e471a5032e0a9170e0e902cd32dee78f4accc2074436cf7ece1f4bf50a82bd,1024,1000000.0,18.231243145792753,11.966835669109685,11.986734267643874,0.000290899708369024,0.1462820855733127,0.0019886215542314835
bfo-63e471a5032e0a9170e0e902cd32dee78f4accc2074436cf7ece1f4bf50a82bd,1025,1000000.0001245236,18.117365044596482,11.966949253669933,11.986779701467974,0.00029498261089510637,0.15323575762135094,0.001925024651387277
bfo-63e471a5032e0a9170e0e902cd32dee78f4accc2074436cf7ece1f4bf50a82bd,1026,1000000.0,18.182303996777648,11.956780845093755,11.982712338037503,0.00037258836978678814,0.1831241662656324,0.0020346215214780924
bfo-63e471a5032e0a9170e0e902cd32dee78f4accc2074436cf7ece1f4bf50a82bd,1027,1000000.0001265015,18.10916700835966,11.966388937266744,11.9865555749067,0.0003030204758446252,0.15077959255627527,0.002009691568383362
bfo-63e471a5032e0a9170e0e902cd32dee78f4accc2074436cf7ece1f4bf50a82bd,1028,18.177895382788904,18.177895382788904,11.967296122438226,11.98691844897529,0.00030608374501893263,0.1458177919679274,0.0020990836638525956
bfo-63e471a5032e0a9170e0e902cd32dee78f4accc2074436cf7ece1f4bf50a82bd,1029,18.12952440896852,18.12952440896852,11.966499342518615,11.986599737007445,0.00030448206897820907,0.15320918419236204,0.001987361727583616
bfo-63e471a5032e0a9170e0e902cd32dee78f4accc2074436cf7ece1f4bf50a82bd,1030,1000000.0,18.190444653749978,11.967591049136885,11.987036419654753,0.00029456605955426767,0.14629981701196024,0.002013441066233093
bfo-63e471a5032e0a9170e0e902cd32dee78f4accc2074436cf7ece1f4bf50a82bd,1031,18.119397813343745,18.119397813343745,11.966478279582928,11.986591311833172,0.00030010530657856044,0.15300233877705138,0.0019614426091607746
bfo-63e471a5032e0a9170e0e902cd32dee78f4accc2074436cf7ece1f4bf50a82bd,1032,1000000.0,18.10979213260874,11.96430335738094,11.985721342952377,0.0003203522957574885,0.1584365135228936,0.0020219600181444197
bfo-63e471a5032e0a9170e0e902cd32dee78f4accc2074436cf7ece1f4bf50a82bd,1033,18.122573445944724,18.122573445944724,11.966541539734662,11.986616615893865,0.00029949546085456175,0.1530387988659695,0.0019569904042232985
bfo-63e471a5032e0a9170e0e902cd32dee78f4accc2074436cf7ece1f4bf50a82bd,1034,18.114103115753615,18.114103115753615,11.9680357392663,11.987214295706522,0.0002938615252575189,0.15178057105014015,0.001936094476548272
bfo-63e471a5032e0a9170e0e902cd32dee78f4accc2074436cf7ece1f4bf50a82bd,1035,18.1319688399197,18.1319688399197,11.966686396116259,11.986674558446502,0.0002976884601409952,0.15294876266996754,0.0019463280051722066
bfo-63e471a5032e0a9170e0e902cd32dee78f4accc2074436cf7ece1f4bf50a82bd,1036,1000000.0,18.17885146297866,11.96654265102216,11.986617060408864,0.0003065934353821361,0.14737783771050844,0.002080322524370129
bfo-63e471a5032e0a9170e0e902cd32dee78f4accc2074436cf7ece1f4bf50a82bd,1037,18.0965951686242,18.0965951686242,11.96556551524822,11.986226206099289,0.0003107850969198687,0.15280030330679192,0.002033929843030975
bfo-63e471a5032e0a9170e0e902cd32dee78f4accc2074436cf7ece1f4bf50a82bd,1038,18.381573369977133,18.381573369977133,11.967537382668935,11.987014953067574,0.000292987275179263,0.1475694569965698,0.0019854194841014655
bfo-63e471a5032e0a9170e0e902cd32dee78f4accc2074436cf7ece1f4bf50a82bd,1039,18.371219273017886,18.371219273017886,11.96493846231073,11.985975384924293,0.0003177925019555189,0.15049550193239924,0.0021116411977433547
bfo-63e471a5032e0a9170e0e902cd32dee78f4accc2074436cf7ece1f4bf50a82bd,1040,18.100122255186502,18.100122255186502,11.967589311199122,11.987035724479648,0.0002952127683873549,0.15273640378937248,0.001932825188122545
bfo-63e471a5032e0a9170e0e902cd32dee78f4accc2074436cf7ece1f4bf50a82bd,1041,1000000.000007469,18.07992406443928,11.966102591805631,11.986441036722253,0.0003083903982308529,0.15248958705546514,0.002022370210227416
bfo-63e471a5032e0a9170e0e902cd32dee78f4accc2074436cf7ece1f4bf50a82bd,1042,18.20300751519688,18.20300751519688,11.96425219213973,11.985700876855892,0.0003187291674412907,0.15219422875089314,0.0020942263715070094
bfo-63e471a5032e0a9170e0e902cd32dee78f4accc2074436cf7ece1f4bf50a82bd,1043,1000000.0000787097,18.081337894611547,11.965347166975869,11.986138866790348,0.000315320799236273,0.15234198955900358,0.0020698219850551845
bfo-63e471a5032e0a9170e0e902cd32dee78f4accc2074436cf7ece1f4bf50a82bd,1044,18.75450066234453,18.75450066234453,11.964665588467165,11.985866235386867,0.00032206864355339277,0.1465393579666505,0.002197830316867427
bfo-63e471a5032e0a9170e0e902cd32dee78f4accc2074436cf7ece1f4bf50a82bd,1045,18.084020419746626,18.084020419746626,11.96489692980089,11.985958771920355,0.0003167448472265198,0.1535869301726598,0.0020623164150129223
bfo-63e471a5032e0a9170e0e902cd32dee78f4accc2074436cf7ece1f4bf50a82bd,1046,18.155815355472086,18.155815355472086,11.96430143758489,11.985720575033957,0.00029777231432125546,0.14800325749313656,0.0020119308139894434
bfo-63e471a5032e0a9170e0e902cd32dee78f4accc2074436cf7ece1f4bf50a82bd,1047,18.08671467977291,18.08671467977291,11.964530119701344,11.98581204788054,0.0003175591975397522,0.15390941788256027,0.002063286327169816
bfo-63e471a5032e0a9170e0e902cd32dee78f4accc2074436cf7ece1f4bf50a82bd,1048,1000000.0,18.12028944039991,11.965129593964368,11.986051837585748,0.00031347422212510347,0.14590945802861807,0.0021484160544522064
bfo-63e471a5032e0a9170e0e902cd32dee78f4accc2074436cf7ece1f4bf50a82bd,1049,1000000.000054952,18.12364933713043,11.964408642318062,11.985763456927225,0.00031597070435487146,0.15113605507735287,0.002090637500053542
bfo-63e471a5032e0a9170e0e902cd32dee78f4accc2074436cf7ece1f4bf50a82bd,1050,1000000.0,18.08360484981868,11.965385885582918,11.986154354233168,0.0003124242660845301,0.15094130846744774,0.0020698393915931108
bfo-63e471a5032e0a9170e0e902cd32dee78f4accc2074436cf7ece1f4bf50a82bd,1051,1000000.0001198351,18.09441780773219,11.964160219230948,11.98566408769238,0.0003228424756895556,0.1535623607124636,0.0021023542109648795
bfo-63e471a5032e0a9170e0e902cd32dee78f4accc2074436cf7ece1f4bf50a82bd,1052,1000000.0,18.11103569146932,11.963601609809288,11.985440643923715,0.00032501008254427294,0.15415641408174088,0.0021083137181170906
bfo-63e471a5032e0a9170e0e902cd32dee78f4accc2074436cf7ece1f4bf50a82bd,1053,18.115245788698964,18.115245788698964,11.964282244619524,11.985712897847808,0.0003237711420959818,0.16066934605880767,0.0020151394776790595
bfo-63e471a5032e0a9170e0e902cd32dee78f4accc2074436cf7ece1f4bf50a82bd,1054,18.120929717450935,18.120929717450935,11.965376060904033,11.986150424361611,0.00031498914198228157,0.15110632063971519,0.002084553052769476
bfo-63e471a5032e0a9170e0e902cd32dee78f4accc2074436cf7ece1f4bf50a82bd,1055,18.08528362334388,18.08528362334388,11.96517178041522,11.986068712166087,0.0003115033388090101,0.153530820775361,0.0020289303296618664
bfo-63e471a5032e0a9170e0e902cd32dee78f4accc2074436cf7ece1f4bf50a82bd,1056,18.087934330798014,18.087934330798014,11.965141314682489,11.986056525872996,0.0003167308685846509,0.15415035520404918,0.0020546878932934894
bfo-63e471a5032e0a9170e0e902cd32dee78f4accc2074436cf7ece1f4bf50a82bd,1057,18.096567072065792,18.096567072065792,11.964645300385518,11.985858120154207,0.0003241135829369618,0.15334775945106535,0.0021135853832959938
bfo-63e471a5032e0a9170e0e902cd32dee78f4accc2074436cf7ece1f4bf50a82bd,1058,18.09762617045298,18.09762617045298,11.964381122681177,11.98575244907247,0.00031329010706778365,0.15290079756850616,0.0020489762777556224
bfo-63e471a5032e0a9170e0e902cd32dee78f4accc2074436cf7ece1f4bf50a82bd,1059,18.098893652789627,18.098893652789627,11.964400823398865,11.985760329359545,0.0003139146884481578,0.15282513791473393,0.0020540775734375644
bfo-63e471a5032e0a9170e0e902cd32dee78f4accc2074436cf7ece1f4bf50a82bd,1060,18.09577661890326,18.09577661890326,11.964627192053516,11.985850876821408,0.0003159840616815692,0.15289463008547943,0.0020666786106543484
bfo-63e471a5032e0a9170e0e902cd32dee78f4accc2074436cf7ece1f4bf50a82bd,1061,18.105250533363265,18.105250533363265,11.964215889529445,11.98568635581178,0.00031211950797148657,0.15281103230409146,0.0020425194651546743
bfo-63e471a5032e0a9170e0e902cd32dee78f4accc2074436cf7ece1f4bf50a82bd,1062,18.10984324372123,18.10984324372123,11.96413927425727,11.985655709702908,0.000311934540409647,0.1527552666089899,0.0020420542435902445
bfo-63e471a5032e0a9170e0e902cd32dee78f4accc2074436cf7ece1f4bf50a82bd,1063,1000000.0015704082,18.117526363933766,11.965131388417886,11.986052555367154,0.00031028202337436917,0.15381593958920067,0.002017229320986145
bfo-63e471a5032e0a9170e0e902cd32dee78f4accc2074436cf7ece1f4bf50a82bd,1064,18.09685700720934,18.09685700720934,11.964566428864167,11.985826571545665,0.00031841845283272347,0.15303355903164753,0.002080709975299432
bfo-63e471a5032e0a9170e0e902cd32dee78f4accc2074436cf7ece1f4bf50a82bd,1065,18.06843166811007,18.06843166811007,11.965224140209767,11.986089656083907,0.0003105395371030402,0.1535844573631413,0.00202194637683153
bfo-63e471a5032e0a9170e0e902cd32dee78f4accc2074436cf7ece1f4bf50a82bd,1066,18.07436947077977,18.07436947077977,11.96584414205217,11.986337656820869,0.0003002019646039447,0.15361246631065473,0.001954281262543093
bfo-63e471a5032e0a9170e0e902cd32dee78f4accc2074436cf7ece1f4bf50a82bd,1067,18.083708743469934,18.083708743469934,11.9648787085536,11.98595148342144,0.00031418440123335775,0.1531567887373449,0.00205139062932539
bfo-63e471a5032e0a9170e0e902cd32dee78f4accc2074436cf7ece1f4bf50a82bd,1068,18.101562901908405,18.101562901908405,11.96476730004629,11.985906920018515,0.00031556501690886566,0.15272689460606204,0.0020662046309710027
bfo-63e471a5032e0a9170e0e902cd32dee78f4accc2074436cf7ece1f4bf50a82bd,1069,18.065304954411697,18.065304954411697,11.965902391131086,11.986360956452433,0.00030237271311124667,0.15407305215842373,0.001962528222004297
bfo-63e471a5032e0a9170e0e902cd32dee78f4accc2074436cf7ece1f4bf50a82bd,1070,18.11581353794821,18.11581353794821,11.965559989881093,11.986223995952438,0.00029381779630243733,0.15177033441066023,0.0019359369368418535
bfo-63e471a5032e0a9170e0e902cd32dee78f4accc2074436cf7ece1f4bf50a82bd,1071,1000000.0000970716,18.07610727515382,11.965902859538208,11.986361143815282,0.00030223028189175507,0.1540919677880577,0.001961362984912042
bfo-63e471a5032e0a9170e0e902cd32dee78f4accc2074436cf7ece1f4bf50a82bd,1072,1000000.00005797,18.072521540810982,11.966337342838369,11.986534937135348,0.0002975343920273982,0.15429057251244485,0.0019284029295010847
bfo-63e471a5032e0a9170e0e902cd32dee78f4accc2074436cf7ece1f4bf50a82bd,1073,18.0720577349721,18.0720577349721,11.966296598770985,11.986518639508395,0.0002986845619308369,0.15318073896715292,0.0019498832813104841
bfo-63e471a5032e0a9170e0e902cd32dee78f4accc2074436cf7ece1f4bf50a82bd,1074,18.075096666316373,18.075096666316373,11.966213864154414,11.986485545661766,0.0003005364670460409,0.1544120385242155,0.001946327954208762
bfo-63e471a5032e0a9170e0e902cd32dee78f4accc2074436cf7ece1f4bf50a82bd,1075,18.069203885305715,18.069203885305715,11.9660397665303,11.986415906612121,0.000298407666131528,0.15329013554139365,0.0019466853824455495
bfo-63e471a5032e0a9170e0e902cd32dee78f4accc2074436cf7ece1f4bf50a82bd,1076,18.076079523254553,18.076079523254553,11.965803914015725,11.98632156560629,0.0003057277753769003,0.15440984881992031,0.00197997587403543
bfo-63e471a5032e0a9170e0e902cd32dee78f4accc2074436cf7ece1f4bf50a82bd,1077,18.082830246739245,18.082830246739245,11.96578326206188,11.986313304824753,0.0003057947038121154,0.1544847405398531,0.001979449250091003
bfo-63e471a5032e0a9170e0e902cd32dee78f4accc2074436cf7ece1f4bf50a82bd,1078,18.078895659198295,18.078895659198295,11.965745566277796,11.986298226511117,0.00030712125867312506,0.15453446709159083,0.0019873964977088106
bfo-63e471a5032e0a9170e0e902cd32dee78f4accc2074436cf7ece1f4bf50a82bd,1079,18.06941966018387,18.06941966018387,11.96606661890674,11.986426647562697,0.00030184620690495393,0.15339852466801,0.001967725618992876
bfo-63e471a5032e0a9170e0e902cd32dee78f4accc2074436cf7ece1f4bf50a82bd,1080,18.068953690165976,18.068953690165976,11.96610065201502,11.986440260806008,0.0003021993106251411,0.1532040528954307,0.0019725281734642294
bfo-63e471a5032e0a9170e0e902cd32dee78f4accc2074436cf7ece1f4bf50a82bd,1081,18.07157615141495,18.07157615141495,11.965872465881317,11.986348986352526,0.0003022036253105227,0.15432320365851337,0.001958251372095925
bfo-63e471a5032e0a9170e0e902cd32dee78f4accc2074436cf7ece1f4bf50a82bd,1082,18.074982816947767,18.074982816947767,11.965981339260045,11.98639253570402,0.00029971036259527766,0.15445677026035676,0.0019404158334404978
bfo-63e471a5032e0a9170e0e902cd32dee78f4accc2074436cf7ece1f4bf50a82bd,1083,18.0758415996702,18.0758415996702,11.966302204697076,11.98652088187883,0.0003009479494530583,0.15291675297060964,0.0019680508747847926
bfo-63e471a5032e0a9170e0e902cd32dee78f4accc2074436cf7ece1f4bf50a82bd,1084,18.068528787032847,18.068528787032847,11.96599803896761,11.986399215587042,0.0003017083385952777,0.1540813313319709,0.001958110927437678
bfo-63e471a5032e0a9170e0e902cd32dee78f4accc2074436cf7ece1f4bf50a82bd,1085,1000000.0000397596,18.082561438791835,11.966393123444165,11.986557249377665,0.00029540097551368965,0.15405583348845195,0.0019174929557979573
bfo-63e471a5032e0a9170e0e902cd32dee78f4accc2074436cf7ece1f4bf50a82bd,1086,1000000.0000778374,18.188742769810332,11.965474476775926,11.98618979071037,0.00030555475929868386,0.15326675121104152,0.001993614119724822
bfo-63e471a5032e0a9170e0e902cd32dee78f4accc2074436cf7ece1f4bf50a82bd,1087,1000000.0001247369,18.078978232927046,11.965645517385417,11.986258206954165,0.00030628966211461016,0.1543237500335606,0.0019847214835564952
bfo-63e471a5032e0a9170e0e902cd32dee78f4accc2074436cf7ece1f4bf50a82bd,1088,18.142043077639862,18.142043077639862,11.9656050141688,11.98624200566752,0.00030756995494101927,0.1548043870447179,0.001986829706913748
bfo-63e471a5032e0a9170e0e902cd32dee78f4accc2074436cf7ece1f4bf50a82bd,1089,1000000.0001251813,18.089712642273263,11.966094246339921,11.986437698535967,0.000292666789147092,0.1530909050504748,0.0019117189819382043
bfo-63e471a5032e0a9170e0e902cd32dee78f4accc2074436cf7ece1f4bf50a82bd,1090,18.133318333350264,18.133318333350264,11.963621780292378,11.985448712116952,0.0002994150203863395,0.152372519309926,0.0019650198194684225
bfo-63e471a5032e0a9170e0e902cd32dee78f4accc2074436cf7ece1f4bf50a82bd,1091,1000000.0000331315,18.06426602475744,11.965065414040442,11.986026165616178,0.0003130168682288708,0.15306808914845318,0.0020449518248398016
bfo-63e471a5032e0a9170e0e902cd32dee78f4accc2074436cf7ece1f4bf50a82bd,1092,1000000.0,18.090352782480004,11.965095609600981,11.986038243840392,0.0003045504390933401,0.15358555805323662,0.0019829366963511974
bfo-63e471a5032e0a9170e0e902cd32dee78f4accc2074436cf7ece1f4bf50a82bd,1093,18.06588577391161,18.06588577391161,11.965997093862276,11.986398837544911,0.00030234064127981024,0.15380533362336019,0.001965735739829313
bfo-63e471a5032e0a9170e0e902cd32dee78f4accc2074436cf7ece1f4bf50a82bd,1094,18.06870950667037,18.06870950667037,11.965439809517832,11.986175923807131,0.0003060418762420482,0.15523742106369698,0.001971443960773306
bfo-63e471a5032e0a9170e0e902cd32dee78f4accc2074436cf7ece1f4bf50a82bd,1095,18.062189749845185,18.062189749845185,11.966210171711976,11.98648406868479,0.0003016249164189536,0.15367532244557355,0.001962741392820429
bfo-63e471a5032e0a9170e0e902cd32dee78f4accc2074436cf7ece1f4bf50a82bd,1096,1000000.0,18.063660966705378,11.965457417985823,11.98618296719433,0.0003098772192291993,0.1537863203561501,0.0020149855885202403
bfo-63e471a5032e0a9170e0e902cd32dee78f4accc2074436cf7ece1f4bf50a82bd,1097,1000000.000004212,18.06462953693302,11.966241665671621,11.98649666626865,0.0003019951460135241,0.1534048684398214,0.0019686151364354683
bfo-63e471a5032e0a9170e0e902cd32dee78f4accc2074436cf7ece1f4bf50a82bd,1098,1000000.0,18.068452128514746,11.964542275947823,11.985816910379128,0.00030808985876790515,0.1542232514827888,0.001997687481010526
bfo-63e471a5032e0a9170e0e902cd32dee78f4accc2074436cf7ece1f4bf50a82bd,1099,18.061954579425773,18.061954579425773,11.966198130836817,11.986479252334727,0.00029876723161319896,0.15349732165765598,0.001946400291462658
bfo-63e471a5032e0a9170e0e902cd32dee78f4accc2074436cf7ece1f4bf50a82bd,1100,1000000.0,18.087157718942883,11.961842229718465,11.984736891887385,0.00034246139815907896,0.1545591719123243,0.002215730027030325
bfo-63e471a5032e0a9170e0e902cd32dee78f4accc2074436cf7ece1f4bf50a82bd,1101,18.065633527987664,18.065633527987664,11.966230380119583,11.986492152047834,0.000299023016429313,0.15345528923323806,0.001948600259550684
bfo-63e471a5032e0a9170e0e902cd32dee78f4accc2074436cf7ece1f4bf50a82bd,1102,18.06181218076994,18.06181218076994,11.964199018636398,11.98567960745456,0.0003172192456298156,0.1534834081135734,0.002066798291285546
bfo-63e471a5032e0a9170e0e902cd32dee78f4accc2074436cf7ece1f4bf50a82bd,1103,1000000.0,18.12601383636325,11.97893591486203,11.991574365944814,0.0001914202800576788,0.15118754775793022,0.0012661114152348453
bfo-63e471a5032e0a9170e0e902cd32dee78f4accc2074436cf7ece1f4bf50a82bd,1104,18.05924200683528,18.05924200683528,11.964201481865228,11.985680592746093,0.000316237153532771,0.15342349459462562,0.0020612042136592596
bfo-63e471a5032e0a9170e0e902cd32dee78f4accc2074436cf7ece1f4bf50a82bd,1105,18.114068424806128,18.114068424806128,11.964365268203965,11.985746107281585,0.0003099994925273731,0.15098976649185109,0.0020531159146080524
bfo-63e471a5032e0a9170e0e902cd32dee78f4accc2074436cf7ece1f4bf50a82bd,1106,18.06624965212447,18.06624965212447,11.964316550981026,11.98572662039241,0.00031569298551734233,0.15323586511906273,0.00206017687355406
bfo-63e471a5032e0a9170e0e902cd32dee78f4accc2074436cf7ece1f4bf50a82bd,1107,18.19356411278823,18.19356411278823,11.962814939435193,11.985125975774077,0.00031772058720523085,0.15160738722829312,0.002095680118323004
bfo-63e471a5032e0a9170e0e902cd32dee78f4accc2074436cf7ece1f4bf50a82bd,1108,18.05709406618277,18.05709406618277,11.964132902395574,11.985653160958229,0.00031629128720893655,0.15363781985004088,0.002058681173148998
bfo-63e471a5032e0a9170e0e902cd32dee78f4accc2074436cf7ece1f4bf50a82bd,1109,18.121570314343717,18.121570314343717,11.962775523344101,11.985110209337641,0.00032598394925637496,0.15421624116173696,0.00211381075560319
bfo-63e471a5032e0a9170e0e902cd32dee78f4accc2074436cf7ece1f4bf50a82bd,1110,18.075581795132265,18.075581795132265,11.964229064315987,11.985691625726394,0.00031550734765330743,0.15262354403940323,0.002067225929256708
bfo-63e471a5032e0a9170e0e902cd32dee78f4accc2074436cf7ece1f4bf50a82bd,1111,18.044330891237813,18.044330891237813,11.963968194677808,11.985587277871122,0.0003275768435254153,0.15610315823497534,0.00209846390828511
bfo-63e471a5032e0a9170e0e902cd32dee78f4accc2074436cf7ece1f4bf50a82bd,1112,18.0695680447651,18.0695680447651,11.963445771527788,11.985378308611116,0.0003251187626874473,0.1558045410755754,0.0020867091577885617
bfo-63e471a5032e0a9170e0e902cd32dee78f4accc2074436cf7ece1f4bf50a82bd,1113,18.042013398832474,18.042013398832474,11.963739689713988,11.985495875885594,0.0003292715309120454,0.15565588536927513,0.002115381182863004
bfo-63e471a5032e0a9170e0e902cd32dee78f4accc2074436cf7ece1f4bf50a82bd,1114,18.072290398208427,18.072290398208427,11.961756915629175,11.98470276625167,0.0003545184110441916,0.15644408136060917,0.0022661030571493085
bfo-63e471a5032e0a9170e0e902cd32dee78f4accc2074436cf7ece1f4bf50a82bd,1115,18.047373001448126,18.047373001448126,11.96372019058095,11.98548807623238,0.0003298754743429648,0.15558228277856334,0.002120263750162793
bfo-63e471a5032e0a9170e0e902cd32dee78f4accc2074436cf7ece1f4bf50a82bd,1116,18.14917517068629,18.14917517068629,11.963159283297832,11.985263713319133,0.0003292313219066921,0.15507315850219386,0.002123070975574631
bfo-63e471a5032e0a9170e0e902cd32dee78f4accc2074436cf7ece1f4bf50a82bd,1117,18.040183727548737,18.040183727548737,11.963816423983193,11.985526569593276,0.00032843326277506076,0.15578345092363605,0.0021082679888511165
bfo-63e471a5032e0a9170e0e902cd32dee78f4accc2074436cf7ece1f4bf50a82bd,1118,18.094962313272624,18.094962313272624,11.96370085501454,11.985480342005816,0.0003265714972564676,0.1557505317850267,0.002096760078528753
bfo-63e471a5032e0a9170e0e902cd32dee78f4accc2074436cf7ece1f4bf50a82bd,1119,18.04477347565184,18.04477347565184,11.963978016661907,11.985591206664763,0.0003282260405120071,0.1557617469371783,0.0021072313771903634
bfo-63e471a5032e0a9170e0e902cd32dee78f4accc2074436cf7ece1f4bf50a82bd,1120,18.073448492673617,18.073448492673617,11.962869042790691,11.985147617116276,0.0003368008628030923,0.15638120545723866,0.002153717013616372
bfo-63e471a5032e0a9170e0e902cd32dee78f4accc2074436cf7ece1f4bf50a82bd,1121,18.03947371000973,18.03947371000973,11.96392393286816,11.985569573147265,0.00032539689225293,0.15573585641504187,0.0020894153712792715
bfo-63e471a5032e0a9170e0e902cd32dee78f4accc2074436cf7ece1f4bf50a82bd,1122,18.257166356656235,18.257166356656235,11.963432589680668,11.985373035872266,0.00032111996239736674,0.15255231676184877,0.0021049825346059537
bfo-63e471a5032e0a9170e0e902cd32dee78f4accc2074436cf7ece1f4bf50a82bd,1123,18.039736941360957,18.039736941360957,11.964089115405473,11.985635646162189,0.00032245029866725163,0.15571003239027492,0.002070838299352834
bfo-63e471a5032e0a9170e0e902cd32dee78f4accc2074436cf7ece1f4bf50a82bd,1124,18.05790975974535,18.05790975974535,11.9628865933749,11.985154637349961,0.0003353675555406458,0.15575089316787316,0.0021532303842339844
bfo-63e471a5032e0a9170e0e902cd32dee78f4accc2074436cf7ece1f4bf50a82bd,1125,18.039687098830615,18.039687098830615,11.964098444717203,11.985639377886882,0.0003226706351607663,0.15566044341253538,0.0020729135038220093
bfo-63e471a5032e0a9170e0e902cd32dee78f4accc2074436cf7ece1f4bf50a82bd,1126,18.072969906313887,18.072969906313887,11.962647895403224,11.98505915816129,0.00033724809457325776,0.15554634878802245,0.002168151790132067
bfo-63e471a5032e0a9170e0e902cd32dee78f4accc2074436cf7ece1f4bf50a82bd,1127,18.045029037454682,18.045029037454682,11.964043891820562,11.985617556728226,0.00032339140809760825,0.15542424550526474,0.002080701161175358
bfo-63e471a5032e0a9170e0e902cd32dee78f4accc2074436cf7ece1f4bf50a82bd,1128,18.095962263869108,18.095962263869108,11.962147932602374,11.984859173040949,0.0003423851979014877,0.1554872252879121,0.0022020149711174082
bfo-63e471a5032e0a9170e0e902cd32dee78f4accc2074436cf7ece1f4bf50a82bd,1129,18.042360224808473,18.042360224808473,11.96402941786432,11.985611767145729,0.0003242826863736491,0.15550220515960006,0.0020853896318757718
bfo-63e471a5032e0a9170e0e902cd32dee78f4accc2074436cf7ece1f4bf50a82bd,1130,18.06279263775403,18.06279263775403,11.96259926809772,11.985039707239087,0.0003423304132801433,0.15615562189029245,0.002192238800858854
bfo-63e471a5032e0a9170e0e902cd32dee78f4accc2074436cf7ece1f4bf50a82bd,1131,18.03233329779564,18.03233329779564,11.964215566887601,11.985686226755039,0.00032264951032549865,0.155605780439819,0.0020735059418328246
bfo-63e471a5032e0a9170e0e902cd32dee78f4accc2074436cf7ece1f4bf50a82bd,1132,1000000.0,18.630855537762194,11.964323598344887,11.985729439337955,0.00032456952402357727,0.15163119144619677,0.0021405195126936935
bfo-63e471a5032e0a9170e0e902cd32dee78f4accc2074436cf7ece1f4bf50a82bd,1133,18.027299846342146,18.027299846342146,11.964505366860829,11.985802146744332,0.00031993105147242444,0.15550641808787513,0.0020573494998234387
bfo-63e471a5032e0a9170e0e902cd32dee78f4accc2074436cf7ece1f4bf50a82bd,1134,18.211903120757057,18.211903120757057,11.964962617412583,11.985985046965034,0.00032784581566236973,0.1575463815063664,0.002080947924844098
bfo-63e471a5032e0a9170e0e902cd32dee78f4accc2074436cf7ece1f4bf50a82bd,1135,18.02919176829636,18.02919176829636,11.964731438388043,11.985892575355217,0.0003172475856625118,0.15522571840219299,0.002043782363696439
bfo-63e471a5032e0a9170e0e902cd32dee78f4accc2074436cf7ece1f4bf50a82bd,1136,1000000.0,18.154865246830628,11.964206899780608,11.985682759912244,0.0003169679888439826,0.1509418917260667,0.0020999338567932115
bfo-63e471a5032e0a9170e0e902cd32dee78f4accc2074436cf7ece1f4bf50a82bd,1137,18.02375715756564,18.02375715756564,11.964774218130746,11.985909687252299,0.00031706272495828384,0.15534453453667804,0.002041029160787262
bfo-63e471a5032e0a9170e0e902cd32dee78f4accc2074436cf7ece1f4bf50a82bd,1138,18.027373955810653,18.027373955810653,11.964952798977112,11.985981119590845,0.0003155035193177858,0.15493563294600216,0.002036352214908138
bfo-63e471a5032e0a9170e0e902cd32dee78f4accc2074436cf7ece1f4bf50a82bd,1139,18.021268976292276,18.021268976292276,11.964991006932713,11.985996402773084,0.0003137113144262737,0.15514444307126968,0.0020220596253142124
bfo-63e471a5032e0a9170e0e902cd32dee78f4accc2074436cf7ece1f4bf50a82bd,1140,18.02308171906796,18.02308171906796,11.96511695237427,11.986046780949708,0.00031137069261248884,0.1550731775768584,0.0020078952239059216
bfo-63e471a5032e0a9170e0e902cd32dee78f4accc2074436cf7ece1f4bf50a82bd,1141,18.025254486335122,18.025254486335122,11.965106476750908,11.986042590700363,0.00031152143984189537,0.1549680552342085,0.0020102300398045416
bfo-63e471a5032e0a9170e0e902cd32dee78f4accc2074436cf7ece1f4bf50a82bd,1142,18.026970313836806,18.026970313836806,11.965210866031052,11.986084346412422,0.0003115181647771173,0.15467260111992154,0.0020140487877073295
bfo-63e471a5032e0a9170e0e902cd32dee78f4accc2074436cf7ece1f4bf50a82bd,1143,18.025334881735624,18.025334881735624,11.9652052823986,11.98608211295944,0.000311694687540049,0.15466146111611673,0.0020153352056207128
bfo-63e471a5032e0a9170e0e902cd32dee78f4accc2074436cf7ece1f4bf50a82bd,1144,18.01686491705555,18.01686491705555,11.9643414516064,11.985736580642559,0.000321335744636136,0.1558192498344259,0.0020622339343668293
bfo-63e471a5032e0a9170e0e902cd32dee78f4accc2074436cf7ece1f4bf50a82bd,1145,18.012220103202868,18.012220103202868,11.964317197620371,11.985726879048148,0.00032249371835957953,0.15567263015127314,0.0020716147600654006
bfo-63e471a5032e0a9170e0e902cd32dee78f4accc2074436cf7ece1f4bf50a82bd,1146,18.01593436243238,18.01593436243238,11.96447403919566,11.985789615678264,0.0003212664602215339,0.1554244556579713,0.0020670264461373844
bfo-63e471a5032e0a9170e0e902cd32dee78f4accc2074436cf7ece1f4bf50a82bd,1147,18.00855972106561,18.00855972106561,11.964231551991244,11.985692620796497,0.00032489411295121435,0.15543928749492783,0.002090167281304709
bfo-63e471a5032e0a9170e0e902cd32dee78f4accc2074436cf7ece1f4bf50a82bd,1148,18.013258887637004,18.013258887637004,11.963961775873035,11.985584710349215,0.00032917647427153105,0.15602990244790854,0.002109701211800914
bfo-63e471a5032e0a9170e0e902cd32dee78f4accc2074436cf7ece1f4bf50a82bd,1149,17.999351227772664,17.999351227772664,11.964234834878237,11.985693933951296,0.0003226765796386231,0.15571290890820297,0.002072253237712294
bfo-63e471a5032e0a9170e0e902cd32dee78f4accc2074436cf7ece1f4bf50a82bd,1150,18.009346867572212,18.009346867572212,11.964430523748996,11.985772209499597,0.00031931107418590863,0.1561647461168471,0.002044706517481164
bfo-63e471a5032e0a9170e0e902cd32dee78f4accc2074436cf7ece1f4bf50a82bd,1151,17.996207259935044,17.996207259935044,11.963589954414964,11.985435981765985,0.0003218185083505565,0.15493819191807887,0.0020770766998540486
bfo-63e471a5032e0a9170e0e902cd32dee78f4accc2074436cf7ece1f4bf50a82bd,1152,18.01241747527395,18.01241747527395,11.962989771912339,11.985195908764934,0.0003257108262320242,0.15384261972332527,0.0021171690056877046
bfo-63e471a5032e0a9170e0e902cd32dee78f4accc2074436cf7ece1f4bf50a82bd,1153,18.016459893075186,18.016459893075186,11.963752702331956,11.985501080932782,0.00032001727859822015,0.15456368400667853,0.002070455816674197
bfo-63e471a5032e0a9170e0e902cd32dee78f4accc2074436cf7ece1f4bf50a82bd,1154,18.22758442592079,18.22758442592079,11.961941340255494,11.9847765361022,0.0003304407144150098,0.153927673192321,0.0021467271450413537
bfo-63e471a5032e0a9170e0e902cd32dee78f4accc2074436cf7ece1f4bf50a82bd,1155,17.998290412857386,17.998290412857386,11.963866902441222,11.985546760976488,0.0003182813819147582,0.15405569272034525,0.0020660150643866766
bfo-63e471a5032e0a9170e0e902cd32dee78f4accc2074436cf7ece1f4bf50a82bd,1156,18.08138579511227,18.08138579511227,11.963973546985374,11.985589418794149,0.00030348454708678416,0.15390408535527939,0.001971907024990313
bfo-63e471a5032e0a9170e0e902cd32dee78f4accc2074436cf7ece1f4bf50a82bd,1157,17.99711295515225,17.99711295515225,11.963635494532811,11.985454197813123,0.00032043433991010915,0.15488161015811222,0.002068898557956564
bfo-63e471a5032e0a9170e0e902cd32dee78f4accc2074436cf7ece1f4bf50a82bd,1158,1000000.0,18.021449317885306,11.962786723520455,11.985114689408183,0.0003300590239513735,0.15584033735516084,0.00211793063049631
bfo-63e471a5032e0a9170e0e902cd32dee78f4accc2074436cf7ece1f4bf50a82bd,1159,17.99616749043937,17.99616749043937,11.963422681767844,11.985369072707138,0.0003252519903840883,0.154891535243204,0.0020998693690613347
bfo-63e471a5032e0a9170e0e902cd32dee78f4accc2074436cf7ece1f4bf50a82bd,1160,18.001347832081425,18.001347832081425,11.96406001833821,11.985624007335286,0.0003138326891863447,0.15592335687471046,0.00201273686942566
bfo-63e471a5032e0a9170e0e902cd32dee78f4accc2074436cf7ece1f4bf50a82bd,1161,17.99764174648219,17.99764174648219,11.963589102603951,11.98543564104158,0.00032208477115746773,0.15385908087805114,0.0020933751151987734
bfo-63e471a5032e0a9170e0e902cd32dee78f4accc2074436cf7ece1f4bf50a82bd,1162,18.02852980365368,18.02852980365368,11.963084705172449,11.98523388206898,0.00032625561044931324,0.15591939383558487,0.0020924633069914693
bfo-63e471a5032e0a9170e0e902cd32dee78f4accc2074436cf7ece1f4bf50a82bd,1163,17.998933510305534,17.998933510305534,11.963484834493933,11.985393933797573,0.0003235213246870948,0.15445174599772862,0.002094643363188996
bfo-63e471a5032e0a9170e0e902cd32dee78f4accc2074436cf7ece1f4bf50a82bd,1164,17.99946214444002,17.99946214444002,11.961480466513894,11.984592186605559,0.0003476904086723827,0.15364592467559257,0.002262932839946747
bfo-63e471a5032e0a9170e0e902cd32dee78f4accc2074436cf7ece1f4bf50a82bd,1165,17.997857092678228,17.997857092678228,11.963569745472858,11.985427898189144,0.0003243560294519707,0.15411651235982995,0.002104615686440314
bfo-63e471a5032e0a9170e0e902cd32dee78f4accc2074436cf7ece1f4bf50a82bd,1166,18.018941473283345,18.018941473283345,11.963814482985647,11.985525793194258,0.0003174215886518576,0.1559607921893667,0.0020352653009510628
bfo-63e471a5032e0a9170e0e902cd32dee78f4accc2074436cf7ece1f4bf50a82bd,1167,17.994766644780142,17.994766644780142,11.963371329302932,11.985348531721172,0.0003245398980702347,0.15480634543550112,0.002096425034498678
bfo-63e471a5032e0a9170e0e902cd32dee78f4accc2074436cf7ece1f4bf50a82bd,1168,18.01024787815385,18.01024787815385,11.961624408181956,11.984649763272783,0.0003379414379332362,0.15617103869651305,0.002163918744178665
bfo-63e471a5032e0a9170e0e902cd32dee78f4accc2074436cf7ece1f4bf50a82bd,1169,17.996674985052632,17.996674985052632,11.963564931176181,11.985425972470471,0.0003214223754758717,0.15431559357860838,0.002082889797602594
bfo-63e471a5032e0a9170e0e902cd32dee78f4accc2074436cf7ece1f4bf50a82bd,1170,17.987015070546803,17.987015070546803,11.963459851495127,11.985383940598052,0.00032666962414376946,0.15284184605681722,0.0021373048845689403
bfo-63e471a5032e0a9170e0e902cd32dee78f4accc2074436cf7ece1f4bf50a82bd,1171,18.03873304067032,18.03873304067032,11.964075227478565,11.985630090991426,0.00032673130005767074,0.1513822868414554,0.0021583192252859844
bfo-63e471a5032e0a9170e0e902cd32dee78f4accc2074436cf7ece1f4bf50a82bd,1172,17.98480995138518,17.98480995138518,11.963335672700445,11.985334269080179,0.000331021065651824,0.15322466944742616,0.0021603640382817247
bfo-63e471a5032e0a9170e0e902cd32dee78f4accc2074436cf7ece1f4bf50a82bd,1173,17.977935844370002,17.977935844370002,11.96260189047114,11.985040756188457,0.00034017324699183387,0.15117279462377023,0.002250227945037575
bfo-63e471a5032e0a9170e0e902cd32dee78f4accc2074436cf7ece1f4bf50a82bd,1174,18.0596642598434,18.0596642598434,11.962792499883683,11.985116999953473,0.0003380994663320933,0.1435935550420197,0.0023545587838754703
bfo-63e471a5032e0a9170e0e902cd32dee78f4accc2074436cf7ece1f4bf50a82bd,1175,17.986964741775207,17.986964741775207,11.962561452886444,11.985024581154578,0.0003443731533582433,0.15056966846140268,0.0022871349646792945
bfo-63e471a5032e0a9170e0e902cd32dee78f4accc2074436cf7ece1f4bf50a82bd,1176,1000000.0,17.999611508484495,11.959682966594682,11.98387318663787,0.0003652329168258099,0.15172567779301407,0.002407192520992161
bfo-63e471a5032e0a9170e0e902cd32dee78f4accc2074436cf7ece1f4bf50a82bd,1177,1000000.0000733675,17.957255095319304,11.964996701033145,11.985998680413257,0.0003181153804047834,0.15118821295176327,0.0021041017298503184
bfo-63e471a5032e0a9170e0e902cd32dee78f4accc2074436cf7ece1f4bf50a82bd,1178,17.995828283867404,17.995828283867404,11.967159817508277,11.98686392700331,0.0003109527770378634,0.1492719372491838,0.002083129506913153
bfo-63e471a5032e0a9170e0e902cd32dee78f4accc2074436cf7ece1f4bf50a82bd,1179,17.974682438996005,17.974682438996005,11.963551435114983,11.985420574045992,0.00033638060134717675,0.15082669682375727,0.0022302457617317003
bfo-63e471a5032e0a9170e0e902cd32dee78f4accc2074436cf7ece1f4bf50a82bd,1180,17.988683733401206,17.988683733401206,11.965779188025211,11.986311675210084,0.0003074791969377175,0.1494676304908753,0.0020571624500094585
bfo-63e471a5032e0a9170e0e902cd32dee78f4accc2074436cf7ece1f4bf50a82bd,1181,17.981580779670974,17.981580779670974,11.963491205506395,11.985396482202558,0.00033910868002364316,0.15093340820740733,0.0022467436735918137
bfo-63e471a5032e0a9170e0e902cd32dee78f4accc2074436cf7ece1f4bf50a82bd,1182,18.02660583941119,18.02660583941119,11.964270975154673,11.985708390061871,0.0003348058628001899,0.1493352798992342,0.0022419743213131166
bfo-63e471a5032e0a9170e0e902cd32dee78f4accc2074436cf7ece1f4bf50a82bd,1183,1000000.0000776942,17.966421386926516,11.96378567403365,11.98551426961346,0.0003339778369697286,0.15050784704305495,0.002219006141747476
bfo-63e471a5032e0a9170e0e902cd32dee78f4accc2074436cf7ece1f4bf50a82bd,1184,17.979425738139234,17.979425738139234,11.960962077515141,11.984384831006057,0.0003519866124184954,0.15080609318901042,0.0023340344211247393
bfo-63e471a5032e0a9170e0e902cd32dee78f4accc2074436cf7ece1f4bf50a82bd,1185,17.980768378661846,17.980768378661846,11.964420209772237,11.985768083908894,0.0003305140511512478,0.1504932637235403,0.002196204952790511
bfo-63e471a5032e0a9170e0e902cd32dee78f4accc2074436cf7ece1f4bf50a82bd,1186,17.989542817991477,17.989542817991477,11.96284874678547,11.985139498714188,0.000344563919908661,0.15005490840583635,0.0022962522423908877
bfo-63e471a5032e0a9170e0e902cd32dee78f4accc2074436cf7ece1f4bf50a82bd,1187,17.981658918901907,17.981658918901907,11.963627968339855,11.985451187335944,0.00033840747436166246,0.15079586872368678,0.00224414287490693
bfo-63e471a5032e0a9170e0e902cd32dee78f4accc2074436cf7ece1f4bf50a82bd,1188,17.985300186276213,17.985300186276213,11.96105015836451,11.984420063345803,0.00035524159757332146,0.15018705417171155,0.0023653276877457587
bfo-63e471a5032e0a9170e0e902cd32dee78f4accc2074436cf7ece1f4bf50a82bd,1189,17.97448851783156,17.97448851783156,11.96330246965923,11.985320987863691,0.00033866257583773453,0.15158719736915938,0.002234110675012954
bfo-63e471a5032e0a9170e0e902cd32dee78f4accc2074436cf7ece1f4bf50a82bd,1190,1000000.0,17.989145687601724,11.962527101387478,11.98501084055499,0.0003564770502493246,0.14949260643432524,0.002384579804660315
bfo-63e471a5032e0a9170e0e902cd32dee78f4accc2074436cf7ece1f4bf50a82bd,1191,1000000.0001194311,17.978833186064644,11.962050333995215,11.984820133598085,0.00034941231907484837,0.15126836437868918,0.0023098836330385673
bfo-63e471a5032e0a9170e0e902cd32dee78f4accc2074436cf7ece1f4bf50a82bd,1192,18.054358698643302,18.054358698643302,11.964204310001003,11.9856817240004,0.00032801542068984756,0.15014751808871543,0.0021846209971718477
bfo-63e471a5032e0a9170e0e902cd32dee78f4accc2074436cf7ece1f4bf50a82bd,1193,1000000.0000468962,17.971695083252847,11.962930327471392,11.985172130988557,0.00034028395876883427,0.15160115750935538,0.0022446000041116783
bfo-63e471a5032e0a9170e0e902cd32dee78f4accc2074436cf7ece1f4bf50a82bd,1194,18.00094525929586,18.00094525929586,11.965048191690398,11.98601927667616,0.00031846193772298143,0.15190166881413075,0.002096500586261869
bfo-63e471a5032e0a9170e0e902cd32dee78f4accc2074436cf7ece1f4bf50a82bd,1195,17.97031179391793,17.97031179391793,11.96302615257317,11.985210461029268,0.00034119228354441395,0.151581607185376,0.0022508818179184133
bfo-63e471a5032e0a9170e0e902cd32dee78f4accc2074436cf7ece1f4bf50a82bd,1196,1000000.0,18.02308149403398,11.964417219456571,11.98576688778263,0.0003309378724290573,0.1448896459922725,0.0022840684726823574
bfo-63e471a5032e0a9170e0e902cd32dee78f4accc2074436cf7ece1f4bf50a82bd,1197,17.97334888828384,17.97334888828384,11.962426816442084,11.984970726576833,0.00034875888169030877,0.15201581344333387,0.002294227645075318
bfo-63e471a5032e0a9170e0e902cd32dee78f4accc2074436cf7ece1f4bf50a82bd,1198,17.977321582418483,17.977321582418483,11.961461573451041,11.984584629380418,0.00035692650560631667,0.15340959949597938,0.002326624323243026
bfo-63e471a5032e0a9170e0e902cd32dee78f4accc2074436cf7ece1f4bf50a82bd,1199,17.973939259919213,17.973939259919213,11.96371641366829,11.985486565467316,0.00033634135260561683,0.15197771381938893,0.0022130965399658965
bfo-63e471a5032e0a9170e0e902cd32dee78f4accc2074436cf7ece1f4bf50a82bd,1200,18.302495186497595,18.302495186497595,11.963010528255063,11.985204211302024,0.0003523357129660938,0.14833592532530804,0.002375255435885839
bfo-63e471a5032e0a9170e0e902cd32dee78f4accc2074436cf7ece1f4bf50a82bd,1201,17.974539137517304,17.974539137517304,11.96382158083333,11.985528632333331,0.0003353111286147204,0.15203536077771776,0.0022054811913457405
bfo-63e471a5032e0a9170e0e902cd32dee78f4accc2074436cf7ece1f4bf50a82bd,1202,18.01699480629434,18.01699480629434,11.962522451047379,11.98500898041895,0.0003446115551781991,0.15506831340062716,0.0022223209089008208
bfo-63e471a5032e0a9170e0e902cd32dee78f4accc2074436cf7ece1f4bf50a82bd,1203,1000000.0006659025,18.014723888390307,11.963719597367145,11.98548783894686,0.0003328827491820757,0.1508603285628566,0.0022065625360439185
bfo-63e471a5032e0a9170e0e902cd32dee78f4accc2074436cf7ece1f4bf50a82bd,1204,18.000906634911978,18.000906634911978,11.962682320925914,11.985072928370364,0.00034526651173725836,0.1509378851144231,0.0022874741584958504
bfo-63e471a5032e0a9170e0e902cd32dee78f4accc2074436cf7ece1f4bf50a82bd,1205,17.96727541689346,17.96727541689346,11.963797496609322,11.98551899864373,0.0003329614904725679,0.15139285115690795,0.0021993210903167213
bfo-63e471a5032e0a9170e0e902cd32dee78f4accc2074436cf7ece1f4bf50a82bd,1206,18.28132127368834,18.28132127368834,11.963052467357672,11.98522098694307,0.0003409739290793594,0.14893800723204612,0.002289368143271317
bfo-63e471a5032e0a9170e0e902cd32dee78f4accc2074436cf7ece1f4bf50a82bd,1207,17.966933146026637,17.966933146026637,11.963018896350627,11.985207558540251,0.0003392302848701396,0.15206550892112086,0.002230816753101484
bfo-63e471a5032e0a9170e0e902cd32dee78f4accc2074436cf7ece1f4bf50a82bd,1208,17.990229542415815,17.990229542415815,11.960698588361737,11.984279435344694,0.0003616445985812957,0.1573157469208399,0.0022988455107629657
bfo-63e471a5032e0a9170e0e902cd32dee78f4accc2074436cf7ece1f4bf50a82bd,1209,17.970356192303502,17.970356192303502,11.962155502198845,11.984862200879538,0.00034430951830350466,0.15169282860018804,0.002269781119389568
bfo-63e471a5032e0a9170e0e902cd32dee78f4accc2074436cf7ece1f4bf50a82bd,1210,18.134772418163216,18.134772418163216,11.963872812538478,11.98554912501539,0.0003265846065121699,0.1451247509028785,0.0022503715216071543
bfo-63e471a5032e0a9170e0e902cd32dee78f4accc2074436cf7ece1f4bf50a82bd,1211,1000000.000062043,17.994537855288254,11.962525516541783,11.985010206616712,0.0003379792186775655,0.15231259324346658,0.0022189840740044196
bfo-63e471a5032e0a9170e0e902cd32dee78f4accc2074436cf7ece1f4bf50a82bd,1212,18.144511015177017,18.144511015177017,11.952621107494465,11.981048442997787,0.0004244733389560611,0.1809147367417373,0.0023462618170349107
bfo-63e471a5032e0a9170e0e902cd32dee78f4accc2074436cf7ece1f4bf50a82bd,1213,17.97844447690562,17.97844447690562,11.962303442105366,11.984921376842147,0.00034540563839156435,0.15327650694233821,0.002253480623234088
bfo-63e471a5032e0a9170e0e902cd32dee78f4accc2074436cf7ece1f4bf50a82bd,1214,18.057992852907855,18.057992852907855,11.964418503411279,11.985767401364512,0.0003305590128284518,0.14551625276699942,0.0022716295021542564
bfo-63e471a5032e0a9170e0e902cd32dee78f4accc2074436cf7ece1f4bf50a82bd,1215,17.97085163738634,17.97085163738634,11.962092267689261,11.984836907075705,0.00034852657853707246,0.15268592986619955,0.0022826371679596827
bfo-63e471a5032e0a9170e0e902cd32dee78f4accc2074436cf7ece1f4bf50a82bd,1216,17.988113424357667,17.988113424357667,11.963018155894556,11.98520726235782,0.0003445480527687349,0.14694339143861845,0.0023447672562577292
bfo-63e471a5032e0a9170e0e902cd32dee78f4accc2074436cf7ece1f4bf50a82bd,1217,1000000.0001713169,17.967597001441803,11.961616012008076,11.984646404803229,0.000346793965439729,0.15290073539550883,0.0022680987409424546
bfo-63e471a5032e0a9170e0e902cd32dee78f4accc2074436cf7ece1f4bf50a82bd,1218,18.518537967576144,18.518537967576144,11.963110104534934,11.985244041813974,0.00033423097673720753,0.1474249472606464,0.002267126310354307
bfo-63e471a5032e0a9170e0e902cd32dee78f4accc2074436cf7ece1f4bf50a82bd,1219,17.971785503819547,17.971785503819547,11.963237200272927,11.985294880109171,0.00033806159661112483,0.15188884960872454,0.002225717012683902
bfo-63e471a5032e0a9170e0e902cd32dee78f4accc2074436cf7ece1f4bf50a82bd,1220,1000000.0,18.17832636321632,11.962707942701968,11.985083177080787,0.00034232350834184156,0.14681679127767874,0.002331637310438119
bfo-63e471a5032e0a9170e0e902cd32dee78f4accc2074436cf7ece1f4bf50a82bd,1221,17.965764609200047,17.965764609200047,11.963109001021927,11.98524360040877,0.0003383746576532126,0.15151712530511013,0.002233243648015545
bfo-63e471a5032e0a9170e0e902cd32dee78f4accc2074436cf7ece1f4bf50a82bd,1222,17.981146000850394,17.981146000850394,11.975868179747854,11.990347271899141,0.00023302325381668111,0.14940556968660054,0.0015596691228143675
bfo-63e471a5032e0a9170e0e902cd32dee78f4accc2074436cf7ece1f4bf50a82bd,1223,17.967269678474107,17.967269678474107,11.962988492269169,11.985195396907667,0.0003392962858933571,0.15130505436210634,0.002242464981251362
bfo-63e471a5032e0a9170e0e902cd32dee78f4accc2074436cf7ece1f4bf50a82bd,1224,17.991094105598197,17.991094105598197,11.96018948216997,11.984075792867989,0.00035931912655396786,0.1546199398695738,0.002323886083884546
bfo-63e471a5032e0a9170e0e902cd32dee78f4accc2074436cf7ece1f4bf50a82bd,1225,17.962341726522972,17.962341726522972,11.963147896163084,11.985259158465235,0.00033746545559770947,0.15145421679798018,0.0022281681073815433
bfo-63e471a5032e0a9170e0e902cd32dee78f4accc2074436cf7ece1f4bf50a82bd,1226,17.961352146784016,17.961352146784016,11.962904524303061,11.985161809721227,0.00034305664280873257,0.1514346792829152,0.002265377022180124
bfo-63e471a5032e0a9170e0e902cd32dee78f4accc2074436cf7ece1f4bf50a82bd,1227,17.99253600173435,17.99253600173435,11.961996219738564,11.984798487895425,0.000354299169723705,0.15077920861848412,0.00234978796460052
bfo-63e471a5032e0a9170e0e902cd32dee78f4accc2074436cf7ece1f4bf50a82bd,1228,17.956571236349255,17.956571236349255,11.962912998094005,11.985165199237601,0.0003412363986634932,0.15029784237214344,0.002270401179935626
bfo-63e471a5032e0a9170e0e902cd32dee78f4accc2074436cf7ece1f4bf50a82bd,1229,17.972707043333614,17.972707043333614,11.961955666674609,11.984782266669843,0.00035139233134632956,0.15059878678466493,0.002333301209449789
bfo-63e471a5032e0a9170e0e902cd32dee78f4accc2074436cf7ece1f4bf50a82bd,1230,17.95340430037303,17.95340430037303,11.962778263667428,11.98511130546697,0.00034168038224205086,0.15008107123416417,0.0022766387488595656
bfo-63e471a5032e0a9170e0e902cd32dee78f4accc2074436cf7ece1f4bf50a82bd,1231,18.007028425860177,18.007028425860177,11.96425914865113,11.985703659460452,0.00033445667069010514,0.1503362868935453,0.0022247235022302856
bfo-63e471a5032e0a9170e0e902cd32dee78f4accc2074436cf7ece1f4bf50a82bd,1232,17.95170844103894,17.95170844103894,11.962681766661815,11.985072706664726,0.0003418658697513098,0.14927527704736465,0.0022901707269505633
bfo-63e471a5032e0a9170e0e902cd32dee78f4accc2074436cf7ece1f4bf50a82bd,1233,17.974714790438487,17.974714790438487,11.966633594394649,11.986653437757859,0.00031988163919501663,0.14700314199999823,0.0021760190621981433
bfo-63e471a5032e0a9170e0e902cd32dee78f4accc2074436cf7ece1f4bf50a82bd,1234,17.957947650262778,17.957947650262778,11.963180821469624,11.98527232858785,0.000337746343234086,0.14812730664887,0.0022801085827794097
bfo-63e471a5032e0a9170e0e902cd32dee78f4accc2074436cf7ece1f4bf50a82bd,1235,17.95607442612261,17.95607442612261,11.961447271287415,11.984578908514964,0.00034659820889277937,0.14969614541748583,0.0023153449136993852
bfo-63e471a5032e0a9170e0e902cd32dee78f4accc2074436cf7ece1f4bf50a82bd,1236,17.95485076144627,17.95485076144627,11.962239239487682,11.984895695795071,0.00034783902987282363,0.14995904781042702,0.0023195601395959086
bfo-63e471a5032e0a9170e0e902cd32dee78f4accc2074436cf7ece1f4bf50a82bd,1237,1000000.0,17.99569521846445,11.958768250043073,11.98350730001723,0.0003770076472557505,0.1490920052750563,0.00252869123706679
bfo-63e471a5032e0a9170e0e902cd32dee78f4accc2074436cf7ece1f4bf50a82bd,1238,17.949386164135188,17.949386164135188,11.962864971278359,11.985145988511345,0.00033669381375179067,0.148950397298963,0.0022604425356180955
bfo-63e471a5032e0a9170e0e902cd32dee78f4accc2074436cf7ece1f4bf50a82bd,1239,18.0695620687684,18.0695620687684,11.962627877453032,11.985051150981214,0.0003418497051649076,0.14789826419402544,0.0023113841601037338
bfo-63e471a5032e0a9170e0e902cd32dee78f4accc2074436cf7ece1f4bf50a82bd,1240,18.016251826681053,18.016251826681053,11.963254629624455,11.985301851849782,0.00033021272342351426,0.1491032602730896,0.0022146579680331216
bfo-63e471a5032e0a9170e0e902cd32dee78f4accc2074436cf7ece1f4bf50a82bd,1241,17.961840510578234,17.961840510578234,11.962920618902146,11.985168247560857,0.0003349741088930022,0.14890914230908758,0.0022495201013091825
bfo-63e471a5032e0a9170e0e902cd32dee78f4accc2074436cf7ece1f4bf50a82bd,1242,18.054659674855312,18.054659674855312,11.963231350361538,11.985292540144615,0.0003300902269992053,0.14891046518644344,0.0022167026782564654
bfo-63e471a5032e0a9170e0e902cd32dee78f4accc2074436cf7ece1f4bf50a82bd,1243,17.966621405622078,17.966621405622078,11.962597080812314,11.985038832324925,0.00034084589169102526,0.14915768718592368,0.00228513795112795
bfo-63e471a5032e0a9170e0e902cd32dee78f4accc2074436cf7ece1f4bf50a82bd,1244,17.98487646546609,17.98487646546609,11.962483677309992,11.984993470923996,0.00034240441246880844,0.14906832211768617,0.0022969629469531943
bfo-63e471a5032e0a9170e0e902cd32dee78f4accc2074436cf7ece1f4bf50a82bd,1245,17.961304795382183,17.961304795382183,11.96263053582545,11.98505221433018,0.0003413345721881921,0.1493190183721738,0.0022859417099664056
bfo-63e471a5032e0a9170e0e902cd32dee78f4accc2074436cf7ece1f4bf50a82bd,1246,17.95313443619076,17.95313443619076,11.96271804939971,11.985087219759883,0.00033794285902981086,0.14875262266225137,0.0022718447109139265
bfo-63e471a5032e0a9170e0e902cd32dee78f4accc2074436cf7ece1f4bf50a82bd,1247,17.975689360133625,17.975689360133625,11.96265068435647,11.985060273742587,0.0003384240234551234,0.1491398943103628,0.0022691716728111453
bfo-63e471a5032e0a9170e0e902cd32dee78f4accc2074436cf7ece1f4bf50a82bd,1248,17.951990561202276,17.951990561202276,11.962655143858646,11.985062057543459,0.00033857778656130085,0.14889602051724485,0.002273920991206662
bfo-63e471a5032e0a9170e0e902cd32dee78f4accc2074436cf7ece1f4bf50a82bd,1249,17.950433180497768,17.950433180497768,11.962741199115966,11.985096479646387,0.00033779821828056647,0.14866644509187843,0.0022721887112576167
bfo-63e471a5032e0a9170e0e902cd32dee78f4accc2074436cf7ece1f4bf50a82bd,1250,17.958814922671447,17.958814922671447,11.963095308424746,11.985238123369898,0.00033191532735830746,0.14863998728598998,0.0022330150413676204
bfo-63e471a5032e0a9170e0e902cd32dee78f4accc2074436cf7ece1f4bf50a82bd,1251,17.944943139650878,17.944943139650878,11.962918586709634,11.985167434683852,0.0003381167939472631,0.14897220094891048,0.0022696636808314267
bfo-63e471a5032e0a9170e0e902cd32dee78f4accc2074436cf7ece1f4bf50a82bd,1252,17.946937996301514,17.946937996301514,11.962993288017644,11.985197315207056,0.00033739566695512106,0.1487603418739158,0.0022680484778738017
bfo-63e471a5032e0a9170e0e902cd32dee78f4accc2074436cf7ece1f4bf50a82bd,1253,17.945064745985725,17.945064745985725,11.963029569691779,11.985211827876709,0.00033805172034279547,0.14865324442774924,0.0022740958103144573
bfo-63e471a5032e0a9170e0e902cd32dee78f4accc2074436cf7ece1f4bf50a82bd,1254,17.93993420104344,17.93993420104344,11.96256415349469,11.985025661397877,0.00033536362961397617,0.14876259559672622,0.002254354518813978
bfo-63e471a5032e0a9170e0e902cd32dee78f4accc2074436cf7ece1f4bf50a82bd,1255,17.940506564728686,17.940506564728686,11.962384622012431,11.984953848804972,0.0003378428350325453,0.1484627980171722,0.002275606007327628
bfo-63e471a5032e0a9170e0e902cd32dee78f4accc2074436cf7ece1f4bf50a82bd,1256,17.938257232029315,17.938257232029315,11.9625820398712,11.985032815948479,0.0003356851814731479,0.14854151603540047,0.0022598744811056543
bfo-63e471a5032e0a9170e0e902cd32dee78f4accc2074436cf7ece1f4bf50a82bd,1257,17.94490908785434,17.94490908785434,11.962618233121738,11.985047293248694,0.00033205273872132684,0.1481625110067504,0.0022411387095498015
bfo-63e471a5032e0a9170e0e902cd32dee78f4accc2074436cf7ece1f4bf50a82bd,1258,17.934972419273894,17.934972419273894,11.962655659315514,11.985062263726205,0.00033339724196791855,0.1483916532910574,0.0022467385097057224
bfo-63e471a5032e0a9170e0e902cd32dee78f4accc2074436cf7ece1f4bf50a82bd,1259,17.937043670606375,17.937043670606375,11.962616348514924,11.985046539405971,0.0003332860548437833,0.14826384195832948,0.0022479253905848162
bfo-63e471a5032e0a9170e0e902cd32dee78f4accc2074436cf7ece1f4bf50a82bd,1260,17.93339391174137,17.93339391174137,11.96263534856975,11.985054139427898,0.00033240952114448296,0.1483890557139038,0.002240121547679185
bfo-63e471a5032e0a9170e0e902cd32dee78f4accc2074436cf7ece1f4bf50a82bd,1261,17.936367501048387,17.936367501048387,11.963373539960935,11.985349415984373,0.00032358669696418174,0.14700735954978353,0.0022011598463857873
bfo-63e471a5032e0a9170e0e902cd32dee78f4accc2074436cf7ece1f4bf50a82bd,1262,17.93767444462168,17.93767444462168,11.963155440854273,11.98526217634171,0.00032758907112112384,0.14763805198821583,0.0022188661168956046
bfo-63e471a5032e0a9170e0e902cd32dee78f4accc2074436cf7ece1f4bf50a82bd,1263,18.03324248209121,18.03324248209121,11.963187474800332,11.98527498992013,0.00031474712161374955,0.1465622985411348,0.002147531287013838
bfo-63e471a5032e0a9170e0e902cd32dee78f4accc2074436cf7ece1f4bf50a82bd,1264,17.937560357084678,17.937560357084678,11.963149243241746,11.985259697296698,0.00032800687868616153,0.14706541980886995,0.002230346733531566
bfo-63e471a5032e0a9170e0e902cd32dee78f4accc2074436cf7ece1f4bf50a82bd,1265,18.008971279370673,18.008971279370673,11.960154616489108,11.984061846595642,0.0003563263117432731,0.14983822050143492,0.002378073568618367
bfo-63e471a5032e0a9170e0e902cd32dee78f4accc2074436cf7ece1f4bf50a82bd,1266,17.939476672439678,17.939476672439678,11.96244505498662,11.984978021994648,0.00033429914414285095,0.14823658070949877,0.002255173065533544
bfo-63e471a5032e0a9170e0e902cd32dee78f4accc2074436cf7ece1f4bf50a82bd,1267,17.929896729302474,17.929896729302474,11.962945151427139,11.985178060570856,0.0003335769700809444,0.14859291522570103,0.0022449049443189605
bfo-63e471a5032e0a9170e0e902cd32dee78f4accc2074436cf7ece1f4bf50a82bd,1268,1000000.0,17.921703301483078,11.963905684158064,11.985562273663225,0.00031171280859592466,0.1486147757570442,0.00209745502765831
bfo-63e471a5032e0a9170e0e902cd32dee78f4accc2074436cf7ece1f4bf50a82bd,1269,17.936444664750315,17.936444664750315,11.963357171751596,11.985342868700638,0.0003266801951573642,0.14768757889892717,0.0022119679772185452
bfo-63e471a5032e0a9170e0e902cd32dee78f4accc2074436cf7ece1f4bf50a82bd,1270,17.922323469187944,17.922323469187944,11.966889454914602,11.98675578196584,0.00029519010254822466,0.15028629901382295,0.0019641850553593966
bfo-63e471a5032e0a9170e0e902cd32dee78f4accc2074436cf7ece1f4bf50a82bd,1271,1000000.0,17.931664739317803,11.9692708036677,11.987708321467078,0.00027681857132391143,0.15149290953690656,0.0018272708087138107
bfo-63e471a5032e0a9170e0e902cd32dee78f4accc2074436cf7ece1f4bf50a82bd,1272,17.930638808163163,17.930638808163163,11.967165354177247,11.9868661416709,0.00029227802856566544,0.14966936803106934,0.001952824632125075
bfo-63e471a5032e0a9170e0e902cd32dee78f4accc2074436cf7ece1f4bf50a82bd,1273,1000000.0,18.041179949146134,11.969042083582499,11.987616833433,0.0002696949375147236,0.14844774949282644,0.0018167667643069004
bfo-63e471a5032e0a9170e0e902cd32dee78f4accc2074436cf7ece1f4bf50a82bd,1274,17.932524358514275,17.932524358514275,11.966928347688865,11.986771339075547,0.0002939717674635939,0.14985098016261786,0.00196176072485196
bfo-63e471a5032e0a9170e0e902cd32dee78f4accc2074436cf7ece1f4bf50a82bd,1275,1000000.0,17.985286314297547,11.967939822257192,11.987175928902877,0.00027746213733905616,0.15000226904038158,0.0018497196016705692
bfo-63e471a5032e0a9170e0e902cd32dee78f4accc2074436cf7ece1f4bf50a82bd,1276,17.911611587617646,17.911611587617646,11.966637885965358,11.986655154386144,0.00029722084538944443,0.15044302756327502,0.001975637224293668
bfo-63e471a5032e0a9170e0e902cd32dee78f4accc2074436cf7ece1f4bf50a82bd,1277,1000000.0,17.93232527118808,11.966782359018827,11.98671294360753,0.00028852338542790785,0.15056771074992956,0.0019162367813847024
bfo-63e471a5032e0a9170e0e902cd32dee78f4accc2074436cf7ece1f4bf50a82bd,1278,17.909583499602647,17.909583499602647,11.965855690630846,11.986342276252339,0.0002964026407024016,0.14982364285109998,0.0019783435715615126
bfo-63e471a5032e0a9170e0e902cd32dee78f4accc2074436cf7ece1f4bf50a82bd,1279,17.943459772403244,17.943459772403244,11.965490163692369,11.986196065476948,0.000306968612513821,0.15105797862111556,0.002032124455231599
bfo-63e471a5032e0a9170e0e902cd32dee78f4accc2074436cf7ece1f4bf50a82bd,1280,17.915700130038378,17.915700130038378,11.966884144417067,11.986753657766826,0.00028241869226397823,0.14950402817020594,0.0018890373438129229
bfo-63e471a5032e0a9170e0e902cd32dee78f4accc2074436cf7ece1f4bf50a82bd,1281,17.912711488900282,17.912711488900282,11.966148478085971,11.986459391234387,0.00029335272036636663,0.15124486755441574,0.001939587935179503
bfo-63e471a5032e0a9170e0e902cd32dee78f4accc2074436cf7ece1f4bf50a82bd,1282,17.9270264067238,17.9270264067238,11.965370770043936,11.986148308017576,0.00030058875979614317,0.14909463339138795,0.0020160937584323933
bfo-63e471a5032e0a9170e0e902cd32dee78f4accc2074436cf7ece1f4bf50a82bd,1283,1000000.0,17.910324981775226,11.96442072491808,11.985768289967233,0.00031029030383184246,0.151421847570989,0.0020491779014014033
bfo-63e471a5032e0a9170e0e902cd32dee78f4accc2074436cf7ece1f4bf50a82bd,1284,17.899502786817365,17.899502786817365,11.965675381758178,11.98627015270327,0.00030236992028511675,0.1499726634102162,0.0020161669027511527
bfo-63e471a5032e0a9170e0e902cd32dee78f4accc2074436cf7ece1f4bf50a82bd,1285,17.9095174550041,17.9095174550041,11.962274461794816,11.984909784717926,0.0003303056816614963,0.1525623836258272,0.0021650532314151593
bfo-63e471a5032e0a9170e0e902cd32dee78f4accc2074436cf7ece1f4bf50a82bd,1286,17.910113507307404,17.910113507307404,11.96601382747626,11.986405530990504,0.000298702206045465,0.14911110930594404,0.0020032189917693665
bfo-63e471a5032e0a9170e0e902cd32dee78f4accc2074436cf7ece1f4bf50a82bd,1287,17.904723247419426,17.904723247419426,11.964662886314112,11.985865154525644,0.0003233052168951127,0.14953461345028768,0.002162076120272946
bfo-63e471a5032e0a9170e0e902cd32dee78f4accc2074436cf7ece1f4bf50a82bd,1288,17.919732614519074,17.919732614519074,11.966121875106802,11.98644875004272,0.00029548080960977786,0.14892040003874124,0.0019841526717152874
bfo-63e471a5032e0a9170e0e902cd32dee78f4accc2074436cf7ece1f4bf50a82bd,1289,1000000.0,17.96066514989298,11.965612173869115,11.986244869547646,0.0003000894248678593,0.147579360811591,0.002033410520397714
bfo-63e471a5032e0a9170e0e902cd32dee78f4accc2074436cf7ece1f4bf50a82bd,1290,17.90955529326203,17.90955529326203,11.965748333524841,11.986299333409939,0.00030328828673625635,0.14989167818690613,0.0020233830884065066
bfo-63e471a5032e0a9170e0e902cd32dee78f4accc2074436cf7ece1f4bf50a82bd,1291,18.171088001607366,18.171088001607366,11.966635109447669,11.986654043779067,0.00029863397190154934,0.14453932287883883,0.0020661088342850582
bfo-63e471a5032e0a9170e0e902cd32dee78f4accc2074436cf7ece1f4bf50a82bd,1292,1000000.0002317029,17.906295794391525,11.965361477165317,11.986144590866127,0.0003028974061374098,0.1491878007053436,0.002030309480435692
bfo-63e471a5032e0a9170e0e902cd32dee78f4accc2074436cf7ece1f4bf50a82bd,1293,1000000.0,17.933509400333485,11.964601283975801,11.98584051359032,0.0003087052136322941,0.14966444708662288,0.00206264894329661
bfo-63e471a5032e0a9170e0e902cd32dee78f4accc2074436cf7ece1f4bf50a82bd,1294,17.91103909493717,17.91103909493717,11.965953266065373,11.98638130642615,0.0002982441491335653,0.14965012343900874,0.0019929428875821633
bfo-63e471a5032e0a9170e0e902cd32dee78f4accc2074436cf7ece1f4bf50a82bd,1295,17.95608120059672,17.95608120059672,11.967299323818452,11.986919729527381,0.0002937901030699887,0.14375308989236313,0.0020437133093275947
bfo-63e471a5032e0a9170e0e902cd32dee78f4accc2074436cf7ece1f4bf50a82bd,1296,17.922447421999344,17.922447421999344,11.96610141457875,11.9864405658315,0.00029571402996943674,0.14914707721935563,0.0019827008043511317
bfo-63e471a5032e0a9170e0e902cd32dee78f4accc2074436cf7ece1f4bf50a82bd,1297,17.89852085386731,17.89852085386731,11.965966166258468,11.986386466503387,0.00030667332485259256,0.14904399786953593,0.0020576026491253663
bfo-63e471a5032e0a9170e0e902cd32dee78f4accc2074436cf7ece1f4bf50a82bd,1298,18.001000978766655,18.001000978766655,11.96299793531134,11.985199174124537,0.00034408198282411033,0.14946947421525797,0.002302021764849335
bfo-63e471a5032e0a9170e0e902cd32dee78f4accc2074436cf7ece1f4bf50a82bd,1299,17.9096324500886,17.9096324500886,11.965856033562622,11.98634241342505,0.0003037203606542144,0.14918046862566112,0.002035925771330968
bfo-63e471a5032e0a9170e0e902cd32dee78f4accc2074436cf7ece1f4bf50a82bd,1300,17.903610079425167,17.903610079425167,11.964011467469108,11.985604586987645,0.00032059390428519125,0.1494953791277697,0.0021445071155757143
bfo-63e471a5032e0a9170e0e902cd32dee78f4accc2074436cf7ece1f4bf50a82bd,1301,17.95296433560504,17.95296433560504,11.965700233837335,11.986280093534933,0.00030860618571341877,0.1496154997339395,0.0020626618649953487
bfo-63e471a5032e0a9170e0e902cd32dee78f4accc2074436cf7ece1f4bf50a82bd,1302,17.89351151536144,17.89351151536144,11.964660181006064,11.985864072402425,0.0003093222985955328,0.156065301939653,0.0019820055755579856
bfo-63e471a5032e0a9170e0e902cd32dee78f4accc2074436cf7ece1f4bf50a82bd,1303,17.99403361104292,17.99403361104292,11.964935929662111,11.985974371864843,0.000304538041644449,0.1509180267635315,0.002017903680397436
bfo-63e471a5032e0a9170e0e902cd32dee78f4accc2074436cf7ece1f4bf50a82bd,1304,1000000.0000231274,17.892992777633733,11.964628945395921,11.985851578158368,0.0003097737210213077,0.1562586480187701,0.001982442091679285
bfo-63e471a5032e0a9170e0e902cd32dee78f4accc2074436cf7ece1f4bf50a82bd,1305,1000000.0,17.949332346765402,11.965113448683976,11.986045379473591,0.0003050723311445019,0.15478186590217727,0.0019709823845728077
bfo-63e471a5032e0a9170e0e902cd32dee78f4accc2074436cf7ece1f4bf50a82bd,1306,17.897959081640447,17.897959081640447,11.9633891386399,11.98535565545596,0.0003239129973798632,0.1567754000069477,0.002066095812005637
bfo-63e471a5032e0a9170e0e902cd32dee78f4accc2074436cf7ece1f4bf50a82bd,1307,1000000.0,17.888136164698953,11.965240393967875,11.986096157587152,0.00030519107862448107,0.15548357129303875,0.0019628509693110255
bfo-63e471a5032e0a9170e0e902cd32dee78f4accc2074436cf7ece1f4bf50a82bd,1308,1000000.0000007766,17.899000063660097,11.964748138957232,11.985899255582892,0.00030690386544857486,0.15609292582523437,0.001966161271089199
bfo-63e471a5032e0a9170e0e902cd32dee78f4accc2074436cf7ece1f4bf50a82bd,1309,17.89741142110188,17.89741142110188,11.963564913957349,11.98542596558294,0.0003276839914621294,0.15605051430163275,0.002099858452428701
bfo-63e471a5032e0a9170e0e902cd32dee78f4accc2074436cf7ece1f4bf50a82bd,1310,1000000.0000071244,17.890780521766857,11.964592371238659,11.985836948495466,0.0003109789265586625,0.155740265750754,0.0019967792212217724
bfo-63e471a5032e0a9170e0e902cd32dee78f4accc2074436cf7ece1f4bf50a82bd,1311,1000000.0,17.920566195325378,11.965043579276188,11.986017431710476,0.00031117367039742506,0.1563541684279184,0.001990184678324587
bfo-63e471a5032e0a9170e0e902cd32dee78f4accc2074436cf7ece1f4bf50a82bd,1312,1000000.001662766,17.87930856869648,11.964644279530907,11.985857711812365,0.00031106695328063486,0.1561343580993169,0.0019923030207276062
bfo-63e471a5032e0a9170e0e902cd32dee78f4accc2074436cf7ece1f4bf50a82bd,1313,1000000.0,18.00291879761644,11.965402263050828,11.986160905220332,0.0002987054195332957,0.1540461774983227,0.001939064145467343
bfo-63e471a5032e0a9170e0e902cd32dee78f4accc2074436cf7ece1f4bf50a82bd,1314,17.90487465043492,17.90487465043492,11.963918917143507,11.985567566857405,0.00031841801692718676,0.15643482220455152,0.002035467630799163
bfo-63e471a5032e0a9170e0e902cd32dee78f4accc2074436cf7ece1f4bf50a82bd,1315,17.960689080536458,17.960689080536458,11.964919690866541,11.985967876346615,0.0003110836002142849,0.15564270773730327,0.001998703342654111
bfo-63e471a5032e0a9170e0e902cd32dee78f4accc2074436cf7ece1f4bf50a82bd,1316,17.89277424144437,17.89277424144437,11.96478731829068,11.985914927316271,0.000310436335665693,0.15562950438449133,0.0019947139001274643
bfo-63e471a5032e0a9170e0e902cd32dee78f4accc2074436cf7ece1f4bf50a82bd,1317,1000000.000085428,17.983183788433255,11.964385342470564,11.985754136988225,0.0003185521498329196,0.1547076781139815,0.002059058436635737
bfo-63e471a5032e0a9170e0e902cd32dee78f4accc2074436cf7ece1f4bf50a82bd,1318,18.020077546612395,18.020077546612395,11.963712563829679,11.985485025531874,0.00032481773051775374,0.15638032661042006,0.0020771009855155924
bfo-63e471a5032e0a9170e0e902cd32dee78f4accc2074436cf7ece1f4bf50a82bd,1319,17.970276416133114,17.970276416133114,11.965155372454953,11.986062148981981,0.00030321536284815025,0.15589366807994817,0.0019450139738366407
bfo-63e471a5032e0a9170e0e902cd32dee78f4accc2074436cf7ece1f4bf50a82bd,1320,1000000.000279916,17.88971260211079,11.965326960713718,11.986130784285487,0.0003051221597204407,0.15524296569054227,0.0019654491806647403
bfo-63e471a5032e0a9170e0e902cd32dee78f4accc2074436cf7ece1f4bf50a82bd,1321,17.907552517246952,17.907552517246952,11.966046504540355,11.986418601816144,0.000304782637503639,0.1547409103319213,0.0019696319276516867
bfo-63e471a5032e0a9170e0e902cd32dee78f4accc2074436cf7ece1f4bf50a82bd,1322,17.91989754559255,17.91989754559255,11.963473433381298,11.98538937335252,0.00032346994524174496,0.15523237863702888,0.002083778835845172
bfo-63e471a5032e0a9170e0e902cd32dee78f4accc2074436cf7ece1f4bf50a82bd,1323,17.89193750143724,17.89193750143724,11.964823668803197,11.985929467521279,0.00032004239870881226,0.15818090610937863,0.002023268209675762
bfo-63e471a5032e0a9170e0e902cd32dee78f4accc2074436cf7ece1f4bf50a82bd,1324,17.9717050287215,17.9717050287215,11.963719431605302,11.98548777264212,0.0003420197133325146,0.1560555450027896,0.002191653704624214
bfo-63e471a5032e0a9170e0e902cd32dee78f4accc2074436cf7ece1f4bf50a82bd,1325,17.886011235961412,17.886011235961412,11.964585113821752,11.9858340455287,0.0003190974970755173,0.1580916942548669,0.00201843302761425
bfo-63e471a5032e0a9170e0e902cd32dee78f4accc2074436cf7ece1f4bf50a82bd,1326,17.90283588549399,17.90283588549399,11.965346484013068,11.986138593605226,0.00031971028756932107,0.15840095868559811,0.00201836081184267
bfo-63e471a5032e0a9170e0e902cd32dee78f4accc2074436cf7ece1f4bf50a82bd,1327,17.899435487064494,17.899435487064494,11.965076470027952,11.98603058801118,0.0003176706564601297,0.1566630554530626,0.002027731781059933
bfo-63e471a5032e0a9170e0e902cd32dee78f4accc2074436cf7ece1f4bf50a82bd,1328,18.034979224844506,18.034979224844506,11.964037845023622,11.98561513800945,0.00031184961368914746,0.15563826063616995,0.0020036822077968814
bfo-63e471a5032e0a9170e0e902cd32dee78f4accc2074436cf7ece1f4bf50a82bd,1329,17.901607422201923,17.901607422201923,11.963779005033041,11.985511602013217,0.000313953890464083,0.1576639912004515,0.001991284681261982
bfo-63e471a5032e0a9170e0e902cd32dee78f4accc2074436cf7ece1f4bf50a82bd,1330,17.896256344569622,17.896256344569622,11.965120502597092,11.986048201038837,0.00030632102987545256,0.15815503819969756,0.0019368401624276447
bfo-63e471a5032e0a9170e0e902cd32dee78f4accc2074436cf7ece1f4bf50a82bd,1331,17.92639310074728,17.92639310074728,11.964793083367562,11.985917233347026,0.0003186718536091574,0.15738881586889242,0.0020247426848589833
bfo-63e471a5032e0a9170e0e902cd32dee78f4accc2074436cf7ece1f4bf50a82bd,1332,17.907423406723996,17.907423406723996,11.96279701940603,11.98511880776241,0.00033145552281788624,0.15699613476586582,0.002111233651148152
bfo-63e471a5032e0a9170e0e902cd32dee78f4accc2074436cf7ece1f4bf50a82bd,1333,17.87972983324969,17.87972983324969,11.96411014832155,11.98564405932862,0.00032325018829275804,0.15873579037291502,0.002036403935957684
bfo-63e471a5032e0a9170e0e902cd32dee78f4accc2074436cf7ece1f4bf50a82bd,1334,17.903245576533475,17.903245576533475,11.96439097077196,11.985756388308785,0.00032496420303910936,0.15915132439127583,0.002041856731522888
bfo-63e471a5032e0a9170e0e902cd32dee78f4accc2074436cf7ece1f4bf50a82bd,1335,17.878414482554252,17.878414482554252,11.963994335554494,11.985597734221798,0.00031454143987443456,0.15941858870447925,0.0019730537224709275
bfo-63e471a5032e0a9170e0e902cd32dee78f4accc2074436cf7ece1f4bf50a82bd,1336,17.87531993529316,17.87531993529316,11.964135286016297,11.985654114406518,0.00031695996905184854,0.1607203888586703,0.001972120471476508
bfo-63e471a5032e0a9170e0e902cd32dee78f4accc2074436cf7ece1f4bf50a82bd,1337,17.875210050245464,17.875210050245464,11.96427529873914,11.985710119495657,0.00031880295050348774,0.1622318588705036,0.001965106932282407
bfo-63e471a5032e0a9170e0e902cd32dee78f4accc2074436cf7ece1f4bf50a82bd,1338,17.88263094306908,17.88263094306908,11.964213895882535,11.985685558353014,0.0003188423918225652,0.1638864089206501,0.001945508440403628
bfo-63e471a5032e0a9170e0e902cd32dee78f4accc2074436cf7ece1f4bf50a82bd,1339,17.881706719756075,17.881706719756075,11.964663924289983,11.985865569715994,0.0003223926179912985,0.1642081780903487,0.0019633164543967803
bfo-63e471a5032e0a9170e0e902cd32dee78f4accc2074436cf7ece1f4bf50a82bd,1340,17.88480794657088,17.88480794657088,11.964859793653046,11.985943917461217,0.0003227469516506019,0.1645918697987584,0.0019608924307453037
bfo-63e471a5032e0a9170e0e902cd32dee78f4accc2074436cf7ece1f4bf50a82bd,1341,17.886143431052417,17.886143431052417,11.964242081550204,11.985696832620082,0.0003180340161484325,0.1640628562175046,0.0019384888419033876
bfo-63e471a5032e0a9170e0e902cd32dee78f4accc2074436cf7ece1f4bf50a82bd,1342,17.927903284165794,17.927903284165794,11.963498979080613,11.985399591632246,0.000328325209512167,0.16563965393199492,0.0019821655124138593
bfo-63e471a5032e0a9170e0e902cd32dee78f4accc2074436cf7ece1f4bf50a82bd,1343,17.884477816799816,17.884477816799816,11.963702809931865,11.985481123972747,0.0003271480715539056,0.16040325563149868,0.002039535109595761
bfo-63e471a5032e0a9170e0e902cd32dee78f4accc2074436cf7ece1f4bf50a82bd,1344,17.873806093791426,17.873806093791426,11.964667824353313,11.985867129741326,0.0003138761910378868,0.1607412798165454,0.0019526794324153372
bfo-63e471a5032e0a9170e0e902cd32dee78f4accc2074436cf7ece1f4bf50a82bd,1345,17.890473841715046,17.890473841715046,11.965456612125621,11.986182644850247,0.00030524654558308366,0.15925096024643556,0.001916764238725624
bfo-63e471a5032e0a9170e0e902cd32dee78f4accc2074436cf7ece1f4bf50a82bd,1346,17.88110161533031,17.88110161533031,11.964587926274765,11.985835170509905,0.00031458458521544356,0.15946634324625472,0.001972733423313336
bfo-63e471a5032e0a9170e0e902cd32dee78f4accc2074436cf7ece1f4bf50a82bd,1347,17.888560884086203,17.888560884086203,11.964281436883264,11.985712574753304,0.0003155029817331387,0.16053990828726275,0.0019652620030689944
bfo-63e471a5032e0a9170e0e902cd32dee78f4accc2074436cf7ece1f4bf50a82bd,1348,17.881151102696204,17.881151102696204,11.96460032545987,11.985840130183949,0.0003165320482727849,0.15905440491265382,0.0019900866527186806
bfo-63e471a5032e0a9170e0e902cd32dee78f4accc2074436cf7ece1f4bf50a82bd,1349,17.88232942524592,17.88232942524592,11.964704346455132,11.985881738582052,0.0003142226333757976,0.1591713761450255,0.0019741152020291675
bfo-63e471a5032e0a9170e0e902cd32dee78f4accc2074436cf7ece1f4bf50a82bd,1350,17.885933582020073,17.885933582020073,11.964451096802257,11.985780438720903,0.0003143849934524624,0.1603036725300882,0.0019611839734579623
bfo-63e471a5032e0a9170e0e902cd32dee78f4accc2074436cf7ece1f4bf50a82bd,1351,17.883361288014818,17.883361288014818,11.96448081682915,11.98579232673166,0.0003148361875452377,0.1601609726615517,0.0019657484736343473
bfo-63e471a5032e0a9170e0e902cd32dee78f4accc2074436cf7ece1f4bf50a82bd,1352,17.886686734596587,17.886686734596587,11.964849942060962,11.985939976824385,0.0003094654461639772,0.15872066026560097,0.001949748984449296
bfo-63e471a5032e0a9170e0e902cd32dee78f4accc2074436cf7ece1f4bf50a82bd,1353,1000000.0,18.03134336538487,11.964293432757735,11.985717373103093,0.00031535988059379355,0.15189584087854596,0.0020761587596460356
bfo-63e471a5032e0a9170e0e902cd32dee78f4accc2074436cf7ece1f4bf50a82bd,1354,17.872183800195657,17.872183800195657,11.964930710122811,11.985972284049126,0.00031029989178208746,0.16002624825468206,0.001939056218378904
bfo-63e471a5032e0a9170e0e902cd32dee78f4accc2074436cf7ece1f4bf50a82bd,1355,17.917870978151264,17.917870978151264,11.964462496534983,11.985784998613994,0.00032774174379101396,0.1624623869908806,0.0020173392122412367
bfo-63e471a5032e0a9170e0e902cd32dee78f4accc2074436cf7ece1f4bf50a82bd,1356,17.885062456828106,17.885062456828106,11.965197703372935,11.986079081349175,0.00030555488227624407,0.15907202822573138,0.0019208586555685705
bfo-63e471a5032e0a9170e0e902cd32dee78f4accc2074436cf7ece1f4bf50a82bd,1357,17.90440180330467,17.90440180330467,11.964127844024022,11.985651137609608,0.00031825095889328613,0.16132971330388637,0.0019726741737513495
bfo-63e471a5032e0a9170e0e902cd32dee78f4accc2074436cf7ece1f4bf50a82bd,1358,17.869107347972815,17.869107347972815,11.964961276423384,11.985984510569354,0.0003087709280444202,0.15987527033785467,0.001931323883874682
bfo-63e471a5032e0a9170e0e902cd32dee78f4accc2074436cf7ece1f4bf50a82bd,1359,17.97156867402523,17.97156867402523,11.96456870249881,11.985827480999523,0.0003138278015400005,0.1601930060357977,0.001959060568910672
bfo-63e471a5032e0a9170e0e902cd32dee78f4accc2074436cf7ece1f4bf50a82bd,1360,17.868215990706513,17.868215990706513,11.965250564235143,11.986100225694058,0.0003076054374293815,0.1593497895851291,0.0019303786859727861
bfo-63e471a5032e0a9170e0e902cd32dee78f4accc2074436cf7ece1f4bf50a82bd,1361,17.94820771602162,17.94820771602162,11.964777321436788,11.985910928574715,0.0003049022852392537,0.15779998268108908,0.0019322073428579248
bfo-63e471a5032e0a9170e0e902cd32dee78f4accc2074436cf7ece1f4bf50a82bd,1362,17.861400053410236,17.861400053410236,11.964786341016726,11.985914536406689,0.0003085609535371521,0.15853959610930396,0.0019462705917606667
bfo-63e471a5032e0a9170e0e902cd32dee78f4accc2074436cf7ece1f4bf50a82bd,1363,17.896658817067745,17.896658817067745,11.962526410966847,11.985010564386739,0.00033494163566996193,0.1606526842463468,0.0020848804191553895
bfo-63e471a5032e0a9170e0e902cd32dee78f4accc2074436cf7ece1f4bf50a82bd,1364,17.86798338400247,17.86798338400247,11.965530984980326,11.986212393992131,0.00030294650148572064,0.15862703750893803,0.0019098036894791707
bfo-63e471a5032e0a9170e0e902cd32dee78f4accc2074436cf7ece1f4bf50a82bd,1365,17.900524667918972,17.900524667918972,11.963711628529966,11.985484651411987,0.00030497833358630806,0.15470444866022426,0.0019713611096997524
bfo-63e471a5032e0a9170e0e902cd32dee78f4accc2074436cf7ece1f4bf50a82bd,1366,17.86411947976821,17.86411947976821,11.964987411129307,11.985994964451722,0.00030449398738947414,0.15764252065564952,0.0019315473142845984
bfo-63e471a5032e0a9170e0e902cd32dee78f4accc2074436cf7ece1f4bf50a82bd,1367,17.87443172941343,17.87443172941343,11.965616039525004,11.986246415810003,0.00030247184080960224,0.15774359422941522,0.0019174904837638018
bfo-63e471a5032e0a9170e0e902cd32dee78f4accc2074436cf7ece1f4bf50a82bd,1368,17.887041012733587,17.887041012733587,11.964100825057612,11.985640330023044,0.0003082602205938793,0.15783912736524985,0.0019530025649504854
bfo-63e471a5032e0a9170e0e902cd32dee78f4accc2074436cf7ece1f4bf50a82bd,1369,1000000.0,17.894051029346247,11.966924743978735,11.986769897591493,0.0002913143007497181,0.15675900631181253,0.0018583576638031174
bfo-63e471a5032e0a9170e0e902cd32dee78f4accc2074436cf7ece1f4bf50a82bd,1370,17.874130188616608,17.874130188616608,11.964036359680863,11.985614543872344,0.0003137544647018307,0.15899563584693596,0.001973352683742087
bfo-63e471a5032e0a9170e0e902cd32dee78f4accc2074436cf7ece1f4bf50a82bd,1371,17.8815074202022,17.8815074202022,11.96441090319819,11.985764361279275,0.0003136275149156164,0.15698592669643704,0.0019978065646742748
bfo-63e471a5032e0a9170e0e902cd32dee78f4accc2074436cf7ece1f4bf50a82bd,1372,17.863447204614072,17.863447204614072,11.964642916382866,11.985857166553146,0.00031104636134491394,0.15860551566264092,0.001961132058020729
bfo-63e471a5032e0a9170e0e902cd32dee78f4accc2074436cf7ece1f4bf50a82bd,1373,17.898672330142052,17.898672330142052,11.962720481848978,11.98508819273959,0.00032684442843036027,0.15912423789254726,0.002054020385323513
bfo-63e471a5032e0a9170e0e902cd32dee78f4accc2074436cf7ece1f4bf50a82bd,1374,17.853375548245324,17.853375548245324,11.964581758275358,11.985832703310145,0.0003144328990137907,0.15982514098527842,0.001967355680560628
bfo-63e471a5032e0a9170e0e902cd32dee78f4accc2074436cf7ece1f4bf50a82bd,1375,17.95449464305476,17.95449464305476,11.9648236170292,11.98592944681168,0.00030835983256385387,0.15715521292553947,0.001962135565365913
bfo-63e471a5032e0a9170e0e902cd32dee78f4accc2074436cf7ece1f4bf50a82bd,1376,17.871193933820823,17.871193933820823,11.965026160157906,11.986010464063163,0.0003151068891891203,0.15970855117266275,0.0019730120076567135
bfo-63e471a5032e0a9170e0e902cd32dee78f4accc2074436cf7ece1f4bf50a82bd,1377,18.0740392448588,18.0740392448588,11.96296497144552,11.98518598857821,0.000336928654410984,0.1565408872102478,0.002152336430535621
bfo-63e471a5032e0a9170e0e902cd32dee78f4accc2074436cf7ece1f4bf50a82bd,1378,17.863502324114116,17.863502324114116,11.963503635738459,11.985401454295383,0.00032677706356602017,0.16016079985212162,0.0020403061415011498
bfo-63e471a5032e0a9170e0e902cd32dee78f4accc2074436cf7ece1f4bf50a82bd,1379,1000000.0,18.039843866963334,11.961866485113045,11.984746594045218,0.0003341966778694644,0.1621829591559566,0.002060615243480037
bfo-63e471a5032e0a9170e0e902cd32dee78f4accc2074436cf7ece1f4bf50a82bd,1380,17.870400565953698,17.870400565953698,11.96419932905374,11.985679731621495,0.00031543554407047355,0.1597803314496341,0.0019741825618249205
bfo-63e471a5032e0a9170e0e902cd32dee78f4accc2074436cf7ece1f4bf50a82bd,1381,17.882116381685783,17.882116381685783,11.96482645270048,11.985930581080192,0.0003152497059339038,0.15967209563697285,0.00197435691362534
bfo-63e471a5032e0a9170e0e902cd32dee78f4accc2074436cf7ece1f4bf50a82bd,1382,17.855273790975566,17.855273790975566,11.965083413600333,11.986033365440132,0.0003095476947069301,0.15950520516176842,0.0019406745654036194
bfo-63e471a5032e0a9170e0e902cd32dee78f4accc2074436cf7ece1f4bf50a82bd,1383,17.852495739614525,17.852495739614525,11.963903788502774,11.985561515401109,0.0003205938544758792,0.15989724674562725,0.0020049992166900556
bfo-63e471a5032e0a9170e0e902cd32dee78f4accc2074436cf7ece1f4bf50a82bd,1384,17.938321438039967,17.938321438039967,11.966302045369599,11.98652081814784,0.0003156874295329939,0.1608208685762174,0.0019629755287845683
bfo-63e471a5032e0a9170e0e902cd32dee78f4accc2074436cf7ece1f4bf50a82bd,1385,17.867304710591206,17.867304710591206,11.963833566547843,11.985533426619137,0.0003194842020045858,0.15988959980499282,0.001998154991908419
bfo-63e471a5032e0a9170e0e902cd32dee78f4accc2074436cf7ece1f4bf50a82bd,1386,17.91914211253566,17.91914211253566,11.966682774435986,11.986673109774394,0.00030025184877648033,0.15906876347566398,0.001887560085436988
bfo-63e471a5032e0a9170e0e902cd32dee78f4accc2074436cf7ece1f4bf50a82bd,1387,17.86027446249304,17.86027446249304,11.963373405198533,11.985349362079415,0.00032821044915174764,0.16003738140470936,0.002050836162594757
bfo-63e471a5032e0a9170e0e902cd32dee78f4accc2074436cf7ece1f4bf50a82bd,1388,17.85545552965911,17.85545552965911,11.966411541395072,11.986564616558027,0.0002999523611530164,0.1607049978969209,0.0018664781125563455
bfo-63e471a5032e0a9170e0e902cd32dee78f4accc2074436cf7ece1f4bf50a82bd,1389,17.911291989900636,17.911291989900636,11.963588835684549,11.985435534273819,0.0003190523557793764,0.15878885908004642,0.002009286782635929
bfo-63e471a5032e0a9170e0e902cd32dee78f4accc2074436cf7ece1f4bf50a82bd,1390,17.85651458158385,17.85651458158385,11.963836638473762,11.985534655389504,0.00032004399817208605,0.1609429438380214,0.0019885556367987747
bfo-63e471a5032e0a9170e0e902cd32dee78f4accc2074436cf7ece1f4bf50a82bd,1391,17.85613921255402,17.85613921255402,11.963417668751088,11.985367067500436,0.00032569561203861405,0.15981012668873945,0.0020380161056562335
bfo-63e471a5032e0a9170e0e902cd32dee78f4accc2074436cf7ece1f4bf50a82bd,1392,1000000.0,17.834377481556647,11.9642999963709,11.98571999854836,0.0003135529470172888,0.16035196424981174,0.0019554044659459598
bfo-63e471a5032e0a9170e0e902cd32dee78f4accc2074436cf7ece1f4bf50a82bd,1393,17.859744330193728,17.859744330193728,11.963280888168931,11.985312355267572,0.0003270835040488442,0.15975144919929835,0.0020474525000445556
bfo-63e471a5032e0a9170e0e902cd32dee78f4accc2074436cf7ece1f4bf50a82bd,1394,17.848004677644298,17.848004677644298,11.96390160640748,11.985560642562993,0.0003163165553736443,0.1614904713167689,0.0019587320093529164
bfo-63e471a5032e0a9170e0e902cd32dee78f4accc2074436cf7ece1f4bf50a82bd,1395,17.85867062748624,17.85867062748624,11.963524889660238,11.985409955864094,0.000318595787174221,0.1623219698213004,0.0019627397790019543
bfo-63e471a5032e0a9170e0e902cd32dee78f4accc2074436cf7ece1f4bf50a82bd,1396,17.856763148597864,17.856763148597864,11.962971102955734,11.985188441182293,0.00032625689779106217,0.16132019827340716,0.0020224181552152484
bfo-63e471a5032e0a9170e0e902cd32dee78f4accc2074436cf7ece1f4bf50a82bd,1397,17.906330468328047,17.906330468328047,11.962959449579907,11.985183779831965,0.0003248374994968833,0.1603283010475098,0.002026077101637999
bfo-63e471a5032e0a9170e0e902cd32dee78f4accc2074436cf7ece1f4bf50a82bd,1398,17.850697069713437,17.850697069713437,11.963865536034568,11.985546214413827,0.0003169637945714726,0.1614449877215413,0.001963292877931699
bfo-63e471a5032e0a9170e0e902cd32dee78f4accc2074436cf7ece1f4bf50a82bd,1399,17.84085295964584,17.84085295964584,11.96443674444666,11.985774697778664,0.00031190683979851857,0.1620791924009465,0.0019244101304930804
bfo-63e471a5032e0a9170e0e902cd32dee78f4accc2074436cf7ece1f4bf50a82bd,1400,17.87995368902717,17.87995368902717,11.964424134681952,11.985769653872781,0.00031688630763851064,0.16394158109737825,0.0019329221148006745
bfo-63e471a5032e0a9170e0e902cd32dee78f4accc2074436cf7ece1f4bf50a82bd,1401,17.848884674247657,17.848884674247657,11.964739295080326,11.985895718032133,0.00030926342679387156,0.16239952157377865,0.0019043370559030381
bfo-63e471a5032e0a9170e0e902cd32dee78f4accc2074436cf7ece1f4bf50a82bd,1402,1000000.0,18.074009280406738,11.965001124430946,11.986000449772378,0.000307173129537655,0.16103329298791202,0.0019075131846227164
bfo-63e471a5032e0a9170e0e902cd32dee78f4accc2074436cf7ece1f4bf50a82bd,1403,17.838355226959074,17.838355226959074,11.964279868794378,11.98571194751775,0.0003120383269631897,0.16210494381672708,0.001924915549250457
bfo-63e471a5032e0a9170e0e902cd32dee78f4accc2074436cf7ece1f4bf50a82bd,1404,1000000.0,17.92365763185186,11.964054691271762,11.985621876508706,0.00031531565577510575,0.15341470823742678,0.0020553156825558
bfo-63e471a5032e0a9170e0e902cd32dee78f4accc2074436cf7ece1f4bf50a82bd,1405,17.839637551278734,17.839637551278734,11.964371921645553,11.985748768658222,0.0003109491964017696,0.16218069538208196,0.001917300919626738
bfo-63e471a5032e0a9170e0e902cd32dee78f4accc2074436cf7ece1f4bf50a82bd,1406,1000000.0,17.88097966378953,11.96450757145453,11.985803028581811,0.0003081757625428412,0.16270411183719105,0.001894087119637244
bfo-63e471a5032e0a9170e0e902cd32dee78f4accc2074436cf7ece1f4bf50a82bd,1407,17.849243941301424,17.849243941301424,11.96444149612094,11.985776598448375,0.00031803757624696374,0.16300351901108345,0.0019511086519876833
bfo-63e471a5032e0a9170e0e902cd32dee78f4accc2074436cf7ece1f4bf50a82bd,1408,1000000.0,17.903697588339977,11.96425154665843,11.98570061866337,0.00030218077827665285,0.15890893322163094,0.0019015971736164139
bfo-63e471a5032e0a9170e0e902cd32dee78f4accc2074436cf7ece1f4bf50a82bd,1409,17.83621365438937,17.83621365438937,11.964210515727101,11.98568420629084,0.0003137429962952225,0.1620237195085794,0.0019364016407400725
bfo-63e471a5032e0a9170e0e902cd32dee78f4accc2074436cf7ece1f4bf50a82bd,1410,1000000.0,17.846018587277488,11.96404803686686,11.985619214746745,0.0003159978379872293,0.16350632555015135,0.0019326337187505636
bfo-63e471a5032e0a9170e0e902cd32dee78f4accc2074436cf7ece1f4bf50a82bd,1411,17.838143914428098,17.838143914428098,11.964307094601002,11.9857228378404,0.0003118629194141968,0.16206532912464547,0.0019243037428094262
bfo-63e471a5032e0a9170e0e902cd32dee78f4accc2074436cf7ece1f4bf50a82bd,1412,1000000.0,17.921123310086646,11.967010473081192,11.986804189232474,0.00029719821747934696,0.15989034480033093,0.0018587627530010295
bfo-63e471a5032e0a9170e0e902cd32dee78f4accc2074436cf7ece1f4bf50a82bd,1413,17.83484563596284,17.83484563596284,11.964217568458556,11.985687027383424,0.0003126908563437338,0.16192967549170634,0.0019310287345061042
bfo-63e471a5032e0a9170e0e902cd32dee78f4accc2074436cf7ece1f4bf50a82bd,1414,17.88602365959348,17.88602365959348,11.96201984628496,11.984807938513983,0.00032972137393687137,0.16754916019679378,0.0019679082458521385
bfo-63e471a5032e0a9170e0e902cd32dee78f4accc2074436cf7ece1f4bf50a82bd,1415,17.83303624153661,17.83303624153661,11.96420279414892,11.985681117659567,0.00031221454070091796,0.1618597062897308,0.001928920716945144
bfo-63e471a5032e0a9170e0e902cd32dee78f4accc2074436cf7ece1f4bf50a82bd,1416,1000000.0,17.83094204192013,11.962731814806125,11.98509272592245,0.00033621910552263296,0.16333861726106205,0.002058417728523183
bfo-63e471a5032e0a9170e0e902cd32dee78f4accc2074436cf7ece1f4bf50a82bd,1417,17.83095668734676,17.83095668734676,11.964544662873424,11.98581786514937,0.0003074179437275915,0.16167277599470042,0.0019014824347277153
bfo-63e471a5032e0a9170e0e902cd32dee78f4accc2074436cf7ece1f4bf50a82bd,1418,1000000.0,17.972566944181636,11.965322931447934,11.986129172579174,0.00029452506513062574,0.15965135885233991,0.0018448014927516482
bfo-63e471a5032e0a9170e0e902cd32dee78f4accc2074436cf7ece1f4bf50a82bd,1419,17.8301602182569,17.8301602182569,11.964785929982588,11.985914371993037,0.0003047173735517335,0.16139884690808806,0.0018879773888673516
bfo-63e471a5032e0a9170e0e902cd32dee78f4accc2074436cf7ece1f4bf50a82bd,1420,1000000.0,17.81087489700367,11.963160929608975,11.98526437184359,0.0003235037941598321,0.1609457558770926,0.0020100175515462373
bfo-63e471a5032e0a9170e0e902cd32dee78f4accc2074436cf7ece1f4bf50a82bd,1421,17.83681080118152,17.83681080118152,11.964481634578323,11.98579265383133,0.0003076767817258105,0.16150128134525316,0.0019051042763435866
bfo-63e471a5032e0a9170e0e902cd32dee78f4accc2074436cf7ece1f4bf50a82bd,1422,17.874799192367515,17.874799192367515,11.964993595136459,11.985997438054582,0.0003095348960086466,0.16100698315283196,0.0019224936083351624
bfo-63e471a5032e0a9170e0e902cd32dee78f4accc2074436cf7ece1f4bf50a82bd,1423,17.834377217482732,17.834377217482732,11.964643883202358,11.985857553280942,0.00030606130762702243,0.161724882531685,0.0018924812486233167
bfo-63e471a5032e0a9170e0e902cd32dee78f4accc2074436cf7ece1f4bf50a82bd,1424,17.834880256304327,17.834880256304327,11.965755867941729,11.986302347176691,0.00029567133872464117,0.1620951727992907,0.0018240601099870322
bfo-63e471a5032e0a9170e0e902cd32dee78f4accc2074436cf7ece1f4bf50a82bd,1425,17.835450908100057,17.835450908100057,11.964497194354381,11.985798877741752,0.0003078095956990043,0.1615526788825427,0.0019053202820783807
bfo-63e471a5032e0a9170e0e902cd32dee78f4accc2074436cf7ece1f4bf50a82bd,1426,17.966418197794972,17.966418197794972,11.965356351966838,11.986142540786735,0.00029899324265019,0.16229243989690167,0.001842311587897312
bfo-63e471a5032e0a9170e0e902cd32dee78f4accc2074436cf7ece1f4bf50a82bd,1427,17.833795917298573,17.833795917298573,11.964597142999366,11.985838857199747,0.0003066331468974145,0.16180919425579743,0.0018950291935368696
bfo-63e471a5032e0a9170e0e902cd32dee78f4accc2074436cf7ece1f4bf50a82bd,1428,1000000.0,17.866841443982757,11.965193285643224,11.986077314257289,0.00030036969297744093,0.15990835242717175,0.0018783865158903475
bfo-63e471a5032e0a9170e0e902cd32dee78f4accc2074436cf7ece1f4bf50a82bd,1429,17.831486158126925,17.831486158126925,11.964589114608028,11.98583564584321,0.0003068715030872549,0.16180624718080516,0.001896536805184977
bfo-63e471a5032e0a9170e0e902cd32dee78f4accc2074436cf7ece1f4bf50a82bd,1430,17.826661771912264,17.826661771912264,11.964498150422886,11.985799260169152,0.0003072033908922459,0.16410041262759537,0.0018720452067930154
bfo-63e471a5032e0a9170e0e902cd32dee78f4accc2074436cf7ece1f4bf50a82bd,1431,17.83931525181237,17.83931525181237,11.963449288358476,11.98537971534339,0.0003195486783959159,0.1664069590522968,0.001920284345172675
bfo-63e471a5032e0a9170e0e902cd32dee78f4accc2074436cf7ece1f4bf50a82bd,1432,1000000.0000063726,17.82587493080667,11.964397293379246,11.985758917351697,0.00030925653180293014,0.16424996960495075,0.0018828407246999493
bfo-63e471a5032e0a9170e0e902cd32dee78f4accc2074436cf7ece1f4bf50a82bd,1433,17.841940462631115,17.841940462631115,11.967187346449617,11.986874938579845,0.00028558093812376174,0.16372922080547583,0.0017442270641662434
bfo-63e471a5032e0a9170e0e902cd32dee78f4accc2074436cf7ece1f4bf50a82bd,1434,1000000.0000059719,17.827865928283043,11.96438111480885,11.98575244592354,0.0003095090509746903,0.1641491634844972,0.0018855353533612212
bfo-63e471a5032e0a9170e0e902cd32dee78f4accc2074436cf7ece1f4bf50a82bd,1435,17.949303305493107,17.949303305493107,11.964104451926787,11.985641780770713,0.00031036327476104093,0.15783157930466069,0.0019664206372917922
bfo-63e471a5032e0a9170e0e902cd32dee78f4accc2074436cf7ece1f4bf50a82bd,1436,1000000.0000061989,17.829426670916526,11.964258865427405,11.985703546170962,0.000310842438844107,0.1643119388951759,0.001891782428800937
bfo-63e471a5032e0a9170e0e902cd32dee78f4accc2074436cf7ece1f4bf50a82bd,1437,17.946555790898415,17.946555790898415,11.964604888642178,11.985841955456872,0.0002930680518772441,0.1621562876081129,0.0018073184592478392
bfo-63e471a5032e0a9170e0e902cd32dee78f4accc2074436cf7ece1f4bf50a82bd,1438,1000000.0000011486,17.833763728897246,11.965217115795888,11.986086846318353,0.00029950432425715284,0.1632594315205578,0.0018345299960170383
bfo-63e471a5032e0a9170e0e902cd32dee78f4accc2074436cf7ece1f4bf50a82bd,1439,1000000.0,17.819580949569716,11.96333797973602,11.985335191894407,0.00032687136992689907,0.1669105347970047,0.0019583627260222817
bfo-63e471a5032e0a9170e0e902cd32dee78f4accc2074436cf7ece1f4bf50a82bd,1440,1000000.0000013732,17.829140306605396,11.964508971129733,11.985803588451896,0.0003062259104304846,0.16426828565848844,0.0018641815686025005
bfo-63e471a5032e0a9170e0e902cd32dee78f4accc2074436cf7ece1f4bf50a82bd,1441,1000000.0,17.923725118946365,11.965691634930772,11.98627665397231,0.00028839710398555836,0.16294587683731132,0.0017698950693517716
bfo-63e471a5032e0a9170e0e902cd32dee78f4accc2074436cf7ece1f4bf50a82bd,1442,1000000.000000632,17.836107798896183,11.964658387963963,11.985863355185586,0.0003064300235455251,0.16376912377496383,0.0018711098678563642
bfo-63e471a5032e0a9170e0e902cd32dee78f4accc2074436cf7ece1f4bf50a82bd,1443,17.833698771334593,17.833698771334593,11.964820077012606,11.985928030805042,0.0003057355919873464,0.1632054416760691,0.0018733173897116239
bfo-63e471a5032e0a9170e0e902cd32dee78f4accc2074436cf7ece1f4bf50a82bd,1444,1000000.0000026427,17.826790834643088,11.964747341014354,11.985898936405741,0.00030359797350417323,0.1634964468413983,0.0018569086935490537
bfo-63e471a5032e0a9170e0e902cd32dee78f4accc2074436cf7ece1f4bf50a82bd,1445,1000000.0,17.865157302810463,11.963742452773513,11.985496981109405,0.0003153668231656599,0.16288301067253372,0.0019361554152488348
bfo-63e471a5032e0a9170e0e902cd32dee78f4accc2074436cf7ece1f4bf50a82bd,1446,1000000.0000022975,17.831255228906606,11.964580767154658,11.985832306861864,0.00030493663689388085,0.16430197994761087,0.0018559522958342474
bfo-63e471a5032e0a9170e0e902cd32dee78f4accc2074436cf7ece1f4bf50a82bd,1447,17.84298778759653,17.84298778759653,11.963655404512865,11.985462161805145,0.0003167910685144581,0.16478972232689335,0.0019223957904731441
bfo-63e471a5032e0a9170e0e902cd32dee78f4accc2074436cf7ece1f4bf50a82bd,1448,1000000.0000123198,17.821168732211802,11.964351182341261,11.985740472936504,0.0003105215938592775,0.16359901392067733,0.0018980651925557272
bfo-63e471a5032e0a9170e0e902cd32dee78f4accc2074436cf7ece1f4bf50a82bd,1449,1000000.0,17.845090806026963,11.965714855072887,11.986285942029157,0.000295230912740794,0.16307994240109835,0.001810344720472538
bfo-63e471a5032e0a9170e0e902cd32dee78f4accc2074436cf7ece1f4bf50a82bd,1450,1000000.0000074016,17.83389077974183,11.964497973784498,11.985799189513797,0.000309917394266465,0.16381876526476455,0.0018918308520124375
bfo-63e471a5032e0a9170e0e902cd32dee78f4accc2074436cf7ece1f4bf50a82bd,1451,17.811282527051606,17.811282527051606,11.96326255035171,11.985305020140684,0.0003211728167574387,0.16461723344485613,0.0019510279090252476
bfo-63e471a5032e0a9170e0e902cd32dee78f4accc2074436cf7ece1f4bf50a82bd,1452,1000000.0,17.835765859557124,11.963030143385259,11.985212057354103,0.00032327514464113076,0.16252756032447285,0.0019890481589444806
bfo-63e471a5032e0a9170e0e902cd32dee78f4accc2074436cf7ece1f4bf50a82bd,1453,17.80959159855139,17.80959159855139,11.962845504494654,11.985138201797861,0.0003213700538131529,0.1640477687113055,0.001959002894935476
bfo-63e471a5032e0a9170e0e902cd32dee78f4accc2074436cf7ece1f4bf50a82bd,1454,1000000.0,17.850637937725637,11.963690366518694,11.985476146607477,0.00030994514498989005,0.16254659399782356,0.0019068079949681389
bfo-63e471a5032e0a9170e0e902cd32dee78f4accc2074436cf7ece1f4bf50a82bd,1455,17.813700790959043,17.813700790959043,11.963931615368688,11.985572646147475,0.00031010490791059985,0.1626819111022161,0.0019062039891807952
bfo-63e471a5032e0a9170e0e902cd32dee78f4accc2074436cf7ece1f4bf50a82bd,1456,1000000.0,17.85688247542766,11.962538210794431,11.985015284317772,0.0003256032688308098,0.162024257330375,0.0020095958111191314
bfo-63e471a5032e0a9170e0e902cd32dee78f4accc2074436cf7ece1f4bf50a82bd,1457,1000000.0000890883,17.852322524332667,11.962625457214578,11.985050182885832,0.0003348337596334032,0.16414078909019994,0.002039918057475663
bfo-63e471a5032e0a9170e0e902cd32dee78f4accc2074436cf7ece1f4bf50a82bd,1458,1000000.0,17.873103979760142,11.963123178159893,11.985249271263957,0.00031270715586191405,0.16531112877709334,0.0018916279755343667
bfo-63e471a5032e0a9170e0e902cd32dee78f4accc2074436cf7ece1f4bf50a82bd,1459,17.81006425818785,17.81006425818785,11.962573388357404,11.985029355342961,0.0003239293075282224,0.16376504702617375,0.0019780124844128084
bfo-63e471a5032e0a9170e0e902cd32dee78f4accc2074436cf7ece1f4bf50a82bd,1460,17.837007094717084,17.837007094717084,11.962958085188337,11.985183234075336,0.0003089931058849692,0.1612745964303418,0.0019159440651177226
bfo-63e471a5032e0a9170e0e902cd32dee78f4accc2074436cf7ece1f4bf50a82bd,1461,1000000.0000564427,17.80673484798306,11.962748146616448,11.98509925864658,0.00032072266945083554,0.16466981837466818,0.0019476712406465712
bfo-63e471a5032e0a9170e0e902cd32dee78f4accc2074436cf7ece1f4bf50a82bd,1462,17.947328722053058,17.947328722053058,11.962391523231483,11.984956609292592,0.0003466259595175723,0.1623104310317236,0.0021355741421808204
bfo-63e471a5032e0a9170e0e902cd32dee78f4accc2074436cf7ece1f4bf50a82bd,1463,1000000.0000373772,17.826558585297118,11.962653006035602,11.985061202414242,0.00032473461073570346,0.16306284982714858,0.0019914690015532767
bfo-63e471a5032e0a9170e0e902cd32dee78f4accc2074436cf7ece1f4bf50a82bd,1464,1000000.0000539648,17.85447000522358,11.96299547350257,11.985198189401027,0.000322339068012036,0.16473313368589101,0.001956734876583262
bfo-63e471a5032e0a9170e0e902cd32dee78f4accc2074436cf7ece1f4bf50a82bd,1465,1000000.0002834811,17.81841372149787,11.96193732203866,11.984774928815463,0.00033473210540602865,0.16355781959026566,0.0020465674233404283
bfo-63e471a5032e0a9170e0e902cd32dee78f4accc2074436cf7ece1f4bf50a82bd,1466,1000000.0002285072,17.808514768078485,11.964030418906805,11.985612167562723,0.00031089417050710386,0.16320809839831243,0.0019048942641826559
bfo-63e471a5032e0a9170e0e902cd32dee78f4accc2074436cf7ece1f4bf50a82bd,1467,1000000.0,17.94305887333134,11.962961797260673,11.98518471890427,0.0003206249072637155,0.16398535212738813,0.0019552045539692206
bfo-63e471a5032e0a9170e0e902cd32dee78f4accc2074436cf7ece1f4bf50a82bd,1468,17.809028680541758,17.809028680541758,11.96301225578551,11.985204902314203,0.00031899273953152785,0.16359982669182505,0.0019498354367600786
bfo-63e471a5032e0a9170e0e902cd32dee78f4accc2074436cf7ece1f4bf50a82bd,1469,17.80802897282705,17.80802897282705,11.963081027221527,11.98523241088861,0.00031620290283212706,0.1640069979528492,0.0019279842127409286
bfo-63e471a5032e0a9170e0e902cd32dee78f4accc2074436cf7ece1f4bf50a82bd,1470,17.81023765193036,17.81023765193036,11.963182115139938,11.985272846055976,0.0003167048945821804,0.16379724425308093,0.0019335178441271207
bfo-63e471a5032e0a9170e0e902cd32dee78f4accc2074436cf7ece1f4bf50a82bd,1471,17.808908770009204,17.808908770009204,11.963042563918336,11.985217025567334,0.00031740779177381764,0.16413976472901054,0.001933765363303936
bfo-63e471a5032e0a9170e0e902cd32dee78f4accc2074436cf7ece1f4bf50a82bd,1472,17.808638909130966,17.808638909130966,11.963239842347804,11.985295936939123,0.00031456053842482585,0.16323659994928738,0.0019270221171143616
bfo-63e471a5032e0a9170e0e902cd32dee78f4accc2074436cf7ece1f4bf50a82bd,1473,17.808368450969613,17.808368450969613,11.96288993681723,11.985155974726892,0.00031899480231130665,0.16452224341516972,0.0019389159525762573
bfo-63e471a5032e0a9170e0e902cd32dee78f4accc2074436cf7ece1f4bf50a82bd,1474,1000000.0000450059,17.850936951308164,11.962602837764155,11.985041135105662,0.000319519786501049,0.16410407417408654,0.0019470557821866922
bfo-63e471a5032e0a9170e0e902cd32dee78f4accc2074436cf7ece1f4bf50a82bd,1475,1000000.000056768,17.80143710370359,11.963074918782217,11.985229967512884,0.000317845561929545,0.16296587392028028,0.0019503811091457642
bfo-63e471a5032e0a9170e0e902cd32dee78f4accc2074436cf7ece1f4bf50a82bd,1476,1000000.0000765928,17.81087865993115,11.963235581062332,11.985294232424932,0.00031096222037694236,0.1635335367747613,0.0019015195690730898
bfo-63e471a5032e0a9170e0e902cd32dee78f4accc2074436cf7ece1f4bf50a82bd,1477,1000000.0000045632,17.794028609007142,11.962554383455531,11.985021753382213,0.00031822518169806203,0.16082623274368618,0.001978689522655346
bfo-63e471a5032e0a9170e0e902cd32dee78f4accc2074436cf7ece1f4bf50a82bd,1478,1000000.0000585765,17.814965349159003,11.963060995310617,11.985224398124245,0.00031152355325155825,0.16522737169220222,0.0018854234020734008
bfo-63e471a5032e0a9170e0e902cd32dee78f4accc2074436cf7ece1f4bf50a82bd,1479,1000000.0000430911,17.80057047970137,11.965199168195205,11.986079667278082,0.00030228777059251963,0.16325152124478984,0.0018516689356863627
bfo-63e471a5032e0a9170e0e902cd32dee78f4accc2074436cf7ece1f4bf50a82bd,1480,1000000.0000268953,17.812626442311352,11.963951110298314,11.985580444119325,0.00031307582754122625,0.16354840053114603,0.001914270188668732
bfo-63e471a5032e0a9170e0e902cd32dee78f4accc2074436cf7ece1f4bf50a82bd,1481,1000000.000051243,17.810504664563254,11.961516796926798,11.984606718770717,0.0003268612009482319,0.16371233579293218,0.0019965581662804866
bfo-63e471a5032e0a9170e0e902cd32dee78f4accc2074436cf7ece1f4bf50a82bd,1482,1000000.000032178,17.816564082155566,11.96182301016661,11.984729204066642,0.00033294391101655596,0.16452777860318304,0.0020236334182786725
bfo-63e471a5032e0a9170e0e902cd32dee78f4accc2074436cf7ece1f4bf50a82bd,1483,1000000.0000962167,17.810892519856957,11.96243675942621,11.984974703770483,0.0003212191937764284,0.163580998426023,0.001963670578289659
bfo-63e471a5032e0a9170e0e902cd32dee78f4accc2074436cf7ece1f4bf50a82bd,1484,1000000.0,17.8303453710229,11.96229858694522,11.984919434778087,0.00031675164659357994,0.16389750779702245,0.0019326202750188154
bfo-63e471a5032e0a9170e0e902cd32dee78f4accc2074436cf7ece1f4bf50a82bd,1485,1000000.0000341086,17.831977792736946,11.96337775922174,11.985351103688695,0.00031593471027498436,0.1633421622263211,0.0019341895929921413
bfo-63e471a5032e0a9170e0e902cd32dee78f4accc2074436cf7ece1f4bf50a82bd,1486,1000000.0,17.8070647436082,11.964587181821521,11.985834872728608,0.0003049979005509421,0.16491468320661948,0.0018494284112277265
bfo-63e471a5032e0a9170e0e902cd32dee78f4accc2074436cf7ece1f4bf50a82bd,1487,1000000.0001346342,17.80919226900979,11.963514088337392,11.985405635334958,0.00030991896364426585,0.1635030237350106,0.001895493774760714
bfo-63e471a5032e0a9170e0e902cd32dee78f4accc2074436cf7ece1f4bf50a82bd,1488,1000000.0,17.82734733357244,11.963130647853292,11.985252259141316,0.00030260058828874566,0.16415794926015537,0.0018433501981021231
bfo-63e471a5032e0a9170e0e902cd32dee78f4accc2074436cf7ece1f4bf50a82bd,1489,17.81930616326553,17.81930616326553,11.963983104210264,11.985593241684105,0.0003107648542141068,0.16411599647032793,0.0018935683351884159
bfo-63e471a5032e0a9170e0e902cd32dee78f4accc2074436cf7ece1f4bf50a82bd,1490,1000000.0,17.81032611700416,11.96441908919047,11.985767635676188,0.00030839361378195475,0.16497703906591513,0.0018693123329649455
bfo-63e471a5032e0a9170e0e902cd32dee78f4accc2074436cf7ece1f4bf50a82bd,1491,1000000.0000044422,17.800764643742756,11.962916972030952,11.985166788812382,0.0003181516283197035,0.16351792408737842,0.0019456682201377145
bfo-63e471a5032e0a9170e0e902cd32dee78f4accc2074436cf7ece1f4bf50a82bd,1492,1000000.0000508553,17.82795895961391,11.963902697891236,11.985561079156493,0.0003093587889885724,0.16320082122404217,0.001895571276347222
bfo-63e471a5032e0a9170e0e902cd32dee78f4accc2074436cf7ece1f4bf50a82bd,1493,1000000.0001217251,17.909390392742413,11.962671997608396,11.985068799043358,0.000329370442963314,0.16274740869058826,0.00202381374679523
bfo-63e471a5032e0a9170e0e902cd32dee78f4accc2074436cf7ece1f4bf50a82bd,1494,1000000.0000012094,17.80157412978941,11.962943152466288,11.985177260986516,0.00031749077034099376,0.16550607005286574,0.001918302876985607
bfo-63e471a5032e0a9170e0e902cd32dee78f4accc2074436cf7ece1f4bf50a82bd,1495,17.807038139511334,17.807038139511334,11.963295032183138,11.985318012873256,0.0003141369255147667,0.1640970013563133,0.0019143367820150658
bfo-63e471a5032e0a9170e0e902cd32dee78f4accc2074436cf7ece1f4bf50a82bd,1496,1000000.0000064,17.807638878682177,11.963751784768503,11.9855007139074,0.0003104330021167611,0.1640471724313647,0.0018923398527130506
bfo-63e471a5032e0a9170e0e902cd32dee78f4accc2074436cf7ece1f4bf50a82bd,1497,1000000.0000264508,17.813026093730446,11.964057258696396,11.985622903478557,0.00030817557096043095,0.16313620449203378,0.0018890691488134977
bfo-63e471a5032e0a9170e0e902cd32dee78f4accc2074436cf7ece1f4bf50a82bd,1498,1000000.0000226407,17.820077049510992,11.962458925481986,11.984983570192796,0.0003206358778630339,0.1672954049169101,0.0019165850850612588
bfo-63e471a5032e0a9170e0e902cd32dee78f4accc2074436cf7ece1f4bf50a82bd,1499,1000000.000237882,17.8998310126575,11.963612599121793,11.985445039648717,0.0003188287266884066,0.16237909371560721,0.0019634838413792803
bfo-63e471a5032e0a9170e0e902cd32dee78f4accc2074436cf7ece1f4bf50a82bd,1500,1000000.0000457092,17.84057149206668,11.967523124482584,11.987009249793033,0.0002771225515004228,0.14890835461783614,0.001861027557598365
bfo-63e471a5032e0a9170e0e902cd32dee78f4accc2074436cf7ece1f4bf50a82bd,1501,17.818701284168814,17.818701284168814,11.963086421635202,11.98523456865408,0.0003147759833744976,0.16681487625641572,0.0018869778909325018
bfo-63e471a5032e0a9170e0e902cd32dee78f4accc2074436cf7ece1f4bf50a82bd,1502,1000000.0000165685,17.78937315879465,11.963025750759241,11.985210300303699,0.0003182198344130778,0.16727909943199062,0.0019023287158624021
bfo-63e471a5032e0a9170e0e902cd32dee78f4accc2074436cf7ece1f4bf50a82bd,1503,17.86880992896441,17.86880992896441,11.963963497754428,11.985585399101772,0.0003064244007325962,0.16312604025046681,0.001878451780366313
bfo-63e471a5032e0a9170e0e902cd32dee78f4accc2074436cf7ece1f4bf50a82bd,1504,1000000.0000075161,17.79940382506217,11.964384306915164,11.985753722766066,0.00030479368681990497,0.16190907195139054,0.001882499128346633
bfo-63e471a5032e0a9170e0e902cd32dee78f4accc2074436cf7ece1f4bf50a82bd,1505,1000000.0000085209,17.828855056268353,11.961251170168618,11.984500468067447,0.0003288173190795014,0.16597379443770693,0.001981139975702084
bfo-63e471a5032e0a9170e0e902cd32dee78f4accc2074436cf7ece1f4bf50a82bd,1506,1000000.0000233756,17.803033474241225,11.97043848968732,11.988175395874928,0.000261935959633219,0.16292509348114817,0.001607707898375564
bfo-63e471a5032e0a9170e0e902cd32dee78f4accc2074436cf7ece1f4bf50a82bd,1507,17.805606846361744,17.805606846361744,11.964193409176834,11.985677363670735,0.0003038984612802627,0.16415223645896504,0.0018513208704057566
bfo-63e471a5032e0a9170e0e902cd32dee78f4accc2074436cf7ece1f4bf50a82bd,1508,17.80609675412456,17.80609675412456,11.963969546672178,11.985587818668872,0.0003049389040333543,0.16431476956873417,0.0018558216332816991
bfo-63e471a5032e0a9170e0e902cd32dee78f4accc2074436cf7ece1f4bf50a82bd,1509,17.806446134542824,17.806446134542824,11.963493209259326,11.98539728370373,0.00030873958795725145,0.16443680677874817,0.001877557670970007
bfo-63e471a5032e0a9170e0e902cd32dee78f4accc2074436cf7ece1f4bf50a82bd,1510,17.801221678011007,17.801221678011007,11.964647660825127,11.98585906433005,0.00030333593139874503,0.16504055779576352,0.0018379478077995897
bfo-63e471a5032e0a9170e0e902cd32dee78f4accc2074436cf7ece1f4bf50a82bd,1511,17.80819886232196,17.80819886232196,11.963876509122926,11.985550603649171,0.00031034674372563156,0.16594500774028986,0.0018701782473103128
bfo-63e471a5032e0a9170e0e902cd32dee78f4accc2074436cf7ece1f4bf50a82bd,1512,1000000.0000012328,17.804315362205298,11.964230219431379,11.985692087772552,0.0003084496980946835,0.16528811931450132,0.00186613350901393
bfo-63e471a5032e0a9170e0e902cd32dee78f4accc2074436cf7ece1f4bf50a82bd,1513,1000000.0000010278,17.81374635281339,11.964095140991082,11.985638056396434,0.00030900063669175805,0.1664877777546227,0.001855995922698766
bfo-63e471a5032e0a9170e0e902cd32dee78f4accc2074436cf7ece1f4bf50a82bd,1514,17.801600319903805,17.801600319903805,11.964760865658556,11.985904346263421,0.000302264199424279,0.16509912325791612,0.0018308043886585941
bfo-63e471a5032e0a9170e0e902cd32dee78f4accc2074436cf7ece1f4bf50a82bd,1515,1000000.000039711,17.81530875159097,11.964043688245086,11.985617475298035,0.00031167324965558515,0.16517007728001012,0.0018869837369344484
bfo-63e471a5032e0a9170e0e902cd32dee78f4accc2074436cf7ece1f4bf50a82bd,1516,1000000.0000047395,17.804172522359647,11.964798995755848,11.985919598302338,0.00030037865602188467,0.16504631574376752,0.0018199658360639752
bfo-63e471a5032e0a9170e0e902cd32dee78f4accc2074436cf7ece1f4bf50a82bd,1517,1000000.0000714994,17.79630475194403,11.965270630181159,11.986108252072462,0.0002973653893454774,0.1649441090358455,0.0018028251574650311
bfo-63e471a5032e0a9170e0e902cd32dee78f4accc2074436cf7ece1f4bf50a82bd,1518,1000000.000022007,17.79797056733166,11.965398186747064,11.986159274698824,0.00030156250406233865,0.165673514707082,0.0018202215640533389
bfo-63e471a5032e0a9170e0e902cd32dee78f4accc2074436cf7ece1f4bf50a82bd,1519,1000000.0000578957,17.811265772252828,11.966495496696403,11.98659819867856,0.0002968556752105306,0.16462553271221828,0.0018032177045675152
bfo-63e471a5032e0a9170e0e902cd32dee78f4accc2074436cf7ece1f4bf50a82bd,1520,1000000.0000167436,17.80335412295167,11.963917065591982,11.985566826236793,0.0003075006287616377,0.16549348703807545,0.0018580829630527413
bfo-63e471a5032e0a9170e0e902cd32dee78f4accc2074436cf7ece1f4bf50a82bd,1521,1000000.0000264246,17.80852307985752,11.964776476025571,11.985910590410228,0.0003019611555517397,0.1656306676585015,0.0018230993077581823
bfo-63e471a5032e0a9170e0e902cd32dee78f4accc2074436cf7ece1f4bf50a82bd,1522,17.796654619940966,17.796654619940966,11.964689045929422,11.98587561837177,0.0003015024565015704,0.1639219974383684,0.0018393044326764606
bfo-63e471a5032e0a9170e0e902cd32dee78f4accc2074436cf7ece1f4bf50a82bd,1523,17.793516220150355,17.793516220150355,11.964537645282356,11.985815058112943,0.0003026491906994583,0.16383227682548282,0.0018473111438342873
bfo-63e471a5032e0a9170e0e902cd32dee78f4accc2074436cf7ece1f4bf50a82bd,1524,17.793366538935615,17.793366538935615,11.965107733332182,11.986043093332873,0.0002971829722407902,0.16259935690114666,0.0018277007849512256
bfo-63e471a5032e0a9170e0e902cd32dee78f4accc2074436cf7ece1f4bf50a82bd,1525,1000000.0000044166,17.78738832174332,11.964922242569598,11.985968897027838,0.000299165667158094,0.16217571381187326,0.001844700788584976
bfo-63e471a5032e0a9170e0e902cd32dee78f4accc2074436cf7ece1f4bf50a82bd,1526,1000000.0000356687,17.81243628454712,11.964549054561306,11.985819621824522,0.0003045203197434666,0.1636659937674006,0.0018606206013464582
bfo-63e471a5032e0a9170e0e902cd32dee78f4accc2074436cf7ece1f4bf50a82bd,1527,1000000.0001507585,17.78901645119229,11.965193070936957,11.986077228374784,0.0002974223859862111,0.1633891653411258,0.0018203311423082992
bfo-63e471a5032e0a9170e0e902cd32dee78f4accc2074436cf7ece1f4bf50a82bd,1528,1000000.0001178789,17.794712000631428,11.965292950039212,11.986117180015684,0.0002951931014236209,0.1629561105632666,0.0018114883842236416
bfo-63e471a5032e0a9170e0e902cd32dee78f4accc2074436cf7ece1f4bf50a82bd,1529,1000000.0001088717,17.79617143316619,11.964962546717043,11.985985018686817,0.0002996660287689276,0.1629958341987778,0.0018384888806635192
bfo-63e471a5032e0a9170e0e902cd32dee78f4accc2074436cf7ece1f4bf50a82bd,1530,1000000.0000685428,17.812466803822645,11.964972643491395,11.985989057396557,0.00030105576714772826,0.16300758532054385,0.0018468819506510792
bfo-63e471a5032e0a9170e0e902cd32dee78f4accc2074436cf7ece1f4bf50a82bd,1531,1000000.0000169036,17.802678542764173,11.965137607637057,11.986055043054822,0.00029487542598245135,0.16290876723182643,0.001810064804939752
bfo-63e471a5032e0a9170e0e902cd32dee78f4accc2074436cf7ece1f4bf50a82bd,1532,17.82627244543826,17.82627244543826,11.96584152232312,11.986336608929248,0.00028792018554649846,0.1623102639720439,0.0017738877289737477
bfo-63e471a5032e0a9170e0e902cd32dee78f4accc2074436cf7ece1f4bf50a82bd,1533,17.83624547685295,17.83624547685295,11.965027458686265,11.986010983474506,0.0003006853625848707,0.16254780120283946,0.0018498273145488612
bfo-63e471a5032e0a9170e0e902cd32dee78f4accc2074436cf7ece1f4bf50a82bd,1534,17.903343285410756,17.903343285410756,11.966146412123132,11.986458564849253,0.0002842265384624475,0.16159719300031095,0.0017588581409449394
bfo-63e471a5032e0a9170e0e902cd32dee78f4accc2074436cf7ece1f4bf50a82bd,1535,1000000.0000240788,17.79890740921009,11.964981344954646,11.985992537981858,0.00029829436638899136,0.16278050851938614,0.0018324943760294641
bfo-63e471a5032e0a9170e0e902cd32dee78f4accc2074436cf7ece1f4bf50a82bd,1536,1000000.0001152992,17.828881096724263,11.964556012435187,11.985822404974074,0.0003037077995559288,0.16301002203529044,0.0018631234801635593
bfo-63e471a5032e0a9170e0e902cd32dee78f4accc2074436cf7ece1f4bf50a82bd,1537,17.792426644131982,17.792426644131982,11.964977225814653,11.985990890325862,0.0002977542857096107,0.16296474733786595,0.0018271085653407786
bfo-63e471a5032e0a9170e0e902cd32dee78f4accc2074436cf7ece1f4bf50a82bd,1538,17.791951301697104,17.791951301697104,11.964917130351457,11.985966852140583,0.0002983695331585368,0.16316933007833587,0.001828588332226974
bfo-63e471a5032e0a9170e0e902cd32dee78f4accc2074436cf7ece1f4bf50a82bd,1539,1000000.0000250102,17.776882028288547,11.964480615803556,11.985792246321422,0.00030957184773854453,0.16453841687923682,0.0018814563407751467
bfo-63e471a5032e0a9170e0e902cd32dee78f4accc2074436cf7ece1f4bf50a82bd,1540,1000000.0000071232,17.79557500263457,11.965201802420667,11.986080720968266,0.0003013988658762436,0.16347234045732773,0.0018437300465207432
bfo-63e471a5032e0a9170e0e902cd32dee78f4accc2074436cf7ece1f4bf50a82bd,1541,1000000.0000700398,17.788854706998293,11.964732731386936,11.985893092554774,0.00030119078189842096,0.16288801183167098,0.0018490665980359102
bfo-63e471a5032e0a9170e0e902cd32dee78f4accc2074436cf7ece1f4bf50a82bd,1542,1000000.0000604019,17.824624818197098,11.963310777547857,11.985324311019145,0.0003153558472063102,0.16465376285164854,0.0019152665675211007
bfo-63e471a5032e0a9170e0e902cd32dee78f4accc2074436cf7ece1f4bf50a82bd,1543,1000000.0000427156,17.797629308821875,11.964889252769106,11.985955701107642,0.0003015533250588785,0.1634998972503507,0.0018443640034656456
bfo-63e471a5032e0a9170e0e902cd32dee78f4accc2074436cf7ece1f4bf50a82bd,1544,1000000.0000732788,17.79513283429806,11.964874952385147,11.985949980954059,0.00029839654018599986,0.16344516521168562,0.001825667585820188
bfo-63e471a5032e0a9170e0e902cd32dee78f4accc2074436cf7ece1f4bf50a82bd,1545,1000000.0000786238,17.79664186256256,11.964962400976571,11.985984960390628,0.0002986256640580437,0.16328367427146834,0.0018288764347718048
bfo-63e471a5032e0a9170e0e902cd32dee78f4accc2074436cf7ece1f4bf50a82bd,1546,1000000.0000748205,17.797190196878574,11.964830407765504,11.985932163106202,0.0003007262344556384,0.1633341580078554,0.0018411717311523734
bfo-63e471a5032e0a9170e0e902cd32dee78f4accc2074436cf7ece1f4bf50a82bd,1547,1000000.000192637,17.801214140913476,11.965141968867036,11.986056787546817,0.00029549551124197996,0.16314059458816307,0.0018112935777139807
bfo-63e471a5032e0a9170e0e902cd32dee78f4accc2074436cf7ece1f4bf50a82bd,1548,1000000.0000531727,17.81002481768617,11.964165740421523,11.985666296168608,0.00030763692977555903,0.16462303903809095,0.0018687355765821885
bfo-63e471a5032e0a9170e0e902cd32dee78f4accc2074436cf7ece1f4bf50a82bd,1549,1000000.0000795644,17.80203850403481,11.96552467107726,11.986209868430903,0.00029300922444266064,0.16159512963636152,0.0018132305416754888
bfo-63e471a5032e0a9170e0e902cd32dee78f4accc2074436cf7ece1f4bf50a82bd,1550,1000000.0000792897,17.79904518682562,11.964916267165368,11.985966506866149,0.00029950803352858077,0.16311207913159873,0.0018362100165919524
bfo-63e471a5032e0a9170e0e902cd32dee78f4accc2074436cf7ece1f4bf50a82bd,1551,1000000.0001998687,17.801762798844177,11.96534634720956,11.986138538883823,0.00029517045375983335,0.1624729494366288,0.001816735984564385
bfo-63e471a5032e0a9170e0e902cd32dee78f4accc2074436cf7ece1f4bf50a82bd,1552,1000000.0000870946,17.798156089185888,11.964426496458806,11.985770598583521,0.00030327212004141305,0.16334078467324473,0.0018566833791578395
bfo-63e471a5032e0a9170e0e902cd32dee78f4accc2074436cf7ece1f4bf50a82bd,1553,1000000.0001408759,17.78908066295615,11.963728007387907,11.985491202955163,0.0003112177877670631,0.16257804560843217,0.0019142670008263506
bfo-63e471a5032e0a9170e0e902cd32dee78f4accc2074436cf7ece1f4bf50a82bd,1554,1000000.0000650391,17.795808362155686,11.964881481201665,11.985952592480666,0.0002989857034769574,0.16231448974473023,0.001842014868464104
bfo-63e471a5032e0a9170e0e902cd32dee78f4accc2074436cf7ece1f4bf50a82bd,1555,1000000.0000706787,17.810131330202626,11.965354099901006,11.986141639960401,0.0002907948972488572,0.1621361482872947,0.0017935229146654429
bfo-63e471a5032e0a9170e0e902cd32dee78f4accc2074436cf7ece1f4bf50a82bd,1556,1000000.00049673,17.819805159862447,11.965451809058253,11.986180723623303,0.0002983686366583735,0.16156365071412848,0.0018467559710340319
bfo-63e471a5032e0a9170e0e902cd32dee78f4accc2074436cf7ece1f4bf50a82bd,1557,1000000.0000440977,17.820959088679288,11.96556768986856,11.986227075947426,0.0002857460045570613,0.1629302383634547,0.0017537935709615597
bfo-63e471a5032e0a9170e0e902cd32dee78f4accc2074436cf7ece1f4bf50a82bd,1558,1000000.0000720257,17.793611263920024,11.966766535931969,11.986706614372789,0.0002823791459104391,0.16174974427829183,0.0017457780052165233
bfo-63e471a5032e0a9170e0e902cd32dee78f4accc2074436cf7ece1f4bf50a82bd,1559,1000000.0001129849,17.846841867944256,11.96470711044856,11.985882844179425,0.00029570865296195344,0.1644254972910827,0.001798435509296104
bfo-63e471a5032e0a9170e0e902cd32dee78f4accc2074436cf7ece1f4bf50a82bd,1560,1000000.0000970105,17.787168220127683,11.965816074667025,11.98632642986681,0.00029009039273131487,0.16358310605935758,0.0017733517825859902
bfo-63e471a5032e0a9170e0e902cd32dee78f4accc2074436cf7ece1f4bf50a82bd,1561,1000000.0000692073,17.78991759893191,11.964145885896448,11.985658354358579,0.0003109981143657288,0.16324864369944533,0.0019050578756311313
bfo-63e471a5032e0a9170e0e902cd32dee78f4accc2074436cf7ece1f4bf50a82bd,1562,1000000.0000210617,17.796993201882422,11.964808780982988,11.985923512393196,0.00029960169517667147,0.163494302591415,0.0018324901261262874
bfo-63e471a5032e0a9170e0e902cd32dee78f4accc2074436cf7ece1f4bf50a82bd,1563,1000000.0000660777,17.79593594732959,11.964742893168065,11.985897157267226,0.0002998965745820747,0.16385822212452258,0.0018302198735817541
bfo-63e471a5032e0a9170e0e902cd32dee78f4accc2074436cf7ece1f4bf50a82bd,1564,1000000.0000223957,17.795960081245198,11.964672212431728,11.98586888497269,0.00030362788038231506,0.16382694042049856,0.0018533452410390261
bfo-63e471a5032e0a9170e0e902cd32dee78f4accc2074436cf7ece1f4bf50a82bd,1565,1000000.0000190592,17.794012583008318,11.964663446309475,11.98586537852379,0.0003019832055770843,0.16369927901576034,0.0018447436506303153
bfo-63e471a5032e0a9170e0e902cd32dee78f4accc2074436cf7ece1f4bf50a82bd,1566,1000000.0006116966,17.789893244368947,11.964365237272535,11.985746094909013,0.0003073672168988704,0.16376475564833284,0.0018768825788065679
bfo-63e471a5032e0a9170e0e902cd32dee78f4accc2074436cf7ece1f4bf50a82bd,1567,1000000.0001319887,17.791302425448464,11.963491285626825,11.985396514250729,0.0003172480577410471,0.16341828598878394,0.0019413253285670926
bfo-63e471a5032e0a9170e0e902cd32dee78f4accc2074436cf7ece1f4bf50a82bd,1568,1000000.0000541117,17.80605109904408,11.965569956071832,11.986227982428732,0.0002937806361954566,0.16365973019634644,0.0017950697819372002
bfo-63e471a5032e0a9170e0e902cd32dee78f4accc2074436cf7ece1f4bf50a82bd,1569,1000000.0000205998,17.806915487006574,11.96508068235823,11.986032272943293,0.0002945026445524502,0.16316130748821994,0.0018049784540597222
bfo-63e471a5032e0a9170e0e902cd32dee78f4accc2074436cf7ece1f4bf50a82bd,1570,1000000.0001324009,17.789497537784555,11.965507423893468,11.986202969557388,0.000293845905340733,0.1604689398548832,0.001831169979726086
bfo-63e471a5032e0a9170e0e902cd32dee78f4accc2074436cf7ece1f4bf50a82bd,1571,1000000.0002620331,17.798137433547602,11.965349907177053,11.986139962870821,0.00029256839657143346,0.16316996196547928,0.0017930285271092366
bfo-63e471a5032e0a9170e0e902cd32dee78f4accc2074436cf7ece1f4bf50a82bd,1572,1000000.0001221907,17.80059738017431,11.964795010128794,11.985918004051518,0.0002995495209391326,0.16384423603957537,0.0018282579123917342
bfo-63e471a5032e0a9170e0e902cd32dee78f4accc2074436cf7ece1f4bf50a82bd,1573,1000000.0000604184,17.823533441206436,11.964898390519702,11.98595935620788,0.00029539265715178634,0.16097965116193103,0.0018349689232128347
bfo-63e471a5032e0a9170e0e902cd32dee78f4accc2074436cf7ece1f4bf50a82bd,1574,1000000.0000202196,17.81851227826688,11.965492564200918,11.986197025680367,0.0002933578791413969,0.16378404099928234,0.0017911261521669397
bfo-63e471a5032e0a9170e0e902cd32dee78f4accc2074436cf7ece1f4bf50a82bd,1575,1000000.0001457534,17.79358878213785,11.965413724397337,11.986165489758935,0.00028551709732529956,0.16341262852511645,0.00174721562159693
bfo-63e471a5032e0a9170e0e902cd32dee78f4accc2074436cf7ece1f4bf50a82bd,1576,1000000.000116098,17.869499163078537,11.96440112652637,11.98576045061055,0.00029725417255163823,0.16272563240385496,0.0018267200327352748
bfo-63e471a5032e0a9170e0e902cd32dee78f4accc2074436cf7ece1f4bf50a82bd,1577,1000000.0004447575,17.800218833975674,11.964669301430932,11.985867720572372,0.0003050464875570373,0.162889112720211,0.001872724840002076
bfo-63e471a5032e0a9170e0e902cd32dee78f4accc2074436cf7ece1f4bf50a82bd,1578,1000000.0002190149,17.7964834925233,11.965891996918913,11.986356798767565,0.0002913794965030973,0.16345196479988255,0.0017826613271968857
bfo-63e471a5032e0a9170e0e902cd32dee78f4accc2074436cf7ece1f4bf50a82bd,1579,1000000.0002176375,17.787981230269057,11.965082178396882,11.986032871358752,0.00030094209198540357,0.16400319536035468,0.001834977003491676
bfo-63e471a5032e0a9170e0e902cd32dee78f4accc2074436cf7ece1f4bf50a82bd,1580,1000000.0001142321,17.814636585003377,11.963602550629277,11.98544102025171,0.0003061134551946864,0.1648915754782553,0.001856452971031588
bfo-63e471a5032e0a9170e0e902cd32dee78f4accc2074436cf7ece1f4bf50a82bd,1581,1000000.0000223201,17.926180347422694,11.966040253053679,11.986416101221472,0.0002864584966619056,0.16124911142658266,0.0017764965904468334
bfo-63e471a5032e0a9170e0e902cd32dee78f4accc2074436cf7ece1f4bf50a82bd,1582,1000000.0000036842,17.85150778926169,11.964333876691573,11.98573355067663,0.00031234440566828265,0.1639871270983203,0.0019046885642493943
bfo-63e471a5032e0a9170e0e902cd32dee78f4accc2074436cf7ece1f4bf50a82bd,1583,1000000.000074543,17.808097352386046,11.964927926636335,11.985971170654533,0.00029869321310865474,0.16327189184279017,0.0018294221359072501
bfo-63e471a5032e0a9170e0e902cd32dee78f4accc2074436cf7ece1f4bf50a82bd,1584,1000000.0000787983,17.80141308558864,11.965405677170384,11.986162270868153,0.0002964981855512472,0.16217941128676772,0.001828211011488846
bfo-63e471a5032e0a9170e0e902cd32dee78f4accc2074436cf7ece1f4bf50a82bd,1585,17.786145093512644,17.786145093512644,11.965114894968888,11.986045957987555,0.00030100759275193266,0.16396922901265684,0.0018357565902118
bfo-63e471a5032e0a9170e0e902cd32dee78f4accc2074436cf7ece1f4bf50a82bd,1586,1000000.0000126099,17.80482659536125,11.965005590343964,11.986002236137585,0.00029146621395642597,0.16457435094104503,0.001771030614976188
bfo-63e471a5032e0a9170e0e902cd32dee78f4accc2074436cf7ece1f4bf50a82bd,1587,1000000.0000668854,17.791249168522867,11.965279386577764,11.986111754631105,0.00029326467152087493,0.16269295110748827,0.0018025653202831161
bfo-63e471a5032e0a9170e0e902cd32dee78f4accc2074436cf7ece1f4bf50a82bd,1588,1000000.0000128369,17.787531794774797,11.965225021808411,11.986090008723364,0.0003035761000741561,0.16530764964185402,0.001836431046789828
bfo-63e471a5032e0a9170e0e902cd32dee78f4accc2074436cf7ece1f4bf50a82bd,1589,1000000.0000227257,17.781421259678403,11.964510943872062,11.985804377548826,0.00030704738807065045,0.16511658619626557,0.001859579313889636
bfo-63e471a5032e0a9170e0e902cd32dee78f4accc2074436cf7ece1f4bf50a82bd,1590,1000000.0000271985,17.818924346940616,11.964268720130216,11.985707488052086,0.0003114502722469613,0.16759078180360526,0.0018583973945055091
bfo-63e471a5032e0a9170e0e902cd32dee78f4accc2074436cf7ece1f4bf50a82bd,1591,1000000.0000307905,17.782083709609978,11.965013102095824,11.98600524083833,0.0003010275523990786,0.1660303181368463,0.0018130878491177994
bfo-63e471a5032e0a9170e0e902cd32dee78f4accc2074436cf7ece1f4bf50a82bd,1592,1000000.0000134431,17.791179722484046,11.965677831947046,11.986271132778818,0.0003050350151620544,0.16642081775557505,0.0018329138101584397
bfo-63e471a5032e0a9170e0e902cd32dee78f4accc2074436cf7ece1f4bf50a82bd,1593,1000000.0000132569,17.78791830779955,11.96547603871536,11.986190415486144,0.0003047865027373557,0.16603800499413485,0.001835643006841247
bfo-63e471a5032e0a9170e0e902cd32dee78f4accc2074436cf7ece1f4bf50a82bd,1594,1000000.0000131016,17.78393859695556,11.965014154281494,11.986005661712596,0.00030175726430043315,0.16574246997822115,0.001820639359001254
bfo-63e471a5032e0a9170e0e902cd32dee78f4accc2074436cf7ece1f4bf50a82bd,1595,1000000.0000014707,17.79831347834861,11.964524969159825,11.985809987663929,0.0003090132842884313,0.16220268348028855,0.0019051058691392348
bfo-63e471a5032e0a9170e0e902cd32dee78f4accc2074436cf7ece1f4bf50a82bd,1596,1000000.000012991,17.785444527844888,11.965215673889379,11.98608626955575,0.000303118586221056,0.16554601922803616,0.0018310231054454807
bfo-63e471a5032e0a9170e0e902cd32dee78f4accc2074436cf7ece1f4bf50a82bd,1597,1000000.0000280768,17.812864645453462,11.964760164389231,11.985904065755694,0.00030517840550458615,0.16445889001178193,0.0018556516189713003
bfo-63e471a5032e0a9170e0e902cd32dee78f4accc2074436cf7ece1f4bf50a82bd,1598,17.79746619004634,17.79746619004634,11.96522742453807,11.986090969815228,0.0003000563759710612,0.16503015013225092,0.001818191256146854
bfo-63e471a5032e0a9170e0e902cd32dee78f4accc2074436cf7ece1f4bf50a82bd,1599,17.783052140063223,17.783052140063223,11.96550328703809,11.986201314815236,0.0002992297611326545,0.1640155975748521,0.0018243982008850986
bfo-63e471a5032e0a9170e0e902cd32dee78f4accc2074436cf7ece1f4bf50a82bd,1600,17.789869228009326,17.789869228009326,11.965597586811029,11.986239034724411,0.0002965471867221744,0.16559032265470097,0.001790848534914402
bfo-63e471a5032e0a9170e0e902cd32dee78f4accc2074436cf7ece1f4bf50a82bd,1601,17.785786412843677,17.785786412843677,11.965478665837638,11.986191466335056,0.00029889150318583346,0.16550735751464216,0.0018059106717318656
bfo-63e471a5032e0a9170e0e902cd32dee78f4accc2074436cf7ece1f4bf50a82bd,1602,17.798814183443387,17.798814183443387,11.965768150190845,11.986307260076337,0.0002980843455593484,0.16414874857154624,0.001815940408643595
bfo-63e471a5032e0a9170e0e902cd32dee78f4accc2074436cf7ece1f4bf50a82bd,1603,17.79795276399732,17.79795276399732,11.965738947059627,11.98629557882385,0.0002978188109210691,0.16439423826334132,0.0018116134365001068
bfo-63e471a5032e0a9170e0e902cd32dee78f4accc2074436cf7ece1f4bf50a82bd,1604,17.78727461024809,17.78727461024809,11.965355847916154,11.986142339166461,0.00030336123633380147,0.16587247348100523,0.0018288823333218135
bfo-63e471a5032e0a9170e0e902cd32dee78f4accc2074436cf7ece1f4bf50a82bd,1605,17.785408534563388,17.785408534563388,11.965871677323493,11.986348670929397,0.000294410086357172,0.16253111001374093,0.0018114075904131928
bfo-63e471a5032e0a9170e0e902cd32dee78f4accc2074436cf7ece1f4bf50a82bd,1606,17.784443801099474,17.784443801099474,11.966252591764702,11.98650103670588,0.00029111079600745876,0.1626975222054229,0.0017892761491468839
bfo-63e471a5032e0a9170e0e902cd32dee78f4accc2074436cf7ece1f4bf50a82bd,1607,1000000.0000786502,17.801272555873194,11.965019673122557,11.986007869249022,0.0002998778707989655,0.16384176194833888,0.0018302895869340093
bfo-63e471a5032e0a9170e0e902cd32dee78f4accc2074436cf7ece1f4bf50a82bd,1608,1000000.0001169853,17.790984167869876,11.964902300264333,11.98596092010573,0.00030391018125200023,0.1644859572436836,0.0018476360313346486
bfo-63e471a5032e0a9170e0e902cd32dee78f4accc2074436cf7ece1f4bf50a82bd,1609,1000000.0000144781,17.778966999437145,11.966274054276424,11.986509621710569,0.000292455434658572,0.16394562257808756,0.0017838563180866572
bfo-63e471a5032e0a9170e0e902cd32dee78f4accc2074436cf7ece1f4bf50a82bd,1610,1000000.0001280194,17.791687776302776,11.964930587026318,11.985972234810527,0.00029807552157216596,0.16233148954835466,0.001836215033826671
bfo-63e471a5032e0a9170e0e902cd32dee78f4accc2074436cf7ece1f4bf50a82bd,1611,1000000.0000484523,17.793886201582666,11.965661582011831,11.986264632804732,0.0002956798209547823,0.16328661761330823,0.0018108025340754178
bfo-63e471a5032e0a9170e0e902cd32dee78f4accc2074436cf7ece1f4bf50a82bd,1612,1000000.0000523409,17.78350865960291,11.965695556218574,11.98627822248743,0.0002963665637805999,0.16338435148898972,0.0018139225763035922
bfo-63e471a5032e0a9170e0e902cd32dee78f4accc2074436cf7ece1f4bf50a82bd,1613,1000000.000001826,17.784485850099568,11.966569355346206,11.986627742138483,0.0002869215913838675,0.1628745574265136,0.0017616108735295992
bfo-63e471a5032e0a9170e0e902cd32dee78f4accc2074436cf7ece1f4bf50a82bd,1614,1000000.0002400232,17.82551831304228,11.965523599613263,11.986209439845306,0.00029736050872814873,0.16471255892073594,0.0018053299073038293
bfo-63e471a5032e0a9170e0e902cd32dee78f4accc2074436cf7ece1f4bf50a82bd,1615,1000000.0000672085,17.805700801207756,11.964516219797833,11.985806487919133,0.00031081370634776224,0.16330658996531866,0.00190325268817241
bfo-63e471a5032e0a9170e0e902cd32dee78f4accc2074436cf7ece1f4bf50a82bd,1616,17.78443225730145,17.78443225730145,11.96551324265628,11.986205297062513,0.00029800370242794667,0.16387532343530056,0.0018184781953800456
bfo-63e471a5032e0a9170e0e902cd32dee78f4accc2074436cf7ece1f4bf50a82bd,1617,17.78979960802848,17.78979960802848,11.965301059928226,11.98612042397129,0.00029928616350039135,0.16405317484250684,0.0018243241180044818
bfo-63e471a5032e0a9170e0e902cd32dee78f4accc2074436cf7ece1f4bf50a82bd,1618,1000000.0002581083,17.798807483243486,11.96572623540538,11.986290494162152,0.00029688671237123855,0.1630255861359818,0.001821105014298807
bfo-63e471a5032e0a9170e0e902cd32dee78f4accc2074436cf7ece1f4bf50a82bd,1619,17.782437746283783,17.782437746283783,11.96561578649689,11.986246314598755,0.00030022887009362544,0.16385399310360657,0.0018322951086324007
bfo-63e471a5032e0a9170e0e902cd32dee78f4accc2074436cf7ece1f4bf50a82bd,1620,1000000.0001357927,17.78873276348203,11.96518947855772,11.98607579142309,0.00030652556770833974,0.16525831685298115,0.0018548268767679284
bfo-63e471a5032e0a9170e0e902cd32dee78f4accc2074436cf7ece1f4bf50a82bd,1621,1000000.0000089521,17.805674868822955,11.964552266932806,11.985820906773125,0.0003085615224440596,0.1642106344768834,0.0018790593156589811
bfo-63e471a5032e0a9170e0e902cd32dee78f4accc2074436cf7ece1f4bf50a82bd,1622,1000000.0000215191,17.797202672551258,11.965998984736768,11.986399593894708,0.00030414918435453124,0.16477223197292062,0.0018458764605708347
bfo-63e471a5032e0a9170e0e902cd32dee78f4accc2074436cf7ece1f4bf50a82bd,1623,17.786245749633803,17.786245749633803,11.965392958872139,11.986157183548855,0.00030315815779382606,0.1649379467530662,0.0018380134090531252
bfo-63e471a5032e0a9170e0e902cd32dee78f4accc2074436cf7ece1f4bf50a82bd,1624,1000000.000047675,17.787175561453026,11.966396306425802,11.98655852257032,0.00029468237291473354,0.1639326127605216,0.001797582359925024
bfo-63e471a5032e0a9170e0e902cd32dee78f4accc2074436cf7ece1f4bf50a82bd,1625,1000000.0000731819,17.77751307429417,11.965812399924806,11.986324959969922,0.0003030848309254962,0.16453330587317627,0.0018420880156575512
bfo-63e471a5032e0a9170e0e902cd32dee78f4accc2074436cf7ece1f4bf50a82bd,1626,1000000.0000453686,17.79469341901457,11.966685681372354,11.98667427254894,0.00028893327396420403,0.16337994966098604,0.001768474494965518
bfo-63e471a5032e0a9170e0e902cd32dee78f4accc2074436cf7ece1f4bf50a82bd,1627,1000000.0000258414,17.790899515129258,11.96505606471039,11.986022425884157,0.00030635021110485554,0.16419230638350393,0.0018658012537403148
bfo-63e471a5032e0a9170e0e902cd32dee78f4accc2074436cf7ece1f4bf50a82bd,1628,1000000.0000434443,17.803639398703073,11.966303548509547,11.986521419403818,0.0002990671772728629,0.1635372508779818,0.0018287403980882773
bfo-63e471a5032e0a9170e0e902cd32dee78f4accc2074436cf7ece1f4bf50a82bd,1629,1000000.0000443803,17.784801552774162,11.965467809175689,11.986187123670275,0.0003029787118511443,0.1639156712131274,0.0018483816074986725
bfo-63e471a5032e0a9170e0e902cd32dee78f4accc2074436cf7ece1f4bf50a82bd,1630,17.829204331549345,17.829204331549345,11.964011824127072,11.985604729650829,0.0003119018577640113,0.16391150605614882,0.0019028673780665986
bfo-63e471a5032e0a9170e0e902cd32dee78f4accc2074436cf7ece1f4bf50a82bd,1631,1000000.0000012058,17.78229983706494,11.964250536021689,11.985700214408677,0.00030569233408192194,0.16312865409011054,0.0018739340172147852
bfo-63e471a5032e0a9170e0e902cd32dee78f4accc2074436cf7ece1f4bf50a82bd,1632,17.77082965148373,17.77082965148373,11.966850979649646,11.986740391859856,0.0002904655534418646,0.16472093977041016,0.0017633796519538965
bfo-63e471a5032e0a9170e0e902cd32dee78f4accc2074436cf7ece1f4bf50a82bd,1633,1000000.0004785149,17.76821826217411,11.966768944936922,11.98670757797477,0.000291903192194274,0.16566268894536257,0.0017620334068738132
bfo-63e471a5032e0a9170e0e902cd32dee78f4accc2074436cf7ece1f4bf50a82bd,1634,1000000.0000130779,17.788712436559024,11.966956496982958,11.986782598793184,0.00028813184264070185,0.16465047327076926,0.001749960609993913
bfo-63e471a5032e0a9170e0e902cd32dee78f4accc2074436cf7ece1f4bf50a82bd,1635,1000000.000058157,17.772961703465516,11.966593088132022,11.98663723525281,0.0002967621393605675,0.16510020463918687,0.001797466817252693
bfo-63e471a5032e0a9170e0e902cd32dee78f4accc2074436cf7ece1f4bf50a82bd,1636,1000000.0000164228,17.77423133021006,11.966440848928032,11.986576339571213,0.00029774487615497394,0.16474354076835412,0.0018073235209484357
bfo-63e471a5032e0a9170e0e902cd32dee78f4accc2074436cf7ece1f4bf50a82bd,1637,1000000.0000144398,17.792429018677034,11.966575084323846,11.98663003372954,0.0002917316670761217,0.1639540056239559,0.0017793506536536595
bfo-63e471a5032e0a9170e0e902cd32dee78f4accc2074436cf7ece1f4bf50a82bd,1638,17.7787801135622,17.7787801135622,11.966785617855837,11.986714247142334,0.0002921722927113991,0.16404238838250734,0.0017810780225299067
bfo-63e471a5032e0a9170e0e902cd32dee78f4accc2074436cf7ece1f4bf50a82bd,1639,1000000.0002839802,17.76941619690625,11.96662232056407,11.986648928225627,0.00029221696864189573,0.16524190757779422,0.0017684192401635338
bfo-63e471a5032e0a9170e0e902cd32dee78f4accc2074436cf7ece1f4bf50a82bd,1640,1000000.0002632339,17.794929075623514,11.966284575421463,11.986513830168585,0.000295775483917089,0.1643344551143487,0.001799838528756978
bfo-63e471a5032e0a9170e0e902cd32dee78f4accc2074436cf7ece1f4bf50a82bd,1641,17.773751094370688,17.773751094370688,11.96681496167469,11.986725984669876,0.0002911229609370145,0.16465478836275527,0.001768080745369117
bfo-63e471a5032e0a9170e0e902cd32dee78f4accc2074436cf7ece1f4bf50a82bd,1642,1000000.0000207728,17.770976080510994,11.965821443757545,11.986328577503018,0.00030169196226209567,0.16498671285555322,0.001828583387355736
bfo-63e471a5032e0a9170e0e902cd32dee78f4accc2074436cf7ece1f4bf50a82bd,1643,1000000.0000687802,17.775662876009605,11.96678111952084,11.986712447808337,0.00028905534226233797,0.16363279580034606,0.0017664878293409117
bfo-63e471a5032e0a9170e0e902cd32dee78f4accc2074436cf7ece1f4bf50a82bd,1644,1000000.0000572234,17.780723354788595,11.966475704180644,11.986590281672258,0.00029385487319874115,0.16468343534829633,0.0017843620554626783
bfo-63e471a5032e0a9170e0e902cd32dee78f4accc2074436cf7ece1f4bf50a82bd,1645,1000000.0001093897,17.774230892370955,11.967121097002872,11.986848438801148,0.00028815049306788197,0.16524796849051748,0.0017437460544903285
bfo-63e471a5032e0a9170e0e902cd32dee78f4accc2074436cf7ece1f4bf50a82bd,1646,1000000.0000451619,17.796240049166602,11.965647400058485,11.986258960023392,0.00030037221524991905,0.16793994078078384,0.0017885692578753635
bfo-63e471a5032e0a9170e0e902cd32dee78f4accc2074436cf7ece1f4bf50a82bd,1647,17.807116720410015,17.807116720410015,11.966757923075994,11.986703169230399,0.00028585767821944673,0.16355752239851226,0.0017477501127887403
bfo-63e471a5032e0a9170e0e902cd32dee78f4accc2074436cf7ece1f4bf50a82bd,1648,17.771363143157377,17.771363143157377,11.966862605245764,11.986745042098306,0.00028960732276089515,0.16481865077979152,0.0017571271296707158
bfo-63e471a5032e0a9170e0e902cd32dee78f4accc2074436cf7ece1f4bf50a82bd,1649,17.772346687904417,17.772346687904417,11.966747009958443,11.986698803983378,0.00029067081858362556,0.16461753937811976,0.001765734196256977
bfo-63e471a5032e0a9170e0e902cd32dee78f4accc2074436cf7ece1f4bf50a82bd,1650,17.773326617220295,17.773326617220295,11.966800565851639,11.986720226340655,0.00029095647110120697,0.16455531401979365,0.0017681378011664155
bfo-63e471a5032e0a9170e0e902cd32dee78f4accc2074436cf7ece1f4bf50a82bd,1651,1000000.0001996759,17.789600034601023,11.967124106447455,11.986849642578983,0.00028727813769678575,0.1654316275947278,0.001736536972244243
bfo-63e471a5032e0a9170e0e902cd32dee78f4accc2074436cf7ece1f4bf50a82bd,1652,1000000.0001291843,17.770651806618687,11.967396412213441,11.986958564885377,0.00028485901959962915,0.16498142746830152,0.001726612649501776
bfo-63e471a5032e0a9170e0e902cd32dee78f4accc2074436cf7ece1f4bf50a82bd,1653,1000000.0003860395,17.788613184380132,11.96696187080463,11.986784748321853,0.00029290785920988203,0.1646039883742706,0.0017794700001064296
bfo-63e471a5032e0a9170e0e902cd32dee78f4accc2074436cf7ece1f4bf50a82bd,1654,17.770746969183886,17.770746969183886,11.96683154057065,11.986732616228261,0.00029001706574335385,0.16465525645900006,0.0017613592908014416
bfo-63e471a5032e0a9170e0e902cd32dee78f4accc2074436cf7ece1f4bf50a82bd,1655,17.768841292249984,17.768841292249984,11.96717527946997,11.986870111787987,0.0002852180316038342,0.164483955440964,0.0017340173443616124
bfo-63e471a5032e0a9170e0e902cd32dee78f4accc2074436cf7ece1f4bf50a82bd,1656,1000000.0001693856,17.76886417425174,11.967176496720096,11.98687059868804,0.00028506272046883513,0.16467179942622862,0.001731096164990536
bfo-63e471a5032e0a9170e0e902cd32dee78f4accc2074436cf7ece1f4bf50a82bd,1657,1000000.0002153062,17.76699667976797,11.967169301821201,11.98686772072848,0.00028534596461050253,0.16470645387518323,0.0017324516307463066
bfo-63e471a5032e0a9170e0e902cd32dee78f4accc2074436cf7ece1f4bf50a82bd,1658,1000000.0002852577,17.76841685540114,11.967049125493578,11.98681965019743,0.00028653422998714073,0.164480835286447,0.0017420523764251018
bfo-63e471a5032e0a9170e0e902cd32dee78f4accc2074436cf7ece1f4bf50a82bd,1659,1000000.0004035865,17.77036733273375,11.967187176377227,11.98687487055089,0.00028483881621107956,0.16467546380026044,0.0017296979746574067
bfo-63e471a5032e0a9170e0e902cd32dee78f4accc2074436cf7ece1f4bf50a82bd,1660,1000000.0006498087,17.769831148408592,11.966978189602566,11.986791275841027,0.0002868061431427493,0.16449871583972048,0.0017435160005881093
bfo-63e471a5032e0a9170e0e902cd32dee78f4accc2074436cf7ece1f4bf50a82bd,1661,1000000.0015880753,17.76657874866109,11.966860486561652,11.986744194624661,0.00028838348895027753,0.16473201393303277,0.0017506220076172433
bfo-63e471a5032e0a9170e0e902cd32dee78f4accc2074436cf7ece1f4bf50a82bd,1662,1000000.0,17.783573751615876,11.966695912744498,11.9866783650978,0.00028068804396928445,0.16646626175180104,0.0016861557472095249
bfo-63e471a5032e0a9170e0e902cd32dee78f4accc2074436cf7ece1f4bf50a82bd,1663,1000000.0000098485,17.7660848962276,11.96667064112343,11.986668256449372,0.0002898863424100547,0.16448698752461618,0.0017623664143443076
bfo-63e471a5032e0a9170e0e902cd32dee78f4accc2074436cf7ece1f4bf50a82bd,1664,1000000.0,17.774940561082296,11.967353881742767,11.986941552697106,0.00027109440225732596,0.1583136832214565,0.0017123876896863461
bfo-63e471a5032e0a9170e0e902cd32dee78f4accc2074436cf7ece1f4bf50a82bd,1665,1000000.0000010008,17.767330991984966,11.967573534303375,11.98702941372135,0.00028159182812711423,0.1646283129533766,0.0017104702288169725
bfo-63e471a5032e0a9170e0e902cd32dee78f4accc2074436cf7ece1f4bf50a82bd,1666,17.819667910323556,17.819667910323556,11.967066774859607,11.986826709943843,0.0002901782891202362,0.16329379883545703,0.0017770318970448738
bfo-63e471a5032e0a9170e0e902cd32dee78f4accc2074436cf7ece1f4bf50a82bd,1667,1000000.0000548761,17.788216168299083,11.966810441664189,11.986724176665676,0.00029198631483395247,0.16403769845924207,0.0017799951936444743
bfo-63e471a5032e0a9170e0e902cd32dee78f4accc2074436cf7ece1f4bf50a82bd,1668,17.785344940862917,17.785344940862917,11.968236735764771,11.98729469430591,0.00027166564390799326,0.16227975951232848,0.0016740574716426954
bfo-63e471a5032e0a9170e0e902cd32dee78f4accc2074436cf7ece1f4bf50a82bd,1669,1000000.000067551,17.801249895876907,11.968663789055878,11.98746551562235,0.00026736399921338446,0.16258970455581134,0.0016444091582785783
bfo-63e471a5032e0a9170e0e902cd32dee78f4accc2074436cf7ece1f4bf50a82bd,1670,1000000.0001002034,17.773765445685186,11.967488387548567,11.986995355019426,0.0002837618783297048,0.16451599571364578,0.0017248285013185996
bfo-63e471a5032e0a9170e0e902cd32dee78f4accc2074436cf7ece1f4bf50a82bd,1671,17.82099331616279,17.82099331616279,11.972508264914783,11.989003305965912,0.00024794383227909274,0.15849561217702063,0.0015643577060175595
bfo-63e471a5032e0a9170e0e902cd32dee78f4accc2074436cf7ece1f4bf50a82bd,1672,1000000.000129257,17.769129838380884,11.966800057187799,11.98672002287512,0.0002902671341519614,0.1657724804862852,0.0017509971094145265
bfo-63e471a5032e0a9170e0e902cd32dee78f4accc2074436cf7ece1f4bf50a82bd,1673,17.768315015323914,17.768315015323914,11.967479629769166,11.986991851907668,0.000283524799065447,0.16418520219258106,0.0017268596394752222
bfo-63e471a5032e0a9170e0e902cd32dee78f4accc2074436cf7ece1f4bf50a82bd,1674,17.772457512579088,17.772457512579088,11.968794081737173,11.98751763269487,0.0002741142167880556,0.16400571376823733,0.0016713699205347001
bfo-63e471a5032e0a9170e0e902cd32dee78f4accc2074436cf7ece1f4bf50a82bd,1675,1000000.0,17.775413537281164,11.966784405966248,11.986713762386499,0.0002898429579508005,0.16328195413892335,0.0017751071113724954
bfo-63e471a5032e0a9170e0e902cd32dee78f4accc2074436cf7ece1f4bf50a82bd,1676,1000000.0002431122,17.804508321433723,11.967282854784049,11.986913141913618,0.0002842025233101139,0.16189396883833643,0.0017554855523611997
bfo-63e471a5032e0a9170e0e902cd32dee78f4accc2074436cf7ece1f4bf50a82bd,1677,1000000.0,18.005982096192366,11.967707067600365,11.987082827040146,0.0002855673586372464,0.17011498183911822,0.0016786725986739617
bfo-63e471a5032e0a9170e0e902cd32dee78f4accc2074436cf7ece1f4bf50a82bd,1678,17.762896732425055,17.762896732425055,11.96731335424722,11.986925341698887,0.00028682227689731096,0.1638256754614669,0.0017507773191801908
bfo-63e471a5032e0a9170e0e902cd32dee78f4accc2074436cf7ece1f4bf50a82bd,1679,17.834469498520694,17.834469498520694,11.967403519990972,11.98696140799639,0.0002849304131226566,0.16578797141362883,0.0017186434618454683
bfo-63e471a5032e0a9170e0e902cd32dee78f4accc2074436cf7ece1f4bf50a82bd,1680,17.758669663899244,17.758669663899244,11.9673577619885,11.986943104795401,0.0002836907737298948,0.1640098325816837,0.0017297180861922106
bfo-63e471a5032e0a9170e0e902cd32dee78f4accc2074436cf7ece1f4bf50a82bd,1681,17.806495202679542,17.806495202679542,11.969413495711027,11.987765398284411,0.00026224565797728445,0.161064249446113,0.001628205258951792
bfo-63e471a5032e0a9170e0e902cd32dee78f4accc2074436cf7ece1f4bf50a82bd,1682,1000000.0000120045,17.76233317493992,11.96714942089253,11.986859768357014,0.00028623590511003334,0.16459553997007387,0.0017390258883203983
bfo-63e471a5032e0a9170e0e902cd32dee78f4accc2074436cf7ece1f4bf50a82bd,1683,1000000.0,17.757632156325307,11.968220588319523,11.98728823532781,0.00026710834107503286,0.1634337576123982,0.0016343523209477369
bfo-63e471a5032e0a9170e0e902cd32dee78f4accc2074436cf7ece1f4bf50a82bd,1684,1000000.0000145286,17.757305992864076,11.967223640548038,11.986889456219215,0.0002861773488210164,0.16386668911382993,0.0017464034354305127
bfo-63e471a5032e0a9170e0e902cd32dee78f4accc2074436cf7ece1f4bf50a82bd,1685,1000000.0,17.77024205470107,11.96613381112543,11.986453524450173,0.0002912395701006217,0.16430712378525206,0.0017725316066104914
bfo-63e471a5032e0a9170e0e902cd32dee78f4accc2074436cf7ece1f4bf50a82bd,1686,1000000.000041329,17.760005482996785,11.967250760279859,11.986900304111943,0.0002859891285709275,0.163853809015001,0.0017453920069978044
bfo-63e471a5032e0a9170e0e902cd32dee78f4accc2074436cf7ece1f4bf50a82bd,1687,1000000.0,17.76858844331906,11.9672751362264,11.986910054490561,0.00028652450695280035,0.16672605130815693,0.001718534714309415
bfo-63e471a5032e0a9170e0e902cd32dee78f4accc2074436cf7ece1f4bf50a82bd,1688,1000000.0002714449,17.7401203089998,11.966880484427957,11.986752193771181,0.0002880957502064025,0.16454029111651813,0.001750913093999508
bfo-63e471a5032e0a9170e0e902cd32dee78f4accc2074436cf7ece1f4bf50a82bd,1689,17.79236275767521,17.79236275767521,11.968093370565464,11.987237348226186,0.0002750423839439614,0.16425507917999874,0.001674483281229657
bfo-63e471a5032e0a9170e0e902cd32dee78f4accc2074436cf7ece1f4bf50a82bd,1690,17.769474808920684,17.769474808920684,11.967302363049571,11.986920945219827,0.00028538654959548153,0.16460273329216796,0.0017337898580877373
bfo-63e471a5032e0a9170e0e902cd32dee78f4accc2074436cf7ece1f4bf50a82bd,1691,1000000.0003179719,17.780539811629684,11.966931942096792,11.986772776838718,0.00029554024927632143,0.16367981130323356,0.0018055998899510152
bfo-63e471a5032e0a9170e0e902cd32dee78f4accc2074436cf7ece1f4bf50a82bd,1692,1000000.0005400504,17.78638039301112,11.96739317293515,11.98695726917406,0.0002852101337685455,0.16303469338316134,0.001749383078227709
bfo-63e471a5032e0a9170e0e902cd32dee78f4accc2074436cf7ece1f4bf50a82bd,1693,1000000.0,17.76099672439264,11.967913847743267,11.987165539097306,0.0002731832044972654,0.16311725273034147,0.0016747658504822926
bfo-63e471a5032e0a9170e0e902cd32dee78f4accc2074436cf7ece1f4bf50a82bd,1694,17.788625741779796,17.788625741779796,11.96729180333513,11.986916721334053,0.0002863821601430698,0.164101331683586,0.001745154394574086
bfo-63e471a5032e0a9170e0e902cd32dee78f4accc2074436cf7ece1f4bf50a82bd,1695,1000000.0005308642,17.75385188459688,11.967627371639013,11.987050948655606,0.0002815455579953399,0.16387876818251967,0.0017180111927725076
bfo-63e471a5032e0a9170e0e902cd32dee78f4accc2074436cf7ece1f4bf50a82bd,1696,17.796500047863898,17.796500047863898,11.968451537092044,11.987380614836816,0.0002686819789946349,0.16439801378664973,0.0016343383524287675
bfo-63e471a5032e0a9170e0e902cd32dee78f4accc2074436cf7ece1f4bf50a82bd,1697,1000000.000038938,17.79374185334241,11.967096214887789,11.986838485955115,0.0002932103772941931,0.1642188069920694,0.0017854859785234774
bfo-63e471a5032e0a9170e0e902cd32dee78f4accc2074436cf7ece1f4bf50a82bd,1698,1000000.0000279325,17.761737040279144,11.967605850447356,11.987042340178942,0.00028419581308890046,0.1641257958078182,0.0017315731003167674
bfo-63e471a5032e0a9170e0e902cd32dee78f4accc2074436cf7ece1f4bf50a82bd,1699,1000000.0,17.89165460286538,11.96577201294263,11.986308805177051,0.00028910703860969393,0.1645807782378418,0.0017566269992471087
bfo-63e471a5032e0a9170e0e902cd32dee78f4accc2074436cf7ece1f4bf50a82bd,1700,1000000.0000525544,17.761696982012122,11.967192434073613,11.986876973629444,0.0002829995107005348,0.16477859400628928,0.001717453121912991
bfo-63e471a5032e0a9170e0e902cd32dee78f4accc2074436cf7ece1f4bf50a82bd,1701,1000000.0000951258,17.7743449836481,11.967434659888491,11.986973863955395,0.0002829590930461145,0.16534399728374158,0.0017113357466527037
bfo-63e471a5032e0a9170e0e902cd32dee78f4accc2074436cf7ece1f4bf50a82bd,1702,1000000.000051686,17.784179083876325,11.968413712727026,11.98736548509081,0.000270813815627093,0.1635093053095283,0.0016562593493650642
bfo-63e471a5032e0a9170e0e902cd32dee78f4accc2074436cf7ece1f4bf50a82bd,1703,1000000.0000884233,17.74774354935873,11.968153378161519,11.987261351264607,0.00027443041545351506,0.16426469400041896,0.0016706597672949436
bfo-63e471a5032e0a9170e0e902cd32dee78f4accc2074436cf7ece1f4bf50a82bd,1704,1000000.0000679347,17.758105683833833,11.966832981358284,11.986733192543314,0.00028677268618597693,0.1641361895248801,0.001747163054144786
bfo-63e471a5032e0a9170e0e902cd32dee78f4accc2074436cf7ece1f4bf50a82bd,1705,1000000.0000055365,17.77510178579257,11.967404364609058,11.986961745843622,0.0002818941573262979,0.16446668711143173,0.001713989393701991
bfo-63e471a5032e0a9170e0e902cd32dee78f4accc2074436cf7ece1f4bf50a82bd,1706,17.76621955580169,17.76621955580169,11.96531975402246,11.986127901608985,0.0002975525118949552,0.1642716063225339,0.001811344751269645
bfo-63e471a5032e0a9170e0e902cd32dee78f4accc2074436cf7ece1f4bf50a82bd,1707,17.796833339178146,17.796833339178146,11.967965688636575,11.98718627545463,0.0002800370520942565,0.16642907160474785,0.001682621007219917
bfo-63e471a5032e0a9170e0e902cd32dee78f4accc2074436cf7ece1f4bf50a82bd,1708,1000000.0000732497,17.751031121622496,11.967264836217414,11.986905934486966,0.0002880807633018061,0.16397343178482576,0.0017568746361291035
bfo-63e471a5032e0a9170e0e902cd32dee78f4accc2074436cf7ece1f4bf50a82bd,1709,17.767383817151913,17.767383817151913,11.967808367621027,11.98712334704841,0.0002734423662124974,0.15988385089872742,0.001710256318417671
bfo-63e471a5032e0a9170e0e902cd32dee78f4accc2074436cf7ece1f4bf50a82bd,1710,17.76158692974979,17.76158692974979,11.967215050276938,11.986886020110775,0.00028568862317416644,0.1646280476375145,0.0017353581438517
bfo-63e471a5032e0a9170e0e902cd32dee78f4accc2074436cf7ece1f4bf50a82bd,1711,17.783423114772216,17.783423114772216,11.967899492563909,11.987159797025564,0.00027790970235348544,0.1633389495580376,0.00170142946985672
bfo-63e471a5032e0a9170e0e902cd32dee78f4accc2074436cf7ece1f4bf50a82bd,1712,1000000.0000062028,17.750496796171078,11.967097155845156,11.986838862338063,0.0002907587012879694,0.16264261987510098,0.0017877153080247555
bfo-63e471a5032e0a9170e0e902cd32dee78f4accc2074436cf7ece1f4bf50a82bd,1713,1000000.0003240011,17.77806152848268,11.96679121569011,11.986716486276043,0.00029142057438389946,0.164136146098952,0.001775480790247214
bfo-63e471a5032e0a9170e0e902cd32dee78f4accc2074436cf7ece1f4bf50a82bd,1714,1000000.000027255,17.752507936542703,11.966969637668248,11.986787855067298,0.0002849827954580361,0.16413262583353655,0.001736295840091329
bfo-63e471a5032e0a9170e0e902cd32dee78f4accc2074436cf7ece1f4bf50a82bd,1715,17.751143963865154,17.751143963865154,11.96632726403916,11.986530905615664,0.0002852690297722086,0.16409881349670896,0.0017383978817002827
bfo-63e471a5032e0a9170e0e902cd32dee78f4accc2074436cf7ece1f4bf50a82bd,1716,17.775982604822925,17.775982604822925,11.965280450356047,11.986112180142419,0.0002961440760847461,0.16646243074265418,0.0017790445253234094
bfo-63e471a5032e0a9170e0e902cd32dee78f4accc2074436cf7ece1f4bf50a82bd,1717,1000000.000084938,17.824685439464023,11.96658001153094,11.986632004612378,0.00027864972663825186,0.16375616266903192,0.001701613680343937
bfo-63e471a5032e0a9170e0e902cd32dee78f4accc2074436cf7ece1f4bf50a82bd,1718,17.75707022164536,17.75707022164536,11.966208007901777,11.986483203160711,0.00028829823296432305,0.16344296191390636,0.0017639072957830037
bfo-63e471a5032e0a9170e0e902cd32dee78f4accc2074436cf7ece1f4bf50a82bd,1719,17.748736521136124,17.748736521136124,11.966873984231755,11.986749593692704,0.0002818863842595435,0.16444405866163933,0.001714177979756349
bfo-63e471a5032e0a9170e0e902cd32dee78f4accc2074436cf7ece1f4bf50a82bd,1720,17.76477958915781,17.76477958915781,11.966516141453512,11.986606456581406,0.00028527718876293444,0.16566038753828985,0.0017220603730448054
bfo-63e471a5032e0a9170e0e902cd32dee78f4accc2074436cf7ece1f4bf50a82bd,1721,17.756493159212695,17.756493159212695,11.968373588829472,11.987349435531788,0.00027245426271612256,0.16458744531117453,0.0016553769468929506
bfo-63e471a5032e0a9170e0e902cd32dee78f4accc2074436cf7ece1f4bf50a82bd,1722,17.827640044792634,17.827640044792634,11.96747317150787,11.98698926860315,0.00027842860343040617,0.16357487264863863,0.0017021477621961848
bfo-63e471a5032e0a9170e0e902cd32dee78f4accc2074436cf7ece1f4bf50a82bd,1723,1000000.0000237825,17.7445080893526,11.966189174457652,11.98647566978306,0.0002891337045437011,0.16512821541762504,0.0017509648718267458
bfo-63e471a5032e0a9170e0e902cd32dee78f4accc2074436cf7ece1f4bf50a82bd,1724,18.110885749393162,18.110885749393162,11.967619753075022,11.987047901230008,0.0002833378402645395,0.1611030534257882,0.0017587366237912959
bfo-63e471a5032e0a9170e0e902cd32dee78f4accc2074436cf7ece1f4bf50a82bd,1725,17.753113632233,17.753113632233,11.967437301286502,11.986974920514601,0.00028133588698260245,0.16375310382126004,0.0017180491875725696
bfo-63e471a5032e0a9170e0e902cd32dee78f4accc2074436cf7ece1f4bf50a82bd,1726,17.757906339846922,17.757906339846922,11.96924111277908,11.987696445111633,0.0002662762382651003,0.15687182076474807,0.0016974128110900167
bfo-63e471a5032e0a9170e0e902cd32dee78f4accc2074436cf7ece1f4bf50a82bd,1727,17.770043650375676,17.770043650375676,11.967073231848207,11.986829292739282,0.0002796811983666567,0.1637103287262878,0.0017083906711485753
bfo-63e471a5032e0a9170e0e902cd32dee78f4accc2074436cf7ece1f4bf50a82bd,1728,17.772346803615342,17.772346803615342,11.967631343902136,11.987052537560855,0.0002720231992301932,0.16387322823986905,0.0016599611916598108
bfo-63e471a5032e0a9170e0e902cd32dee78f4accc2074436cf7ece1f4bf50a82bd,1729,17.757023426022208,17.757023426022208,11.96837694484095,11.987350777936381,0.00026490895403160383,0.16358026655713315,0.001619443222627834
bfo-63e471a5032e0a9170e0e902cd32dee78f4accc2074436cf7ece1f4bf50a82bd,1730,17.763546370510067,17.763546370510067,11.968456209129334,11.987382483651734,0.0002683080259235853,0.16273004357204934,0.0016487921961674575
bfo-63e471a5032e0a9170e0e902cd32dee78f4accc2074436cf7ece1f4bf50a82bd,1731,17.74768274455179,17.74768274455179,11.966484713423226,11.986593885369292,0.0002828463636829192,0.1647356261749446,0.0017169714302269037
bfo-63e471a5032e0a9170e0e902cd32dee78f4accc2074436cf7ece1f4bf50a82bd,1732,17.769485692421593,17.769485692421593,11.966619673409046,11.986647869363619,0.0002836618206167903,0.164460102261559,0.0017248063008355162
bfo-63e471a5032e0a9170e0e902cd32dee78f4accc2074436cf7ece1f4bf50a82bd,1733,17.75775720699498,17.75775720699498,11.96711794226399,11.986847176905595,0.0002777066253019486,0.16533670969678096,0.0016796428682489706
bfo-63e471a5032e0a9170e0e902cd32dee78f4accc2074436cf7ece1f4bf50a82bd,1734,17.75799662212476,17.75799662212476,11.96755792838051,11.987023171352204,0.0002743786813599215,0.16275636306524194,0.0016858246042886508
bfo-63e471a5032e0a9170e0e902cd32dee78f4accc2074436cf7ece1f4bf50a82bd,1735,1000000.00004045,17.876807140991563,11.96739357153754,11.986957428615016,0.000272135935736841,0.16346205878536008,0.0016648263074563326
bfo-63e471a5032e0a9170e0e902cd32dee78f4accc2074436cf7ece1f4bf50a82bd,1736,17.781741283739017,17.781741283739017,11.963047922405671,11.985219168962267,0.0003089016815020905,0.17980160156617397,0.0017180140711282967
bfo-63e471a5032e0a9170e0e902cd32dee78f4accc2074436cf7ece1f4bf50a82bd,1737,17.757530561629792,17.757530561629792,11.966742235003958,11.986696894001584,0.00028124802268580023,0.16610833752912682,0.001693160180093211
bfo-63e471a5032e0a9170e0e902cd32dee78f4accc2074436cf7ece1f4bf50a82bd,1738,17.766194807935342,17.766194807935342,11.966764329782277,11.986705731912913,0.00028261307779170187,0.16306119618921208,0.001733171866737472
bfo-63e471a5032e0a9170e0e902cd32dee78f4accc2074436cf7ece1f4bf50a82bd,1739,17.75930953647126,17.75930953647126,11.959357171938667,11.983742868775465,0.00033310527800455844,0.16700791912057783,0.0019945478020360233
bfo-63e471a5032e0a9170e0e902cd32dee78f4accc2074436cf7ece1f4bf50a82bd,1740,17.820383594006703,17.820383594006703,11.969247287247937,11.987698914899173,0.00026193793883872666,0.1633420725980746,0.001603615863766224
bfo-63e471a5032e0a9170e0e902cd32dee78f4accc2074436cf7ece1f4bf50a82bd,1741,17.759491076650484,17.759491076650484,11.967071814495315,11.986828725798127,0.00027878927973950217,0.16223887750378974,0.0017183876271147766
bfo-63e471a5032e0a9170e0e902cd32dee78f4accc2074436cf7ece1f4bf50a82bd,1742,17.830791018797058,17.830791018797058,11.966529172157149,11.986611668862858,0.0002825804151710093,0.16351471827804503,0.0017281650125862162
bfo-63e471a5032e0a9170e0e902cd32dee78f4accc2074436cf7ece1f4bf50a82bd,1743,17.759312337155308,17.759312337155308,11.966817650895925,11.986727060358369,0.0002769305755745949,0.16203771254660207,0.0017090501416140989
bfo-63e471a5032e0a9170e0e902cd32dee78f4accc2074436cf7ece1f4bf50a82bd,1744,17.956230047685104,17.956230047685104,11.966702455496705,11.986680982198681,0.00028029186112605317,0.16392195993383163,0.001709910381984178
bfo-63e471a5032e0a9170e0e902cd32dee78f4accc2074436cf7ece1f4bf50a82bd,1745,17.737651787395826,17.737651787395826,11.968524684032248,11.987409873612899,0.0002676618144844702,0.1626024267548959,0.0016461120527305477
bfo-63e471a5032e0a9170e0e902cd32dee78f4accc2074436cf7ece1f4bf50a82bd,1746,17.785003033791284,17.785003033791284,11.966567229960235,11.986626891984095,0.0002887447337589696,0.16416413993185802,0.0017588782414894207
bfo-63e471a5032e0a9170e0e902cd32dee78f4accc2074436cf7ece1f4bf50a82bd,1747,17.73759913022371,17.73759913022371,11.967923202716346,11.987169281086539,0.00027315739564736345,0.16479422121207396,0.0016575665920702204
bfo-63e471a5032e0a9170e0e902cd32dee78f4accc2074436cf7ece1f4bf50a82bd,1748,18.289787947061185,18.289787947061185,11.965660972560714,11.986264389024287,0.00030816806978726564,0.16161105940765783,0.0019068501309054801
bfo-63e471a5032e0a9170e0e902cd32dee78f4accc2074436cf7ece1f4bf50a82bd,1749,17.74606191357868,17.74606191357868,11.968161874639126,11.98726474985565,0.00026948436318907567,0.16546013739929907,0.001628696599826571
bfo-63e471a5032e0a9170e0e902cd32dee78f4accc2074436cf7ece1f4bf50a82bd,1750,17.765627342701542,17.765627342701542,11.968295088113724,11.987318035245488,0.00026585869392744106,0.1659061825001097,0.001602464054811612
bfo-63e471a5032e0a9170e0e902cd32dee78f4accc2074436cf7ece1f4bf50a82bd,1751,17.73342371386795,17.73342371386795,11.967004617517153,11.986801847006861,0.0002803815247940215,0.16524569492271934,0.0016967553976225999
bfo-63e471a5032e0a9170e0e902cd32dee78f4accc2074436cf7ece1f4bf50a82bd,1752,1000000.0,17.755507158166672,11.966149825198828,11.986459930079532,0.0002972391740853507,0.16873710854254487,0.001761551899595374
bfo-63e471a5032e0a9170e0e902cd32dee78f4accc2074436cf7ece1f4bf50a82bd,1753,17.730639814217213,17.730639814217213,11.966641110101492,11.986656444040596,0.00028042110198746756,0.164282880334709,0.001706940500532613
bfo-63e471a5032e0a9170e0e902cd32dee78f4accc2074436cf7ece1f4bf50a82bd,1754,17.73612119456187,17.73612119456187,11.967773930832763,11.987109572333104,0.00027461430923497135,0.16383369079726975,0.0016761772740307925
bfo-63e471a5032e0a9170e0e902cd32dee78f4accc2074436cf7ece1f4bf50a82bd,1755,17.727761300127042,17.727761300127042,11.967173203117573,11.98686928124703,0.00027413669547934704,0.16377897892303686,0.0016738210073233486
bfo-63e471a5032e0a9170e0e902cd32dee78f4accc2074436cf7ece1f4bf50a82bd,1756,17.830173102265636,17.830173102265636,11.970463939735112,11.988185575894045,0.0002521049215677739,0.1624897524409308,0.0015515127433000462
bfo-63e471a5032e0a9170e0e902cd32dee78f4accc2074436cf7ece1f4bf50a82bd,1757,17.735493907657357,17.735493907657357,11.965377848594727,11.986151139437892,0.0002819092480838186,0.16438982962794546,0.0017148825369662374
bfo-63e471a5032e0a9170e0e902cd32dee78f4accc2074436cf7ece1f4bf50a82bd,1758,17.755545557874033,17.755545557874033,11.969804242354867,11.987921696941946,0.0002533886177117655,0.16080220329371006,0.0015757782699590474
bfo-63e471a5032e0a9170e0e902cd32dee78f4accc2074436cf7ece1f4bf50a82bd,1759,17.736061818061447,17.736061818061447,11.966661123030804,11.98666444921232,0.0002807562593173386,0.1636014738718946,0.001716098594180026
bfo-63e471a5032e0a9170e0e902cd32dee78f4accc2074436cf7ece1f4bf50a82bd,1760,1000000.0,17.7334695627205,11.968311182346744,11.987324472938697,0.00025783427045293855,0.16084971605424508,0.0016029513559475998
bfo-63e471a5032e0a9170e0e902cd32dee78f4accc2074436cf7ece1f4bf50a82bd,1761,1000000.0000453265,17.74577433225558,11.96741204625197,11.98696481850079,0.00027223065656400454,0.16378182267549193,0.001662154274002598
bfo-63e471a5032e0a9170e0e902cd32dee78f4accc2074436cf7ece1f4bf50a82bd,1762,1000000.0,17.809336727624135,11.9649926292661,11.98599705170644,0.0002857101301348095,0.16275797326278965,0.0017554293925342804
bfo-63e471a5032e0a9170e0e902cd32dee78f4accc2074436cf7ece1f4bf50a82bd,1763,17.726979899115054,17.726979899115054,11.968124225473098,11.98724969018924,0.00027076762920429635,0.16406196788379265,0.001650398521344598
bfo-63e471a5032e0a9170e0e902cd32dee78f4accc2074436cf7ece1f4bf50a82bd,1764,17.738497537679166,17.738497537679166,11.968169319668833,11.987267727867533,0.00026770014088082117,0.16548557924417787,0.0016176644641997676
bfo-63e471a5032e0a9170e0e902cd32dee78f4accc2074436cf7ece1f4bf50a82bd,1765,17.731848151614535,17.731848151614535,11.968518520279341,11.987407408111736,0.00026901758011633244,0.16389534985060022,0.0016413984921570808
bfo-63e471a5032e0a9170e0e902cd32dee78f4accc2074436cf7ece1f4bf50a82bd,1766,17.772383128687284,17.772383128687284,11.96993899835198,11.98797559934079,0.00025523885589704597,0.16412690315426903,0.0015551311271445694
bfo-63e471a5032e0a9170e0e902cd32dee78f4accc2074436cf7ece1f4bf50a82bd,1767,17.728768636844833,17.728768636844833,11.967707247407164,11.987082898962866,0.0002766096087075426,0.16446298321679917,0.0016818958485199612
bfo-63e471a5032e0a9170e0e902cd32dee78f4accc2074436cf7ece1f4bf50a82bd,1768,17.766217662844635,17.766217662844635,11.967080502081894,11.986832200832758,0.00027515610784618926,0.16910395129366318,0.0016271418008935677
bfo-63e471a5032e0a9170e0e902cd32dee78f4accc2074436cf7ece1f4bf50a82bd,1769,17.72876780455573,17.72876780455573,11.96818247605566,11.987272990422262,0.0002693496342898985,0.16436914919241943,0.0016386872817269573
bfo-63e471a5032e0a9170e0e902cd32dee78f4accc2074436cf7ece1f4bf50a82bd,1770,17.85188734220973,17.85188734220973,11.968030093381705,11.987212037352682,0.00028336603654216443,0.16561448149161892,0.0017109979392502849
bfo-63e471a5032e0a9170e0e902cd32dee78f4accc2074436cf7ece1f4bf50a82bd,1771,17.723810658848414,17.723810658848414,11.968466210709964,11.987386484283986,0.00026705977049988275,0.16229873383236745,0.0016454827723777514
bfo-63e471a5032e0a9170e0e902cd32dee78f4accc2074436cf7ece1f4bf50a82bd,1772,17.730978434652997,17.730978434652997,11.968518719201167,11.987407487680468,0.0002662503804732233,0.16299656127684747,0.0016334723775000418
bfo-63e471a5032e0a9170e0e902cd32dee78f4accc2074436cf7ece1f4bf50a82bd,1773,17.727530883139636,17.727530883139636,11.968720645129142,11.987488258051657,0.00026534532857330875,0.16254616335551575,0.0016324305852298338
bfo-63e471a5032e0a9170e0e902cd32dee78f4accc2074436cf7ece1f4bf50a82bd,1774,17.737045761486083,17.737045761486083,11.968411735869728,11.98736469434789,0.000269207055534804,0.1625935805772119,0.0016557053149276323
bfo-63e471a5032e0a9170e0e902cd32dee78f4accc2074436cf7ece1f4bf50a82bd,1775,17.734225349522553,17.734225349522553,11.968842636339344,11.987537054535737,0.0002632021582016592,0.16212218359031405,0.0016234802195039283
bfo-63e471a5032e0a9170e0e902cd32dee78f4accc2074436cf7ece1f4bf50a82bd,1776,17.73592321559076,17.73592321559076,11.968555792015264,11.987422316806107,0.00026668323336140847,0.16317866988272137,0.0016343020417624262
bfo-63e471a5032e0a9170e0e902cd32dee78f4accc2074436cf7ece1f4bf50a82bd,1777,17.73583423137542,17.73583423137542,11.968145676312108,11.987258270524844,0.00027042180742723533,0.1625682120360143,0.0016634359450747227
bfo-63e471a5032e0a9170e0e902cd32dee78f4accc2074436cf7ece1f4bf50a82bd,1778,17.74030356756288,17.74030356756288,11.968709481909327,11.987483792763733,0.0002668379663740291,0.1631184574492773,0.0016358539097698617
bfo-63e471a5032e0a9170e0e902cd32dee78f4accc2074436cf7ece1f4bf50a82bd,1779,17.72553673976944,17.72553673976944,11.968590071961005,11.987436028784401,0.0002669213429370961,0.1623256313375075,0.0016443573373949377
bfo-63e471a5032e0a9170e0e902cd32dee78f4accc2074436cf7ece1f4bf50a82bd,1780,17.74717896101431,17.74717896101431,11.972413992077993,11.988965596831196,0.00024089999773786413,0.1623358425962198,0.0014839606206810288
bfo-63e471a5032e0a9170e0e902cd32dee78f4accc2074436cf7ece1f4bf50a82bd,1781,17.732846641714374,17.732846641714374,11.968509308266976,11.98740372330679,0.00026869033567515334,0.16239770279227755,0.001654520544658408
bfo-63e471a5032e0a9170e0e902cd32dee78f4accc2074436cf7ece1f4bf50a82bd,1782,17.739787253308645,17.739787253308645,11.967774998898028,11.98710999955921,0.0002740314351239187,0.157405296918144,0.0017409289298976017
bfo-63e471a5032e0a9170e0e902cd32dee78f4accc2074436cf7ece1f4bf50a82bd,1783,17.721314526977693,17.721314526977693,11.968829513639042,11.987531805455616,0.00026159276368659497,0.1613279068875632,0.0016214972891758332
bfo-63e471a5032e0a9170e0e902cd32dee78f4accc2074436cf7ece1f4bf50a82bd,1784,17.726127194283684,17.726127194283684,11.969394935235155,11.98775797409406,0.0002585538213647688,0.16026122193598397,0.0016133274053535397
bfo-63e471a5032e0a9170e0e902cd32dee78f4accc2074436cf7ece1f4bf50a82bd,1785,17.725595576623384,17.725595576623384,11.968864958005785,11.987545983202313,0.00026075954101799955,0.1611399446551337,0.0016182178886561514
bfo-63e471a5032e0a9170e0e902cd32dee78f4accc2074436cf7ece1f4bf50a82bd,1786,17.778945205571254,17.778945205571254,11.96964616518776,11.987858466075103,0.00025545931363533047,0.16031963289607618,0.0015934374912205955
bfo-63e471a5032e0a9170e0e902cd32dee78f4accc2074436cf7ece1f4bf50a82bd,1787,17.72646603579989,17.72646603579989,11.969034792877116,11.987613917150846,0.00025804178623975535,0.16159049312565188,0.0015968871760240466
bfo-63e471a5032e0a9170e0e902cd32dee78f4accc2074436cf7ece1f4bf50a82bd,1788,17.7698513073675,17.7698513073675,11.969748405478885,11.987899362191554,0.0002565059014016212,0.16070542792406425,0.0015961246904667345
bfo-63e471a5032e0a9170e0e902cd32dee78f4accc2074436cf7ece1f4bf50a82bd,1789,17.727304475994725,17.727304475994725,11.968857229929268,11.987542891971707,0.00026121686242613066,0.16192317204415024,0.0016132148297768453
bfo-63e471a5032e0a9170e0e902cd32dee78f4accc2074436cf7ece1f4bf50a82bd,1790,17.746557446707374,17.746557446707374,11.96923470721282,11.98769388288513,0.0002597837541052314,0.15724767643986617,0.0016520673626905804
bfo-63e471a5032e0a9170e0e902cd32dee78f4accc2074436cf7ece1f4bf50a82bd,1791,17.749288917875216,17.749288917875216,11.969379748529217,11.987751899411688,0.00025391898437233663,0.16049608819690347,0.001582088306481451
bfo-63e471a5032e0a9170e0e902cd32dee78f4accc2074436cf7ece1f4bf50a82bd,1792,17.749500460417607,17.749500460417607,11.969391021845654,11.98775640873826,0.0002564597058188468,0.15730670934413885,0.0016303163856653537
bfo-63e471a5032e0a9170e0e902cd32dee78f4accc2074436cf7ece1f4bf50a82bd,1793,1000000.000274996,17.76935035453272,11.968423635094206,11.987369454037683,0.00026172883432482334,0.16239882980683715,0.0016116423661188494
bfo-63e471a5032e0a9170e0e902cd32dee78f4accc2074436cf7ece1f4bf50a82bd,1794,17.790546741994962,17.790546741994962,11.969491662075384,11.987796664830153,0.0002548898220888945,0.15852659620132453,0.0016078678795650875
bfo-63e471a5032e0a9170e0e902cd32dee78f4accc2074436cf7ece1f4bf50a82bd,1795,1000000.0000305942,17.72428578338864,11.96904861833238,11.987619447332952,0.00025682598570109634,0.16177030362562064,0.0015875966104103986
bfo-63e471a5032e0a9170e0e902cd32dee78f4accc2074436cf7ece1f4bf50a82bd,1796,17.731388181193488,17.731388181193488,11.969506103888412,11.987802441555365,0.00025773641210446416,0.16039962024279025,0.0016068392912298624
bfo-63e471a5032e0a9170e0e902cd32dee78f4accc2074436cf7ece1f4bf50a82bd,1797,1000000.0000568167,17.723290913519783,11.969258558873378,11.98770342354935,0.00025558622555375094,0.1610214610646519,0.0015872805020141398
bfo-63e471a5032e0a9170e0e902cd32dee78f4accc2074436cf7ece1f4bf50a82bd,1798,17.77593797707338,17.77593797707338,11.969111776609953,11.98764471064398,0.00025873825483308064,0.15894118625595025,0.001627886773264814
bfo-63e471a5032e0a9170e0e902cd32dee78f4accc2074436cf7ece1f4bf50a82bd,1799,1000000.0000956408,17.73734672297772,11.968086469283605,11.987234587713441,0.00026703835577778694,0.1605669737583796,0.001663096398513588
bfo-63e471a5032e0a9170e0e902cd32dee78f4accc2074436cf7ece1f4bf50a82bd,1800,17.76223535339517,17.76223535339517,11.97008007159122,11.98803202863649,0.00024568637199923025,0.15566956085971378,0.001578255701643803
bfo-63e471a5032e0a9170e0e902cd32dee78f4accc2074436cf7ece1f4bf50a82bd,1801,1000000.0000164574,17.716720904986524,11.968978628670223,11.98759145146809,0.000263665150454975,0.16212569318578585,0.0016263008365542118
bfo-63e471a5032e0a9170e0e902cd32dee78f4accc2074436cf7ece1f4bf50a82bd,1802,17.728597802202046,17.728597802202046,11.969114587565066,11.987645835026026,0.00026093214853185843,0.16246300416845078,0.0016061019545182686
bfo-63e471a5032e0a9170e0e902cd32dee78f4accc2074436cf7ece1f4bf50a82bd,1803,1000000.0000059523,17.71646453987817,11.969155781211965,11.987662312484785,0.0002582033499338982,0.160703354037423,0.0016067079089946707
bfo-63e471a5032e0a9170e0e902cd32dee78f4accc2074436cf7ece1f4bf50a82bd,1804,17.76005112001237,17.76005112001237,11.96839436425532,11.987357745702127,0.0002672979895278463,0.162193336297926,0.0016480207857421348
bfo-63e471a5032e0a9170e0e902cd32dee78f4accc2074436cf7ece1f4bf50a82bd,1805,1000000.0000063666,17.731305154626185,11.969160001420557,11.987664000568222,0.00025737950050648035,0.16103452535914306,0.0015982876959612631
bfo-63e471a5032e0a9170e0e902cd32dee78f4accc2074436cf7ece1f4bf50a82bd,1806,1000000.0,17.993399376156383,11.971929385677399,11.98877175427096,0.0002311898201596865,0.15571405611983685,0.00148470745622196
bfo-63e471a5032e0a9170e0e902cd32dee78f4accc2074436cf7ece1f4bf50a82bd,1807,1000000.0002268611,17.71791634959569,11.969196218722537,11.987678487489015,0.0002495975982360512,0.161521127100431,0.0015452938121268544
bfo-63e471a5032e0a9170e0e902cd32dee78f4accc2074436cf7ece1f4bf50a82bd,1808,17.74130134807233,17.74130134807233,11.96834268985637,11.987337075942548,0.0002711501889731962,0.16127498644751329,0.0016812910355533755
bfo-63e471a5032e0a9170e0e902cd32dee78f4accc2074436cf7ece1f4bf50a82bd,1809,1000000.0000495991,17.73260346122032,11.96983395161734,11.987933580646937,0.0002501796325548138,0.161968872439606,0.0015446155102925676
bfo-63e471a5032e0a9170e0e902cd32dee78f4accc2074436cf7ece1f4bf50a82bd,1810,17.744103212261034,17.744103212261034,11.966765466064814,11.986706186425925,0.00029034511473173395,0.1617791760894261,0.0017947001693916459
bfo-63e471a5032e0a9170e0e902cd32dee78f4accc2074436cf7ece1f4bf50a82bd,1811,1000000.0000718455,17.722351374408237,11.96928011512977,11.987712046051906,0.00025737617267293977,0.15849119036021084,0.0016239146925957721
bfo-63e471a5032e0a9170e0e902cd32dee78f4accc2074436cf7ece1f4bf50a82bd,1812,1000000.0,17.741474386152632,11.968751735178303,11.98750069407132,0.0002583370272864193,0.1614408025790498,0.0016001966241460184
bfo-63e471a5032e0a9170e0e902cd32dee78f4accc2074436cf7ece1f4bf50a82bd,1813,1000000.0000482154,17.74034786310809,11.970101058555517,11.988040423422206,0.0002438489206994559,0.16110069029668464,0.0015136429288439503
bfo-63e471a5032e0a9170e0e902cd32dee78f4accc2074436cf7ece1f4bf50a82bd,1814,17.814886690454415,17.814886690454415,11.968506736297183,11.987402694518874,0.0002606931135301576,0.15956978444567577,0.0016337247959303251
bfo-63e471a5032e0a9170e0e902cd32dee78f4accc2074436cf7ece1f4bf50a82bd,1815,1000000.0000315475,17.72077437801111,11.968959506112785,11.987583802445114,0.0002604138147194804,0.16148234520137147,0.001612645731610719
bfo-63e471a5032e0a9170e0e902cd32dee78f4accc2074436cf7ece1f4bf50a82bd,1816,17.71288556239116,17.71288556239116,11.968311193874689,11.987324477549876,0.0002721849098248986,0.16027365836612237,0.0016982510575950722
bfo-63e471a5032e0a9170e0e902cd32dee78f4accc2074436cf7ece1f4bf50a82bd,1817,17.742063855160335,17.742063855160335,11.969692404147981,11.987876961659193,0.00025707256999831705,0.15732921428466223,0.001633978604464299
bfo-63e471a5032e0a9170e0e902cd32dee78f4accc2074436cf7ece1f4bf50a82bd,1818,1000000.0001182124,17.711358008296312,11.968304296540088,11.987321718616036,0.0002724835901907887,0.1602513081155881,0.001700351737498756
bfo-63e471a5032e0a9170e0e902cd32dee78f4accc2074436cf7ece1f4bf50a82bd,1819,1000000.0,17.831585293308326,11.967680759801144,11.987072303920458,0.00028547096442130813,0.15803486797321814,0.0018063796178808232
bfo-63e471a5032e0a9170e0e902cd32dee78f4accc2074436cf7ece1f4bf50a82bd,1820,1000000.000099078,17.714280558606614,11.969034248681842,11.987613699472737,0.00026383058954656836,0.15900131590109481,0.0016592981514107817
bfo-63e471a5032e0a9170e0e902cd32dee78f4accc2074436cf7ece1f4bf50a82bd,1821,1000000.0,17.733655368355603,11.96884426732223,11.987537706928894,0.0002671202509946658,0.1604034335722882,0.0016653025751738916
bfo-63e471a5032e0a9170e0e902cd32dee78f4accc2074436cf7ece1f4bf50a82bd,1822,1000000.0001498855,17.70291506752975,11.967639788380803,11.987055915352324,0.00027563574319774536,0.16173318768079326,0.0017042621069322972
bfo-63e471a5032e0a9170e0e902cd32dee78f4accc2074436cf7ece1f4bf50a82bd,1823,17.851107920524978,17.851107920524978,11.962690401539705,11.98507616061588,0.00031241487543813085,0.16399602201432356,0.0019050149607338905
bfo-63e471a5032e0a9170e0e902cd32dee78f4accc2074436cf7ece1f4bf50a82bd,1824,1000000.0001813958,17.715881398417537,11.968537015698542,11.987414806279418,0.00027126682399618404,0.15958657985651392,0.0016998097474116125
bfo-63e471a5032e0a9170e0e902cd32dee78f4accc2074436cf7ece1f4bf50a82bd,1825,17.787410681015164,17.787410681015164,11.968807865588783,11.987523146235512,0.0002691978836830419,0.15708948366096157,0.0017136594850871005
bfo-63e471a5032e0a9170e0e902cd32dee78f4accc2074436cf7ece1f4bf50a82bd,1826,1000000.0001054326,17.721465154794785,11.968371617950766,11.987348647180305,0.00026907462979525453,0.16007631467951883,0.00168091469580591
bfo-63e471a5032e0a9170e0e902cd32dee78f4accc2074436cf7ece1f4bf50a82bd,1827,1000000.0,17.770997488642728,11.967914314059733,11.987165725623893,0.00028185498775242906,0.15971445538130913,0.001764743129101974
bfo-63e471a5032e0a9170e0e902cd32dee78f4accc2074436cf7ece1f4bf50a82bd,1828,1000000.0000641993,17.714392995301036,11.967752096003068,11.987100838401226,0.0002773024561129947,0.1597279858892636,0.0017360918599777704
bfo-63e471a5032e0a9170e0e902cd32dee78f4accc2074436cf7ece1f4bf50a82bd,1829,17.785635792164367,17.785635792164367,11.968396365699638,11.987358546279856,0.0002736501517675877,0.15748624535021374,0.0017376130287381716
bfo-63e471a5032e0a9170e0e902cd32dee78f4accc2074436cf7ece1f4bf50a82bd,1830,1000000.0000696272,17.740066395894146,11.968866118723497,11.987546447489398,0.0002604154000844733,0.1589113885259825,0.001638745986049292
bfo-63e471a5032e0a9170e0e902cd32dee78f4accc2074436cf7ece1f4bf50a82bd,1831,1000000.0,17.767043912845494,11.969246621448796,11.987698648579519,0.00026481708787298903,0.15874191018461814,0.0016682241480211785
bfo-63e471a5032e0a9170e0e902cd32dee78f4accc2074436cf7ece1f4bf50a82bd,1832,1000000.0000848777,17.71708787614875,11.968620828607287,11.987448331442916,0.000266497334211265,0.15971664635258356,0.0016685632981734227
bfo-63e471a5032e0a9170e0e902cd32dee78f4accc2074436cf7ece1f4bf50a82bd,1833,1000000.0,17.728058140929196,11.969173178755513,11.987669271502204,0.00026944462457098925,0.1599502038620728,0.0016845531800843154
bfo-63e471a5032e0a9170e0e902cd32dee78f4accc2074436cf7ece1f4bf50a82bd,1834,1000000.0000660578,17.735004164065238,11.968721593901742,11.987488637560698,0.00026035772852652834,0.15909164043522853,0.001636526770446676
bfo-63e471a5032e0a9170e0e902cd32dee78f4accc2074436cf7ece1f4bf50a82bd,1835,1000000.0,17.75717281020744,11.969302788344592,11.987721115337838,0.00027489407041182603,0.1652727543815212,0.0016632751807188456
bfo-63e471a5032e0a9170e0e902cd32dee78f4accc2074436cf7ece1f4bf50a82bd,1836,1000000.0002558769,17.73009383673736,11.968095799840905,11.987238319936363,0.0002762567734239227,0.16033082942365265,0.0017230421274373334
bfo-63e471a5032e0a9170e0e902cd32dee78f4accc2074436cf7ece1f4bf50a82bd,1837,1000000.0,17.7255075249169,11.96827595676909,11.987310382707635,0.0002709555209508849,0.1602388098140188,0.001690948162092376
bfo-63e471a5032e0a9170e0e902cd32dee78f4accc2074436cf7ece1f4bf50a82bd,1838,1000000.0000174065,17.70729161534353,11.96775579093642,11.98710231637457,0.0002838496394577595,0.1603603531584146,0.0017700736738672181
bfo-63e471a5032e0a9170e0e902cd32dee78f4accc2074436cf7ece1f4bf50a82bd,1839,1000000.0,17.793742553862007,11.967665160753565,11.987066064301425,0.0002921789144980093,0.15858741475222152,0.0018423839934241467
bfo-63e471a5032e0a9170e0e902cd32dee78f4accc2074436cf7ece1f4bf50a82bd,1840,1000000.0000035735,17.706054772744807,11.9683836072538,11.98735344290152,0.00027520190258616497,0.16243170369682483,0.0016942622426704532
bfo-63e471a5032e0a9170e0e902cd32dee78f4accc2074436cf7ece1f4bf50a82bd,1841,1000000.0001228361,17.704768565752264,11.968041346525794,11.987216538610319,0.00026952738269658995,0.16024510681562695,0.0016819695031730347
bfo-63e471a5032e0a9170e0e902cd32dee78f4accc2074436cf7ece1f4bf50a82bd,1842,1000000.0000217396,17.702935297074315,11.967737698039981,11.987095079215992,0.0002764050136338351,0.1599044689449959,0.0017285634069984194
bfo-63e471a5032e0a9170e0e902cd32dee78f4accc2074436cf7ece1f4bf50a82bd,1843,1000000.0001464696,17.70874843067213,11.968525781015403,11.987410312406164,0.00026906745454961746,0.15995828074135796,0.0016821101933739953
bfo-63e471a5032e0a9170e0e902cd32dee78f4accc2074436cf7ece1f4bf50a82bd,1844,1000000.0001038739,17.906308292533698,11.966749009376622,11.98669960375065,0.0002902577189817664,0.16017721952228678,0.0018121036177768117
bfo-63e471a5032e0a9170e0e902cd32dee78f4accc2074436cf7ece1f4bf50a82bd,1845,1000000.0001131729,17.704399576764448,11.968346922859983,11.987338769143992,0.00027169544800455085,0.16014002078631187,0.0016966117942940487
bfo-63e471a5032e0a9170e0e902cd32dee78f4accc2074436cf7ece1f4bf50a82bd,1846,1000000.0000027212,17.71390828019451,11.966437386045822,11.986574954418328,0.00028830340236180144,0.16197954449839508,0.001779875374107241
bfo-63e471a5032e0a9170e0e902cd32dee78f4accc2074436cf7ece1f4bf50a82bd,1847,1000000.0000189873,17.708771487515357,11.968159188311313,11.987263675324524,0.00027283464358476026,0.16148085163592976,0.0016895789241927312
bfo-63e471a5032e0a9170e0e902cd32dee78f4accc2074436cf7ece1f4bf50a82bd,1848,1000000.0000085724,17.715712327237952,11.968852482366161,11.987540992946466,0.00026181087249369336,0.16062860542487356,0.001629914371734635
bfo-63e471a5032e0a9170e0e902cd32dee78f4accc2074436cf7ece1f4bf50a82bd,1849,1000000.0000100726,17.726132951795993,11.96773878101629,11.987095512406517,0.0002805053456598536,0.16164897905559977,0.0017352744650702232
bfo-63e471a5032e0a9170e0e902cd32dee78f4accc2074436cf7ece1f4bf50a82bd,1850,1000000.0000489283,17.717282110155008,11.968048352470229,11.987219340988092,0.00027533654989861996,0.15987449926018715,0.001722204298826447
bfo-63e471a5032e0a9170e0e902cd32dee78f4accc2074436cf7ece1f4bf50a82bd,1851,1000000.0000065592,17.712599863298507,11.968182727353893,11.987273090941557,0.0002733269440611067,0.16055545059873733,0.0017023834634191874
bfo-63e471a5032e0a9170e0e902cd32dee78f4accc2074436cf7ece1f4bf50a82bd,1852,1000000.000003982,17.70617766443004,11.968184226769504,11.987273690707802,0.0002714376789729846,0.16068192109522858,0.001689285746167525
bfo-63e471a5032e0a9170e0e902cd32dee78f4accc2074436cf7ece1f4bf50a82bd,1853,1000000.0000350364,17.72089383445397,11.969650682701829,11.987860273080733,0.00025782623362945574,0.1589363599347913,0.0016221979271152124
bfo-63e471a5032e0a9170e0e902cd32dee78f4accc2074436cf7ece1f4bf50a82bd,1854,1000000.0000002172,17.709332824162104,11.968241983367058,11.987296793346824,0.00027135189827894306,0.16062930229364894,0.0016893050919369644
bfo-63e471a5032e0a9170e0e902cd32dee78f4accc2074436cf7ece1f4bf50a82bd,1855,17.705349314178534,17.705349314178534,11.9682408613783,11.987296344551321,0.00027080069834544833,0.16084795361049578,0.0016835818688822773
bfo-63e471a5032e0a9170e0e902cd32dee78f4accc2074436cf7ece1f4bf50a82bd,1856,1000000.000070536,17.7201182291627,11.968200262760536,11.987280105104215,0.00026825520737210426,0.16172983852649198,0.0016586624324624118
bfo-63e471a5032e0a9170e0e902cd32dee78f4accc2074436cf7ece1f4bf50a82bd,1857,1000000.0000903169,17.704203446400136,11.966993839733608,11.986797535893444,0.0002782821873276364,0.16236778593807152,0.0017139002402470132
bfo-63e471a5032e0a9170e0e902cd32dee78f4accc2074436cf7ece1f4bf50a82bd,1858,1000000.0000008747,17.708825370604217,11.968592040208348,11.987436816083338,0.00026634747252235236,0.16132389291214635,0.0016510106947853016
bfo-63e471a5032e0a9170e0e902cd32dee78f4accc2074436cf7ece1f4bf50a82bd,1859,1000000.0000190587,17.706072314739426,11.968554164905244,11.987421665962097,0.00026823951502684136,0.15881586539599138,0.0016889969673874402
bfo-63e471a5032e0a9170e0e902cd32dee78f4accc2074436cf7ece1f4bf50a82bd,1860,1000000.0000742828,17.728763301557237,11.969130663981797,11.98765226559272,0.0002638556973717194,0.16018020698263966,0.0016472428294484357
bfo-63e471a5032e0a9170e0e902cd32dee78f4accc2074436cf7ece1f4bf50a82bd,1861,1000000.000191807,17.73656302473683,11.967750376156518,11.987100150462608,0.00026704745604341757,0.15930344441655614,0.0016763445198656594
bfo-63e471a5032e0a9170e0e902cd32dee78f4accc2074436cf7ece1f4bf50a82bd,1862,1000000.0000761693,17.709159048152195,11.96893780778345,11.987575123113379,0.00026223188824600423,0.15785520392831803,0.0016612178865201277
bfo-63e471a5032e0a9170e0e902cd32dee78f4accc2074436cf7ece1f4bf50a82bd,1863,1000000.0000952494,17.720571748376745,11.968304263584445,11.987321705433779,0.00027199347057745666,0.15968065058287448,0.0017033589829739057
bfo-63e471a5032e0a9170e0e902cd32dee78f4accc2074436cf7ece1f4bf50a82bd,1864,1000000.0000524826,17.704573459465752,11.968093541532928,11.987237416613171,0.00026960516660510695,0.16031030663183765,0.0016817706376438515
bfo-63e471a5032e0a9170e0e902cd32dee78f4accc2074436cf7ece1f4bf50a82bd,1865,1000000.0000589387,17.70536559459488,11.968067645533557,11.987227058213424,0.00026997029068219226,0.16000648729360062,0.0016872459063913816
bfo-63e471a5032e0a9170e0e902cd32dee78f4accc2074436cf7ece1f4bf50a82bd,1866,1000000.0000642706,17.709168981545872,11.968281532751064,11.987312613100425,0.00028108468493599623,0.16079556443968224,0.001748087305240543
bfo-63e471a5032e0a9170e0e902cd32dee78f4accc2074436cf7ece1f4bf50a82bd,1867,1000000.0000757397,17.708683966564333,11.968270102030155,11.987308040812064,0.0002724579262010807,0.15967991129374723,0.0017062755358115587
bfo-63e471a5032e0a9170e0e902cd32dee78f4accc2074436cf7ece1f4bf50a82bd,1868,1000000.0000890506,17.70587682063752,11.967798793900966,11.987119517560387,0.00026941077073927637,0.15909388509325084,0.0016934074529725935
bfo-63e471a5032e0a9170e0e902cd32dee78f4accc2074436cf7ece1f4bf50a82bd,1869,1000000.0001074655,17.710659911964267,11.967510786584942,11.987004314633976,0.00026850418158177515,0.158219521007993,0.0016970357378860395
bfo-63e471a5032e0a9170e0e902cd32dee78f4accc2074436cf7ece1f4bf50a82bd,1870,1000000.0000883724,17.706170534932994,11.968658242138545,11.987463296855418,0.0002646185043759821,0.1625033603054234,0.0016283878922788695
bfo-63e471a5032e0a9170e0e902cd32dee78f4accc2074436cf7ece1f4bf50a82bd,1871,1000000.0000322888,17.736090421551005,11.968022543639965,11.987209017455985,0.0002755667738876724,0.16137575857413214,0.0017076094719708703
bfo-63e471a5032e0a9170e0e902cd32dee78f4accc2074436cf7ece1f4bf50a82bd,1872,1000000.0000027742,17.71292241402585,11.968886549765847,11.987554619906337,0.00026231094135619734,0.1592009170863643,0.0016476723008693303
bfo-63e471a5032e0a9170e0e902cd32dee78f4accc2074436cf7ece1f4bf50a82bd,1873,1000000.000174549,17.705995410735582,11.968049024403102,11.98721960976124,0.0002679291744204838,0.16033742277857266,0.0016710333107355496
bfo-63e471a5032e0a9170e0e902cd32dee78f4accc2074436cf7ece1f4bf50a82bd,1874,1000000.0004154672,17.7139073115259,11.968169483353057,11.987267793341223,0.00027373449133575407,0.15993752009484835,0.001711508914064819
bfo-63e471a5032e0a9170e0e902cd32dee78f4accc2074436cf7ece1f4bf50a82bd,1875,1000000.0003126508,17.705079426774358,11.968721957949253,11.9874887831797,0.00027205377273663235,0.16244132714874104,0.0016747817658958398
bfo-63e471a5032e0a9170e0e902cd32dee78f4accc2074436cf7ece1f4bf50a82bd,1876,1000000.0001587714,17.743047319089328,11.969223684977361,11.987689473990944,0.0002597815866556634,0.1609385545223149,0.0016141662725052215
bfo-63e471a5032e0a9170e0e902cd32dee78f4accc2074436cf7ece1f4bf50a82bd,1877,1000000.0001663155,17.715033809139875,11.968195855149695,11.987278342059879,0.00027172974552223847,0.16136021065316028,0.0016839947371307957
bfo-63e471a5032e0a9170e0e902cd32dee78f4accc2074436cf7ece1f4bf50a82bd,1878,1000000.0001849557,17.71990976811324,11.968262941667584,11.987305176667032,0.0002723040960605345,0.1613877587165502,0.0016872661112965186
bfo-63e471a5032e0a9170e0e902cd32dee78f4accc2074436cf7ece1f4bf50a82bd,1879,1000000.0001286073,17.729808967441095,11.967248054150344,11.986899221660138,0.00028231820903362606,0.1618822562658033,0.0017439725362492625
bfo-63e471a5032e0a9170e0e902cd32dee78f4accc2074436cf7ece1f4bf50a82bd,1880,1000000.0001644458,17.715253462106745,11.968746841529798,11.987498736611919,0.0002700400113959105,0.16082973333341452,0.0016790428349221548
bfo-63e471a5032e0a9170e0e902cd32dee78f4accc2074436cf7ece1f4bf50a82bd,1881,1000000.0001379912,17.704254552219652,11.967530321537005,11.9870121286148,0.0002777509010947979,0.16108417196660513,0.001724259421045907
bfo-63e471a5032e0a9170e0e902cd32dee78f4accc2074436cf7ece1f4bf50a82bd,1882,1000000.000022089,17.709401109732074,11.968879337140791,11.987551734856316,0.00026698216524503985,0.16015425390685442,0.0016670313696463938
bfo-63e471a5032e0a9170e0e902cd32dee78f4accc2074436cf7ece1f4bf50a82bd,1883,1000000.0002510655,17.719951496057433,11.968290030669758,11.987316012267902,0.0002687840659067407,0.16024786536691116,0.0016773020051862775
bfo-63e471a5032e0a9170e0e902cd32dee78f4accc2074436cf7ece1f4bf50a82bd,1884,1000000.0,17.757342380777803,11.968006294211872,11.987202517684748,0.00027863898066985066,0.16188527847830517,0.0017212125975197435
bfo-63e471a5032e0a9170e0e902cd32dee78f4accc2074436cf7ece1f4bf50a82bd,1885,1000000.0001603577,17.710560957776565,11.967982931900238,11.987193172760094,0.0002692235913686908,0.1606607296421838,0.0016757274286522488
bfo-63e471a5032e0a9170e0e902cd32dee78f4accc2074436cf7ece1f4bf50a82bd,1886,1000000.0,17.72606756468811,11.967174693732975,11.98686987749319,0.00028031104331414296,0.16331634716543741,0.001716368558195778
bfo-63e471a5032e0a9170e0e902cd32dee78f4accc2074436cf7ece1f4bf50a82bd,1887,17.703803736597067,17.703803736597067,11.968485085937722,11.98739403437509,0.0002730582902562766,0.15978986961457986,0.0017088585835566743
bfo-63e471a5032e0a9170e0e902cd32dee78f4accc2074436cf7ece1f4bf50a82bd,1888,17.790845088012745,17.790845088012745,11.968371923500337,11.987348769400135,0.00028277229877085423,0.16235062777564602,0.0017417382528487672
bfo-63e471a5032e0a9170e0e902cd32dee78f4accc2074436cf7ece1f4bf50a82bd,1889,1000000.0000434244,17.71457383146409,11.967969099054265,11.987187639621704,0.0002729341705668956,0.159983646950278,0.0017060129317574687
bfo-63e471a5032e0a9170e0e902cd32dee78f4accc2074436cf7ece1f4bf50a82bd,1890,1000000.0,17.7399298185039,11.967701150721558,11.987080460288622,0.0002834555661401189,0.15854329326804142,0.0017878748466571485
bfo-63e471a5032e0a9170e0e902cd32dee78f4accc2074436cf7ece1f4bf50a82bd,1891,1000000.000100285,17.710467158684697,11.967273740183227,11.986909496073292,0.0002777054564403457,0.15835233406582003,0.0017537187442081901
bfo-63e471a5032e0a9170e0e902cd32dee78f4accc2074436cf7ece1f4bf50a82bd,1892,17.730272740670294,17.730272740670294,11.969852066367395,11.987940826546957,0.000260699647425817,0.15675580998049146,0.0016630940024376865
bfo-63e471a5032e0a9170e0e902cd32dee78f4accc2074436cf7ece1f4bf50a82bd,1893,1000000.0000723819,17.69879277784284,11.967836274448677,11.98713450977947,0.00027877347498978547,0.1603623913951291,0.0017383968433277745
bfo-63e471a5032e0a9170e0e902cd32dee78f4accc2074436cf7ece1f4bf50a82bd,1894,1000000.0,17.791089739429438,11.968443061899576,11.987377224759829,0.00027908449769383685,0.1584638521958334,0.0017611871340155079
bfo-63e471a5032e0a9170e0e902cd32dee78f4accc2074436cf7ece1f4bf50a82bd,1895,17.707039735593117,17.707039735593117,11.968684999360311,11.987473999744124,0.00027135645727034604,0.16030467298012252,0.0016927545044428851
bfo-63e471a5032e0a9170e0e902cd32dee78f4accc2074436cf7ece1f4bf50a82bd,1896,17.72414931591348,17.72414931591348,11.969259800339879,11.987703920135953,0.0002666788501873365,0.1569734535886722,0.0016988786580827387
bfo-63e471a5032e0a9170e0e902cd32dee78f4accc2074436cf7ece1f4bf50a82bd,1897,17.725179911639557,17.725179911639557,11.969611818014002,11.9878447272056,0.0002654973356904801,0.1598309395745576,0.0016611135265624302
bfo-63e471a5032e0a9170e0e902cd32dee78f4accc2074436cf7ece1f4bf50a82bd,1898,17.74285118949628,17.74285118949628,11.96918816411908,11.987675265647631,0.0002676489132249965,0.15846547741920355,0.001689004555338951
bfo-63e471a5032e0a9170e0e902cd32dee78f4accc2074436cf7ece1f4bf50a82bd,1899,17.719681632753698,17.719681632753698,11.967696511346269,11.987078604538507,0.0002851285295937397,0.1609747243443651,0.0017712627293200304
bfo-63e471a5032e0a9170e0e902cd32dee78f4accc2074436cf7ece1f4bf50a82bd,1900,17.735047391920354,17.735047391920354,11.968970569034955,11.987588227613983,0.00027222946834971743,0.15752296707358643,0.0017281890597105512
bfo-63e471a5032e0a9170e0e902cd32dee78f4accc2074436cf7ece1f4bf50a82bd,1901,1000000.000063243,17.72936865222289,11.968799566382984,11.987519826553195,0.0002753312396195794,0.15970855906545633,0.001723960451654537
bfo-63e471a5032e0a9170e0e902cd32dee78f4accc2074436cf7ece1f4bf50a82bd,1902,1000000.0001017472,17.711735062244713,11.967848076224572,11.987139230489829,0.00027814292489044076,0.1590182948551,0.0017491253138130366
bfo-63e471a5032e0a9170e0e902cd32dee78f4accc2074436cf7ece1f4bf50a82bd,1903,17.712818801639347,17.712818801639347,11.96751836533257,11.987007346133028,0.00028198914729595057,0.16004783541258508,0.001761905411397878
bfo-63e471a5032e0a9170e0e902cd32dee78f4accc2074436cf7ece1f4bf50a82bd,1904,1000000.0003492823,17.731420562902173,11.968083144205197,11.987233257682076,0.00027725822143755336,0.1597260748064174,0.0017358356910327944
bfo-63e471a5032e0a9170e0e902cd32dee78f4accc2074436cf7ece1f4bf50a82bd,1905,1000000.0,17.769048449195633,11.969645519366482,11.987858207746594,0.0002629345070204811,0.15999877164307655,0.001643353285280417
bfo-63e471a5032e0a9170e0e902cd32dee78f4accc2074436cf7ece1f4bf50a82bd,1906,1000000.0001180869,17.70265945151997,11.96764653516094,11.987058614064374,0.0002812691104195059,0.15999102539316892,0.0017580305503280757
bfo-63e471a5032e0a9170e0e902cd32dee78f4accc2074436cf7ece1f4bf50a82bd,1907,1000000.0,17.729397583843188,11.969032315662492,11.987612926264998,0.0002676215131564391,0.15954915888447058,0.0016773608524644347
bfo-63e471a5032e0a9170e0e902cd32dee78f4accc2074436cf7ece1f4bf50a82bd,1908,1000000.0002082122,17.703036019008856,11.967902575426358,11.987161030170544,0.00027860474615700603,0.1597002112968442,0.0017445483878486983
bfo-63e471a5032e0a9170e0e902cd32dee78f4accc2074436cf7ece1f4bf50a82bd,1909,17.772862501864164,17.772862501864164,11.969395029052295,11.987758011620919,0.00026931840300068344,0.15965661533298256,0.0016868602809785764
bfo-63e471a5032e0a9170e0e902cd32dee78f4accc2074436cf7ece1f4bf50a82bd,1910,1000000.0000312362,17.704805031091666,11.968169521607273,11.987267808642908,0.00027245779676463,0.1599971046963398,0.00170289204471375
bfo-63e471a5032e0a9170e0e902cd32dee78f4accc2074436cf7ece1f4bf50a82bd,1911,17.750970461179893,17.750970461179893,11.967126375037424,11.98685055001497,0.00029124229667362776,0.16116493496320616,0.0018071070902620236
bfo-63e471a5032e0a9170e0e902cd32dee78f4accc2074436cf7ece1f4bf50a82bd,1912,1000000.0000575277,17.72085777202399,11.968336205736112,11.987334482294445,0.00027570180838373343,0.1602242938611211,0.0017207241282817304
bfo-63e471a5032e0a9170e0e902cd32dee78f4accc2074436cf7ece1f4bf50a82bd,1913,1000000.000039637,17.720700615400332,11.968527987419632,11.987411194967853,0.00026842516794745307,0.15930337634625472,0.001684993589614925
bfo-63e471a5032e0a9170e0e902cd32dee78f4accc2074436cf7ece1f4bf50a82bd,1914,1000000.0000091083,17.70890718395222,11.969034875485344,11.987613950194138,0.0002661029857152265,0.15940523882820354,0.0016693490607420673
bfo-63e471a5032e0a9170e0e902cd32dee78f4accc2074436cf7ece1f4bf50a82bd,1915,1000000.0002697271,17.72392210664741,11.967547029454323,11.987018811781729,0.00028053794539704876,0.16268093196446326,0.0017244672870347871
bfo-63e471a5032e0a9170e0e902cd32dee78f4accc2074436cf7ece1f4bf50a82bd,1916,17.7154413941385,17.7154413941385,11.968158634323368,11.987263453729348,0.00027755109898310406,0.15930365385644332,0.00174227704301886
bfo-63e471a5032e0a9170e0e902cd32dee78f4accc2074436cf7ece1f4bf50a82bd,1917,17.702290334011874,17.702290334011874,11.968630158322393,11.987452063328957,0.0002721530649353563,0.15945885093205223,0.0017067291238121662
bfo-63e471a5032e0a9170e0e902cd32dee78f4accc2074436cf7ece1f4bf50a82bd,1918,1000000.0000334481,17.711171428328498,11.968557091992714,11.987422836797087,0.0002749409247871116,0.16012988832184424,0.0017169869264787672
bfo-63e471a5032e0a9170e0e902cd32dee78f4accc2074436cf7ece1f4bf50a82bd,1919,1000000.0000667655,17.710566734888623,11.968342505330632,11.987337002132254,0.000271631126377373,0.15902486006619315,0.0017081047973524905
bfo-63e471a5032e0a9170e0e902cd32dee78f4accc2074436cf7ece1f4bf50a82bd,1920,1000000.0001498989,17.721273997915333,11.968161092711853,11.987264437084741,0.00027691115063649375,0.15862626055924647,0.0017456829005501784
bfo-63e471a5032e0a9170e0e902cd32dee78f4accc2074436cf7ece1f4bf50a82bd,1921,17.70103594448436,17.70103594448436,11.968265190125082,11.987306076050034,0.00027634912833836604,0.15926567495190974,0.0017351455573952745
bfo-63e471a5032e0a9170e0e902cd32dee78f4accc2074436cf7ece1f4bf50a82bd,1922,1000000.0000120101,17.702181900348123,11.968016649488927,11.98720665979557,0.00027881879438269603,0.1586638792215974,0.001757292181122615
bfo-63e471a5032e0a9170e0e902cd32dee78f4accc2074436cf7ece1f4bf50a82bd,1923,1000000.0003480992,17.732979272846883,11.96846138390437,11.987384553561748,0.00027662706050948197,0.16159854833875884,0.0017118164943511064
bfo-63e471a5032e0a9170e0e902cd32dee78f4accc2074436cf7ece1f4bf50a82bd,1924,1000000.0001687037,17.69803063741488,11.968443884139246,11.987377553655698,0.00027390947802166497,0.15762373159019918,0.0017377426308735878
bfo-63e471a5032e0a9170e0e902cd32dee78f4accc2074436cf7ece1f4bf50a82bd,1925,1000000.000109083,17.698820478643626,11.968339802259322,11.987335920903728,0.00027523382999733095,0.15787899224347074,0.0017433214266587363
bfo-63e471a5032e0a9170e0e902cd32dee78f4accc2074436cf7ece1f4bf50a82bd,1926,17.76581517231553,17.76581517231553,11.968438969709748,11.987375587883898,0.00027370056040519364,0.15379893544152262,0.0017795998367573875
bfo-63e471a5032e0a9170e0e902cd32dee78f4accc2074436cf7ece1f4bf50a82bd,1927,17.691288644463206,17.691288644463206,11.96862193974496,11.987448775897983,0.00027100674060330445,0.15784852792275025,0.0017168784794491898
bfo-63e471a5032e0a9170e0e902cd32dee78f4accc2074436cf7ece1f4bf50a82bd,1928,1000000.0,17.81404342583221,11.967260407153525,11.98690416286141,0.00028843747145161695,0.15828689706717283,0.0018222447770216356
bfo-63e471a5032e0a9170e0e902cd32dee78f4accc2074436cf7ece1f4bf50a82bd,1929,17.691790094896934,17.691790094896934,11.968782478046212,11.987512991218486,0.00026890548885454615,0.15691540320626965,0.001713697211108475
bfo-63e471a5032e0a9170e0e902cd32dee78f4accc2074436cf7ece1f4bf50a82bd,1930,1000000.0,17.733013338509693,11.968766577002468,11.987506630800986,0.00026923482867262046,0.15460130795176083,0.0017414783370178727
bfo-63e471a5032e0a9170e0e902cd32dee78f4accc2074436cf7ece1f4bf50a82bd,1931,17.696698608312204,17.696698608312204,11.968368464813945,11.98734738592558,0.00027103658432014186,0.15725725003853686,0.0017235236165818917
bfo-63e471a5032e0a9170e0e902cd32dee78f4accc2074436cf7ece1f4bf50a82bd,1932,17.72819120744281,17.72819120744281,11.966848758655365,11.986739503462147,0.00028920681324383476,0.15686670607397135,0.0018436468800935855
bfo-63e471a5032e0a9170e0e902cd32dee78f4accc2074436cf7ece1f4bf50a82bd,1933,17.70835995491865,17.70835995491865,11.969331403950791,11.987732561580316,0.00026129181339648214,0.15679442410409783,0.0016664611314430873
bfo-63e471a5032e0a9170e0e902cd32dee78f4accc2074436cf7ece1f4bf50a82bd,1934,1000000.0,17.712610255807,11.969645964602691,11.987858385841077,0.0002664638738794138,0.1520395252296525,0.0017525960665618085
bfo-63e471a5032e0a9170e0e902cd32dee78f4accc2074436cf7ece1f4bf50a82bd,1935,1000000.0000305639,17.704126599431,11.969431026247161,11.987772410498863,0.000268548962804492,0.1567853934001697,0.0017128442706334489
bfo-63e471a5032e0a9170e0e902cd32dee78f4accc2074436cf7ece1f4bf50a82bd,1936,1000000.0,17.729135191272178,11.968427137573983,11.987370855029592,0.00028467641071096994,0.16016615223070146,0.0017773818422067438
bfo-63e471a5032e0a9170e0e902cd32dee78f4accc2074436cf7ece1f4bf50a82bd,1937,17.70559841496152,17.70559841496152,11.968258239439413,11.987303295775765,0.00027669319592662367,0.15828105722037214,0.0017481131399153358
bfo-63e471a5032e0a9170e0e902cd32dee78f4accc2074436cf7ece1f4bf50a82bd,1938,17.704176356397866,17.704176356397866,11.96937200769388,11.987748803077553,0.0002657467244900355,0.15698944301181203,0.001692768121166214
bfo-63e471a5032e0a9170e0e902cd32dee78f4accc2074436cf7ece1f4bf50a82bd,1939,17.694650212322003,17.694650212322003,11.968776432671604,11.987510573068642,0.0002670850876720294,0.15675020381775973,0.001703889890838973
bfo-63e471a5032e0a9170e0e902cd32dee78f4accc2074436cf7ece1f4bf50a82bd,1940,17.713132790466616,17.713132790466616,11.971089970859198,11.98843598834368,0.0002393370284564094,0.15792949189154384,0.0015154676025980708
bfo-63e471a5032e0a9170e0e902cd32dee78f4accc2074436cf7ece1f4bf50a82bd,1941,17.696825308757102,17.696825308757102,11.969701299790902,11.987880519916361,0.00025814169489613297,0.1565695456865797,0.001648735031861688
bfo-63e471a5032e0a9170e0e902cd32dee78f4accc2074436cf7ece1f4bf50a82bd,1942,1000000.0,17.67674623447972,11.96893312862113,11.987573251448453,0.00025261897210813626,0.15807553429787108,0.0015980902625456978
bfo-63e471a5032e0a9170e0e902cd32dee78f4accc2074436cf7ece1f4bf50a82bd,1943,17.69394991333568,17.69394991333568,11.969469732839146,11.987787893135657,0.0002610898639491108,0.15756035684441616,0.0016570783995299365
bfo-63e471a5032e0a9170e0e902cd32dee78f4accc2074436cf7ece1f4bf50a82bd,1944,17.708812838306063,17.708812838306063,11.969277266752888,11.987710906701153,0.00026673884296023745,0.15617081456882362,0.0017079941837832133
bfo-63e471a5032e0a9170e0e902cd32dee78f4accc2074436cf7ece1f4bf50a82bd,1945,1000000.0000310064,17.692464271024328,11.969011467471153,11.98760458698846,0.0002632345880145182,0.15753155920927278,0.0016709958901938134
bfo-63e471a5032e0a9170e0e902cd32dee78f4accc2074436cf7ece1f4bf50a82bd,1946,17.685979619592374,17.685979619592374,11.968812406534745,11.987524962613898,0.00027995241074225887,0.159491113889436,0.0017552853191327654
bfo-63e471a5032e0a9170e0e902cd32dee78f4accc2074436cf7ece1f4bf50a82bd,1947,17.682778850839675,17.682778850839675,11.970893889552618,11.988357555821047,0.00025872541195786985,0.15610103008606224,0.0016574228358085038
bfo-63e471a5032e0a9170e0e902cd32dee78f4accc2074436cf7ece1f4bf50a82bd,1948,17.71547274105765,17.71547274105765,11.969439354680164,11.987775741872065,0.0002732667811264942,0.15418677428561542,0.0017723101244747172
bfo-63e471a5032e0a9170e0e902cd32dee78f4accc2074436cf7ece1f4bf50a82bd,1949,17.694367387873125,17.694367387873125,11.97098072763309,11.988392291053238,0.0002574319965569747,0.1549498567190913,0.001661389058420837
bfo-63e471a5032e0a9170e0e902cd32dee78f4accc2074436cf7ece1f4bf50a82bd,1950,17.69670180280994,17.69670180280994,11.972589755992459,11.989035902396983,0.00024202853703886488,0.15759521515437866,0.0015357606942683901
bfo-63e471a5032e0a9170e0e902cd32dee78f4accc2074436cf7ece1f4bf50a82bd,1951,17.687650371420073,17.687650371420073,11.970434039209245,11.9881736156837,0.0002610402327739947,0.15617151005995167,0.0016714971423007032
bfo-63e471a5032e0a9170e0e902cd32dee78f4accc2074436cf7ece1f4bf50a82bd,1952,17.716997333132603,17.716997333132603,11.971907756484997,11.988763102593998,0.0002489209064552915,0.15482781129076884,0.0016077273480784048
bfo-63e471a5032e0a9170e0e902cd32dee78f4accc2074436cf7ece1f4bf50a82bd,1953,17.68593261502187,17.68593261502187,11.970941970866873,11.988376788346748,0.0002595116548365305,0.1570172621935519,0.001652758755382169
bfo-63e471a5032e0a9170e0e902cd32dee78f4accc2074436cf7ece1f4bf50a82bd,1954,1000000.0,17.691563857594517,11.97170352347606,11.988681409390425,0.00024729773912654334,0.15616363553085935,0.0015835808271617438
bfo-63e471a5032e0a9170e0e902cd32dee78f4accc2074436cf7ece1f4bf50a82bd,1955,17.70029079103365,17.70029079103365,11.97110496816934,11.988441987267738,0.00025012578682595847,0.15558021670124386,0.001607696609050672
bfo-63e471a5032e0a9170e0e902cd32dee78f4accc2074436cf7ece1f4bf50a82bd,1956,17.76225707819922,17.76225707819922,11.970356848612637,11.988142739445056,0.00025667202236968065,0.15857047138801442,0.0016186621640394598
bfo-63e471a5032e0a9170e0e902cd32dee78f4accc2074436cf7ece1f4bf50a82bd,1957,17.686469852080265,17.686469852080265,11.971383049265333,11.988553219706134,0.00025127814374463736,0.1556899499272346,0.001613965088061742
bfo-63e471a5032e0a9170e0e902cd32dee78f4accc2074436cf7ece1f4bf50a82bd,1958,17.70708568203706,17.70708568203706,11.971002148669427,11.98840085946777,0.0002559691801859384,0.1567266561758523,0.0016332204516552235
bfo-63e471a5032e0a9170e0e902cd32dee78f4accc2074436cf7ece1f4bf50a82bd,1959,17.682914483303403,17.682914483303403,11.970918449560983,11.988367379824394,0.0002566021312929418,0.15641199425773603,0.00164055277544836
bfo-63e471a5032e0a9170e0e902cd32dee78f4accc2074436cf7ece1f4bf50a82bd,1960,17.75214022986804,17.75214022986804,11.968142777693508,11.987257111077403,0.0002790750222163051,0.1549169238732859,0.00180144954623921
bfo-63e471a5032e0a9170e0e902cd32dee78f4accc2074436cf7ece1f4bf50a82bd,1961,17.68322986915301,17.68322986915301,11.971047981298792,11.988419192519515,0.00025522908714751,0.1563588159594349,0.0016323293674321863
bfo-63e471a5032e0a9170e0e902cd32dee78f4accc2074436cf7ece1f4bf50a82bd,1962,17.75148177691218,17.75148177691218,11.971687512278395,11.988675004911357,0.0002425148705614178,0.15275209947209448,0.0015876369058071221
bfo-63e471a5032e0a9170e0e902cd32dee78f4accc2074436cf7ece1f4bf50a82bd,1963,17.681455515323247,17.681455515323247,11.971065300620106,11.988426120248043,0.0002561023030101334,0.15564964572499848,0.0016453767165176495
bfo-63e471a5032e0a9170e0e902cd32dee78f4accc2074436cf7ece1f4bf50a82bd,1964,17.710837546554977,17.710837546554977,11.969867660774435,11.987947064309775,0.0002666504485908194,0.1540599169593319,0.0017308230060983914
bfo-63e471a5032e0a9170e0e902cd32dee78f4accc2074436cf7ece1f4bf50a82bd,1965,17.692253292419693,17.692253292419693,11.971462098180368,11.988584839272148,0.0002540471146140981,0.1557278737483102,0.0016313528753670197
bfo-63e471a5032e0a9170e0e902cd32dee78f4accc2074436cf7ece1f4bf50a82bd,1966,17.691045033604127,17.691045033604127,11.972083070394712,11.988833228157885,0.00024468843805961957,0.15432950096862263,0.0015854936128470226
bfo-63e471a5032e0a9170e0e902cd32dee78f4accc2074436cf7ece1f4bf50a82bd,1967,17.687098788271754,17.687098788271754,11.970404668580441,11.988161867432177,0.00026344350660452935,0.15545931520009787,0.0016946138368449696
bfo-63e471a5032e0a9170e0e902cd32dee78f4accc2074436cf7ece1f4bf50a82bd,1968,17.697545640613775,17.697545640613775,11.971224971217813,11.988489988487126,0.00024059828427357136,0.155669279991772,0.0015455733095591393
bfo-63e471a5032e0a9170e0e902cd32dee78f4accc2074436cf7ece1f4bf50a82bd,1969,17.683190773522053,17.683190773522053,11.9711153577421,11.98844614309684,0.00025210579877200424,0.15577584900514838,0.0016183882185978147
bfo-63e471a5032e0a9170e0e902cd32dee78f4accc2074436cf7ece1f4bf50a82bd,1970,17.79965063485105,17.79965063485105,11.969164203997932,11.987665681599173,0.0002802151053108538,0.15691503244246674,0.0017857760403777458
bfo-63e471a5032e0a9170e0e902cd32dee78f4accc2074436cf7ece1f4bf50a82bd,1971,17.684772320643976,17.684772320643976,11.971166522082985,11.988466608833194,0.00025672000730983107,0.15507669231968874,0.0016554390183961744
bfo-63e471a5032e0a9170e0e902cd32dee78f4accc2074436cf7ece1f4bf50a82bd,1972,17.72578967689464,17.72578967689464,11.972103237468092,11.988841294987237,0.00025525901366758023,0.15415082381254888,0.0016559043108195215
bfo-63e471a5032e0a9170e0e902cd32dee78f4accc2074436cf7ece1f4bf50a82bd,1973,1000000.0000420305,17.67697741008024,11.970865916026838,11.988346366410735,0.00025447038583775315,0.15552507141642305,0.0016362016973867901
bfo-63e471a5032e0a9170e0e902cd32dee78f4accc2074436cf7ece1f4bf50a82bd,1974,17.7256914346518,17.7256914346518,11.971319916326388,11.988527966530556,0.0002476583436182996,0.15528229453708253,0.0015948910618342068
bfo-63e471a5032e0a9170e0e902cd32dee78f4accc2074436cf7ece1f4bf50a82bd,1975,17.686340394787067,17.686340394787067,11.971212124764318,11.988484849905728,0.0002480524335944444,0.15704743004402863,0.0015794746435831663
bfo-63e471a5032e0a9170e0e902cd32dee78f4accc2074436cf7ece1f4bf50a82bd,1976,17.75002101949527,17.75002101949527,11.969669820722011,11.987867928288804,0.00026425944078627725,0.15331384380993054,0.0017236502211365238
bfo-63e471a5032e0a9170e0e902cd32dee78f4accc2074436cf7ece1f4bf50a82bd,1977,17.68038037929481,17.68038037929481,11.971048438837952,11.988419375535182,0.0002537921705178011,0.15448519319219078,0.0016428252136893482
bfo-63e471a5032e0a9170e0e902cd32dee78f4accc2074436cf7ece1f4bf50a82bd,1978,1000000.0,17.66350568684202,11.971104589493736,11.988441835797497,0.0002387656712438524,0.15498036182155853,0.0015406188786600118
bfo-63e471a5032e0a9170e0e902cd32dee78f4accc2074436cf7ece1f4bf50a82bd,1979,1000000.0001879777,17.705480318382527,11.971590523278861,11.988636209311544,0.00024735913665861157,0.15437089797710002,0.0016023689691518526
bfo-63e471a5032e0a9170e0e902cd32dee78f4accc2074436cf7ece1f4bf50a82bd,1980,17.698400162553174,17.698400162553174,11.970252345382729,11.98810093815309,0.0002526962303518318,0.15396292247585253,0.0016412797723521035
bfo-63e471a5032e0a9170e0e902cd32dee78f4accc2074436cf7ece1f4bf50a82bd,1981,17.675509099446398,17.675509099446398,11.970118427982555,11.988047371193023,0.0002626113651316265,0.15514985132285739,0.0016926304659174198
bfo-63e471a5032e0a9170e0e902cd32dee78f4accc2074436cf7ece1f4bf50a82bd,1982,17.704716584052512,17.704716584052512,11.970024496035904,11.988009798414362,0.0002647054028699602,0.15216775362806387,0.0017395630582611253
bfo-63e471a5032e0a9170e0e902cd32dee78f4accc2074436cf7ece1f4bf50a82bd,1983,17.67413222873696,17.67413222873696,11.97086917098679,11.988347668394717,0.000255857281470341,0.1539525392177303,0.0016619231015637228
bfo-63e471a5032e0a9170e0e902cd32dee78f4accc2074436cf7ece1f4bf50a82bd,1984,17.687409576945907,17.687409576945907,11.97166511456862,11.988666045827447,0.0002535951111132109,0.15275528528566862,0.001660139684456489
bfo-63e471a5032e0a9170e0e902cd32dee78f4accc2074436cf7ece1f4bf50a82bd,1985,17.67733971626989,17.67733971626989,11.97027839288649,11.988111357154596,0.00026140493919006537,0.15367936587574466,0.0017009761700957351
bfo-63e471a5032e0a9170e0e902cd32dee78f4accc2074436cf7ece1f4bf50a82bd,1986,1000000.0,17.68217365023545,11.96976891328649,11.987907565314597,0.0002739923938932222,0.1564028537056158,0.0017518375617936966
bfo-63e471a5032e0a9170e0e902cd32dee78f4accc2074436cf7ece1f4bf50a82bd,1987,1000000.0000001717,17.670730290708722,11.970826434457686,11.988330573783076,0.00025789394032791615,0.1539393548475691,0.0016752957070872681
bfo-63e471a5032e0a9170e0e902cd32dee78f4accc2074436cf7ece1f4bf50a82bd,1988,17.70749356918285,17.70749356918285,11.97148502072758,11.988594008291033,0.0002553043374854459,0.14815582407845534,0.0017232149938989265
bfo-63e471a5032e0a9170e0e902cd32dee78f4accc2074436cf7ece1f4bf50a82bd,1989,17.66774899985279,17.66774899985279,11.970443425753428,11.988177370301372,0.0002597878804508844,0.15464408397815374,0.001679908301487848
bfo-63e471a5032e0a9170e0e902cd32dee78f4accc2074436cf7ece1f4bf50a82bd,1990,17.770950750221157,17.770950750221157,11.97472709167782,11.989890836671128,0.0002302109751037992,0.14900929956167933,0.001544943676542202
bfo-63e471a5032e0a9170e0e902cd32dee78f4accc2074436cf7ece1f4bf50a82bd,1991,17.802923683039257,17.802923683039257,11.970416797332266,11.988166718932906,0.00026145353767863407,0.15346335405118608,0.00170368710689999
bfo-63e471a5032e0a9170e0e902cd32dee78f4accc2074436cf7ece1f4bf50a82bd,1992,17.89790220236205,17.89790220236205,11.973299165853355,11.989319666341343,0.00023255671295328826,0.1489070118181998,0.0015617579730712492
bfo-63e471a5032e0a9170e0e902cd32dee78f4accc2074436cf7ece1f4bf50a82bd,1993,17.674160500721765,17.674160500721765,11.969931749159725,11.98797269966389,0.00026396133999638614,0.15535149093536674,0.0016991233132497327
bfo-63e471a5032e0a9170e0e902cd32dee78f4accc2074436cf7ece1f4bf50a82bd,1994,17.68027826345814,17.68027826345814,11.97007203805926,11.988028815223704,0.00025663643690679414,0.155502924678291,0.0016503640522371596
bfo-63e471a5032e0a9170e0e902cd32dee78f4accc2074436cf7ece1f4bf50a82bd,1995,17.663193215369308,17.663193215369308,11.971218292235998,11.9884873168944,0.00025480583628227144,0.15104930859043098,0.001686905015720234
bfo-63e471a5032e0a9170e0e902cd32dee78f4accc2074436cf7ece1f4bf50a82bd,1996,17.698922122379006,17.698922122379006,11.97080393535615,11.98832157414246,0.00027053975172096204,0.15316558617214834,0.0017663220471528939
bfo-63e471a5032e0a9170e0e902cd32dee78f4accc2074436cf7ece1f4bf50a82bd,1997,17.65982539793008,17.65982539793008,11.971271169505334,11.988508467802134,0.0002545059839135041,0.1512892755596256,0.0016822473567414174
bfo-63e471a5032e0a9170e0e902cd32dee78f4accc2074436cf7ece1f4bf50a82bd,1998,17.68761112894988,17.68761112894988,11.97094075174353,11.98837630069741,0.0002565731959696514,0.1530136300428272,0.0016767996151574127
bfo-63e471a5032e0a9170e0e902cd32dee78f4accc2074436cf7ece1f4bf50a82bd,1999,17.66787284815142,17.66787284815142,11.971530516843881,11.988612206737553,0.0002531314429026477,0.14999677462253283,0.0016875792398846805
bfo-63e471a5032e0a9170e0e902cd32dee78f4accc2074436cf7ece1f4bf50a82bd,2000,17.848548653473024,17.848548653473024,11.970997116888293,11.988398846755317,0.00025445689615214285,0.1517075417596023,0.0016772857380772702
bfo-63e471a5032e0a9170e0e902cd32dee78f4accc2074436cf7ece1f4bf50a82bd,2001,17.664964156365148,17.664964156365148,11.971432194596622,11.988572877838648,0.00025410430674348717,0.15070019083868166,0.001686157829856336
bfo-63e471a5032e0a9170e0e902cd32dee78f4accc2074436cf7ece1f4bf50a82bd,2002,1000000.0,17.670508233037292,11.970544224895331,11.988217689958134,0.0002619217535371139,0.1536123788633802,0.0017050823343479494
bfo-63e471a5032e0a9170e0e902cd32dee78f4accc2074436cf7ece1f4bf50a82bd,2003,17.67741357767528,17.67741357767528,11.971215411314121,11.988486164525648,0.00025553372700880744,0.151959127676333,0.0016815951165045136
bfo-63e471a5032e0a9170e0e902cd32dee78f4accc2074436cf7ece1f4bf50a82bd,2004,17.667016354009235,17.667016354009235,11.970969137458207,11.988387654983281,0.0002491766016635668,0.14734635186682174,0.0016910944757477524
bfo-63e471a5032e0a9170e0e902cd32dee78f4accc2074436cf7ece1f4bf50a82bd,2005,1000000.0000331054,17.720902187236828,11.970958533281332,11.988383413312533,0.0002588862765624278,0.15115350416998685,0.0017127375113400278
bfo-63e471a5032e0a9170e0e902cd32dee78f4accc2074436cf7ece1f4bf50a82bd,2006,1000000.0,17.652537540442395,11.97075190602646,11.988300762410583,0.00025889437000616993,0.15173446645997296,0.0017062331060719508
bfo-63e471a5032e0a9170e0e902cd32dee78f4accc2074436cf7ece1f4bf50a82bd,2007,17.673514541069302,17.673514541069302,11.97263949012646,11.989055796050584,0.00024297097823001087,0.150162881027911,0.0016180495244017693
bfo-63e471a5032e0a9170e0e902cd32dee78f4accc2074436cf7ece1f4bf50a82bd,2008,17.687179982765056,17.687179982765056,11.970841746525295,11.98833669861012,0.00024909649396915906,0.14868038854852664,0.0016753823177416461
bfo-63e471a5032e0a9170e0e902cd32dee78f4accc2074436cf7ece1f4bf50a82bd,2009,17.686696352768084,17.686696352768084,11.970337854724468,11.988135141889787,0.0002636500382547331,0.15208803706846377,0.0017335356766821095
bfo-63e471a5032e0a9170e0e902cd32dee78f4accc2074436cf7ece1f4bf50a82bd,2010,17.672300709644833,17.672300709644833,11.97111652088518,11.98844660835407,0.0002527947792003467,0.15237275711320522,0.0016590549648749415
bfo-63e471a5032e0a9170e0e902cd32dee78f4accc2074436cf7ece1f4bf50a82bd,2011,17.661121393160844,17.661121393160844,11.97219966578665,11.988879866314662,0.00024137697407256817,0.15044776636178198,0.0016043905463649663
bfo-63e471a5032e0a9170e0e902cd32dee78f4accc2074436cf7ece1f4bf50a82bd,2012,17.675882223723328,17.675882223723328,11.972256514633496,11.988902605853397,0.0002390463939003468,0.14876053650388527,0.0016069207567969714
bfo-63e471a5032e0a9170e0e902cd32dee78f4accc2074436cf7ece1f4bf50a82bd,2013,17.671484351037392,17.671484351037392,11.97242021761984,11.988968087047937,0.00024684996050033134,0.15142123299552898,0.0016302202512617243
bfo-63e471a5032e0a9170e0e902cd32dee78f4accc2074436cf7ece1f4bf50a82bd,2014,17.680463659368808,17.680463659368808,11.970071194176061,11.988028477670426,0.00027126924614761963,0.1509238979447441,0.001797390935708115
bfo-63e471a5032e0a9170e0e902cd32dee78f4accc2074436cf7ece1f4bf50a82bd,2015,17.67415329539123,17.67415329539123,11.971939988751574,11.98877599550063,0.00025356325167353254,0.15037135749802746,0.0016862470080238434
bfo-63e471a5032e0a9170e0e902cd32dee78f4accc2074436cf7ece1f4bf50a82bd,2016,1000000.0,17.67443761410882,11.971435631145493,11.988574252458196,0.0002460233484709406,0.14857719770726108,0.0016558620856187898
bfo-63e471a5032e0a9170e0e902cd32dee78f4accc2074436cf7ece1f4bf50a82bd,2017,17.673966455836087,17.673966455836087,11.971941922987416,11.988776769194969,0.0002501287526057471,0.14986482647343038,0.0016690290743444898
bfo-63e471a5032e0a9170e0e902cd32dee78f4accc2074436cf7ece1f4bf50a82bd,2018,17.676533930776525,17.676533930776525,11.970285729602296,11.988114291840919,0.00026408117051805746,0.15327930226477815,0.0017228756043126921
bfo-63e471a5032e0a9170e0e902cd32dee78f4accc2074436cf7ece1f4bf50a82bd,2019,17.662941768221962,17.662941768221962,11.971260111295775,11.98850404451831,0.0002522221533991606,0.15182663584457187,0.0016612510182822315
bfo-63e471a5032e0a9170e0e902cd32dee78f4accc2074436cf7ece1f4bf50a82bd,2020,17.762615403829436,17.762615403829436,11.97022482188804,11.988089928755215,0.00026658104000337014,0.1508413862522583,0.0017672937555582766
bfo-63e471a5032e0a9170e0e902cd32dee78f4accc2074436cf7ece1f4bf50a82bd,2021,17.737402066717625,17.737402066717625,11.973080307306208,11.989232122922482,0.00023860718400799488,0.13734055210140067,0.0017373396302632269
bfo-63e471a5032e0a9170e0e902cd32dee78f4accc2074436cf7ece1f4bf50a82bd,2022,17.658984335740058,17.658984335740058,11.970339750768257,11.988135900307302,0.00026025942889058043,0.15362978260583698,0.0016940688483451135
bfo-63e471a5032e0a9170e0e902cd32dee78f4accc2074436cf7ece1f4bf50a82bd,2023,17.65489044466275,17.65489044466275,11.971248981191176,11.98849959247647,0.000253560677170489,0.1552673390937119,0.0016330586886495941
bfo-63e471a5032e0a9170e0e902cd32dee78f4accc2074436cf7ece1f4bf50a82bd,2024,1000000.0001633064,17.657908562753253,11.969529425992189,11.987811770396876,0.00026679030328496614,0.15729114663642732,0.0016961558802902116
bfo-63e471a5032e0a9170e0e902cd32dee78f4accc2074436cf7ece1f4bf50a82bd,2025,1000000.0000792039,17.660313265076557,11.969932225184065,11.987972890073628,0.00026269624928583235,0.1536044445539147,0.0017102125530855114
bfo-63e471a5032e0a9170e0e902cd32dee78f4accc2074436cf7ece1f4bf50a82bd,2026,1000000.0000109917,17.683034616332694,11.973058327447989,11.989223330979195,0.00023653640882516304,0.15308004529834304,0.0015451812048015074
bfo-63e471a5032e0a9170e0e902cd32dee78f4accc2074436cf7ece1f4bf50a82bd,2027,1000000.0000689055,17.662510295674686,11.965577462186374,11.986230984874549,0.0002960290312098538,0.15851659307889307,0.0018674955439051187
bfo-63e471a5032e0a9170e0e902cd32dee78f4accc2074436cf7ece1f4bf50a82bd,2028,17.663279850183258,17.663279850183258,11.9719715278252,11.98878861113008,0.00024818118075398685,0.15565855460577835,0.001594394740350325
bfo-63e471a5032e0a9170e0e902cd32dee78f4accc2074436cf7ece1f4bf50a82bd,2029,17.663565301533218,17.663565301533218,11.971483835339107,11.988593534135644,0.00025041199634760547,0.15598593137211897,0.0016053498808826824
bfo-63e471a5032e0a9170e0e902cd32dee78f4accc2074436cf7ece1f4bf50a82bd,2030,1000000.0000790171,17.67502636801506,11.971860952607214,11.988744381042885,0.00024851310055960433,0.15326611467454646,0.0016214484270532365
bfo-63e471a5032e0a9170e0e902cd32dee78f4accc2074436cf7ece1f4bf50a82bd,2031,1000000.0000554197,17.687238963182843,11.97289287271316,11.989157149085266,0.00024063679045218048,0.15570034728121573,0.0015455122268774272
bfo-63e471a5032e0a9170e0e902cd32dee78f4accc2074436cf7ece1f4bf50a82bd,2032,17.66875173278146,17.66875173278146,11.972362647420653,11.988945058968262,0.00024285271099143294,0.15485055134635178,0.0015683038186170104
bfo-63e471a5032e0a9170e0e902cd32dee78f4accc2074436cf7ece1f4bf50a82bd,2033,1000000.0,17.675817034079852,11.970168052475602,11.98806722099024,0.0002586331570190431,0.16005685429801328,0.0016158830445179716
bfo-63e471a5032e0a9170e0e902cd32dee78f4accc2074436cf7ece1f4bf50a82bd,2034,17.65874046995171,17.65874046995171,11.972093763156952,11.988837505262781,0.0002464131436160974,0.1546662524691142,0.0015931926951246486
bfo-63e471a5032e0a9170e0e902cd32dee78f4accc2074436cf7ece1f4bf50a82bd,2035,17.7159348165915,17.7159348165915,11.973986915232887,11.989594766093154,0.0002327570378465436,0.1472725586502933,0.001580450831979078
bfo-63e471a5032e0a9170e0e902cd32dee78f4accc2074436cf7ece1f4bf50a82bd,2036,17.674214868988777,17.674214868988777,11.972204360154274,11.98888174406171,0.00024502394197038643,0.15514368795834158,0.0015793355514159176
bfo-63e471a5032e0a9170e0e902cd32dee78f4accc2074436cf7ece1f4bf50a82bd,2037,17.7029269447476,17.7029269447476,11.973804242827443,11.989521697130977,0.00023086011683419257,0.15144797146870992,0.001524352651246238
bfo-63e471a5032e0a9170e0e902cd32dee78f4accc2074436cf7ece1f4bf50a82bd,2038,17.67487121078333,17.67487121078333,11.970808612037782,11.98832344481511,0.00025551246589980696,0.15810346876101203,0.0016161091714315113
bfo-63e471a5032e0a9170e0e902cd32dee78f4accc2074436cf7ece1f4bf50a82bd,2039,1000000.0,17.778371783273123,11.972109214112498,11.988843685645,0.0002525634093635021,0.16012258744577326,0.0015773128163385109
bfo-63e471a5032e0a9170e0e902cd32dee78f4accc2074436cf7ece1f4bf50a82bd,2040,17.656228800707,17.656228800707,11.971200604875749,11.988480241950299,0.00025196232428681284,0.15593243790577985,0.0016158429103703092
bfo-63e471a5032e0a9170e0e902cd32dee78f4accc2074436cf7ece1f4bf50a82bd,2041,17.657273396590924,17.657273396590924,11.970814683789635,11.988325873515855,0.00026129938004738554,0.15589624917551417,0.0016761107558989719
bfo-63e471a5032e0a9170e0e902cd32dee78f4accc2074436cf7ece1f4bf50a82bd,2042,17.68073756348748,17.68073756348748,11.971191120780077,11.988476448312031,0.000258490655737946,0.15608100190815472,0.0016561314482723135
bfo-63e471a5032e0a9170e0e902cd32dee78f4accc2074436cf7ece1f4bf50a82bd,2043,1000000.0,17.649749730015483,11.971591407587649,11.988636563035058,0.00025064723815213625,0.15380932754758697,0.0016295971261859178
bfo-63e471a5032e0a9170e0e902cd32dee78f4accc2074436cf7ece1f4bf50a82bd,2044,17.65541197724707,17.65541197724707,11.971583311210438,11.988633324484175,0.00025332278622167413,0.1562475892083782,0.0016212908468228107
bfo-63e471a5032e0a9170e0e902cd32dee78f4accc2074436cf7ece1f4bf50a82bd,2045,17.667305539628778,17.667305539628778,11.971478531365467,11.988591412546189,0.000254990414632563,0.1541797169119217,0.0016538518797400016
bfo-63e471a5032e0a9170e0e902cd32dee78f4accc2074436cf7ece1f4bf50a82bd,2046,1000000.0000304847,17.6678894963532,11.97306649908025,11.989226599632099,0.00024087165775371204,0.15527010702205224,0.001551307346748349
bfo-63e471a5032e0a9170e0e902cd32dee78f4accc2074436cf7ece1f4bf50a82bd,2047,17.662072472266807,17.662072472266807,11.972170830903499,11.988868332361399,0.0002428301360181961,0.15442692765714755,0.0015724598015529894
bfo-63e471a5032e0a9170e0e902cd32dee78f4accc2074436cf7ece1f4bf50a82bd,2048,17.65153295327911,17.65153295327911,11.9709085862264,11.988363434490559,0.0002574251571596584,0.15289800115248398,0.0016836397808950448
bfo-63e471a5032e0a9170e0e902cd32dee78f4accc2074436cf7ece1f4bf50a82bd,2049,17.746930420782416,17.746930420782416,11.972434408308539,11.988973763323417,0.00024367969289521374,0.15059788069345723,0.0016180818200969575
bfo-63e471a5032e0a9170e0e902cd32dee78f4accc2074436cf7ece1f4bf50a82bd,2050,17.652527936416732,17.652527936416732,11.970924686545178,11.988369874618071,0.0002561501325432571,0.1529804278002413,0.0016743980666450527
bfo-63e471a5032e0a9170e0e902cd32dee78f4accc2074436cf7ece1f4bf50a82bd,2051,17.699017291521756,17.699017291521756,11.972624582570411,11.989049833028165,0.0002446272995658837,0.15096785379769198,0.0016203933050124846
bfo-63e471a5032e0a9170e0e902cd32dee78f4accc2074436cf7ece1f4bf50a82bd,2052,17.655967766287056,17.655967766287056,11.970902668888545,11.988361067555418,0.0002572897764166762,0.15274161681658904,0.001684477235340698
bfo-63e471a5032e0a9170e0e902cd32dee78f4accc2074436cf7ece1f4bf50a82bd,2053,17.673723398450022,17.673723398450022,11.972471058710399,11.988988423484159,0.00024409760587357034,0.15118691045710017,0.0016145419278399363
bfo-63e471a5032e0a9170e0e902cd32dee78f4accc2074436cf7ece1f4bf50a82bd,2054,17.656792985382864,17.656792985382864,11.971010648952603,11.98840425958104,0.00025668116020317514,0.15345074274517612,0.0016727267370052804
bfo-63e471a5032e0a9170e0e902cd32dee78f4accc2074436cf7ece1f4bf50a82bd,2055,17.6651655266841,17.6651655266841,11.971477494694575,11.98859099787783,0.00025752248991609016,0.15425649176761086,0.0016694434507433936
bfo-63e471a5032e0a9170e0e902cd32dee78f4accc2074436cf7ece1f4bf50a82bd,2056,17.661158276543038,17.661158276543038,11.97092681805316,11.988370727221264,0.00025763656680116237,0.15287237726763223,0.001685304902076066
bfo-63e471a5032e0a9170e0e902cd32dee78f4accc2074436cf7ece1f4bf50a82bd,2057,17.694537744274378,17.694537744274378,11.97082203399997,11.988328813599987,0.0002619648521658991,0.15177025295406768,0.0017260619065132686
bfo-63e471a5032e0a9170e0e902cd32dee78f4accc2074436cf7ece1f4bf50a82bd,2058,17.648138775746116,17.648138775746116,11.971125308031674,11.988450123212669,0.0002527144236991916,0.1523310002996933,0.001658982237377853
bfo-63e471a5032e0a9170e0e902cd32dee78f4accc2074436cf7ece1f4bf50a82bd,2059,17.68685532209237,17.68685532209237,11.97131659895118,11.988526639580472,0.00024971923321325174,0.15174246972386657,0.0016456779283194642
bfo-63e471a5032e0a9170e0e902cd32dee78f4accc2074436cf7ece1f4bf50a82bd,2060,17.649518930904176,17.649518930904176,11.971198066267986,11.988479226507193,0.0002509703876711938,0.1521617158597133,0.0016493661776433826
bfo-63e471a5032e0a9170e0e902cd32dee78f4accc2074436cf7ece1f4bf50a82bd,2061,17.67125599442015,17.67125599442015,11.97283793920635,11.98913517568254,0.00023661196237050828,0.15308350461504172,0.0015456398321002326
bfo-63e471a5032e0a9170e0e902cd32dee78f4accc2074436cf7ece1f4bf50a82bd,2062,17.652316714480676,17.652316714480676,11.971137785512804,11.988455114205122,0.0002502117810664588,0.1527685633341441,0.0016378486228163405
bfo-63e471a5032e0a9170e0e902cd32dee78f4accc2074436cf7ece1f4bf50a82bd,2063,17.84154628620692,17.84154628620692,11.970870268354453,11.98834810734178,0.00025832375575514214,0.15210252182820344,0.0016983528783757664
bfo-63e471a5032e0a9170e0e902cd32dee78f4accc2074436cf7ece1f4bf50a82bd,2064,17.651911880339092,17.651911880339092,11.969340415053585,11.987736166021433,0.0002601438957445061,0.15240995413086278,0.001706869457628341
bfo-63e471a5032e0a9170e0e902cd32dee78f4accc2074436cf7ece1f4bf50a82bd,2065,17.640226253866015,17.640226253866015,11.972138064025446,11.988855225610179,0.00023177779984821486,0.1516888488414609,0.0015279817970697354
bfo-63e471a5032e0a9170e0e902cd32dee78f4accc2074436cf7ece1f4bf50a82bd,2066,1000000.0,17.666436198659042,11.971360379376907,11.988544151750762,0.00022828063727070276,0.1528538382092097,0.0014934570171424618
bfo-63e471a5032e0a9170e0e902cd32dee78f4accc2074436cf7ece1f4bf50a82bd,2067,1000000.0005009096,17.639465963797083,11.971096822542545,11.988438729017018,0.00024554398316580726,0.15252119104344164,0.001609900771728635
bfo-63e471a5032e0a9170e0e902cd32dee78f4accc2074436cf7ece1f4bf50a82bd,2068,17.650001394817252,17.650001394817252,11.972483009062175,11.98899320362487,0.00023639547670787337,0.15366340106647078,0.0015383980509816703
bfo-63e471a5032e0a9170e0e902cd32dee78f4accc2074436cf7ece1f4bf50a82bd,2069,1000000.0001397774,17.65642501415495,11.97224808065509,11.988899232262035,0.0002292126345614995,0.15098943505530654,0.0015180706814191354
bfo-63e471a5032e0a9170e0e902cd32dee78f4accc2074436cf7ece1f4bf50a82bd,2070,17.67506025089828,17.67506025089828,11.97289572052322,11.989158288209287,0.00021955359572383573,0.1491563040289689,0.001471969938871604
bfo-63e471a5032e0a9170e0e902cd32dee78f4accc2074436cf7ece1f4bf50a82bd,2071,17.6414905463501,17.6414905463501,11.972209236878536,11.988883694751415,0.0002314623960887074,0.15179798317733637,0.0015248054766202259
bfo-63e471a5032e0a9170e0e902cd32dee78f4accc2074436cf7ece1f4bf50a82bd,2072,17.643920030601638,17.643920030601638,11.969544515422223,11.987817806168888,0.00025037658370389524,0.15445974884050093,0.0016209827193390072
bfo-63e471a5032e0a9170e0e902cd32dee78f4accc2074436cf7ece1f4bf50a82bd,2073,1000000.0001950667,17.65010854748033,11.972496628613735,11.988998651445494,0.00022892647884691173,0.15174687158953803,0.001508607567648167
bfo-63e471a5032e0a9170e0e902cd32dee78f4accc2074436cf7ece1f4bf50a82bd,2074,1000000.0,17.710222778477792,11.973743750489078,11.98949750019563,0.00021810476289082018,0.14602586775725257,0.0014936036076388097
bfo-63e471a5032e0a9170e0e902cd32dee78f4accc2074436cf7ece1f4bf50a82bd,2075,1000000.000018671,17.668105061557366,11.97251150112874,11.989004600451496,0.00022436340156182927,0.1489961495628424,0.0015058335548946457
bfo-63e471a5032e0a9170e0e902cd32dee78f4accc2074436cf7ece1f4bf50a82bd,2076,1000000.0,17.67389623156471,11.97002607507275,11.988010430029101,0.0002467020307158931,0.14764596600099716,0.0016709026152074277
bfo-63e471a5032e0a9170e0e902cd32dee78f4accc2074436cf7ece1f4bf50a82bd,2077,1000000.0001029972,17.655122929340454,11.972322734009335,11.988929093603733,0.00022835135763051348,0.15069954775961425,0.001515275666220075
bfo-63e471a5032e0a9170e0e902cd32dee78f4accc2074436cf7ece1f4bf50a82bd,2078,1000000.0,17.7547302177996,11.976232241739453,11.99049289669578,0.000194336846335451,0.14582163615356938,0.0013327024127667085
bfo-63e471a5032e0a9170e0e902cd32dee78f4accc2074436cf7ece1f4bf50a82bd,2079,1000000.00005796,17.636953871652125,11.971960511247687,11.988784204499074,0.00023313969750300877,0.15208622526963758,0.0015329442037874856
bfo-63e471a5032e0a9170e0e902cd32dee78f4accc2074436cf7ece1f4bf50a82bd,2080,1000000.0,17.705900163408913,11.9607599595408,11.984303983816321,0.0003140920736764024,0.15664626121425015,0.0020051041834111094
bfo-63e471a5032e0a9170e0e902cd32dee78f4accc2074436cf7ece1f4bf50a82bd,2081,1000000.0000477203,17.656958418507916,11.972028733659103,11.988811493463642,0.0002301696197884222,0.1508885052702095,0.0015254284570997436
bfo-63e471a5032e0a9170e0e902cd32dee78f4accc2074436cf7ece1f4bf50a82bd,2082,17.712108791368905,17.712108791368905,11.975935439039,11.9903741756156,0.000202013752800665,0.15150858260595343,0.0013333485755461553
bfo-63e471a5032e0a9170e0e902cd32dee78f4accc2074436cf7ece1f4bf50a82bd,2083,1000000.0000985949,17.65527031514621,11.972493684690164,11.988997473876067,0.00022835832110893858,0.14965410991699452,0.001525907449087748
bfo-63e471a5032e0a9170e0e902cd32dee78f4accc2074436cf7ece1f4bf50a82bd,2084,17.66485288742446,17.66485288742446,11.97575505826116,11.990302023304464,0.00020695814557880078,0.15266829778125343,0.0013556065573963173
bfo-63e471a5032e0a9170e0e902cd32dee78f4accc2074436cf7ece1f4bf50a82bd,2085,17.64290389819462,17.64290389819462,11.972385764953605,11.988954305981443,0.00022893627930215153,0.151466876510952,0.0015114610175882119
bfo-63e471a5032e0a9170e0e902cd32dee78f4accc2074436cf7ece1f4bf50a82bd,2086,17.652939027165864,17.652939027165864,11.971843057039344,11.988737222815738,0.00023762168575180436,0.15552015044762496,0.001527915739972416
bfo-63e471a5032e0a9170e0e902cd32dee78f4accc2074436cf7ece1f4bf50a82bd,2087,17.634556087609194,17.634556087609194,11.972248619488997,11.988899447795598,0.00023015334666100337,0.1523129529048131,0.0015110556408478018
bfo-63e471a5032e0a9170e0e902cd32dee78f4accc2074436cf7ece1f4bf50a82bd,2088,17.6320006942807,17.6320006942807,11.972235245517734,11.988894098207092,0.0002328759468607131,0.1538427402830628,0.001513727241417003
bfo-63e471a5032e0a9170e0e902cd32dee78f4accc2074436cf7ece1f4bf50a82bd,2089,17.63351714214245,17.63351714214245,11.972948641271518,11.989179456508607,0.0002272950948861423,0.15435810276388043,0.0014725180655649327
bfo-63e471a5032e0a9170e0e902cd32dee78f4accc2074436cf7ece1f4bf50a82bd,2090,17.64478465063212,17.64478465063212,11.972426385875476,11.98897055435019,0.00022897983973003643,0.15215548189047776,0.0015049069339141997
bfo-63e471a5032e0a9170e0e902cd32dee78f4accc2074436cf7ece1f4bf50a82bd,2091,17.643614776528324,17.643614776528324,11.97208630979909,11.988834523919635,0.00023462493236191717,0.1591411326202722,0.0014743198599808723
bfo-63e471a5032e0a9170e0e902cd32dee78f4accc2074436cf7ece1f4bf50a82bd,2092,17.655332205863296,17.655332205863296,11.972209880207904,11.98888395208316,0.0002329032012955606,0.15450283005398974,0.0015074364735854645
bfo-63e471a5032e0a9170e0e902cd32dee78f4accc2074436cf7ece1f4bf50a82bd,2093,17.72725338786819,17.72725338786819,11.973494367204058,11.989397746881622,0.00023024536296385408,0.15947243488970117,0.001443794114782927
bfo-63e471a5032e0a9170e0e902cd32dee78f4accc2074436cf7ece1f4bf50a82bd,2094,17.630267196738764,17.630267196738764,11.97227735987112,11.988910943948447,0.00023158972901243392,0.15422025169972425,0.0015016816952377469
bfo-63e471a5032e0a9170e0e902cd32dee78f4accc2074436cf7ece1f4bf50a82bd,2095,17.623622216349922,17.623622216349922,11.973018837673607,11.989207535069443,0.00022676407712395242,0.15389884287981023,0.0014734618719716265
bfo-63e471a5032e0a9170e0e902cd32dee78f4accc2074436cf7ece1f4bf50a82bd,2096,17.621718018431622,17.621718018431622,11.972998595833971,11.989199438333587,0.0002294088606917793,0.15565581625496672,0.0014738213207272893
bfo-63e471a5032e0a9170e0e902cd32dee78f4accc2074436cf7ece1f4bf50a82bd,2097,17.633175072332822,17.633175072332822,11.973395068844683,11.989358027537873,0.00022686515444591477,0.15700906267303505,0.0014449175772633723
bfo-63e471a5032e0a9170e0e902cd32dee78f4accc2074436cf7ece1f4bf50a82bd,2098,17.644128347252593,17.644128347252593,11.973280994215179,11.989312397686072,0.000220076106525361,0.15615585495699835,0.0014093362467002264
bfo-63e471a5032e0a9170e0e902cd32dee78f4accc2074436cf7ece1f4bf50a82bd,2099,17.639055408427367,17.639055408427367,11.973323940744917,11.989329576297967,0.00023134158250933293,0.15703445217844073,0.0014731899866562775
bfo-63e471a5032e0a9170e0e902cd32dee78f4accc2074436cf7ece1f4bf50a82bd,2100,17.6182294641822,17.6182294641822,11.972960831193928,11.98918433247757,0.0002304301982742716,0.15589481088474616,0.0014781133314605952
bfo-63e471a5032e0a9170e0e902cd32dee78f4accc2074436cf7ece1f4bf50a82bd,2101,17.66360023694404,17.66360023694404,11.973750481808047,11.989500192723218,0.00022235342440535144,0.15818139944622184,0.0014056862891831138
bfo-63e471a5032e0a9170e0e902cd32dee78f4accc2074436cf7ece1f4bf50a82bd,2102,17.631134386111988,17.631134386111988,11.972614644599332,11.989045857839733,0.00023327794579568482,0.1557848078161653,0.0014974370676180807
bfo-63e471a5032e0a9170e0e902cd32dee78f4accc2074436cf7ece1f4bf50a82bd,2103,17.623412327140024,17.623412327140024,11.973547696236162,11.989419078494464,0.0002258591007893199,0.1556685090515815,0.0014508978223365678
bfo-63e471a5032e0a9170e0e902cd32dee78f4accc2074436cf7ece1f4bf50a82bd,2104,17.616511169632503,17.616511169632503,11.972490589180566,11.988996235672225,0.00023307149750500866,0.1567920328771798,0.0014865008969402228
bfo-63e471a5032e0a9170e0e902cd32dee78f4accc2074436cf7ece1f4bf50a82bd,2105,1000000.0,17.823560799856264,11.97475649012203,11.989902596048811,0.00021614903056221623,0.14959048887963527,0.0014449383258325723
bfo-63e471a5032e0a9170e0e902cd32dee78f4accc2074436cf7ece1f4bf50a82bd,2106,17.62682410668697,17.62682410668697,11.972642457768107,11.989056983107242,0.0002283068077654757,0.1570066417923042,0.0014541219731805406
bfo-63e471a5032e0a9170e0e902cd32dee78f4accc2074436cf7ece1f4bf50a82bd,2107,17.670614188522254,17.670614188522254,11.973065939503934,11.989226375801573,0.00022568764158897297,0.1601685764045861,0.0014090631674148469
bfo-63e471a5032e0a9170e0e902cd32dee78f4accc2074436cf7ece1f4bf50a82bd,2108,17.635449594410275,17.635449594410275,11.97293833003759,11.989175332015037,0.00022426054351663035,0.1573529870904724,0.0014252067765811681
bfo-63e471a5032e0a9170e0e902cd32dee78f4accc2074436cf7ece1f4bf50a82bd,2109,17.674563814646433,17.674563814646433,11.975267312398724,11.99010692495949,0.00021445799469439967,0.15465191427834474,0.0013867141295672233
bfo-63e471a5032e0a9170e0e902cd32dee78f4accc2074436cf7ece1f4bf50a82bd,2110,17.62715389482073,17.62715389482073,11.97207847347736,11.988831389390946,0.00023587568143638554,0.15729125036705255,0.0014996109502972957
bfo-63e471a5032e0a9170e0e902cd32dee78f4accc2074436cf7ece1f4bf50a82bd,2111,1000000.0,17.644396176782088,11.972273290932327,11.988909316372931,0.0002434243330611503,0.15973965253303182,0.001523881698758633
bfo-63e471a5032e0a9170e0e902cd32dee78f4accc2074436cf7ece1f4bf50a82bd,2112,17.61459842238574,17.61459842238574,11.97190737541376,11.988762950165503,0.00023235623568163818,0.1544200908246097,0.0015047021047639995
bfo-63e471a5032e0a9170e0e902cd32dee78f4accc2074436cf7ece1f4bf50a82bd,2113,17.668423326329197,17.668423326329197,11.972334215810605,11.988933686324241,0.0002219772085938652,0.15314700902422052,0.0014494387452174077
bfo-63e471a5032e0a9170e0e902cd32dee78f4accc2074436cf7ece1f4bf50a82bd,2114,17.61656490065195,17.61656490065195,11.97227186938057,11.988908747752228,0.00022664694933341383,0.15395429581383946,0.0014721703485784758
bfo-63e471a5032e0a9170e0e902cd32dee78f4accc2074436cf7ece1f4bf50a82bd,2115,17.640023815462328,17.640023815462328,11.97281363593247,11.989125454372987,0.0002222540188221679,0.1516158453429012,0.0014659023159453303
bfo-63e471a5032e0a9170e0e902cd32dee78f4accc2074436cf7ece1f4bf50a82bd,2116,17.621086630239066,17.621086630239066,11.972212062889975,11.98888482515599,0.0002309345104061833,0.15422798195070644,0.0014973580506291873
bfo-63e471a5032e0a9170e0e902cd32dee78f4accc2074436cf7ece1f4bf50a82bd,2117,17.610805445529174,17.610805445529174,11.96842031122857,11.987368124491427,0.0002543799660546321,0.1544445073214079,0.0016470638578635417
bfo-63e471a5032e0a9170e0e902cd32dee78f4accc2074436cf7ece1f4bf50a82bd,2118,17.660618568858528,17.660618568858528,11.963867675189448,11.985547070075778,0.00028582484938826253,0.15437203889293497,0.0018515325148131063
bfo-63e471a5032e0a9170e0e902cd32dee78f4accc2074436cf7ece1f4bf50a82bd,2119,1000000.0000602255,17.612442544787964,11.969157923730776,11.987663169492311,0.00024859982965833916,0.15319675492631724,0.001622748665778905
bfo-63e471a5032e0a9170e0e902cd32dee78f4accc2074436cf7ece1f4bf50a82bd,2120,17.6425431702774,17.6425431702774,11.968951113936757,11.987580445574704,0.0002504069325744856,0.1559115988839627,0.0016060827697678293
bfo-63e471a5032e0a9170e0e902cd32dee78f4accc2074436cf7ece1f4bf50a82bd,2121,17.63137956395393,17.63137956395393,11.968583649641493,11.987433459856597,0.0002513468633393853,0.153620538895469,0.0016361540269717065
bfo-63e471a5032e0a9170e0e902cd32dee78f4accc2074436cf7ece1f4bf50a82bd,2122,17.63611542236296,17.63611542236296,11.968669560225493,11.987467824090196,0.0002570409894574508,0.15635048265550644,0.0016440050909455775
bfo-63e471a5032e0a9170e0e902cd32dee78f4accc2074436cf7ece1f4bf50a82bd,2123,1000000.0001761426,17.612315705387335,11.967892476101513,11.987156990440605,0.00025994384007273376,0.1561796300681576,0.0016643901638087688
bfo-63e471a5032e0a9170e0e902cd32dee78f4accc2074436cf7ece1f4bf50a82bd,2124,17.660847168609646,17.660847168609646,11.967860157430126,11.987144062972051,0.00026521402049913234,0.15442697966707167,0.0017174072890042004
bfo-63e471a5032e0a9170e0e902cd32dee78f4accc2074436cf7ece1f4bf50a82bd,2125,1000000.0000178788,17.62618428968218,11.968766822891771,11.98750672915671,0.00025110961102711135,0.1539526907571208,0.001631082963163453
bfo-63e471a5032e0a9170e0e902cd32dee78f4accc2074436cf7ece1f4bf50a82bd,2126,1000000.0,17.60839567588323,11.969719279337209,11.987887711734883,0.00023576568511582248,0.15299047039838798,0.0015410481744509146
bfo-63e471a5032e0a9170e0e902cd32dee78f4accc2074436cf7ece1f4bf50a82bd,2127,1000000.0000275255,17.615947318338947,11.968398011393036,11.987359204557215,0.0002539270817454162,0.15502514302246873,0.001637973536387017
bfo-63e471a5032e0a9170e0e902cd32dee78f4accc2074436cf7ece1f4bf50a82bd,2128,1000000.0,17.63114448457131,11.969230446185003,11.987692178474003,0.0002472794533877539,0.15490172343018843,0.0015963634742850266
bfo-63e471a5032e0a9170e0e902cd32dee78f4accc2074436cf7ece1f4bf50a82bd,2129,1000000.0000401662,17.624598604075928,11.968548412302505,11.987419364921003,0.0002530529080645773,0.1545329173512518,0.0016375340115361346
bfo-63e471a5032e0a9170e0e902cd32dee78f4accc2074436cf7ece1f4bf50a82bd,2130,1000000.0,17.66228988730748,11.966756713495288,11.986702685398116,0.0002766820703264323,0.15646050133913683,0.0017683828695314514
bfo-63e471a5032e0a9170e0e902cd32dee78f4accc2074436cf7ece1f4bf50a82bd,2131,1000000.000283227,17.6262815333951,11.968404468892109,11.987361787556843,0.0002526678601806943,0.1546089400834928,0.0016342383567486277
bfo-63e471a5032e0a9170e0e902cd32dee78f4accc2074436cf7ece1f4bf50a82bd,2132,17.628560523832956,17.628560523832956,11.967286918361998,11.9869147673448,0.0002707566604954984,0.15471162355556575,0.0017500731636899555
bfo-63e471a5032e0a9170e0e902cd32dee78f4accc2074436cf7ece1f4bf50a82bd,2133,17.61349064600967,17.61349064600967,11.96829286987014,11.987317147948055,0.0002554063874249025,0.1543220048274401,0.0016550224817937858
bfo-63e471a5032e0a9170e0e902cd32dee78f4accc2074436cf7ece1f4bf50a82bd,2134,17.65087741703199,17.65087741703199,11.967390146500502,11.9869560586002,0.00026328592686127033,0.1536167001996193,0.001713914740514149
bfo-63e471a5032e0a9170e0e902cd32dee78f4accc2074436cf7ece1f4bf50a82bd,2135,17.614332483310562,17.614332483310562,11.968486554441254,11.987394621776502,0.00025373165532668803,0.1548614009263749,0.0016384434972748219
bfo-63e471a5032e0a9170e0e902cd32dee78f4accc2074436cf7ece1f4bf50a82bd,2136,17.608703368834846,17.608703368834846,11.968540015942727,11.987416006377092,0.0002537048513260145,0.15206513749595826,0.0016683958960202678
bfo-63e471a5032e0a9170e0e902cd32dee78f4accc2074436cf7ece1f4bf50a82bd,2137,17.634843072675842,17.634843072675842,11.968012852775463,11.987205141110184,0.00026300215114574466,0.15239922993262414,0.0017257446199827793
bfo-63e471a5032e0a9170e0e902cd32dee78f4accc2074436cf7ece1f4bf50a82bd,2138,17.614748371891796,17.614748371891796,11.967804169821838,11.987121667928736,0.00025958719863214744,0.15189549941044228,0.001708985451443216
bfo-63e471a5032e0a9170e0e902cd32dee78f4accc2074436cf7ece1f4bf50a82bd,2139,17.802353192988996,17.802353192988996,11.969558856285246,11.987823542514098,0.0002393413202572392,0.14903573963923278,0.0016059323812973115
bfo-63e471a5032e0a9170e0e902cd32dee78f4accc2074436cf7ece1f4bf50a82bd,2140,17.629573927183234,17.629573927183234,11.968941206372344,11.987576482548937,0.0002433835577252283,0.15185722817550207,0.001602713026237703
bfo-63e471a5032e0a9170e0e902cd32dee78f4accc2074436cf7ece1f4bf50a82bd,2141,17.633204300383575,17.633204300383575,11.969507617211427,11.987803046884572,0.00024458443942475234,0.1523929789746264,0.0016049587131273019
bfo-63e471a5032e0a9170e0e902cd32dee78f4accc2074436cf7ece1f4bf50a82bd,2142,17.59046367511095,17.59046367511095,11.968045527728082,11.987218211091232,0.0002664211801465942,0.15336161409312044,0.001737209025361617
bfo-63e471a5032e0a9170e0e902cd32dee78f4accc2074436cf7ece1f4bf50a82bd,2143,17.596596060878888,17.596596060878888,11.969413599877946,11.987765439951177,0.00024268913480308464,0.15018235998000687,0.0016159629855023773
bfo-63e471a5032e0a9170e0e902cd32dee78f4accc2074436cf7ece1f4bf50a82bd,2144,17.595496647983722,17.595496647983722,11.968291959929461,11.987316783971785,0.0002693523339146951,0.15531215557536665,0.0017342643459995596
bfo-63e471a5032e0a9170e0e902cd32dee78f4accc2074436cf7ece1f4bf50a82bd,2145,1000000.0,17.611008013024545,11.967573918223389,11.987029567289357,0.00026488542104182193,0.15439765095024346,0.0017156052531342235
bfo-63e471a5032e0a9170e0e902cd32dee78f4accc2074436cf7ece1f4bf50a82bd,2146,17.612299391078103,17.612299391078103,11.967068831907355,11.986827532762941,0.0002807378443612571,0.15480409909913453,0.0018135039446305374
bfo-63e471a5032e0a9170e0e902cd32dee78f4accc2074436cf7ece1f4bf50a82bd,2147,17.62517202718309,17.62517202718309,11.967878012725548,11.98715120509022,0.00026702909232973864,0.1546742194054371,0.0017263968963683164
bfo-63e471a5032e0a9170e0e902cd32dee78f4accc2074436cf7ece1f4bf50a82bd,2148,17.596220291432864,17.596220291432864,11.969731211185652,11.98789248447426,0.00025066431739355013,0.15173015863076827,0.0016520401722081883
bfo-63e471a5032e0a9170e0e902cd32dee78f4accc2074436cf7ece1f4bf50a82bd,2149,17.612498776289417,17.612498776289417,11.965427729417643,11.986171091767057,0.00030065692147726066,0.15342642591520875,0.001959616276556028
bfo-63e471a5032e0a9170e0e902cd32dee78f4accc2074436cf7ece1f4bf50a82bd,2150,17.59707320856751,17.59707320856751,11.968482301989198,11.987392920795678,0.0002621553956177462,0.15391908793034756,0.001703202631608488
bfo-63e471a5032e0a9170e0e902cd32dee78f4accc2074436cf7ece1f4bf50a82bd,2151,17.604033570373105,17.604033570373105,11.966865878842158,11.986746351536866,0.00027753196350621554,0.15462077125015428,0.0017949203154420212
bfo-63e471a5032e0a9170e0e902cd32dee78f4accc2074436cf7ece1f4bf50a82bd,2152,17.585166782706505,17.585166782706505,11.968539476431056,11.98741579057242,0.00026038100455130954,0.15404977636783118,0.0016902394193003356
bfo-63e471a5032e0a9170e0e902cd32dee78f4accc2074436cf7ece1f4bf50a82bd,2153,1000000.0,17.59048265732055,11.970119632103842,11.988047852841538,0.0002467361443320702,0.15532144499370337,0.0015885516925371944
bfo-63e471a5032e0a9170e0e902cd32dee78f4accc2074436cf7ece1f4bf50a82bd,2154,17.601455789303195,17.601455789303195,11.969127655921886,11.987651062368753,0.00025105486557345326,0.15248852242954303,0.001646385325095222
bfo-63e471a5032e0a9170e0e902cd32dee78f4accc2074436cf7ece1f4bf50a82bd,2155,1000000.0,17.654279730846657,11.9670576916831,11.986823076673241,0.0002821271957351234,0.15580405375785578,0.0018107821262057394
bfo-63e471a5032e0a9170e0e902cd32dee78f4accc2074436cf7ece1f4bf50a82bd,2156,17.577631390359848,17.577631390359848,11.967972246075792,11.987188898430317,0.0002700776185046957,0.15381400413366084,0.0017558714502354706
bfo-63e471a5032e0a9170e0e902cd32dee78f4accc2074436cf7ece1f4bf50a82bd,2157,17.606768375264412,17.606768375264412,11.967506077939083,11.98700243117563,0.00027830690464480473,0.15270569244485127,0.0018225051089389714
bfo-63e471a5032e0a9170e0e902cd32dee78f4accc2074436cf7ece1f4bf50a82bd,2158,17.582707668133025,17.582707668133025,11.968124211167208,11.987249684466883,0.00026839298059102835,0.15264336994691305,0.0017583009382220215
bfo-63e471a5032e0a9170e0e902cd32dee78f4accc2074436cf7ece1f4bf50a82bd,2159,17.643276211665025,17.643276211665025,11.967097959259716,11.986839183703886,0.00028401250559118127,0.1548717520135342,0.001833856089949583
bfo-63e471a5032e0a9170e0e902cd32dee78f4accc2074436cf7ece1f4bf50a82bd,2160,17.57567523961106,17.57567523961106,11.96800618926961,11.987202475707843,0.0002701927147871504,0.1534740118359941,0.0017605111872352997
bfo-63e471a5032e0a9170e0e902cd32dee78f4accc2074436cf7ece1f4bf50a82bd,2161,17.578441958372522,17.578441958372522,11.967962029182795,11.987184811673119,0.000273977960148447,0.15395322764430622,0.0017796181628711681
bfo-63e471a5032e0a9170e0e902cd32dee78f4accc2074436cf7ece1f4bf50a82bd,2162,1000000.0000647882,17.5810126974167,11.967245913636285,11.986898365454513,0.0002777295960450568,0.15465697985035906,0.0017957779617433283
bfo-63e471a5032e0a9170e0e902cd32dee78f4accc2074436cf7ece1f4bf50a82bd,2163,17.678148844244756,17.678148844244756,11.969925776940658,11.987970310776262,0.00026139466183105776,0.14640979135283788,0.0017853632562122431
bfo-63e471a5032e0a9170e0e902cd32dee78f4accc2074436cf7ece1f4bf50a82bd,2164,17.57746196518942,17.57746196518942,11.968066733879308,11.987226693551722,0.0002706801395047314,0.15313030811203585,0.001767645757668637
bfo-63e471a5032e0a9170e0e902cd32dee78f4accc2074436cf7ece1f4bf50a82bd,2165,17.587035633331286,17.587035633331286,11.96849174807465,11.987396699229858,0.0002672866012804496,0.15333597557498505,0.001743143448744942
bfo-63e471a5032e0a9170e0e902cd32dee78f4accc2074436cf7ece1f4bf50a82bd,2166,17.581816563235353,17.581816563235353,11.968080999678671,11.987232399871468,0.00026883868777226257,0.15309507291828495,0.001756024427486025
bfo-63e471a5032e0a9170e0e902cd32dee78f4accc2074436cf7ece1f4bf50a82bd,2167,17.584012787144477,17.584012787144477,11.9672876177389,11.98691504709556,0.00028014595542265607,0.15894710775673823,0.0017625105569797942
bfo-63e471a5032e0a9170e0e902cd32dee78f4accc2074436cf7ece1f4bf50a82bd,2168,17.582008902452984,17.582008902452984,11.968125532350468,11.987250212940188,0.0002708073922367436,0.15331358903247924,0.0017663626162934159
bfo-63e471a5032e0a9170e0e902cd32dee78f4accc2074436cf7ece1f4bf50a82bd,2169,17.602140040071415,17.602140040071415,11.968419010617914,11.987367604247165,0.00026895067263710726,0.15518089886222639,0.0017331428971544276
bfo-63e471a5032e0a9170e0e902cd32dee78f4accc2074436cf7ece1f4bf50a82bd,2170,17.583780783071603,17.583780783071603,11.967900845491208,11.987160338196484,0.0002727149945689569,0.15344324258639108,0.0017773020823345404
bfo-63e471a5032e0a9170e0e902cd32dee78f4accc2074436cf7ece1f4bf50a82bd,2171,17.590433033727567,17.590433033727567,11.968282466611434,11.987312986644573,0.0002578498742003258,0.1548622228133674,0.0016650275936635252
bfo-63e471a5032e0a9170e0e902cd32dee78f4accc2074436cf7ece1f4bf50a82bd,2172,17.60883189363388,17.60883189363388,11.96636424612711,11.986545698450843,0.0002856090303267473,0.15471046439296965,0.0018460873441714387
bfo-63e471a5032e0a9170e0e902cd32dee78f4accc2074436cf7ece1f4bf50a82bd,2173,17.61631449780073,17.61631449780073,11.96791508404489,11.987166033617957,0.00027214397261645095,0.15247841257385197,0.0017848032913160064
bfo-63e471a5032e0a9170e0e902cd32dee78f4accc2074436cf7ece1f4bf50a82bd,2174,1000000.0006815118,17.58265570133804,11.968486175479377,11.98739447019175,0.0002660013018580351,0.15286929723489595,0.0017400570727377832
bfo-63e471a5032e0a9170e0e902cd32dee78f4accc2074436cf7ece1f4bf50a82bd,2175,17.588756036195942,17.588756036195942,11.967574188905036,11.987029675562013,0.00027887579747214983,0.15160104705600047,0.0018395374101152142
bfo-63e471a5032e0a9170e0e902cd32dee78f4accc2074436cf7ece1f4bf50a82bd,2176,17.726263006520135,17.726263006520135,11.966446390169153,11.986578556067663,0.0002876502883051797,0.15398025709758206,0.001868098506439607
bfo-63e471a5032e0a9170e0e902cd32dee78f4accc2074436cf7ece1f4bf50a82bd,2177,17.680035130453135,17.680035130453135,11.969323203009102,11.987729281203642,0.0002601748097432134,0.15390004198782425,0.0016905441115071108
bfo-63e471a5032e0a9170e0e902cd32dee78f4accc2074436cf7ece1f4bf50a82bd,2178,17.585889319380996,17.585889319380996,11.968441712048769,11.987376684819507,0.00026444878392560686,0.1528030154213486,0.0017306516052474437
bfo-63e471a5032e0a9170e0e902cd32dee78f4accc2074436cf7ece1f4bf50a82bd,2179,17.595478686852303,17.595478686852303,11.968507782682531,11.987403113073011,0.00026397426975118004,0.15166588414773274,0.0017404986707099627
bfo-63e471a5032e0a9170e0e902cd32dee78f4accc2074436cf7ece1f4bf50a82bd,2180,17.57434039514147,17.57434039514147,11.967893517360046,11.987157406944018,0.00026695790075619046,0.15331971420987942,0.0017411844401872005
bfo-63e471a5032e0a9170e0e902cd32dee78f4accc2074436cf7ece1f4bf50a82bd,2181,17.60924786649882,17.60924786649882,11.967257825776626,11.98690313031065,0.000272529168365181,0.15166175807451218,0.0017969537728244325
bfo-63e471a5032e0a9170e0e902cd32dee78f4accc2074436cf7ece1f4bf50a82bd,2182,17.574650665777458,17.574650665777458,11.968106484330258,11.987242593732102,0.0002655299888468104,0.1529647410968605,0.0017358901596719678
bfo-63e471a5032e0a9170e0e902cd32dee78f4accc2074436cf7ece1f4bf50a82bd,2183,17.64963212572342,17.64963212572342,11.9669113075151,11.98676452300604,0.0002794784971817907,0.15374840894833539,0.0018177651339189131
bfo-63e471a5032e0a9170e0e902cd32dee78f4accc2074436cf7ece1f4bf50a82bd,2184,17.575960356574782,17.575960356574782,11.967996896586941,11.987198758634776,0.00026507576531564677,0.15381836399051285,0.001723303761909703
bfo-63e471a5032e0a9170e0e902cd32dee78f4accc2074436cf7ece1f4bf50a82bd,2185,17.594286648023264,17.594286648023264,11.967451246841607,11.986980498736642,0.0002682378217046736,0.15114507808291086,0.0017747043112944197
bfo-63e471a5032e0a9170e0e902cd32dee78f4accc2074436cf7ece1f4bf50a82bd,2186,17.592947792054243,17.592947792054243,11.96793861523858,11.987175446095433,0.00026458814598898247,0.15320379751019358,0.0017270338613595906
bfo-63e471a5032e0a9170e0e902cd32dee78f4accc2074436cf7ece1f4bf50a82bd,2187,17.612245882418108,17.612245882418108,11.968293424248868,11.987317369699547,0.0002607631613971353,0.15272420404707104,0.0017074121487434017
bfo-63e471a5032e0a9170e0e902cd32dee78f4accc2074436cf7ece1f4bf50a82bd,2188,17.582494524188895,17.582494524188895,11.968350360487063,11.987340144194826,0.00026616863365070906,0.15205314770296802,0.0017504973601116286
bfo-63e471a5032e0a9170e0e902cd32dee78f4accc2074436cf7ece1f4bf50a82bd,2189,17.59792676699465,17.59792676699465,11.967389496225781,11.986955798490312,0.00027080253070099015,0.15620761720622464,0.0017336064370246285
bfo-63e471a5032e0a9170e0e902cd32dee78f4accc2074436cf7ece1f4bf50a82bd,2190,17.574938008633996,17.574938008633996,11.967452761689447,11.98698110467578,0.00027067920891125056,0.15419612898847646,0.001755421557511857
bfo-63e471a5032e0a9170e0e902cd32dee78f4accc2074436cf7ece1f4bf50a82bd,2191,17.594917871305682,17.594917871305682,11.967364034753295,11.98694561390132,0.00026697312140831574,0.15281495042511467,0.0017470353565906043
bfo-63e471a5032e0a9170e0e902cd32dee78f4accc2074436cf7ece1f4bf50a82bd,2192,17.588947243218705,17.588947243218705,11.967382651930105,11.986953060772043,0.0002650334987627696,0.15139545642326147,0.0017506040473355183
bfo-63e471a5032e0a9170e0e902cd32dee78f4accc2074436cf7ece1f4bf50a82bd,2193,17.574746842599932,17.574746842599932,11.96802001968858,11.987208007875433,0.00027031229127931277,0.15355170414823355,0.001760399161824753
bfo-63e471a5032e0a9170e0e902cd32dee78f4accc2074436cf7ece1f4bf50a82bd,2194,17.587611708279454,17.587611708279454,11.96682822467082,11.986731289868327,0.000279320528238907,0.15504628291544145,0.001801529988250294
bfo-63e471a5032e0a9170e0e902cd32dee78f4accc2074436cf7ece1f4bf50a82bd,2195,17.588255417227312,17.588255417227312,11.967598419752017,11.987039367900808,0.00026580661539264905,0.15352527830739937,0.0017313540696564113
bfo-63e471a5032e0a9170e0e902cd32dee78f4accc2074436cf7ece1f4bf50a82bd,2196,17.603057014402623,17.603057014402623,11.966803025864651,11.98672121034586,0.0002781886015795447,0.1526247329348416,0.0018226967296205438
bfo-63e471a5032e0a9170e0e902cd32dee78f4accc2074436cf7ece1f4bf50a82bd,2197,17.581328962474398,17.581328962474398,11.967932054837833,11.987172821935133,0.0002658465788005435,0.15209207444359035,0.0017479318351933172
bfo-63e471a5032e0a9170e0e902cd32dee78f4accc2074436cf7ece1f4bf50a82bd,2198,17.568994648603777,17.568994648603777,11.967569247312557,11.987027698925024,0.0002686594069601772,0.1549089978467106,0.0017343047253202664
bfo-63e471a5032e0a9170e0e902cd32dee78f4accc2074436cf7ece1f4bf50a82bd,2199,17.570271800834195,17.570271800834195,11.966864967306105,11.986745986922442,0.0002764682554208423,0.15571426752950115,0.0017754844164711075
bfo-63e471a5032e0a9170e0e902cd32dee78f4accc2074436cf7ece1f4bf50a82bd,2200,1000000.0000122156,17.60410666905294,11.967648875438366,11.987059550175346,0.0002637483892490308,0.1549539139300927,0.0017021085983540928
