run_id,evaluation_index,training_objective,expected_energy,cvar_0.10,cvar_0.25,p_opt,p_feas,p_opt_given_feas
bfo-a7d84a931ad75b81180fb1321625d2044481cdc1305f26da0079240dfc24f3c7,0,26.381096578428636,26.381096578428636,12.091407326422853,13.26545419973522,6.346238194978733e-05,0.07400537388220009,0.0008575374816807922
bfo-a7d84a931ad75b81180fb1321625d2044481cdc1305f26da0079240dfc24f3c7,1,26.381096578428636,26.381096578428636,12.091407326422853,13.26545419973522,6.346238194978733e-05,0.07400537388220009,0.0008575374816807922
bfo-a7d84a931ad75b81180fb1321625d2044481cdc1305f26da0079240dfc24f3c7,2,117.76259010485674,117.76259010485674,57.408476312844016,72.7909644851397,1.60232575747946e-07,6.17074973495754e-05,0.002596646803551636
bfo-a7d84a931ad75b81180fb1321625d2044481cdc1305f26da0079240dfc24f3c7,3,38.653708122800445,38.653708122800445,14.508967717382934,17.862729113040437,2.8972594774491675e-05,0.024604819682028062,0.00117751705352484
bfo-a7d84a931ad75b81180fb1321625d2044481cdc1305f26da0079240dfc24f3c7,4,80.00591511454508,80.00591511454508,44.61538108434915,52.25708380204255,1.129280709933392e-06,0.00011369634184535053,0.00993242783017097
bfo-a7d84a931ad75b81180fb1321625d2044481cdc1305f26da0079240dfc24f3c7,5,78.91663322863732,78.91663322863732,41.56000884692853,49.33702613060221,1.430373087496913e-06,0.00019863177858291204,0.007201129133019632
bfo-a7d84a931ad75b81180fb1321625d2044481cdc1305f26da0079240dfc24f3c7,6,80.48835456238064,80.48835456238064,42.614570844437466,50.66946978952241,1.1332971337216425e-06,0.00017050793377796638,0.006646594727946267
bfo-a7d84a931ad75b81180fb1321625d2044481cdc1305f26da0079240dfc24f3c7,7,80.7139711856932,80.7139711856932,42.77766230378899,50.87364567332533,1.0941119575648627e-06,0.00016662497827241903,0.006566314179954903
bfo-a7d84a931ad75b81180fb1321625d2044481cdc1305f26da0079240dfc24f3c7,8,81.0682805236893,81.0682805236893,43.072213565979965,51.23970879901252,1.0488944383534069e-06,0.000160670641578999,0.006528227111346184
bfo-a7d84a931ad75b81180fb1321625d2044481cdc1305f26da0079240dfc24f3c7,9,81.19449301588989,81.19449301588989,43.18197955158388,51.38405734311234,1.0341256507741903e-06,0.00015854913629357933,0.006522430048810481
bfo-a7d84a931ad75b81180fb1321625d2044481cdc1305f26da0079240dfc24f3c7,10,81.28807566039049,81.28807566039049,43.32360142315257,51.558533441893324,1.0304149419864169e-06,0.000155528322595808,0.006625255932736395
bfo-a7d84a931ad75b81180fb1321625d2044481cdc1305f26da0079240dfc24f3c7,11,81.1055237043756,81.1055237043756,43.350742123373074,51.551877850601954,1.044657577620155e-06,0.00015035183863733973,0.006948086482267436
bfo-a7d84a931ad75b81180fb1321625d2044481cdc1305f26da0079240dfc24f3c7,12,81.05633188706923,81.05633188706923,43.33453304514387,51.518930206318124,1.0387878124732328e-06,0.00014837249983057943,0.007001215276816005
bfo-a7d84a931ad75b81180fb1321625d2044481cdc1305f26da0079240dfc24f3c7,13,80.99064887901852,80.99064887901852,43.306796913378115,51.46564893923875,1.0205478431299798e-06,0.0001449957447370292,0.00703846754248472
bfo-a7d84a931ad75b81180fb1321625d2044481cdc1305f26da0079240dfc24f3c7,14,80.83874386706317,80.83874386706317,43.17823075749948,51.27386433652936,8.995085175839974e-07,0.00013628747589873865,0.006600082007919279
bfo-a7d84a931ad75b81180fb1321625d2044481cdc1305f26da0079240dfc24f3c7,15,80.83567585094832,80.83567585094832,43.174381654046954,51.269002858636064,8.960659295335575e-07,0.0001361782768575724,0.006580094492389154
bfo-a7d84a931ad75b81180fb1321625d2044481cdc1305f26da0079240dfc24f3c7,16,80.81738797939897,80.81738797939897,43.146635440111126,51.23451138693967,8.699813323694386e-07,0.00013534802667412003,0.00642773562162165
bfo-a7d84a931ad75b81180fb1321625d2044481cdc1305f26da0079240dfc24f3c7,17,80.79650955187682,80.79650955187682,43.061100120669565,51.16838622185884,8.923104526210047e-07,0.000148526236074752,0.006007763181798482
bfo-a7d84a931ad75b81180fb1321625d2044481cdc1305f26da0079240dfc24f3c7,18,80.82506039823221,80.82506039823221,43.000554021976896,51.17470377553586,8.84394746231927e-07,0.00015905383481258788,0.005560348464870424
bfo-a7d84a931ad75b81180fb1321625d2044481cdc1305f26da0079240dfc24f3c7,19,80.86897212471501,80.86897212471501,42.997286530605976,51.198241928777456,8.761010154644916e-07,0.00016022643794454247,0.005467892981355096
bfo-a7d84a931ad75b81180fb1321625d2044481cdc1305f26da0079240dfc24f3c7,20,37.994666467266015,37.994666467266015,15.393150078595848,19.58149229386902,9.639230291951077e-06,0.008669652600760983,0.0011118358180932173
bfo-a7d84a931ad75b81180fb1321625d2044481cdc1305f26da0079240dfc24f3c7,21,37.4408043299002,37.4408043299002,15.312157308725702,19.448824425175783,8.764969183283166e-06,0.008513669264728185,0.001029517228205717
bfo-a7d84a931ad75b81180fb1321625d2044481cdc1305f26da0079240dfc24f3c7,22,36.5940490226059,36.5940490226059,14.477484626776757,18.037620647719567,3.797769656516536e-05,0.01036139845598688,0.0036653060613861073
bfo-a7d84a931ad75b81180fb1321625d2044481cdc1305f26da0079240dfc24f3c7,23,36.24634905574542,36.24634905574542,14.436230630468533,17.897955262186144,3.715466498508971e-05,0.011102430250189782,0.0033465344206467405
bfo-a7d84a931ad75b81180fb1321625d2044481cdc1305f26da0079240dfc24f3c7,24,36.14700396110683,36.14700396110683,14.427443846716876,17.867672353872187,3.644960994398721e-05,0.011338099737195831,0.003214790025564021
bfo-a7d84a931ad75b81180fb1321625d2044481cdc1305f26da0079240dfc24f3c7,25,35.924810448774224,35.924810448774224,14.418325277147273,17.827116000359503,3.240110710316534e-05,0.012028254737070674,0.0026937496595666726
bfo-a7d84a931ad75b81180fb1321625d2044481cdc1305f26da0079240dfc24f3c7,26,35.75378249569749,35.75378249569749,14.439460851529732,17.879681611921086,2.5114047981091245e-05,0.013427521160684594,0.0018703413445085065
bfo-a7d84a931ad75b81180fb1321625d2044481cdc1305f26da0079240dfc24f3c7,27,36.898862834701156,36.898862834701156,14.777959267092788,18.709651401104207,1.2798191527125589e-05,0.015130756071914457,0.0008458395248920476
bfo-a7d84a931ad75b81180fb1321625d2044481cdc1305f26da0079240dfc24f3c7,28,39.4799602814132,39.4799602814132,15.433845983916715,20.323163480307368,7.308083618718476e-06,0.014708482846568267,0.0004968618242243505
bfo-a7d84a931ad75b81180fb1321625d2044481cdc1305f26da0079240dfc24f3c7,29,39.01255847438127,39.01255847438127,15.412422035149396,20.176628321017905,8.030036549890755e-06,0.01563888804061002,0.0005134659528886512
bfo-a7d84a931ad75b81180fb1321625d2044481cdc1305f26da0079240dfc24f3c7,30,38.93957138716131,38.93957138716131,15.29633374639497,19.870766664494056,3.119912609758183e-06,0.014182948847947026,0.00021997629993636961
bfo-a7d84a931ad75b81180fb1321625d2044481cdc1305f26da0079240dfc24f3c7,31,37.4207527854993,37.4207527854993,14.895189792985365,18.805437330797574,2.2984595829309945e-06,0.013536776112031433,0.00016979372074331145
bfo-a7d84a931ad75b81180fb1321625d2044481cdc1305f26da0079240dfc24f3c7,32,35.39977967102822,35.39977967102822,14.48906062119625,17.720385836167182,1.2571038972652225e-05,0.013531855734641853,0.0009289959351598823
bfo-a7d84a931ad75b81180fb1321625d2044481cdc1305f26da0079240dfc24f3c7,33,34.06248656945533,34.06248656945533,14.379256053350204,17.19789501575873,2.692659795136718e-05,0.013657036575651762,0.001971628164148938
bfo-a7d84a931ad75b81180fb1321625d2044481cdc1305f26da0079240dfc24f3c7,34,32.640021363558525,32.640021363558525,14.276351906145441,16.78188188668954,6.692997384879899e-05,0.014241050331533682,0.00469979195990883
bfo-a7d84a931ad75b81180fb1321625d2044481cdc1305f26da0079240dfc24f3c7,35,32.75160454687044,32.75160454687044,14.264442776249439,16.762844796348812,5.7587756595128965e-05,0.01394832751446689,0.00412864958436058
bfo-a7d84a931ad75b81180fb1321625d2044481cdc1305f26da0079240dfc24f3c7,36,33.299631849371764,33.299631849371764,14.24538243474939,16.7568968224907,3.4840792748638075e-05,0.01295865981014997,0.002688610802279782
bfo-a7d84a931ad75b81180fb1321625d2044481cdc1305f26da0079240dfc24f3c7,37,33.097149243837876,33.097149243837876,14.167157914508662,16.625622023990775,2.836269538122005e-05,0.013242766294432693,0.002141750050602632
bfo-a7d84a931ad75b81180fb1321625d2044481cdc1305f26da0079240dfc24f3c7,38,33.00319174108515,33.00319174108515,14.136570488414316,16.5743280610235,2.6615496700557612e-05,0.013390662129872642,0.001987616179276323
bfo-a7d84a931ad75b81180fb1321625d2044481cdc1305f26da0079240dfc24f3c7,39,31.102941438611737,31.102941438611737,13.501476715129069,15.731144945700892,1.1075478397266881e-05,0.017492740381121013,0.0006331471316649767
bfo-a7d84a931ad75b81180fb1321625d2044481cdc1305f26da0079240dfc24f3c7,40,30.482070819809216,30.482070819809216,13.334536064438112,15.442432388924509,5.94532992106589e-06,0.019423203711342988,0.00030609419586089535
bfo-a7d84a931ad75b81180fb1321625d2044481cdc1305f26da0079240dfc24f3c7,41,30.27503479993028,30.27503479993028,13.25640590295933,15.299991594617659,6.10315386237151e-06,0.020851017282716332,0.0002927029304910936
bfo-a7d84a931ad75b81180fb1321625d2044481cdc1305f26da0079240dfc24f3c7,42,30.267164416641812,30.267164416641812,13.210186966246917,15.247116641762004,7.393168475787996e-06,0.02178837482684963,0.0003393171144952701
bfo-a7d84a931ad75b81180fb1321625d2044481cdc1305f26da0079240dfc24f3c7,43,30.38981406752012,30.38981406752012,13.179328734915904,15.244025130236636,8.547380015570899e-06,0.022358335037309933,0.0003822905418184165
bfo-a7d84a931ad75b81180fb1321625d2044481cdc1305f26da0079240dfc24f3c7,44,30.619766181031736,30.619766181031736,13.140279980794874,15.25120490054367,1.0283841339734089e-05,0.023228040377625485,0.00044273391868390434
bfo-a7d84a931ad75b81180fb1321625d2044481cdc1305f26da0079240dfc24f3c7,45,30.201283542101645,30.201283542101645,13.000508570296399,14.946255076748724,1.4812135957835222e-05,0.028085341724634776,0.0005273973912463706
bfo-a7d84a931ad75b81180fb1321625d2044481cdc1305f26da0079240dfc24f3c7,46,29.831032658802634,29.831032658802634,12.895679492763904,14.737746269744168,1.7995196211164476e-05,0.03190817517193395,0.0005639682029510994
bfo-a7d84a931ad75b81180fb1321625d2044481cdc1305f26da0079240dfc24f3c7,47,28.02983136124149,28.02983136124149,12.426274196833932,13.910823162318046,2.9239020308711448e-05,0.04921597707515702,0.0005940961054996623
bfo-a7d84a931ad75b81180fb1321625d2044481cdc1305f26da0079240dfc24f3c7,48,27.3816616809316,27.3816616809316,12.218263755467861,13.579808640606931,3.3368096996396554e-05,0.05782354159493182,0.0005770676799796926
bfo-a7d84a931ad75b81180fb1321625d2044481cdc1305f26da0079240dfc24f3c7,49,27.378979783374948,27.378979783374948,12.212137807604883,13.575619289654822,3.1795387671633554e-05,0.05887352226449447,0.0005400626028249164
bfo-a7d84a931ad75b81180fb1321625d2044481cdc1305f26da0079240dfc24f3c7,50,27.16064914359805,27.16064914359805,12.206140028315628,13.479890229445623,3.858343460686548e-05,0.058973363999839545,0.0006542518857660971
bfo-a7d84a931ad75b81180fb1321625d2044481cdc1305f26da0079240dfc24f3c7,51,26.827944845858095,26.827944845858095,12.171165447250779,13.402493811313773,4.3539482667401636e-05,0.0633152903015126,0.0006876614236476379
bfo-a7d84a931ad75b81180fb1321625d2044481cdc1305f26da0079240dfc24f3c7,52,55.07154674241112,55.07154674241112,19.224033336014323,26.543636413055975,3.136463559598617e-05,0.004938201771342164,0.006351428525663808
bfo-a7d84a931ad75b81180fb1321625d2044481cdc1305f26da0079240dfc24f3c7,53,50.566297238815594,50.566297238815594,18.27088818289914,25.567079483731348,1.2349970852554987e-05,0.004510956583187407,0.0027377720500755946
bfo-a7d84a931ad75b81180fb1321625d2044481cdc1305f26da0079240dfc24f3c7,54,51.429013326714674,51.429013326714674,18.26258009636078,25.58295760506397,1.9799110728463346e-05,0.004820673770406565,0.004107125201047059
bfo-a7d84a931ad75b81180fb1321625d2044481cdc1305f26da0079240dfc24f3c7,55,43.9345645497786,43.9345645497786,16.244333585485208,21.148884410098308,1.6198970759150863e-05,0.014461247951068406,0.0011201640974528807
bfo-a7d84a931ad75b81180fb1321625d2044481cdc1305f26da0079240dfc24f3c7,56,43.960394336308894,43.960394336308894,16.270095186945717,21.175420668577505,1.564585817379462e-05,0.01439854682139801,0.001086627585954921
bfo-a7d84a931ad75b81180fb1321625d2044481cdc1305f26da0079240dfc24f3c7,57,48.27256852586828,48.27256852586828,17.225362731999553,22.838132862215865,6.978566268518617e-05,0.009260619469419355,0.007535744548799796
bfo-a7d84a931ad75b81180fb1321625d2044481cdc1305f26da0079240dfc24f3c7,58,48.70037737528297,48.70037737528297,16.915682562325287,22.552058887515393,8.468747796743085e-05,0.009207517643464416,0.009197644929580214
bfo-a7d84a931ad75b81180fb1321625d2044481cdc1305f26da0079240dfc24f3c7,59,50.12718130277892,50.12718130277892,16.13018472481218,22.14256629903446,0.00011444123824683468,0.009733967120078962,0.011756895912537901
bfo-a7d84a931ad75b81180fb1321625d2044481cdc1305f26da0079240dfc24f3c7,60,53.8307113603227,53.8307113603227,16.53136131062106,23.5790862974825,8.95512027388973e-05,0.011118231933289965,0.008054446361274859
bfo-a7d84a931ad75b81180fb1321625d2044481cdc1305f26da0079240dfc24f3c7,61,61.71607405354618,61.71607405354618,19.273004151780313,27.151453216003528,6.963775403075992e-05,0.009847350779631009,0.007071724729741914
bfo-a7d84a931ad75b81180fb1321625d2044481cdc1305f26da0079240dfc24f3c7,62,64.04224492287298,64.04224492287298,20.315876141430802,28.330897132086548,7.632400708990238e-05,0.008768139337436158,0.008704698243563708
bfo-a7d84a931ad75b81180fb1321625d2044481cdc1305f26da0079240dfc24f3c7,63,66.76537088288737,66.76537088288737,21.569212471881162,30.001934702732644,7.478228726683576e-05,0.00724056329268894,0.010328241635888488
bfo-a7d84a931ad75b81180fb1321625d2044481cdc1305f26da0079240dfc24f3c7,64,67.31865570144063,67.31865570144063,21.84201052256217,30.372051878095803,7.098311765206335e-05,0.006890451897598286,0.01030166362191789
bfo-a7d84a931ad75b81180fb1321625d2044481cdc1305f26da0079240dfc24f3c7,65,68.32854280200227,68.32854280200227,22.360568671961566,31.076151976125544,6.101260295888198e-05,0.006242370206213629,0.009773948186884252
bfo-a7d84a931ad75b81180fb1321625d2044481cdc1305f26da0079240dfc24f3c7,66,79.93550154077796,79.93550154077796,28.675193207516333,39.818529374729515,0.0001266303347172762,0.0045824857602935485,0.027633546799971813
bfo-a7d84a931ad75b81180fb1321625d2044481cdc1305f26da0079240dfc24f3c7,67,80.81296593664777,80.81296593664777,28.233894354537526,39.2857275767624,7.284493954421422e-05,0.001848539749474697,0.03940674771257405
bfo-a7d84a931ad75b81180fb1321625d2044481cdc1305f26da0079240dfc24f3c7,68,73.54357734473473,73.54357734473473,25.12753254667473,33.44812611530223,0.00044802398689932374,0.002960106572026893,0.1513540056743786
bfo-a7d84a931ad75b81180fb1321625d2044481cdc1305f26da0079240dfc24f3c7,69,47.12292561779962,47.12292561779962,15.253961406291726,21.53787867832459,0.00012916258225216813,0.003955652158520716,0.03265266435875663
bfo-a7d84a931ad75b81180fb1321625d2044481cdc1305f26da0079240dfc24f3c7,70,49.570466748386224,49.570466748386224,17.01543825382064,23.04930928551448,0.00011045183626197012,0.006292728025341669,0.01755229779789713
bfo-a7d84a931ad75b81180fb1321625d2044481cdc1305f26da0079240dfc24f3c7,71,51.904602195045676,51.904602195045676,20.35716313843805,26.436592669889198,0.0017701575907676504,0.01163613354324052,0.15212592603803027
bfo-a7d84a931ad75b81180fb1321625d2044481cdc1305f26da0079240dfc24f3c7,72,52.15446561604977,52.15446561604977,18.120811404464227,24.512420576109175,0.002295472359934673,0.022992362033652725,0.09983630027114697
bfo-a7d84a931ad75b81180fb1321625d2044481cdc1305f26da0079240dfc24f3c7,73,53.52566493092635,53.52566493092635,18.481649257691917,24.843633600228124,0.0013931199056712155,0.022254489066107042,0.06259950078085134
bfo-a7d84a931ad75b81180fb1321625d2044481cdc1305f26da0079240dfc24f3c7,74,54.8915935816738,54.8915935816738,19.02169496606177,24.938002617754258,0.0004543731443830679,0.021216133161699718,0.021416397649847048
bfo-a7d84a931ad75b81180fb1321625d2044481cdc1305f26da0079240dfc24f3c7,75,54.545229914904766,54.545229914904766,19.042772051383135,24.785294162267867,0.000290152289357399,0.02141698360109037,0.013547766331698874
bfo-a7d84a931ad75b81180fb1321625d2044481cdc1305f26da0079240dfc24f3c7,76,51.48424454053086,51.48424454053086,19.0649534600559,24.33623573160137,8.027448902083148e-05,0.021638971419814284,0.0037097183347322166
bfo-a7d84a931ad75b81180fb1321625d2044481cdc1305f26da0079240dfc24f3c7,77,50.942495238976406,50.942495238976406,19.15363452656512,24.345599936506932,6.679579818988981e-05,0.021271051262250706,0.003140220827187367
bfo-a7d84a931ad75b81180fb1321625d2044481cdc1305f26da0079240dfc24f3c7,78,61.411652331709135,61.411652331709135,24.474640187059528,31.75731977047408,0.00012181825291574746,0.005889518394766951,0.02068390736736426
bfo-a7d84a931ad75b81180fb1321625d2044481cdc1305f26da0079240dfc24f3c7,79,44.26325830333254,44.26325830333254,16.154579445790027,21.616369883845934,0.0003913536855862678,0.019919799875976776,0.019646466732742597
bfo-a7d84a931ad75b81180fb1321625d2044481cdc1305f26da0079240dfc24f3c7,80,44.35919959700808,44.35919959700808,16.206756314425732,21.760800679446803,0.00025280896269698196,0.014669730154298595,0.017233375122643457
bfo-a7d84a931ad75b81180fb1321625d2044481cdc1305f26da0079240dfc24f3c7,81,50.43752206290041,50.43752206290041,16.89985442099942,23.43867398351689,0.00018192965516410735,0.011132558402493276,0.01634212447727756
bfo-a7d84a931ad75b81180fb1321625d2044481cdc1305f26da0079240dfc24f3c7,82,55.11539225079858,55.11539225079858,17.596431235835784,24.60475788258337,0.0002838077283637874,0.01120954326390122,0.025318402514913418
bfo-a7d84a931ad75b81180fb1321625d2044481cdc1305f26da0079240dfc24f3c7,83,55.17763918494924,55.17763918494924,17.620657472694116,24.63559936857346,0.00030411516666154517,0.01137231998512402,0.02674169976393156
bfo-a7d84a931ad75b81180fb1321625d2044481cdc1305f26da0079240dfc24f3c7,84,47.341730950882024,47.341730950882024,18.35294793228318,24.772886401786234,5.38396094228929e-07,0.022170263779282672,2.4284604801682202e-05
bfo-a7d84a931ad75b81180fb1321625d2044481cdc1305f26da0079240dfc24f3c7,85,47.330642316040226,47.330642316040226,18.35839436437748,24.778082863682716,5.290892277866255e-07,0.02214387998068941,2.3893248529526813e-05
bfo-a7d84a931ad75b81180fb1321625d2044481cdc1305f26da0079240dfc24f3c7,86,50.7620965355852,50.7620965355852,19.14301932520576,25.746910287032218,1.5423932053883823e-06,0.017925577477261267,8.604426871853472e-05
bfo-a7d84a931ad75b81180fb1321625d2044481cdc1305f26da0079240dfc24f3c7,87,52.64607309629819,52.64607309629819,19.2320173712224,25.935543508797153,2.4574008904495102e-06,0.01701644892099774,0.00014441326165397282
bfo-a7d84a931ad75b81180fb1321625d2044481cdc1305f26da0079240dfc24f3c7,88,56.149313074415446,56.149313074415446,19.19675913394395,26.141223859985615,3.4492244371225644e-06,0.015405538512583309,0.00022389509034722956
bfo-a7d84a931ad75b81180fb1321625d2044481cdc1305f26da0079240dfc24f3c7,89,56.23780347235244,56.23780347235244,19.188020215516595,26.138721995622106,3.470964207847695e-06,0.015373101833103735,0.0002257816441684839
bfo-a7d84a931ad75b81180fb1321625d2044481cdc1305f26da0079240dfc24f3c7,90,57.208149834167266,57.208149834167266,19.036633253897755,26.045830038989163,3.627107484551174e-06,0.015090581844072214,0.00024035570808530164
bfo-a7d84a931ad75b81180fb1321625d2044481cdc1305f26da0079240dfc24f3c7,91,57.70466586590446,57.70466586590446,18.913913857159255,25.916561592382894,3.430862819856561e-06,0.014899735909076235,0.0002302633308934447
bfo-a7d84a931ad75b81180fb1321625d2044481cdc1305f26da0079240dfc24f3c7,92,57.73802024868152,57.73802024868152,18.893351740002952,25.881958090757646,3.3287712793243013e-06,0.014865510168082428,0.000223925801515475
bfo-a7d84a931ad75b81180fb1321625d2044481cdc1305f26da0079240dfc24f3c7,93,57.62701108549723,57.62701108549723,18.867331706983652,25.788957596742893,2.923924269541347e-06,0.01480080545900569,0.0001975516993071656
bfo-a7d84a931ad75b81180fb1321625d2044481cdc1305f26da0079240dfc24f3c7,94,54.992398830558415,54.992398830558415,19.538512871072054,25.982048067324452,5.382773124022616e-06,0.013686792490401384,0.0003932822922388559
bfo-a7d84a931ad75b81180fb1321625d2044481cdc1305f26da0079240dfc24f3c7,95,53.572828366036816,53.572828366036816,19.787155536321148,26.056207344633208,1.0219674685263055e-05,0.012869824520780473,0.0007940803442006291
bfo-a7d84a931ad75b81180fb1321625d2044481cdc1305f26da0079240dfc24f3c7,96,53.37929445682366,53.37929445682366,19.49839159665573,25.922263218457708,1.7876663911561818e-05,0.010891050135542715,0.0016414086510557597
bfo-a7d84a931ad75b81180fb1321625d2044481cdc1305f26da0079240dfc24f3c7,97,56.07188545412947,56.07188545412947,19.933767232426597,26.51153206188379,1.977564497684161e-05,0.008107361365355028,0.0024392208618390135
bfo-a7d84a931ad75b81180fb1321625d2044481cdc1305f26da0079240dfc24f3c7,98,57.4936216529985,57.4936216529985,20.316849404443523,27.140956909528462,0.00013306824817525977,0.010533636266619685,0.012632698225677605
bfo-a7d84a931ad75b81180fb1321625d2044481cdc1305f26da0079240dfc24f3c7,99,49.84810343053688,49.84810343053688,16.159390163052844,22.256327632937875,0.0006379826910873274,0.01623851871793575,0.03928823202221416
bfo-a7d84a931ad75b81180fb1321625d2044481cdc1305f26da0079240dfc24f3c7,100,61.51688546416223,61.51688546416223,24.188617854836654,31.072742534836337,4.8324133598611666e-05,0.003800096495147431,0.012716554345480338
bfo-a7d84a931ad75b81180fb1321625d2044481cdc1305f26da0079240dfc24f3c7,101,61.193334095737285,61.193334095737285,23.522037187802333,30.407709635990482,6.488534673740711e-05,0.00400627298418769,0.016195937469439127
bfo-a7d84a931ad75b81180fb1321625d2044481cdc1305f26da0079240dfc24f3c7,102,1000000.0,102.51320530625291,48.46974975006074,61.38516766235215,3.842963635567872e-06,0.00020215138072254477,0.01901032593411957
bfo-a7d84a931ad75b81180fb1321625d2044481cdc1305f26da0079240dfc24f3c7,103,84.22049047566944,84.22049047566944,33.24650492539958,43.91001218790876,1.4399658176407082e-05,0.0009609250662233627,0.014985204031570082
bfo-a7d84a931ad75b81180fb1321625d2044481cdc1305f26da0079240dfc24f3c7,104,39.00021137269805,39.00021137269805,13.912877081932264,18.40614667883751,0.002064296380695925,0.03017502289390222,0.06841076435813008
bfo-a7d84a931ad75b81180fb1321625d2044481cdc1305f26da0079240dfc24f3c7,105,1000000.0,84.3613639585578,34.74754495852489,45.17270194971294,4.686282509904063e-05,0.0015847986445271952,0.029570207711164195
bfo-a7d84a931ad75b81180fb1321625d2044481cdc1305f26da0079240dfc24f3c7,106,1000000.016718338,36.084258734658206,12.632369258168982,14.653229760723237,9.528848898173626e-05,0.05281250058176899,0.0018042790614355058
bfo-a7d84a931ad75b81180fb1321625d2044481cdc1305f26da0079240dfc24f3c7,107,63.653908108241964,63.653908108241964,18.938105034108823,27.328255949429646,2.3513773995841564e-05,0.0042268069204688995,0.005563011142518209
bfo-a7d84a931ad75b81180fb1321625d2044481cdc1305f26da0079240dfc24f3c7,108,34.48853068633176,34.48853068633176,12.40960782213418,14.24810647367704,0.00015642280232549012,0.06568269575578041,0.0023814918149385506
bfo-a7d84a931ad75b81180fb1321625d2044481cdc1305f26da0079240dfc24f3c7,109,52.819398873868884,52.819398873868884,22.101223364299244,27.874018442603813,2.2697313633270914e-05,0.020905076114910222,0.0010857321689961418
bfo-a7d84a931ad75b81180fb1321625d2044481cdc1305f26da0079240dfc24f3c7,110,1000000.0246936479,34.60445045250419,12.419794288148895,14.258704774882455,0.00015602077587767156,0.06528336774766483,0.002389900847038523
bfo-a7d84a931ad75b81180fb1321625d2044481cdc1305f26da0079240dfc24f3c7,111,65.77508204721025,65.77508204721025,18.961406409684702,27.41744731711177,2.146622421749606e-05,0.006730853718956851,0.0031892275651509627
bfo-a7d84a931ad75b81180fb1321625d2044481cdc1305f26da0079240dfc24f3c7,112,34.618954642491296,34.618954642491296,12.421198216598718,14.26007102289789,0.00015593688640937447,0.06522726341899901,0.002390670376705611
bfo-a7d84a931ad75b81180fb1321625d2044481cdc1305f26da0079240dfc24f3c7,113,1000000.0,54.100239169051605,15.6587890171274,22.617966668470793,4.763549457479418e-05,0.012710394495284114,0.0037477589379675182
bfo-a7d84a931ad75b81180fb1321625d2044481cdc1305f26da0079240dfc24f3c7,114,1000000.0119607208,26.40806768532418,12.089034863391392,13.253615679811393,6.832716644748605e-05,0.07529265744383758,0.0009074877785852195
bfo-a7d84a931ad75b81180fb1321625d2044481cdc1305f26da0079240dfc24f3c7,115,89.14445276739545,89.14445276739545,28.942330577274927,42.21748343967572,6.005510049958674e-06,0.0016674875463159435,0.003601532175293856
bfo-a7d84a931ad75b81180fb1321625d2044481cdc1305f26da0079240dfc24f3c7,116,26.507691708144023,26.507691708144023,12.095391020299795,13.278645566829866,6.94119678032194e-05,0.0739666396996623,0.0009384226197791747
bfo-a7d84a931ad75b81180fb1321625d2044481cdc1305f26da0079240dfc24f3c7,117,78.43470174488826,78.43470174488826,24.032334611870283,34.657462252513824,1.1411697419112334e-05,0.0032992849829146685,0.0034588395601494733
bfo-a7d84a931ad75b81180fb1321625d2044481cdc1305f26da0079240dfc24f3c7,118,1000000.0056251506,26.39274491507185,12.09165291506046,13.266426694707839,6.382500789833506e-05,0.07410839106550424,0.0008612386125333672
bfo-a7d84a931ad75b81180fb1321625d2044481cdc1305f26da0079240dfc24f3c7,119,66.69169352659901,66.69169352659901,19.196923500002114,27.759177840756585,1.8644408133824154e-05,0.006651812414214435,0.0028029064821464933
bfo-a7d84a931ad75b81180fb1321625d2044481cdc1305f26da0079240dfc24f3c7,120,1000000.0204556525,29.23075515938124,12.161356757709003,13.45517667057554,0.00014203745627566357,0.0773652501442804,0.0018359335232649586
bfo-a7d84a931ad75b81180fb1321625d2044481cdc1305f26da0079240dfc24f3c7,121,66.50999834331185,66.50999834331185,19.12667687962539,27.718372217662704,2.023535415533631e-05,0.006641605112134206,0.003046756591771218
bfo-a7d84a931ad75b81180fb1321625d2044481cdc1305f26da0079240dfc24f3c7,122,1000000.014723201,26.784835393824974,12.089732340888501,13.248184409084502,8.744249478762844e-05,0.07757894167076362,0.0011271421458509273
bfo-a7d84a931ad75b81180fb1321625d2044481cdc1305f26da0079240dfc24f3c7,123,61.95205981955514,61.95205981955514,17.399161446274853,25.53949970170733,2.36409477090433e-05,0.008501093223818448,0.0027809302976240582
bfo-a7d84a931ad75b81180fb1321625d2044481cdc1305f26da0079240dfc24f3c7,124,26.382889751220997,26.382889751220997,12.091330498153994,13.265450325589116,6.413641159688214e-05,0.07400670941273549,0.0008666296894676578
bfo-a7d84a931ad75b81180fb1321625d2044481cdc1305f26da0079240dfc24f3c7,125,48.084538314863636,48.084538314863636,14.112221000141034,19.645415793615538,3.393650927313808e-05,0.01763265087791013,0.0019246402318129677
bfo-a7d84a931ad75b81180fb1321625d2044481cdc1305f26da0079240dfc24f3c7,126,27.79340569523667,27.79340569523667,12.16356853529087,13.460930684050544,2.722880166143401e-05,0.06779035733419399,0.00040166186950750277
bfo-a7d84a931ad75b81180fb1321625d2044481cdc1305f26da0079240dfc24f3c7,127,37.303522679185086,37.303522679185086,12.529487717117691,14.59041090165764,0.00022957181113025417,0.05939953222377272,0.0038648757411994493
bfo-a7d84a931ad75b81180fb1321625d2044481cdc1305f26da0079240dfc24f3c7,128,27.725455486226217,27.725455486226217,12.152705317343408,13.4328278125293,3.114924893106476e-05,0.06877715918321173,0.0004529010692065367
bfo-a7d84a931ad75b81180fb1321625d2044481cdc1305f26da0079240dfc24f3c7,129,36.26971274394083,36.26971274394083,12.403911472037127,14.28155599900353,0.00022727216624847754,0.0647194092871308,0.0035116539033935483
bfo-a7d84a931ad75b81180fb1321625d2044481cdc1305f26da0079240dfc24f3c7,130,27.854856651819837,27.854856651819837,12.179717494201254,13.49579674122453,2.4710039704068652e-05,0.06710093454040594,0.0003682517966897926
bfo-a7d84a931ad75b81180fb1321625d2044481cdc1305f26da0079240dfc24f3c7,131,1000000.0,73.30522941186756,23.023065433325716,32.760235495315825,6.337804394402808e-05,0.0069549303634066,0.009112678435645016
bfo-a7d84a931ad75b81180fb1321625d2044481cdc1305f26da0079240dfc24f3c7,132,1000000.0019344405,27.862857520253577,12.179776365759935,13.493236705639697,2.4331300194128983e-05,0.06751616084618157,0.0003603774250369726
bfo-a7d84a931ad75b81180fb1321625d2044481cdc1305f26da0079240dfc24f3c7,133,104.57255673051918,104.57255673051918,38.553139292379456,54.49507185523465,1.1411543736883421e-06,0.0005729371195352118,0.00199176198360841
bfo-a7d84a931ad75b81180fb1321625d2044481cdc1305f26da0079240dfc24f3c7,134,27.858349824504028,27.858349824504028,12.179788852295381,13.492390397008515,2.4223623018053083e-05,0.06764054554288758,0.0003581228215064301
bfo-a7d84a931ad75b81180fb1321625d2044481cdc1305f26da0079240dfc24f3c7,135,1000000.0,49.580085398866615,14.8933817729197,21.135427456117633,2.2507797593002576e-05,0.015202514635754507,0.0014805312234376616
bfo-a7d84a931ad75b81180fb1321625d2044481cdc1305f26da0079240dfc24f3c7,136,27.166980130281075,27.166980130281075,12.112762654988432,13.38230666783101,0.00011352189433719592,0.07108655744887389,0.0015969530444464401
bfo-a7d84a931ad75b81180fb1321625d2044481cdc1305f26da0079240dfc24f3c7,137,1000000.0,44.99180888430642,13.937710342251517,19.2664339792446,2.4031864754383434e-05,0.019647806407151882,0.0012231322039917769
bfo-a7d84a931ad75b81180fb1321625d2044481cdc1305f26da0079240dfc24f3c7,138,1000000.0004504398,27.762789038096653,12.184492946459011,13.49818506235607,2.3564036588822253e-05,0.06823186206232244,0.000345352389288439
bfo-a7d84a931ad75b81180fb1321625d2044481cdc1305f26da0079240dfc24f3c7,139,56.470925735595955,56.470925735595955,16.078673474499496,23.340351770252184,2.559594442900048e-05,0.011102841376241799,0.002305350816212818
bfo-a7d84a931ad75b81180fb1321625d2044481cdc1305f26da0079240dfc24f3c7,140,1000000.0215007361,27.763942793126805,12.2021250914996,13.539566709304296,2.5694567763012926e-05,0.06766966562381703,0.00037970584790313283
bfo-a7d84a931ad75b81180fb1321625d2044481cdc1305f26da0079240dfc24f3c7,141,70.44870018172357,70.44870018172357,22.055735565417375,30.943258166927816,1.0079556859778254e-05,0.004554962919270473,0.0022128735268370976
bfo-a7d84a931ad75b81180fb1321625d2044481cdc1305f26da0079240dfc24f3c7,142,27.887135419825107,27.887135419825107,12.222638587370524,13.59064748521343,3.10759824923594e-05,0.06664506234930437,0.0004662908458166333
bfo-a7d84a931ad75b81180fb1321625d2044481cdc1305f26da0079240dfc24f3c7,143,50.132024266328564,50.132024266328564,14.31990564301045,20.202964175600822,4.693884365819778e-05,0.016010747502356145,0.0029317084446738202
bfo-a7d84a931ad75b81180fb1321625d2044481cdc1305f26da0079240dfc24f3c7,144,27.84637870816917,27.84637870816917,12.219916884377525,13.584915166165452,3.387757431403659e-05,0.06712930442386951,0.0005046614828618806
bfo-a7d84a931ad75b81180fb1321625d2044481cdc1305f26da0079240dfc24f3c7,145,1000000.0,94.51245291600017,33.12335816221329,46.96438958968299,9.067784581469784e-06,0.0008715824187485325,0.010403817684264243
bfo-a7d84a931ad75b81180fb1321625d2044481cdc1305f26da0079240dfc24f3c7,146,27.85681983832886,27.85681983832886,12.212405392957807,13.561284361577911,3.0749892004966954e-05,0.06803041228620187,0.00045200214097781884
bfo-a7d84a931ad75b81180fb1321625d2044481cdc1305f26da0079240dfc24f3c7,147,1000000.0,45.490689529698116,14.308790172430426,20.02971350377231,2.273239922497577e-05,0.018168690538167262,0.001251185338713401
bfo-a7d84a931ad75b81180fb1321625d2044481cdc1305f26da0079240dfc24f3c7,148,27.799925263713575,27.799925263713575,12.192570913988938,13.504777877836423,2.9830326815650155e-05,0.06990233846990238,0.0004267429025782035
bfo-a7d84a931ad75b81180fb1321625d2044481cdc1305f26da0079240dfc24f3c7,149,1000000.0,94.80131594114249,33.21675464137729,47.12340600058457,8.735220398321352e-06,0.0008669958334698852,0.010075273791525974
bfo-a7d84a931ad75b81180fb1321625d2044481cdc1305f26da0079240dfc24f3c7,150,27.548200673132914,27.548200673132914,12.170892115130677,13.447837132156302,3.095876783468439e-05,0.07168726110578612,0.000431858706235125
bfo-a7d84a931ad75b81180fb1321625d2044481cdc1305f26da0079240dfc24f3c7,151,65.73441770763353,65.73441770763353,20.414691039637173,28.588308806134677,1.2651285718827846e-05,0.0059157712966353745,0.0021385691035796686
bfo-a7d84a931ad75b81180fb1321625d2044481cdc1305f26da0079240dfc24f3c7,152,27.251034479628167,27.251034479628167,12.107289401434933,13.359470259485759,0.00011490676300673409,0.07009965629226737,0.0016391915322330809
bfo-a7d84a931ad75b81180fb1321625d2044481cdc1305f26da0079240dfc24f3c7,153,1000000.0,99.21037663718988,35.420831872280786,50.32262004839559,7.31733269519066e-06,0.0006661439506251543,0.010984611791976167
bfo-a7d84a931ad75b81180fb1321625d2044481cdc1305f26da0079240dfc24f3c7,154,27.00640984450714,27.00640984450714,12.138722903172864,13.378095157852197,3.1923086210761016e-05,0.0736566235499649,0.00043340414849597363
bfo-a7d84a931ad75b81180fb1321625d2044481cdc1305f26da0079240dfc24f3c7,155,1000000.0,38.253032991077,13.157086614174684,17.36449702727803,2.79174813397499e-05,0.02727008015660086,0.0010237403476422247
bfo-a7d84a931ad75b81180fb1321625d2044481cdc1305f26da0079240dfc24f3c7,156,27.126073303938284,27.126073303938284,12.113564448885933,13.357475567681467,0.00011008019446938393,0.07027739377599133,0.0015663670570975317
bfo-a7d84a931ad75b81180fb1321625d2044481cdc1305f26da0079240dfc24f3c7,157,1000000.0,104.75301613743517,38.873210310720374,54.95625162704092,6.348436560865104e-06,0.0004570497307804207,0.013890034570253512
bfo-a7d84a931ad75b81180fb1321625d2044481cdc1305f26da0079240dfc24f3c7,158,27.04604128529641,27.04604128529641,12.13879266732537,13.375946345863742,2.88507104741142e-05,0.07334609844409569,0.00039335030882527687
bfo-a7d84a931ad75b81180fb1321625d2044481cdc1305f26da0079240dfc24f3c7,159,56.20481297273334,56.20481297273334,15.105247769172298,22.121493850463647,9.072458274247065e-05,0.021245392653487693,0.0042703180036344065
bfo-a7d84a931ad75b81180fb1321625d2044481cdc1305f26da0079240dfc24f3c7,160,27.234629047095904,27.234629047095904,12.119028234059131,13.373137605427182,0.00010739494556055601,0.07014638008925854,0.001531011941370319
bfo-a7d84a931ad75b81180fb1321625d2044481cdc1305f26da0079240dfc24f3c7,161,71.97735271761795,71.97735271761795,22.573133021940304,31.970573190278,2.506318491529188e-05,0.0037379002786343046,0.006705150765672399
bfo-a7d84a931ad75b81180fb1321625d2044481cdc1305f26da0079240dfc24f3c7,162,27.22588303092409,27.22588303092409,12.118939641910176,13.372721612899596,0.00010661264623734235,0.07016836760847507,0.0015193833043433303
bfo-a7d84a931ad75b81180fb1321625d2044481cdc1305f26da0079240dfc24f3c7,163,1000000.0,80.44874544723362,27.604899313985623,39.190626742561605,4.664654451980099e-05,0.003206928327802681,0.014545552551142359
bfo-a7d84a931ad75b81180fb1321625d2044481cdc1305f26da0079240dfc24f3c7,164,1000000.0241882141,26.51566521397377,12.11623534336097,13.3102940143296,3.645270571803526e-05,0.07390650797809886,0.0004932272774792377
bfo-a7d84a931ad75b81180fb1321625d2044481cdc1305f26da0079240dfc24f3c7,165,28.180662771370173,28.180662771370173,12.204058492815415,13.592658105230424,0.00010333981341109152,0.058007652423792924,0.0017814858745896214
bfo-a7d84a931ad75b81180fb1321625d2044481cdc1305f26da0079240dfc24f3c7,166,26.87887478288379,26.87887478288379,12.110428238165813,13.34724730238815,8.566138166703514e-05,0.07058991692413394,0.0012135073307863382
bfo-a7d84a931ad75b81180fb1321625d2044481cdc1305f26da0079240dfc24f3c7,167,27.99547855989455,27.99547855989455,12.16054654056124,13.51353289085744,0.00011517871857353326,0.0658233130152139,0.0017498164905025632
bfo-a7d84a931ad75b81180fb1321625d2044481cdc1305f26da0079240dfc24f3c7,168,26.811185485639644,26.811185485639644,12.108678770797551,13.34297610337438,7.947073885322635e-05,0.07052597857566632,0.0011268292969230241
bfo-a7d84a931ad75b81180fb1321625d2044481cdc1305f26da0079240dfc24f3c7,169,1000000.0,80.43230201858086,27.597197225665163,39.188123875362464,4.6775723103547165e-05,0.0032067962520548887,0.014586434380910127
bfo-a7d84a931ad75b81180fb1321625d2044481cdc1305f26da0079240dfc24f3c7,170,1000000.0221327179,26.157599643278402,12.094770948241788,13.244139478836622,5.0927290951754994e-05,0.07565458782713075,0.0006731553553384344
bfo-a7d84a931ad75b81180fb1321625d2044481cdc1305f26da0079240dfc24f3c7,171,28.226974312595157,28.226974312595157,12.148043538210349,13.429635010377432,9.262599396936511e-05,0.0669442919554591,0.0013836279578697036
bfo-a7d84a931ad75b81180fb1321625d2044481cdc1305f26da0079240dfc24f3c7,172,26.780599924518828,26.780599924518828,12.107780798320563,13.341095944596043,7.431794223514756e-05,0.07041362115481661,0.001055448377974293
bfo-a7d84a931ad75b81180fb1321625d2044481cdc1305f26da0079240dfc24f3c7,173,27.03718063303001,27.03718063303001,12.128649888372736,13.425522586813132,8.362384627001596e-05,0.06719081382086182,0.001244572606204271
bfo-a7d84a931ad75b81180fb1321625d2044481cdc1305f26da0079240dfc24f3c7,174,26.11202156906171,26.11202156906171,12.092878542890935,13.236551369503367,5.4563264476436586e-05,0.0759737816495016,0.0007181854488718152
bfo-a7d84a931ad75b81180fb1321625d2044481cdc1305f26da0079240dfc24f3c7,175,1000000.0,80.6075484457407,27.736990967603948,39.653530617158545,5.011650710279428e-05,0.0031133775357288875,0.01609715061140546
bfo-a7d84a931ad75b81180fb1321625d2044481cdc1305f26da0079240dfc24f3c7,176,1000000.0012808191,26.047333964487066,12.11221576258604,13.259128296992156,4.636013089228575e-05,0.07590452448398664,0.0006107690049763267
bfo-a7d84a931ad75b81180fb1321625d2044481cdc1305f26da0079240dfc24f3c7,177,34.197554643727514,34.197554643727514,12.802321740986736,15.733459952423864,4.0883255624166916e-05,0.03644997899160859,0.0011216263151641033
bfo-a7d84a931ad75b81180fb1321625d2044481cdc1305f26da0079240dfc24f3c7,178,26.427378767325102,26.427378767325102,12.092838845190368,13.268299672390075,6.205026848381274e-05,0.07405369484741361,0.0008379091497279949
bfo-a7d84a931ad75b81180fb1321625d2044481cdc1305f26da0079240dfc24f3c7,179,1000000.0,30.432037078371497,12.141443959200652,13.547748797970685,0.00023148451151399287,0.06687573806771369,0.003461412437491275
bfo-a7d84a931ad75b81180fb1321625d2044481cdc1305f26da0079240dfc24f3c7,180,25.950612704963845,25.950612704963845,12.098811872916798,13.223464487629032,4.825962877159816e-05,0.07663720586214424,0.0006297154003553842
bfo-a7d84a931ad75b81180fb1321625d2044481cdc1305f26da0079240dfc24f3c7,181,1000000.0,33.617555560055095,12.834052047508512,15.644083230977188,3.6517433369504246e-05,0.03722544256561204,0.0009809805029218958
bfo-a7d84a931ad75b81180fb1321625d2044481cdc1305f26da0079240dfc24f3c7,182,26.112813207976707,26.112813207976707,12.097553763991685,13.24805229092385,5.329206452336602e-05,0.07578990204825245,0.0007031552104320844
bfo-a7d84a931ad75b81180fb1321625d2044481cdc1305f26da0079240dfc24f3c7,183,1000000.0,30.228009989743878,12.14824277960235,13.552012838154695,0.00022367470992029802,0.06742789609320976,0.003317242905089291
bfo-a7d84a931ad75b81180fb1321625d2044481cdc1305f26da0079240dfc24f3c7,184,25.947493103624282,25.947493103624282,12.108957397932855,13.233682887036474,4.3066664472314333e-05,0.0757751680675775,0.000568347990121339
bfo-a7d84a931ad75b81180fb1321625d2044481cdc1305f26da0079240dfc24f3c7,185,33.85346065713703,33.85346065713703,12.869747739564188,15.761603656639421,3.116631507502242e-05,0.035541690123986905,0.000876894569906467
bfo-a7d84a931ad75b81180fb1321625d2044481cdc1305f26da0079240dfc24f3c7,186,1000000.013243339,25.758254596931458,12.126796375709809,13.225445335159698,4.713343208583874e-05,0.0746041171475233,0.000631780575764155
bfo-a7d84a931ad75b81180fb1321625d2044481cdc1305f26da0079240dfc24f3c7,187,26.898506677251397,26.898506677251397,12.121688470554496,13.378289224985526,3.335266021663676e-05,0.07465449789405938,0.0004467602241993083
bfo-a7d84a931ad75b81180fb1321625d2044481cdc1305f26da0079240dfc24f3c7,188,25.774954984051227,25.774954984051227,12.132426986787658,13.233252234834769,4.566694964479663e-05,0.07444995442905987,0.0006133912370397846
bfo-a7d84a931ad75b81180fb1321625d2044481cdc1305f26da0079240dfc24f3c7,189,1000000.0,83.67881755642257,31.092927756636886,43.335147014682406,6.359095351147281e-05,0.0014266833013481855,0.04457257854730669
bfo-a7d84a931ad75b81180fb1321625d2044481cdc1305f26da0079240dfc24f3c7,190,1000000.0036834512,25.835706701481687,12.181931500025923,13.37058651247629,3.791743275822417e-05,0.07022560570375254,0.0005399374256475517
bfo-a7d84a931ad75b81180fb1321625d2044481cdc1305f26da0079240dfc24f3c7,191,46.97756610823746,46.97756610823746,13.869017477976756,19.020410412907573,2.3222984528845936e-05,0.01728726949011124,0.0013433575812611747
bfo-a7d84a931ad75b81180fb1321625d2044481cdc1305f26da0079240dfc24f3c7,192,1000000.0083229684,25.86701911714619,12.17264809776887,13.323839365763249,4.310564577287654e-05,0.06962961522320596,0.0006190705726966363
bfo-a7d84a931ad75b81180fb1321625d2044481cdc1305f26da0079240dfc24f3c7,193,40.630350950312824,40.630350950312824,12.767460077951979,15.281508339403107,0.0001593894469263552,0.05416675514896688,0.0029425695980497594
bfo-a7d84a931ad75b81180fb1321625d2044481cdc1305f26da0079240dfc24f3c7,194,26.13790454396566,26.13790454396566,12.188537144034097,13.365944497080555,3.980272418367508e-05,0.07351537085640997,0.0005414204365698931
bfo-a7d84a931ad75b81180fb1321625d2044481cdc1305f26da0079240dfc24f3c7,195,33.77886509767946,33.77886509767946,12.750310744351836,15.086401851275134,2.5972613480861277e-05,0.039420099820386044,0.0006588672682008172
bfo-a7d84a931ad75b81180fb1321625d2044481cdc1305f26da0079240dfc24f3c7,196,1000000.0085192258,25.78987399088324,12.150004472257775,13.276511959485363,5.1717504918152725e-05,0.07331217808689486,0.000705442209844774
bfo-a7d84a931ad75b81180fb1321625d2044481cdc1305f26da0079240dfc24f3c7,197,26.197446459697037,26.197446459697037,12.12753693661024,13.251481688795442,3.555808589101746e-05,0.07437692826600033,0.000478079516323236
bfo-a7d84a931ad75b81180fb1321625d2044481cdc1305f26da0079240dfc24f3c7,198,1000000.0045798703,25.7837173532875,12.14991758594901,13.276803566851425,5.0716241957526626e-05,0.07331522226651192,0.000691755959944654
bfo-a7d84a931ad75b81180fb1321625d2044481cdc1305f26da0079240dfc24f3c7,199,26.214622974372098,26.214622974372098,12.12846920929181,13.252584645323063,3.686772721943624e-05,0.07430487995212796,0.000496168316847949
bfo-a7d84a931ad75b81180fb1321625d2044481cdc1305f26da0079240dfc24f3c7,200,1000000.0014278305,25.772404256422494,12.15048358953153,13.279455348949849,4.88826611636108e-05,0.07327259688999876,0.0006671342799136271
bfo-a7d84a931ad75b81180fb1321625d2044481cdc1305f26da0079240dfc24f3c7,201,26.23407257805426,26.23407257805426,12.129832574421965,13.252550105013464,3.931750541997236e-05,0.07424526793239236,0.0005295624423602973
bfo-a7d84a931ad75b81180fb1321625d2044481cdc1305f26da0079240dfc24f3c7,202,25.91983787992097,25.91983787992097,12.123828892233865,13.218482693356066,4.3464203554530933e-05,0.07486089897060828,0.0005805995406439849
bfo-a7d84a931ad75b81180fb1321625d2044481cdc1305f26da0079240dfc24f3c7,203,1000000.0,81.57328703448238,27.304782746078978,39.582681471957194,4.876662924940777e-05,0.0027716820900083143,0.017594596950785753
bfo-a7d84a931ad75b81180fb1321625d2044481cdc1305f26da0079240dfc24f3c7,204,25.81669699683337,25.81669699683337,12.1703898510903,13.340032682531518,4.0163539888146154e-05,0.07103370397993325,0.0005654152555453423
bfo-a7d84a931ad75b81180fb1321625d2044481cdc1305f26da0079240dfc24f3c7,205,1000000.0,45.56487171075779,13.799822907241733,18.55918651810494,2.6815773903839382e-05,0.018166180917638875,0.001476137115743573
bfo-a7d84a931ad75b81180fb1321625d2044481cdc1305f26da0079240dfc24f3c7,206,1000000.014650286,25.74768913623592,12.148435746665841,13.27231797940876,5.9916542823724264e-05,0.07282473687662597,0.0008227498703528477
bfo-a7d84a931ad75b81180fb1321625d2044481cdc1305f26da0079240dfc24f3c7,207,27.474240886293046,27.474240886293046,12.141281880465248,13.249378131259007,6.971556832818508e-05,0.08257860286429013,0.0008442328388960008
bfo-a7d84a931ad75b81180fb1321625d2044481cdc1305f26da0079240dfc24f3c7,208,1000000.0216202072,25.76336587700702,12.148969605936438,13.273445744236136,5.8702917086663644e-05,0.07297679598373497,0.0008044052399854239
bfo-a7d84a931ad75b81180fb1321625d2044481cdc1305f26da0079240dfc24f3c7,209,27.31021777342668,27.31021777342668,12.139673976701497,13.240615476681958,7.544410124435107e-05,0.08174578219012123,0.0009229112404709279
bfo-a7d84a931ad75b81180fb1321625d2044481cdc1305f26da0079240dfc24f3c7,210,25.79311687662806,25.79311687662806,12.150112161451952,13.275774836802372,5.556511953999725e-05,0.07324155564363154,0.0007586556436670761
bfo-a7d84a931ad75b81180fb1321625d2044481cdc1305f26da0079240dfc24f3c7,211,1000000.0,31.883743453741406,12.277979838070882,13.6985866472208,0.00023351180473837278,0.07361672675204212,0.0031719938530395905
bfo-a7d84a931ad75b81180fb1321625d2044481cdc1305f26da0079240dfc24f3c7,212,25.893915723148183,25.893915723148183,12.124029188913065,13.223884935580115,3.767576402493903e-05,0.07497243210101127,0.0005025282356343731
bfo-a7d84a931ad75b81180fb1321625d2044481cdc1305f26da0079240dfc24f3c7,213,1000000.0,34.21197965009147,12.701590192820818,15.117745133570624,1.6517198008558464e-05,0.036066655879560976,0.0004579631131789733
bfo-a7d84a931ad75b81180fb1321625d2044481cdc1305f26da0079240dfc24f3c7,214,25.795856876924542,25.795856876924542,12.150168467827777,13.276215620614288,5.374444328886098e-05,0.07329295092774275,0.0007332825682219557
bfo-a7d84a931ad75b81180fb1321625d2044481cdc1305f26da0079240dfc24f3c7,215,1000000.0,31.887142382174204,12.278072766331452,13.698887177627478,0.00023350765777272532,0.07360943892152633,0.003172251564390588
bfo-a7d84a931ad75b81180fb1321625d2044481cdc1305f26da0079240dfc24f3c7,216,25.90704663153158,25.90704663153158,12.12464987380225,13.224710868718175,4.000719006263388e-05,0.07481221787474564,0.0005347681327883625
bfo-a7d84a931ad75b81180fb1321625d2044481cdc1305f26da0079240dfc24f3c7,217,34.21188675881929,34.21188675881929,12.7016005918736,15.117703726813286,1.6518739884157387e-05,0.036066664167392584,0.0004580057586554337
bfo-a7d84a931ad75b81180fb1321625d2044481cdc1305f26da0079240dfc24f3c7,218,26.00535308132887,26.00535308132887,12.171335781309544,13.3341343960434,3.8865512494501916e-05,0.07350062446447825,0.0005287779903595926
bfo-a7d84a931ad75b81180fb1321625d2044481cdc1305f26da0079240dfc24f3c7,219,1000000.0,81.00772400966363,26.673475399014336,38.90386543345595,4.642388257590972e-05,0.0030123287010976473,0.015411293780454157
bfo-a7d84a931ad75b81180fb1321625d2044481cdc1305f26da0079240dfc24f3c7,220,26.03138083277932,26.03138083277932,12.191331089959961,13.404786121061901,3.0083512045100385e-05,0.06934010501842594,0.0004338544344157859
bfo-a7d84a931ad75b81180fb1321625d2044481cdc1305f26da0079240dfc24f3c7,221,1000000.0,92.92254736057926,29.7050070998295,44.0460038590643,3.297433666577299e-06,0.0014026342309146035,0.0023508863493422448
bfo-a7d84a931ad75b81180fb1321625d2044481cdc1305f26da0079240dfc24f3c7,222,26.053910506264486,26.053910506264486,12.177001024700331,13.34213845379973,3.9467270900170236e-05,0.07336309111770614,0.0005379717552637969
bfo-a7d84a931ad75b81180fb1321625d2044481cdc1305f26da0079240dfc24f3c7,223,33.85491461677745,33.85491461677745,12.444154980914162,13.999820023498916,6.152566107364279e-05,0.06690599354352249,0.000919583699681856
bfo-a7d84a931ad75b81180fb1321625d2044481cdc1305f26da0079240dfc24f3c7,224,25.97888114023059,25.97888114023059,12.125268208955983,13.223404251415785,3.5199199248153695e-05,0.07642760834825667,0.00046055607402709726
bfo-a7d84a931ad75b81180fb1321625d2044481cdc1305f26da0079240dfc24f3c7,225,1000000.0,78.65130803270995,24.675484011793245,36.43768044775912,4.3993111930264506e-05,0.004005494958009696,0.010983189940681986
bfo-a7d84a931ad75b81180fb1321625d2044481cdc1305f26da0079240dfc24f3c7,226,1000000.0027695501,25.727605220783303,12.164814891942868,13.33603363253484,4.899603024257587e-05,0.06853129855875861,0.0007149438471615529
bfo-a7d84a931ad75b81180fb1321625d2044481cdc1305f26da0079240dfc24f3c7,227,79.62410715925473,79.62410715925473,23.779439553900236,34.30690425459432,8.051579551258685e-06,0.002944623526873661,0.0027343324122004603
bfo-a7d84a931ad75b81180fb1321625d2044481cdc1305f26da0079240dfc24f3c7,228,25.850226024083106,25.850226024083106,12.117382709552539,13.229293425132662,4.377884793259749e-05,0.06974355865376428,0.0006277117023800535
bfo-a7d84a931ad75b81180fb1321625d2044481cdc1305f26da0079240dfc24f3c7,229,40.86476715429495,40.86476715429495,12.772558324758007,15.258368451595613,0.00012125881583620584,0.05547088754791599,0.002185990186860846
bfo-a7d84a931ad75b81180fb1321625d2044481cdc1305f26da0079240dfc24f3c7,230,25.852748247579846,25.852748247579846,12.116584627262332,13.227698438085174,4.347807940336359e-05,0.06973407754666108,0.0006234839684266441
bfo-a7d84a931ad75b81180fb1321625d2044481cdc1305f26da0079240dfc24f3c7,231,1000000.0,71.471507697725,20.24095061529504,30.23568288980224,4.175195542854975e-05,0.007028140748686916,0.005940682880653802
bfo-a7d84a931ad75b81180fb1321625d2044481cdc1305f26da0079240dfc24f3c7,232,1000000.0091801553,25.41485359289687,12.076593477152882,13.139543255444519,3.715223860095226e-05,0.07461503636110513,0.0004979189237562143
bfo-a7d84a931ad75b81180fb1321625d2044481cdc1305f26da0079240dfc24f3c7,233,51.12975241647496,51.12975241647496,15.164965853865768,21.19441517763251,2.1729749259486196e-05,0.011404475669373162,0.001905370302805035
bfo-a7d84a931ad75b81180fb1321625d2044481cdc1305f26da0079240dfc24f3c7,234,25.909370098290132,25.909370098290132,12.152968048178174,13.285861905265735,3.705678934469889e-05,0.07516625020294458,0.0004929977116677721
bfo-a7d84a931ad75b81180fb1321625d2044481cdc1305f26da0079240dfc24f3c7,235,1000000.0,28.670724519864528,12.302553820992733,13.648777665823891,8.492635343585321e-05,0.0707421396569414,0.0012005058632336692
bfo-a7d84a931ad75b81180fb1321625d2044481cdc1305f26da0079240dfc24f3c7,236,25.95974297919367,25.95974297919367,12.162707489432222,13.312712262057715,3.8761696445955055e-05,0.07420759211090298,0.0005223413850704903
bfo-a7d84a931ad75b81180fb1321625d2044481cdc1305f26da0079240dfc24f3c7,237,60.21921136756928,60.21921136756928,16.690453348515163,24.115074243977915,2.018559251834432e-05,0.008876890944092464,0.002273948462978218
bfo-a7d84a931ad75b81180fb1321625d2044481cdc1305f26da0079240dfc24f3c7,238,26.463623245701836,26.463623245701836,12.147740538696922,13.277179442155873,5.6779749859550104e-05,0.0723811191188797,0.0007844552633442196
bfo-a7d84a931ad75b81180fb1321625d2044481cdc1305f26da0079240dfc24f3c7,239,1000000.0,71.13321190655236,20.059551276716252,29.96271104516931,4.068091066412276e-05,0.007198515447407785,0.005651291708872018
bfo-a7d84a931ad75b81180fb1321625d2044481cdc1305f26da0079240dfc24f3c7,240,1000000.0157719691,25.729655552667687,12.13087604789837,13.227420231137483,4.459330945014194e-05,0.07426573241014287,0.0006004560650377642
bfo-a7d84a931ad75b81180fb1321625d2044481cdc1305f26da0079240dfc24f3c7,241,28.45909922902525,28.45909922902525,12.194646617419673,13.418998617409628,7.446590796868362e-05,0.06747725533445466,0.0011035704934883514
bfo-a7d84a931ad75b81180fb1321625d2044481cdc1305f26da0079240dfc24f3c7,242,25.860825336355205,25.860825336355205,12.13723620111633,13.24076156377253,6.014861036508248e-05,0.08050089631049301,0.0007471793870851885
bfo-a7d84a931ad75b81180fb1321625d2044481cdc1305f26da0079240dfc24f3c7,243,27.435219923909003,27.435219923909003,12.170885082299332,13.346449732566308,6.484476244699617e-05,0.07045962354395617,0.0009203109410106744
bfo-a7d84a931ad75b81180fb1321625d2044481cdc1305f26da0079240dfc24f3c7,244,25.85344760828319,25.85344760828319,12.134211028904904,13.262181742584884,3.333398977588e-05,0.07069551253334497,0.00047151493187290135
bfo-a7d84a931ad75b81180fb1321625d2044481cdc1305f26da0079240dfc24f3c7,245,1000000.0,71.17033564264847,20.09290135249064,30.00548285672571,4.164370444722142e-05,0.007153873620502922,0.005821140637412301
bfo-a7d84a931ad75b81180fb1321625d2044481cdc1305f26da0079240dfc24f3c7,246,1000000.0075084155,26.08289420212848,12.131185252087965,13.246723228695412,5.399425561423466e-05,0.07115911159190974,0.0007587820365701896
bfo-a7d84a931ad75b81180fb1321625d2044481cdc1305f26da0079240dfc24f3c7,247,26.914556268562503,26.914556268562503,12.175800946005097,13.3442451332671,6.14760078726347e-05,0.07279129984530076,0.0008445515879409516
bfo-a7d84a931ad75b81180fb1321625d2044481cdc1305f26da0079240dfc24f3c7,248,25.903264165084984,25.903264165084984,12.145496795995207,13.259374824915774,4.614079825577983e-05,0.07718698589353751,0.0005977795054650913
bfo-a7d84a931ad75b81180fb1321625d2044481cdc1305f26da0079240dfc24f3c7,249,26.23193496774876,26.23193496774876,12.163847359390223,13.322856367883906,6.248859157210544e-05,0.07811521849983118,0.0007999541289414751
bfo-a7d84a931ad75b81180fb1321625d2044481cdc1305f26da0079240dfc24f3c7,250,25.875917314833345,25.875917314833345,12.146496472230105,13.257783721337038,4.480535193776395e-05,0.0781782548779606,0.0005731178319048808
bfo-a7d84a931ad75b81180fb1321625d2044481cdc1305f26da0079240dfc24f3c7,251,1000000.0,71.23526629562609,20.144200397858672,30.067496605827092,4.2868384963708226e-05,0.007113834195758612,0.006026059053958143
bfo-a7d84a931ad75b81180fb1321625d2044481cdc1305f26da0079240dfc24f3c7,252,1000000.0007503788,26.117526504031236,12.188002763530774,13.335798328431844,3.345298449420883e-05,0.07909021422145202,0.00042297248557881915
bfo-a7d84a931ad75b81180fb1321625d2044481cdc1305f26da0079240dfc24f3c7,253,1000000.0,44.13048762763683,15.958671303155102,22.496837264621234,2.946390798589742e-05,0.0496638420919328,0.0005932667861531281
bfo-a7d84a931ad75b81180fb1321625d2044481cdc1305f26da0079240dfc24f3c7,254,1000000.0220488679,25.708730367462334,12.129089897568257,13.241578717073068,5.278710357598321e-05,0.07634400126385697,0.0006914374764500829
bfo-a7d84a931ad75b81180fb1321625d2044481cdc1305f26da0079240dfc24f3c7,255,38.216598477510885,38.216598477510885,13.145868247563207,15.800168514187652,0.000206982988006424,0.024166669016360207,0.008564812464071979
bfo-a7d84a931ad75b81180fb1321625d2044481cdc1305f26da0079240dfc24f3c7,256,1000000.017290255,25.720102383482928,12.1326696211535,13.24835016212894,5.0881572127626894e-05,0.0766563337070132,0.0006637621402831557
bfo-a7d84a931ad75b81180fb1321625d2044481cdc1305f26da0079240dfc24f3c7,257,26.69836609095724,26.69836609095724,12.203072348682815,13.404529269645643,3.112050028233042e-05,0.07151787199868224,0.00043514298472001285
bfo-a7d84a931ad75b81180fb1321625d2044481cdc1305f26da0079240dfc24f3c7,258,1000000.0084611318,25.67045388855005,12.133070695100315,13.246016793549577,4.616253644454336e-05,0.07675052248164878,0.0006014621783920874
bfo-a7d84a931ad75b81180fb1321625d2044481cdc1305f26da0079240dfc24f3c7,259,31.76310892488963,31.76310892488963,12.512427345037652,13.883494752077866,0.00011345074500614187,0.034049432411062584,0.0033319423253963545
bfo-a7d84a931ad75b81180fb1321625d2044481cdc1305f26da0079240dfc24f3c7,260,25.93284454860685,25.93284454860685,12.123027393123131,13.240588476468945,4.032063430924298e-05,0.07801374413423356,0.000516840138320572
bfo-a7d84a931ad75b81180fb1321625d2044481cdc1305f26da0079240dfc24f3c7,261,1000000.0,26.56731693243657,12.088968868141878,13.220707344736875,5.224105072030667e-05,0.05694735668317442,0.0009173569022869455
bfo-a7d84a931ad75b81180fb1321625d2044481cdc1305f26da0079240dfc24f3c7,262,25.851728098168596,25.851728098168596,12.175010536868049,13.25920948217238,5.781353264078237e-05,0.07941018343241889,0.0007280367597939615
bfo-a7d84a931ad75b81180fb1321625d2044481cdc1305f26da0079240dfc24f3c7,263,1000000.0,39.99412786319986,13.243071870674093,16.600641620252983,0.0001901310907682945,0.02171650392408984,0.008755142698516244
bfo-a7d84a931ad75b81180fb1321625d2044481cdc1305f26da0079240dfc24f3c7,264,25.842127961524582,25.842127961524582,12.176660839591577,13.262258929202767,5.398425489329728e-05,0.07912924082766049,0.0006822288995653614
bfo-a7d84a931ad75b81180fb1321625d2044481cdc1305f26da0079240dfc24f3c7,265,35.05974449993929,35.05974449993929,12.911309245513266,16.604156359413984,1.4006603737727852e-05,0.09021607018268255,0.0001552561944824825
bfo-a7d84a931ad75b81180fb1321625d2044481cdc1305f26da0079240dfc24f3c7,266,1000000.0051560961,25.662206518567512,12.116576357685977,13.206895740964091,5.536300422837509e-05,0.07588848622495618,0.0007295310129689842
bfo-a7d84a931ad75b81180fb1321625d2044481cdc1305f26da0079240dfc24f3c7,267,1000000.0,26.702555432559144,12.119444406401225,13.325490037837977,5.7763854849821676e-05,0.050168718590411665,0.0011513918727208952
bfo-a7d84a931ad75b81180fb1321625d2044481cdc1305f26da0079240dfc24f3c7,268,1000000.0221561034,25.661786212835224,12.116634611101924,13.207134594057955,5.532252310031113e-05,0.07588705392382054,0.0007290113430394441
bfo-a7d84a931ad75b81180fb1321625d2044481cdc1305f26da0079240dfc24f3c7,269,1000000.0,26.45973639391267,12.0994978049108,13.282834977116012,6.757524019843179e-05,0.052840062941849716,0.0012788637339966472
bfo-a7d84a931ad75b81180fb1321625d2044481cdc1305f26da0079240dfc24f3c7,270,1000000.0183735759,25.697386156341583,12.12745760116015,13.237843961742273,5.301370588057943e-05,0.07622982396028316,0.0006954457340502364
bfo-a7d84a931ad75b81180fb1321625d2044481cdc1305f26da0079240dfc24f3c7,271,1000000.0,26.710041779530144,12.09545469849042,13.275445486601784,7.068480061753317e-05,0.05256727745783902,0.0013446540135966733
bfo-a7d84a931ad75b81180fb1321625d2044481cdc1305f26da0079240dfc24f3c7,272,25.826966689211947,25.826966689211947,12.139133171706506,13.245842083924106,4.403354800004527e-05,0.07404194871316673,0.0005947108195467426
bfo-a7d84a931ad75b81180fb1321625d2044481cdc1305f26da0079240dfc24f3c7,273,1000000.0,33.106300901391165,12.695942896595513,14.305926370390132,0.00016873443074469116,0.030696813946783034,0.00549680598896076
bfo-a7d84a931ad75b81180fb1321625d2044481cdc1305f26da0079240dfc24f3c7,274,25.748075412593632,25.748075412593632,12.1276914974929,13.225435970115687,4.6888584548239154e-05,0.07457231362066882,0.0006287666597921308
bfo-a7d84a931ad75b81180fb1321625d2044481cdc1305f26da0079240dfc24f3c7,275,1000000.0,30.014537176852798,12.52546924964481,14.45491912121998,6.541237453952819e-06,0.09843875253704105,6.644982067902016e-05
bfo-a7d84a931ad75b81180fb1321625d2044481cdc1305f26da0079240dfc24f3c7,276,25.789013928368092,25.789013928368092,12.167446770529983,13.255505565636113,4.691395561516338e-05,0.07580029689654211,0.000618915196060446
bfo-a7d84a931ad75b81180fb1321625d2044481cdc1305f26da0079240dfc24f3c7,277,26.153945385832913,26.153945385832913,12.152317470512168,13.307460677443927,3.594990469713932e-05,0.06570361766681466,0.0005471525918016042
bfo-a7d84a931ad75b81180fb1321625d2044481cdc1305f26da0079240dfc24f3c7,278,1000000.0,26.657107444502053,12.095087003480689,13.312779594066976,9.152119969776959e-05,0.051198016142923346,0.0017875926958240112
bfo-a7d84a931ad75b81180fb1321625d2044481cdc1305f26da0079240dfc24f3c7,279,26.111225422211977,26.111225422211977,12.126939775873318,13.253540855208957,0.00010282161704651204,0.07472681931864462,0.00137596672766263
bfo-a7d84a931ad75b81180fb1321625d2044481cdc1305f26da0079240dfc24f3c7,280,26.119611331384156,26.119611331384156,12.200301759315257,13.324991819688734,3.2823190351652864e-05,0.0839731574496414,0.00039087717252190847
bfo-a7d84a931ad75b81180fb1321625d2044481cdc1305f26da0079240dfc24f3c7,281,25.73899527200325,25.73899527200325,12.140140416880351,13.273510430666985,3.6813937080613194e-05,0.07172495887573613,0.0005132653633778102
bfo-a7d84a931ad75b81180fb1321625d2044481cdc1305f26da0079240dfc24f3c7,282,1000000.0,25.709330469642794,12.13840648264148,13.27055623133247,3.80711534710306e-05,0.07233822068820252,0.0005262937505074622
bfo-a7d84a931ad75b81180fb1321625d2044481cdc1305f26da0079240dfc24f3c7,283,25.731740275034703,25.731740275034703,12.137523410690749,13.267638701260557,3.765906762742021e-05,0.07192000315880571,0.0005236243878391616
bfo-a7d84a931ad75b81180fb1321625d2044481cdc1305f26da0079240dfc24f3c7,284,25.751053141910987,25.751053141910987,12.137844592182658,13.267630558299215,3.711967716710589e-05,0.07149084235174645,0.0005192228255539514
bfo-a7d84a931ad75b81180fb1321625d2044481cdc1305f26da0079240dfc24f3c7,285,25.734093463916643,25.734093463916643,12.137143387197424,13.232657032953057,4.031679421809989e-05,0.0763871779715585,0.0005277953092220684
bfo-a7d84a931ad75b81180fb1321625d2044481cdc1305f26da0079240dfc24f3c7,286,25.764405183388774,25.764405183388774,12.140712344737544,13.27462886639978,3.629635478738689e-05,0.07144845840044124,0.0005080075287833324
bfo-a7d84a931ad75b81180fb1321625d2044481cdc1305f26da0079240dfc24f3c7,287,25.96849946568444,25.96849946568444,12.161043239666025,13.350878293598647,2.8620047945848908e-05,0.06816774879437953,0.0004198473391306806
bfo-a7d84a931ad75b81180fb1321625d2044481cdc1305f26da0079240dfc24f3c7,288,27.052178930463455,27.052178930463455,12.145994985379884,13.2505186373331,9.207344203893807e-05,0.07990171329023232,0.0011523337641646501
bfo-a7d84a931ad75b81180fb1321625d2044481cdc1305f26da0079240dfc24f3c7,289,25.72450854223414,25.72450854223414,12.136878089427931,13.259955768021845,3.85135590771264e-05,0.07255768005122075,0.000530799207608877
bfo-a7d84a931ad75b81180fb1321625d2044481cdc1305f26da0079240dfc24f3c7,290,25.801522310363826,25.801522310363826,12.15243949378029,13.311821428623473,3.0515680958792624e-05,0.07012613048922277,0.00043515421064737605
bfo-a7d84a931ad75b81180fb1321625d2044481cdc1305f26da0079240dfc24f3c7,291,25.72000314761702,25.72000314761702,12.13416826664566,13.254271574660537,4.039505346904888e-05,0.07268460728202084,0.0005557580205711718
bfo-a7d84a931ad75b81180fb1321625d2044481cdc1305f26da0079240dfc24f3c7,292,25.96054199374889,25.96054199374889,12.161232848966456,13.349626111304913,2.9473156426555757e-05,0.06861255529914373,0.0004295592300571784
bfo-a7d84a931ad75b81180fb1321625d2044481cdc1305f26da0079240dfc24f3c7,293,1000000.0020862916,25.75485447714951,12.12716484883587,13.221349569167108,4.658630157690127e-05,0.07489133270664551,0.000622051977087696
bfo-a7d84a931ad75b81180fb1321625d2044481cdc1305f26da0079240dfc24f3c7,294,26.08004268054162,26.08004268054162,12.16624703270502,13.375242885794485,3.008799234282353e-05,0.06711571114155648,0.0004483002836603149
bfo-a7d84a931ad75b81180fb1321625d2044481cdc1305f26da0079240dfc24f3c7,295,25.767811387970895,25.767811387970895,12.135207492121243,13.258236137460383,4.129831959799273e-05,0.07239797210795001,0.0005704347566036005
bfo-a7d84a931ad75b81180fb1321625d2044481cdc1305f26da0079240dfc24f3c7,296,26.026226119350824,26.026226119350824,12.16802227280843,13.35909238498498,2.4535981350196927e-05,0.06851184448935005,0.0003581275841144661
bfo-a7d84a931ad75b81180fb1321625d2044481cdc1305f26da0079240dfc24f3c7,297,25.756101710907203,25.756101710907203,12.144497349359144,13.293152898367445,3.428989638278954e-05,0.07063305972493006,0.000485465255452991
bfo-a7d84a931ad75b81180fb1321625d2044481cdc1305f26da0079240dfc24f3c7,298,25.852301240763282,25.852301240763282,12.149597638873956,13.313785225084123,3.573088801669669e-05,0.06993257268193799,0.0005109334126631547
bfo-a7d84a931ad75b81180fb1321625d2044481cdc1305f26da0079240dfc24f3c7,299,25.787223322009133,25.787223322009133,12.146037390082206,13.29700659612612,3.327343392579972e-05,0.07059096044604853,0.0004713554499832885
bfo-a7d84a931ad75b81180fb1321625d2044481cdc1305f26da0079240dfc24f3c7,300,25.935211040185315,25.935211040185315,12.158216246089737,13.343803347567132,3.370061781807904e-05,0.06871160810751896,0.0004904646936125375
bfo-a7d84a931ad75b81180fb1321625d2044481cdc1305f26da0079240dfc24f3c7,301,1000000.0004087675,25.689030693570686,12.131194875341373,13.245210697328755,3.931057391486741e-05,0.07340007274892918,0.0005355658712946017
bfo-a7d84a931ad75b81180fb1321625d2044481cdc1305f26da0079240dfc24f3c7,302,25.80108279089346,25.80108279089346,12.140794266302347,13.27446448788519,4.27817986794577e-05,0.07121715052995785,0.0006007232578262357
bfo-a7d84a931ad75b81180fb1321625d2044481cdc1305f26da0079240dfc24f3c7,303,25.678184764415686,25.678184764415686,12.131489781075514,13.246549671254265,4.1634242552908295e-05,0.07282970194719722,0.0005716657001163322
bfo-a7d84a931ad75b81180fb1321625d2044481cdc1305f26da0079240dfc24f3c7,304,25.93900133474862,25.93900133474862,12.16275573368948,13.356946247269558,2.9432676689068466e-05,0.06780474031259388,0.00043407992646793923
bfo-a7d84a931ad75b81180fb1321625d2044481cdc1305f26da0079240dfc24f3c7,305,1000000.000097406,25.66098158372783,12.127577175788202,13.24015403046583,4.654622449212679e-05,0.07309187986169335,0.0006368179964751619
bfo-a7d84a931ad75b81180fb1321625d2044481cdc1305f26da0079240dfc24f3c7,306,25.82868088540321,25.82868088540321,12.144788569775725,13.277930942379802,3.254832317026592e-05,0.07185188099700332,0.00045299194285008894
bfo-a7d84a931ad75b81180fb1321625d2044481cdc1305f26da0079240dfc24f3c7,307,25.685416179002573,25.685416179002573,12.12797487376612,13.239043554815169,4.64980682219265e-05,0.07290147669793018,0.0006378206632849548
bfo-a7d84a931ad75b81180fb1321625d2044481cdc1305f26da0079240dfc24f3c7,308,1000000.0,25.94191172198603,12.119919961809508,13.191790875283521,6.494882138498961e-05,0.07755924130481409,0.0008374091893154999
bfo-a7d84a931ad75b81180fb1321625d2044481cdc1305f26da0079240dfc24f3c7,309,25.685587234324142,25.685587234324142,12.127785817995163,13.238294905562805,4.512788399381231e-05,0.07310461920400163,0.0006173055066175912
bfo-a7d84a931ad75b81180fb1321625d2044481cdc1305f26da0079240dfc24f3c7,310,25.66618343074915,25.66618343074915,12.130266932670603,13.2442087038402,4.300342409265526e-05,0.07294315513027763,0.0005895470797205092
bfo-a7d84a931ad75b81180fb1321625d2044481cdc1305f26da0079240dfc24f3c7,311,26.09875019122125,26.09875019122125,12.16999158357763,13.381174920557063,2.7290723809302345e-05,0.0673907192191425,0.00040496264360316174
bfo-a7d84a931ad75b81180fb1321625d2044481cdc1305f26da0079240dfc24f3c7,312,1000000.0000248114,25.62538699496,12.11905014763779,13.215184153041594,4.8872048457877273e-05,0.07392543060741111,0.0006610992733666647
bfo-a7d84a931ad75b81180fb1321625d2044481cdc1305f26da0079240dfc24f3c7,313,26.27307441233078,26.27307441233078,12.184269616882958,13.431508938918089,2.4735998477193263e-05,0.06485465230035689,0.0003814066932721362
bfo-a7d84a931ad75b81180fb1321625d2044481cdc1305f26da0079240dfc24f3c7,314,25.669503941946928,25.669503941946928,12.12643596626529,13.23803635762676,4.4320601047266105e-05,0.07293793495237556,0.0006076481473763276
bfo-a7d84a931ad75b81180fb1321625d2044481cdc1305f26da0079240dfc24f3c7,315,25.92688903579245,25.92688903579245,12.167878791396737,13.359758013199347,3.1382749110706374e-05,0.0680994638261087,0.00046083694859686285
bfo-a7d84a931ad75b81180fb1321625d2044481cdc1305f26da0079240dfc24f3c7,316,25.65567177428663,25.65567177428663,12.128599034890383,13.241629363698621,4.571179795274274e-05,0.07311799854740082,0.0006251784630443456
bfo-a7d84a931ad75b81180fb1321625d2044481cdc1305f26da0079240dfc24f3c7,317,25.899049555540724,25.899049555540724,12.129052258397177,13.215788678489124,5.8628085355138446e-05,0.07698683094631081,0.0007615339485271785
bfo-a7d84a931ad75b81180fb1321625d2044481cdc1305f26da0079240dfc24f3c7,318,25.679402870469218,25.679402870469218,12.125711290012255,13.238193723109418,4.7582344368905055e-05,0.07303450027207362,0.0006515050310695319
bfo-a7d84a931ad75b81180fb1321625d2044481cdc1305f26da0079240dfc24f3c7,319,25.998638420213524,25.998638420213524,12.16017835648286,13.355005571067597,3.4110987049620996e-05,0.06811029092067683,0.0005008198700743713
bfo-a7d84a931ad75b81180fb1321625d2044481cdc1305f26da0079240dfc24f3c7,320,25.65874705051707,25.65874705051707,12.127362799089058,13.24078805139393,4.87151573959083e-05,0.07329072140472427,0.000664683829852003
bfo-a7d84a931ad75b81180fb1321625d2044481cdc1305f26da0079240dfc24f3c7,321,25.659478526299896,25.659478526299896,12.14088363645589,13.273891525246611,4.089451082463593e-05,0.0727019740886261,0.0005624951913242986
bfo-a7d84a931ad75b81180fb1321625d2044481cdc1305f26da0079240dfc24f3c7,322,25.672186354699125,25.672186354699125,12.124709685401701,13.236485859069367,4.710214498517598e-05,0.07303044465839251,0.0006449658797163452
bfo-a7d84a931ad75b81180fb1321625d2044481cdc1305f26da0079240dfc24f3c7,323,1000000.0,25.980978592886537,12.16408871992103,13.366010933268647,3.041204330103713e-05,0.06774897850878663,0.0004488930161078794
bfo-a7d84a931ad75b81180fb1321625d2044481cdc1305f26da0079240dfc24f3c7,324,25.688118107442836,25.688118107442836,12.125388135324448,13.236927774345562,4.8983460928154174e-05,0.07314544922665545,0.0006696720226075769
bfo-a7d84a931ad75b81180fb1321625d2044481cdc1305f26da0079240dfc24f3c7,325,25.90452351726261,25.90452351726261,12.116972512638142,13.187883004572566,6.463740886812692e-05,0.07779941486369284,0.0008308212726454796
bfo-a7d84a931ad75b81180fb1321625d2044481cdc1305f26da0079240dfc24f3c7,326,25.658035719143914,25.658035719143914,12.126456861879726,13.237075348701305,5.054858639076025e-05,0.07354797909176025,0.0006872872241356163
bfo-a7d84a931ad75b81180fb1321625d2044481cdc1305f26da0079240dfc24f3c7,327,25.771526042199966,25.771526042199966,12.113105467879523,13.185599207148648,6.177905091650352e-05,0.0768460371283208,0.0008039328145619561
bfo-a7d84a931ad75b81180fb1321625d2044481cdc1305f26da0079240dfc24f3c7,328,25.65360030117092,25.65360030117092,12.12613307477055,13.241080699731635,4.998581216137925e-05,0.07270255948213043,0.0006875385477132378
bfo-a7d84a931ad75b81180fb1321625d2044481cdc1305f26da0079240dfc24f3c7,329,25.643103088594007,25.643103088594007,12.100669710947136,13.221366379410357,5.8560812077078544e-05,0.06607328785015283,0.0008863008635182227
bfo-a7d84a931ad75b81180fb1321625d2044481cdc1305f26da0079240dfc24f3c7,330,25.84535656557013,25.84535656557013,12.101129764046263,13.233309634381111,7.258559269307609e-05,0.06661728913138452,0.00108959091010024
bfo-a7d84a931ad75b81180fb1321625d2044481cdc1305f26da0079240dfc24f3c7,331,25.70074087383685,25.70074087383685,12.09992961555177,13.224453783093676,6.297989776800667e-05,0.06582606547177494,0.0009567622995029431
bfo-a7d84a931ad75b81180fb1321625d2044481cdc1305f26da0079240dfc24f3c7,332,25.64488967919855,25.64488967919855,12.084867116044773,13.202531464352724,6.500125005944098e-05,0.06371999223209636,0.0010201076268603064
bfo-a7d84a931ad75b81180fb1321625d2044481cdc1305f26da0079240dfc24f3c7,333,25.62263136126756,25.62263136126756,12.103176461331007,13.222933208389723,5.473348762741372e-05,0.066555379523721,0.0008223751110592971
bfo-a7d84a931ad75b81180fb1321625d2044481cdc1305f26da0079240dfc24f3c7,334,25.632243724812078,25.632243724812078,12.136275749046654,13.25651632855469,4.467352523214382e-05,0.07359798143285722,0.0006069938925281406
bfo-a7d84a931ad75b81180fb1321625d2044481cdc1305f26da0079240dfc24f3c7,335,25.615600282917654,25.615600282917654,12.104916293170822,13.22782784591462,5.076142778899365e-05,0.06648452021329819,0.0007635074695002519
bfo-a7d84a931ad75b81180fb1321625d2044481cdc1305f26da0079240dfc24f3c7,336,25.66115919722086,25.66115919722086,12.114928384762033,13.270746169055572,4.2219263421729786e-05,0.06474684505336854,0.0006520667283005054
bfo-a7d84a931ad75b81180fb1321625d2044481cdc1305f26da0079240dfc24f3c7,337,25.63017854478897,25.63017854478897,12.108086665175946,13.237128542453526,4.6180203417856495e-05,0.06627480924817596,0.0006967987375856157
bfo-a7d84a931ad75b81180fb1321625d2044481cdc1305f26da0079240dfc24f3c7,338,25.7416934748532,25.7416934748532,12.119025625548796,13.285951723975115,3.7774387567080284e-05,0.06351937646339799,0.0005946907805187157
bfo-a7d84a931ad75b81180fb1321625d2044481cdc1305f26da0079240dfc24f3c7,339,25.625035906436796,25.625035906436796,12.103038252261348,13.222843813142731,5.418538927552109e-05,0.06659612108965487,0.000813641821609612
bfo-a7d84a931ad75b81180fb1321625d2044481cdc1305f26da0079240dfc24f3c7,340,1000000.0,25.59870347808948,12.099585909315387,13.200681028555108,5.3273093321850535e-05,0.06859850455860604,0.0007765926336825246
bfo-a7d84a931ad75b81180fb1321625d2044481cdc1305f26da0079240dfc24f3c7,341,25.61807928605993,25.61807928605993,12.103447468976617,13.221639803161509,5.414544633345393e-05,0.06675652992212903,0.0008110883893547818
bfo-a7d84a931ad75b81180fb1321625d2044481cdc1305f26da0079240dfc24f3c7,342,1000000.0,25.61798082376132,12.11335266456879,13.22903991439522,4.864877949151836e-05,0.0685489711722147,0.0007096937949557063
bfo-a7d84a931ad75b81180fb1321625d2044481cdc1305f26da0079240dfc24f3c7,343,25.615674957970633,25.615674957970633,12.106061981595126,13.228208580798448,5.181202763356328e-05,0.06585206696807425,0.0007867942498856153
bfo-a7d84a931ad75b81180fb1321625d2044481cdc1305f26da0079240dfc24f3c7,344,25.781905397063,25.781905397063,12.089987415510132,13.242136081116923,5.7668789163377466e-05,0.059582602468720144,0.0009678796624174415
bfo-a7d84a931ad75b81180fb1321625d2044481cdc1305f26da0079240dfc24f3c7,345,25.61337673242985,25.61337673242985,12.109282615578714,13.241513725384369,4.755727475925076e-05,0.06580779975957446,0.0007226692722291112
bfo-a7d84a931ad75b81180fb1321625d2044481cdc1305f26da0079240dfc24f3c7,346,26.283070901956158,26.283070901956158,12.166273069476201,13.43271143147749,2.9969412307026744e-05,0.058619014862841004,0.0005112575224464333
bfo-a7d84a931ad75b81180fb1321625d2044481cdc1305f26da0079240dfc24f3c7,347,25.602991062174233,25.602991062174233,12.11014879185484,13.240610288175912,4.8127513981471427e-05,0.06602766881884366,0.0007288991848783294
bfo-a7d84a931ad75b81180fb1321625d2044481cdc1305f26da0079240dfc24f3c7,348,1000000.0,25.96595412481429,12.101269595889663,13.188243166070162,8.691150538549358e-05,0.07317115458133695,0.0011877837090691643
bfo-a7d84a931ad75b81180fb1321625d2044481cdc1305f26da0079240dfc24f3c7,349,25.59627677368371,25.59627677368371,12.110617152005462,13.240882331519616,4.790662952455382e-05,0.06602071898663264,0.0007256302303259312
bfo-a7d84a931ad75b81180fb1321625d2044481cdc1305f26da0079240dfc24f3c7,350,25.8328292751534,25.8328292751534,12.128439023943065,13.319877553078324,3.883965156214006e-05,0.0601841605073409,0.0006453467363294473
bfo-a7d84a931ad75b81180fb1321625d2044481cdc1305f26da0079240dfc24f3c7,351,25.596357456325144,25.596357456325144,12.11191674545177,13.243019692473837,4.7742785619504616e-05,0.0659971806044623,0.0007234064422484823
bfo-a7d84a931ad75b81180fb1321625d2044481cdc1305f26da0079240dfc24f3c7,352,1000000.0,25.703651728371938,12.127555979482954,13.300188315955115,3.590204892236973e-05,0.06253228006303602,0.0005741362522872742
bfo-a7d84a931ad75b81180fb1321625d2044481cdc1305f26da0079240dfc24f3c7,353,25.555443657219996,25.555443657219996,12.107925708911266,13.231793538799439,4.8887245862451e-05,0.06658402540738494,0.0007342188394790087
bfo-a7d84a931ad75b81180fb1321625d2044481cdc1305f26da0079240dfc24f3c7,354,25.76486067559702,25.76486067559702,12.12679228502361,13.313203017050837,3.424706617877441e-05,0.061578276667460255,0.0005561549954331792
bfo-a7d84a931ad75b81180fb1321625d2044481cdc1305f26da0079240dfc24f3c7,355,25.554557191536286,25.554557191536286,12.105622961690354,13.22521597814144,4.885609572494729e-05,0.0669961577284907,0.0007292372783965014
bfo-a7d84a931ad75b81180fb1321625d2044481cdc1305f26da0079240dfc24f3c7,356,25.77923945295408,25.77923945295408,12.095237954581496,13.179087585362456,7.847298386996783e-05,0.07222211584404611,0.001086550607841781
bfo-a7d84a931ad75b81180fb1321625d2044481cdc1305f26da0079240dfc24f3c7,357,1000000.0003961415,25.524689907293695,12.10395253127608,13.219242762813996,4.923223225540336e-05,0.06738426902383575,0.0007306190742825822
bfo-a7d84a931ad75b81180fb1321625d2044481cdc1305f26da0079240dfc24f3c7,358,25.633880439323313,25.633880439323313,12.10970052995423,13.239483498152845,4.806358025923755e-05,0.06617738294147577,0.0007262840886552249
bfo-a7d84a931ad75b81180fb1321625d2044481cdc1305f26da0079240dfc24f3c7,359,25.557811020465344,25.557811020465344,12.10758285154788,13.230912367931907,4.8669589914757225e-05,0.06666155897222201,0.0007300997856206443
bfo-a7d84a931ad75b81180fb1321625d2044481cdc1305f26da0079240dfc24f3c7,360,1000000.0,27.77288939969234,12.153611062734557,13.340661350010661,0.00010776222880724396,0.07080087019658103,0.001522046671291447
bfo-a7d84a931ad75b81180fb1321625d2044481cdc1305f26da0079240dfc24f3c7,361,25.526424259831316,25.526424259831316,12.106280787208057,13.230063423639441,4.740287201457815e-05,0.06674296265747474,0.0007102302643928163
bfo-a7d84a931ad75b81180fb1321625d2044481cdc1305f26da0079240dfc24f3c7,362,25.757949072464747,25.757949072464747,12.12495805457576,13.300599568899644,4.03189744077357e-05,0.06314375025497551,0.0006385267622674772
bfo-a7d84a931ad75b81180fb1321625d2044481cdc1305f26da0079240dfc24f3c7,363,25.53004655464337,25.53004655464337,12.107430318111948,13.241156217238217,4.655422756300266e-05,0.06607884347531875,0.0007045254595049204
bfo-a7d84a931ad75b81180fb1321625d2044481cdc1305f26da0079240dfc24f3c7,364,26.515707685538175,26.515707685538175,12.172590157102748,13.470667464665683,2.6780959494724905e-05,0.056360755087855534,0.00047517034597883864
bfo-a7d84a931ad75b81180fb1321625d2044481cdc1305f26da0079240dfc24f3c7,365,25.526290512466417,25.526290512466417,12.110256675031646,13.240467699337033,4.529344046230494e-05,0.06633119482408224,0.0006828376992518863
bfo-a7d84a931ad75b81180fb1321625d2044481cdc1305f26da0079240dfc24f3c7,366,25.655025156218095,25.655025156218095,12.12535586082963,13.291391063301585,3.688948828748185e-05,0.0644465824698476,0.0005724041038908652
bfo-a7d84a931ad75b81180fb1321625d2044481cdc1305f26da0079240dfc24f3c7,367,25.52758563559918,25.52758563559918,12.113033687839325,13.247917116264828,4.478047913748793e-05,0.06609420101956529,0.0006775250846020811
bfo-a7d84a931ad75b81180fb1321625d2044481cdc1305f26da0079240dfc24f3c7,368,26.144068343828792,26.144068343828792,12.163152018965855,13.420184348096837,2.466773649840735e-05,0.05910024520770103,0.0004173880567113625
bfo-a7d84a931ad75b81180fb1321625d2044481cdc1305f26da0079240dfc24f3c7,369,25.531491553308523,25.531491553308523,12.109526335709079,13.2396172443746,4.5444474480315234e-05,0.06611407427071121,0.0006873646040060688
bfo-a7d84a931ad75b81180fb1321625d2044481cdc1305f26da0079240dfc24f3c7,370,27.573614399714458,27.573614399714458,12.150517731306865,13.329099100001098,0.0001058857469833464,0.07121196441543566,0.001486909508149939
bfo-a7d84a931ad75b81180fb1321625d2044481cdc1305f26da0079240dfc24f3c7,371,25.534668361009807,25.534668361009807,12.111507569246823,13.243995640068537,4.721696134806995e-05,0.06633104186938582,0.0007118380778798273
bfo-a7d84a931ad75b81180fb1321625d2044481cdc1305f26da0079240dfc24f3c7,372,25.785681742607483,25.785681742607483,12.099390018169213,13.235474884442876,8.437052579595702e-05,0.06822690105963118,0.0012366167081546925
bfo-a7d84a931ad75b81180fb1321625d2044481cdc1305f26da0079240dfc24f3c7,373,25.533703881423982,25.533703881423982,12.11329071644916,13.248340148260485,4.4937479607719066e-05,0.06611486712958832,0.0006796879666964988
bfo-a7d84a931ad75b81180fb1321625d2044481cdc1305f26da0079240dfc24f3c7,374,25.77334264206062,25.77334264206062,12.136711351967415,13.326162554081451,3.0263214673809312e-05,0.06333851362639907,0.00047780115037615605
bfo-a7d84a931ad75b81180fb1321625d2044481cdc1305f26da0079240dfc24f3c7,375,25.510554265626745,25.510554265626745,12.10910484488638,13.236639161839117,4.617897996938744e-05,0.06676536282165307,0.0006916607357132621
bfo-a7d84a931ad75b81180fb1321625d2044481cdc1305f26da0079240dfc24f3c7,376,1000000.0,27.53073765434274,12.148137669529834,13.322159958713174,0.00010566427386739076,0.07160205206965065,0.001475715720613792
bfo-a7d84a931ad75b81180fb1321625d2044481cdc1305f26da0079240dfc24f3c7,377,25.511824149598613,25.511824149598613,12.1109663988716,13.24128592662952,4.5351687206228886e-05,0.06650548008209661,0.0006819240632538135
bfo-a7d84a931ad75b81180fb1321625d2044481cdc1305f26da0079240dfc24f3c7,378,26.17745938679176,26.17745938679176,12.166353089991778,13.43019418551329,2.883011135339451e-05,0.059414754958266744,0.00048523487766035457
bfo-a7d84a931ad75b81180fb1321625d2044481cdc1305f26da0079240dfc24f3c7,379,25.511355850524172,25.511355850524172,12.11035615050584,13.238451332450245,4.592120427810537e-05,0.06668493738478055,0.0006886293378838192
bfo-a7d84a931ad75b81180fb1321625d2044481cdc1305f26da0079240dfc24f3c7,380,1000000.0,27.521856233051764,12.147830749172138,13.321319127017857,0.00010568188206545943,0.07161998060917252,0.0014755921625022688
bfo-a7d84a931ad75b81180fb1321625d2044481cdc1305f26da0079240dfc24f3c7,381,25.513905263543727,25.513905263543727,12.110169073607917,13.238967424916716,4.5839798933377415e-05,0.06661734069107327,0.0006881061065759407
bfo-a7d84a931ad75b81180fb1321625d2044481cdc1305f26da0079240dfc24f3c7,382,25.943842095211682,25.943842095211682,12.14735048104119,13.369155472026533,3.143287715478457e-05,0.061377368700148593,0.0005121248730675623
bfo-a7d84a931ad75b81180fb1321625d2044481cdc1305f26da0079240dfc24f3c7,383,25.546611210683857,25.546611210683857,12.109611365259136,13.238640705805645,4.693718437134217e-05,0.06650269440123967,0.0007057937245091114
bfo-a7d84a931ad75b81180fb1321625d2044481cdc1305f26da0079240dfc24f3c7,384,1000000.0,27.5468302749753,12.148537230061917,13.323475232519062,0.00010613481283217274,0.0715939148322624,0.001482455779668374
bfo-a7d84a931ad75b81180fb1321625d2044481cdc1305f26da0079240dfc24f3c7,385,25.49214269136733,25.49214269136733,12.105538659764079,13.23052707205879,4.63517923092206e-05,0.0666852070986519,0.0006950835773914489
bfo-a7d84a931ad75b81180fb1321625d2044481cdc1305f26da0079240dfc24f3c7,386,25.683796050114836,25.683796050114836,12.123630568315043,13.294298935636053,4.397084272593642e-05,0.06453390422045668,0.0006813603369745921
bfo-a7d84a931ad75b81180fb1321625d2044481cdc1305f26da0079240dfc24f3c7,387,25.480581293395673,25.480581293395673,12.102500570539375,13.22429059661571,4.668015784367831e-05,0.06669180826515055,0.0006999384041003845
bfo-a7d84a931ad75b81180fb1321625d2044481cdc1305f26da0079240dfc24f3c7,388,25.692361638647135,25.692361638647135,12.123806032519166,13.299507694870302,3.788187499797344e-05,0.06292805540631108,0.0006019870589259342
bfo-a7d84a931ad75b81180fb1321625d2044481cdc1305f26da0079240dfc24f3c7,389,25.46131005675643,25.46131005675643,12.097177400110187,13.209438353936928,4.8735375314833696e-05,0.06718519125438319,0.0007253886519472277
bfo-a7d84a931ad75b81180fb1321625d2044481cdc1305f26da0079240dfc24f3c7,390,27.498979139591764,27.498979139591764,12.136822038595017,13.296126229912142,0.00011267649766206957,0.07191693122498899,0.0015667589779319983
bfo-a7d84a931ad75b81180fb1321625d2044481cdc1305f26da0079240dfc24f3c7,391,25.446779362618592,25.446779362618592,12.094172465902325,13.20283410597423,4.9014828848397355e-05,0.06719052435737238,0.0007294901969762537
bfo-a7d84a931ad75b81180fb1321625d2044481cdc1305f26da0079240dfc24f3c7,392,25.900920723708367,25.900920723708367,12.128164178680208,13.334754983654776,3.3929531334141364e-05,0.06069592520531787,0.0005590083884439845
bfo-a7d84a931ad75b81180fb1321625d2044481cdc1305f26da0079240dfc24f3c7,393,25.43401173121353,25.43401173121353,12.095643042273126,13.205111397359047,5.0492347872008045e-05,0.06724197629754522,0.000750905173408048
bfo-a7d84a931ad75b81180fb1321625d2044481cdc1305f26da0079240dfc24f3c7,394,25.49435541060499,25.49435541060499,12.093476735349322,13.19442619712442,5.742606258411806e-05,0.06972838579797129,0.0008235679333019758
bfo-a7d84a931ad75b81180fb1321625d2044481cdc1305f26da0079240dfc24f3c7,395,25.416710807795972,25.416710807795972,12.092615679535395,13.197139700617461,5.13455002144963e-05,0.06735061527899555,0.0007623612642854248
bfo-a7d84a931ad75b81180fb1321625d2044481cdc1305f26da0079240dfc24f3c7,396,1000000.0,27.430975584661027,12.12965278303539,13.278129840108399,0.00011977605236545625,0.07212927517210639,0.0016605747400020411
bfo-a7d84a931ad75b81180fb1321625d2044481cdc1305f26da0079240dfc24f3c7,397,25.419667305613547,25.419667305613547,12.098195412369172,13.204938431140615,5.067708393316399e-05,0.067059215799288,0.0007557064801479836
bfo-a7d84a931ad75b81180fb1321625d2044481cdc1305f26da0079240dfc24f3c7,398,25.717316456108314,25.717316456108314,12.126891949186382,13.315211909173152,3.4689050203372654e-05,0.06249136736629011,0.0005551014750572583
bfo-a7d84a931ad75b81180fb1321625d2044481cdc1305f26da0079240dfc24f3c7,399,25.40817902143789,25.40817902143789,12.094983509777343,13.199165849515238,5.1771643158485945e-05,0.06695585835406188,0.0007732205132031619
bfo-a7d84a931ad75b81180fb1321625d2044481cdc1305f26da0079240dfc24f3c7,400,25.57150139052299,25.57150139052299,12.114846245253185,13.2694393904918,4.013599408411431e-05,0.06417332093210842,0.0006254311527149392
bfo-a7d84a931ad75b81180fb1321625d2044481cdc1305f26da0079240dfc24f3c7,401,25.404926142823882,25.404926142823882,12.097410657502193,13.20420953259282,5.21272759145268e-05,0.06691425210215317,0.0007790160433228461
bfo-a7d84a931ad75b81180fb1321625d2044481cdc1305f26da0079240dfc24f3c7,402,27.36720029713684,27.36720029713684,12.131598357911983,13.277715665397627,0.00012109090706159824,0.07185276994602922,0.0016852642862975674
bfo-a7d84a931ad75b81180fb1321625d2044481cdc1305f26da0079240dfc24f3c7,403,25.395010611963407,25.395010611963407,12.096263156924794,13.200880761006184,5.288770463240694e-05,0.06682650797670531,0.0007914180500175586
bfo-a7d84a931ad75b81180fb1321625d2044481cdc1305f26da0079240dfc24f3c7,404,25.728943673649688,25.728943673649688,12.132182621637623,13.32049452456622,3.239446581071538e-05,0.0617763980603146,0.0005243825607813433
bfo-a7d84a931ad75b81180fb1321625d2044481cdc1305f26da0079240dfc24f3c7,405,25.39516550449455,25.39516550449455,12.099179974833879,13.207146648800567,5.342762721267251e-05,0.06671330349360129,0.0008008541687310829
bfo-a7d84a931ad75b81180fb1321625d2044481cdc1305f26da0079240dfc24f3c7,406,1000000.0,25.804016997571683,12.13879362342842,13.343225583549724,3.670904990157354e-05,0.061629603918032835,0.0005956398803146042
bfo-a7d84a931ad75b81180fb1321625d2044481cdc1305f26da0079240dfc24f3c7,407,25.397995873743948,25.397995873743948,12.096967153994997,13.203654311330224,5.25023895891457e-05,0.06640960955655048,0.0007905842232732566
bfo-a7d84a931ad75b81180fb1321625d2044481cdc1305f26da0079240dfc24f3c7,408,25.52803675731269,25.52803675731269,12.117436263632207,13.253395642961232,4.4869814561172115e-05,0.06502892272011174,0.0006899978145769753
bfo-a7d84a931ad75b81180fb1321625d2044481cdc1305f26da0079240dfc24f3c7,409,25.397806925924343,25.397806925924343,12.099706781767198,13.207950930770915,5.3344442477630764e-05,0.06667043939589834,0.000800121357545944
bfo-a7d84a931ad75b81180fb1321625d2044481cdc1305f26da0079240dfc24f3c7,410,25.540373577374574,25.540373577374574,12.107675362977492,13.22561941260943,4.202990616935178e-05,0.0663022625509073,0.0006339136034321747
bfo-a7d84a931ad75b81180fb1321625d2044481cdc1305f26da0079240dfc24f3c7,411,25.391446465359728,25.391446465359728,12.095234437866011,13.198610690517873,5.3533993773951914e-05,0.06652630753782958,0.0008047041201484134
bfo-a7d84a931ad75b81180fb1321625d2044481cdc1305f26da0079240dfc24f3c7,412,25.85003330267977,25.85003330267977,12.086539089296641,13.150267647076692,8.171684183427848e-05,0.07186359281304983,0.0011371104426529505
bfo-a7d84a931ad75b81180fb1321625d2044481cdc1305f26da0079240dfc24f3c7,413,25.392894004476158,25.392894004476158,12.096717500271138,13.202214910086333,5.196752078755088e-05,0.06582154613455748,0.0007895214232937473
bfo-a7d84a931ad75b81180fb1321625d2044481cdc1305f26da0079240dfc24f3c7,414,25.458544661308046,25.458544661308046,12.107755550670994,13.230618876304037,4.8301902138871666e-05,0.06499862588640978,0.000743121896504136
bfo-a7d84a931ad75b81180fb1321625d2044481cdc1305f26da0079240dfc24f3c7,415,25.392718051186385,25.392718051186385,12.096557379045624,13.198834788838306,5.631679125442379e-05,0.06677296820290766,0.0008434070368609351
bfo-a7d84a931ad75b81180fb1321625d2044481cdc1305f26da0079240dfc24f3c7,416,25.77750659234831,25.77750659234831,12.074957288424791,13.132892852090317,9.341183945253144e-05,0.070878969135233,0.001317906292828653
bfo-a7d84a931ad75b81180fb1321625d2044481cdc1305f26da0079240dfc24f3c7,417,25.391820944927304,25.391820944927304,12.09888089778221,13.203494559691643,5.3971955181374096e-05,0.06696362893465069,0.0008059891024431327
bfo-a7d84a931ad75b81180fb1321625d2044481cdc1305f26da0079240dfc24f3c7,418,25.85541971050114,25.85541971050114,12.095987373174621,13.167770337861436,8.246346848573848e-05,0.07131784599753631,0.0011562809747308858
bfo-a7d84a931ad75b81180fb1321625d2044481cdc1305f26da0079240dfc24f3c7,419,25.393633786194314,25.393633786194314,12.092921601104202,13.200592721511374,5.25263926271681e-05,0.06593151358372092,0.0007966811282205622
bfo-a7d84a931ad75b81180fb1321625d2044481cdc1305f26da0079240dfc24f3c7,420,25.684119485829772,25.684119485829772,12.125442199887258,13.305846569915099,3.9805151148467416e-05,0.06211597052967344,0.0006408199181151341
bfo-a7d84a931ad75b81180fb1321625d2044481cdc1305f26da0079240dfc24f3c7,421,25.392708416165718,25.392708416165718,12.099284009178364,13.205475085330232,5.3731067123992736e-05,0.06688937001223054,0.0008032826010196861
bfo-a7d84a931ad75b81180fb1321625d2044481cdc1305f26da0079240dfc24f3c7,422,25.485050850657665,25.485050850657665,12.10859447937548,13.249291457216703,4.89315021707892e-05,0.06448571790994906,0.0007587959591163968
bfo-a7d84a931ad75b81180fb1321625d2044481cdc1305f26da0079240dfc24f3c7,423,25.393937550704543,25.393937550704543,12.092525763711746,13.199173965178215,5.330052529044516e-05,0.06608989694512546,0.0008064852232210419
bfo-a7d84a931ad75b81180fb1321625d2044481cdc1305f26da0079240dfc24f3c7,424,25.646074355445784,25.646074355445784,12.1015100025279,13.183780082609386,6.285523266895163e-05,0.07029814315569384,0.0008941236545856138
bfo-a7d84a931ad75b81180fb1321625d2044481cdc1305f26da0079240dfc24f3c7,425,25.389309499962586,25.389309499962586,12.096206562064937,13.202044511157576,5.400494295389444e-05,0.0663870285610828,0.0008134863711245098
bfo-a7d84a931ad75b81180fb1321625d2044481cdc1305f26da0079240dfc24f3c7,426,25.475659121357925,25.475659121357925,12.106704430938999,13.240256897617458,5.096799785078292e-05,0.06464176522887072,0.000788468533777281
bfo-a7d84a931ad75b81180fb1321625d2044481cdc1305f26da0079240dfc24f3c7,427,25.38731637785933,25.38731637785933,12.094111244418189,13.195516842427464,5.5185771742549736e-05,0.0666085645364699,0.0008285086478981859
bfo-a7d84a931ad75b81180fb1321625d2044481cdc1305f26da0079240dfc24f3c7,428,25.443634224874327,25.443634224874327,12.092477846057704,13.176775051510116,6.753383119693527e-05,0.06882404134153912,0.0009812534963153183
bfo-a7d84a931ad75b81180fb1321625d2044481cdc1305f26da0079240dfc24f3c7,429,25.386763561545113,25.386763561545113,12.093224729433354,13.193832648663712,5.490639279068883e-05,0.06662936300729741,0.000824056996983077
bfo-a7d84a931ad75b81180fb1321625d2044481cdc1305f26da0079240dfc24f3c7,430,1000000.0,25.764308455792204,12.12489519360251,13.315847419824712,3.951933585460747e-05,0.06057495205294242,0.0006524039147413213
bfo-a7d84a931ad75b81180fb1321625d2044481cdc1305f26da0079240dfc24f3c7,431,25.38581880016885,25.38581880016885,12.091546599461369,13.190345754752823,5.428467402195652e-05,0.06671966601542956,0.0008136232877635009
bfo-a7d84a931ad75b81180fb1321625d2044481cdc1305f26da0079240dfc24f3c7,432,25.85431509982017,25.85431509982017,12.091825747670649,13.157009314740387,8.301903188697154e-05,0.07206687211320738,0.0011519721815671394
bfo-a7d84a931ad75b81180fb1321625d2044481cdc1305f26da0079240dfc24f3c7,433,25.39078623110128,25.39078623110128,12.087669370513089,13.188521219534787,5.463531192487407e-05,0.06658294249567054,0.0008205601896976339
bfo-a7d84a931ad75b81180fb1321625d2044481cdc1305f26da0079240dfc24f3c7,434,1000000.0,25.30824227222218,12.088223086415764,13.177775567287433,5.5681241994625196e-05,0.06668934312470676,0.0008349346295179906
bfo-a7d84a931ad75b81180fb1321625d2044481cdc1305f26da0079240dfc24f3c7,435,25.40299572386895,25.40299572386895,12.086907500077082,13.197650585321384,5.43190644196538e-05,0.06419259829241408,0.0008461889044001031
bfo-a7d84a931ad75b81180fb1321625d2044481cdc1305f26da0079240dfc24f3c7,436,25.834450082574946,25.834450082574946,12.140494305777825,13.337675730031203,3.505981369959545e-05,0.0629452339805956,0.000556989171100762
bfo-a7d84a931ad75b81180fb1321625d2044481cdc1305f26da0079240dfc24f3c7,437,25.37202523663295,25.37202523663295,12.09100074422961,13.185125300721168,5.4740740195859075e-05,0.06739588003306851,0.0008122268033149792
bfo-a7d84a931ad75b81180fb1321625d2044481cdc1305f26da0079240dfc24f3c7,438,25.49918226341901,25.49918226341901,12.099002215474375,13.221095942933346,4.668403111946914e-05,0.06518000222284537,0.0007162324260109728
bfo-a7d84a931ad75b81180fb1321625d2044481cdc1305f26da0079240dfc24f3c7,439,25.357944256665377,25.357944256665377,12.091617185845736,13.181494627788185,5.551746761483974e-05,0.06825647026948797,0.0008133656398528591
bfo-a7d84a931ad75b81180fb1321625d2044481cdc1305f26da0079240dfc24f3c7,440,1000000.0,25.42905996015471,12.100146670208934,13.212514119619886,5.6795710651964264e-05,0.06686115358596506,0.0008494575340962461
bfo-a7d84a931ad75b81180fb1321625d2044481cdc1305f26da0079240dfc24f3c7,441,25.369233302225084,25.369233302225084,12.086715145919792,13.166116951421197,6.106595005514177e-05,0.06916689007746431,0.0008828783538879689
bfo-a7d84a931ad75b81180fb1321625d2044481cdc1305f26da0079240dfc24f3c7,442,25.355405606266647,25.355405606266647,12.086203984385623,13.178749058351192,5.4826887467853e-05,0.06735478869192124,0.0008140013283781427
bfo-a7d84a931ad75b81180fb1321625d2044481cdc1305f26da0079240dfc24f3c7,443,25.39241578102086,25.39241578102086,12.084738484945929,13.162878752929368,5.3961107510224506e-05,0.06877525105610481,0.0007846006620347287
bfo-a7d84a931ad75b81180fb1321625d2044481cdc1305f26da0079240dfc24f3c7,444,25.401155204369225,25.401155204369225,12.085780726812132,13.17213329823251,5.621654283239055e-05,0.06794275450333834,0.0008274104169507636
bfo-a7d84a931ad75b81180fb1321625d2044481cdc1305f26da0079240dfc24f3c7,445,1000000.0,25.280902551787346,12.086851558093219,13.182323101632312,5.333994450271093e-05,0.06649837331424431,0.0008021240497214573
bfo-a7d84a931ad75b81180fb1321625d2044481cdc1305f26da0079240dfc24f3c7,446,1000000.0000075616,25.322973851841553,12.085679451720663,13.18083708894409,5.101942925498474e-05,0.06723149932916346,0.0007588619882652787
bfo-a7d84a931ad75b81180fb1321625d2044481cdc1305f26da0079240dfc24f3c7,447,25.383818147222286,25.383818147222286,12.090879770107225,13.198725895652075,5.3955962794757014e-05,0.06550286017598264,0.0008237191879834978
bfo-a7d84a931ad75b81180fb1321625d2044481cdc1305f26da0079240dfc24f3c7,448,25.401808006547178,25.401808006547178,12.09876665753482,13.226186256045315,4.444433678109418e-05,0.06475451101417143,0.0006863512068119486
bfo-a7d84a931ad75b81180fb1321625d2044481cdc1305f26da0079240dfc24f3c7,449,25.665093404247145,25.665093404247145,12.077666022763784,13.17163266713032,0.00010060409157957286,0.06940576500618223,0.0014495062704173304
bfo-a7d84a931ad75b81180fb1321625d2044481cdc1305f26da0079240dfc24f3c7,450,1000000.0001902139,25.336769119685137,12.075323146820564,13.14846441212936,6.958295788843708e-05,0.06916665316709408,0.0010060188646158327
bfo-a7d84a931ad75b81180fb1321625d2044481cdc1305f26da0079240dfc24f3c7,451,25.635147206559793,25.635147206559793,12.09399344922994,13.17548512094602,5.8018705750289216e-05,0.07003279156960539,0.000828450565084566
bfo-a7d84a931ad75b81180fb1321625d2044481cdc1305f26da0079240dfc24f3c7,452,25.39205415347333,25.39205415347333,12.08984903267882,13.204619307900977,5.183930568616696e-05,0.0649044085762009,0.0007987023812920985
bfo-a7d84a931ad75b81180fb1321625d2044481cdc1305f26da0079240dfc24f3c7,453,25.62920709104076,25.62920709104076,12.122834023704396,13.293771685988661,2.8948293914741366e-05,0.06259290520939062,0.0004624852260476055
bfo-a7d84a931ad75b81180fb1321625d2044481cdc1305f26da0079240dfc24f3c7,454,25.406165343271688,25.406165343271688,12.088662745841836,13.170448740111578,5.609624976016048e-05,0.06928308870447007,0.0008096672768074962
bfo-a7d84a931ad75b81180fb1321625d2044481cdc1305f26da0079240dfc24f3c7,455,25.55006408560655,25.55006408560655,12.107086341979532,13.266661625948329,4.0270190681046696e-05,0.06047986840449219,0.0006658445486639914
bfo-a7d84a931ad75b81180fb1321625d2044481cdc1305f26da0079240dfc24f3c7,456,1000000.0001130664,25.39405474442073,12.077702704066219,13.163491148827857,6.358725204472912e-05,0.06688619267865309,0.0009506783014280191
bfo-a7d84a931ad75b81180fb1321625d2044481cdc1305f26da0079240dfc24f3c7,457,1000000.0,25.458061467907534,12.080491058187265,13.210919789939549,4.925228141821111e-05,0.06041122892496417,0.0008152835539794529
bfo-a7d84a931ad75b81180fb1321625d2044481cdc1305f26da0079240dfc24f3c7,458,25.294902865837585,25.294902865837585,12.084343624100553,13.174719250641857,5.443071133387491e-05,0.06738539267916523,0.0008077523802974625
bfo-a7d84a931ad75b81180fb1321625d2044481cdc1305f26da0079240dfc24f3c7,459,25.82474396869692,25.82474396869692,12.096999878464056,13.168852530749867,6.669877530638045e-05,0.07299215507462786,0.0009137800526397254
bfo-a7d84a931ad75b81180fb1321625d2044481cdc1305f26da0079240dfc24f3c7,460,1000000.000009066,25.35061067632212,12.076623077419566,13.151474079191871,6.658098553440615e-05,0.06860234936886511,0.0009705350639875264
bfo-a7d84a931ad75b81180fb1321625d2044481cdc1305f26da0079240dfc24f3c7,461,25.539980689228344,25.539980689228344,12.12451585218393,13.29422809792131,3.24779967338254e-05,0.0632943121809393,0.0005131266240950787
bfo-a7d84a931ad75b81180fb1321625d2044481cdc1305f26da0079240dfc24f3c7,462,25.282200280367515,25.282200280367515,12.083648833918748,13.173280909469238,5.5609761054397104e-05,0.06728472421329812,0.0008264841939176206
bfo-a7d84a931ad75b81180fb1321625d2044481cdc1305f26da0079240dfc24f3c7,463,25.373093908110974,25.373093908110974,12.080929439514591,13.161260163612628,6.689998874379591e-05,0.06831880491835483,0.0009792324210551621
bfo-a7d84a931ad75b81180fb1321625d2044481cdc1305f26da0079240dfc24f3c7,464,25.2749415338859,25.2749415338859,12.082351169953212,13.171624876547286,5.609098473384406e-05,0.06735034917058093,0.0008328239634182174
bfo-a7d84a931ad75b81180fb1321625d2044481cdc1305f26da0079240dfc24f3c7,465,25.383455096024196,25.383455096024196,12.09791275003104,13.199126427977063,4.8933513716382923e-05,0.06771040709426991,0.0007226882220373475
bfo-a7d84a931ad75b81180fb1321625d2044481cdc1305f26da0079240dfc24f3c7,466,25.29903743683943,25.29903743683943,12.075900090815948,13.156769520725822,6.057471379746144e-05,0.0675148055116528,0.0008972063733043928
bfo-a7d84a931ad75b81180fb1321625d2044481cdc1305f26da0079240dfc24f3c7,467,25.341039382561945,25.341039382561945,12.086064619146791,13.174116156040188,5.6228614281246276e-05,0.06830512360186065,0.00082319760680024
bfo-a7d84a931ad75b81180fb1321625d2044481cdc1305f26da0079240dfc24f3c7,468,25.33406216070362,25.33406216070362,12.077762006234106,13.151391678771468,6.232232262797099e-05,0.06899801835895922,0.000903248007844831
bfo-a7d84a931ad75b81180fb1321625d2044481cdc1305f26da0079240dfc24f3c7,469,25.338706855388466,25.338706855388466,12.118267490210984,13.25745181791484,3.510798747004365e-05,0.06597681272939042,0.0005321261518655363
bfo-a7d84a931ad75b81180fb1321625d2044481cdc1305f26da0079240dfc24f3c7,470,25.26577334307258,25.26577334307258,12.081218554666641,13.16937693265096,5.98821750826305e-05,0.06752599765496431,0.0008868017824573103
bfo-a7d84a931ad75b81180fb1321625d2044481cdc1305f26da0079240dfc24f3c7,471,25.314411485406673,25.314411485406673,12.08107010340377,13.15087474405171,7.26314710387795e-05,0.071330664616402,0.001018236286306498
bfo-a7d84a931ad75b81180fb1321625d2044481cdc1305f26da0079240dfc24f3c7,472,25.274968770809902,25.274968770809902,12.08312833239549,13.17283132002816,6.202673956309586e-05,0.06761250415063357,0.0009173856277369462
bfo-a7d84a931ad75b81180fb1321625d2044481cdc1305f26da0079240dfc24f3c7,473,25.386332920765348,25.386332920765348,12.082947320734023,13.15678745483466,6.613493796540421e-05,0.06981700960881453,0.0009472611092333946
bfo-a7d84a931ad75b81180fb1321625d2044481cdc1305f26da0079240dfc24f3c7,474,25.26087663605698,25.26087663605698,12.081888713458916,13.170154701035278,6.205692832254167e-05,0.0676494244051616,0.0009173312096622477
bfo-a7d84a931ad75b81180fb1321625d2044481cdc1305f26da0079240dfc24f3c7,475,25.273390651313093,25.273390651313093,12.09862848314509,13.197212263010988,5.4469368712570644e-05,0.07011161881064178,0.0007768950373215901
bfo-a7d84a931ad75b81180fb1321625d2044481cdc1305f26da0079240dfc24f3c7,476,25.26798313696181,25.26798313696181,12.080797555876885,13.168178291117059,6.313296314510042e-05,0.06750813921231139,0.0009351903915844704
bfo-a7d84a931ad75b81180fb1321625d2044481cdc1305f26da0079240dfc24f3c7,477,25.439396762488215,25.439396762488215,12.088453644456784,13.15719587533158,7.717596626632304e-05,0.07275156258105658,0.0010608152392649571
bfo-a7d84a931ad75b81180fb1321625d2044481cdc1305f26da0079240dfc24f3c7,478,25.254273608494564,25.254273608494564,12.082350485741788,13.168576585467925,6.32259645810884e-05,0.06813046762191698,0.0009280130723886176
bfo-a7d84a931ad75b81180fb1321625d2044481cdc1305f26da0079240dfc24f3c7,479,25.215832278360637,25.215832278360637,12.070467511952238,13.160130384902773,7.045497783396218e-05,0.06551181891053977,0.0010754544600596815
bfo-a7d84a931ad75b81180fb1321625d2044481cdc1305f26da0079240dfc24f3c7,480,1000000.0,25.206900028115694,12.079239198430862,13.17593857639977,6.675479840704645e-05,0.06687934867122373,0.0009981376872434933
bfo-a7d84a931ad75b81180fb1321625d2044481cdc1305f26da0079240dfc24f3c7,481,1000000.000006869,25.202011037971133,12.073194918094146,13.169981557407723,6.960664818363982e-05,0.06487437130236992,0.0010729452445745245
bfo-a7d84a931ad75b81180fb1321625d2044481cdc1305f26da0079240dfc24f3c7,482,25.28026316030939,25.28026316030939,12.06444617864476,13.148025778275073,7.30167292711279e-05,0.0652554902751872,0.001118936183962621
bfo-a7d84a931ad75b81180fb1321625d2044481cdc1305f26da0079240dfc24f3c7,483,1000000.0008781577,25.200516356062728,12.079405976124502,13.181968563342359,5.8410121394619466e-05,0.06478974560691701,0.0009015334270487327
bfo-a7d84a931ad75b81180fb1321625d2044481cdc1305f26da0079240dfc24f3c7,484,25.369052911184774,25.369052911184774,12.060700218649231,13.148291760043374,9.39173369831096e-05,0.06501885462825081,0.0014444631102791274
bfo-a7d84a931ad75b81180fb1321625d2044481cdc1305f26da0079240dfc24f3c7,485,1000000.0001825772,25.226817972749558,12.061500328156294,13.151749828269471,7.491977687188666e-05,0.06359749419296552,0.0011780303268642538
bfo-a7d84a931ad75b81180fb1321625d2044481cdc1305f26da0079240dfc24f3c7,486,25.243786607511083,25.243786607511083,12.09306005861727,13.198885420910237,5.969566232492778e-05,0.06715663991521142,0.0008889018628730756
bfo-a7d84a931ad75b81180fb1321625d2044481cdc1305f26da0079240dfc24f3c7,487,1000000.0001375034,25.18987130024773,12.082167670576332,13.16965074439688,6.289715388109097e-05,0.06840810485770372,0.0009194400869885793
bfo-a7d84a931ad75b81180fb1321625d2044481cdc1305f26da0079240dfc24f3c7,488,1000000.0,25.223987457711956,12.08199432964346,13.189059273567812,5.90530836862895e-05,0.06508369505477979,0.0009073406732144751
bfo-a7d84a931ad75b81180fb1321625d2044481cdc1305f26da0079240dfc24f3c7,489,1000000.0001626861,25.20507523751763,12.080430009528637,13.16308407529081,6.8633650017589e-05,0.0689335551422181,0.0009956493593865808
bfo-a7d84a931ad75b81180fb1321625d2044481cdc1305f26da0079240dfc24f3c7,490,25.446025083620754,25.446025083620754,12.052976177270537,13.172218314923121,8.550204532322791e-05,0.056452643071609486,0.0015145800208994575
bfo-a7d84a931ad75b81180fb1321625d2044481cdc1305f26da0079240dfc24f3c7,491,25.23730338988578,25.23730338988578,12.071177282323575,13.158832179546849,7.48099337835181e-05,0.06580377905983374,0.0011368637919031259
bfo-a7d84a931ad75b81180fb1321625d2044481cdc1305f26da0079240dfc24f3c7,492,25.231330107210333,25.231330107210333,12.078277857325116,13.18815783906592,5.631765473168706e-05,0.06397695698427536,0.0008802802975691569
bfo-a7d84a931ad75b81180fb1321625d2044481cdc1305f26da0079240dfc24f3c7,493,25.251977144521355,25.251977144521355,12.070639133202807,13.155095982680162,7.44296800998563e-05,0.06578095158265161,0.0011314777045500451
bfo-a7d84a931ad75b81180fb1321625d2044481cdc1305f26da0079240dfc24f3c7,494,1000000.0,25.18006083140406,12.08134709367615,13.181841549363755,5.977677893062976e-05,0.0661074522470259,0.0009042366162782964
bfo-a7d84a931ad75b81180fb1321625d2044481cdc1305f26da0079240dfc24f3c7,495,1000000.0000001085,25.251579520612776,12.067774139579214,13.150920215834816,7.972965263075109e-05,0.06576633594489809,0.001212317084192619
bfo-a7d84a931ad75b81180fb1321625d2044481cdc1305f26da0079240dfc24f3c7,496,1000000.0,25.99775870551118,12.073399192796895,13.155632517520129,0.00011258568466831643,0.06939746011909474,0.0016223314869896577
bfo-a7d84a931ad75b81180fb1321625d2044481cdc1305f26da0079240dfc24f3c7,497,1000000.0000068094,25.21001900645019,12.073116137357166,13.165104880651743,6.803010415226824e-05,0.06527990720633586,0.0010421293023171678
bfo-a7d84a931ad75b81180fb1321625d2044481cdc1305f26da0079240dfc24f3c7,498,1000000.0,25.506418745149297,12.079430837282347,13.155358744332805,8.304669598105063e-05,0.06898823580575207,0.0012037805433216542
bfo-a7d84a931ad75b81180fb1321625d2044481cdc1305f26da0079240dfc24f3c7,499,1000000.0000116554,25.21553679663073,12.070422314569955,13.161789148494867,6.936958828631958e-05,0.06590851707723627,0.0010525132617538243
bfo-a7d84a931ad75b81180fb1321625d2044481cdc1305f26da0079240dfc24f3c7,500,1000000.0,25.22682226933985,12.079046779691799,13.182262617306023,6.965882348623472e-05,0.06504419411506424,0.0010709460611197231
bfo-a7d84a931ad75b81180fb1321625d2044481cdc1305f26da0079240dfc24f3c7,501,1000000.0000551845,25.23337310064626,12.067362789388003,13.15025613324943,7.541964214864989e-05,0.06596694690144525,0.0011432944177532877
bfo-a7d84a931ad75b81180fb1321625d2044481cdc1305f26da0079240dfc24f3c7,502,1000000.0,25.48732731621768,12.100422348545985,13.27341862159052,4.352641808001853e-05,0.059238404068306105,0.0007347668926028032
bfo-a7d84a931ad75b81180fb1321625d2044481cdc1305f26da0079240dfc24f3c7,503,1000000.0014888251,25.19428337038395,12.069866521072782,13.156490843114359,7.12839394731067e-05,0.06583723153184376,0.0010827299054734481
bfo-a7d84a931ad75b81180fb1321625d2044481cdc1305f26da0079240dfc24f3c7,504,1000000.0,25.270106884711193,12.078036389385547,13.173607500890562,6.394160542614774e-05,0.0650695711456404,0.000982665235076346
bfo-a7d84a931ad75b81180fb1321625d2044481cdc1305f26da0079240dfc24f3c7,505,1000000.0000396268,25.22680311651137,12.072106694204304,13.161683517114236,7.140544734534493e-05,0.06566695618503356,0.0010873878049736567
bfo-a7d84a931ad75b81180fb1321625d2044481cdc1305f26da0079240dfc24f3c7,506,1000000.0,25.35232318985265,12.08438123407091,13.225704073135027,5.324980089313603e-05,0.061154673815823256,0.0008707396764719247
bfo-a7d84a931ad75b81180fb1321625d2044481cdc1305f26da0079240dfc24f3c7,507,1000000.0004381648,25.306988475129955,12.067879134071227,13.147204249260005,8.034184560887239e-05,0.06690599305927192,0.001200816876564371
bfo-a7d84a931ad75b81180fb1321625d2044481cdc1305f26da0079240dfc24f3c7,508,1000000.0,25.380179569326685,12.065230835661309,13.139980358026415,9.4485906351965e-05,0.06643596934685918,0.0014222100961402155
bfo-a7d84a931ad75b81180fb1321625d2044481cdc1305f26da0079240dfc24f3c7,509,1000000.0000377373,25.21040411850344,12.071131252488133,13.16057006519405,7.043392364315418e-05,0.06559602643908108,0.0010737529003920084
bfo-a7d84a931ad75b81180fb1321625d2044481cdc1305f26da0079240dfc24f3c7,510,25.244371559295104,25.244371559295104,12.077448900278196,13.18276797784142,6.267496364795358e-05,0.06364768304520374,0.0009847171279344243
bfo-a7d84a931ad75b81180fb1321625d2044481cdc1305f26da0079240dfc24f3c7,511,1000000.0000780444,25.194280877364932,12.06806107407413,13.154882515278102,7.116606076990212e-05,0.06581610611843562,0.0010812864049088424
bfo-a7d84a931ad75b81180fb1321625d2044481cdc1305f26da0079240dfc24f3c7,512,1000000.0,25.230022680033947,12.080823861903932,13.187105343511444,6.045555425555219e-05,0.06392637418248856,0.0009457059786148932
bfo-a7d84a931ad75b81180fb1321625d2044481cdc1305f26da0079240dfc24f3c7,513,1000000.0000588162,25.21287098673319,12.07552964178392,13.177207145889485,6.330168378628047e-05,0.06479636051706211,0.0009769327054968146
bfo-a7d84a931ad75b81180fb1321625d2044481cdc1305f26da0079240dfc24f3c7,514,1000000.0,25.240258858024617,12.075182510174544,13.185749943890182,6.192795442493299e-05,0.06446690128154782,0.0009606162727517113
bfo-a7d84a931ad75b81180fb1321625d2044481cdc1305f26da0079240dfc24f3c7,515,1000000.0009841848,25.192241753938,12.070527505276553,13.164067292727385,6.90528944624856e-05,0.06529687867748941,0.0010575221336926023
bfo-a7d84a931ad75b81180fb1321625d2044481cdc1305f26da0079240dfc24f3c7,516,1000000.0,25.260642102417247,12.067629151233952,13.157188994756364,7.372207652961493e-05,0.06466624707330185,0.0011400395084942526
bfo-a7d84a931ad75b81180fb1321625d2044481cdc1305f26da0079240dfc24f3c7,517,1000000.000250281,25.25427745004491,12.06608336452947,13.143238991296448,7.480571104652712e-05,0.06631594876040474,0.0011280199174529696
bfo-a7d84a931ad75b81180fb1321625d2044481cdc1305f26da0079240dfc24f3c7,518,25.24976081825652,25.24976081825652,12.079419605221604,13.188051507358178,6.630574895554558e-05,0.06398960644671121,0.0010361956048403453
bfo-a7d84a931ad75b81180fb1321625d2044481cdc1305f26da0079240dfc24f3c7,519,1000000.0000170856,25.2217493657276,12.074076971656098,13.161779065061252,6.928366533765057e-05,0.06604026557980792,0.0010491124578220097
bfo-a7d84a931ad75b81180fb1321625d2044481cdc1305f26da0079240dfc24f3c7,520,1000000.0,25.229969785137406,12.083533060283429,13.170368170461456,6.393516279431843e-05,0.06897825252158683,0.0009268886998015764
bfo-a7d84a931ad75b81180fb1321625d2044481cdc1305f26da0079240dfc24f3c7,521,1000000.001231635,25.258090930394516,12.065998840729725,13.14320487093266,7.789893565636263e-05,0.0670493960648652,0.0011618141285120798
bfo-a7d84a931ad75b81180fb1321625d2044481cdc1305f26da0079240dfc24f3c7,522,1000000.0000668966,25.20563059562617,12.070333447941925,13.159595085593482,6.798927996427327e-05,0.06539701664961688,0.00103963886194603
bfo-a7d84a931ad75b81180fb1321625d2044481cdc1305f26da0079240dfc24f3c7,523,1000000.0000666743,25.211931949849316,12.068336293855149,13.154899628141155,7.093418098931207e-05,0.06561390235067457,0.0010810846245693966
bfo-a7d84a931ad75b81180fb1321625d2044481cdc1305f26da0079240dfc24f3c7,524,1000000.000097972,25.20282412407842,12.07163131881642,13.162558226875241,7.032441088938857e-05,0.06569456142958072,0.0010704753842488268
bfo-a7d84a931ad75b81180fb1321625d2044481cdc1305f26da0079240dfc24f3c7,525,1000000.0003069645,25.220540304971067,12.07315649004942,13.167801406431572,6.891338075441336e-05,0.0651324616201317,0.0010580496888991067
bfo-a7d84a931ad75b81180fb1321625d2044481cdc1305f26da0079240dfc24f3c7,526,1000000.0001240041,25.212488239466545,12.0695096177343,13.159047002500351,7.009743123083015e-05,0.06545084911407868,0.0010709934581391394
bfo-a7d84a931ad75b81180fb1321625d2044481cdc1305f26da0079240dfc24f3c7,527,1000000.0001415991,25.21502943399465,12.069037659657766,13.159227135408255,6.99824339477512e-05,0.06536477134983275,0.001070644515425667
bfo-a7d84a931ad75b81180fb1321625d2044481cdc1305f26da0079240dfc24f3c7,528,1000000.0002021617,25.219581568874915,12.068270266231492,13.157120685886964,7.055254750033611e-05,0.06547838541858202,0.0010774936958099475
bfo-a7d84a931ad75b81180fb1321625d2044481cdc1305f26da0079240dfc24f3c7,529,1000000.0002087675,25.25114417086774,12.074383450246078,13.169278197938223,6.995708832200122e-05,0.06525988723282243,0.0010719768496139286
bfo-a7d84a931ad75b81180fb1321625d2044481cdc1305f26da0079240dfc24f3c7,530,25.241993238898708,25.241993238898708,12.07944523349616,13.19011179983913,6.08615061105303e-05,0.06417863717051264,0.000948314093190087
bfo-a7d84a931ad75b81180fb1321625d2044481cdc1305f26da0079240dfc24f3c7,531,1000000.0005224094,25.219211429637625,12.076927787274968,13.176866041413463,6.4079909273485e-05,0.06422065428949324,0.000997808415103126
bfo-a7d84a931ad75b81180fb1321625d2044481cdc1305f26da0079240dfc24f3c7,532,1000000.0,25.25552995011759,12.08930223408472,13.19708599348837,6.103873145996978e-05,0.06551013494899287,0.0009317448591350851
bfo-a7d84a931ad75b81180fb1321625d2044481cdc1305f26da0079240dfc24f3c7,533,1000000.0000606811,25.202103638932478,12.067478219314546,13.154069409477195,7.10979040697733e-05,0.06554427937587372,0.001084730883408626
bfo-a7d84a931ad75b81180fb1321625d2044481cdc1305f26da0079240dfc24f3c7,534,1000000.0,25.228482352395822,12.080071570468354,13.183071201877702,6.416434715266698e-05,0.06532936162153569,0.000982167061793473
bfo-a7d84a931ad75b81180fb1321625d2044481cdc1305f26da0079240dfc24f3c7,535,1000000.0000620934,25.210494160642575,12.06598889084682,13.14823658040052,7.340826259367986e-05,0.0659531699100819,0.0011130361541948923
bfo-a7d84a931ad75b81180fb1321625d2044481cdc1305f26da0079240dfc24f3c7,536,1000000.0002342373,25.255459528674663,12.068459444213863,13.148698942853239,7.675949233028546e-05,0.0664786816634887,0.0011546482332311827
bfo-a7d84a931ad75b81180fb1321625d2044481cdc1305f26da0079240dfc24f3c7,537,1000000.0001463515,25.237273711488367,12.073996513760097,13.170606498357976,6.656809384585271e-05,0.06514754651428976,0.0010218050779740623
bfo-a7d84a931ad75b81180fb1321625d2044481cdc1305f26da0079240dfc24f3c7,538,1000000.0002495951,25.197028833618816,12.077019956820116,13.184305476642015,5.757113707063225e-05,0.0636937607599594,0.0009038740432928544
bfo-a7d84a931ad75b81180fb1321625d2044481cdc1305f26da0079240dfc24f3c7,539,1000000.000194844,25.258670320814936,12.078314898943594,13.178357723228336,6.677598733532176e-05,0.06490263276942625,0.0010288640766323118
bfo-a7d84a931ad75b81180fb1321625d2044481cdc1305f26da0079240dfc24f3c7,540,25.23554711752557,25.23554711752557,12.07368743351728,13.164858866783094,6.332810083245447e-05,0.0654215793206918,0.0009680001841903687
bfo-a7d84a931ad75b81180fb1321625d2044481cdc1305f26da0079240dfc24f3c7,541,25.31713694813908,25.31713694813908,12.072329096208755,13.153259361227226,7.676275394515169e-05,0.0670966404103864,0.0011440625562717294
bfo-a7d84a931ad75b81180fb1321625d2044481cdc1305f26da0079240dfc24f3c7,542,1000000.000040914,25.19548297892772,12.067598615724348,13.152778427215472,7.113331673273493e-05,0.06557731150682561,0.0010847245045312818
bfo-a7d84a931ad75b81180fb1321625d2044481cdc1305f26da0079240dfc24f3c7,543,1000000.0000047996,25.210140599403687,12.075694931720825,13.16650334794359,6.96558010873439e-05,0.06526736006409561,0.0010672379121652636
bfo-a7d84a931ad75b81180fb1321625d2044481cdc1305f26da0079240dfc24f3c7,544,1000000.0001629296,25.22456934054424,12.070817550713176,13.158850401096952,6.96442562051982e-05,0.06563656451024864,0.0010610588278782292
bfo-a7d84a931ad75b81180fb1321625d2044481cdc1305f26da0079240dfc24f3c7,545,1000000.0,25.37148823639853,12.089029418211762,13.23507971777884,6.0838303604292114e-05,0.061957320847655845,0.0009819389020045712
bfo-a7d84a931ad75b81180fb1321625d2044481cdc1305f26da0079240dfc24f3c7,546,1000000.0002511139,25.231101894472705,12.07310479029772,13.16358604390101,6.988609686476338e-05,0.06521397307855958,0.0010716429863976474
bfo-a7d84a931ad75b81180fb1321625d2044481cdc1305f26da0079240dfc24f3c7,547,25.463634208476563,25.463634208476563,12.065885508344252,13.142602460909034,9.178241557121654e-05,0.06728671188784899,0.0013640496465958404
bfo-a7d84a931ad75b81180fb1321625d2044481cdc1305f26da0079240dfc24f3c7,548,1000000.0002539547,25.23309308526516,12.079240903537011,13.19365526932478,6.10332588457569e-05,0.06366279397342536,0.0009586958887043803
bfo-a7d84a931ad75b81180fb1321625d2044481cdc1305f26da0079240dfc24f3c7,549,1000000.0,25.469016214790845,12.0674279070002,13.150130663284221,9.294068290296904e-05,0.06703345528715453,0.0013864820559351214
bfo-a7d84a931ad75b81180fb1321625d2044481cdc1305f26da0079240dfc24f3c7,550,1000000.000032678,25.205000722205238,12.07297225622872,13.161887407841894,7.064424476037601e-05,0.06510602845098441,0.0010850645699201431
bfo-a7d84a931ad75b81180fb1321625d2044481cdc1305f26da0079240dfc24f3c7,551,1000000.0,25.21303762725251,12.073397402766487,13.173849186419972,6.745056370689377e-05,0.06472618003860606,0.001042090907676967
bfo-a7d84a931ad75b81180fb1321625d2044481cdc1305f26da0079240dfc24f3c7,552,1000000.0000587641,25.221393531859135,12.07341075236916,13.173977601096174,6.836498449173901e-05,0.06456687923712869,0.0010588243585486204
bfo-a7d84a931ad75b81180fb1321625d2044481cdc1305f26da0079240dfc24f3c7,553,1000000.0,25.20474244992925,12.065946987197018,13.15410616202632,7.153786048282314e-05,0.06583462350132949,0.0010866297500946214
bfo-a7d84a931ad75b81180fb1321625d2044481cdc1305f26da0079240dfc24f3c7,554,1000000.0000397984,25.210346435814827,12.072887931643415,13.165638179551152,7.062712178615916e-05,0.06543230747919307,0.0010793921918253915
bfo-a7d84a931ad75b81180fb1321625d2044481cdc1305f26da0079240dfc24f3c7,555,1000000.0000647906,25.201485728389756,12.070721967352915,13.159999961226506,7.122199537276566e-05,0.06518710923702414,0.0010925779069876885
bfo-a7d84a931ad75b81180fb1321625d2044481cdc1305f26da0079240dfc24f3c7,556,1000000.0000264808,25.219679921515706,12.069336547540718,13.158474929592323,6.940732940188882e-05,0.06532744122929074,0.0010624529002793513
bfo-a7d84a931ad75b81180fb1321625d2044481cdc1305f26da0079240dfc24f3c7,557,1000000.0000164735,25.214532062524334,12.071948017078498,13.16314823157389,6.970966287886163e-05,0.06552882214897601,0.0010638015546865884
bfo-a7d84a931ad75b81180fb1321625d2044481cdc1305f26da0079240dfc24f3c7,558,1000000.0000229314,25.2124524352571,12.072373264485622,13.164247465183719,6.979029045674598e-05,0.06564528952957695,0.0010631423969164075
bfo-a7d84a931ad75b81180fb1321625d2044481cdc1305f26da0079240dfc24f3c7,559,1000000.0000727345,25.217803551572192,12.06684891624219,13.15943673597049,6.882712265169654e-05,0.06498971267546481,0.0010590464216297488
bfo-a7d84a931ad75b81180fb1321625d2044481cdc1305f26da0079240dfc24f3c7,560,1000000.0000633774,25.216011851554462,12.073487378149254,13.166030439459622,6.936331119795181e-05,0.0657970679065603,0.001054200641530957
bfo-a7d84a931ad75b81180fb1321625d2044481cdc1305f26da0079240dfc24f3c7,561,1000000.0000773229,25.213880513865575,12.070950682705792,13.159087141378562,7.231372586926863e-05,0.0657070166300333,0.001100548001995506
bfo-a7d84a931ad75b81180fb1321625d2044481cdc1305f26da0079240dfc24f3c7,562,1000000.0000905839,25.209569201689835,12.071455649447614,13.162530038502728,6.727315481496436e-05,0.0647008423105208,0.0010397570172595
bfo-a7d84a931ad75b81180fb1321625d2044481cdc1305f26da0079240dfc24f3c7,563,1000000.0001333781,25.21365688789613,12.074608147987021,13.166546017388725,6.85706978703949e-05,0.0657311296683847,0.0010431997474611482
bfo-a7d84a931ad75b81180fb1321625d2044481cdc1305f26da0079240dfc24f3c7,564,1000000.0001556905,25.2151199476932,12.069223523087524,13.166444744181641,6.495002317132558e-05,0.06447724717494355,0.0010073324469808593
bfo-a7d84a931ad75b81180fb1321625d2044481cdc1305f26da0079240dfc24f3c7,565,1000000.0,25.249682750174834,12.072601725677448,13.168424210842474,6.247761156189113e-05,0.06535486930318472,0.0009559748528002428
bfo-a7d84a931ad75b81180fb1321625d2044481cdc1305f26da0079240dfc24f3c7,566,1000000.0000118106,25.249120564453428,12.072533362457888,13.174283811409689,6.685925461576665e-05,0.06411066854832764,0.0010428725223067528
bfo-a7d84a931ad75b81180fb1321625d2044481cdc1305f26da0079240dfc24f3c7,567,1000000.0005263923,25.161258924243903,12.083868893552529,13.192819843540079,4.98681287321808e-05,0.06394952755875677,0.0007798044901326599
bfo-a7d84a931ad75b81180fb1321625d2044481cdc1305f26da0079240dfc24f3c7,568,1000000.0,25.35558954645805,12.066727771523826,13.160419600390677,9.722367767300028e-05,0.0664848194919994,0.00146234401199961
bfo-a7d84a931ad75b81180fb1321625d2044481cdc1305f26da0079240dfc24f3c7,569,1000000.0006369732,25.314517561627557,12.081994950863809,13.211733271790832,6.118927284627957e-05,0.062174553870016726,0.000984152986030314
bfo-a7d84a931ad75b81180fb1321625d2044481cdc1305f26da0079240dfc24f3c7,570,1000000.0001358892,25.24866960661228,12.074669879148214,13.183710378877162,6.605877005839393e-05,0.06393417320873877,0.0010332310053141464
bfo-a7d84a931ad75b81180fb1321625d2044481cdc1305f26da0079240dfc24f3c7,571,25.235102592497775,25.235102592497775,12.077310283496892,13.18099999168354,5.903306422787092e-05,0.06428554211773511,0.0009182945695589749
bfo-a7d84a931ad75b81180fb1321625d2044481cdc1305f26da0079240dfc24f3c7,572,1000000.0000092934,25.214077389824674,12.070677624381744,13.161803436115726,6.989026732364159e-05,0.06525687970669193,0.0010710022857019091
bfo-a7d84a931ad75b81180fb1321625d2044481cdc1305f26da0079240dfc24f3c7,573,1000000.0,25.227949995958138,12.068686343458278,13.153598149623287,7.367085676886198e-05,0.06605313789777358,0.0011153271307546037
bfo-a7d84a931ad75b81180fb1321625d2044481cdc1305f26da0079240dfc24f3c7,574,1000000.0000088761,25.217649194694907,12.070340129108898,13.159109465795865,7.101273444808005e-05,0.06562518515306237,0.0010820957576340837
bfo-a7d84a931ad75b81180fb1321625d2044481cdc1305f26da0079240dfc24f3c7,575,25.219146729117234,25.219146729117234,12.070236414195517,13.159189210968208,7.08010314292323e-05,0.06563860840268751,0.0010786491845603088
bfo-a7d84a931ad75b81180fb1321625d2044481cdc1305f26da0079240dfc24f3c7,576,1000000.0000170263,25.21420096624406,12.070341568644759,13.159473741244712,7.033698801131328e-05,0.06558800051189695,0.0010724063466236468
bfo-a7d84a931ad75b81180fb1321625d2044481cdc1305f26da0079240dfc24f3c7,577,1000000.0,25.219534941498814,12.070748413475556,13.160784064257005,6.980826847241415e-05,0.06554522543371395,0.0010650397189191365
bfo-a7d84a931ad75b81180fb1321625d2044481cdc1305f26da0079240dfc24f3c7,578,1000000.0000702246,25.21589568332287,12.070444228538383,13.160034640952635,7.033342038361926e-05,0.0655306628622014,0.001073290232566656
bfo-a7d84a931ad75b81180fb1321625d2044481cdc1305f26da0079240dfc24f3c7,579,1000000.0,25.23078040969564,12.068933364034146,13.155837390487484,7.335064265180508e-05,0.06576449235588007,0.0011153532860083992
bfo-a7d84a931ad75b81180fb1321625d2044481cdc1305f26da0079240dfc24f3c7,580,1000000.0000102409,25.221579461611242,12.069827527181216,13.157323971160906,7.171281548097528e-05,0.06572461684734168,0.0010911104380804892
bfo-a7d84a931ad75b81180fb1321625d2044481cdc1305f26da0079240dfc24f3c7,581,1000000.0,25.209605635309067,12.071788993031104,13.164636010554963,6.868528361030197e-05,0.06524797382649233,0.0010526807130126392
bfo-a7d84a931ad75b81180fb1321625d2044481cdc1305f26da0079240dfc24f3c7,582,1000000.0000026023,25.216960709397103,12.070532363150948,13.158874410105097,7.063853672081079e-05,0.06572213224517783,0.0010748059186103734
bfo-a7d84a931ad75b81180fb1321625d2044481cdc1305f26da0079240dfc24f3c7,583,1000000.0,25.21481238346271,12.069666460941168,13.159340106496726,7.121582131584766e-05,0.06546146525612145,0.0010879044799442235
bfo-a7d84a931ad75b81180fb1321625d2044481cdc1305f26da0079240dfc24f3c7,584,1000000.0000147002,25.214446037153863,12.070679351965294,13.161971971084965,7.018539937996655e-05,0.06534003959093986,0.001074156058358106
bfo-a7d84a931ad75b81180fb1321625d2044481cdc1305f26da0079240dfc24f3c7,585,1000000.0,25.209378289979938,12.070903638950611,13.162715669862779,6.935503209600266e-05,0.06527545080586461,0.0010624979412592816
bfo-a7d84a931ad75b81180fb1321625d2044481cdc1305f26da0079240dfc24f3c7,586,1000000.0000228247,25.214330152844013,12.070128111744593,13.158564812301561,7.100020923357868e-05,0.06566344589541896,0.0010812744939804027
bfo-a7d84a931ad75b81180fb1321625d2044481cdc1305f26da0079240dfc24f3c7,587,1000000.0,25.22417919698837,12.070486116942222,13.160989830004286,7.204567281994408e-05,0.0655211804486956,0.0010995783703310609
bfo-a7d84a931ad75b81180fb1321625d2044481cdc1305f26da0079240dfc24f3c7,588,1000000.0000027049,25.216806077479745,12.070606502333389,13.16040081766333,7.026204813632758e-05,0.06552341602926778,0.0010723196743122056
bfo-a7d84a931ad75b81180fb1321625d2044481cdc1305f26da0079240dfc24f3c7,589,1000000.0,25.209623430999315,12.070538298752872,13.160872248953648,6.951718196511248e-05,0.06542931807025501,0.001062477556169363
bfo-a7d84a931ad75b81180fb1321625d2044481cdc1305f26da0079240dfc24f3c7,590,1000000.000006089,25.211280542299768,12.071648648930344,13.162617543159527,6.92966996928681e-05,0.06546644010990711,0.0010585072225789372
bfo-a7d84a931ad75b81180fb1321625d2044481cdc1305f26da0079240dfc24f3c7,591,1000000.0,25.227954228968798,12.068848984032005,13.154955281048776,7.278159413757029e-05,0.06575016954214326,0.0011069415431837048
bfo-a7d84a931ad75b81180fb1321625d2044481cdc1305f26da0079240dfc24f3c7,592,1000000.0000147996,25.21666776668503,12.070581356730253,13.161284753885967,6.9784680978656e-05,0.06534067840068082,0.0010680128013168728
bfo-a7d84a931ad75b81180fb1321625d2044481cdc1305f26da0079240dfc24f3c7,593,25.214633537704508,25.214633537704508,12.072391358332952,13.163728896425779,6.915166907463173e-05,0.06551371512050883,0.0010555296543240007
bfo-a7d84a931ad75b81180fb1321625d2044481cdc1305f26da0079240dfc24f3c7,594,1000000.0,25.217485871119923,12.073432402302766,13.165672919945672,6.834642661202712e-05,0.06544063438125339,0.0010444034850555506
bfo-a7d84a931ad75b81180fb1321625d2044481cdc1305f26da0079240dfc24f3c7,595,1000000.0000200908,25.21620032229075,12.07241441495745,13.16240275962561,6.982993948833238e-05,0.06575351734044424,0.0010619954994465488
bfo-a7d84a931ad75b81180fb1321625d2044481cdc1305f26da0079240dfc24f3c7,596,1000000.0,25.219934424686638,12.07328505668426,13.165961503555685,6.811154272979813e-05,0.06531436813696913,0.0010428263286106224
bfo-a7d84a931ad75b81180fb1321625d2044481cdc1305f26da0079240dfc24f3c7,597,25.211477032857417,25.211477032857417,12.07271456842393,13.163593746418758,6.877774956238828e-05,0.06568346963758978,0.0010471089597104304
bfo-a7d84a931ad75b81180fb1321625d2044481cdc1305f26da0079240dfc24f3c7,598,1000000.0,25.213680807908805,12.072272668934557,13.161581558939567,6.889316486746459e-05,0.06574252324747662,0.001047923953392052
bfo-a7d84a931ad75b81180fb1321625d2044481cdc1305f26da0079240dfc24f3c7,599,1000000.0000139769,25.210820612498853,12.073247591989901,13.164882044189278,6.860672654424856e-05,0.06567339212814143,0.0010446654926912202
bfo-a7d84a931ad75b81180fb1321625d2044481cdc1305f26da0079240dfc24f3c7,600,1000000.0,25.210517562494328,12.07273156649728,13.16184911736789,6.862844425604976e-05,0.06600192620019446,0.0010397945667205023
bfo-a7d84a931ad75b81180fb1321625d2044481cdc1305f26da0079240dfc24f3c7,601,25.212747272778806,25.212747272778806,12.072912497989103,13.163977277278118,6.902545164119414e-05,0.065689831917745,0.0010507783263568997
bfo-a7d84a931ad75b81180fb1321625d2044481cdc1305f26da0079240dfc24f3c7,602,1000000.0,25.212277681639186,12.072605081459477,13.164378153377502,6.892045802916021e-05,0.06556464541075242,0.0010511832649651978
bfo-a7d84a931ad75b81180fb1321625d2044481cdc1305f26da0079240dfc24f3c7,603,25.21218041806964,25.21218041806964,12.072550356226248,13.163394010259903,6.891617992665038e-05,0.06565038135290144,0.0010497453100263615
bfo-a7d84a931ad75b81180fb1321625d2044481cdc1305f26da0079240dfc24f3c7,604,1000000.0,25.211627416924323,12.07253205388159,13.164902128169304,6.823185920322647e-05,0.06537285593368887,0.001043733797899814
bfo-a7d84a931ad75b81180fb1321625d2044481cdc1305f26da0079240dfc24f3c7,605,25.211571111834292,25.211571111834292,12.0726621872264,13.16345502913726,6.850406966918921e-05,0.06568320323292359,0.001042946541846663
bfo-a7d84a931ad75b81180fb1321625d2044481cdc1305f26da0079240dfc24f3c7,606,1000000.0,25.209515525247596,12.072463199260577,13.165046056003629,6.83904434218864e-05,0.06532713987449582,0.0010468917444308092
bfo-a7d84a931ad75b81180fb1321625d2044481cdc1305f26da0079240dfc24f3c7,607,25.21353129224645,25.21353129224645,12.073307815776062,13.1652121915685,6.803747185288773e-05,0.06558976939642272,0.0010373183574052711
bfo-a7d84a931ad75b81180fb1321625d2044481cdc1305f26da0079240dfc24f3c7,608,25.209503402099326,25.209503402099326,12.073011587926468,13.165184187889247,6.731659797565599e-05,0.06553698331932951,0.0010271543572223226
bfo-a7d84a931ad75b81180fb1321625d2044481cdc1305f26da0079240dfc24f3c7,609,1000000.0,25.214328782171297,12.073713665714179,13.167341553252973,6.627924152874832e-05,0.06536922641656065,0.0010139211546789412
bfo-a7d84a931ad75b81180fb1321625d2044481cdc1305f26da0079240dfc24f3c7,610,1000000.0000043432,25.209893832669593,12.073176907673004,13.165904940486824,6.697922118433697e-05,0.06545904909558857,0.0010232232534653615
bfo-a7d84a931ad75b81180fb1321625d2044481cdc1305f26da0079240dfc24f3c7,611,1000000.0,25.207882930297146,12.072928078029271,13.16260322695519,6.76286414577919e-05,0.065986772021886,0.0010248817965419089
bfo-a7d84a931ad75b81180fb1321625d2044481cdc1305f26da0079240dfc24f3c7,612,1000000.000004275,25.20647740771379,12.073643922393368,13.166391626722389,6.657225800512006e-05,0.06555927768141376,0.0010154513649254786
bfo-a7d84a931ad75b81180fb1321625d2044481cdc1305f26da0079240dfc24f3c7,613,1000000.0,25.208534252629775,12.073899908233393,13.167272042493758,6.717918450305109e-05,0.06557506196130346,0.0010244623869771444
bfo-a7d84a931ad75b81180fb1321625d2044481cdc1305f26da0079240dfc24f3c7,614,1000000.0000022484,25.211972115017474,12.072514045046901,13.162754755311692,6.787459051795838e-05,0.0656906384505194,0.0010332460167681887
bfo-a7d84a931ad75b81180fb1321625d2044481cdc1305f26da0079240dfc24f3c7,615,1000000.0,25.207829325700516,12.073467938592097,13.168029146554819,6.624411718520796e-05,0.06535643799885095,0.0010135821231012103
bfo-a7d84a931ad75b81180fb1321625d2044481cdc1305f26da0079240dfc24f3c7,616,1000000.0000100398,25.21018661402426,12.073474803711894,13.166135870749876,6.731599605064714e-05,0.06553518838729923,0.0010271733050162871
bfo-a7d84a931ad75b81180fb1321625d2044481cdc1305f26da0079240dfc24f3c7,617,1000000.0,25.212531272170487,12.072436827768183,13.16124207280688,6.890475398427544e-05,0.06592037955735089,0.0010452724096396946
bfo-a7d84a931ad75b81180fb1321625d2044481cdc1305f26da0079240dfc24f3c7,618,1000000.0000005219,25.209614618347757,12.072435484784982,13.164682796340799,6.769060899923918e-05,0.06538791187752047,0.0010352159452045502
bfo-a7d84a931ad75b81180fb1321625d2044481cdc1305f26da0079240dfc24f3c7,619,1000000.0,25.203192360213528,12.076313185535703,13.16727780555193,6.572118791299985e-05,0.06646521097405829,0.0009888058271364122
bfo-a7d84a931ad75b81180fb1321625d2044481cdc1305f26da0079240dfc24f3c7,620,1000000.0000050504,25.210015137357658,12.073260174226222,13.166321910804871,6.685455357326094e-05,0.06549242387741164,0.0010207982788726668
bfo-a7d84a931ad75b81180fb1321625d2044481cdc1305f26da0079240dfc24f3c7,621,1000000.0,25.213838556834993,12.07328036065646,13.164012873311433,6.832276518856736e-05,0.06580357084428257,0.0010382835507551135
bfo-a7d84a931ad75b81180fb1321625d2044481cdc1305f26da0079240dfc24f3c7,622,1000000.0000163215,25.209371471937292,12.072562380555802,13.16416731525509,6.765711839290738e-05,0.06553966282207731,0.0010323080022028553
bfo-a7d84a931ad75b81180fb1321625d2044481cdc1305f26da0079240dfc24f3c7,623,25.206145678616288,25.206145678616288,12.073338652995398,13.169025101538978,6.605380553289664e-05,0.06510746094551684,0.0010145351173834244
bfo-a7d84a931ad75b81180fb1321625d2044481cdc1305f26da0079240dfc24f3c7,624,1000000.0,25.204106356834817,12.0750081057479,13.171476408883622,6.515876832161472e-05,0.06535974526995575,0.0009969250653057025
bfo-a7d84a931ad75b81180fb1321625d2044481cdc1305f26da0079240dfc24f3c7,625,25.20772390855158,25.20772390855158,12.074274118033383,13.172868937680079,6.45899574115444e-05,0.0648201955158334,0.000996448049832976
bfo-a7d84a931ad75b81180fb1321625d2044481cdc1305f26da0079240dfc24f3c7,626,1000000.0,25.203110931315095,12.071978440057634,13.165642089485042,6.754477451155206e-05,0.06521693126651001,0.0010356938482052962
bfo-a7d84a931ad75b81180fb1321625d2044481cdc1305f26da0079240dfc24f3c7,627,25.205896684164095,25.205896684164095,12.073652624746085,13.169620515155822,6.571024295446843e-05,0.06505528712071137,0.0010100676803184616
bfo-a7d84a931ad75b81180fb1321625d2044481cdc1305f26da0079240dfc24f3c7,628,25.206736974554413,25.206736974554413,12.073216127473732,13.16992891392235,6.482156375984041e-05,0.06485052435562855,0.0009995534254182846
bfo-a7d84a931ad75b81180fb1321625d2044481cdc1305f26da0079240dfc24f3c7,629,1000000.0000026744,25.205145212465304,12.073953593655894,13.170769019257042,6.495959696096879e-05,0.0649785821580548,0.0009997078237712262
bfo-a7d84a931ad75b81180fb1321625d2044481cdc1305f26da0079240dfc24f3c7,630,25.208614700327505,25.208614700327505,12.073679798461715,13.17045660739139,6.533401494409777e-05,0.06492099735438217,0.0010063618491173367
bfo-a7d84a931ad75b81180fb1321625d2044481cdc1305f26da0079240dfc24f3c7,631,1000000.0000023098,25.207552802854632,12.073224077136254,13.168718603832716,6.583661404778693e-05,0.06504069139095385,0.0010122373031376444
bfo-a7d84a931ad75b81180fb1321625d2044481cdc1305f26da0079240dfc24f3c7,632,25.208305197093743,25.208305197093743,12.073945794538298,13.171832144413093,6.574892634173647e-05,0.0647862209408876,0.0010148597245967976
bfo-a7d84a931ad75b81180fb1321625d2044481cdc1305f26da0079240dfc24f3c7,633,1000000.0000071701,25.20657874994615,12.073982386948835,13.170471738307615,6.553708014747278e-05,0.06500500288791469,0.0010081851740007693
bfo-a7d84a931ad75b81180fb1321625d2044481cdc1305f26da0079240dfc24f3c7,634,1000000.0,25.205008673234833,12.074978745628796,13.1729110965015,6.428211262337886e-05,0.06494554863582779,0.0009897847346525773
bfo-a7d84a931ad75b81180fb1321625d2044481cdc1305f26da0079240dfc24f3c7,635,1000000.0000668871,25.205786466526035,12.073993003429132,13.170829827189756,6.518667237745093e-05,0.06500030144317358,0.0010028672318456904
bfo-a7d84a931ad75b81180fb1321625d2044481cdc1305f26da0079240dfc24f3c7,636,25.205764319755737,25.205764319755737,12.073969581792113,13.171818111994952,6.461204518939535e-05,0.06481593555558358,0.0009968543173150162
bfo-a7d84a931ad75b81180fb1321625d2044481cdc1305f26da0079240dfc24f3c7,637,25.212865102805235,25.212865102805235,12.074512694442713,13.176738235383109,6.281910528677939e-05,0.06426138840190393,0.0009775559920040288
bfo-a7d84a931ad75b81180fb1321625d2044481cdc1305f26da0079240dfc24f3c7,638,25.210605778671038,25.210605778671038,12.075900415829986,13.178556357329173,6.28337773159118e-05,0.06448051706779492,0.0009744614369306045
bfo-a7d84a931ad75b81180fb1321625d2044481cdc1305f26da0079240dfc24f3c7,639,25.204194666390734,25.204194666390734,12.072604986827677,13.166186262278943,6.667879492741286e-05,0.06521480051603498,0.0010224488060960627
bfo-a7d84a931ad75b81180fb1321625d2044481cdc1305f26da0079240dfc24f3c7,640,25.20491479164434,25.20491479164434,12.073432930778957,13.168511571162451,6.592907564042102e-05,0.06504497163764741,0.001013592195991702
bfo-a7d84a931ad75b81180fb1321625d2044481cdc1305f26da0079240dfc24f3c7,641,25.20385836750045,25.20385836750045,12.072484354454337,13.16431178723872,6.713886258305078e-05,0.06540021156159773,0.0010265847920050762
bfo-a7d84a931ad75b81180fb1321625d2044481cdc1305f26da0079240dfc24f3c7,642,25.20274136923303,25.20274136923303,12.073288562223947,13.16748084418592,6.563838477538501e-05,0.06518572609363336,0.0010069441380633154
bfo-a7d84a931ad75b81180fb1321625d2044481cdc1305f26da0079240dfc24f3c7,643,25.207772852050997,25.207772852050997,12.07285118183651,13.16818588580551,6.515153292784254e-05,0.06484097966903632,0.0010047894596964969
bfo-a7d84a931ad75b81180fb1321625d2044481cdc1305f26da0079240dfc24f3c7,644,25.20318201806913,25.20318201806913,12.072714548856126,13.165654878980414,6.652013802997427e-05,0.06522691783882194,0.001019826480140422
bfo-a7d84a931ad75b81180fb1321625d2044481cdc1305f26da0079240dfc24f3c7,645,1000000.0,25.207943336299692,12.075613320263852,13.17648846192928,6.317835787512466e-05,0.06464766294514271,0.0009772721084865073
bfo-a7d84a931ad75b81180fb1321625d2044481cdc1305f26da0079240dfc24f3c7,646,25.203578459750602,25.203578459750602,12.073678157433818,13.168694943897465,6.514773785997217e-05,0.06508700565129123,0.0010009330926822216
bfo-a7d84a931ad75b81180fb1321625d2044481cdc1305f26da0079240dfc24f3c7,647,25.202862872887728,25.202862872887728,12.07389697294445,13.169009344553755,6.443295919812473e-05,0.06504654752312819,0.0009905669347818147
bfo-a7d84a931ad75b81180fb1321625d2044481cdc1305f26da0079240dfc24f3c7,648,25.202869646675,25.202869646675,12.074475092601055,13.16945204817649,6.496463540740564e-05,0.06529225267789246,0.0009949822948810932
bfo-a7d84a931ad75b81180fb1321625d2044481cdc1305f26da0079240dfc24f3c7,649,1000000.0,25.2011962440585,12.074008833248548,13.168687147093664,6.488901768310781e-05,0.0652762236241693,0.0009940681932936127
bfo-a7d84a931ad75b81180fb1321625d2044481cdc1305f26da0079240dfc24f3c7,650,25.205013825022473,25.205013825022473,12.072347181173075,13.165606280345619,6.683303232591444e-05,0.0651908503034599,0.0010251903758703906
bfo-a7d84a931ad75b81180fb1321625d2044481cdc1305f26da0079240dfc24f3c7,651,25.19911159313032,25.19911159313032,12.071486056268599,13.1632986505501,6.701938130662838e-05,0.06522531150376164,0.0010275057299306768
bfo-a7d84a931ad75b81180fb1321625d2044481cdc1305f26da0079240dfc24f3c7,652,25.20207856702769,25.20207856702769,12.071220973179992,13.162622632586142,6.772762147670191e-05,0.06515624953697857,0.001039464701513613
bfo-a7d84a931ad75b81180fb1321625d2044481cdc1305f26da0079240dfc24f3c7,653,1000000.0001124342,25.19928119246817,12.070798477710833,13.160774553906753,6.779686161220212e-05,0.06540804790918234,0.00103652170916852
bfo-a7d84a931ad75b81180fb1321625d2044481cdc1305f26da0079240dfc24f3c7,654,25.201652634092593,25.201652634092593,12.073871012621339,13.172808014599324,6.415409231690023e-05,0.06454734799817287,0.0009939074850715203
bfo-a7d84a931ad75b81180fb1321625d2044481cdc1305f26da0079240dfc24f3c7,655,1000000.0000167503,25.19915506356208,12.070898663743197,13.16011297505222,6.773821585965767e-05,0.06548660207411668,0.0010343828159383296
bfo-a7d84a931ad75b81180fb1321625d2044481cdc1305f26da0079240dfc24f3c7,656,25.199922745535627,25.199922745535627,12.072842664014045,13.168484953066505,6.551614736294457e-05,0.0649245904856646,0.0010091114456457079
bfo-a7d84a931ad75b81180fb1321625d2044481cdc1305f26da0079240dfc24f3c7,657,25.199861196058233,25.199861196058233,12.071082879473396,13.162520783753003,6.739949817170347e-05,0.065301843810556,0.0010321224369595578
bfo-a7d84a931ad75b81180fb1321625d2044481cdc1305f26da0079240dfc24f3c7,658,1000000.0,25.205553102394244,12.073266652751244,13.171746658291495,6.491367886141848e-05,0.06461031491225347,0.0010046952866516283
bfo-a7d84a931ad75b81180fb1321625d2044481cdc1305f26da0079240dfc24f3c7,659,1000000.0000099353,25.20671592169282,12.070444672610611,13.161150177951669,6.895356127045064e-05,0.06533522653505852,0.0010553810697120723
bfo-a7d84a931ad75b81180fb1321625d2044481cdc1305f26da0079240dfc24f3c7,660,1000000.0,25.18496569851336,12.072994597815597,13.165203920153319,6.396774987720942e-05,0.0652394067384629,0.0009805078414285495
bfo-a7d84a931ad75b81180fb1321625d2044481cdc1305f26da0079240dfc24f3c7,661,25.198544729375726,25.198544729375726,12.071174793169256,13.162340606882646,6.724729078824742e-05,0.06527602989206104,0.0010301988478687509
bfo-a7d84a931ad75b81180fb1321625d2044481cdc1305f26da0079240dfc24f3c7,662,25.196001730221624,25.196001730221624,12.070097917492872,13.159297846182016,6.911908974382577e-05,0.0653944673202383,0.0010569562315623415
bfo-a7d84a931ad75b81180fb1321625d2044481cdc1305f26da0079240dfc24f3c7,663,25.1976402255958,25.1976402255958,12.070481940257409,13.161509596540272,6.869144845739562e-05,0.06528277773140127,0.001052213935197717
bfo-a7d84a931ad75b81180fb1321625d2044481cdc1305f26da0079240dfc24f3c7,664,1000000.0000028637,25.196897563783843,12.0707554879982,13.161662363716536,6.872991425817154e-05,0.06530084682851896,0.00105251183707705
bfo-a7d84a931ad75b81180fb1321625d2044481cdc1305f26da0079240dfc24f3c7,665,25.183551608095257,25.183551608095257,12.070515768674484,13.157887964725642,6.713222354511541e-05,0.06552542044437937,0.0010245218281674355
bfo-a7d84a931ad75b81180fb1321625d2044481cdc1305f26da0079240dfc24f3c7,666,1000000.0,25.19685218951919,12.068290110044714,13.15171980896887,7.081979376913592e-05,0.06588247272019082,0.001074941343958269
bfo-a7d84a931ad75b81180fb1321625d2044481cdc1305f26da0079240dfc24f3c7,667,1000000.0000015835,25.18264197487208,12.070382197176485,13.157966716311124,6.706766327160652e-05,0.06553211917821417,0.0010234319309774867
bfo-a7d84a931ad75b81180fb1321625d2044481cdc1305f26da0079240dfc24f3c7,668,1000000.0,25.183369872220116,12.07149939972351,13.162402153159178,6.553215418657966e-05,0.06509074036766728,0.0010067815147964065
bfo-a7d84a931ad75b81180fb1321625d2044481cdc1305f26da0079240dfc24f3c7,669,1000000.0000156229,25.18291266484748,12.07057955176103,13.158327064194692,6.71108890023481e-05,0.06549771966437347,0.0010246293969658929
bfo-a7d84a931ad75b81180fb1321625d2044481cdc1305f26da0079240dfc24f3c7,670,1000000.0,25.180417319223768,12.07173871016946,13.160313302581075,6.586584123869102e-05,0.06548199649700234,0.0010058618362637469
bfo-a7d84a931ad75b81180fb1321625d2044481cdc1305f26da0079240dfc24f3c7,671,1000000.0000329876,25.181439102279047,12.070876568410535,13.159662192237453,6.639837148360981e-05,0.06539512539698011,0.0010153412976967244
bfo-a7d84a931ad75b81180fb1321625d2044481cdc1305f26da0079240dfc24f3c7,672,25.18438468783001,25.18438468783001,12.070463094497118,13.157962078260322,6.69362737128281e-05,0.06546415906932773,0.0010224873375665206
bfo-a7d84a931ad75b81180fb1321625d2044481cdc1305f26da0079240dfc24f3c7,673,1000000.000002471,25.184466615087565,12.070702456960749,13.15747358741852,6.764451751035838e-05,0.06562096575658939,0.0010308369700207558
bfo-a7d84a931ad75b81180fb1321625d2044481cdc1305f26da0079240dfc24f3c7,674,1000000.0,25.18625867693678,12.070289166572993,13.157364850742049,6.72337781744008e-05,0.06555877748171006,0.0010255496023115751
bfo-a7d84a931ad75b81180fb1321625d2044481cdc1305f26da0079240dfc24f3c7,675,1000000.000016239,25.18413208662616,12.070289898097766,13.156304644864647,6.745718247699063e-05,0.06564933462358426,0.001027537946329115
bfo-a7d84a931ad75b81180fb1321625d2044481cdc1305f26da0079240dfc24f3c7,676,1000000.0,25.18410163922936,12.070992505668078,13.16244007023102,6.56620206294869e-05,0.0650589459017111,0.001009269666445056
bfo-a7d84a931ad75b81180fb1321625d2044481cdc1305f26da0079240dfc24f3c7,677,1000000.000000645,25.185053809132295,12.070581067821681,13.15812937563874,6.703792231778629e-05,0.0655481705804112,0.0010227275868141513
bfo-a7d84a931ad75b81180fb1321625d2044481cdc1305f26da0079240dfc24f3c7,678,25.18571848248653,25.18571848248653,12.071215704179005,13.159483021295864,6.734338932646688e-05,0.06546052792660953,0.0010287633091191734
bfo-a7d84a931ad75b81180fb1321625d2044481cdc1305f26da0079240dfc24f3c7,679,1000000.0000048106,25.181404271727104,12.070201159949125,13.156926366672135,6.751197912013395e-05,0.06555533374180522,0.0010298472338808485
bfo-a7d84a931ad75b81180fb1321625d2044481cdc1305f26da0079240dfc24f3c7,680,1000000.0000012359,25.184040771629483,12.070967753399968,13.159120753730768,6.686233347181225e-05,0.06547512163865,0.0010211868538529507
bfo-a7d84a931ad75b81180fb1321625d2044481cdc1305f26da0079240dfc24f3c7,681,1000000.0000005813,25.185382641268294,12.070800962420035,13.158632616451273,6.70703579767128e-05,0.06551514704608784,0.0010237381888119844
bfo-a7d84a931ad75b81180fb1321625d2044481cdc1305f26da0079240dfc24f3c7,682,1000000.0000005543,25.18386417899132,12.07027128329695,13.157343553443097,6.711715804591623e-05,0.06552988761411874,0.0010242220838397333
bfo-a7d84a931ad75b81180fb1321625d2044481cdc1305f26da0079240dfc24f3c7,683,1000000.0000140384,25.18333867771812,12.070903374537826,13.158447836581638,6.697554553676083e-05,0.06555147316579461,0.0010217244907275297
bfo-a7d84a931ad75b81180fb1321625d2044481cdc1305f26da0079240dfc24f3c7,684,1000000.0000014174,25.183226767212954,12.070893496116767,13.158004653753173,6.727324778867816e-05,0.06557388359283096,0.0010259152592882721
bfo-a7d84a931ad75b81180fb1321625d2044481cdc1305f26da0079240dfc24f3c7,685,1000000.000000614,25.184539070146858,12.070278978084886,13.157755783509902,6.710462550132795e-05,0.0655628530175711,0.0010235159455819235
bfo-a7d84a931ad75b81180fb1321625d2044481cdc1305f26da0079240dfc24f3c7,686,1000000.0000097526,25.18290229441785,12.07058716587976,13.158049382128903,6.684180083893284e-05,0.06544787671099245,0.0010212982330060263
bfo-a7d84a931ad75b81180fb1321625d2044481cdc1305f26da0079240dfc24f3c7,687,1000000.0000083279,25.183394539168816,12.070538149539093,13.157716511907322,6.733929447933149e-05,0.06554795647736625,0.0010273286628330479
bfo-a7d84a931ad75b81180fb1321625d2044481cdc1305f26da0079240dfc24f3c7,688,1000000.0000004325,25.183545533643333,12.070376273534428,13.157615068955941,6.71956885918355e-05,0.06552089829014747,0.0010255611620932229
bfo-a7d84a931ad75b81180fb1321625d2044481cdc1305f26da0079240dfc24f3c7,689,1000000.0000067484,25.183615898126558,12.070796537167356,13.158418094212408,6.705281950328723e-05,0.0655561298754489,0.0010228306587146301
bfo-a7d84a931ad75b81180fb1321625d2044481cdc1305f26da0079240dfc24f3c7,690,1000000.0000010682,25.18307674256504,12.071021566372787,13.158483125459009,6.707235627704751e-05,0.06550325462094526,0.0010239545601998302
bfo-a7d84a931ad75b81180fb1321625d2044481cdc1305f26da0079240dfc24f3c7,691,1000000.000003029,25.183256333096015,12.07068634443265,13.158247810704166,6.709101835213452e-05,0.06554029885419212,0.001023660549693133
bfo-a7d84a931ad75b81180fb1321625d2044481cdc1305f26da0079240dfc24f3c7,692,1000000.0000033324,25.183940122248437,12.070372330877657,13.157651452594681,6.705769100086873e-05,0.06550866568071827,0.001023646113137157
bfo-a7d84a931ad75b81180fb1321625d2044481cdc1305f26da0079240dfc24f3c7,693,1000000.0000240592,25.177766063499156,12.070784772770159,13.159260276430256,6.607729516002664e-05,0.06537186497173741,0.0010107910366117627
bfo-a7d84a931ad75b81180fb1321625d2044481cdc1305f26da0079240dfc24f3c7,694,1000000.0000061641,25.184945955348205,12.070790304904978,13.15841835106169,6.713108717772807e-05,0.06552602548833329,0.0010244950258684704
bfo-a7d84a931ad75b81180fb1321625d2044481cdc1305f26da0079240dfc24f3c7,695,1000000.0000082615,25.1840514574165,12.070710638549947,13.15835688055805,6.714305920861446e-05,0.06551824915555869,0.0010247993509288993
bfo-a7d84a931ad75b81180fb1321625d2044481cdc1305f26da0079240dfc24f3c7,696,1000000.0000093798,25.18453582501172,12.0705056045784,13.157870695677966,6.742606072067834e-05,0.0655395255550171,0.001028784693659059
bfo-a7d84a931ad75b81180fb1321625d2044481cdc1305f26da0079240dfc24f3c7,697,1000000.0000016923,25.181163555319195,12.070496035919769,13.158200101213074,6.703288216031201e-05,0.06550781216372746,0.001023280734712569
bfo-a7d84a931ad75b81180fb1321625d2044481cdc1305f26da0079240dfc24f3c7,698,1000000.0000160591,25.184983654434777,12.070372491852794,13.157576443161982,6.72122362453594e-05,0.06551077669481739,0.0010259722084882046
bfo-a7d84a931ad75b81180fb1321625d2044481cdc1305f26da0079240dfc24f3c7,699,1000000.0000029897,25.184298205730997,12.070773182846521,13.157766550449923,6.716253672430062e-05,0.0655933118752518,0.0010239235495843422
bfo-a7d84a931ad75b81180fb1321625d2044481cdc1305f26da0079240dfc24f3c7,700,1000000.0,25.18975209177983,12.069444384719345,13.155027935487398,6.895947380601801e-05,0.0656670024850637,0.0010501389007622694
bfo-a7d84a931ad75b81180fb1321625d2044481cdc1305f26da0079240dfc24f3c7,701,1000000.0000202479,25.186940860190383,12.071294765250538,13.159754171742936,6.67013473184714e-05,0.06545882038085317,0.001018981810707693
bfo-a7d84a931ad75b81180fb1321625d2044481cdc1305f26da0079240dfc24f3c7,702,25.180233610840375,25.180233610840375,12.069764862482293,13.157398017823429,6.674584798434217e-05,0.06546348790005992,0.0010195889361446792
bfo-a7d84a931ad75b81180fb1321625d2044481cdc1305f26da0079240dfc24f3c7,703,25.18476369020698,25.18476369020698,12.070473713259403,13.162711864904496,6.62291881879467e-05,0.06507042856801722,0.0010178077760578793
bfo-a7d84a931ad75b81180fb1321625d2044481cdc1305f26da0079240dfc24f3c7,704,25.182721443817613,25.182721443817613,12.069900249472942,13.158551455070253,6.642060766467805e-05,0.06533260897385489,0.0010166532258226297
bfo-a7d84a931ad75b81180fb1321625d2044481cdc1305f26da0079240dfc24f3c7,705,25.19628064013689,25.19628064013689,12.067296397365025,13.148899672143198,7.017113356788497e-05,0.06590443278253943,0.0010647407253989135
bfo-a7d84a931ad75b81180fb1321625d2044481cdc1305f26da0079240dfc24f3c7,706,25.17746308176426,25.17746308176426,12.070335634311615,13.1592078954815,6.592058544194349e-05,0.06538482753640235,0.0010081939178510928
bfo-a7d84a931ad75b81180fb1321625d2044481cdc1305f26da0079240dfc24f3c7,707,25.181225044850947,25.181225044850947,12.070596305395437,13.15938772529076,6.679671108915192e-05,0.06542331008930032,0.0010209925330585837
bfo-a7d84a931ad75b81180fb1321625d2044481cdc1305f26da0079240dfc24f3c7,708,25.17737639958716,25.17737639958716,12.070717704352669,13.160786023553428,6.560502291714482e-05,0.06527985752115857,0.001004981098432711
bfo-a7d84a931ad75b81180fb1321625d2044481cdc1305f26da0079240dfc24f3c7,709,25.17738821889092,25.17738821889092,12.07063804524974,13.160817709207741,6.572869135877614e-05,0.06522735040191119,0.001007686054297405
bfo-a7d84a931ad75b81180fb1321625d2044481cdc1305f26da0079240dfc24f3c7,710,25.177338916404064,25.177338916404064,12.070606661448787,13.16055096606857,6.557463767271118e-05,0.06528573812895394,0.0010044251555092567
bfo-a7d84a931ad75b81180fb1321625d2044481cdc1305f26da0079240dfc24f3c7,711,25.17803242922269,25.17803242922269,12.070373175830282,13.159766396676373,6.506574175642e-05,0.06532159040718144,0.0009960832452307635
bfo-a7d84a931ad75b81180fb1321625d2044481cdc1305f26da0079240dfc24f3c7,712,25.176743725676594,25.176743725676594,12.07149568457932,13.163992889911315,6.446473277195454e-05,0.06507579610279571,0.0009906099753297537
bfo-a7d84a931ad75b81180fb1321625d2044481cdc1305f26da0079240dfc24f3c7,713,25.184170958000426,25.184170958000426,12.072162326553217,13.169193274631544,6.411463554944851e-05,0.06470654312713386,0.0009908524308504258
bfo-a7d84a931ad75b81180fb1321625d2044481cdc1305f26da0079240dfc24f3c7,714,25.176334710700033,25.176334710700033,12.07162099227909,13.164066930227996,6.449473884214599e-05,0.06508606208233535,0.0009909147485456821
bfo-a7d84a931ad75b81180fb1321625d2044481cdc1305f26da0079240dfc24f3c7,715,1000000.0,25.179351824956633,12.07308675714675,13.169130519041254,6.265359423021396e-05,0.06471169212607102,0.0009681958881271798
bfo-a7d84a931ad75b81180fb1321625d2044481cdc1305f26da0079240dfc24f3c7,716,25.176952034573006,25.176952034573006,12.071399198786713,13.16370638379764,6.453151375111273e-05,0.06509150251432003,0.0009913968991100781
bfo-a7d84a931ad75b81180fb1321625d2044481cdc1305f26da0079240dfc24f3c7,717,25.17440205597366,25.17440205597366,12.072457110877414,13.165790062071318,6.275441568251547e-05,0.06509236383017836,0.000964082604931011
bfo-a7d84a931ad75b81180fb1321625d2044481cdc1305f26da0079240dfc24f3c7,718,1000000.0,25.1785911191769,12.07227724453436,13.165969835785676,6.351488526670491e-05,0.06512942958519075,0.0009752102186558541
bfo-a7d84a931ad75b81180fb1321625d2044481cdc1305f26da0079240dfc24f3c7,719,1000000.0000019686,25.17812095458664,12.072867594640577,13.166693563877509,6.272524499347832e-05,0.06507530430981491,0.0009638870791114819
bfo-a7d84a931ad75b81180fb1321625d2044481cdc1305f26da0079240dfc24f3c7,720,1000000.0,25.171696933075296,12.071161934129181,13.16354523042854,6.291249497617816e-05,0.06513698528716783,0.0009658490441155266
bfo-a7d84a931ad75b81180fb1321625d2044481cdc1305f26da0079240dfc24f3c7,721,25.174475498178808,25.174475498178808,12.07263747078651,13.16588829101215,6.217937235102066e-05,0.06509013001275847,0.000955281120791013
bfo-a7d84a931ad75b81180fb1321625d2044481cdc1305f26da0079240dfc24f3c7,722,25.18012914795489,25.18012914795489,12.072419350180885,13.16680241393242,6.343365350055323e-05,0.06496566999783744,0.0009764180605335833
bfo-a7d84a931ad75b81180fb1321625d2044481cdc1305f26da0079240dfc24f3c7,723,1000000.0000013212,25.178740187716404,12.071537655274422,13.163269474296923,6.407408941627612e-05,0.065213058082979,0.0009825346533319504
bfo-a7d84a931ad75b81180fb1321625d2044481cdc1305f26da0079240dfc24f3c7,724,25.17291418300772,25.17291418300772,12.071873679592153,13.160482260618688,6.477365564521536e-05,0.06565964811529225,0.0009865062866538492
bfo-a7d84a931ad75b81180fb1321625d2044481cdc1305f26da0079240dfc24f3c7,725,25.183251811150217,25.183251811150217,12.070929313464033,13.157023840756649,6.68222502765218e-05,0.06592370112266818,0.0010136301381529177
bfo-a7d84a931ad75b81180fb1321625d2044481cdc1305f26da0079240dfc24f3c7,726,1000000.0000008915,25.17521316302866,12.071953704850285,13.160866800975427,6.444622910051895e-05,0.06564968214372534,0.0009816685625290357
bfo-a7d84a931ad75b81180fb1321625d2044481cdc1305f26da0079240dfc24f3c7,727,25.169566739868777,25.169566739868777,12.07314632634706,13.164577597613661,6.304233025020413e-05,0.06535521394147861,0.0009646105711880078
bfo-a7d84a931ad75b81180fb1321625d2044481cdc1305f26da0079240dfc24f3c7,728,25.169642712420263,25.169642712420263,12.073545552838484,13.16761833549968,6.303859387409529e-05,0.06511462948934646,0.0009681172167985562
bfo-a7d84a931ad75b81180fb1321625d2044481cdc1305f26da0079240dfc24f3c7,729,1000000.0000002495,25.169477636446118,12.07267907254976,13.163977674896739,6.347075244568115e-05,0.0653396862828366,0.0009713966512011494
bfo-a7d84a931ad75b81180fb1321625d2044481cdc1305f26da0079240dfc24f3c7,730,25.173310731695405,25.173310731695405,12.072448357265651,13.162688479828633,6.545100193707228e-05,0.0655037344879293,0.0009991949687866005
bfo-a7d84a931ad75b81180fb1321625d2044481cdc1305f26da0079240dfc24f3c7,731,25.16566739050527,25.16566739050527,12.073302607961224,13.164636533997603,6.212918438855133e-05,0.06533056169427683,0.0009509972481071452
bfo-a7d84a931ad75b81180fb1321625d2044481cdc1305f26da0079240dfc24f3c7,732,25.173644274923763,25.173644274923763,12.074519518788081,13.169515849186759,6.070167507850157e-05,0.06499109254988601,0.0009339999174795844
bfo-a7d84a931ad75b81180fb1321625d2044481cdc1305f26da0079240dfc24f3c7,733,25.16731158365497,25.16731158365497,12.072183483125862,13.160950588537746,6.358266373334669e-05,0.0655695223513861,0.0009696984430145476
bfo-a7d84a931ad75b81180fb1321625d2044481cdc1305f26da0079240dfc24f3c7,734,1000000.0,25.16600706601892,12.07273498411979,13.164776933043422,6.264693809236516e-05,0.06520821746816056,0.0009607215244451973
bfo-a7d84a931ad75b81180fb1321625d2044481cdc1305f26da0079240dfc24f3c7,735,25.164471057489884,25.164471057489884,12.073514260609288,13.165980097540968,6.173319298333428e-05,0.06521619587295799,0.0009465929767444786
bfo-a7d84a931ad75b81180fb1321625d2044481cdc1305f26da0079240dfc24f3c7,736,1000000.0,25.165283423743123,12.074368884713246,13.168712491121559,6.120503853246176e-05,0.06509928960887865,0.0009401798222405523
bfo-a7d84a931ad75b81180fb1321625d2044481cdc1305f26da0079240dfc24f3c7,737,25.16647935512964,25.16647935512964,12.07237261975822,13.162360618784934,6.298277946395116e-05,0.06537129273134809,0.0009634623522405647
bfo-a7d84a931ad75b81180fb1321625d2044481cdc1305f26da0079240dfc24f3c7,738,25.15951888442498,25.15951888442498,12.073934941141582,13.16522157475306,6.040380403581065e-05,0.06528578748177262,0.0009252213439667097
bfo-a7d84a931ad75b81180fb1321625d2044481cdc1305f26da0079240dfc24f3c7,739,25.16514402442259,25.16514402442259,12.072558584121664,13.163176552562014,6.256690697265728e-05,0.06532626565583795,0.0009577603486824434
bfo-a7d84a931ad75b81180fb1321625d2044481cdc1305f26da0079240dfc24f3c7,740,25.15768247112967,25.15768247112967,12.073841015875798,13.165311529217366,6.019462220100578e-05,0.06525656624878144,0.0009224301194690858
bfo-a7d84a931ad75b81180fb1321625d2044481cdc1305f26da0079240dfc24f3c7,741,25.164625671063817,25.164625671063817,12.073667065896636,13.16482475366787,6.131350411658344e-05,0.06522894196363047,0.0009399739175712808
bfo-a7d84a931ad75b81180fb1321625d2044481cdc1305f26da0079240dfc24f3c7,742,25.156212779118164,25.156212779118164,12.0743699274828,13.16726038765666,5.959499833189017e-05,0.06513378817981567,0.000914962878673132
bfo-a7d84a931ad75b81180fb1321625d2044481cdc1305f26da0079240dfc24f3c7,743,25.15422453426418,25.15422453426418,12.073879781666665,13.163687492150247,6.087617177439421e-05,0.06545189042501834,0.000930090351540479
bfo-a7d84a931ad75b81180fb1321625d2044481cdc1305f26da0079240dfc24f3c7,744,25.16628710589614,25.16628710589614,12.072042808185508,13.157092570334745,6.36245169166749e-05,0.06583607649469739,0.0009664080896710087
bfo-a7d84a931ad75b81180fb1321625d2044481cdc1305f26da0079240dfc24f3c7,745,25.156434405437487,25.156434405437487,12.074465550413924,13.165833720051845,6.016773969082687e-05,0.06528430194962195,0.0009216264537416147
bfo-a7d84a931ad75b81180fb1321625d2044481cdc1305f26da0079240dfc24f3c7,746,25.156663560461677,25.156663560461677,12.073254314375653,13.162127464166373,6.109632852235624e-05,0.06554200138141714,0.0009321706269970364
bfo-a7d84a931ad75b81180fb1321625d2044481cdc1305f26da0079240dfc24f3c7,747,25.15273680926928,25.15273680926928,12.073910623088786,13.162769421558568,6.13153575223148e-05,0.0656207497145843,0.0009343897744083132
bfo-a7d84a931ad75b81180fb1321625d2044481cdc1305f26da0079240dfc24f3c7,748,25.159448938017764,25.159448938017764,12.072898849462126,13.158833968509436,6.286418061017804e-05,0.06583860124292265,0.0009548225421471216
bfo-a7d84a931ad75b81180fb1321625d2044481cdc1305f26da0079240dfc24f3c7,749,25.153359766771896,25.153359766771896,12.07388124358804,13.161044302321073,6.137576428594114e-05,0.06581428170986978,0.0009325599655786713
bfo-a7d84a931ad75b81180fb1321625d2044481cdc1305f26da0079240dfc24f3c7,750,25.155179808704446,25.155179808704446,12.07491013133459,13.16779605706755,6.0368182143132366e-05,0.06519055507254203,0.0009260265091462486
bfo-a7d84a931ad75b81180fb1321625d2044481cdc1305f26da0079240dfc24f3c7,751,25.15383156400895,25.15383156400895,12.074279384850502,13.163550383063942,6.124667418760084e-05,0.06557433205867315,0.0009340037826508075
bfo-a7d84a931ad75b81180fb1321625d2044481cdc1305f26da0079240dfc24f3c7,752,25.151692833174334,25.151692833174334,12.07466648338797,13.165414787733715,6.035289806877011e-05,0.06544185226804206,0.0009222370085365524
bfo-a7d84a931ad75b81180fb1321625d2044481cdc1305f26da0079240dfc24f3c7,753,25.15773408089926,25.15773408089926,12.073632398785795,13.160700540605474,6.176617333426608e-05,0.06576337950532392,0.0009392183582850354
bfo-a7d84a931ad75b81180fb1321625d2044481cdc1305f26da0079240dfc24f3c7,754,25.149521650601322,25.149521650601322,12.075992572726634,13.169661665985279,5.8831959133299096e-05,0.06521442917202445,0.0009021310142592907
bfo-a7d84a931ad75b81180fb1321625d2044481cdc1305f26da0079240dfc24f3c7,755,25.152183683226273,25.152183683226273,12.077485090075507,13.174241447632262,5.7782400155114424e-05,0.06503249481300419,0.0008885158153821895
bfo-a7d84a931ad75b81180fb1321625d2044481cdc1305f26da0079240dfc24f3c7,756,25.150928770799467,25.150928770799467,12.075608474766861,13.170503691819992,5.890730860699231e-05,0.06493515437861247,0.0009071713029821403
bfo-a7d84a931ad75b81180fb1321625d2044481cdc1305f26da0079240dfc24f3c7,757,25.150859855426436,25.150859855426436,12.07557634070134,13.166628035257707,5.9424445887498845e-05,0.06547095983895707,0.0009076458636572428
bfo-a7d84a931ad75b81180fb1321625d2044481cdc1305f26da0079240dfc24f3c7,758,25.149430913826485,25.149430913826485,12.077123957239246,13.173250657588389,5.78203683700292e-05,0.06501352840222815,0.0008893590271289994
bfo-a7d84a931ad75b81180fb1321625d2044481cdc1305f26da0079240dfc24f3c7,759,25.15184012327101,25.15184012327101,12.076614344691935,13.170307916948152,5.857487940865528e-05,0.06527778782650434,0.0008973171634482454
bfo-a7d84a931ad75b81180fb1321625d2044481cdc1305f26da0079240dfc24f3c7,760,25.148072844432722,25.148072844432722,12.076741321564318,13.17252693123121,5.8182337260639825e-05,0.06501672370862333,0.0008948826385252471
bfo-a7d84a931ad75b81180fb1321625d2044481cdc1305f26da0079240dfc24f3c7,761,25.152289869233492,25.152289869233492,12.075947756369464,13.170224465210696,5.922332332957494e-05,0.06510743746250512,0.0009096245473288854
bfo-a7d84a931ad75b81180fb1321625d2044481cdc1305f26da0079240dfc24f3c7,762,25.145768461758696,25.145768461758696,12.076606874529366,13.172093667088761,5.825628754220329e-05,0.06508151855144571,0.0008951279693351469
bfo-a7d84a931ad75b81180fb1321625d2044481cdc1305f26da0079240dfc24f3c7,763,25.1452412052537,25.1452412052537,12.075450256835564,13.16934499700812,5.92327140780315e-05,0.06513844672642954,0.0009093356850647494
bfo-a7d84a931ad75b81180fb1321625d2044481cdc1305f26da0079240dfc24f3c7,764,25.14715022295921,25.14715022295921,12.075278821503632,13.167499823039527,5.960448526106089e-05,0.06535922236758816,0.0009119521790794581
bfo-a7d84a931ad75b81180fb1321625d2044481cdc1305f26da0079240dfc24f3c7,765,25.14774514166406,25.14774514166406,12.07596799368981,13.170535924664497,5.908327946863725e-05,0.06506889754292035,0.0009080110728734123
bfo-a7d84a931ad75b81180fb1321625d2044481cdc1305f26da0079240dfc24f3c7,766,25.147030112642632,25.147030112642632,12.077454453918971,13.175320708685039,5.7459655780999246e-05,0.06473402132297391,0.0008876268553488887
bfo-a7d84a931ad75b81180fb1321625d2044481cdc1305f26da0079240dfc24f3c7,767,25.14465520261779,25.14465520261779,12.075369477354426,13.168687646996878,5.935746029689349e-05,0.06521928258402186,0.0009101213313780844
bfo-a7d84a931ad75b81180fb1321625d2044481cdc1305f26da0079240dfc24f3c7,768,25.1459428205362,25.1459428205362,12.07558280786738,13.169525736217663,5.957747678540595e-05,0.06517818395625645,0.0009140708312062001
bfo-a7d84a931ad75b81180fb1321625d2044481cdc1305f26da0079240dfc24f3c7,769,25.144913852400354,25.144913852400354,12.07528396085284,13.167866924633048,5.943412717237693e-05,0.06532919319277111,0.0009097636794166549
bfo-a7d84a931ad75b81180fb1321625d2044481cdc1305f26da0079240dfc24f3c7,770,25.139503748106847,25.139503748106847,12.074992951983283,13.168861339778106,5.8459282169599085e-05,0.0651497826489885,0.0008973058664610403
bfo-a7d84a931ad75b81180fb1321625d2044481cdc1305f26da0079240dfc24f3c7,771,25.139194543789976,25.139194543789976,12.074982587423735,13.169276003618819,5.869828303691654e-05,0.06517208958245979,0.0009006659662591885
bfo-a7d84a931ad75b81180fb1321625d2044481cdc1305f26da0079240dfc24f3c7,772,25.14258156644578,25.14258156644578,12.073301490416812,13.165828339493284,6.0115349579218474e-05,0.06524531875643556,0.0009213741418542601
bfo-a7d84a931ad75b81180fb1321625d2044481cdc1305f26da0079240dfc24f3c7,773,25.14080433656824,25.14080433656824,12.075248246883431,13.170784339785962,5.8436185021380094e-05,0.06507850680429628,0.0008979337094673832
bfo-a7d84a931ad75b81180fb1321625d2044481cdc1305f26da0079240dfc24f3c7,774,25.149896456269584,25.149896456269584,12.076853761778894,13.176745360796518,5.6644323425442334e-05,0.06473212473477755,0.0008750573792769386
bfo-a7d84a931ad75b81180fb1321625d2044481cdc1305f26da0079240dfc24f3c7,775,25.140022208894827,25.140022208894827,12.074736165287858,13.168988417655617,5.921328743973697e-05,0.0651380199492928,0.0009090434048476145
bfo-a7d84a931ad75b81180fb1321625d2044481cdc1305f26da0079240dfc24f3c7,776,25.14087386340603,25.14087386340603,12.074685520622786,13.16859110992806,5.868170511380454e-05,0.06522266294679291,0.0008997134195774201
bfo-a7d84a931ad75b81180fb1321625d2044481cdc1305f26da0079240dfc24f3c7,777,25.13890500272277,25.13890500272277,12.074819454085857,13.16797323188055,5.9096648913531604e-05,0.06526634243178907,0.0009054689861821886
bfo-a7d84a931ad75b81180fb1321625d2044481cdc1305f26da0079240dfc24f3c7,778,1000000.0,25.148010988892832,12.078796782662748,13.180851015306668,5.602627991871425e-05,0.06472113628569126,0.0008656566175136932
bfo-a7d84a931ad75b81180fb1321625d2044481cdc1305f26da0079240dfc24f3c7,779,25.141573664343717,25.141573664343717,12.073268971684056,13.166875192906533,5.982312275147833e-05,0.06482881129846156,0.0009227860507276951
bfo-a7d84a931ad75b81180fb1321625d2044481cdc1305f26da0079240dfc24f3c7,780,25.13950862015337,25.13950862015337,12.074694706485186,13.167378271416455,5.874340234447537e-05,0.06531728139507584,0.0008993546744415473
bfo-a7d84a931ad75b81180fb1321625d2044481cdc1305f26da0079240dfc24f3c7,781,25.13985293407051,25.13985293407051,12.075426214252248,13.170684554130517,5.8200358948926895e-05,0.06507110043283683,0.0008944117828312805
bfo-a7d84a931ad75b81180fb1321625d2044481cdc1305f26da0079240dfc24f3c7,782,25.141441119223977,25.141441119223977,12.074288655634525,13.165107664620946,5.9677908408119754e-05,0.06550099312009473,0.0009110992912535163
bfo-a7d84a931ad75b81180fb1321625d2044481cdc1305f26da0079240dfc24f3c7,783,25.137516712247674,25.137516712247674,12.07476111971328,13.168580351804305,5.864861669390656e-05,0.06515207669027905,0.0009001803115610767
bfo-a7d84a931ad75b81180fb1321625d2044481cdc1305f26da0079240dfc24f3c7,784,1000000.0,25.14052432340277,12.074306537414602,13.165579765098402,6.022020796270161e-05,0.0654001698983322,0.0009207958948167399
bfo-a7d84a931ad75b81180fb1321625d2044481cdc1305f26da0079240dfc24f3c7,785,25.139657164320884,25.139657164320884,12.07485479542442,13.17007451911083,5.844271370433014e-05,0.06492464266432968,0.0009001622697638538
bfo-a7d84a931ad75b81180fb1321625d2044481cdc1305f26da0079240dfc24f3c7,786,25.140970169937162,25.140970169937162,12.076025643297687,13.172637644457902,5.706533216683554e-05,0.06504643497542385,0.00087730145684996
bfo-a7d84a931ad75b81180fb1321625d2044481cdc1305f26da0079240dfc24f3c7,787,1000000.0000014008,25.137664319540807,12.074026852124852,13.166813583482394,5.893371846516981e-05,0.06514570916135554,0.0009046446684493124
bfo-a7d84a931ad75b81180fb1321625d2044481cdc1305f26da0079240dfc24f3c7,788,25.137462811536174,25.137462811536174,12.074308091652211,13.167160697455003,5.9501361523290584e-05,0.06529662026267308,0.0009112471868211629
bfo-a7d84a931ad75b81180fb1321625d2044481cdc1305f26da0079240dfc24f3c7,789,25.140082890939198,25.140082890939198,12.071514139956237,13.162834584882354,6.131190822918482e-05,0.06498001219464025,0.0009435502727443627
bfo-a7d84a931ad75b81180fb1321625d2044481cdc1305f26da0079240dfc24f3c7,790,25.134774411948648,25.134774411948648,12.073911810670012,13.16604221930054,5.992713207039172e-05,0.06536141663749974,0.0009168579133275669
bfo-a7d84a931ad75b81180fb1321625d2044481cdc1305f26da0079240dfc24f3c7,791,25.134797859905714,25.134797859905714,12.075143396531244,13.169547268256073,5.795353873244353e-05,0.06512817501475779,0.0008898382108712778
bfo-a7d84a931ad75b81180fb1321625d2044481cdc1305f26da0079240dfc24f3c7,792,25.134639939120547,25.134639939120547,12.074317499749233,13.165785025605645,5.964948316137091e-05,0.06556001431736307,0.0009098454871077293
bfo-a7d84a931ad75b81180fb1321625d2044481cdc1305f26da0079240dfc24f3c7,793,1000000.0,25.135140533602062,12.072624352562352,13.159240462430295,6.161321205622334e-05,0.0659857146883882,0.0009337356175830842
bfo-a7d84a931ad75b81180fb1321625d2044481cdc1305f26da0079240dfc24f3c7,794,25.13328349450086,25.13328349450086,12.073958018270192,13.163994803148714,6.005526334890288e-05,0.06564093691157678,0.0009149056392933845
bfo-a7d84a931ad75b81180fb1321625d2044481cdc1305f26da0079240dfc24f3c7,795,25.134213002280973,25.134213002280973,12.073431934223873,13.161348489608429,6.065378531981177e-05,0.06581104866502656,0.0009216352960508974
bfo-a7d84a931ad75b81180fb1321625d2044481cdc1305f26da0079240dfc24f3c7,796,25.13311727310019,25.13311727310019,12.074487110476344,13.164780905678205,5.955833848283464e-05,0.06567530606759507,0.0009068604632239603
bfo-a7d84a931ad75b81180fb1321625d2044481cdc1305f26da0079240dfc24f3c7,797,25.131429883175294,25.131429883175294,12.075719095211134,13.168081965113007,5.7936939021149977e-05,0.06562127820629958,0.0008828986664814475
bfo-a7d84a931ad75b81180fb1321625d2044481cdc1305f26da0079240dfc24f3c7,798,25.132200020444266,25.132200020444266,12.074866012819001,13.167078667542794,5.8664064869336756e-05,0.06554948402230648,0.0008949584538205271
bfo-a7d84a931ad75b81180fb1321625d2044481cdc1305f26da0079240dfc24f3c7,799,25.133213313449335,25.133213313449335,12.074922788217682,13.165240239640656,5.871395599655138e-05,0.06575190106305016,0.0008929621052363181
bfo-a7d84a931ad75b81180fb1321625d2044481cdc1305f26da0079240dfc24f3c7,800,25.125913882190147,25.125913882190147,12.075788266119533,13.167433116198273,5.820572462244228e-05,0.06581394009728703,0.0008843981159067793
bfo-a7d84a931ad75b81180fb1321625d2044481cdc1305f26da0079240dfc24f3c7,801,25.12985917145602,25.12985917145602,12.075503780549322,13.167333401670094,5.862718863465555e-05,0.06572045059041597,0.0008920691825446062
bfo-a7d84a931ad75b81180fb1321625d2044481cdc1305f26da0079240dfc24f3c7,802,25.123731254171254,25.123731254171254,12.07611650920834,13.167803095381561,5.791527032113514e-05,0.06587990733678036,0.0008791037003903221
bfo-a7d84a931ad75b81180fb1321625d2044481cdc1305f26da0079240dfc24f3c7,803,25.13051175146489,25.13051175146489,12.076541890933436,13.174996411813964,5.605186235122003e-05,0.06492619565727069,0.0008633165979276521
bfo-a7d84a931ad75b81180fb1321625d2044481cdc1305f26da0079240dfc24f3c7,804,25.127568168661696,25.127568168661696,12.07659257583975,13.169128212944493,5.786715277618709e-05,0.06587831194674035,0.0008783945894510788
bfo-a7d84a931ad75b81180fb1321625d2044481cdc1305f26da0079240dfc24f3c7,805,25.120419656645616,25.120419656645616,12.073801424696935,13.162502810653733,5.8394761732032136e-05,0.06585567110035867,0.0008867081719210375
bfo-a7d84a931ad75b81180fb1321625d2044481cdc1305f26da0079240dfc24f3c7,806,25.123759645639616,25.123759645639616,12.077802914081307,13.174461247613891,5.506100822359558e-05,0.06544743181321269,0.0008413012810149675
bfo-a7d84a931ad75b81180fb1321625d2044481cdc1305f26da0079240dfc24f3c7,807,25.120122642034655,25.120122642034655,12.073338885808825,13.160249641392031,5.9087459151230564e-05,0.06607160312040905,0.0008942943164788878
bfo-a7d84a931ad75b81180fb1321625d2044481cdc1305f26da0079240dfc24f3c7,808,25.120645066034804,25.120645066034804,12.074165175266993,13.16189313418603,5.879978891638768e-05,0.06605834398403443,0.0008901190276674047
bfo-a7d84a931ad75b81180fb1321625d2044481cdc1305f26da0079240dfc24f3c7,809,25.11757454687931,25.11757454687931,12.074541158828568,13.163817147397788,5.749571577992531e-05,0.0658793984169736,0.0008727419673145002
bfo-a7d84a931ad75b81180fb1321625d2044481cdc1305f26da0079240dfc24f3c7,810,25.112888764633677,25.112888764633677,12.074450809342908,13.161906578425425,5.7555467296594134e-05,0.06613535184291486,0.0008702678022081182
bfo-a7d84a931ad75b81180fb1321625d2044481cdc1305f26da0079240dfc24f3c7,811,25.106961241008324,25.106961241008324,12.076256557115743,13.168577811923516,5.50615317797005e-05,0.06565203563181894,0.000838687349901674
bfo-a7d84a931ad75b81180fb1321625d2044481cdc1305f26da0079240dfc24f3c7,812,25.109429723689853,25.109429723689853,12.075452262909444,13.168273565430534,5.616429155522171e-05,0.06559098963149941,0.0008562805938858617
bfo-a7d84a931ad75b81180fb1321625d2044481cdc1305f26da0079240dfc24f3c7,813,25.105606248726602,25.105606248726602,12.075995626241323,13.166206550560334,5.564191703095254e-05,0.06588152672574929,0.0008445754037027397
bfo-a7d84a931ad75b81180fb1321625d2044481cdc1305f26da0079240dfc24f3c7,814,1000000.0,25.105150289076086,12.077355761549155,13.171128535081733,5.2765044268678404e-05,0.06551934822020247,0.000805335304791824
bfo-a7d84a931ad75b81180fb1321625d2044481cdc1305f26da0079240dfc24f3c7,815,25.10672384006349,25.10672384006349,12.075341545660896,13.164635765905285,5.625706788119544e-05,0.06592053604977487,0.0008534073181491912
bfo-a7d84a931ad75b81180fb1321625d2044481cdc1305f26da0079240dfc24f3c7,816,25.10699175201212,25.10699175201212,12.075960953962927,13.164547556580253,5.534867727991439e-05,0.06602807192253293,0.0008382597835788983
bfo-a7d84a931ad75b81180fb1321625d2044481cdc1305f26da0079240dfc24f3c7,817,25.104358407120614,25.104358407120614,12.076155512384025,13.16652304385464,5.558480047124341e-05,0.06586642483965954,0.0008439018909338867
bfo-a7d84a931ad75b81180fb1321625d2044481cdc1305f26da0079240dfc24f3c7,818,25.099577212993843,25.099577212993843,12.07501696171331,13.16212795328004,5.7152543660091864e-05,0.06617214565882366,0.0008636948838679665
bfo-a7d84a931ad75b81180fb1321625d2044481cdc1305f26da0079240dfc24f3c7,819,25.10281053426706,25.10281053426706,12.07520447655501,13.163840481468656,5.805148345762168e-05,0.06602675127580888,0.0008792115670681315
bfo-a7d84a931ad75b81180fb1321625d2044481cdc1305f26da0079240dfc24f3c7,820,25.097979256024665,25.097979256024665,12.075677207326304,13.163867708902592,5.634681468337888e-05,0.06609979535555906,0.0008524506676651922
bfo-a7d84a931ad75b81180fb1321625d2044481cdc1305f26da0079240dfc24f3c7,821,25.10783638504539,25.10783638504539,12.074247240585102,13.158517584807031,5.977891162691615e-05,0.06647387550243496,0.0008992842853690158
bfo-a7d84a931ad75b81180fb1321625d2044481cdc1305f26da0079240dfc24f3c7,822,25.103277562640464,25.103277562640464,12.075467924785096,13.162438261802818,5.732215377085762e-05,0.06626440609176351,0.0008650519509897578
bfo-a7d84a931ad75b81180fb1321625d2044481cdc1305f26da0079240dfc24f3c7,823,25.104455694936103,25.104455694936103,12.073574050396498,13.157218341698474,5.9812298799770024e-05,0.06655441060645423,0.0008986977460209019
bfo-a7d84a931ad75b81180fb1321625d2044481cdc1305f26da0079240dfc24f3c7,824,25.097042102566935,25.097042102566935,12.07602748439226,13.164569775600253,5.6215757479475076e-05,0.06611215499041591,0.0008503089558587905
bfo-a7d84a931ad75b81180fb1321625d2044481cdc1305f26da0079240dfc24f3c7,825,25.098168885296296,25.098168885296296,12.077606534348835,13.170089682021878,5.494315228898129e-05,0.06576781895348913,0.0008354108918806777
bfo-a7d84a931ad75b81180fb1321625d2044481cdc1305f26da0079240dfc24f3c7,826,25.09652259816729,25.09652259816729,12.07621050098045,13.16490263139718,5.5901930472870044e-05,0.06610086066614386,0.0008457065446577824
bfo-a7d84a931ad75b81180fb1321625d2044481cdc1305f26da0079240dfc24f3c7,827,25.09375412979913,25.09375412979913,12.07645213833181,13.16526588966448,5.457761907465585e-05,0.06601904744395425,0.0008266950401092744
bfo-a7d84a931ad75b81180fb1321625d2044481cdc1305f26da0079240dfc24f3c7,828,25.09238063664889,25.09238063664889,12.080166021217082,13.174055885138817,5.242106928736713e-05,0.06597953289919226,0.0007945050075977255
bfo-a7d84a931ad75b81180fb1321625d2044481cdc1305f26da0079240dfc24f3c7,829,25.09659021437432,25.09659021437432,12.079605139872246,13.175195390940774,5.265555460476707e-05,0.0656507190481978,0.0008020560226630531
bfo-a7d84a931ad75b81180fb1321625d2044481cdc1305f26da0079240dfc24f3c7,830,25.092281817418346,25.092281817418346,12.080087352910676,13.173872309878321,5.2415850220168404e-05,0.06596831666039801,0.0007945609782648069
bfo-a7d84a931ad75b81180fb1321625d2044481cdc1305f26da0079240dfc24f3c7,831,25.09450055870623,25.09450055870623,12.07962280872595,13.174147309041215,5.2901218405367075e-05,0.06572154239028292,0.0008049296544383693
bfo-a7d84a931ad75b81180fb1321625d2044481cdc1305f26da0079240dfc24f3c7,832,25.091436162011092,25.091436162011092,12.079988981202856,13.173652502403908,5.23778039105148e-05,0.06597321201219825,0.0007939253268558502
bfo-a7d84a931ad75b81180fb1321625d2044481cdc1305f26da0079240dfc24f3c7,833,25.087785386929422,25.087785386929422,12.079593226911733,13.172436780339094,5.270565976145011e-05,0.06610603827908837,0.0007972896445395175
bfo-a7d84a931ad75b81180fb1321625d2044481cdc1305f26da0079240dfc24f3c7,834,25.081240939597592,25.081240939597592,12.080471527447289,13.172878486298341,5.1671314355729964e-05,0.06618482500734596,0.0007807124117952247
bfo-a7d84a931ad75b81180fb1321625d2044481cdc1305f26da0079240dfc24f3c7,835,25.084294515393694,25.084294515393694,12.08047713063639,13.17175800678474,5.210005771435366e-05,0.0663323349837028,0.00078543982700374
bfo-a7d84a931ad75b81180fb1321625d2044481cdc1305f26da0079240dfc24f3c7,836,25.08202411518493,25.08202411518493,12.080160114345965,13.170955923635805,5.225805079496922e-05,0.0663217869400081,0.0007879469659380506
bfo-a7d84a931ad75b81180fb1321625d2044481cdc1305f26da0079240dfc24f3c7,837,25.08638606975054,25.08638606975054,12.081112454804767,13.174011004823848,5.108676478118742e-05,0.06605970168969037,0.0007733423475201719
bfo-a7d84a931ad75b81180fb1321625d2044481cdc1305f26da0079240dfc24f3c7,838,25.081961402860973,25.081961402860973,12.080447787151584,13.173492732039785,5.1300348761574294e-05,0.06611100482218991,0.0007759729094959319
bfo-a7d84a931ad75b81180fb1321625d2044481cdc1305f26da0079240dfc24f3c7,839,25.0788820661798,25.0788820661798,12.07892390930309,13.165850899144052,5.376722241059573e-05,0.06675712599218189,0.0008054154760480934
bfo-a7d84a931ad75b81180fb1321625d2044481cdc1305f26da0079240dfc24f3c7,840,25.084190386474226,25.084190386474226,12.079081841412,13.16893673735045,5.326352304990069e-05,0.06634915323050207,0.0008027762293342178
bfo-a7d84a931ad75b81180fb1321625d2044481cdc1305f26da0079240dfc24f3c7,841,25.079388107060623,25.079388107060623,12.078672685107865,13.165947701952916,5.3596953238606694e-05,0.06671329698098903,0.0008033923620036342
bfo-a7d84a931ad75b81180fb1321625d2044481cdc1305f26da0079240dfc24f3c7,842,25.07795962566093,25.07795962566093,12.078946925815869,13.165882632925337,5.3562671760448726e-05,0.06677673442186136,0.0008021157701732924
bfo-a7d84a931ad75b81180fb1321625d2044481cdc1305f26da0079240dfc24f3c7,843,25.077503721008704,25.077503721008704,12.078721031190186,13.165428441514813,5.3526239636133205e-05,0.06676037790087927,0.0008017665765104699
bfo-a7d84a931ad75b81180fb1321625d2044481cdc1305f26da0079240dfc24f3c7,844,25.077703105123053,25.077703105123053,12.078903611967581,13.166697566970198,5.268817714789897e-05,0.06656697253163389,0.0007915062852356782
bfo-a7d84a931ad75b81180fb1321625d2044481cdc1305f26da0079240dfc24f3c7,845,25.077579307887362,25.077579307887362,12.078930505678942,13.165659938322547,5.364843417149951e-05,0.06679492384592196,0.000803181306041341
bfo-a7d84a931ad75b81180fb1321625d2044481cdc1305f26da0079240dfc24f3c7,846,25.09170057405484,25.09170057405484,12.077176716232424,13.159713505005945,5.705008912185589e-05,0.06719973500890533,0.0008489630072841149
bfo-a7d84a931ad75b81180fb1321625d2044481cdc1305f26da0079240dfc24f3c7,847,25.077792736532377,25.077792736532377,12.07837498868102,13.16522479234334,5.344426167826663e-05,0.06676818748137346,0.0008004449977495069
bfo-a7d84a931ad75b81180fb1321625d2044481cdc1305f26da0079240dfc24f3c7,848,25.074905022479513,25.074905022479513,12.080254573233766,13.172121836662246,5.119246109092046e-05,0.06621172521238732,0.0007731630753723819
bfo-a7d84a931ad75b81180fb1321625d2044481cdc1305f26da0079240dfc24f3c7,849,25.08096853933596,25.08096853933596,12.080651688304963,13.17615130954888,5.120501203987482e-05,0.06576858322902056,0.0007785634040734585
bfo-a7d84a931ad75b81180fb1321625d2044481cdc1305f26da0079240dfc24f3c7,850,25.07536548192619,25.07536548192619,12.08013218305338,13.171838227741114,5.121384804129699e-05,0.0662014146071023,0.0007736065512382964
bfo-a7d84a931ad75b81180fb1321625d2044481cdc1305f26da0079240dfc24f3c7,851,25.077045974480463,25.077045974480463,12.079522030528711,13.170991674914214,5.14847626914051e-05,0.06615966984517489,0.000778189534680091
bfo-a7d84a931ad75b81180fb1321625d2044481cdc1305f26da0079240dfc24f3c7,852,25.074283531126063,25.074283531126063,12.079853209732926,13.17087426532018,5.142310444179161e-05,0.06627654198100574,0.0007758869564517866
bfo-a7d84a931ad75b81180fb1321625d2044481cdc1305f26da0079240dfc24f3c7,853,25.076746795981393,25.076746795981393,12.079413674801396,13.168889624316476,5.2650387240044364e-05,0.0663877914458629,0.0007930733361265535
bfo-a7d84a931ad75b81180fb1321625d2044481cdc1305f26da0079240dfc24f3c7,854,25.07472995921509,25.07472995921509,12.079952392950469,13.17082295993535,5.1310577755125997e-05,0.06628642200840956,0.0007740737273255807
bfo-a7d84a931ad75b81180fb1321625d2044481cdc1305f26da0079240dfc24f3c7,855,25.07591660765049,25.07591660765049,12.081211050305233,13.175621961323527,5.0185819809461996e-05,0.06592117927540556,0.0007613003948214525
bfo-a7d84a931ad75b81180fb1321625d2044481cdc1305f26da0079240dfc24f3c7,856,25.074702610948705,25.074702610948705,12.080121845348028,13.17142632138388,5.129498351944962e-05,0.06627986620742433,0.000773915013028554
bfo-a7d84a931ad75b81180fb1321625d2044481cdc1305f26da0079240dfc24f3c7,857,25.07819219999616,25.07819219999616,12.08102081070012,13.176130347476175,5.028152597376584e-05,0.0659042272934473,0.0007629484183143622
bfo-a7d84a931ad75b81180fb1321625d2044481cdc1305f26da0079240dfc24f3c7,858,25.07445006762687,25.07445006762687,12.08032126067547,13.171913249365803,5.1311303128518655e-05,0.06626893062420913,0.0007742889864858298
bfo-a7d84a931ad75b81180fb1321625d2044481cdc1305f26da0079240dfc24f3c7,859,25.0784845817166,25.0784845817166,12.082948793131884,13.181308272947252,4.8933497941029074e-05,0.06576243374962308,0.0007440949969603207
bfo-a7d84a931ad75b81180fb1321625d2044481cdc1305f26da0079240dfc24f3c7,860,25.07423795229814,25.07423795229814,12.07967031287826,13.170427491295511,5.145052679545605e-05,0.06626208164759527,0.0007764701246345956
bfo-a7d84a931ad75b81180fb1321625d2044481cdc1305f26da0079240dfc24f3c7,861,25.072066596713686,25.072066596713686,12.080142457174444,13.17100186883836,5.0782223327814665e-05,0.06629281884723899,0.0007660290241215121
bfo-a7d84a931ad75b81180fb1321625d2044481cdc1305f26da0079240dfc24f3c7,862,25.074593736726815,25.074593736726815,12.078047092999633,13.16532483790868,5.2681754642266434e-05,0.06648868954303519,0.0007923415998170314
bfo-a7d84a931ad75b81180fb1321625d2044481cdc1305f26da0079240dfc24f3c7,863,25.070685747901653,25.070685747901653,12.080006276103054,13.170255659788408,5.080639249603955e-05,0.06634869434099552,0.0007657481884258769
bfo-a7d84a931ad75b81180fb1321625d2044481cdc1305f26da0079240dfc24f3c7,864,25.073155724553295,25.073155724553295,12.080908773584849,13.169193289931261,5.079942757871017e-05,0.06681948935179595,0.00076024866504528
bfo-a7d84a931ad75b81180fb1321625d2044481cdc1305f26da0079240dfc24f3c7,865,25.069830593807794,25.069830593807794,12.08021972615824,13.169970125982447,5.0907017304256964e-05,0.06636295740558493,0.0007670998896738856
bfo-a7d84a931ad75b81180fb1321625d2044481cdc1305f26da0079240dfc24f3c7,866,25.071186132430853,25.071186132430853,12.079164691888927,13.165984879704707,5.188052409475181e-05,0.06670778081322616,0.0007777282269366911
bfo-a7d84a931ad75b81180fb1321625d2044481cdc1305f26da0079240dfc24f3c7,867,25.070442308789687,25.070442308789687,12.080146154461943,13.169410937671307,5.1249038491908544e-05,0.06647741151191475,0.0007709240977700098
bfo-a7d84a931ad75b81180fb1321625d2044481cdc1305f26da0079240dfc24f3c7,868,25.076166222645526,25.076166222645526,12.078960810664276,13.165637804503135,5.220698156932098e-05,0.06653274155211926,0.0007846810510344593
bfo-a7d84a931ad75b81180fb1321625d2044481cdc1305f26da0079240dfc24f3c7,869,25.069696432281596,25.069696432281596,12.08044402620952,13.170614581084356,5.058455127425554e-05,0.0663402884281899,0.000762501226219582
bfo-a7d84a931ad75b81180fb1321625d2044481cdc1305f26da0079240dfc24f3c7,870,25.071795385843792,25.071795385843792,12.083003030746093,13.179439511273541,4.849978905322846e-05,0.0658941250725348,0.0007360259962453552
bfo-a7d84a931ad75b81180fb1321625d2044481cdc1305f26da0079240dfc24f3c7,871,25.069677845151794,25.069677845151794,12.080864375709028,13.171068005174504,5.045674924010634e-05,0.06633507515743431,0.0007606345379176305
bfo-a7d84a931ad75b81180fb1321625d2044481cdc1305f26da0079240dfc24f3c7,872,25.07491003245167,25.07491003245167,12.082011800468543,13.173400515110512,4.97925105781442e-05,0.06629659029814763,0.0007510568847389944
bfo-a7d84a931ad75b81180fb1321625d2044481cdc1305f26da0079240dfc24f3c7,873,25.06914332945069,25.06914332945069,12.08033008653061,13.169328741821852,5.072121325728563e-05,0.06640833159913265,0.0007637778579269124
bfo-a7d84a931ad75b81180fb1321625d2044481cdc1305f26da0079240dfc24f3c7,874,25.06919270483036,25.06919270483036,12.080000741649599,13.167208666850458,5.093818769890094e-05,0.06658357193158429,0.0007650263604247721
bfo-a7d84a931ad75b81180fb1321625d2044481cdc1305f26da0079240dfc24f3c7,875,25.07354550319556,25.07354550319556,12.081137265818022,13.171443955463387,5.023268282235543e-05,0.06633773187192317,0.0007572264140615869
bfo-a7d84a931ad75b81180fb1321625d2044481cdc1305f26da0079240dfc24f3c7,876,25.072262320729124,25.072262320729124,12.080587885971598,13.170133801610818,5.070918190540313e-05,0.06631472197603218,0.0007646745759370101
bfo-a7d84a931ad75b81180fb1321625d2044481cdc1305f26da0079240dfc24f3c7,877,25.067300982213176,25.067300982213176,12.080161680536628,13.169712042677453,5.0648234236687054e-05,0.0663442921215452,0.0007634150974721021
bfo-a7d84a931ad75b81180fb1321625d2044481cdc1305f26da0079240dfc24f3c7,878,25.04304672218582,25.04304672218582,12.080535408725407,13.167708456926317,4.8581113241020844e-05,0.06674946829080826,0.0007278127374643179
bfo-a7d84a931ad75b81180fb1321625d2044481cdc1305f26da0079240dfc24f3c7,879,25.026986216044712,25.026986216044712,12.082208985434258,13.171551248425246,4.49519699561615e-05,0.06670135397614839,0.0006739288976388065
bfo-a7d84a931ad75b81180fb1321625d2044481cdc1305f26da0079240dfc24f3c7,880,1000000.0,25.01060180024528,12.084713293097499,13.17464165739471,4.25940925410023e-05,0.0670456263336999,0.0006353000914482136
bfo-a7d84a931ad75b81180fb1321625d2044481cdc1305f26da0079240dfc24f3c7,881,25.027752757467667,25.027752757467667,12.08203740452844,13.170174097851593,4.497618140453741e-05,0.06682633576619483,0.0006730307877704905
bfo-a7d84a931ad75b81180fb1321625d2044481cdc1305f26da0079240dfc24f3c7,882,25.029921439540235,25.029921439540235,12.083614412754798,13.174618359890022,4.3406928375870724e-05,0.0667229341588465,0.0006505548492896365
bfo-a7d84a931ad75b81180fb1321625d2044481cdc1305f26da0079240dfc24f3c7,883,25.028129994944432,25.028129994944432,12.082753768376294,13.1736461811126,4.458624725079308e-05,0.06659127737846791,0.0006695508632067464
bfo-a7d84a931ad75b81180fb1321625d2044481cdc1305f26da0079240dfc24f3c7,884,1000000.0,25.02779237474616,12.082382128994837,13.171459806907828,4.4540979417865356e-05,0.06681245896407072,0.0006666567898933021
bfo-a7d84a931ad75b81180fb1321625d2044481cdc1305f26da0079240dfc24f3c7,885,25.02624126682754,25.02624126682754,12.081928496181881,13.171439184649847,4.52383870841606e-05,0.06664498515097415,0.0006787965663384854
bfo-a7d84a931ad75b81180fb1321625d2044481cdc1305f26da0079240dfc24f3c7,886,25.02522305111348,25.02522305111348,12.081287320167261,13.1697819618865,4.620792479209489e-05,0.06665079345916623,0.0006932839414793207
bfo-a7d84a931ad75b81180fb1321625d2044481cdc1305f26da0079240dfc24f3c7,887,1000000.0,25.026416683268053,12.079251415903205,13.163283800398391,4.7598287066551676e-05,0.06686696223421422,0.0007118356431361372
bfo-a7d84a931ad75b81180fb1321625d2044481cdc1305f26da0079240dfc24f3c7,888,25.024940249908752,25.024940249908752,12.081896315869644,13.171603059136764,4.58050684534876e-05,0.06656496590184152,0.0006881257705597413
bfo-a7d84a931ad75b81180fb1321625d2044481cdc1305f26da0079240dfc24f3c7,889,25.026880938162734,25.026880938162734,12.08338983584126,13.17683123272949,4.4748359977691426e-05,0.06624990636851333,0.0006754478976736944
bfo-a7d84a931ad75b81180fb1321625d2044481cdc1305f26da0079240dfc24f3c7,890,25.025565942321933,25.025565942321933,12.0822438213616,13.173105665204368,4.561018902138419e-05,0.06642831974968638,0.0006866075973809276
bfo-a7d84a931ad75b81180fb1321625d2044481cdc1305f26da0079240dfc24f3c7,891,25.02537134683224,25.02537134683224,12.081368918802138,13.170504332379297,4.62546488581084e-05,0.06656984280586063,0.000694828873082997
bfo-a7d84a931ad75b81180fb1321625d2044481cdc1305f26da0079240dfc24f3c7,892,25.02643414241698,25.02643414241698,12.082978655507691,13.175072794880744,4.5006404729762605e-05,0.06631392077525035,0.0006786871324091559
bfo-a7d84a931ad75b81180fb1321625d2044481cdc1305f26da0079240dfc24f3c7,893,25.02181250907128,25.02181250907128,12.080402284177175,13.16742081141281,4.744022117899572e-05,0.06679847858973295,0.0007101991269945984
bfo-a7d84a931ad75b81180fb1321625d2044481cdc1305f26da0079240dfc24f3c7,894,25.020122006782007,25.020122006782007,12.077475271792492,13.163448032734257,4.906088793405362e-05,0.06620118906256038,0.0007410877150211137
bfo-a7d84a931ad75b81180fb1321625d2044481cdc1305f26da0079240dfc24f3c7,895,25.021688303192896,25.021688303192896,12.078544188299606,13.166463326251234,4.8228080188756215e-05,0.06614185322075919,0.000729161307709162
bfo-a7d84a931ad75b81180fb1321625d2044481cdc1305f26da0079240dfc24f3c7,896,25.02054428618091,25.02054428618091,12.077672532385431,13.164215749913351,4.911186252326966e-05,0.06613935922487836,0.0007425512296889052
bfo-a7d84a931ad75b81180fb1321625d2044481cdc1305f26da0079240dfc24f3c7,897,25.019783452253314,25.019783452253314,12.07791771654093,13.164728761967947,4.879382375465477e-05,0.06621868445279051,0.0007368588512120247
bfo-a7d84a931ad75b81180fb1321625d2044481cdc1305f26da0079240dfc24f3c7,898,25.021774547979653,25.021774547979653,12.075451717143988,13.157321012673851,5.081268398302323e-05,0.06648578012907183,0.0007642639356021436
bfo-a7d84a931ad75b81180fb1321625d2044481cdc1305f26da0079240dfc24f3c7,899,25.018476494214582,25.018476494214582,12.07775362642242,13.165061417806365,4.874983591114805e-05,0.06616103192961374,0.000736836087487438
bfo-a7d84a931ad75b81180fb1321625d2044481cdc1305f26da0079240dfc24f3c7,900,1000000.0,24.998751951213553,12.077083038516147,13.15927857118182,4.860955364649769e-05,0.06680504051127142,0.0007276330240125553
bfo-a7d84a931ad75b81180fb1321625d2044481cdc1305f26da0079240dfc24f3c7,901,25.019149389519733,25.019149389519733,12.0768540496542,13.16158192079311,4.973798596631415e-05,0.06636160926266825,0.0007494993945888873
bfo-a7d84a931ad75b81180fb1321625d2044481cdc1305f26da0079240dfc24f3c7,902,25.022880394983027,25.022880394983027,12.079054301493061,13.169983858408637,4.693143049699039e-05,0.06589424687903145,0.0007122234902107165
bfo-a7d84a931ad75b81180fb1321625d2044481cdc1305f26da0079240dfc24f3c7,903,25.01887154664581,25.01887154664581,12.078772212163846,13.167467587439223,4.804069123017023e-05,0.06608555834990097,0.0007269468917219524
bfo-a7d84a931ad75b81180fb1321625d2044481cdc1305f26da0079240dfc24f3c7,904,1000000.0,25.02134823726347,12.078971590385086,13.168912372398404,4.73139783981397e-05,0.06599378864782883,0.0007169459333609015
bfo-a7d84a931ad75b81180fb1321625d2044481cdc1305f26da0079240dfc24f3c7,905,25.018459448553564,25.018459448553564,12.077923797222487,13.16592427588032,4.869715304942095e-05,0.06607532257686471,0.0007369945563681822
bfo-a7d84a931ad75b81180fb1321625d2044481cdc1305f26da0079240dfc24f3c7,906,25.022126871713503,25.022126871713503,12.078029058324182,13.169392811593372,4.7450654885505574e-05,0.06568593528089592,0.0007223868349075043
bfo-a7d84a931ad75b81180fb1321625d2044481cdc1305f26da0079240dfc24f3c7,907,25.018406410246506,25.018406410246506,12.0781110079055,13.167632314244582,4.8447610399305786e-05,0.06590644258244403,0.0007350967295602618
bfo-a7d84a931ad75b81180fb1321625d2044481cdc1305f26da0079240dfc24f3c7,908,25.019581543899886,25.019581543899886,12.076717816494916,13.163141041549313,4.976557000323242e-05,0.06613140327029426,0.0007525255407000678
bfo-a7d84a931ad75b81180fb1321625d2044481cdc1305f26da0079240dfc24f3c7,909,25.019398162006098,25.019398162006098,12.077891261074761,13.166306044906012,4.861577029251154e-05,0.0660216567177412,0.0007363609565321256
bfo-a7d84a931ad75b81180fb1321625d2044481cdc1305f26da0079240dfc24f3c7,910,25.031908594987875,25.031908594987875,12.07837107153186,13.168856897148391,4.9242330481835115e-05,0.06577158313211799,0.0007486870185703161
bfo-a7d84a931ad75b81180fb1321625d2044481cdc1305f26da0079240dfc24f3c7,911,25.018584726662993,25.018584726662993,12.077383913303162,13.165761818018066,4.93591762085102e-05,0.06592777928987131,0.0007486855577447518
bfo-a7d84a931ad75b81180fb1321625d2044481cdc1305f26da0079240dfc24f3c7,912,25.018820390148022,25.018820390148022,12.076855229622057,13.164007143298212,4.961745060178736e-05,0.06612711236419656,0.0007503344517528322
bfo-a7d84a931ad75b81180fb1321625d2044481cdc1305f26da0079240dfc24f3c7,913,25.01811715237512,25.01811715237512,12.077719135613192,13.166284672564789,4.883072641322512e-05,0.06596658920134249,0.000740234215599423
bfo-a7d84a931ad75b81180fb1321625d2044481cdc1305f26da0079240dfc24f3c7,914,25.018814224386823,25.018814224386823,12.077212381502257,13.165213404961124,4.895762688085049e-05,0.06615008961645248,0.0007400991769582429
bfo-a7d84a931ad75b81180fb1321625d2044481cdc1305f26da0079240dfc24f3c7,915,25.01804674754218,25.01804674754218,12.077934890229116,13.166929623843831,4.84228658127049e-05,0.06591090270047208,0.0007346715615891281
bfo-a7d84a931ad75b81180fb1321625d2044481cdc1305f26da0079240dfc24f3c7,916,25.019061280349476,25.019061280349476,12.077002167447175,13.164730862406877,4.9292133463997166e-05,0.06594068793341568,0.0007475222811410525
bfo-a7d84a931ad75b81180fb1321625d2044481cdc1305f26da0079240dfc24f3c7,917,25.017537468586745,25.017537468586745,12.077376828066782,13.1656800982998,4.890892004534393e-05,0.06589713344355741,0.0007422010258949378
bfo-a7d84a931ad75b81180fb1321625d2044481cdc1305f26da0079240dfc24f3c7,918,25.016661455199724,25.016661455199724,12.07628727050283,13.161433917259691,5.0761188348480113e-05,0.06616320957182557,0.0007672116978148512
bfo-a7d84a931ad75b81180fb1321625d2044481cdc1305f26da0079240dfc24f3c7,919,25.01780654931907,25.01780654931907,12.07731825853991,13.163249896778678,5.0459355638666715e-05,0.06626926264079769,0.0007614292603823565
bfo-a7d84a931ad75b81180fb1321625d2044481cdc1305f26da0079240dfc24f3c7,920,25.01725323432975,25.01725323432975,12.075889487653217,13.159680152674692,5.132257268845009e-05,0.06632764780398247,0.0007737734472376172
bfo-a7d84a931ad75b81180fb1321625d2044481cdc1305f26da0079240dfc24f3c7,921,25.01874730029383,25.01874730029383,12.077165362152277,13.162653801429446,5.035148656564483e-05,0.06612512879702889,0.000761457670958929
bfo-a7d84a931ad75b81180fb1321625d2044481cdc1305f26da0079240dfc24f3c7,922,25.016346886699864,25.016346886699864,12.076347311077443,13.162675415086897,5.026850468239395e-05,0.0659198870078891,0.0007625696426994476
bfo-a7d84a931ad75b81180fb1321625d2044481cdc1305f26da0079240dfc24f3c7,923,25.0185599097943,25.0185599097943,12.073825472482433,13.159000434405714,5.2055022571832785e-05,0.06559163450084628,0.0007936228906014099
bfo-a7d84a931ad75b81180fb1321625d2044481cdc1305f26da0079240dfc24f3c7,924,25.01681611415603,25.01681611415603,12.077140579508622,13.165324570879104,4.9766247977065515e-05,0.06583278369191306,0.0007559493186550279
bfo-a7d84a931ad75b81180fb1321625d2044481cdc1305f26da0079240dfc24f3c7,925,25.01860103660141,25.01860103660141,12.078642172239093,13.167994797143558,4.983989912031616e-05,0.06597879584513602,0.000755392675508951
bfo-a7d84a931ad75b81180fb1321625d2044481cdc1305f26da0079240dfc24f3c7,926,25.01656309066172,25.01656309066172,12.076095288055015,13.161656621500377,5.0468488455498466e-05,0.06594151277622733,0.0007653522997988141
bfo-a7d84a931ad75b81180fb1321625d2044481cdc1305f26da0079240dfc24f3c7,927,25.017805825269036,25.017805825269036,12.075320241908258,13.162338410259922,5.08823589261403e-05,0.06570449307834045,0.0007744121679087076
bfo-a7d84a931ad75b81180fb1321625d2044481cdc1305f26da0079240dfc24f3c7,928,25.016035118470768,25.016035118470768,12.076958513768302,13.16430681256638,4.956670071227828e-05,0.06590059851085041,0.000752143407379179
bfo-a7d84a931ad75b81180fb1321625d2044481cdc1305f26da0079240dfc24f3c7,929,25.009553525560797,25.009553525560797,12.076048839729255,13.16061635178692,5.052126416001787e-05,0.0661301465125397,0.0007639672195560302
bfo-a7d84a931ad75b81180fb1321625d2044481cdc1305f26da0079240dfc24f3c7,930,24.987920877748223,24.987920877748223,12.07524123998764,13.155086812397283,5.01597229691494e-05,0.06671332170654638,0.000751869666897839
bfo-a7d84a931ad75b81180fb1321625d2044481cdc1305f26da0079240dfc24f3c7,931,24.982372540829758,24.982372540829758,12.07606793110594,13.151531298561775,5.0140195987862655e-05,0.06744320268611807,0.0007434432825086327
bfo-a7d84a931ad75b81180fb1321625d2044481cdc1305f26da0079240dfc24f3c7,932,24.967014871404203,24.967014871404203,12.075468452342628,13.147097977239214,4.9580870737892416e-05,0.06796535529086685,0.0007295021195093358
bfo-a7d84a931ad75b81180fb1321625d2044481cdc1305f26da0079240dfc24f3c7,933,24.96583371993261,24.96583371993261,12.07583458551551,13.146490779543848,4.887445602088509e-05,0.06807029205166215,0.0007179997991457371
bfo-a7d84a931ad75b81180fb1321625d2044481cdc1305f26da0079240dfc24f3c7,934,24.96034784280942,24.96034784280942,12.076555617227104,13.147170149128424,4.841716742109392e-05,0.06816308371478373,0.0007103136299362119
bfo-a7d84a931ad75b81180fb1321625d2044481cdc1305f26da0079240dfc24f3c7,935,24.96158472187299,24.96158472187299,12.076102783474395,13.14537831721695,4.839559577830763e-05,0.06835821481225818,0.0007079704452672336
bfo-a7d84a931ad75b81180fb1321625d2044481cdc1305f26da0079240dfc24f3c7,936,24.961994545229896,24.961994545229896,12.076973836390158,13.147809462267954,4.8390643025041616e-05,0.06821426811097747,0.000709391808562911
bfo-a7d84a931ad75b81180fb1321625d2044481cdc1305f26da0079240dfc24f3c7,937,1000000.0,24.958628772085646,12.076036159549627,13.143355331162816,4.896887088075074e-05,0.06856587275855139,0.0007141872320825006
bfo-a7d84a931ad75b81180fb1321625d2044481cdc1305f26da0079240dfc24f3c7,938,1000000.0000028608,24.958082684283298,12.0764170795885,13.147341771796702,4.834237220784188e-05,0.06809664289421646,0.0007099083031587693
bfo-a7d84a931ad75b81180fb1321625d2044481cdc1305f26da0079240dfc24f3c7,939,24.96167882971382,24.96167882971382,12.075484945023444,13.145112193225861,4.929982733355657e-05,0.06811231184222273,0.0007238019970274401
bfo-a7d84a931ad75b81180fb1321625d2044481cdc1305f26da0079240dfc24f3c7,940,24.955550729503116,24.955550729503116,12.076360897200141,13.149034764557138,4.7639219107314305e-05,0.06776559984404161,0.0007030000356663714
bfo-a7d84a931ad75b81180fb1321625d2044481cdc1305f26da0079240dfc24f3c7,941,24.952017804374258,24.952017804374258,12.077273610276515,13.15185526578192,4.68465172887879e-05,0.0676438905211097,0.0006925461697707713
bfo-a7d84a931ad75b81180fb1321625d2044481cdc1305f26da0079240dfc24f3c7,942,24.94601753534578,24.94601753534578,12.079532160713407,13.158994082335932,4.456768562604854e-05,0.06735827375277247,0.0006616512440569208
bfo-a7d84a931ad75b81180fb1321625d2044481cdc1305f26da0079240dfc24f3c7,943,24.94685753478616,24.94685753478616,12.079035308595198,13.156767957688038,4.5260625365940676e-05,0.06750709383451733,0.0006704573222614166
bfo-a7d84a931ad75b81180fb1321625d2044481cdc1305f26da0079240dfc24f3c7,944,1000000.000005893,24.94527028703243,12.080283874232546,13.161756445487267,4.386273481220264e-05,0.06713729052150098,0.0006533289394238426
bfo-a7d84a931ad75b81180fb1321625d2044481cdc1305f26da0079240dfc24f3c7,945,24.948130159106586,24.948130159106586,12.079113310200038,13.156785813141845,4.4870438782437903e-05,0.06754774993009069,0.0006642773272074506
bfo-a7d84a931ad75b81180fb1321625d2044481cdc1305f26da0079240dfc24f3c7,946,24.94646616393244,24.94646616393244,12.079157023184447,13.157470711651309,4.4929234329004086e-05,0.06742795997478368,0.0006663294328614786
bfo-a7d84a931ad75b81180fb1321625d2044481cdc1305f26da0079240dfc24f3c7,947,24.943853412557303,24.943853412557303,12.078443984167041,13.158385260173631,4.534215735991397e-05,0.0672331638191881,0.0006744016610887719
bfo-a7d84a931ad75b81180fb1321625d2044481cdc1305f26da0079240dfc24f3c7,948,24.94543303794547,24.94543303794547,12.077269583205585,13.156068574964856,4.585060366230762e-05,0.0672356749735715,0.0006819386238084207
bfo-a7d84a931ad75b81180fb1321625d2044481cdc1305f26da0079240dfc24f3c7,949,24.943212283210862,24.943212283210862,12.07817073175778,13.158385439880025,4.581960088530628e-05,0.06718380759562992,0.000682003633391667
bfo-a7d84a931ad75b81180fb1321625d2044481cdc1305f26da0079240dfc24f3c7,950,24.941250235879952,24.941250235879952,12.078088149351045,13.159055736024861,4.581559389172111e-05,0.06715175401986724,0.0006822695037595935
bfo-a7d84a931ad75b81180fb1321625d2044481cdc1305f26da0079240dfc24f3c7,951,24.942262468154237,24.942262468154237,12.078681262402533,13.16006163100891,4.591197775008469e-05,0.06732499689353692,0.0006819454863501398
bfo-a7d84a931ad75b81180fb1321625d2044481cdc1305f26da0079240dfc24f3c7,952,24.941108433510305,24.941108433510305,12.078304055470298,13.160077792519042,4.60847647887385e-05,0.06707862685847606,0.0006870260610129831
bfo-a7d84a931ad75b81180fb1321625d2044481cdc1305f26da0079240dfc24f3c7,953,24.942305602348828,24.942305602348828,12.078548783862825,13.162043405268308,4.543692096804458e-05,0.06688009254911711,0.0006793788590330591
bfo-a7d84a931ad75b81180fb1321625d2044481cdc1305f26da0079240dfc24f3c7,954,24.94489981789698,24.94489981789698,12.079558913530919,13.164178441761416,4.502171253108576e-05,0.06684140251433852,0.000673560261118517
bfo-a7d84a931ad75b81180fb1321625d2044481cdc1305f26da0079240dfc24f3c7,955,24.945098377723234,24.945098377723234,12.077381278877567,13.153405433861241,4.7882040637325366e-05,0.06781020936311753,0.0007061184604359702
bfo-a7d84a931ad75b81180fb1321625d2044481cdc1305f26da0079240dfc24f3c7,956,24.941293720915148,24.941293720915148,12.078647637454845,13.160336195403767,4.557099950442587e-05,0.06713405059309943,0.0006788060470331582
bfo-a7d84a931ad75b81180fb1321625d2044481cdc1305f26da0079240dfc24f3c7,957,24.927159155868864,24.927159155868864,12.078067491022098,13.160782267973396,4.534111946753689e-05,0.06694695059002005,0.000677269376243942
bfo-a7d84a931ad75b81180fb1321625d2044481cdc1305f26da0079240dfc24f3c7,958,1000000.0,24.918991075463055,12.075380878794316,13.151588152376613,4.704426288264166e-05,0.06747918017243701,0.0006971670782369355
bfo-a7d84a931ad75b81180fb1321625d2044481cdc1305f26da0079240dfc24f3c7,959,1000000.0000037823,24.927609857150212,12.078585690717407,13.162398587484681,4.47415063008572e-05,0.06688500843701163,0.0006689317583474946
bfo-a7d84a931ad75b81180fb1321625d2044481cdc1305f26da0079240dfc24f3c7,960,1000000.0,24.92957775971609,12.078212898520935,13.162430970406314,4.538725927939457e-05,0.06674767678730238,0.0006799826070954536
bfo-a7d84a931ad75b81180fb1321625d2044481cdc1305f26da0079240dfc24f3c7,961,1000000.0000165866,24.926307003677884,12.07708577434578,13.157048490673073,4.626384161711962e-05,0.06716472308315471,0.0006888116185611557
bfo-a7d84a931ad75b81180fb1321625d2044481cdc1305f26da0079240dfc24f3c7,962,24.928330193432323,24.928330193432323,12.077808202310571,13.159689526205383,4.578437058236438e-05,0.06700913277217035,0.0006832556800582732
bfo-a7d84a931ad75b81180fb1321625d2044481cdc1305f26da0079240dfc24f3c7,963,24.926143327570436,24.926143327570436,12.077543010446501,13.158678886448435,4.569424898265537e-05,0.06707600329124591,0.0006812309431176101
bfo-a7d84a931ad75b81180fb1321625d2044481cdc1305f26da0079240dfc24f3c7,964,24.925311364243733,24.925311364243733,12.078051031520225,13.159638450744058,4.537049383186784e-05,0.06696128210166387,0.0006775630992695772
bfo-a7d84a931ad75b81180fb1321625d2044481cdc1305f26da0079240dfc24f3c7,965,1000000.0,24.928954402969623,12.078697359236266,13.162827765502549,4.5130140673467697e-05,0.06687315312047291,0.000674861862609725
bfo-a7d84a931ad75b81180fb1321625d2044481cdc1305f26da0079240dfc24f3c7,966,1000000.0000155731,24.925678203805266,12.077683246992997,13.158941754976276,4.582104905837403e-05,0.06702269168569867,0.0006836647097560742
bfo-a7d84a931ad75b81180fb1321625d2044481cdc1305f26da0079240dfc24f3c7,967,24.93040750592049,24.93040750592049,12.080202099135912,13.164639380500098,4.411388263359976e-05,0.06687039072423141,0.0006596923115870846
bfo-a7d84a931ad75b81180fb1321625d2044481cdc1305f26da0079240dfc24f3c7,968,1000000.0000581107,24.92465218425614,12.077965520615882,13.159789376274311,4.5253613627736346e-05,0.06690784505645732,0.0006763573627210834
bfo-a7d84a931ad75b81180fb1321625d2044481cdc1305f26da0079240dfc24f3c7,969,24.925819119961307,24.925819119961307,12.077689319534809,13.156520484378472,4.54648049568201e-05,0.0671591583624633,0.0006769710351556662
bfo-a7d84a931ad75b81180fb1321625d2044481cdc1305f26da0079240dfc24f3c7,970,24.924543838516186,24.924543838516186,12.077684697769309,13.157465471908298,4.615580449037459e-05,0.06711134452460261,0.0006877496616604686
bfo-a7d84a931ad75b81180fb1321625d2044481cdc1305f26da0079240dfc24f3c7,971,24.92461564446505,24.92461564446505,12.077391809476387,13.15699412279124,4.64793965956136e-05,0.06709585762342728,0.0006927312391843516
bfo-a7d84a931ad75b81180fb1321625d2044481cdc1305f26da0079240dfc24f3c7,972,1000000.0,24.925378625473776,12.078937304536646,13.16219037125334,4.5111022966062444e-05,0.06672020309037789,0.0006761223868721732
bfo-a7d84a931ad75b81180fb1321625d2044481cdc1305f26da0079240dfc24f3c7,973,24.92405444967561,24.92405444967561,12.077707089627445,13.156518051664365,4.6234204094518885e-05,0.06724794479689881,0.000687518469659626
bfo-a7d84a931ad75b81180fb1321625d2044481cdc1305f26da0079240dfc24f3c7,974,24.92460898758835,24.92460898758835,12.077977619996826,13.15712512852108,4.587164041229442e-05,0.0672029947654405,0.0006825832773137686
bfo-a7d84a931ad75b81180fb1321625d2044481cdc1305f26da0079240dfc24f3c7,975,24.92399121625366,24.92399121625366,12.077610861693017,13.155892441118457,4.665085685485073e-05,0.06733739503998579,0.0006927927168425341
bfo-a7d84a931ad75b81180fb1321625d2044481cdc1305f26da0079240dfc24f3c7,976,24.926158718844068,24.926158718844068,12.078105522233697,13.15605258997981,4.593856353875614e-05,0.06743345123844054,0.0006812429542768055
bfo-a7d84a931ad75b81180fb1321625d2044481cdc1305f26da0079240dfc24f3c7,977,24.9236056863671,24.9236056863671,12.077483184763752,13.155612981165813,4.662943058643473e-05,0.06732984465610416,0.0006925521783779622
bfo-a7d84a931ad75b81180fb1321625d2044481cdc1305f26da0079240dfc24f3c7,978,24.927808953785238,24.927808953785238,12.077002909021761,13.151540391492093,4.7635342255274686e-05,0.0677654451955854,0.0007029444301264312
bfo-a7d84a931ad75b81180fb1321625d2044481cdc1305f26da0079240dfc24f3c7,979,24.924994159193666,24.924994159193666,12.077501121841847,13.154658415263825,4.687954611914671e-05,0.06743132848770818,0.0006952190794771634
bfo-a7d84a931ad75b81180fb1321625d2044481cdc1305f26da0079240dfc24f3c7,980,24.923069347485786,24.923069347485786,12.079011673177124,13.159186967339918,4.537992681183256e-05,0.06724484914928919,0.0006748461389375018
bfo-a7d84a931ad75b81180fb1321625d2044481cdc1305f26da0079240dfc24f3c7,981,24.9255599138668,24.9255599138668,12.079917466163305,13.160062067005262,4.4961202222411734e-05,0.06727445336015656,0.0006683250472762683
bfo-a7d84a931ad75b81180fb1321625d2044481cdc1305f26da0079240dfc24f3c7,982,24.923179225792392,24.923179225792392,12.07937436655545,13.159422812971501,4.549684417468621e-05,0.06723944745418445,0.0006766391738374532
bfo-a7d84a931ad75b81180fb1321625d2044481cdc1305f26da0079240dfc24f3c7,983,24.924209384626586,24.924209384626586,12.0787981277105,13.155345980139744,4.697878554462299e-05,0.06784391038674009,0.000692453976736059
bfo-a7d84a931ad75b81180fb1321625d2044481cdc1305f26da0079240dfc24f3c7,984,24.92375390907481,24.92375390907481,12.07840527412077,13.157098780304652,4.586911251576586e-05,0.06732228635367984,0.0006813362260870193
bfo-a7d84a931ad75b81180fb1321625d2044481cdc1305f26da0079240dfc24f3c7,985,24.925608162232585,24.925608162232585,12.081720390794052,13.167894653866751,4.3224003470304215e-05,0.0668500863321812,0.0006465811166723424
bfo-a7d84a931ad75b81180fb1321625d2044481cdc1305f26da0079240dfc24f3c7,986,24.92318740409557,24.92318740409557,12.07885375056485,13.159108139343163,4.522720406949247e-05,0.06720279166958276,0.0006729959120130295
bfo-a7d84a931ad75b81180fb1321625d2044481cdc1305f26da0079240dfc24f3c7,987,24.92296470619149,24.92296470619149,12.080887104471207,13.164479237752815,4.3980169383631005e-05,0.0670024132569255,0.0006563967959629443
bfo-a7d84a931ad75b81180fb1321625d2044481cdc1305f26da0079240dfc24f3c7,988,24.92431969262114,24.92431969262114,12.081462920970099,13.165091991381644,4.3504209902567836e-05,0.06708752717007832,0.0006484694210337676
bfo-a7d84a931ad75b81180fb1321625d2044481cdc1305f26da0079240dfc24f3c7,989,24.925501075964647,24.925501075964647,12.081428517954013,13.166864981858867,4.348413612401388e-05,0.06685197525777943,0.00065045402108674
bfo-a7d84a931ad75b81180fb1321625d2044481cdc1305f26da0079240dfc24f3c7,990,24.924990201276763,24.924990201276763,12.08162317916652,13.167682969430118,4.40289456085824e-05,0.06680868137673558,0.0006590303041651464
bfo-a7d84a931ad75b81180fb1321625d2044481cdc1305f26da0079240dfc24f3c7,991,1000000.0000133485,24.926010881721247,12.081651137235205,13.167693692529706,4.315617092692003e-05,0.06675067122181953,0.0006465278945811273
bfo-a7d84a931ad75b81180fb1321625d2044481cdc1305f26da0079240dfc24f3c7,992,24.921338263052537,24.921338263052537,12.079929252010194,13.159923508560697,4.5229448868306636e-05,0.06736008865717873,0.0006714576802072903
bfo-a7d84a931ad75b81180fb1321625d2044481cdc1305f26da0079240dfc24f3c7,993,24.929863795932164,24.929863795932164,12.080329912773383,13.161534711213674,4.550527123952246e-05,0.0671301335848916,0.000677866537863764
bfo-a7d84a931ad75b81180fb1321625d2044481cdc1305f26da0079240dfc24f3c7,994,1000000.000035246,24.92166455131772,12.080417315465008,13.161048640919347,4.4921158513762255e-05,0.0673577777740189,0.0006669038082650219
bfo-a7d84a931ad75b81180fb1321625d2044481cdc1305f26da0079240dfc24f3c7,995,24.923257031682486,24.923257031682486,12.081533761527389,13.16602928066961,4.379750042923468e-05,0.06702541208613616,0.0006534461940039896
bfo-a7d84a931ad75b81180fb1321625d2044481cdc1305f26da0079240dfc24f3c7,996,24.92093544092623,24.92093544092623,12.079401975677737,13.157947476465091,4.569702951944359e-05,0.06750582540173526,0.0006769346089392299
bfo-a7d84a931ad75b81180fb1321625d2044481cdc1305f26da0079240dfc24f3c7,997,24.92101217444318,24.92101217444318,12.07973268578069,13.158751821677882,4.546543618668709e-05,0.06740888276149531,0.0006744724778713799
bfo-a7d84a931ad75b81180fb1321625d2044481cdc1305f26da0079240dfc24f3c7,998,24.920978635138937,24.920978635138937,12.07934614743641,13.157206160541218,4.580876289055959e-05,0.06757082116307478,0.000677937045932965
bfo-a7d84a931ad75b81180fb1321625d2044481cdc1305f26da0079240dfc24f3c7,999,24.92102483657598,24.92102483657598,12.079273634519469,13.157536066402814,4.577822331150602e-05,0.06750062870434499,0.0006781895841595219
bfo-a7d84a931ad75b81180fb1321625d2044481cdc1305f26da0079240dfc24f3c7,1000,24.921194242877448,24.921194242877448,12.079477839461457,13.158196957864456,4.5752216921902273e-05,0.0674926579692327,0.0006778843551065798
bfo-a7d84a931ad75b81180fb1321625d2044481cdc1305f26da0079240dfc24f3c7,1001,24.920800780162672,24.920800780162672,12.078926347733907,13.156797608926533,4.5800325871258446e-05,0.06750352298727044,0.0006784879343244841
bfo-a7d84a931ad75b81180fb1321625d2044481cdc1305f26da0079240dfc24f3c7,1002,24.922167218959213,24.922167218959213,12.079810432124049,13.158782176483596,4.519611107428172e-05,0.06744654018439819,0.0006701027354511586
bfo-a7d84a931ad75b81180fb1321625d2044481cdc1305f26da0079240dfc24f3c7,1003,24.92148917823315,24.92148917823315,12.077242866505264,13.150890820723616,4.727466479724431e-05,0.06777239879025539,0.0006975504134589031
bfo-a7d84a931ad75b81180fb1321625d2044481cdc1305f26da0079240dfc24f3c7,1004,1000000.0000151518,24.920950083997568,12.079302485392837,13.157584234098897,4.5380892062404e-05,0.067496913403503,0.0006723402563775427
bfo-a7d84a931ad75b81180fb1321625d2044481cdc1305f26da0079240dfc24f3c7,1005,1000000.0,24.921653959134137,12.079054501096525,13.1552823443567,4.575198339027434e-05,0.06776049726440868,0.0006752014114026529
bfo-a7d84a931ad75b81180fb1321625d2044481cdc1305f26da0079240dfc24f3c7,1006,24.921310257092667,24.921310257092667,12.078682383328715,13.157773090090524,4.586229484263756e-05,0.06726126661377115,0.0006818529764833132
bfo-a7d84a931ad75b81180fb1321625d2044481cdc1305f26da0079240dfc24f3c7,1007,24.92168639866049,24.92168639866049,12.078496295915476,13.155446171350226,4.657659334447749e-05,0.06761284728374238,0.0006888719409939257
bfo-a7d84a931ad75b81180fb1321625d2044481cdc1305f26da0079240dfc24f3c7,1008,24.922030659819455,24.922030659819455,12.077654410657455,13.152599465388546,4.691316258398753e-05,0.06771291607876077,0.0006928244314485015
bfo-a7d84a931ad75b81180fb1321625d2044481cdc1305f26da0079240dfc24f3c7,1009,24.921378025042788,24.921378025042788,12.07880832689463,13.156793844850608,4.5345548326010594e-05,0.06742653128643801,0.0006725178866665394
bfo-a7d84a931ad75b81180fb1321625d2044481cdc1305f26da0079240dfc24f3c7,1010,24.92074204563375,24.92074204563375,12.078899929362992,13.155730092229371,4.6076694148284965e-05,0.06761057484423089,0.0006815012925780001
bfo-a7d84a931ad75b81180fb1321625d2044481cdc1305f26da0079240dfc24f3c7,1011,24.92426569684948,24.92426569684948,12.078708643121315,13.1529013192683,4.6753225200543703e-05,0.06789597194647938,0.0006886008677716264
bfo-a7d84a931ad75b81180fb1321625d2044481cdc1305f26da0079240dfc24f3c7,1012,24.921284234429223,24.921284234429223,12.079325268160856,13.157494954757375,4.5847364621075754e-05,0.0674599349798531,0.0006796236111814822
bfo-a7d84a931ad75b81180fb1321625d2044481cdc1305f26da0079240dfc24f3c7,1013,24.920998508953538,24.920998508953538,12.078699752717538,13.155465947899426,4.6146707883779915e-05,0.06756156170606206,0.0006830319891737987
bfo-a7d84a931ad75b81180fb1321625d2044481cdc1305f26da0079240dfc24f3c7,1014,24.922867534304906,24.922867534304906,12.077855299621323,13.154033843416038,4.7623311328195227e-05,0.067626711191216,0.0007042085958245002
bfo-a7d84a931ad75b81180fb1321625d2044481cdc1305f26da0079240dfc24f3c7,1015,24.921039138256095,24.921039138256095,12.078423522870336,13.155189065547829,4.7008555850981245e-05,0.06751080515181802,0.000696311586645554
bfo-a7d84a931ad75b81180fb1321625d2044481cdc1305f26da0079240dfc24f3c7,1016,24.926287576402462,24.926287576402462,12.076584872516664,13.147670031084848,4.9062261509397645e-05,0.06804662302629483,0.0007210094980090169
bfo-a7d84a931ad75b81180fb1321625d2044481cdc1305f26da0079240dfc24f3c7,1017,24.921740112215865,24.921740112215865,12.07839359889293,13.154118182288439,4.6561059842159064e-05,0.06768279008293959,0.0006879305623350098
bfo-a7d84a931ad75b81180fb1321625d2044481cdc1305f26da0079240dfc24f3c7,1018,24.92191661691181,24.92191661691181,12.078308101082184,13.153249975038467,4.6968203188559465e-05,0.0677876406533868,0.000692872664335941
bfo-a7d84a931ad75b81180fb1321625d2044481cdc1305f26da0079240dfc24f3c7,1019,24.92062630549094,24.92062630549094,12.079367504289229,13.157080327357937,4.5756012752889104e-05,0.06753275161706239,0.0006775381079145705
bfo-a7d84a931ad75b81180fb1321625d2044481cdc1305f26da0079240dfc24f3c7,1020,24.924635369409003,24.924635369409003,12.079901917346653,13.160310612450461,4.527527100205455e-05,0.06725444358865518,0.0006731937487873561
bfo-a7d84a931ad75b81180fb1321625d2044481cdc1305f26da0079240dfc24f3c7,1021,24.92112885265437,24.92112885265437,12.078636701795014,13.155166769819264,4.6481794907175623e-05,0.06764955020637892,0.0006870968803986622
bfo-a7d84a931ad75b81180fb1321625d2044481cdc1305f26da0079240dfc24f3c7,1022,24.923289661417037,24.923289661417037,12.078964366308536,13.154441402639828,4.650068437032533e-05,0.0676876777496704,0.0006869889160963534
bfo-a7d84a931ad75b81180fb1321625d2044481cdc1305f26da0079240dfc24f3c7,1023,24.920705199988493,24.920705199988493,12.078627540949878,13.154891326173583,4.6617430297527574e-05,0.06766397280340837,0.0006889549691823499
bfo-a7d84a931ad75b81180fb1321625d2044481cdc1305f26da0079240dfc24f3c7,1024,24.921390979598712,24.921390979598712,12.079654007444743,13.156596350035032,4.6000067456967834e-05,0.06755967706309515,0.0006808805112257652
bfo-a7d84a931ad75b81180fb1321625d2044481cdc1305f26da0079240dfc24f3c7,1025,24.91963812582059,24.91963812582059,12.077945264325118,13.155296852328073,4.6515083994340825e-05,0.06720695381676492,0.0006921171300392659
bfo-a7d84a931ad75b81180fb1321625d2044481cdc1305f26da0079240dfc24f3c7,1026,1000000.0,24.918230125533032,12.077656187050119,13.154705059280115,4.628014715298233e-05,0.06714579258009558,0.0006892486539313176
bfo-a7d84a931ad75b81180fb1321625d2044481cdc1305f26da0079240dfc24f3c7,1027,24.919306828449955,24.919306828449955,12.07747111564099,13.154026091686863,4.688837010707779e-05,0.06722107986399312,0.0006975247973098018
bfo-a7d84a931ad75b81180fb1321625d2044481cdc1305f26da0079240dfc24f3c7,1028,24.91974738651432,24.91974738651432,12.076223489301753,13.151215556321585,4.799691863980795e-05,0.06734039035014407,0.0007127508229495327
bfo-a7d84a931ad75b81180fb1321625d2044481cdc1305f26da0079240dfc24f3c7,1029,24.921667549197444,24.921667549197444,12.078953065697801,13.158511037964805,4.58752086055054e-05,0.06705671832553266,0.0006841254649951735
bfo-a7d84a931ad75b81180fb1321625d2044481cdc1305f26da0079240dfc24f3c7,1030,24.922606650070854,24.922606650070854,12.078052156276181,13.155955011301584,4.6673994731173014e-05,0.06713383790958719,0.0006952379930078098
bfo-a7d84a931ad75b81180fb1321625d2044481cdc1305f26da0079240dfc24f3c7,1031,24.920296913176966,24.920296913176966,12.077331108526023,13.15234807060366,4.763361761944396e-05,0.06739366207365298,0.0007067966950272903
bfo-a7d84a931ad75b81180fb1321625d2044481cdc1305f26da0079240dfc24f3c7,1032,24.917840140120983,24.917840140120983,12.074578434129327,13.14572115704077,4.925657742074814e-05,0.06762922192296052,0.0007283327535079218
bfo-a7d84a931ad75b81180fb1321625d2044481cdc1305f26da0079240dfc24f3c7,1033,24.918125770810207,24.918125770810207,12.07503445171699,13.14794473031235,4.8349059941206886e-05,0.06734314316078586,0.0007179507470533496
bfo-a7d84a931ad75b81180fb1321625d2044481cdc1305f26da0079240dfc24f3c7,1034,24.917827791484733,24.917827791484733,12.074728204165016,13.146393058926616,4.93528269942609e-05,0.06756447514289107,0.0007304552709080528
bfo-a7d84a931ad75b81180fb1321625d2044481cdc1305f26da0079240dfc24f3c7,1035,24.915747612471513,24.915747612471513,12.074094297295836,13.146612711800959,4.993641653139621e-05,0.06736149586855282,0.0007413198873855269
bfo-a7d84a931ad75b81180fb1321625d2044481cdc1305f26da0079240dfc24f3c7,1036,24.91778872571825,24.91778872571825,12.074315082025896,13.146999884147034,4.953160195895324e-05,0.06737462257110856,0.0007351670416658227
bfo-a7d84a931ad75b81180fb1321625d2044481cdc1305f26da0079240dfc24f3c7,1037,24.91615032216118,24.91615032216118,12.073886268297818,13.145988662776205,5.008605167578069e-05,0.06735101823197584,0.000743656933340937
bfo-a7d84a931ad75b81180fb1321625d2044481cdc1305f26da0079240dfc24f3c7,1038,24.91739918490763,24.91739918490763,12.074437190479765,13.146446521139636,4.992234769515173e-05,0.06748795600594663,0.0007397223245396982
bfo-a7d84a931ad75b81180fb1321625d2044481cdc1305f26da0079240dfc24f3c7,1039,24.915287021665392,24.915287021665392,12.074549027978017,13.148678774589662,4.906914337709023e-05,0.06723461017755217,0.0007298197051713271
bfo-a7d84a931ad75b81180fb1321625d2044481cdc1305f26da0079240dfc24f3c7,1040,24.915610406331844,24.915610406331844,12.074326280296525,13.149356203183798,4.943683378582683e-05,0.0672534724571899,0.000735082248984181
bfo-a7d84a931ad75b81180fb1321625d2044481cdc1305f26da0079240dfc24f3c7,1041,24.91523868809889,24.91523868809889,12.074072674952019,13.14726483093835,4.946640811614097e-05,0.06729879818365007,0.000735026619363295
bfo-a7d84a931ad75b81180fb1321625d2044481cdc1305f26da0079240dfc24f3c7,1042,24.91512041685063,24.91512041685063,12.074674123845002,13.150215322658019,4.940014403493906e-05,0.06699491826275318,0.0007373715098985919
bfo-a7d84a931ad75b81180fb1321625d2044481cdc1305f26da0079240dfc24f3c7,1043,24.91736928685168,24.91736928685168,12.074928056591176,13.149398388410004,4.96225652820464e-05,0.06723453402547624,0.0007380517467889881
bfo-a7d84a931ad75b81180fb1321625d2044481cdc1305f26da0079240dfc24f3c7,1044,24.91448600664541,24.91448600664541,12.074574908271648,13.150363166078638,4.947656286465806e-05,0.06695007026785839,0.0007390068847830759
bfo-a7d84a931ad75b81180fb1321625d2044481cdc1305f26da0079240dfc24f3c7,1045,1000000.0,24.89489633924787,12.07406544726593,13.148782586502326,4.8152240242641836e-05,0.06703433619605097,0.0007183220268164379
bfo-a7d84a931ad75b81180fb1321625d2044481cdc1305f26da0079240dfc24f3c7,1046,24.915215468840664,24.915215468840664,12.075812909083654,13.154646840592475,4.841207553426294e-05,0.06670766266790738,0.0007257348496120173
bfo-a7d84a931ad75b81180fb1321625d2044481cdc1305f26da0079240dfc24f3c7,1047,24.916794335341926,24.916794335341926,12.072477119997739,13.143851261242995,5.165377700242601e-05,0.0672133680080407,0.0007685045182715244
bfo-a7d84a931ad75b81180fb1321625d2044481cdc1305f26da0079240dfc24f3c7,1048,24.914395599717587,24.914395599717587,12.07498547718819,13.151367322222397,4.9155445739256573e-05,0.06687829574553655,0.0007349984803184402
bfo-a7d84a931ad75b81180fb1321625d2044481cdc1305f26da0079240dfc24f3c7,1049,24.918809635715682,24.918809635715682,12.073840076647238,13.149306214713084,5.108144255423971e-05,0.06676673644280516,0.0007650732277141919
bfo-a7d84a931ad75b81180fb1321625d2044481cdc1305f26da0079240dfc24f3c7,1050,24.914309330827223,24.914309330827223,12.074420034999905,13.150817302915858,4.9628659477158605e-05,0.06680172141596072,0.0007429248591983289
bfo-a7d84a931ad75b81180fb1321625d2044481cdc1305f26da0079240dfc24f3c7,1051,24.92044089372658,24.92044089372658,12.076635107165307,13.159092325562268,4.810375993440291e-05,0.06623619821298905,0.0007262457875332836
bfo-a7d84a931ad75b81180fb1321625d2044481cdc1305f26da0079240dfc24f3c7,1052,24.914154933006742,24.914154933006742,12.074684353680137,13.15143228662881,4.941684476888814e-05,0.06670860064884125,0.0007407867094832625
bfo-a7d84a931ad75b81180fb1321625d2044481cdc1305f26da0079240dfc24f3c7,1053,24.914482426554642,24.914482426554642,12.074447434500021,13.150963198411029,4.920308628886146e-05,0.06679491775699796,0.0007366291918774997
bfo-a7d84a931ad75b81180fb1321625d2044481cdc1305f26da0079240dfc24f3c7,1054,24.914103797043868,24.914103797043868,12.074578041773497,13.151685455941069,4.975014461949816e-05,0.06663255445287895,0.000746634209479097
bfo-a7d84a931ad75b81180fb1321625d2044481cdc1305f26da0079240dfc24f3c7,1055,24.91744147409233,24.91744147409233,12.075594427153339,13.15338575693787,4.9714398967653645e-05,0.06678014767949543,0.000744448772504261
bfo-a7d84a931ad75b81180fb1321625d2044481cdc1305f26da0079240dfc24f3c7,1056,24.91417597511509,24.91417597511509,12.075026814103008,13.15279910224025,4.9306825148966846e-05,0.06658797866249624,0.0007404763763573663
bfo-a7d84a931ad75b81180fb1321625d2044481cdc1305f26da0079240dfc24f3c7,1057,24.915680637641216,24.915680637641216,12.074144271975742,13.150813769422452,5.010932775483637e-05,0.06650440780743057,0.0007534737832706125
bfo-a7d84a931ad75b81180fb1321625d2044481cdc1305f26da0079240dfc24f3c7,1058,24.91413075477169,24.91413075477169,12.074924097555288,13.1524228703112,4.92197800128234e-05,0.06661980252694051,0.0007388160598782819
bfo-a7d84a931ad75b81180fb1321625d2044481cdc1305f26da0079240dfc24f3c7,1059,24.91526081554254,24.91526081554254,12.075061234145906,13.152001293850514,5.018495905534438e-05,0.06676101267573087,0.0007517105724429454
bfo-a7d84a931ad75b81180fb1321625d2044481cdc1305f26da0079240dfc24f3c7,1060,24.91418445331734,24.91418445331734,12.07403287139581,13.150555920751275,5.0267784370942355e-05,0.06660724434768867,0.0007546894465194414
bfo-a7d84a931ad75b81180fb1321625d2044481cdc1305f26da0079240dfc24f3c7,1061,24.894218267467117,24.894218267467117,12.0738170828174,13.149163934365752,4.8677215275885844e-05,0.06677491725191696,0.0007289745503127288
bfo-a7d84a931ad75b81180fb1321625d2044481cdc1305f26da0079240dfc24f3c7,1062,24.88978444216606,24.88978444216606,12.067503298911983,13.134982539198482,5.379840777613485e-05,0.06676888067547149,0.0008057407467652588
bfo-a7d84a931ad75b81180fb1321625d2044481cdc1305f26da0079240dfc24f3c7,1063,24.873803827327226,24.873803827327226,12.067650391590746,13.134174879245428,5.207575146406946e-05,0.06691037964170211,0.000778291077452101
bfo-a7d84a931ad75b81180fb1321625d2044481cdc1305f26da0079240dfc24f3c7,1064,1000000.0,24.864948762833343,12.068005781833026,13.132130899662833,5.1637192467722546e-05,0.06751343142958394,0.000764843252287951
bfo-a7d84a931ad75b81180fb1321625d2044481cdc1305f26da0079240dfc24f3c7,1065,1000000.0000240201,24.87340715948945,12.067334831641206,13.134068986398512,5.2181239909145576e-05,0.0668737152346267,0.0007802952135389441
bfo-a7d84a931ad75b81180fb1321625d2044481cdc1305f26da0079240dfc24f3c7,1066,24.874689973336082,24.874689973336082,12.067997500118967,13.135248926040322,5.171746574745407e-05,0.06664033425952146,0.0007760685224964155
bfo-a7d84a931ad75b81180fb1321625d2044481cdc1305f26da0079240dfc24f3c7,1067,24.874196833541113,24.874196833541113,12.067026567909203,13.132537611786379,5.225353383297191e-05,0.06691316485830523,0.0007809155932711233
bfo-a7d84a931ad75b81180fb1321625d2044481cdc1305f26da0079240dfc24f3c7,1068,24.874760181694707,24.874760181694707,12.069546899576943,13.13691929455954,5.1752116327539176e-05,0.0671731859058319,0.0007704281943704283
bfo-a7d84a931ad75b81180fb1321625d2044481cdc1305f26da0079240dfc24f3c7,1069,24.874598981158105,24.874598981158105,12.06702301562704,13.132221145524069,5.3046250210705196e-05,0.06698481156945425,0.0007919145992626009
bfo-a7d84a931ad75b81180fb1321625d2044481cdc1305f26da0079240dfc24f3c7,1070,1000000.0,24.87606926624871,12.066949596666154,13.133578764633441,5.202961075760777e-05,0.06672478027960678,0.0007797644374335943
bfo-a7d84a931ad75b81180fb1321625d2044481cdc1305f26da0079240dfc24f3c7,1071,1000000.0000282455,24.872932260348,12.069102860595288,13.137334286370228,5.1043006746479676e-05,0.06695466689376409,0.0007623517390874158
bfo-a7d84a931ad75b81180fb1321625d2044481cdc1305f26da0079240dfc24f3c7,1072,1000000.0,24.87434807607062,12.066651285050899,13.134364638707753,5.276216108718346e-05,0.06653207534001605,0.0007930334476647445
bfo-a7d84a931ad75b81180fb1321625d2044481cdc1305f26da0079240dfc24f3c7,1073,1000000.0000210796,24.874313935111374,12.06787152871864,13.133839857052331,5.20007927274293e-05,0.06696453213780365,0.000776542313779165
bfo-a7d84a931ad75b81180fb1321625d2044481cdc1305f26da0079240dfc24f3c7,1074,1000000.0,24.875449121124518,12.066210544659556,13.132293766740368,5.3028187100143776e-05,0.06662734128771243,0.0007958922879896358
bfo-a7d84a931ad75b81180fb1321625d2044481cdc1305f26da0079240dfc24f3c7,1075,1000000.0000574806,24.875507334778447,12.067084984730176,13.131412893272877,5.317375993597343e-05,0.06718955130591343,0.0007913992414367194
bfo-a7d84a931ad75b81180fb1321625d2044481cdc1305f26da0079240dfc24f3c7,1076,24.873589101134275,24.873589101134275,12.067056124586225,13.134050724982918,5.182322259978276e-05,0.06682580607423277,0.0007754971566256223
bfo-a7d84a931ad75b81180fb1321625d2044481cdc1305f26da0079240dfc24f3c7,1077,24.876379186224053,24.876379186224053,12.066942516391569,13.134654534166623,5.233135491519296e-05,0.06675123414268,0.0007839758408561449
bfo-a7d84a931ad75b81180fb1321625d2044481cdc1305f26da0079240dfc24f3c7,1078,1000000.0000062097,24.87395381528644,12.067279304693523,13.135089437850532,5.1733520512956976e-05,0.0667264727770211,0.00077530728599778
bfo-a7d84a931ad75b81180fb1321625d2044481cdc1305f26da0079240dfc24f3c7,1079,24.8760130869641,24.8760130869641,12.065976484713756,13.13079517246505,5.293958841972226e-05,0.06693940752429411,0.000790858335585194
bfo-a7d84a931ad75b81180fb1321625d2044481cdc1305f26da0079240dfc24f3c7,1080,1000000.0000274902,24.872803436359717,12.067404722060576,13.135095640140287,5.131270451616135e-05,0.06679654862078134,0.0007681939497723877
bfo-a7d84a931ad75b81180fb1321625d2044481cdc1305f26da0079240dfc24f3c7,1081,24.871526441521937,24.871526441521937,12.066008617877163,13.128141896662154,5.270232700430183e-05,0.06744074430788306,0.0007814612300792997
bfo-a7d84a931ad75b81180fb1321625d2044481cdc1305f26da0079240dfc24f3c7,1082,24.875451342872612,24.875451342872612,12.065324990730295,13.125235191056504,5.402591236230417e-05,0.06763078437499825,0.0007988361049125503
bfo-a7d84a931ad75b81180fb1321625d2044481cdc1305f26da0079240dfc24f3c7,1083,1000000.0000391884,24.870855472874805,12.066703463486395,13.13065449200444,5.1980324278949905e-05,0.06730899893196417,0.0007722641118387682
bfo-a7d84a931ad75b81180fb1321625d2044481cdc1305f26da0079240dfc24f3c7,1084,24.872770084193164,24.872770084193164,12.065831838291933,13.127294482624691,5.246652778399407e-05,0.06749804327211095,0.0007773044260332262
bfo-a7d84a931ad75b81180fb1321625d2044481cdc1305f26da0079240dfc24f3c7,1085,24.871587049683885,24.871587049683885,12.06609998128895,13.12782205407066,5.2522311409268885e-05,0.06752031088635425,0.0007778742532401989
bfo-a7d84a931ad75b81180fb1321625d2044481cdc1305f26da0079240dfc24f3c7,1086,24.87463106281434,24.87463106281434,12.065914615828419,13.126914784166056,5.404073477371595e-05,0.06763920433249573,0.0007989558024376892
bfo-a7d84a931ad75b81180fb1321625d2044481cdc1305f26da0079240dfc24f3c7,1087,24.871856831784893,24.871856831784893,12.066015973769826,13.128572144000751,5.266229050225343e-05,0.06739683212872882,0.0007813763472097289
bfo-a7d84a931ad75b81180fb1321625d2044481cdc1305f26da0079240dfc24f3c7,1088,1000000.0,24.877699899488444,12.064710045103972,13.123477071640279,5.4842041538472804e-05,0.06787065528533319,0.000808037601934339
bfo-a7d84a931ad75b81180fb1321625d2044481cdc1305f26da0079240dfc24f3c7,1089,24.872067211646797,24.872067211646797,12.065575556672426,13.128310889968903,5.315157609456024e-05,0.0673494506590591,0.0007891909373341099
bfo-a7d84a931ad75b81180fb1321625d2044481cdc1305f26da0079240dfc24f3c7,1090,24.88842941827543,24.88842941827543,12.064852396841198,13.124591257176453,5.516837909896894e-05,0.06754923208274147,0.0008167136383044718
bfo-a7d84a931ad75b81180fb1321625d2044481cdc1305f26da0079240dfc24f3c7,1091,24.870574303768148,24.870574303768148,12.066605135021552,13.129074203662421,5.238617992846622e-05,0.06745975005403974,0.0007765546105122152
bfo-a7d84a931ad75b81180fb1321625d2044481cdc1305f26da0079240dfc24f3c7,1092,1000000.0,24.876013376788563,12.0667529777932,13.127631600399265,5.230305160515973e-05,0.06765921382401899,0.000773036644221133
bfo-a7d84a931ad75b81180fb1321625d2044481cdc1305f26da0079240dfc24f3c7,1093,24.87083303005933,24.87083303005933,12.066369097216874,13.129247697796043,5.2926562242222785e-05,0.0674007826288756,0.0007852514492843319
bfo-a7d84a931ad75b81180fb1321625d2044481cdc1305f26da0079240dfc24f3c7,1094,1000000.0,24.87577552912097,12.066756543990218,13.13034370918892,5.314733221741119e-05,0.06736811515732959,0.0007889092947500819
bfo-a7d84a931ad75b81180fb1321625d2044481cdc1305f26da0079240dfc24f3c7,1095,1000000.0000310638,24.866535552929204,12.067041647364904,13.131971781366921,5.125870081462983e-05,0.06712853294756599,0.0007635903626058376
bfo-a7d84a931ad75b81180fb1321625d2044481cdc1305f26da0079240dfc24f3c7,1096,24.864554748300087,24.864554748300087,12.06753278102186,13.129181681920679,5.1103818690994204e-05,0.06770994662114951,0.0007547461080855687
bfo-a7d84a931ad75b81180fb1321625d2044481cdc1305f26da0079240dfc24f3c7,1097,24.862583201810473,24.862583201810473,12.067304081542659,13.130436029552625,5.108258930302438e-05,0.06750079312820081,0.0007567702086997085
bfo-a7d84a931ad75b81180fb1321625d2044481cdc1305f26da0079240dfc24f3c7,1098,24.86423201085982,24.86423201085982,12.068327150842002,13.132478020742179,5.069996097718908e-05,0.06762671090434799,0.0007497031912272016
bfo-a7d84a931ad75b81180fb1321625d2044481cdc1305f26da0079240dfc24f3c7,1099,24.860744811479954,24.860744811479954,12.067524221231151,13.131351172935716,5.09425505954957e-05,0.06748813875054181,0.0007548370949122778
bfo-a7d84a931ad75b81180fb1321625d2044481cdc1305f26da0079240dfc24f3c7,1100,24.860058966834018,24.860058966834018,12.068413371164619,13.132982631586447,5.0012995218052285e-05,0.06761605413363994,0.0007396615472296559
bfo-a7d84a931ad75b81180fb1321625d2044481cdc1305f26da0079240dfc24f3c7,1101,24.86156950872335,24.86156950872335,12.06880703403247,13.134955828179367,4.988960352608519e-05,0.06744387006666375,0.0007397203552639056
bfo-a7d84a931ad75b81180fb1321625d2044481cdc1305f26da0079240dfc24f3c7,1102,24.860559241970655,24.860559241970655,12.06845132140239,13.132761159869547,5.0141795371774464e-05,0.0677225309028449,0.00074040049453716
bfo-a7d84a931ad75b81180fb1321625d2044481cdc1305f26da0079240dfc24f3c7,1103,24.86394645547152,24.86394645547152,12.066089523381928,13.128225392278912,5.138460003754047e-05,0.06753759797542866,0.0007608295464732854
bfo-a7d84a931ad75b81180fb1321625d2044481cdc1305f26da0079240dfc24f3c7,1104,1000000.0000097429,24.861220900058157,12.06857504559434,13.132552470330792,5.0049168766723905e-05,0.06771364404120023,0.0007391297496302457
bfo-a7d84a931ad75b81180fb1321625d2044481cdc1305f26da0079240dfc24f3c7,1105,24.858730335299974,24.858730335299974,12.068603387544279,13.13399523513497,4.876370928706956e-05,0.06750198024895598,0.0007224041295858689
bfo-a7d84a931ad75b81180fb1321625d2044481cdc1305f26da0079240dfc24f3c7,1106,24.86208806949888,24.86208806949888,12.066714030589253,13.128176820312904,5.1235431126995655e-05,0.06794839571367968,0.0007540344490676577
bfo-a7d84a931ad75b81180fb1321625d2044481cdc1305f26da0079240dfc24f3c7,1107,24.85539615254881,24.85539615254881,12.068633814014612,13.13421936984358,4.8548597082248515e-05,0.06740273456858813,0.0007202763714704498
bfo-a7d84a931ad75b81180fb1321625d2044481cdc1305f26da0079240dfc24f3c7,1108,24.851829715478438,24.851829715478438,12.0697259268007,13.140928694707991,4.6458922319344666e-05,0.06677060289133993,0.0006957990538882843
bfo-a7d84a931ad75b81180fb1321625d2044481cdc1305f26da0079240dfc24f3c7,1109,24.85254540337892,24.85254540337892,12.06874076014817,13.138699000068232,4.6867074886571754e-05,0.06682812425409547,0.0007013076516763011
bfo-a7d84a931ad75b81180fb1321625d2044481cdc1305f26da0079240dfc24f3c7,1110,24.852136335365525,24.852136335365525,12.068954697314764,13.13807195407656,4.7205954901457554e-05,0.06691651945912264,0.0007054454607474662
bfo-a7d84a931ad75b81180fb1321625d2044481cdc1305f26da0079240dfc24f3c7,1111,24.859798434594914,24.859798434594914,12.070184279295942,13.144233280790507,4.686606485885155e-05,0.06651054297860316,0.0007046411404869848
bfo-a7d84a931ad75b81180fb1321625d2044481cdc1305f26da0079240dfc24f3c7,1112,24.851844771567322,24.851844771567322,12.069841819326893,13.140793497408364,4.6750113377848395e-05,0.06684788950174402,0.000699350626120047
bfo-a7d84a931ad75b81180fb1321625d2044481cdc1305f26da0079240dfc24f3c7,1113,24.855017964117657,24.855017964117657,12.06989037845874,13.140828701772142,4.615509825669198e-05,0.06681711914809961,0.0006907675584514438
bfo-a7d84a931ad75b81180fb1321625d2044481cdc1305f26da0079240dfc24f3c7,1114,24.85229081041696,24.85229081041696,12.070246715049699,13.143220016494922,4.590814998838182e-05,0.06658457584352162,0.0006894712387485828
bfo-a7d84a931ad75b81180fb1321625d2044481cdc1305f26da0079240dfc24f3c7,1115,24.856065730953908,24.856065730953908,12.070148495792257,13.141258942820325,4.616550858478608e-05,0.06695199432492134,0.0006895314926803014
bfo-a7d84a931ad75b81180fb1321625d2044481cdc1305f26da0079240dfc24f3c7,1116,24.85216131442041,24.85216131442041,12.069887395425702,13.14077425933971,4.655465204264319e-05,0.06684626375049908,0.0006964435920668133
bfo-a7d84a931ad75b81180fb1321625d2044481cdc1305f26da0079240dfc24f3c7,1117,24.85202962342328,24.85202962342328,12.070870539335205,13.144546683669406,4.544741556401567e-05,0.066523890885634,0.0006831743447199681
bfo-a7d84a931ad75b81180fb1321625d2044481cdc1305f26da0079240dfc24f3c7,1118,24.851107073143034,24.851107073143034,12.069569380092037,13.140670744471976,4.673298074834859e-05,0.0667429148198654,0.0007001938838673399
bfo-a7d84a931ad75b81180fb1321625d2044481cdc1305f26da0079240dfc24f3c7,1119,24.84906590955363,24.84906590955363,12.069009324488881,13.136759916240319,4.703828610873032e-05,0.06712587414050719,0.0007007474645361081
bfo-a7d84a931ad75b81180fb1321625d2044481cdc1305f26da0079240dfc24f3c7,1120,24.849925346114645,24.849925346114645,12.069508765530367,13.138131155613713,4.59328291830523e-05,0.06707510763977442,0.0006847969507515914
bfo-a7d84a931ad75b81180fb1321625d2044481cdc1305f26da0079240dfc24f3c7,1121,24.848185894058773,24.848185894058773,12.069442084298219,13.138332716230716,4.666503117023669e-05,0.06702575934944106,0.0006962253262502699
bfo-a7d84a931ad75b81180fb1321625d2044481cdc1305f26da0079240dfc24f3c7,1122,24.849068744371166,24.849068744371166,12.067508868767328,13.134900240728367,4.854130156341457e-05,0.06698308342329806,0.0007246800099759357
bfo-a7d84a931ad75b81180fb1321625d2044481cdc1305f26da0079240dfc24f3c7,1123,24.850752839889584,24.850752839889584,12.068691844536001,13.135624942065975,4.7525839116747085e-05,0.0671323048676509,0.0007079429078212449
bfo-a7d84a931ad75b81180fb1321625d2044481cdc1305f26da0079240dfc24f3c7,1124,24.848319641692562,24.848319641692562,12.071409418392752,13.144549880280188,4.5086691379127683e-05,0.06663358367765851,0.000676636147880558
bfo-a7d84a931ad75b81180fb1321625d2044481cdc1305f26da0079240dfc24f3c7,1125,24.84762910115704,24.84762910115704,12.069038746318718,13.138017080147836,4.694486154654201e-05,0.06699464073175213,0.0007007256257184836
bfo-a7d84a931ad75b81180fb1321625d2044481cdc1305f26da0079240dfc24f3c7,1126,24.8485489851422,24.8485489851422,12.069431703991498,13.139469391852801,4.690556533674266e-05,0.06693748966460605,0.0007007368452531692
bfo-a7d84a931ad75b81180fb1321625d2044481cdc1305f26da0079240dfc24f3c7,1127,24.847788334779835,24.847788334779835,12.069271566584627,13.139913751223355,4.6238539247174475e-05,0.0667194850422681,0.0006930290187024293
bfo-a7d84a931ad75b81180fb1321625d2044481cdc1305f26da0079240dfc24f3c7,1128,24.85091419521369,24.85091419521369,12.068866269753695,13.136230769605389,4.803091562284965e-05,0.06720688677361193,0.0007146725273057652
bfo-a7d84a931ad75b81180fb1321625d2044481cdc1305f26da0079240dfc24f3c7,1129,24.848262979379214,24.848262979379214,12.068785382707505,13.136727347011595,4.689725134826842e-05,0.06709477397542343,0.0006989702560954555
bfo-a7d84a931ad75b81180fb1321625d2044481cdc1305f26da0079240dfc24f3c7,1130,24.846614857598496,24.846614857598496,12.069568519879766,13.137278247187187,4.671688387532447e-05,0.06736499327012042,0.0006934890305414107
bfo-a7d84a931ad75b81180fb1321625d2044481cdc1305f26da0079240dfc24f3c7,1131,1000000.0,24.84920536740547,12.069060462671727,13.137074475381288,4.7698734835745485e-05,0.06724606086902973,0.0007093164152565731
bfo-a7d84a931ad75b81180fb1321625d2044481cdc1305f26da0079240dfc24f3c7,1132,24.846547510965202,24.846547510965202,12.06926966681593,13.136976287081959,4.699013988084837e-05,0.0673277779534269,0.0006979309478080976
bfo-a7d84a931ad75b81180fb1321625d2044481cdc1305f26da0079240dfc24f3c7,1133,24.8473330255973,24.8473330255973,12.068920498414519,13.134984972382126,4.767495614862252e-05,0.06750098906683628,0.0007062852975593741
bfo-a7d84a931ad75b81180fb1321625d2044481cdc1305f26da0079240dfc24f3c7,1134,24.845999584015065,24.845999584015065,12.069969652071038,13.139201866310499,4.6442567544410855e-05,0.06721529417269552,0.0006909523809430407
bfo-a7d84a931ad75b81180fb1321625d2044481cdc1305f26da0079240dfc24f3c7,1135,24.84532015405015,24.84532015405015,12.07048030765666,13.136706458312021,4.62712603664712e-05,0.06759955618805692,0.0006844905939581616
bfo-a7d84a931ad75b81180fb1321625d2044481cdc1305f26da0079240dfc24f3c7,1136,24.847705796463984,24.847705796463984,12.07110753192212,13.138171860192504,4.526132782247506e-05,0.06768864904656485,0.0006686693922837574
bfo-a7d84a931ad75b81180fb1321625d2044481cdc1305f26da0079240dfc24f3c7,1137,1000000.0000062581,24.845620666040716,12.06989743114357,13.13581859728581,4.6288861018667864e-05,0.06760209311841174,0.0006847252634262131
bfo-a7d84a931ad75b81180fb1321625d2044481cdc1305f26da0079240dfc24f3c7,1138,1000000.0,24.845156304572928,12.070029548574816,13.137432435145394,4.641879299032673e-05,0.06738271481828606,0.0006888827960628529
bfo-a7d84a931ad75b81180fb1321625d2044481cdc1305f26da0079240dfc24f3c7,1139,1000000.0000083037,24.847509986864175,12.070041999494384,13.134750171661265,4.692141154725591e-05,0.06770759763881094,0.000693000685056944
bfo-a7d84a931ad75b81180fb1321625d2044481cdc1305f26da0079240dfc24f3c7,1140,24.84510019316973,24.84510019316973,12.07127330389171,13.138230586889298,4.5456391562881565e-05,0.06745860087182039,0.0006738413037835499
bfo-a7d84a931ad75b81180fb1321625d2044481cdc1305f26da0079240dfc24f3c7,1141,24.848547377445897,24.848547377445897,12.075143313705029,13.148217949735288,4.289782751280596e-05,0.0672602273926429,0.000637788915912857
bfo-a7d84a931ad75b81180fb1321625d2044481cdc1305f26da0079240dfc24f3c7,1142,24.84738682963354,24.84738682963354,12.070824778711389,13.135574663743999,4.6367762086696576e-05,0.06770934565981444,0.0006848059397835222
bfo-a7d84a931ad75b81180fb1321625d2044481cdc1305f26da0079240dfc24f3c7,1143,24.844443292831443,24.844443292831443,12.071646341702538,13.137215537791617,4.595305335937305e-05,0.06776170612157935,0.0006781566756439574
bfo-a7d84a931ad75b81180fb1321625d2044481cdc1305f26da0079240dfc24f3c7,1144,1000000.0,24.844714843158748,12.072253167716577,13.138421726166657,4.592086493735488e-05,0.06775608202542396,0.0006777379028516451
bfo-a7d84a931ad75b81180fb1321625d2044481cdc1305f26da0079240dfc24f3c7,1145,1000000.0000513812,24.848061292628834,12.070908160567912,13.134289575910106,4.683097606539581e-05,0.0679448427895597,0.0006892498995169032
bfo-a7d84a931ad75b81180fb1321625d2044481cdc1305f26da0079240dfc24f3c7,1146,24.844692960520085,24.844692960520085,12.072965564404667,13.142983202918398,4.436766846231704e-05,0.0674005078406618,0.0006582690529158095
bfo-a7d84a931ad75b81180fb1321625d2044481cdc1305f26da0079240dfc24f3c7,1147,1000000.0000468299,24.843858930525005,12.071822186518567,13.138043439424006,4.5749272282153284e-05,0.06770335970714197,0.000675731196798011
bfo-a7d84a931ad75b81180fb1321625d2044481cdc1305f26da0079240dfc24f3c7,1148,1000000.0,24.85032261134562,12.069268328068594,13.128401960644785,4.8801386929269796e-05,0.06831514790658355,0.0007143567484623244
bfo-a7d84a931ad75b81180fb1321625d2044481cdc1305f26da0079240dfc24f3c7,1149,1000000.0000676666,24.843240491639328,12.071723449632525,13.139006444511017,4.568793853733986e-05,0.06756820511373642,0.0006761751101784356
bfo-a7d84a931ad75b81180fb1321625d2044481cdc1305f26da0079240dfc24f3c7,1150,24.844196486475383,24.844196486475383,12.072675617352834,13.141117672323638,4.442828463428513e-05,0.06765491266134696,0.0006566897049542447
bfo-a7d84a931ad75b81180fb1321625d2044481cdc1305f26da0079240dfc24f3c7,1151,24.845408521430496,24.845408521430496,12.072104535472992,13.138233179906798,4.462641890332824e-05,0.06790322755184391,0.0006572061522297464
bfo-a7d84a931ad75b81180fb1321625d2044481cdc1305f26da0079240dfc24f3c7,1152,1000000.0000018942,24.844135411313808,12.072931152903617,13.141857410244162,4.4272406866006224e-05,0.06759695030782101,0.0006549468084639889
bfo-a7d84a931ad75b81180fb1321625d2044481cdc1305f26da0079240dfc24f3c7,1153,24.845393521545567,24.845393521545567,12.072029276557254,13.139966756856854,4.583445458564009e-05,0.06756713854859461,0.0006783542350646643
bfo-a7d84a931ad75b81180fb1321625d2044481cdc1305f26da0079240dfc24f3c7,1154,1000000.000004119,24.84424678833387,12.072778874527229,13.14146367210941,4.417199260517321e-05,0.06760191949347782,0.0006534132896838067
bfo-a7d84a931ad75b81180fb1321625d2044481cdc1305f26da0079240dfc24f3c7,1155,1000000.0,24.845909132908808,12.072409630295793,13.141480516126798,4.3903950556481336e-05,0.0674639830116591,0.0006507761415286416
bfo-a7d84a931ad75b81180fb1321625d2044481cdc1305f26da0079240dfc24f3c7,1156,1000000.0000003114,24.843798106654592,12.071884282278225,13.138363602326454,4.50205103967126e-05,0.06778645207723225,0.0006641520394874576
bfo-a7d84a931ad75b81180fb1321625d2044481cdc1305f26da0079240dfc24f3c7,1157,1000000.0,24.84399192775432,12.07233292185812,13.143263376358687,4.442836205066621e-05,0.06718118379864477,0.000661321512044604
bfo-a7d84a931ad75b81180fb1321625d2044481cdc1305f26da0079240dfc24f3c7,1158,1000000.0000105805,24.84413795858247,12.073184913581898,13.142282844767145,4.37406803135191e-05,0.0675955663755128,0.0006470939243341353
bfo-a7d84a931ad75b81180fb1321625d2044481cdc1305f26da0079240dfc24f3c7,1159,24.844698664749515,24.844698664749515,12.071623294677204,13.140790811064763,4.4878438170015516e-05,0.06725252573526605,0.000667312308041422
bfo-a7d84a931ad75b81180fb1321625d2044481cdc1305f26da0079240dfc24f3c7,1160,24.844244895808565,24.844244895808565,12.072745996527074,13.141465384833765,4.4055543750796136e-05,0.06762301580368289,0.0006514874148573062
bfo-a7d84a931ad75b81180fb1321625d2044481cdc1305f26da0079240dfc24f3c7,1161,24.84223357119422,24.84223357119422,12.075260140891698,13.145422159625715,4.282288118159892e-05,0.06802133703000497,0.0006295507123405891
bfo-a7d84a931ad75b81180fb1321625d2044481cdc1305f26da0079240dfc24f3c7,1162,24.84665312292419,24.84665312292419,12.075445550802675,13.146785909299922,4.293594781709049e-05,0.06806525474316816,0.0006308056581746658
bfo-a7d84a931ad75b81180fb1321625d2044481cdc1305f26da0079240dfc24f3c7,1163,24.8416517932977,24.8416517932977,12.074893855104378,13.1437289413758,4.324433256665675e-05,0.06815869784434819,0.000634465357090777
bfo-a7d84a931ad75b81180fb1321625d2044481cdc1305f26da0079240dfc24f3c7,1164,1000000.0,24.842880663341653,12.075186147344624,13.145774534268776,4.2336534835634327e-05,0.06792237032739491,0.0006233076765661528
bfo-a7d84a931ad75b81180fb1321625d2044481cdc1305f26da0079240dfc24f3c7,1165,24.843195537226755,24.843195537226755,12.07545996812889,13.146039847841868,4.2714103676470015e-05,0.0680128048722711,0.0006280303210062817
bfo-a7d84a931ad75b81180fb1321625d2044481cdc1305f26da0079240dfc24f3c7,1166,24.844693464632293,24.844693464632293,12.075654789998513,13.14272239349037,4.397691031644305e-05,0.06865806422014212,0.0006405206848745031
bfo-a7d84a931ad75b81180fb1321625d2044481cdc1305f26da0079240dfc24f3c7,1167,24.841902393523462,24.841902393523462,12.074939025122386,13.142947749815239,4.3292570140175636e-05,0.06822725097140812,0.0006345348746107062
bfo-a7d84a931ad75b81180fb1321625d2044481cdc1305f26da0079240dfc24f3c7,1168,24.840618791094272,24.840618791094272,12.074848126862229,13.144570875523309,4.26012354445535e-05,0.06812466730581114,0.00062534228979522
bfo-a7d84a931ad75b81180fb1321625d2044481cdc1305f26da0079240dfc24f3c7,1169,24.84107616928611,24.84107616928611,12.074974564834617,13.142101897934975,4.320486824651449e-05,0.06841843067896833,0.0006314799655262419
bfo-a7d84a931ad75b81180fb1321625d2044481cdc1305f26da0079240dfc24f3c7,1170,24.840944921317707,24.840944921317707,12.075128311181942,13.145530609219128,4.2530065274814004e-05,0.06810275645719448,0.0006244984415799085
bfo-a7d84a931ad75b81180fb1321625d2044481cdc1305f26da0079240dfc24f3c7,1171,24.841181158667986,24.841181158667986,12.074957599486149,13.144367519894018,4.3125015589121836e-05,0.0681849558336282,0.0006324711230193827
bfo-a7d84a931ad75b81180fb1321625d2044481cdc1305f26da0079240dfc24f3c7,1172,24.84058540979298,24.84058540979298,12.074666452517206,13.14390826595942,4.2705418009781755e-05,0.06815362864757,0.000626605198537795
bfo-a7d84a931ad75b81180fb1321625d2044481cdc1305f26da0079240dfc24f3c7,1173,24.840141321990213,24.840141321990213,12.074966741862264,13.145610812931633,4.259710487496193e-05,0.0680011774172151,0.0006264171664795041
bfo-a7d84a931ad75b81180fb1321625d2044481cdc1305f26da0079240dfc24f3c7,1174,24.841402271582318,24.841402271582318,12.075419375161404,13.147702688361102,4.1798390825519044e-05,0.06781477293429522,0.0006163611410454315
bfo-a7d84a931ad75b81180fb1321625d2044481cdc1305f26da0079240dfc24f3c7,1175,24.839911779047604,24.839911779047604,12.074497682594965,13.144819160767652,4.2757806562426715e-05,0.06794909482295587,0.0006292623422553886
bfo-a7d84a931ad75b81180fb1321625d2044481cdc1305f26da0079240dfc24f3c7,1176,24.83775858074624,24.83775858074624,12.073560568466068,13.141911977427311,4.367443081187929e-05,0.068101099349591,0.0006413175591730237
bfo-a7d84a931ad75b81180fb1321625d2044481cdc1305f26da0079240dfc24f3c7,1177,24.839163651611138,24.839163651611138,12.074356856411264,13.145592557886202,4.3446166892383055e-05,0.06780505908560266,0.0006407511102900605
bfo-a7d84a931ad75b81180fb1321625d2044481cdc1305f26da0079240dfc24f3c7,1178,24.837326667706996,24.837326667706996,12.072187145597972,13.137290640096335,4.469634233691654e-05,0.06837210943627338,0.0006537218568424604
bfo-a7d84a931ad75b81180fb1321625d2044481cdc1305f26da0079240dfc24f3c7,1179,24.837300739724483,24.837300739724483,12.073173671618353,13.139597289160903,4.308766035681957e-05,0.06839306556338522,0.0006300004247782526
bfo-a7d84a931ad75b81180fb1321625d2044481cdc1305f26da0079240dfc24f3c7,1180,24.839801624792763,24.839801624792763,12.071812192845904,13.136359951720626,4.4292970142027986e-05,0.06845400431962567,0.0006470471754320623
bfo-a7d84a931ad75b81180fb1321625d2044481cdc1305f26da0079240dfc24f3c7,1181,24.838186609321355,24.838186609321355,12.073995533641954,13.140936970549431,4.246550534350555e-05,0.0684562469756533,0.0006203306085215064
bfo-a7d84a931ad75b81180fb1321625d2044481cdc1305f26da0079240dfc24f3c7,1182,24.838437881927526,24.838437881927526,12.0750170944513,13.141727010873838,4.2097046765890165e-05,0.06882672246835801,0.0006116381146181065
bfo-a7d84a931ad75b81180fb1321625d2044481cdc1305f26da0079240dfc24f3c7,1183,24.837607271297358,24.837607271297358,12.073710454951515,13.140265116291062,4.285107709349006e-05,0.06839054242607698,0.0006265643694785371
bfo-a7d84a931ad75b81180fb1321625d2044481cdc1305f26da0079240dfc24f3c7,1184,24.84385885398777,24.84385885398777,12.07670637941268,13.150308964887463,4.068229438756407e-05,0.06816485111553566,0.000596822170397025
bfo-a7d84a931ad75b81180fb1321625d2044481cdc1305f26da0079240dfc24f3c7,1185,24.837891545593344,24.837891545593344,12.07333255789344,13.138622563189339,4.32437062987863e-05,0.06856284455774235,0.0006307163388235338
bfo-a7d84a931ad75b81180fb1321625d2044481cdc1305f26da0079240dfc24f3c7,1186,24.840972874636712,24.840972874636712,12.074184409603262,13.142452078814687,4.238315943312679e-05,0.06833185076137728,0.000620254814714937
bfo-a7d84a931ad75b81180fb1321625d2044481cdc1305f26da0079240dfc24f3c7,1187,24.83683151078788,24.83683151078788,12.073200683386515,13.139429799619933,4.307880707624092e-05,0.06846286604841532,0.0006292288004095038
bfo-a7d84a931ad75b81180fb1321625d2044481cdc1305f26da0079240dfc24f3c7,1188,24.83504454374806,24.83504454374806,12.070835328731539,13.133022583578224,4.4925850198855675e-05,0.06884838202195986,0.0006525331297477134
bfo-a7d84a931ad75b81180fb1321625d2044481cdc1305f26da0079240dfc24f3c7,1189,24.83264861134993,24.83264861134993,12.07065935051308,13.133962178741308,4.551566841722766e-05,0.06868274363924864,0.0006626943829777034
bfo-a7d84a931ad75b81180fb1321625d2044481cdc1305f26da0079240dfc24f3c7,1190,24.834894164986437,24.834894164986437,12.069781116799655,13.129958793716323,4.638160590308074e-05,0.06901232082934088,0.0006720771790558506
bfo-a7d84a931ad75b81180fb1321625d2044481cdc1305f26da0079240dfc24f3c7,1191,24.83283335461661,24.83283335461661,12.070142597591472,13.132361756344183,4.587318625868322e-05,0.06876389719063015,0.0006671114950264039
bfo-a7d84a931ad75b81180fb1321625d2044481cdc1305f26da0079240dfc24f3c7,1192,24.832833174068885,24.832833174068885,12.071537969815394,13.134124690225542,4.5084241204603997e-05,0.06891081792726629,0.0006542404017347368
bfo-a7d84a931ad75b81180fb1321625d2044481cdc1305f26da0079240dfc24f3c7,1193,24.832944486841676,24.832944486841676,12.070586623270025,13.13390315606805,4.5773590835844615e-05,0.06868384363816551,0.0006664389820258928
bfo-a7d84a931ad75b81180fb1321625d2044481cdc1305f26da0079240dfc24f3c7,1194,24.832382709757667,24.832382709757667,12.07042513632267,13.133571963336419,4.5954928456900664e-05,0.06859644025253128,0.0006699316799490171
bfo-a7d84a931ad75b81180fb1321625d2044481cdc1305f26da0079240dfc24f3c7,1195,1000000.0,24.834832085363878,12.072577768255307,13.136244747531112,4.501570288016256e-05,0.06890366364206586,0.0006533136338585103
bfo-a7d84a931ad75b81180fb1321625d2044481cdc1305f26da0079240dfc24f3c7,1196,24.83156600054299,24.83156600054299,12.070248653498318,13.133448703737653,4.6070375656890534e-05,0.068503108126496,0.0006725297131309461
bfo-a7d84a931ad75b81180fb1321625d2044481cdc1305f26da0079240dfc24f3c7,1197,24.83289849571298,24.83289849571298,12.069245612569551,13.129403083738229,4.72254672457876e-05,0.06879030275183508,0.0006865134380372791
bfo-a7d84a931ad75b81180fb1321625d2044481cdc1305f26da0079240dfc24f3c7,1198,24.831778642978385,24.831778642978385,12.069363472903202,13.1314850358624,4.674143365782796e-05,0.06852604996392822,0.00068209729996742
bfo-a7d84a931ad75b81180fb1321625d2044481cdc1305f26da0079240dfc24f3c7,1199,24.8335174605494,24.8335174605494,12.069778036392412,13.134579504388803,4.6316302685663536e-05,0.06840654252234404,0.0006770741653919282
bfo-a7d84a931ad75b81180fb1321625d2044481cdc1305f26da0079240dfc24f3c7,1200,24.832996164813427,24.832996164813427,12.070631895800911,13.133248090796254,4.608382599185877e-05,0.06874598203716989,0.0006703493735378158
bfo-a7d84a931ad75b81180fb1321625d2044481cdc1305f26da0079240dfc24f3c7,1201,24.832822395226096,24.832822395226096,12.07024669010556,13.132733063331825,4.6768310236632374e-05,0.06858236183243722,0.0006819291285257616
bfo-a7d84a931ad75b81180fb1321625d2044481cdc1305f26da0079240dfc24f3c7,1202,24.83473535537822,24.83473535537822,12.072222205916995,13.13917140590023,4.465657716149676e-05,0.06825876297181019,0.0006542248235576615
bfo-a7d84a931ad75b81180fb1321625d2044481cdc1305f26da0079240dfc24f3c7,1203,24.83066848752977,24.83066848752977,12.07006563520714,13.134579760856425,4.544766677942297e-05,0.06822503506579493,0.000666143545922609
bfo-a7d84a931ad75b81180fb1321625d2044481cdc1305f26da0079240dfc24f3c7,1204,24.83046802192827,24.83046802192827,12.070553469727647,13.13667853799639,4.4820453915509625e-05,0.06801721977053822,0.0006589574532260386
bfo-a7d84a931ad75b81180fb1321625d2044481cdc1305f26da0079240dfc24f3c7,1205,24.83196537058205,24.83196537058205,12.07109739993789,13.137568598980902,4.3951088655079825e-05,0.06793603738863103,0.0006469480756384969
bfo-a7d84a931ad75b81180fb1321625d2044481cdc1305f26da0079240dfc24f3c7,1206,24.83120506526641,24.83120506526641,12.070809409752593,13.137876505599113,4.440221001511814e-05,0.06786947556577914,0.0006542294550675213
bfo-a7d84a931ad75b81180fb1321625d2044481cdc1305f26da0079240dfc24f3c7,1207,24.828075861127456,24.828075861127456,12.069519976790996,13.133473342183189,4.55762223503385e-05,0.06807246828908659,0.0006695250443510847
bfo-a7d84a931ad75b81180fb1321625d2044481cdc1305f26da0079240dfc24f3c7,1208,24.825967763830686,24.825967763830686,12.067914167214875,13.133636425853682,4.52468780426507e-05,0.0674954904608091,0.0006703689051481604
bfo-a7d84a931ad75b81180fb1321625d2044481cdc1305f26da0079240dfc24f3c7,1209,24.83088355004972,24.83088355004972,12.068954020128459,13.136205210327441,4.482200501505054e-05,0.06759769301231243,0.0006630700400809024
bfo-a7d84a931ad75b81180fb1321625d2044481cdc1305f26da0079240dfc24f3c7,1210,24.825290160694657,24.825290160694657,12.06771318976044,13.132787633306773,4.51775638960547e-05,0.06756664994092977,0.000668637026336976
bfo-a7d84a931ad75b81180fb1321625d2044481cdc1305f26da0079240dfc24f3c7,1211,24.826473017770596,24.826473017770596,12.069117465292777,13.135461563823402,4.4122516225866845e-05,0.06765224516099026,0.0006521958897427522
bfo-a7d84a931ad75b81180fb1321625d2044481cdc1305f26da0079240dfc24f3c7,1212,24.82544661347432,24.82544661347432,12.06772249900059,13.132905559834706,4.527286557563178e-05,0.06755226622556207,0.0006701901816951973
bfo-a7d84a931ad75b81180fb1321625d2044481cdc1305f26da0079240dfc24f3c7,1213,24.825630222690787,24.825630222690787,12.068271786289657,13.134775331727196,4.521104029507883e-05,0.06746294642482674,0.0006701610690167086
bfo-a7d84a931ad75b81180fb1321625d2044481cdc1305f26da0079240dfc24f3c7,1214,24.82540361507531,24.82540361507531,12.06766054205704,13.133190410747401,4.507550144487072e-05,0.06748982445844504,0.0006678858895628731
bfo-a7d84a931ad75b81180fb1321625d2044481cdc1305f26da0079240dfc24f3c7,1215,24.8260169710985,24.8260169710985,12.067282902206374,13.130800187014211,4.589553600246775e-05,0.06761998557559791,0.000678727385281048
bfo-a7d84a931ad75b81180fb1321625d2044481cdc1305f26da0079240dfc24f3c7,1216,24.825831348053946,24.825831348053946,12.067516614236133,13.13336838594042,4.5365613865066855e-05,0.06743701180327726,0.0006727109142588404
bfo-a7d84a931ad75b81180fb1321625d2044481cdc1305f26da0079240dfc24f3c7,1217,24.825924416920785,24.825924416920785,12.06742063909665,13.131142701663554,4.569505630844955e-05,0.06774957885267627,0.0006744699684084381
bfo-a7d84a931ad75b81180fb1321625d2044481cdc1305f26da0079240dfc24f3c7,1218,24.826291340944557,24.826291340944557,12.067901266542869,13.134085126859134,4.509027826380901e-05,0.067537352040191,0.0006676346777258324
bfo-a7d84a931ad75b81180fb1321625d2044481cdc1305f26da0079240dfc24f3c7,1219,24.824886891292117,24.824886891292117,12.06909469666369,13.134401753180747,4.429851866675908e-05,0.06792379998042786,0.0006521796289301193
bfo-a7d84a931ad75b81180fb1321625d2044481cdc1305f26da0079240dfc24f3c7,1220,24.830672213039357,24.830672213039357,12.072338704188933,13.14442079638598,4.174463561118417e-05,0.06746450537704303,0.0006187644210519791
bfo-a7d84a931ad75b81180fb1321625d2044481cdc1305f26da0079240dfc24f3c7,1221,24.826170582506144,24.826170582506144,12.06935702262471,13.1356537432107,4.392178058311802e-05,0.06787613915974265,0.0006470871962789545
bfo-a7d84a931ad75b81180fb1321625d2044481cdc1305f26da0079240dfc24f3c7,1222,24.82576765435898,24.82576765435898,12.068848281027499,13.136651746976046,4.4135470883773885e-05,0.06758892442872773,0.0006529985682833965
bfo-a7d84a931ad75b81180fb1321625d2044481cdc1305f26da0079240dfc24f3c7,1223,24.82453105827614,24.82453105827614,12.069066379478866,13.1350759778884,4.4176036116805685e-05,0.06779444386024876,0.000651617353892157
bfo-a7d84a931ad75b81180fb1321625d2044481cdc1305f26da0079240dfc24f3c7,1224,24.82536474304758,24.82536474304758,12.06855278933148,13.13559482330805,4.410514764157065e-05,0.06753709959941501,0.0006530506625717265
bfo-a7d84a931ad75b81180fb1321625d2044481cdc1305f26da0079240dfc24f3c7,1225,24.82482349161124,24.82482349161124,12.069792984530649,13.137018906404634,4.3321153494625404e-05,0.06777648670434662,0.0006391767351943185
bfo-a7d84a931ad75b81180fb1321625d2044481cdc1305f26da0079240dfc24f3c7,1226,24.824845646829832,24.824845646829832,12.06788288190609,13.133384378122107,4.464147715023662e-05,0.06761798936700382,0.0006602011915488977
bfo-a7d84a931ad75b81180fb1321625d2044481cdc1305f26da0079240dfc24f3c7,1227,24.82513645907072,24.82513645907072,12.069427577902296,13.136766320567563,4.413581472666788e-05,0.06763374122715426,0.0006525709494382931
bfo-a7d84a931ad75b81180fb1321625d2044481cdc1305f26da0079240dfc24f3c7,1228,24.823879127135115,24.823879127135115,12.067740676862583,13.132168456166854,4.531178763194273e-05,0.0678053389429164,0.0006682628291275053
bfo-a7d84a931ad75b81180fb1321625d2044481cdc1305f26da0079240dfc24f3c7,1229,24.82470406991211,24.82470406991211,12.068034042966966,13.133707934748555,4.4784695624136076e-05,0.06769075885581122,0.0006616072323776487
bfo-a7d84a931ad75b81180fb1321625d2044481cdc1305f26da0079240dfc24f3c7,1230,24.825031991581255,24.825031991581255,12.0683787064308,13.134996291243828,4.482317535516644e-05,0.0675861031682101,0.0006632010613721777
bfo-a7d84a931ad75b81180fb1321625d2044481cdc1305f26da0079240dfc24f3c7,1231,24.826784983491297,24.826784983491297,12.068418379739906,13.135361598586043,4.530266321519723e-05,0.06766485349064355,0.0006695154260765749
bfo-a7d84a931ad75b81180fb1321625d2044481cdc1305f26da0079240dfc24f3c7,1232,24.82332790453108,24.82332790453108,12.066300334726256,13.127673112392253,4.657141560413085e-05,0.06799955342344954,0.0006848782566867676
bfo-a7d84a931ad75b81180fb1321625d2044481cdc1305f26da0079240dfc24f3c7,1233,24.827244747744817,24.827244747744817,12.066227431084044,13.124153207566074,4.769297785985746e-05,0.06859578677067198,0.0006952756153858785
bfo-a7d84a931ad75b81180fb1321625d2044481cdc1305f26da0079240dfc24f3c7,1234,24.822737547879864,24.822737547879864,12.06593364849095,13.127160352868222,4.6535220603093736e-05,0.06791463676478982,0.0006852016416470008
bfo-a7d84a931ad75b81180fb1321625d2044481cdc1305f26da0079240dfc24f3c7,1235,24.827571031417015,24.827571031417015,12.064344718978107,13.122475696528443,4.825712527382838e-05,0.06807884823465792,0.0007088416817436903
bfo-a7d84a931ad75b81180fb1321625d2044481cdc1305f26da0079240dfc24f3c7,1236,24.821998093362595,24.821998093362595,12.066609780110419,13.130013555451937,4.599053417320743e-05,0.06768898352984648,0.0006794389836409431
bfo-a7d84a931ad75b81180fb1321625d2044481cdc1305f26da0079240dfc24f3c7,1237,24.823034243884987,24.823034243884987,12.067033040847104,13.130668643893697,4.6533160290616687e-05,0.06769398074332861,0.0006874046965424268
bfo-a7d84a931ad75b81180fb1321625d2044481cdc1305f26da0079240dfc24f3c7,1238,24.82182181752718,24.82182181752718,12.066119992948652,13.128850154892675,4.646644397784776e-05,0.06765485761808636,0.0006868160781617809
bfo-a7d84a931ad75b81180fb1321625d2044481cdc1305f26da0079240dfc24f3c7,1239,24.82159403756317,24.82159403756317,12.067072761192446,13.131688889038431,4.5611063338936886e-05,0.06754191332590707,0.0006753001372473977
bfo-a7d84a931ad75b81180fb1321625d2044481cdc1305f26da0079240dfc24f3c7,1240,24.825428213318098,24.825428213318098,12.065863755788051,13.125595635720186,4.715538980146899e-05,0.06797896287499942,0.0006936762169816994
bfo-a7d84a931ad75b81180fb1321625d2044481cdc1305f26da0079240dfc24f3c7,1241,24.821331974694104,24.821331974694104,12.067149564361555,13.132085274854605,4.580814075941468e-05,0.06745542849731553,0.000679087536464729
bfo-a7d84a931ad75b81180fb1321625d2044481cdc1305f26da0079240dfc24f3c7,1242,1000000.0,24.823359479145097,12.067907437394151,13.13679465821747,4.494659829390244e-05,0.06706087351026756,0.000670235801312978
bfo-a7d84a931ad75b81180fb1321625d2044481cdc1305f26da0079240dfc24f3c7,1243,24.821802859431635,24.821802859431635,12.066832818416836,13.131377087565706,4.6060362871915116e-05,0.06740862206417292,0.0006833007627431653
bfo-a7d84a931ad75b81180fb1321625d2044481cdc1305f26da0079240dfc24f3c7,1244,24.821864576256157,24.821864576256157,12.064568677409358,13.122074805592346,4.875498653991981e-05,0.06808560785807087,0.0007160835905519553
bfo-a7d84a931ad75b81180fb1321625d2044481cdc1305f26da0079240dfc24f3c7,1245,24.822186172027475,24.822186172027475,12.067369153804416,13.132193763115994,4.609210128967004e-05,0.06752970426160373,0.0006825455818836933
bfo-a7d84a931ad75b81180fb1321625d2044481cdc1305f26da0079240dfc24f3c7,1246,24.820801862124398,24.820801862124398,12.067173103572355,13.13003149703636,4.66871339218721e-05,0.06767911100520539,0.0006898307798144875
bfo-a7d84a931ad75b81180fb1321625d2044481cdc1305f26da0079240dfc24f3c7,1247,24.82206276071284,24.82206276071284,12.067449169566375,13.130788583111777,4.639731250864633e-05,0.06765570290652226,0.0006857856842127859
bfo-a7d84a931ad75b81180fb1321625d2044481cdc1305f26da0079240dfc24f3c7,1248,24.821017640685398,24.821017640685398,12.066790388476997,13.129283040055398,4.7183528352772204e-05,0.06766806722760851,0.0006972790902105353
bfo-a7d84a931ad75b81180fb1321625d2044481cdc1305f26da0079240dfc24f3c7,1249,24.821284045595903,24.821284045595903,12.067896985337851,13.13193456568432,4.647550204323853e-05,0.0676416663341804,0.000687083931575969
bfo-a7d84a931ad75b81180fb1321625d2044481cdc1305f26da0079240dfc24f3c7,1250,24.821432490664755,24.821432490664755,12.068012160416384,13.131994208483423,4.59806359855682e-05,0.06765395783026092,0.0006796444355987336
bfo-a7d84a931ad75b81180fb1321625d2044481cdc1305f26da0079240dfc24f3c7,1251,24.82379035103053,24.82379035103053,12.065720218078408,13.124366555050539,4.8549884059102256e-05,0.06810939453178068,0.0007128221355197672
bfo-a7d84a931ad75b81180fb1321625d2044481cdc1305f26da0079240dfc24f3c7,1252,24.82768973860513,24.82768973860513,12.068488915701058,13.13384929234999,4.6250830582573625e-05,0.06752616534656516,0.0006849319866632447
bfo-a7d84a931ad75b81180fb1321625d2044481cdc1305f26da0079240dfc24f3c7,1253,24.820333966963595,24.820333966963595,12.068025745580224,13.129424151589049,4.6138409388038393e-05,0.06802923785937055,0.0006782144095663002
bfo-a7d84a931ad75b81180fb1321625d2044481cdc1305f26da0079240dfc24f3c7,1254,24.82230954523684,24.82230954523684,12.068003241124885,13.128131236127048,4.57336459536794e-05,0.06819234939475359,0.0006706565525252007
bfo-a7d84a931ad75b81180fb1321625d2044481cdc1305f26da0079240dfc24f3c7,1255,24.82536155567181,24.82536155567181,12.067359453239607,13.127973952902668,4.7031417661734744e-05,0.06800334903216187,0.0006916044331800696
bfo-a7d84a931ad75b81180fb1321625d2044481cdc1305f26da0079240dfc24f3c7,1256,24.82039276191421,24.82039276191421,12.067802152306827,13.129433077999336,4.6143894944152614e-05,0.06793068248402075,0.0006792791306786442
bfo-a7d84a931ad75b81180fb1321625d2044481cdc1305f26da0079240dfc24f3c7,1257,1000000.000014004,24.81977582755875,12.068526255694085,13.130675097243849,4.5590558267541816e-05,0.06801706672766811,0.0006702811582581288
bfo-a7d84a931ad75b81180fb1321625d2044481cdc1305f26da0079240dfc24f3c7,1258,24.821993072191134,24.821993072191134,12.06705011063389,13.1270023958585,4.724581644410111e-05,0.06805222142189393,0.0006942582542779575
bfo-a7d84a931ad75b81180fb1321625d2044481cdc1305f26da0079240dfc24f3c7,1259,24.819149789439088,24.819149789439088,12.068358949002235,13.129683523164317,4.6227399269639354e-05,0.06809884201873344,0.0006788279785568537
bfo-a7d84a931ad75b81180fb1321625d2044481cdc1305f26da0079240dfc24f3c7,1260,1000000.0,24.801130769149342,12.066849797597015,13.125153477035726,4.563528974004005e-05,0.06818683528421864,0.0006692683352999375
bfo-a7d84a931ad75b81180fb1321625d2044481cdc1305f26da0079240dfc24f3c7,1261,24.819863465838736,24.819863465838736,12.068910007859643,13.131305107607194,4.549255756521817e-05,0.06807160764482693,0.0006683044390927552
bfo-a7d84a931ad75b81180fb1321625d2044481cdc1305f26da0079240dfc24f3c7,1262,24.825725387804063,24.825725387804063,12.067658449819888,13.1297051285901,4.7395017522782815e-05,0.06800558867090521,0.0006969282738237629
bfo-a7d84a931ad75b81180fb1321625d2044481cdc1305f26da0079240dfc24f3c7,1263,24.81930449496797,24.81930449496797,12.068219782666873,13.129891129940482,4.620283264791458e-05,0.06803030315865068,0.000679150768153522
bfo-a7d84a931ad75b81180fb1321625d2044481cdc1305f26da0079240dfc24f3c7,1264,24.821855932969815,24.821855932969815,12.068301950015234,13.127817265740628,4.6153889645779066e-05,0.06828340870899718,0.0006759166028525714
bfo-a7d84a931ad75b81180fb1321625d2044481cdc1305f26da0079240dfc24f3c7,1265,24.81818919007539,24.81818919007539,12.067851752395137,13.128845017882494,4.642680747792218e-05,0.06801428285590125,0.0006826037933280063
bfo-a7d84a931ad75b81180fb1321625d2044481cdc1305f26da0079240dfc24f3c7,1266,24.824737642515117,24.824737642515117,12.068455051252522,13.132601287255774,4.6617413320062445e-05,0.06774346781982844,0.0006881462496730582
bfo-a7d84a931ad75b81180fb1321625d2044481cdc1305f26da0079240dfc24f3c7,1267,1000000.0000044517,24.81856348031223,12.068073589075754,13.129127637792607,4.6207965673786e-05,0.06808958717360052,0.0006786348337811866
bfo-a7d84a931ad75b81180fb1321625d2044481cdc1305f26da0079240dfc24f3c7,1268,24.822886666674385,24.822886666674385,12.066791822099393,13.1250803286038,4.761102940039146e-05,0.06806297607703447,0.0006995143636755575
bfo-a7d84a931ad75b81180fb1321625d2044481cdc1305f26da0079240dfc24f3c7,1269,1000000.0000139701,24.8176008009898,12.067413514530369,13.127349254069463,4.6576088967522574e-05,0.06810780259935487,0.0006838583420684865
bfo-a7d84a931ad75b81180fb1321625d2044481cdc1305f26da0079240dfc24f3c7,1270,24.81911623943347,24.81911623943347,12.065841700737023,13.125270289336425,4.7652320124620873e-05,0.06779967726632251,0.0007028399255860582
bfo-a7d84a931ad75b81180fb1321625d2044481cdc1305f26da0079240dfc24f3c7,1271,24.817666392782844,24.817666392782844,12.068756071802774,13.131837460763661,4.521270797522352e-05,0.06779355427049183,0.0006669175036143964
bfo-a7d84a931ad75b81180fb1321625d2044481cdc1305f26da0079240dfc24f3c7,1272,1000000.0,24.823758073964953,12.072347788428788,13.14231906090559,4.3197189139180636e-05,0.06731050046519851,0.0006417600350708258
bfo-a7d84a931ad75b81180fb1321625d2044481cdc1305f26da0079240dfc24f3c7,1273,24.816072031989442,24.816072031989442,12.068059474852143,13.130316398697458,4.5825716616942195e-05,0.06785913454766573,0.0006753065290679947
bfo-a7d84a931ad75b81180fb1321625d2044481cdc1305f26da0079240dfc24f3c7,1274,24.823947043934137,24.823947043934137,12.066105248458973,13.122215412257644,4.875156755459396e-05,0.06859283169286973,0.0007107385181717424
bfo-a7d84a931ad75b81180fb1321625d2044481cdc1305f26da0079240dfc24f3c7,1275,24.8157284390026,24.8157284390026,12.068644026411619,13.132203594106892,4.522346363999992e-05,0.06773089489025078,0.0006676932840364614
bfo-a7d84a931ad75b81180fb1321625d2044481cdc1305f26da0079240dfc24f3c7,1276,24.818263553579456,24.818263553579456,12.068802174763384,13.132543519949547,4.47366302119042e-05,0.06771744267670966,0.0006606367346959878
bfo-a7d84a931ad75b81180fb1321625d2044481cdc1305f26da0079240dfc24f3c7,1277,24.815230967395216,24.815230967395216,12.069257315329383,13.133646227765292,4.497777893430112e-05,0.06769996298017926,0.0006643693283476302
bfo-a7d84a931ad75b81180fb1321625d2044481cdc1305f26da0079240dfc24f3c7,1278,24.81887945059227,24.81887945059227,12.071918500538743,13.143188250239662,4.2703537914601745e-05,0.06735509734808381,0.0006340060306633439
bfo-a7d84a931ad75b81180fb1321625d2044481cdc1305f26da0079240dfc24f3c7,1279,24.816100277988397,24.816100277988397,12.06875535321866,13.131151222451525,4.574710466734207e-05,0.06792102339707098,0.0006735337952713307
bfo-a7d84a931ad75b81180fb1321625d2044481cdc1305f26da0079240dfc24f3c7,1280,24.820701791015992,24.820701791015992,12.070344275580188,13.1369277512575,4.459051863783728e-05,0.0675292111093565,0.0006603145202692741
bfo-a7d84a931ad75b81180fb1321625d2044481cdc1305f26da0079240dfc24f3c7,1281,24.815187186344644,24.815187186344644,12.068939980469882,13.132829790671135,4.504137038618113e-05,0.06768906848830754,0.000665415722096419
bfo-a7d84a931ad75b81180fb1321625d2044481cdc1305f26da0079240dfc24f3c7,1282,24.819107213696586,24.819107213696586,12.069336329770435,13.134343835698571,4.450565140537888e-05,0.0675692689171388,0.000658667055580501
bfo-a7d84a931ad75b81180fb1321625d2044481cdc1305f26da0079240dfc24f3c7,1283,24.814726208332182,24.814726208332182,12.068423088773738,13.13171732513059,4.534451689208909e-05,0.0676687829118906,0.0006700950562555672
bfo-a7d84a931ad75b81180fb1321625d2044481cdc1305f26da0079240dfc24f3c7,1284,24.816039796616046,24.816039796616046,12.06707543444345,13.130359666970296,4.530311408150009e-05,0.06738918919799515,0.0006722608569810167
bfo-a7d84a931ad75b81180fb1321625d2044481cdc1305f26da0079240dfc24f3c7,1285,24.814118776566318,24.814118776566318,12.068869417744258,13.133594387762647,4.50307217302349e-05,0.06754963256141328,0.0006666316310350744
bfo-a7d84a931ad75b81180fb1321625d2044481cdc1305f26da0079240dfc24f3c7,1286,24.815275340585586,24.815275340585586,12.067384900155435,13.130144569795617,4.6927429734369834e-05,0.06773928098779473,0.0006927653947615006
bfo-a7d84a931ad75b81180fb1321625d2044481cdc1305f26da0079240dfc24f3c7,1287,24.813975763613293,24.813975763613293,12.068507250310054,13.13153892129306,4.5281737788405696e-05,0.06772846028764042,0.0006685776938689545
bfo-a7d84a931ad75b81180fb1321625d2044481cdc1305f26da0079240dfc24f3c7,1288,24.818788088348597,24.818788088348597,12.067017117261502,13.12881508706505,4.69340065980973e-05,0.0675967768195262,0.0006943231438890118
bfo-a7d84a931ad75b81180fb1321625d2044481cdc1305f26da0079240dfc24f3c7,1289,24.814561819427695,24.814561819427695,12.0687747880232,13.13227144759283,4.4717870998283865e-05,0.06770500250749614,0.0006604810478122766
bfo-a7d84a931ad75b81180fb1321625d2044481cdc1305f26da0079240dfc24f3c7,1290,24.814795688166605,24.814795688166605,12.06728148507513,13.128442244964686,4.5999966424355836e-05,0.06783249496322177,0.0006781405644786712
bfo-a7d84a931ad75b81180fb1321625d2044481cdc1305f26da0079240dfc24f3c7,1291,24.814181662987977,24.814181662987977,12.067605414475564,13.13000785037271,4.607170986031592e-05,0.06769776325272722,0.0006805499568475021
bfo-a7d84a931ad75b81180fb1321625d2044481cdc1305f26da0079240dfc24f3c7,1292,24.8200891334304,24.8200891334304,12.067736718550837,13.129164036983404,4.603409729369103e-05,0.06794805315320988,0.0006774895697142776
bfo-a7d84a931ad75b81180fb1321625d2044481cdc1305f26da0079240dfc24f3c7,1293,24.813240164189054,24.813240164189054,12.069562970247887,13.134935662283612,4.436051504521589e-05,0.06750500276382312,0.0006571441112359944
bfo-a7d84a931ad75b81180fb1321625d2044481cdc1305f26da0079240dfc24f3c7,1294,24.80827593428147,24.80827593428147,12.066166293262519,13.124591681439624,4.66764086000691e-05,0.06803444218724487,0.0006860702770459403
bfo-a7d84a931ad75b81180fb1321625d2044481cdc1305f26da0079240dfc24f3c7,1295,24.78892409498235,24.78892409498235,12.06528822622229,13.1227959831133,4.5404102805824035e-05,0.06789267905167723,0.0006687628686925761
bfo-a7d84a931ad75b81180fb1321625d2044481cdc1305f26da0079240dfc24f3c7,1296,24.77167860568715,24.77167860568715,12.06685173591555,13.129463959397691,4.1765000403617695e-05,0.06704269115508837,0.0006229612756296379
bfo-a7d84a931ad75b81180fb1321625d2044481cdc1305f26da0079240dfc24f3c7,1297,1000000.0,24.766027335057444,12.06753206409195,13.138674583117917,3.9013363838749657e-05,0.06585697087070645,0.0005923953580455827
bfo-a7d84a931ad75b81180fb1321625d2044481cdc1305f26da0079240dfc24f3c7,1298,1000000.0000788645,24.77190213104151,12.067083416525778,13.13034636520843,4.133226910311189e-05,0.06697832635142843,0.0006170991625894875
bfo-a7d84a931ad75b81180fb1321625d2044481cdc1305f26da0079240dfc24f3c7,1299,1000000.0,24.77373536168901,12.06621759342893,13.126368009441038,4.304347450899887e-05,0.06730186153596718,0.0006395584539068916
bfo-a7d84a931ad75b81180fb1321625d2044481cdc1305f26da0079240dfc24f3c7,1300,1000000.0000403188,24.771262578582906,12.0668751901668,13.130213840058314,4.1826487042594246e-05,0.0669634426343734,0.0006246167370899782
bfo-a7d84a931ad75b81180fb1321625d2044481cdc1305f26da0079240dfc24f3c7,1301,1000000.0,24.770109161083678,12.067162400315844,13.129300600564058,4.160692104921687e-05,0.06717627209118263,0.0006193693063637284
bfo-a7d84a931ad75b81180fb1321625d2044481cdc1305f26da0079240dfc24f3c7,1302,24.770586382165433,24.770586382165433,12.06729831482469,13.129555696568419,4.150571383326171e-05,0.06720766655167898,0.000617574094784947
bfo-a7d84a931ad75b81180fb1321625d2044481cdc1305f26da0079240dfc24f3c7,1303,1000000.0,24.774319600527576,12.067170774954997,13.128100610131831,4.143616657458688e-05,0.06731279875009281,0.000615576344231709
bfo-a7d84a931ad75b81180fb1321625d2044481cdc1305f26da0079240dfc24f3c7,1304,1000000.0000234795,24.772468526774592,12.066916753682035,13.127444436701467,4.154584929782465e-05,0.06742138707104799,0.0006162117260216561
bfo-a7d84a931ad75b81180fb1321625d2044481cdc1305f26da0079240dfc24f3c7,1305,1000000.0,24.772025591774906,12.066481079700493,13.1280751925584,4.267757970423384e-05,0.06710711780647081,0.0006359620424663604
bfo-a7d84a931ad75b81180fb1321625d2044481cdc1305f26da0079240dfc24f3c7,1306,1000000.0000356145,24.77076771557216,12.066816836503879,13.127900624051309,4.216322966326023e-05,0.06729032648295827,0.0006265867899145704
bfo-a7d84a931ad75b81180fb1321625d2044481cdc1305f26da0079240dfc24f3c7,1307,24.771170741779343,24.771170741779343,12.067883010462964,13.131476334971735,4.137661634600334e-05,0.06725025612812414,0.0006152633272826985
bfo-a7d84a931ad75b81180fb1321625d2044481cdc1305f26da0079240dfc24f3c7,1308,1000000.0000143929,24.770317620892595,12.067485328846594,13.130202565566407,4.135503876883414e-05,0.06712342706005446,0.0006161044002093981
bfo-a7d84a931ad75b81180fb1321625d2044481cdc1305f26da0079240dfc24f3c7,1309,1000000.0,24.773947078926145,12.066098105689397,13.129191966637714,4.2188447096945183e-05,0.06679710366207345,0.0006315909640390478
bfo-a7d84a931ad75b81180fb1321625d2044481cdc1305f26da0079240dfc24f3c7,1310,1000000.0000076812,24.770532295249218,12.06725292868588,13.129877654456891,4.140271972462413e-05,0.06713559171139964,0.000616702983755693
bfo-a7d84a931ad75b81180fb1321625d2044481cdc1305f26da0079240dfc24f3c7,1311,1000000.0,24.774640818467745,12.068035630770044,13.13090931843614,4.0857276919660615e-05,0.0672132340290521,0.0006078754803258024
bfo-a7d84a931ad75b81180fb1321625d2044481cdc1305f26da0079240dfc24f3c7,1312,1000000.0000006913,24.772237186739893,12.068757712135628,13.13307999886539,4.046854599216749e-05,0.06706574019635805,0.0006034160791140437
bfo-a7d84a931ad75b81180fb1321625d2044481cdc1305f26da0079240dfc24f3c7,1313,24.770606191888838,24.770606191888838,12.067584754827765,13.130136950364308,4.132962529644053e-05,0.0673690698105927,0.0006134807176741235
bfo-a7d84a931ad75b81180fb1321625d2044481cdc1305f26da0079240dfc24f3c7,1314,1000000.0000199777,24.7705856447773,12.067840800911727,13.13189010792749,4.105692511709956e-05,0.06703809763473861,0.0006124416796669985
bfo-a7d84a931ad75b81180fb1321625d2044481cdc1305f26da0079240dfc24f3c7,1315,1000000.0,24.77302062488566,12.06863294388035,13.132625319901365,4.042574695713574e-05,0.06728948918654182,0.0006007735746821668
bfo-a7d84a931ad75b81180fb1321625d2044481cdc1305f26da0079240dfc24f3c7,1316,24.771319330873947,24.771319330873947,12.067454595313249,13.129182404036193,4.1122844638978486e-05,0.06730228126281296,0.0006110170987874137
bfo-a7d84a931ad75b81180fb1321625d2044481cdc1305f26da0079240dfc24f3c7,1317,24.76675459412948,24.76675459412948,12.066481708921263,13.126336587139498,4.231837650017411e-05,0.06752158958019716,0.0006267384515572085
bfo-a7d84a931ad75b81180fb1321625d2044481cdc1305f26da0079240dfc24f3c7,1318,24.76609339508158,24.76609339508158,12.066073986616722,13.12364680966597,4.240417416502331e-05,0.06791281396776915,0.0006243913583841185
bfo-a7d84a931ad75b81180fb1321625d2044481cdc1305f26da0079240dfc24f3c7,1319,24.765074668899402,24.765074668899402,12.066348565233813,13.12288171334226,4.265267389002457e-05,0.06817983639330684,0.0006255907339521241
bfo-a7d84a931ad75b81180fb1321625d2044481cdc1305f26da0079240dfc24f3c7,1320,24.764410400325833,24.764410400325833,12.065829104981475,13.120655148330703,4.291992429274932e-05,0.06844663002457799,0.0006270567926768276
bfo-a7d84a931ad75b81180fb1321625d2044481cdc1305f26da0079240dfc24f3c7,1321,1000000.0,24.761342204725292,12.064911507943027,13.119210479626943,4.413889103863942e-05,0.06862858312622504,0.0006431560878571108
bfo-a7d84a931ad75b81180fb1321625d2044481cdc1305f26da0079240dfc24f3c7,1322,24.765320195457118,24.765320195457118,12.066334195192038,13.120855844784275,4.268160786703737e-05,0.06855634754214042,0.0006225770391399821
bfo-a7d84a931ad75b81180fb1321625d2044481cdc1305f26da0079240dfc24f3c7,1323,24.7752916915835,24.7752916915835,12.067812881826784,13.126456425175954,4.2334378882990044e-05,0.06819442127255203,0.0006207894735816089
bfo-a7d84a931ad75b81180fb1321625d2044481cdc1305f26da0079240dfc24f3c7,1324,1000000.0000223283,24.76401604833915,12.066363810435577,13.122217295137444,4.254537606496037e-05,0.06834830818671941,0.0006224788468608686
bfo-a7d84a931ad75b81180fb1321625d2044481cdc1305f26da0079240dfc24f3c7,1325,24.762663164592595,24.762663164592595,12.066369330837363,13.123983958241121,4.2023944198921815e-05,0.06812301011997693,0.0006168832546434759
bfo-a7d84a931ad75b81180fb1321625d2044481cdc1305f26da0079240dfc24f3c7,1326,24.763355695652706,24.763355695652706,12.067440378780544,13.124873377265638,4.165093225619952e-05,0.06847910457878485,0.0006082283422424185
bfo-a7d84a931ad75b81180fb1321625d2044481cdc1305f26da0079240dfc24f3c7,1327,24.762560250449432,24.762560250449432,12.066453687565668,13.124115250717233,4.182652179227815e-05,0.06816950011837686,0.0006135665029030002
bfo-a7d84a931ad75b81180fb1321625d2044481cdc1305f26da0079240dfc24f3c7,1328,24.76694808993213,24.76694808993213,12.069593644644877,13.133436784658722,3.9637787898282154e-05,0.06776858982284192,0.0005848991103681182
bfo-a7d84a931ad75b81180fb1321625d2044481cdc1305f26da0079240dfc24f3c7,1329,24.763078328426538,24.763078328426538,12.066743684200611,13.123675823707025,4.171720485185182e-05,0.06823650957054218,0.0006113619397358684
bfo-a7d84a931ad75b81180fb1321625d2044481cdc1305f26da0079240dfc24f3c7,1330,24.7649208717367,24.7649208717367,12.066053025672865,13.12199086581334,4.18270712742591e-05,0.06841058986056808,0.0006114122295906157
bfo-a7d84a931ad75b81180fb1321625d2044481cdc1305f26da0079240dfc24f3c7,1331,24.762876001371147,24.762876001371147,12.06698902991762,13.126196215443079,4.1309310823491586e-05,0.06804337246732696,0.0006071026365327126
bfo-a7d84a931ad75b81180fb1321625d2044481cdc1305f26da0079240dfc24f3c7,1332,24.7644308879987,24.7644308879987,12.065270849544309,13.120331319071443,4.255892261324518e-05,0.06832259876475555,0.0006229113555791639
bfo-a7d84a931ad75b81180fb1321625d2044481cdc1305f26da0079240dfc24f3c7,1333,24.76266803637865,24.76266803637865,12.066567478948446,13.124767500365635,4.1410113793985226e-05,0.06813736046372713,0.0006077446134126353
bfo-a7d84a931ad75b81180fb1321625d2044481cdc1305f26da0079240dfc24f3c7,1334,1000000.0,24.764689128512835,12.065673756648904,13.121489621316382,4.262785084279545e-05,0.06820350075205717,0.0006250097190430463
bfo-a7d84a931ad75b81180fb1321625d2044481cdc1305f26da0079240dfc24f3c7,1335,24.762540595827666,24.762540595827666,12.066538833310464,13.125144016059417,4.151527812782902e-05,0.06799281175743192,0.0006105833404262946
bfo-a7d84a931ad75b81180fb1321625d2044481cdc1305f26da0079240dfc24f3c7,1336,24.76902534743178,24.76902534743178,12.068729519838694,13.130785206716979,4.0424523338970776e-05,0.06788513629458345,0.0005954841596480118
bfo-a7d84a931ad75b81180fb1321625d2044481cdc1305f26da0079240dfc24f3c7,1337,24.762423914568988,24.762423914568988,12.066184699881282,13.12384512791128,4.196446450922403e-05,0.06813142327481013,0.000615934065254429
bfo-a7d84a931ad75b81180fb1321625d2044481cdc1305f26da0079240dfc24f3c7,1338,24.763468825075883,24.763468825075883,12.06375217096566,13.118108891101024,4.383872114136505e-05,0.06862352633267729,0.0006388293269693114
bfo-a7d84a931ad75b81180fb1321625d2044481cdc1305f26da0079240dfc24f3c7,1339,24.76151074779567,24.76151074779567,12.065846279659457,13.123466556109102,4.23116957954984e-05,0.06810945767449145,0.0006212308428252997
bfo-a7d84a931ad75b81180fb1321625d2044481cdc1305f26da0079240dfc24f3c7,1340,24.76155487711828,24.76155487711828,12.06452421557208,13.122053627540847,4.2858752611546545e-05,0.06795282394508882,0.0006307133408639464
bfo-a7d84a931ad75b81180fb1321625d2044481cdc1305f26da0079240dfc24f3c7,1341,24.76167100119147,24.76167100119147,12.065395742037804,13.121872579812157,4.281039727498511e-05,0.06818649816452321,0.0006278427317339337
bfo-a7d84a931ad75b81180fb1321625d2044481cdc1305f26da0079240dfc24f3c7,1342,1000000.0,24.762857245310542,12.066746834265462,13.125664941147107,4.126649210721917e-05,0.06804533417402174,0.0006064558666385952
bfo-a7d84a931ad75b81180fb1321625d2044481cdc1305f26da0079240dfc24f3c7,1343,24.761284981806593,24.761284981806593,12.065549782142533,13.122461592695636,4.2464943644340645e-05,0.06812132221792616,0.0006233722755481979
bfo-a7d84a931ad75b81180fb1321625d2044481cdc1305f26da0079240dfc24f3c7,1344,24.76208299012594,24.76208299012594,12.0656081647339,13.12302217313637,4.21591440050384e-05,0.06811978229046643,0.0006188972217390468
bfo-a7d84a931ad75b81180fb1321625d2044481cdc1305f26da0079240dfc24f3c7,1345,24.760888361997605,24.760888361997605,12.064880110046788,13.12263685545407,4.2329440434826726e-05,0.06788245492900541,0.0006235696761276062
bfo-a7d84a931ad75b81180fb1321625d2044481cdc1305f26da0079240dfc24f3c7,1346,24.760001208335964,24.760001208335964,12.064080643363427,13.120671068742485,4.34303971767129e-05,0.06812425426495587,0.0006375173959013029
bfo-a7d84a931ad75b81180fb1321625d2044481cdc1305f26da0079240dfc24f3c7,1347,1000000.0,24.762325285736168,12.06315460053593,13.118421552159049,4.4611565032443784e-05,0.06828551233444663,0.0006533093698403647
bfo-a7d84a931ad75b81180fb1321625d2044481cdc1305f26da0079240dfc24f3c7,1348,24.761648690156697,24.761648690156697,12.06284940858648,13.118259849688343,4.4544413113326844e-05,0.06823528744781121,0.000652806118057259
bfo-a7d84a931ad75b81180fb1321625d2044481cdc1305f26da0079240dfc24f3c7,1349,24.7612852579937,24.7612852579937,12.064989749745424,13.122903928078575,4.2537321196269136e-05,0.06814512924046587,0.0006242166046257884
bfo-a7d84a931ad75b81180fb1321625d2044481cdc1305f26da0079240dfc24f3c7,1350,24.760228007611758,24.760228007611758,12.064364144300203,13.12200854573018,4.3138853504138065e-05,0.06801451230121477,0.0006342595432146851
bfo-a7d84a931ad75b81180fb1321625d2044481cdc1305f26da0079240dfc24f3c7,1351,24.761535032035656,24.761535032035656,12.065012515157814,13.12243148497654,4.322519167135814e-05,0.0681793898779919,0.0006339920575515608
bfo-a7d84a931ad75b81180fb1321625d2044481cdc1305f26da0079240dfc24f3c7,1352,1000000.0000051016,24.760282634832336,12.064957754117742,13.122449360219958,4.265179848889846e-05,0.06814215507735183,0.0006259238270418966
bfo-a7d84a931ad75b81180fb1321625d2044481cdc1305f26da0079240dfc24f3c7,1353,1000000.0,24.760691828680095,12.064536930595802,13.122997208652171,4.290584300023902e-05,0.06790922783610588,0.0006318116751936753
bfo-a7d84a931ad75b81180fb1321625d2044481cdc1305f26da0079240dfc24f3c7,1354,24.760012759960876,24.760012759960876,12.06378684058618,13.119901269506823,4.346170641604852e-05,0.0681539111428367,0.0006376993731872796
bfo-a7d84a931ad75b81180fb1321625d2044481cdc1305f26da0079240dfc24f3c7,1355,1000000.0,24.760136679960603,12.062387427153519,13.11840057587183,4.550077644137089e-05,0.06808850755188188,0.0006682592713124215
bfo-a7d84a931ad75b81180fb1321625d2044481cdc1305f26da0079240dfc24f3c7,1356,1000000.0000386083,24.760223983975028,12.063890429547689,13.119660520646812,4.376097746859829e-05,0.06817213011639772,0.0006419188808370869
bfo-a7d84a931ad75b81180fb1321625d2044481cdc1305f26da0079240dfc24f3c7,1357,24.760654271905324,24.760654271905324,12.06481505074761,13.122551269930632,4.2650473169604254e-05,0.06807833603431461,0.0006264911226400489
bfo-a7d84a931ad75b81180fb1321625d2044481cdc1305f26da0079240dfc24f3c7,1358,1000000.0000758783,24.759800741006153,12.064226796856751,13.121248399916267,4.3246054987618414e-05,0.06803746006562221,0.000635621243737017
bfo-a7d84a931ad75b81180fb1321625d2044481cdc1305f26da0079240dfc24f3c7,1359,24.761302014671877,24.761302014671877,12.064717239727138,13.123902557615205,4.284136721559549e-05,0.06798080968100396,0.000630197954637877
bfo-a7d84a931ad75b81180fb1321625d2044481cdc1305f26da0079240dfc24f3c7,1360,1000000.0000136484,24.7602355675768,12.063810412317547,13.120724741764894,4.367707697257085e-05,0.06803141156302102,0.0006420133871852786
bfo-a7d84a931ad75b81180fb1321625d2044481cdc1305f26da0079240dfc24f3c7,1361,24.76117914173566,24.76117914173566,12.063848456450874,13.120489132016559,4.355720939588517e-05,0.06814165334816849,0.0006392156229807109
bfo-a7d84a931ad75b81180fb1321625d2044481cdc1305f26da0079240dfc24f3c7,1362,24.75987870977923,24.75987870977923,12.063446830603919,13.119399155780325,4.374214370773163e-05,0.0681208590909488,0.0006421255440911437
bfo-a7d84a931ad75b81180fb1321625d2044481cdc1305f26da0079240dfc24f3c7,1363,24.76242531334983,24.76242531334983,12.061261992052394,13.116348835790735,4.5553417453533536e-05,0.06859325157938609,0.0006641093169466167
bfo-a7d84a931ad75b81180fb1321625d2044481cdc1305f26da0079240dfc24f3c7,1364,24.760001297183656,24.760001297183656,12.062817429350915,13.11870495436699,4.429444945141707e-05,0.06802159530172809,0.000651182161414138
bfo-a7d84a931ad75b81180fb1321625d2044481cdc1305f26da0079240dfc24f3c7,1365,24.761935759018698,24.761935759018698,12.062687329461925,13.118317095661206,4.398861641802974e-05,0.06815593787982845,0.0006454113579302485
bfo-a7d84a931ad75b81180fb1321625d2044481cdc1305f26da0079240dfc24f3c7,1366,24.760192032411133,24.760192032411133,12.063698942091795,13.119638438548744,4.3588550954597114e-05,0.06813614567684569,0.0006397272772270939
bfo-a7d84a931ad75b81180fb1321625d2044481cdc1305f26da0079240dfc24f3c7,1367,24.7597787591703,24.7597787591703,12.062741517353867,13.118570028995226,4.409241958599254e-05,0.06805895316029408,0.000647856270756105
bfo-a7d84a931ad75b81180fb1321625d2044481cdc1305f26da0079240dfc24f3c7,1368,24.75945085555675,24.75945085555675,12.063119475501981,13.118856491405824,4.395687824926157e-05,0.06813022100329817,0.0006451891334263194
bfo-a7d84a931ad75b81180fb1321625d2044481cdc1305f26da0079240dfc24f3c7,1369,24.759783303304566,24.759783303304566,12.063055813666447,13.118882333617298,4.389757387177674e-05,0.06814143136607421,0.0006442126763664105
bfo-a7d84a931ad75b81180fb1321625d2044481cdc1305f26da0079240dfc24f3c7,1370,24.759561328264166,24.759561328264166,12.063347018910452,13.121121964591348,4.350894387676152e-05,0.067763535839027,0.0006420701537788329
bfo-a7d84a931ad75b81180fb1321625d2044481cdc1305f26da0079240dfc24f3c7,1371,24.759130160507333,24.759130160507333,12.062507033793018,13.117392744475968,4.514418117119857e-05,0.06852942064051055,0.000658756206447658
bfo-a7d84a931ad75b81180fb1321625d2044481cdc1305f26da0079240dfc24f3c7,1372,24.761895696869225,24.761895696869225,12.06128466088568,13.116735931642122,4.61109167186877e-05,0.0685131658806839,0.0006730227121454312
bfo-a7d84a931ad75b81180fb1321625d2044481cdc1305f26da0079240dfc24f3c7,1373,24.758547581794396,24.758547581794396,12.063397256718758,13.118235572784085,4.440453970811148e-05,0.06845539469029016,0.0006486638475902309
bfo-a7d84a931ad75b81180fb1321625d2044481cdc1305f26da0079240dfc24f3c7,1374,1000000.0,24.75850508454611,12.06391087009799,13.118760798305308,4.406593300631086e-05,0.06851840082104367,0.000643125532386581
bfo-a7d84a931ad75b81180fb1321625d2044481cdc1305f26da0079240dfc24f3c7,1375,24.758916676138973,24.758916676138973,12.0629407154143,13.118106405754437,4.515206595579549e-05,0.06835348666764256,0.0006605671218403224
bfo-a7d84a931ad75b81180fb1321625d2044481cdc1305f26da0079240dfc24f3c7,1376,24.760619246068906,24.760619246068906,12.062865839433638,13.117601168429948,4.4481306528477415e-05,0.06848067307852762,0.0006495454049855813
bfo-a7d84a931ad75b81180fb1321625d2044481cdc1305f26da0079240dfc24f3c7,1377,24.758636014921763,24.758636014921763,12.064136149332128,13.119327058811994,4.387261089338663e-05,0.06843342436379878,0.00064109916026057
bfo-a7d84a931ad75b81180fb1321625d2044481cdc1305f26da0079240dfc24f3c7,1378,24.7591119621223,24.7591119621223,12.06511641806403,13.120596785681208,4.284037384800443e-05,0.06859782838641625,0.000624515015354155
bfo-a7d84a931ad75b81180fb1321625d2044481cdc1305f26da0079240dfc24f3c7,1379,24.758543054236142,24.758543054236142,12.063770634206406,13.118946948880735,4.432009272537398e-05,0.06844326434697572,0.0006475449870522188
bfo-a7d84a931ad75b81180fb1321625d2044481cdc1305f26da0079240dfc24f3c7,1380,24.759060981699893,24.759060981699893,12.064350632945846,13.119987718385302,4.3603671242625884e-05,0.06838611490215338,0.0006376100076018921
bfo-a7d84a931ad75b81180fb1321625d2044481cdc1305f26da0079240dfc24f3c7,1381,24.7586837659318,24.7586837659318,12.063961929872482,13.119265348848273,4.405182954819497e-05,0.06843720357497576,0.0006436824891586107
bfo-a7d84a931ad75b81180fb1321625d2044481cdc1305f26da0079240dfc24f3c7,1382,1000000.0,24.760525644588647,12.06396196185335,13.117946568476793,4.445649332542706e-05,0.06869461149925629,0.0006471612890031173
bfo-a7d84a931ad75b81180fb1321625d2044481cdc1305f26da0079240dfc24f3c7,1383,24.759926526862092,24.759926526862092,12.065268142517173,13.12332522553466,4.3273291646739606e-05,0.06826171261706254,0.0006339321119804884
bfo-a7d84a931ad75b81180fb1321625d2044481cdc1305f26da0079240dfc24f3c7,1384,24.760041222405984,24.760041222405984,12.063510079275474,13.11868108045351,4.4496195819839357e-05,0.06843931279446193,0.0006501555027805593
bfo-a7d84a931ad75b81180fb1321625d2044481cdc1305f26da0079240dfc24f3c7,1385,24.758915109214485,24.758915109214485,12.064017396165369,13.11928258592617,4.453663938503196e-05,0.06844911319268052,0.0006506532708417091
bfo-a7d84a931ad75b81180fb1321625d2044481cdc1305f26da0079240dfc24f3c7,1386,24.75840534059565,24.75840534059565,12.0643455423918,13.119630181586817,4.349269251291625e-05,0.06862543043422356,0.0006337693219221895
bfo-a7d84a931ad75b81180fb1321625d2044481cdc1305f26da0079240dfc24f3c7,1387,1000000.0,24.75968783046958,12.062630502710007,13.117278217819639,4.571654729512298e-05,0.06867298553971314,0.0006657137000208823
bfo-a7d84a931ad75b81180fb1321625d2044481cdc1305f26da0079240dfc24f3c7,1388,24.758875782266742,24.758875782266742,12.065074008240977,13.12300104104801,4.281630955232773e-05,0.06840829149074087,0.0006258935666902741
bfo-a7d84a931ad75b81180fb1321625d2044481cdc1305f26da0079240dfc24f3c7,1389,1000000.0,24.759724051442277,12.064777722752318,13.121483220842086,4.2961610968610886e-05,0.06851001326371697,0.0006270851357631168
bfo-a7d84a931ad75b81180fb1321625d2044481cdc1305f26da0079240dfc24f3c7,1390,24.759049373312223,24.759049373312223,12.065086769828909,13.122623302534308,4.3021053237523765e-05,0.06840175959815199,0.0006289465869045576
bfo-a7d84a931ad75b81180fb1321625d2044481cdc1305f26da0079240dfc24f3c7,1391,1000000.0,24.760707446866675,12.065071685347265,13.121127327973785,4.294877695794387e-05,0.06871129314900394,0.0006250613980558808
bfo-a7d84a931ad75b81180fb1321625d2044481cdc1305f26da0079240dfc24f3c7,1392,1000000.0000083784,24.758161193788318,12.064527397904024,13.120423663909166,4.3329377670263666e-05,0.06854319933507594,0.0006321469976685275
bfo-a7d84a931ad75b81180fb1321625d2044481cdc1305f26da0079240dfc24f3c7,1393,24.76151744248645,24.76151744248645,12.065041211343766,13.121384340469929,4.286626931095383e-05,0.0685992110810268,0.000624879916772247
bfo-a7d84a931ad75b81180fb1321625d2044481cdc1305f26da0079240dfc24f3c7,1394,1000000.000015636,24.761106138112776,12.065806093963609,13.125148946894265,4.210519501603594e-05,0.0683037696604818,0.0006164402817784236
bfo-a7d84a931ad75b81180fb1321625d2044481cdc1305f26da0079240dfc24f3c7,1395,1000000.0000134399,24.760518360418157,12.065618767929957,13.123145890919131,4.230590576231976e-05,0.06851186728275344,0.0006174974853293696
bfo-a7d84a931ad75b81180fb1321625d2044481cdc1305f26da0079240dfc24f3c7,1396,1000000.0,24.7585839297572,12.063596273546661,13.116934322034515,4.422584389443353e-05,0.06899879468137105,0.0006409654559715671
bfo-a7d84a931ad75b81180fb1321625d2044481cdc1305f26da0079240dfc24f3c7,1397,1000000.0000229944,24.758113185847378,12.064175841916926,13.119584485968922,4.3229414483180595e-05,0.06855811447299873,0.0006305513915527284
bfo-a7d84a931ad75b81180fb1321625d2044481cdc1305f26da0079240dfc24f3c7,1398,1000000.0,24.761641548934694,12.06270016066782,13.116291700874331,4.5826988011269185e-05,0.06915255475213483,0.0006626940707473204
bfo-a7d84a931ad75b81180fb1321625d2044481cdc1305f26da0079240dfc24f3c7,1399,1000000.0000171597,24.758354438947897,12.064395558337875,13.119794245822513,4.377208044233422e-05,0.0685500710463639,0.0006385417224838313
bfo-a7d84a931ad75b81180fb1321625d2044481cdc1305f26da0079240dfc24f3c7,1400,1000000.0000155023,24.758446398291092,12.06460626151542,13.120367159692963,4.328996476547057e-05,0.06862719859174668,0.0006307989493057459
bfo-a7d84a931ad75b81180fb1321625d2044481cdc1305f26da0079240dfc24f3c7,1401,1000000.0000268571,24.758322252340633,12.064834626948572,13.119822123941432,4.3480730714235556e-05,0.06874558164262047,0.0006324876403006333
bfo-a7d84a931ad75b81180fb1321625d2044481cdc1305f26da0079240dfc24f3c7,1402,1000000.0000086302,24.75842457548945,12.064402056603127,13.11945878826626,4.327474423726149e-05,0.06866325532227116,0.0006302460323815317
bfo-a7d84a931ad75b81180fb1321625d2044481cdc1305f26da0079240dfc24f3c7,1403,1000000.0000121191,24.759168340234766,12.06405679804123,13.119884112261744,4.393663288036453e-05,0.06856366456034708,0.0006408151192340836
bfo-a7d84a931ad75b81180fb1321625d2044481cdc1305f26da0079240dfc24f3c7,1404,1000000.0000292436,24.758336183640317,12.064361389880526,13.118545887681368,4.35721933127723e-05,0.06881080729281934,0.0006332172957563778
bfo-a7d84a931ad75b81180fb1321625d2044481cdc1305f26da0079240dfc24f3c7,1405,24.758570471883907,24.758570471883907,12.064349113907914,13.119539108838877,4.314624586885715e-05,0.0686516267420091,0.0006284810414034258
bfo-a7d84a931ad75b81180fb1321625d2044481cdc1305f26da0079240dfc24f3c7,1406,1000000.0000310957,24.756958900909513,12.064076933465435,13.118989328733601,4.350657013092341e-05,0.06863536151670419,0.0006338798131096747
bfo-a7d84a931ad75b81180fb1321625d2044481cdc1305f26da0079240dfc24f3c7,1407,1000000.0,24.76480662477432,12.06502632555026,13.124052824817904,4.35925965004935e-05,0.0683080204487267,0.0006381768380071113
bfo-a7d84a931ad75b81180fb1321625d2044481cdc1305f26da0079240dfc24f3c7,1408,1000000.000009118,24.759005693765786,12.064289496261058,13.119627246833458,4.3642086286052156e-05,0.06863728976622196,0.0006358363862369382
bfo-a7d84a931ad75b81180fb1321625d2044481cdc1305f26da0079240dfc24f3c7,1409,1000000.0000186217,24.75872253902434,12.063994023142607,13.11974536407293,4.37722254453909e-05,0.06849746210084737,0.0006390342664221045
bfo-a7d84a931ad75b81180fb1321625d2044481cdc1305f26da0079240dfc24f3c7,1410,1000000.0000122752,24.759280983697778,12.065078206431572,13.122130531408343,4.286652587319239e-05,0.06859872473466051,0.0006248880870453478
bfo-a7d84a931ad75b81180fb1321625d2044481cdc1305f26da0079240dfc24f3c7,1411,1000000.0000036869,24.760131985935672,12.06508404981226,13.121335892397747,4.294926032137382e-05,0.06864704666228287,0.0006256534317152447
bfo-a7d84a931ad75b81180fb1321625d2044481cdc1305f26da0079240dfc24f3c7,1412,1000000.0000648822,24.760149945299915,12.065419876736412,13.123867355797808,4.241699471850067e-05,0.06827629848891327,0.0006212550424857662
bfo-a7d84a931ad75b81180fb1321625d2044481cdc1305f26da0079240dfc24f3c7,1413,1000000.0000187379,24.758214585144145,12.063165348789932,13.117589761688226,4.439239002700117e-05,0.06864750358974689,0.0006466715860827249
bfo-a7d84a931ad75b81180fb1321625d2044481cdc1305f26da0079240dfc24f3c7,1414,1000000.0000202293,24.757667984870793,12.064047022006928,13.118505134726991,4.366831909638801e-05,0.06876843903310725,0.0006350052394727868
bfo-a7d84a931ad75b81180fb1321625d2044481cdc1305f26da0079240dfc24f3c7,1415,1000000.0000343049,24.761113273013034,12.062996585434735,13.117063357327105,4.488015734458014e-05,0.0688485170236398,0.0006518681779183437
bfo-a7d84a931ad75b81180fb1321625d2044481cdc1305f26da0079240dfc24f3c7,1416,1000000.0000100231,24.759453461351377,12.064776645799533,13.121011286752502,4.2910068298212206e-05,0.06856112881734532,0.0006258658373687157
bfo-a7d84a931ad75b81180fb1321625d2044481cdc1305f26da0079240dfc24f3c7,1417,1000000.0000110354,24.760075979536666,12.065232771623222,13.122208169562267,4.271487279133961e-05,0.0685073494130195,0.0006235078886765666
bfo-a7d84a931ad75b81180fb1321625d2044481cdc1305f26da0079240dfc24f3c7,1418,1000000.0000027495,24.75977799310225,12.064449888335439,13.119487495293475,4.341641431376278e-05,0.06870293425673137,0.0006319441052040501
bfo-a7d84a931ad75b81180fb1321625d2044481cdc1305f26da0079240dfc24f3c7,1419,1000000.0000128692,24.757640669160143,12.063800489861027,13.119336458130805,4.3507539647179924e-05,0.06848767107402055,0.000635260901194283
bfo-a7d84a931ad75b81180fb1321625d2044481cdc1305f26da0079240dfc24f3c7,1420,1000000.000036628,24.759407395949264,12.064838928125546,13.121045078352424,4.305802974059977e-05,0.068556848991943,0.0006280631384569625
bfo-a7d84a931ad75b81180fb1321625d2044481cdc1305f26da0079240dfc24f3c7,1421,1000000.0,24.75889850974641,12.065441742242063,13.120563209920496,4.40555920998136e-05,0.06894660568636167,0.0006389813053339076
bfo-a7d84a931ad75b81180fb1321625d2044481cdc1305f26da0079240dfc24f3c7,1422,1000000.000009405,24.75912222751252,12.064098164017865,13.120081270508408,4.389655640924456e-05,0.06850846051297559,0.000640746501681066
bfo-a7d84a931ad75b81180fb1321625d2044481cdc1305f26da0079240dfc24f3c7,1423,1000000.0000078473,24.759193672826683,12.064065107473489,13.11913716482296,4.3517090998921116e-05,0.0685837422348997,0.000634510302016983
bfo-a7d84a931ad75b81180fb1321625d2044481cdc1305f26da0079240dfc24f3c7,1424,1000000.0,24.746388200981304,12.063691735942177,13.118102677764101,4.279983594514862e-05,0.06861391166714124,0.0006237778156823143
bfo-a7d84a931ad75b81180fb1321625d2044481cdc1305f26da0079240dfc24f3c7,1425,1000000.000012274,24.756136442217258,12.064127530279315,13.120901623476703,4.3125179261209166e-05,0.06835847188104797,0.0006308680998055691
bfo-a7d84a931ad75b81180fb1321625d2044481cdc1305f26da0079240dfc24f3c7,1426,1000000.0000213236,24.758754389345867,12.06443341524784,13.119772259638422,4.3569460726516226e-05,0.06865167942641623,0.0006346452277721161
bfo-a7d84a931ad75b81180fb1321625d2044481cdc1305f26da0079240dfc24f3c7,1427,1000000.0000152065,24.759289540355187,12.063678433771003,13.11798279730884,4.436467590978891e-05,0.06872945456414732,0.0006454972790215
bfo-a7d84a931ad75b81180fb1321625d2044481cdc1305f26da0079240dfc24f3c7,1428,1000000.0000411816,24.757896360315677,12.06374543289596,13.118488597286698,4.4095332374087614e-05,0.06861347866858473,0.0006426628299532208
bfo-a7d84a931ad75b81180fb1321625d2044481cdc1305f26da0079240dfc24f3c7,1429,1000000.0000047965,24.757574246892837,12.065058561407797,13.120021245985525,4.3124994288602585e-05,0.06884120622017009,0.0006264415842842568
bfo-a7d84a931ad75b81180fb1321625d2044481cdc1305f26da0079240dfc24f3c7,1430,1000000.0000378046,24.75912258711407,12.063966547154546,13.118291273532803,4.3924813761877654e-05,0.06878665088825277,0.0006385659600325015
bfo-a7d84a931ad75b81180fb1321625d2044481cdc1305f26da0079240dfc24f3c7,1431,1000000.000010402,24.75879167980583,12.063746424310377,13.118613248655272,4.429099815993492e-05,0.06862363590277143,0.0006454189956167302
bfo-a7d84a931ad75b81180fb1321625d2044481cdc1305f26da0079240dfc24f3c7,1432,1000000.0000385066,24.758676090314417,12.064515289636423,13.119854046265788,4.341627195650717e-05,0.06868517185206865,0.0006321054572013794
bfo-a7d84a931ad75b81180fb1321625d2044481cdc1305f26da0079240dfc24f3c7,1433,1000000.0000245916,24.75861211693058,12.064339098858012,13.119365455923283,4.3552959576525036e-05,0.06871228917493194,0.000633845271340695
bfo-a7d84a931ad75b81180fb1321625d2044481cdc1305f26da0079240dfc24f3c7,1434,1000000.000010555,24.757959401207977,12.063879840571056,13.117918050197629,4.389933565470452e-05,0.06881740690020406,0.0006379103432125157
bfo-a7d84a931ad75b81180fb1321625d2044481cdc1305f26da0079240dfc24f3c7,1435,1000000.000021662,24.758303048644855,12.064501607101391,13.119091314584747,4.352293260226812e-05,0.0687499619204605,0.0006330611884937695
bfo-a7d84a931ad75b81180fb1321625d2044481cdc1305f26da0079240dfc24f3c7,1436,1000000.0000183277,24.758268297429556,12.06505004859292,13.121214546443044,4.269392635393863e-05,0.06861300088254761,0.0006222425167939018
bfo-a7d84a931ad75b81180fb1321625d2044481cdc1305f26da0079240dfc24f3c7,1437,1000000.0000551475,24.75823491179912,12.06539414778833,13.123082380910299,4.306720005374006e-05,0.06842767117571233,0.000629382811277469
bfo-a7d84a931ad75b81180fb1321625d2044481cdc1305f26da0079240dfc24f3c7,1438,1000000.0,24.760524934109405,12.062738465289732,13.117032628440779,4.528274652962575e-05,0.06881015092338892,0.0006580823602616735
bfo-a7d84a931ad75b81180fb1321625d2044481cdc1305f26da0079240dfc24f3c7,1439,24.764560640195352,24.764560640195352,12.065254678550607,13.122928278501943,4.3144201843184005e-05,0.06838779495389812,0.0006308757560068805
bfo-a7d84a931ad75b81180fb1321625d2044481cdc1305f26da0079240dfc24f3c7,1440,24.758756696415908,24.758756696415908,12.064633211704827,13.121481589381299,4.2986085586251985e-05,0.06832624978370909,0.0006291298837903011
bfo-a7d84a931ad75b81180fb1321625d2044481cdc1305f26da0079240dfc24f3c7,1441,1000000.000009706,24.758332668809437,12.064263966555535,13.11846490355156,4.376950080198104e-05,0.06879995797348802,0.0006361849932938558
bfo-a7d84a931ad75b81180fb1321625d2044481cdc1305f26da0079240dfc24f3c7,1442,1000000.0000178588,24.759005350930806,12.064793443615587,13.120510802804176,4.327420640577018e-05,0.06871010117942204,0.000629808509417977
bfo-a7d84a931ad75b81180fb1321625d2044481cdc1305f26da0079240dfc24f3c7,1443,24.757819820126073,24.757819820126073,12.064509557569266,13.121271904419748,4.335627567187028e-05,0.06838667139112997,0.0006339872198765002
bfo-a7d84a931ad75b81180fb1321625d2044481cdc1305f26da0079240dfc24f3c7,1444,1000000.0000125468,24.76031541659553,12.065871449108508,13.125623432946155,4.237256907424906e-05,0.06818034403109438,0.0006214777833172064
bfo-a7d84a931ad75b81180fb1321625d2044481cdc1305f26da0079240dfc24f3c7,1445,24.75756704199959,24.75756704199959,12.063563909256692,13.11889266875513,4.390462970799648e-05,0.06844210102056107,0.0006414857091369367
bfo-a7d84a931ad75b81180fb1321625d2044481cdc1305f26da0079240dfc24f3c7,1446,1000000.0000161041,24.760297646731637,12.064459912522544,13.121232844732784,4.339157675281144e-05,0.06835291086669786,0.0006348168088617891
bfo-a7d84a931ad75b81180fb1321625d2044481cdc1305f26da0079240dfc24f3c7,1447,1000000.0000098777,24.75711310395103,12.062200111982078,13.116883242584274,4.488056217452691e-05,0.0686545474018814,0.0006537157970295936
bfo-a7d84a931ad75b81180fb1321625d2044481cdc1305f26da0079240dfc24f3c7,1448,1000000.0000145873,24.757600513475673,12.06349428342532,13.118868526405578,4.368447650955419e-05,0.06847132117685135,0.0006379966934875349
bfo-a7d84a931ad75b81180fb1321625d2044481cdc1305f26da0079240dfc24f3c7,1449,1000000.0000082686,24.75737384496916,12.063224178364873,13.118351218432304,4.4355915324493105e-05,0.0684661450358149,0.0006478518003502368
bfo-a7d84a931ad75b81180fb1321625d2044481cdc1305f26da0079240dfc24f3c7,1450,24.757233302052068,24.757233302052068,12.063261176705952,13.11801602417278,4.416827490216709e-05,0.06849742304499058,0.0006448165921972922
bfo-a7d84a931ad75b81180fb1321625d2044481cdc1305f26da0079240dfc24f3c7,1451,24.757554255685992,24.757554255685992,12.06333186573088,13.117703620848136,4.4327190653532876e-05,0.06863509308655731,0.0006458385741187941
bfo-a7d84a931ad75b81180fb1321625d2044481cdc1305f26da0079240dfc24f3c7,1452,1000000.0,24.759044193910697,12.06210371707571,13.11814450009146,4.463555983521718e-05,0.06807097699833092,0.0006557208637729944
bfo-a7d84a931ad75b81180fb1321625d2044481cdc1305f26da0079240dfc24f3c7,1453,1000000.0000105775,24.757343124801253,12.062564472589827,13.117605612932062,4.445252001848262e-05,0.0684102759047218,0.0006497930234983079
bfo-a7d84a931ad75b81180fb1321625d2044481cdc1305f26da0079240dfc24f3c7,1454,24.759742286150594,24.759742286150594,12.065183662905644,13.123168720358063,4.29232818283011e-05,0.06807860366274414,0.0006304959197009907
bfo-a7d84a931ad75b81180fb1321625d2044481cdc1305f26da0079240dfc24f3c7,1455,1000000.0000072899,24.756855080415733,12.063244998404766,13.117932100087652,4.4302489112069596e-05,0.06849232856911647,0.0006468241047953772
bfo-a7d84a931ad75b81180fb1321625d2044481cdc1305f26da0079240dfc24f3c7,1456,24.75936319479871,24.75936319479871,12.063947571221657,13.119361119090355,4.3839873637283886e-05,0.06842141863418885,0.0006407331872446438
bfo-a7d84a931ad75b81180fb1321625d2044481cdc1305f26da0079240dfc24f3c7,1457,1000000.0000176005,24.757106422085077,12.063599534830962,13.118876893571867,4.3706717741408385e-05,0.06836175904752569,0.0006393445451136372
bfo-a7d84a931ad75b81180fb1321625d2044481cdc1305f26da0079240dfc24f3c7,1458,1000000.0,24.76119824691434,12.06442410645194,13.11995264716733,4.327480344761042e-05,0.06847418160707727,0.0006319871582537859
bfo-a7d84a931ad75b81180fb1321625d2044481cdc1305f26da0079240dfc24f3c7,1459,24.757337315753652,24.757337315753652,12.06282455022508,13.117501716460195,4.463039442564811e-05,0.0685725832261303,0.0006508489592476259
bfo-a7d84a931ad75b81180fb1321625d2044481cdc1305f26da0079240dfc24f3c7,1460,1000000.0,24.749063574125245,12.062171017698448,13.116423397818508,4.453698798233031e-05,0.0688089152941448,0.0006472560683734557
bfo-a7d84a931ad75b81180fb1321625d2044481cdc1305f26da0079240dfc24f3c7,1461,24.757754483367943,24.757754483367943,12.06356388596031,13.1182450638309,4.37674372657082e-05,0.06852306874343322,0.000638725586409213
bfo-a7d84a931ad75b81180fb1321625d2044481cdc1305f26da0079240dfc24f3c7,1462,1000000.0,24.758390735786147,12.062901765860445,13.117513555735746,4.4299704394907004e-05,0.06854074606365276,0.0006463265566699045
bfo-a7d84a931ad75b81180fb1321625d2044481cdc1305f26da0079240dfc24f3c7,1463,24.75701956667554,24.75701956667554,12.06297649082802,13.117630586810836,4.43141317913249e-05,0.06850787107620337,0.0006468473052101261
bfo-a7d84a931ad75b81180fb1321625d2044481cdc1305f26da0079240dfc24f3c7,1464,24.76224491023815,24.76224491023815,12.062317309176205,13.116591777474198,4.543160692515908e-05,0.06885671633029754,0.000659799208362319
bfo-a7d84a931ad75b81180fb1321625d2044481cdc1305f26da0079240dfc24f3c7,1465,24.757860585117008,24.757860585117008,12.063646708808081,13.117667934590918,4.447349770558543e-05,0.06874674521045603,0.0006469178659940578
bfo-a7d84a931ad75b81180fb1321625d2044481cdc1305f26da0079240dfc24f3c7,1466,24.758901836246153,24.758901836246153,12.06331065610033,13.118153018015725,4.389054161923554e-05,0.06839317421634414,0.000641738625559316
bfo-a7d84a931ad75b81180fb1321625d2044481cdc1305f26da0079240dfc24f3c7,1467,1000000.0000034204,24.75747502790466,12.062553775020445,13.117220016346831,4.468882100666156e-05,0.068573251329133,0.0006516946497427597
bfo-a7d84a931ad75b81180fb1321625d2044481cdc1305f26da0079240dfc24f3c7,1468,24.75809814330814,24.75809814330814,12.06380780299284,13.119198344067938,4.452309414541241e-05,0.06833716827062467,0.00065152091127181
bfo-a7d84a931ad75b81180fb1321625d2044481cdc1305f26da0079240dfc24f3c7,1469,24.757271249259947,24.757271249259947,12.06240123958743,13.117340173381931,4.48404635000631e-05,0.06849321042584752,0.0006546701960862022
bfo-a7d84a931ad75b81180fb1321625d2044481cdc1305f26da0079240dfc24f3c7,1470,24.76088431829524,24.76088431829524,12.062554358805146,13.116770958755527,4.477568825187198e-05,0.06883790221565725,0.00065045108596711
bfo-a7d84a931ad75b81180fb1321625d2044481cdc1305f26da0079240dfc24f3c7,1471,1000000.0000164405,24.756788510181337,12.063569960498764,13.118365950258443,4.375631997353636e-05,0.06847516843352035,0.000639010037865296
bfo-a7d84a931ad75b81180fb1321625d2044481cdc1305f26da0079240dfc24f3c7,1472,24.7556370226664,24.7556370226664,12.062465477235627,13.117464420721568,4.497530298816103e-05,0.06846702960744026,0.0006568899402534267
bfo-a7d84a931ad75b81180fb1321625d2044481cdc1305f26da0079240dfc24f3c7,1473,24.760860929595204,24.760860929595204,12.062754376071938,13.117318488642601,4.6086015471722386e-05,0.06879158329101277,0.0006699368333588458
bfo-a7d84a931ad75b81180fb1321625d2044481cdc1305f26da0079240dfc24f3c7,1474,1000000.0000035195,24.755361312503652,12.062455824195135,13.117489197933079,4.4960422849339314e-05,0.06844744130875781,0.0006568605340048942
bfo-a7d84a931ad75b81180fb1321625d2044481cdc1305f26da0079240dfc24f3c7,1475,1000000.0,24.757913044880976,12.063566411125832,13.118819751949934,4.4223042000627545e-05,0.06833714803033614,0.0006471303423578068
bfo-a7d84a931ad75b81180fb1321625d2044481cdc1305f26da0079240dfc24f3c7,1476,1000000.0000204053,24.755971004503934,12.063159561761438,13.11788201059733,4.4724691218204284e-05,0.06848770424749523,0.0006530324196089546
bfo-a7d84a931ad75b81180fb1321625d2044481cdc1305f26da0079240dfc24f3c7,1477,24.75649801841267,24.75649801841267,12.061584601642355,13.117034682790372,4.6137454110126424e-05,0.06842801459459699,0.0006742480310654723
bfo-a7d84a931ad75b81180fb1321625d2044481cdc1305f26da0079240dfc24f3c7,1478,24.755899256624556,24.755899256624556,12.06185029118633,13.116843395593929,4.567769725754442e-05,0.06857892160880073,0.0006660603022909389
bfo-a7d84a931ad75b81180fb1321625d2044481cdc1305f26da0079240dfc24f3c7,1479,24.756864432386216,24.756864432386216,12.062073146745092,13.117744865167438,4.498359066800289e-05,0.06819059641136589,0.0006596743984556954
bfo-a7d84a931ad75b81180fb1321625d2044481cdc1305f26da0079240dfc24f3c7,1480,1000000.000001847,24.757144237957846,12.06160884430703,13.116449785510493,4.570541466963559e-05,0.06870555909547513,0.0006652360488926681
bfo-a7d84a931ad75b81180fb1321625d2044481cdc1305f26da0079240dfc24f3c7,1481,1000000.0,24.75684428812221,12.06395582715865,13.118415670895885,4.4236973868328734e-05,0.06855493186792684,0.0006452777745232481
bfo-a7d84a931ad75b81180fb1321625d2044481cdc1305f26da0079240dfc24f3c7,1482,1000000.0000434463,24.758069002447158,12.061653696157736,13.116806609139163,4.5933210343658306e-05,0.06859545864471833,0.000669624655205874
bfo-a7d84a931ad75b81180fb1321625d2044481cdc1305f26da0079240dfc24f3c7,1483,24.754982140128803,24.754982140128803,12.06154054558001,13.117710660512296,4.4711785701093934e-05,0.06801176372668262,0.0006574125305848001
bfo-a7d84a931ad75b81180fb1321625d2044481cdc1305f26da0079240dfc24f3c7,1484,24.758679105401875,24.758679105401875,12.060631006233159,13.117448536378184,4.59481198996794e-05,0.06789677440529258,0.0006767349451006869
bfo-a7d84a931ad75b81180fb1321625d2044481cdc1305f26da0079240dfc24f3c7,1485,24.755096343778302,24.755096343778302,12.061574961463238,13.117956401353645,4.473105295821451e-05,0.06791650250479704,0.0006586183226242413
bfo-a7d84a931ad75b81180fb1321625d2044481cdc1305f26da0079240dfc24f3c7,1486,24.758621941554512,24.758621941554512,12.062476099366519,13.119228168329254,4.3891705789708304e-05,0.06763946079580312,0.00064890679602271
bfo-a7d84a931ad75b81180fb1321625d2044481cdc1305f26da0079240dfc24f3c7,1487,24.755935040692762,24.755935040692762,12.06079184647784,13.11719074646986,4.5257288595483385e-05,0.06804869049652067,0.0006650721456248654
bfo-a7d84a931ad75b81180fb1321625d2044481cdc1305f26da0079240dfc24f3c7,1488,24.756141211521978,24.756141211521978,12.061739007817796,13.117512478369349,4.5089002760843605e-05,0.06820767814852742,0.0006610546493410736
bfo-a7d84a931ad75b81180fb1321625d2044481cdc1305f26da0079240dfc24f3c7,1489,24.754911684874518,24.754911684874518,12.06185630644299,13.117760051120705,4.4344420500118396e-05,0.06807263244120025,0.0006514280248883015
bfo-a7d84a931ad75b81180fb1321625d2044481cdc1305f26da0079240dfc24f3c7,1490,1000000.0,24.755106039322257,12.063202705660135,13.12075023518767,4.310971418291815e-05,0.06781618386702563,0.0006356847543566877
bfo-a7d84a931ad75b81180fb1321625d2044481cdc1305f26da0079240dfc24f3c7,1491,24.75545740919186,24.75545740919186,12.06256161129625,13.118255063673697,4.395423655667742e-05,0.06811608658127305,0.0006452842311226027
bfo-a7d84a931ad75b81180fb1321625d2044481cdc1305f26da0079240dfc24f3c7,1492,24.75895813687735,24.75895813687735,12.061399654462873,13.117498209149447,4.513027398019051e-05,0.0681233168038473,0.0006624791055041782
bfo-a7d84a931ad75b81180fb1321625d2044481cdc1305f26da0079240dfc24f3c7,1493,1000000.0000146696,24.756008800580975,12.061896121610937,13.117300743625481,4.452461446229884e-05,0.068316886380291,0.000651736588439486
bfo-a7d84a931ad75b81180fb1321625d2044481cdc1305f26da0079240dfc24f3c7,1494,1000000.0,24.75718605631061,12.063707147510963,13.122792029929055,4.2926595377989635e-05,0.06762969784330022,0.000634729959572667
bfo-a7d84a931ad75b81180fb1321625d2044481cdc1305f26da0079240dfc24f3c7,1495,1000000.0000094305,24.75478375954558,12.06195492947297,13.117602414933195,4.440966910029292e-05,0.06820016471454365,0.000651166595948449
bfo-a7d84a931ad75b81180fb1321625d2044481cdc1305f26da0079240dfc24f3c7,1496,1000000.0,24.755420978170456,12.059944462574663,13.11618478886606,4.5746199143958585e-05,0.06826868904008461,0.0006700904878530518
bfo-a7d84a931ad75b81180fb1321625d2044481cdc1305f26da0079240dfc24f3c7,1497,24.755533358582007,24.755533358582007,12.062132928369934,13.118523755862933,4.375801946287784e-05,0.06788319451148409,0.0006446075465036507
bfo-a7d84a931ad75b81180fb1321625d2044481cdc1305f26da0079240dfc24f3c7,1498,24.75347074259136,24.75347074259136,12.061310613956248,13.11770760448258,4.463610715525605e-05,0.06794154455904419,0.0006569781044124675
bfo-a7d84a931ad75b81180fb1321625d2044481cdc1305f26da0079240dfc24f3c7,1499,24.755672157620786,24.755672157620786,12.061752907440887,13.118316798593694,4.442780494320391e-05,0.06783375921050565,0.0006549512434558282
bfo-a7d84a931ad75b81180fb1321625d2044481cdc1305f26da0079240dfc24f3c7,1500,24.75477697470549,24.75477697470549,12.060731321751264,13.117427199762906,4.506390029456001e-05,0.06791625668304942,0.000663521555742737
bfo-a7d84a931ad75b81180fb1321625d2044481cdc1305f26da0079240dfc24f3c7,1501,24.753916974551544,24.753916974551544,12.060975234958777,13.117645631797185,4.501039394822247e-05,0.067831134905582,0.0006635653967882888
bfo-a7d84a931ad75b81180fb1321625d2044481cdc1305f26da0079240dfc24f3c7,1502,24.753350966336473,24.753350966336473,12.062133481105617,13.117966935221709,4.378680487968459e-05,0.06801905689612783,0.000643743193125297
bfo-a7d84a931ad75b81180fb1321625d2044481cdc1305f26da0079240dfc24f3c7,1503,24.756891649147228,24.756891649147228,12.061601731719067,13.118277805908274,4.449663383707343e-05,0.06771380012294895,0.0006571279968969432
bfo-a7d84a931ad75b81180fb1321625d2044481cdc1305f26da0079240dfc24f3c7,1504,1000000.0000377649,24.754175273211388,12.061902421448316,13.117717738916443,4.369747694204353e-05,0.06804034535788277,0.0006422289115700526
bfo-a7d84a931ad75b81180fb1321625d2044481cdc1305f26da0079240dfc24f3c7,1505,24.753806184118616,24.753806184118616,12.060861388511661,13.117587847899495,4.4767120920238795e-05,0.06779549966488692,0.0006603258496732471
bfo-a7d84a931ad75b81180fb1321625d2044481cdc1305f26da0079240dfc24f3c7,1506,24.753364192573894,24.753364192573894,12.062098057541103,13.117981141308643,4.3979333868662304e-05,0.06802173821029404,0.0006465482215802405
bfo-a7d84a931ad75b81180fb1321625d2044481cdc1305f26da0079240dfc24f3c7,1507,24.754777076413685,24.754777076413685,12.061467811460995,13.117269900548527,4.5483709756778454e-05,0.06828840315677344,0.0006660532045588912
bfo-a7d84a931ad75b81180fb1321625d2044481cdc1305f26da0079240dfc24f3c7,1508,24.75409752623262,24.75409752623262,12.062048081306681,13.117890703098308,4.384063797339955e-05,0.06801625777237656,0.0006445611594821459
bfo-a7d84a931ad75b81180fb1321625d2044481cdc1305f26da0079240dfc24f3c7,1509,24.753722485606353,24.753722485606353,12.06411424773381,13.121344826873404,4.277157960832991e-05,0.0678990424592303,0.000629929054360552
bfo-a7d84a931ad75b81180fb1321625d2044481cdc1305f26da0079240dfc24f3c7,1510,24.75433417724608,24.75433417724608,12.06165053165465,13.117896992768037,4.36767799918816e-05,0.06789831983070782,0.0006432674637720308
bfo-a7d84a931ad75b81180fb1321625d2044481cdc1305f26da0079240dfc24f3c7,1511,24.754912275169133,24.754912275169133,12.06302116191289,13.118229337882166,4.364142084250413e-05,0.06820744614716638,0.0006398336737068579
bfo-a7d84a931ad75b81180fb1321625d2044481cdc1305f26da0079240dfc24f3c7,1512,24.75350959637852,24.75350959637852,12.062941708301018,13.118762100066984,4.299379768927892e-05,0.06795418669648427,0.0006326879884724348
bfo-a7d84a931ad75b81180fb1321625d2044481cdc1305f26da0079240dfc24f3c7,1513,1000000.0,24.75665995188882,12.061601737156233,13.11732863439152,4.4381207837715016e-05,0.06817243993563268,0.0006510139270300291
bfo-a7d84a931ad75b81180fb1321625d2044481cdc1305f26da0079240dfc24f3c7,1514,24.75366773199696,24.75366773199696,12.061936218415994,13.117625466626173,4.380538920427012e-05,0.0681695739273825,0.0006425944403134121
bfo-a7d84a931ad75b81180fb1321625d2044481cdc1305f26da0079240dfc24f3c7,1515,1000000.0,24.755993033391366,12.062416473242767,13.118211385416174,4.34705896811349e-05,0.06801801690746616,0.0006391040441575009
bfo-a7d84a931ad75b81180fb1321625d2044481cdc1305f26da0079240dfc24f3c7,1516,24.755122519511062,24.755122519511062,12.062015001054043,13.117706127846468,4.4083053164873076e-05,0.06811627867054156,0.0006471735395013263
bfo-a7d84a931ad75b81180fb1321625d2044481cdc1305f26da0079240dfc24f3c7,1517,24.755728533895507,24.755728533895507,12.061866964666134,13.117438804335668,4.4610591781636276e-05,0.06827657034386116,0.000653380677397298
bfo-a7d84a931ad75b81180fb1321625d2044481cdc1305f26da0079240dfc24f3c7,1518,24.754167628784135,24.754167628784135,12.061812084175582,13.117330444144981,4.412169430981865e-05,0.06822400304912091,0.0006467180513880323
bfo-a7d84a931ad75b81180fb1321625d2044481cdc1305f26da0079240dfc24f3c7,1519,1000000.0,24.75329113460468,12.061766457025321,13.119094162291647,4.32086734726734e-05,0.0675764300024006,0.0006394045005209426
bfo-a7d84a931ad75b81180fb1321625d2044481cdc1305f26da0079240dfc24f3c7,1520,1000000.0000007182,24.74814262305658,12.06190709138352,13.117899627479444,4.327560806653114e-05,0.06796252517003927,0.0006367569179964614
bfo-a7d84a931ad75b81180fb1321625d2044481cdc1305f26da0079240dfc24f3c7,1521,24.7544406329661,24.7544406329661,12.063258554624348,13.122095998095343,4.2942369415211986e-05,0.06757600668437215,0.000635467698110415
bfo-a7d84a931ad75b81180fb1321625d2044481cdc1305f26da0079240dfc24f3c7,1522,1000000.0000024873,24.754353003334664,12.062225940012533,13.117821641032823,4.389147854184085e-05,0.06809716750874004,0.000644541911911498
bfo-a7d84a931ad75b81180fb1321625d2044481cdc1305f26da0079240dfc24f3c7,1523,24.754109693474064,24.754109693474064,12.06287363396925,13.120721137803184,4.354718736140755e-05,0.06752019283731187,0.0006449505774714441
bfo-a7d84a931ad75b81180fb1321625d2044481cdc1305f26da0079240dfc24f3c7,1524,24.755197034730884,24.755197034730884,12.062084520510096,13.117756058745055,4.3992586475444186e-05,0.06811997581390487,0.000645810365459118
bfo-a7d84a931ad75b81180fb1321625d2044481cdc1305f26da0079240dfc24f3c7,1525,1000000.0,24.754527987124874,12.061646174946185,13.11769940734306,4.368136599546355e-05,0.06797936332604497,0.0006425680362135413
bfo-a7d84a931ad75b81180fb1321625d2044481cdc1305f26da0079240dfc24f3c7,1526,24.754148061329662,24.754148061329662,12.06131267360627,13.117507936895919,4.488566153873454e-05,0.06805655489756003,0.000659534729700868
bfo-a7d84a931ad75b81180fb1321625d2044481cdc1305f26da0079240dfc24f3c7,1527,24.754875727930308,24.754875727930308,12.062086563869636,13.118150577059893,4.4521589718455617e-05,0.0679539500888209,0.000655172946683196
bfo-a7d84a931ad75b81180fb1321625d2044481cdc1305f26da0079240dfc24f3c7,1528,24.753669073208506,24.753669073208506,12.061381070022607,13.117515277517406,4.455762793504456e-05,0.06800991858777357,0.0006551636711274475
bfo-a7d84a931ad75b81180fb1321625d2044481cdc1305f26da0079240dfc24f3c7,1529,1000000.0,24.754305446385843,12.062413087213583,13.11810705428719,4.3978070403189956e-05,0.0680609985462357,0.0006461567027012461
bfo-a7d84a931ad75b81180fb1321625d2044481cdc1305f26da0079240dfc24f3c7,1530,24.753661997115948,24.753661997115948,12.06276649611833,13.118937545008363,4.358326126966774e-05,0.06794332506250719,0.000641464944931258
bfo-a7d84a931ad75b81180fb1321625d2044481cdc1305f26da0079240dfc24f3c7,1531,1000000.0,24.758620607877006,12.059671383191683,13.115859558360881,4.594011357513612e-05,0.06837807317656902,0.0006718544621242461
bfo-a7d84a931ad75b81180fb1321625d2044481cdc1305f26da0079240dfc24f3c7,1532,1000000.0000147182,24.753835476931258,12.061533339649737,13.117805589707567,4.4423719501666334e-05,0.06797281336460809,0.0006535512847375648
bfo-a7d84a931ad75b81180fb1321625d2044481cdc1305f26da0079240dfc24f3c7,1533,1000000.0,24.755005438195514,12.063068545904276,13.118772739884205,4.3714681631475075e-05,0.06809373869096388,0.0006419779919835135
bfo-a7d84a931ad75b81180fb1321625d2044481cdc1305f26da0079240dfc24f3c7,1534,24.753804027148433,24.753804027148433,12.061365223931585,13.116828915303357,4.470068637539205e-05,0.0683429519839312,0.0006540643194034416
bfo-a7d84a931ad75b81180fb1321625d2044481cdc1305f26da0079240dfc24f3c7,1535,24.755927271886396,24.755927271886396,12.063056613624854,13.119263381778104,4.26525252561148e-05,0.06794652637462106,0.0006277366560425978
bfo-a7d84a931ad75b81180fb1321625d2044481cdc1305f26da0079240dfc24f3c7,1536,24.7553886516965,24.7553886516965,12.061289873280858,13.116938341069922,4.41781627554451e-05,0.06823331273917782,0.000647457392612848
bfo-a7d84a931ad75b81180fb1321625d2044481cdc1305f26da0079240dfc24f3c7,1537,1000000.0,24.753113089106233,12.062119681787221,13.117190796668243,4.451918947181467e-05,0.06840012989911255,0.0006508641070927597
bfo-a7d84a931ad75b81180fb1321625d2044481cdc1305f26da0079240dfc24f3c7,1538,24.753510645032847,24.753510645032847,12.062821795505325,13.118770512632945,4.305439778097059e-05,0.06801156436890947,0.0006330452501788401
bfo-a7d84a931ad75b81180fb1321625d2044481cdc1305f26da0079240dfc24f3c7,1539,24.742892055897684,24.742892055897684,12.062220077853848,13.118571374966766,4.238550561646176e-05,0.06773119580250843,0.0006257900087878267
bfo-a7d84a931ad75b81180fb1321625d2044481cdc1305f26da0079240dfc24f3c7,1540,24.746797996898152,24.746797996898152,12.061002876785114,13.117494359476177,4.388831555650363e-05,0.06793796036401019,0.0006460057870644178
bfo-a7d84a931ad75b81180fb1321625d2044481cdc1305f26da0079240dfc24f3c7,1541,24.744469719767277,24.744469719767277,12.062580811687562,13.119141283804922,4.229440860510461e-05,0.06771475014971123,0.0006245966870083027
bfo-a7d84a931ad75b81180fb1321625d2044481cdc1305f26da0079240dfc24f3c7,1542,24.743851400144703,24.743851400144703,12.062806904787388,13.119794239419752,4.180585644426015e-05,0.0675798620063542,0.0006186141137774054
bfo-a7d84a931ad75b81180fb1321625d2044481cdc1305f26da0079240dfc24f3c7,1543,1000000.0000071051,24.743296781655072,12.06379317132748,13.123379529708867,4.098064765463159e-05,0.0674992229240631,0.0006071276953919155
bfo-a7d84a931ad75b81180fb1321625d2044481cdc1305f26da0079240dfc24f3c7,1544,1000000.0,24.744824929326345,12.062264372568622,13.118234557068401,4.277848690870961e-05,0.06786126363846268,0.000630381525705387
bfo-a7d84a931ad75b81180fb1321625d2044481cdc1305f26da0079240dfc24f3c7,1545,1000000.0000036574,24.74193675775101,12.061823361491712,13.1181404458364,4.274152782613417e-05,0.06778274664081747,0.0006305664781131197
bfo-a7d84a931ad75b81180fb1321625d2044481cdc1305f26da0079240dfc24f3c7,1546,1000000.0,24.743237493175464,12.061201463864046,13.118356224353988,4.342422468592865e-05,0.06762547572236549,0.0006421281953594766
bfo-a7d84a931ad75b81180fb1321625d2044481cdc1305f26da0079240dfc24f3c7,1547,24.744186566752333,24.744186566752333,12.06261069607469,13.119587005448924,4.2171160241878814e-05,0.06759610623039505,0.0006238696663701653
bfo-a7d84a931ad75b81180fb1321625d2044481cdc1305f26da0079240dfc24f3c7,1548,24.746714824619385,24.746714824619385,12.06172466015015,13.117970412238739,4.2988670668633845e-05,0.06787819812991841,0.0006333207399871431
bfo-a7d84a931ad75b81180fb1321625d2044481cdc1305f26da0079240dfc24f3c7,1549,1000000.0000107674,24.74263099759743,12.062762639576508,13.120000451596198,4.186004712890143e-05,0.06755183806899712,0.0006196729552517251
bfo-a7d84a931ad75b81180fb1321625d2044481cdc1305f26da0079240dfc24f3c7,1550,1000000.0,24.744243489286582,12.062100133045348,13.118215750902287,4.276708656556378e-05,0.06786901322291719,0.000630141570278831
bfo-a7d84a931ad75b81180fb1321625d2044481cdc1305f26da0079240dfc24f3c7,1551,1000000.000028722,24.742727153903964,12.062090603256785,13.11800094469274,4.257369008378541e-05,0.0679243433860826,0.000626781032564366
bfo-a7d84a931ad75b81180fb1321625d2044481cdc1305f26da0079240dfc24f3c7,1552,1000000.0,24.745118853714757,12.061548137016942,13.118212900649624,4.2417548927078885e-05,0.06766982546700019,0.0006268310673826725
bfo-a7d84a931ad75b81180fb1321625d2044481cdc1305f26da0079240dfc24f3c7,1553,1000000.000015623,24.743333775019305,12.062233265859636,13.118358851503421,4.246244775502829e-05,0.06782402961278168,0.0006260678994959935
bfo-a7d84a931ad75b81180fb1321625d2044481cdc1305f26da0079240dfc24f3c7,1554,1000000.0,24.74264327183772,12.06189447459231,13.117660656482958,4.332499955026604e-05,0.06807747507397983,0.0006364072625076757
bfo-a7d84a931ad75b81180fb1321625d2044481cdc1305f26da0079240dfc24f3c7,1555,1000000.0000245118,24.742996145361612,12.062378982509463,13.119101865646465,4.220829186885736e-05,0.06762987125521364,0.0006241072337632683
bfo-a7d84a931ad75b81180fb1321625d2044481cdc1305f26da0079240dfc24f3c7,1556,24.747431332154342,24.747431332154342,12.065247671323537,13.128562962029095,3.9966031371219956e-05,0.06729022716965061,0.0005939351530268801
bfo-a7d84a931ad75b81180fb1321625d2044481cdc1305f26da0079240dfc24f3c7,1557,1000000.0000146886,24.743207840300485,12.062202174599514,13.119191737719099,4.223910811448757e-05,0.06758956325621354,0.0006249353610167693
bfo-a7d84a931ad75b81180fb1321625d2044481cdc1305f26da0079240dfc24f3c7,1558,24.74458051851812,24.74458051851812,12.06222577903099,13.121315140291237,4.159995959330743e-05,0.06720250039393895,0.0006190239849626096
bfo-a7d84a931ad75b81180fb1321625d2044481cdc1305f26da0079240dfc24f3c7,1559,24.74760975220007,24.74760975220007,12.06267896862145,13.119963880181604,4.227238176353671e-05,0.06755656835987311,0.0006257331121135725
bfo-a7d84a931ad75b81180fb1321625d2044481cdc1305f26da0079240dfc24f3c7,1560,1000000.0,24.740918972592187,12.061226654087056,13.117639569884258,4.325550522634976e-05,0.06784144696085886,0.0006375970319634549
bfo-a7d84a931ad75b81180fb1321625d2044481cdc1305f26da0079240dfc24f3c7,1561,24.74255480638536,24.74255480638536,12.062574037744735,13.118568280092468,4.250627691850324e-05,0.06788832836232812,0.0006261205415405452
bfo-a7d84a931ad75b81180fb1321625d2044481cdc1305f26da0079240dfc24f3c7,1562,24.745784265853807,24.745784265853807,12.063108905069939,13.11910130599206,4.2091275202863794e-05,0.06784002091077533,0.0006204490304951875
bfo-a7d84a931ad75b81180fb1321625d2044481cdc1305f26da0079240dfc24f3c7,1563,24.743268968718493,24.743268968718493,12.062025186532251,13.11826592725206,4.3027140977290605e-05,0.06789268875314268,0.000633752201709627
bfo-a7d84a931ad75b81180fb1321625d2044481cdc1305f26da0079240dfc24f3c7,1564,24.751227527852514,24.751227527852514,12.064305769284228,13.122985807568027,4.191426534359784e-05,0.06757660121545736,0.000620248201148217
bfo-a7d84a931ad75b81180fb1321625d2044481cdc1305f26da0079240dfc24f3c7,1565,1000000.000007421,24.742567934860038,12.062544025382179,13.118733850319689,4.2893767663882905e-05,0.06784107773370694,0.0006322683703854408
bfo-a7d84a931ad75b81180fb1321625d2044481cdc1305f26da0079240dfc24f3c7,1566,1000000.0,24.747997423014922,12.060347714256045,13.116608756729049,4.426250861801567e-05,0.06822163742273037,0.0006488045477968564
bfo-a7d84a931ad75b81180fb1321625d2044481cdc1305f26da0079240dfc24f3c7,1567,24.743433587368653,24.743433587368653,12.06314007581349,13.120116959755537,4.200491898264415e-05,0.06767476595368586,0.0006206880569249517
bfo-a7d84a931ad75b81180fb1321625d2044481cdc1305f26da0079240dfc24f3c7,1568,24.744784436435346,24.744784436435346,12.064004773540164,13.120465713231768,4.193899061769687e-05,0.06790706945186327,0.0006175938817007237
bfo-a7d84a931ad75b81180fb1321625d2044481cdc1305f26da0079240dfc24f3c7,1569,1000000.0000192248,24.74261782282173,12.062510471395894,13.118364791695434,4.2729947431116996e-05,0.06794955447063479,0.0006288480883209212
bfo-a7d84a931ad75b81180fb1321625d2044481cdc1305f26da0079240dfc24f3c7,1570,24.750698956541306,24.750698956541306,12.064656348097515,13.124536886059564,4.122990734939768e-05,0.06752483603857787,0.0006105887813758254
bfo-a7d84a931ad75b81180fb1321625d2044481cdc1305f26da0079240dfc24f3c7,1571,1000000.0000032729,24.74271184943468,12.062268610314117,13.118646319709239,4.260093084620412e-05,0.06775742758609204,0.0006287270984730894
bfo-a7d84a931ad75b81180fb1321625d2044481cdc1305f26da0079240dfc24f3c7,1572,24.74522601237223,24.74522601237223,12.063143210797508,13.119387807045443,4.303223855630751e-05,0.06776968067865909,0.0006349777382064384
bfo-a7d84a931ad75b81180fb1321625d2044481cdc1305f26da0079240dfc24f3c7,1573,24.744065961569767,24.744065961569767,12.061969962291503,13.118717180682577,4.276791129771066e-05,0.06763126346290312,0.0006323689534673499
bfo-a7d84a931ad75b81180fb1321625d2044481cdc1305f26da0079240dfc24f3c7,1574,1000000.0,24.74390414048865,12.062743111644428,13.118319795433258,4.2613798130640896e-05,0.0680865805324119,0.000625876608832706
bfo-a7d84a931ad75b81180fb1321625d2044481cdc1305f26da0079240dfc24f3c7,1575,24.74286477288439,24.74286477288439,12.061320081183432,13.117280457925144,4.3792888609550577e-05,0.06816106347472775,0.0006424912754741242
bfo-a7d84a931ad75b81180fb1321625d2044481cdc1305f26da0079240dfc24f3c7,1576,1000000.0,24.74296450704685,12.062725979661758,13.118982536122598,4.228542659009289e-05,0.0678221024868511,0.0006234756080923754
bfo-a7d84a931ad75b81180fb1321625d2044481cdc1305f26da0079240dfc24f3c7,1577,1000000.0000033834,24.739203165155367,12.062274608049982,13.118851633662976,4.222834792352059e-05,0.06766439638984773,0.000624085193640425
bfo-a7d84a931ad75b81180fb1321625d2044481cdc1305f26da0079240dfc24f3c7,1578,1000000.0,24.73784974134682,12.062541674920274,13.117763743054155,4.2531645687447015e-05,0.0682616393871368,0.000623068037470276
bfo-a7d84a931ad75b81180fb1321625d2044481cdc1305f26da0079240dfc24f3c7,1579,24.7431932630562,24.7431932630562,12.063802414797685,13.120553114606924,4.155448215837556e-05,0.06782633972239598,0.000612659953765048
bfo-a7d84a931ad75b81180fb1321625d2044481cdc1305f26da0079240dfc24f3c7,1580,24.746020599207675,24.746020599207675,12.063284278989096,13.11897908592539,4.274931123754588e-05,0.06801371809558447,0.0006285395422356893
bfo-a7d84a931ad75b81180fb1321625d2044481cdc1305f26da0079240dfc24f3c7,1581,24.743462409715278,24.743462409715278,12.06184067146094,13.117846035206306,4.347405177614544e-05,0.06802848391351325,0.0006390566021053088
bfo-a7d84a931ad75b81180fb1321625d2044481cdc1305f26da0079240dfc24f3c7,1582,24.74399543658757,24.74399543658757,12.062258906865237,13.118808229600251,4.282868794739242e-05,0.06771443767749685,0.0006324897527964768
bfo-a7d84a931ad75b81180fb1321625d2044481cdc1305f26da0079240dfc24f3c7,1583,24.741870537647987,24.741870537647987,12.062925264332586,13.118911820451917,4.236443509719306e-05,0.06790001051919646,0.0006239238370252672
bfo-a7d84a931ad75b81180fb1321625d2044481cdc1305f26da0079240dfc24f3c7,1584,1000000.0,24.749605619401358,12.0613756746009,13.11726230197384,4.398859741055069e-05,0.06823233836661348,0.0006446884052866433
bfo-a7d84a931ad75b81180fb1321625d2044481cdc1305f26da0079240dfc24f3c7,1585,1000000.0000199112,24.742618776438203,12.062343777015538,13.118475903194216,4.304810895131694e-05,0.0678795780489117,0.000634183508334391
bfo-a7d84a931ad75b81180fb1321625d2044481cdc1305f26da0079240dfc24f3c7,1586,24.745866808944296,24.745866808944296,12.063495544306887,13.120784746779995,4.231610528193312e-05,0.06761229518313437,0.0006258640557507462
bfo-a7d84a931ad75b81180fb1321625d2044481cdc1305f26da0079240dfc24f3c7,1587,24.741551892045216,24.741551892045216,12.062862244954436,13.118490465868305,4.2263605961212196e-05,0.06798384552701046,0.0006216713049046419
bfo-a7d84a931ad75b81180fb1321625d2044481cdc1305f26da0079240dfc24f3c7,1588,1000000.0,24.748941819247406,12.06168265118952,13.117264247928595,4.350883782799891e-05,0.06828852247301499,0.0006371325114728018
bfo-a7d84a931ad75b81180fb1321625d2044481cdc1305f26da0079240dfc24f3c7,1589,1000000.0000109941,24.741704389991682,12.062697773656565,13.1183742477194,4.235407090544469e-05,0.06794270466014776,0.0006233792298570025
bfo-a7d84a931ad75b81180fb1321625d2044481cdc1305f26da0079240dfc24f3c7,1590,24.74547367002151,24.74547367002151,12.062039595248958,13.118213684308888,4.312776193854484e-05,0.06789599794023811,0.0006352032998543712
bfo-a7d84a931ad75b81180fb1321625d2044481cdc1305f26da0079240dfc24f3c7,1591,24.74065389157476,24.74065389157476,12.062843070603437,13.11884562741692,4.225792751498722e-05,0.06785706987054835,0.0006227490753078951
bfo-a7d84a931ad75b81180fb1321625d2044481cdc1305f26da0079240dfc24f3c7,1592,24.74484368176479,24.74484368176479,12.06339585922553,13.118853122467861,4.205095620335347e-05,0.0679673420194607,0.0006186935512545608
bfo-a7d84a931ad75b81180fb1321625d2044481cdc1305f26da0079240dfc24f3c7,1593,24.74098837927678,24.74098837927678,12.062452108669595,13.118691129452035,4.281211453728057e-05,0.06779583077661995,0.0006314859490156841
bfo-a7d84a931ad75b81180fb1321625d2044481cdc1305f26da0079240dfc24f3c7,1594,24.744285667502908,24.744285667502908,12.061720773998534,13.118556313922682,4.346821162527531e-05,0.06757554289620095,0.0006432536057023534
bfo-a7d84a931ad75b81180fb1321625d2044481cdc1305f26da0079240dfc24f3c7,1595,1000000.0000175451,24.740904008786146,12.063361607899589,13.119170888787954,4.180387783770821e-05,0.06794805712296506,0.0006152328647463174
bfo-a7d84a931ad75b81180fb1321625d2044481cdc1305f26da0079240dfc24f3c7,1596,24.735852108058268,24.735852108058268,12.062654570222108,13.117946848013776,4.240951491825033e-05,0.06817420038602241,0.000622075721873013
bfo-a7d84a931ad75b81180fb1321625d2044481cdc1305f26da0079240dfc24f3c7,1597,24.74033157618152,24.74033157618152,12.062030777958954,13.117379557435527,4.3524878190741344e-05,0.06830921072802884,0.0006371743682419989
bfo-a7d84a931ad75b81180fb1321625d2044481cdc1305f26da0079240dfc24f3c7,1598,24.736450017038877,24.736450017038877,12.062892818852282,13.117998851025673,4.2004123031834794e-05,0.0681670689399172,0.0006161937675339604
bfo-a7d84a931ad75b81180fb1321625d2044481cdc1305f26da0079240dfc24f3c7,1599,24.738901557630843,24.738901557630843,12.062672281136894,13.117622622622708,4.289961423423361e-05,0.06839752829088491,0.0006272100075281621
bfo-a7d84a931ad75b81180fb1321625d2044481cdc1305f26da0079240dfc24f3c7,1600,24.736602643942838,24.736602643942838,12.063211658820203,13.118071357843474,4.200317923952001e-05,0.0682501706900438,0.0006154296584879802
bfo-a7d84a931ad75b81180fb1321625d2044481cdc1305f26da0079240dfc24f3c7,1601,24.72957939553256,24.72957939553256,12.061632168571244,13.1177288687885,4.237812171780653e-05,0.06787177194847634,0.0006243850794108799
bfo-a7d84a931ad75b81180fb1321625d2044481cdc1305f26da0079240dfc24f3c7,1602,24.730147958155516,24.730147958155516,12.061545775951924,13.118014469869067,4.242768438366085e-05,0.0677901118985137,0.0006258683338239347
bfo-a7d84a931ad75b81180fb1321625d2044481cdc1305f26da0079240dfc24f3c7,1603,24.72864683177191,24.72864683177191,12.06097760409425,13.117444221762344,4.250784756036819e-05,0.06778873131053725,0.0006270636245667672
bfo-a7d84a931ad75b81180fb1321625d2044481cdc1305f26da0079240dfc24f3c7,1604,24.72982573181828,24.72982573181828,12.06137093908692,13.117064492547854,4.1950451379439966e-05,0.06803635939102211,0.0006165887145480573
bfo-a7d84a931ad75b81180fb1321625d2044481cdc1305f26da0079240dfc24f3c7,1605,1000000.0000223102,24.72848865461772,12.060725594952723,13.116899464684039,4.290557761075585e-05,0.06801649783980021,0.0006308113321537327
bfo-a7d84a931ad75b81180fb1321625d2044481cdc1305f26da0079240dfc24f3c7,1606,24.730363538787486,24.730363538787486,12.062424702652166,13.12066432240733,4.110824693615791e-05,0.06727904347700944,0.0006110111679903029
bfo-a7d84a931ad75b81180fb1321625d2044481cdc1305f26da0079240dfc24f3c7,1607,1000000.0000193538,24.728634955124665,12.060796172852463,13.117160286700418,4.259275788569649e-05,0.06785873016268984,0.0006276680654586561
bfo-a7d84a931ad75b81180fb1321625d2044481cdc1305f26da0079240dfc24f3c7,1608,24.72842686214019,24.72842686214019,12.061078042916487,13.116957975429186,4.236020277670055e-05,0.06798778210357004,0.0006230561060540349
bfo-a7d84a931ad75b81180fb1321625d2044481cdc1305f26da0079240dfc24f3c7,1609,24.731556052823215,24.731556052823215,12.061626869617754,13.11722609282695,4.1740073454273944e-05,0.06791951745601874,0.0006145519729480221
bfo-a7d84a931ad75b81180fb1321625d2044481cdc1305f26da0079240dfc24f3c7,1610,1000000.0000246943,24.729374725249542,12.061742840610915,13.117416742975527,4.172025683180093e-05,0.06793291720464799,0.0006141390440531003
bfo-a7d84a931ad75b81180fb1321625d2044481cdc1305f26da0079240dfc24f3c7,1611,24.729093735724085,24.729093735724085,12.06081738957587,13.117543187927204,4.21632786463585e-05,0.06758434723688324,0.0006238615947354813
bfo-a7d84a931ad75b81180fb1321625d2044481cdc1305f26da0079240dfc24f3c7,1612,24.72809594912705,24.72809594912705,12.061258423380691,13.117261497300525,4.2113835299853796e-05,0.06790471672477376,0.000620190133044018
bfo-a7d84a931ad75b81180fb1321625d2044481cdc1305f26da0079240dfc24f3c7,1613,1000000.0,24.728459531780246,12.061519221790915,13.117398966651207,4.1887552363119525e-05,0.06791475908593383,0.0006167665604190454
bfo-a7d84a931ad75b81180fb1321625d2044481cdc1305f26da0079240dfc24f3c7,1614,1000000.0000353208,24.72819453446175,12.062065774702068,13.117841772927463,4.111471937823656e-05,0.06781843269983205,0.0006062469706460553
bfo-a7d84a931ad75b81180fb1321625d2044481cdc1305f26da0079240dfc24f3c7,1615,24.728341377746254,24.728341377746254,12.061746092959533,13.118400892060727,4.1504906393109664e-05,0.06748806959128906,0.0006149962007280003
bfo-a7d84a931ad75b81180fb1321625d2044481cdc1305f26da0079240dfc24f3c7,1616,24.728654413450364,24.728654413450364,12.061740565138985,13.117708088169735,4.207242115808989e-05,0.06786947271632052,0.0006199019894252511
bfo-a7d84a931ad75b81180fb1321625d2044481cdc1305f26da0079240dfc24f3c7,1617,24.728783642533664,24.728783642533664,12.061686643577678,13.11686608126821,4.218558279549942e-05,0.06823265258485081,0.0006182609234345605
bfo-a7d84a931ad75b81180fb1321625d2044481cdc1305f26da0079240dfc24f3c7,1618,24.72678360976869,24.72678360976869,12.060239741085805,13.116705130053198,4.315218817457763e-05,0.06789856165551905,0.0006355390618362246
bfo-a7d84a931ad75b81180fb1321625d2044481cdc1305f26da0079240dfc24f3c7,1619,1000000.0,24.728438327466485,12.060219968270566,13.116808931723245,4.352260481808109e-05,0.06788179005902108,0.0006411528744342121
bfo-a7d84a931ad75b81180fb1321625d2044481cdc1305f26da0079240dfc24f3c7,1620,1000000.0000125561,24.725949597489127,12.060701456491843,13.116590375779527,4.296146257548291e-05,0.06809420111564074,0.0006309122050279105
bfo-a7d84a931ad75b81180fb1321625d2044481cdc1305f26da0079240dfc24f3c7,1621,24.72752477270271,24.72752477270271,12.059068927850955,13.116263524539367,4.4656577038793485e-05,0.06785656316081141,0.0006581025468820618
bfo-a7d84a931ad75b81180fb1321625d2044481cdc1305f26da0079240dfc24f3c7,1622,24.727669443389917,24.727669443389917,12.059827656776287,13.116326489022615,4.370115515164899e-05,0.06798735767674594,0.0006427835504275866
bfo-a7d84a931ad75b81180fb1321625d2044481cdc1305f26da0079240dfc24f3c7,1623,24.725762612526818,24.725762612526818,12.05892368090263,13.115912445020658,4.440896832855388e-05,0.06790021702712568,0.0006540327891855309
bfo-a7d84a931ad75b81180fb1321625d2044481cdc1305f26da0079240dfc24f3c7,1624,24.72756684333859,24.72756684333859,12.058213556971115,13.115954704386818,4.447377699557058e-05,0.06766532444211422,0.0006572609732126038
bfo-a7d84a931ad75b81180fb1321625d2044481cdc1305f26da0079240dfc24f3c7,1625,1000000.0000223322,24.726098119862012,12.058823935911056,13.115516994895295,4.455849254895141e-05,0.06805410038337338,0.0006547510333387304
bfo-a7d84a931ad75b81180fb1321625d2044481cdc1305f26da0079240dfc24f3c7,1626,24.728442955969108,24.728442955969108,12.058858841062216,13.115975010513463,4.493154241705839e-05,0.06784640699188756,0.0006622538231454304
bfo-a7d84a931ad75b81180fb1321625d2044481cdc1305f26da0079240dfc24f3c7,1627,24.72744610807445,24.72744610807445,12.059469184494047,13.11613657936153,4.3996943851596656e-05,0.06792664385837988,0.0006477126110238244
bfo-a7d84a931ad75b81180fb1321625d2044481cdc1305f26da0079240dfc24f3c7,1628,24.725459572870633,24.725459572870633,12.05898860974321,13.116341354171782,4.465702193062624e-05,0.06772869806464399,0.0006593515482610212
bfo-a7d84a931ad75b81180fb1321625d2044481cdc1305f26da0079240dfc24f3c7,1629,24.729145446666447,24.729145446666447,12.059911903159712,13.118000757829375,4.364132206873322e-05,0.06716853515220171,0.0006497286559822007
bfo-a7d84a931ad75b81180fb1321625d2044481cdc1305f26da0079240dfc24f3c7,1630,24.726255287180138,24.726255287180138,12.060609919616365,13.117675275341691,4.351275254397325e-05,0.06753670247869781,0.0006442830482832337
bfo-a7d84a931ad75b81180fb1321625d2044481cdc1305f26da0079240dfc24f3c7,1631,24.727290984711857,24.727290984711857,12.059362091489199,13.116552737348094,4.487623918697993e-05,0.06778425027562762,0.0006620452244363843
bfo-a7d84a931ad75b81180fb1321625d2044481cdc1305f26da0079240dfc24f3c7,1632,24.72538484015689,24.72538484015689,12.059170405480959,13.116390142635984,4.4216946332798506e-05,0.06772513932104901,0.0006528882299258092
bfo-a7d84a931ad75b81180fb1321625d2044481cdc1305f26da0079240dfc24f3c7,1633,24.728058133850176,24.728058133850176,12.058693671979984,13.116239911927009,4.44711672820244e-05,0.06769643600674974,0.0006569203625075678
bfo-a7d84a931ad75b81180fb1321625d2044481cdc1305f26da0079240dfc24f3c7,1634,24.724329929591462,24.724329929591462,12.0579463195839,13.115209137167925,4.49944365624588e-05,0.06793125246260544,0.0006623525245206863
bfo-a7d84a931ad75b81180fb1321625d2044481cdc1305f26da0079240dfc24f3c7,1635,24.72476298282644,24.72476298282644,12.057722698113622,13.114899791584339,4.582828432936339e-05,0.06804819909369805,0.0006734679967982804
bfo-a7d84a931ad75b81180fb1321625d2044481cdc1305f26da0079240dfc24f3c7,1636,24.7234642941598,24.7234642941598,12.057443503299936,13.114738159858401,4.547867245565577e-05,0.0679963234196369,0.0006688401691218766
bfo-a7d84a931ad75b81180fb1321625d2044481cdc1305f26da0079240dfc24f3c7,1637,24.71986663093604,24.71986663093604,12.058499554361433,13.115414909820192,4.426701232177428e-05,0.06798683066448306,0.0006511115739492732
bfo-a7d84a931ad75b81180fb1321625d2044481cdc1305f26da0079240dfc24f3c7,1638,24.724763123950353,24.724763123950353,12.05941919073517,13.115899932414965,4.380781294245293e-05,0.06799703453523719,0.0006442606393334844
bfo-a7d84a931ad75b81180fb1321625d2044481cdc1305f26da0079240dfc24f3c7,1639,24.721966683270264,24.721966683270264,12.059387679078016,13.116052156796792,4.3729892302851664e-05,0.06793906920570109,0.0006436634003690778
bfo-a7d84a931ad75b81180fb1321625d2044481cdc1305f26da0079240dfc24f3c7,1640,1000000.0,24.71866543716504,12.058751570666605,13.115625991031422,4.381897710432048e-05,0.06788069125833436,0.0006455293293575647
bfo-a7d84a931ad75b81180fb1321625d2044481cdc1305f26da0079240dfc24f3c7,1641,1000000.0000272878,24.72041990104455,12.058373650154914,13.115473824018526,4.413184556342245e-05,0.06790058797445468,0.0006499479147371386
bfo-a7d84a931ad75b81180fb1321625d2044481cdc1305f26da0079240dfc24f3c7,1642,1000000.0,24.721075728313444,12.057799123178663,13.115814410805584,4.516534250062004e-05,0.06771293921479139,0.0006670119924546711
bfo-a7d84a931ad75b81180fb1321625d2044481cdc1305f26da0079240dfc24f3c7,1643,24.720343381559456,24.720343381559456,12.057700803615624,13.114813190541529,4.493879575665545e-05,0.06804062406983695,0.0006604700702117346
bfo-a7d84a931ad75b81180fb1321625d2044481cdc1305f26da0079240dfc24f3c7,1644,24.719567017283058,24.719567017283058,12.057940621430447,13.114964353611008,4.428947144757783e-05,0.06796527907676848,0.0006516484894816921
bfo-a7d84a931ad75b81180fb1321625d2044481cdc1305f26da0079240dfc24f3c7,1645,24.720255944450763,24.720255944450763,12.059461660735641,13.116034222266283,4.306236769615432e-05,0.06786416022501306,0.0006345376934360501
bfo-a7d84a931ad75b81180fb1321625d2044481cdc1305f26da0079240dfc24f3c7,1646,24.719977925733204,24.719977925733204,12.058092419187997,13.115148196770994,4.3967195019665775e-05,0.0679099440872827,0.0006474338274105484
bfo-a7d84a931ad75b81180fb1321625d2044481cdc1305f26da0079240dfc24f3c7,1647,24.718970703219206,24.718970703219206,12.057643181802291,13.114331419731084,4.4813185785755886e-05,0.06819528238683811,0.0006571302913822226
bfo-a7d84a931ad75b81180fb1321625d2044481cdc1305f26da0079240dfc24f3c7,1648,24.722804917490045,24.722804917490045,12.057310248083649,13.11433730129447,4.506482838465844e-05,0.06803892856091677,0.0006623388894831125
bfo-a7d84a931ad75b81180fb1321625d2044481cdc1305f26da0079240dfc24f3c7,1649,24.718874075963015,24.718874075963015,12.05850868967292,13.1148618721703,4.4274728407713795e-05,0.06820878745999542,0.0006491059298434384
bfo-a7d84a931ad75b81180fb1321625d2044481cdc1305f26da0079240dfc24f3c7,1650,24.724482211639703,24.724482211639703,12.057616846666246,13.1137680216113,4.52901551268763e-05,0.06853881345065152,0.0006607957279488878
bfo-a7d84a931ad75b81180fb1321625d2044481cdc1305f26da0079240dfc24f3c7,1651,24.71921101686778,24.71921101686778,12.059224714198555,13.11554425595591,4.368462121051158e-05,0.06808480767446473,0.0006416206889998389
bfo-a7d84a931ad75b81180fb1321625d2044481cdc1305f26da0079240dfc24f3c7,1652,1000000.0,24.719660588683524,12.057559580560016,13.11435459455316,4.486776972753077e-05,0.06812280476455733,0.00065863068736821
bfo-a7d84a931ad75b81180fb1321625d2044481cdc1305f26da0079240dfc24f3c7,1653,1000000.0000096923,24.71764822141085,12.059144321016118,13.11526282035932,4.358010126034959e-05,0.0681642306793009,0.000639339736193683
bfo-a7d84a931ad75b81180fb1321625d2044481cdc1305f26da0079240dfc24f3c7,1654,24.721039741224732,24.721039741224732,12.05666217183706,13.11345005721394,4.6308848782469586e-05,0.0684290097942668,0.0006767429328832621
bfo-a7d84a931ad75b81180fb1321625d2044481cdc1305f26da0079240dfc24f3c7,1655,24.719816716425655,24.719816716425655,12.058403554121028,13.11460117407314,4.4440515647748074e-05,0.06831035536614581,0.0006505677713070794
bfo-a7d84a931ad75b81180fb1321625d2044481cdc1305f26da0079240dfc24f3c7,1656,24.721484361968145,24.721484361968145,12.058675743191435,13.114683991904599,4.441096863982918e-05,0.06834370602795448,0.0006498179747768413
bfo-a7d84a931ad75b81180fb1321625d2044481cdc1305f26da0079240dfc24f3c7,1657,24.719634818224744,24.719634818224744,12.057456513358446,13.113972993315077,4.481227562994536e-05,0.06830946161065359,0.000656018574489195
bfo-a7d84a931ad75b81180fb1321625d2044481cdc1305f26da0079240dfc24f3c7,1658,24.719958246142816,24.719958246142816,12.059810732369593,13.115800772924137,4.256261880737462e-05,0.06807697484087354,0.000625213134203783
bfo-a7d84a931ad75b81180fb1321625d2044481cdc1305f26da0079240dfc24f3c7,1659,24.71817878393714,24.71817878393714,12.058599639405982,13.115232157590636,4.3817854032756675e-05,0.0680348038707112,0.000644050567354103
bfo-a7d84a931ad75b81180fb1321625d2044481cdc1305f26da0079240dfc24f3c7,1660,24.717995617303735,24.717995617303735,12.058726415013572,13.114596132911572,4.4087176151466806e-05,0.06840177842129425,0.0006445326008912945
bfo-a7d84a931ad75b81180fb1321625d2044481cdc1305f26da0079240dfc24f3c7,1661,24.719167079896046,24.719167079896046,12.058099530740147,13.11424758642159,4.417981769431714e-05,0.06837927375167954,0.0006460995455254011
bfo-a7d84a931ad75b81180fb1321625d2044481cdc1305f26da0079240dfc24f3c7,1662,24.718028115782314,24.718028115782314,12.060010577260233,13.115416136765896,4.31963617448309e-05,0.06838218643112906,0.0006316902690488846
bfo-a7d84a931ad75b81180fb1321625d2044481cdc1305f26da0079240dfc24f3c7,1663,1000000.0,24.71752198441522,12.059413194628284,13.11477417221046,4.365769029970132e-05,0.06849226085206014,0.0006374105593331157
bfo-a7d84a931ad75b81180fb1321625d2044481cdc1305f26da0079240dfc24f3c7,1664,1000000.0000107314,24.718946985069937,12.058030072244348,13.113608066566565,4.472071323026113e-05,0.06866676649356558,0.0006512715759588255
bfo-a7d84a931ad75b81180fb1321625d2044481cdc1305f26da0079240dfc24f3c7,1665,1000000.0,24.719604335602995,12.059486486043456,13.115295364752184,4.34168375313623e-05,0.06830852782874242,0.000635599081277428
bfo-a7d84a931ad75b81180fb1321625d2044481cdc1305f26da0079240dfc24f3c7,1666,1000000.0000028203,24.719516018005123,12.058155881144046,13.113909325186366,4.472573579419656e-05,0.06859065555399858,0.0006520674781856522
bfo-a7d84a931ad75b81180fb1321625d2044481cdc1305f26da0079240dfc24f3c7,1667,24.720413826030402,24.720413826030402,12.05889273481485,13.11523306648736,4.428536824625888e-05,0.06819309848158527,0.0006494112928189884
bfo-a7d84a931ad75b81180fb1321625d2044481cdc1305f26da0079240dfc24f3c7,1668,1000000.0000732609,24.716784394487377,12.058744126548435,13.114803133642113,4.4005379231200584e-05,0.06831347912432337,0.0006441683222005925
bfo-a7d84a931ad75b81180fb1321625d2044481cdc1305f26da0079240dfc24f3c7,1669,24.720374781916725,24.720374781916725,12.05935715014052,13.115370819591424,4.4229416025899175e-05,0.06827161785945118,0.00064784484991923
bfo-a7d84a931ad75b81180fb1321625d2044481cdc1305f26da0079240dfc24f3c7,1670,24.71882741547111,24.71882741547111,12.059163898431366,13.114713589585126,4.3669756534303057e-05,0.06849014226149683,0.0006376064509775873
bfo-a7d84a931ad75b81180fb1321625d2044481cdc1305f26da0079240dfc24f3c7,1671,24.718912522769806,24.718912522769806,12.058100850113746,13.114335580191925,4.3776859413914575e-05,0.068270856102468,0.0006412232380418625
bfo-a7d84a931ad75b81180fb1321625d2044481cdc1305f26da0079240dfc24f3c7,1672,1000000.0000063394,24.718652029436246,12.05857055240236,13.114765989004496,4.4329945188375696e-05,0.06831132382280253,0.00064893992251367
bfo-a7d84a931ad75b81180fb1321625d2044481cdc1305f26da0079240dfc24f3c7,1673,24.715810207131224,24.715810207131224,12.059143020004196,13.114874492061896,4.336806505519296e-05,0.0682984920814012,0.000634978368241351
bfo-a7d84a931ad75b81180fb1321625d2044481cdc1305f26da0079240dfc24f3c7,1674,24.718993883704442,24.718993883704442,12.0601426976769,13.11546832225425,4.245948201797841e-05,0.068308459508922,0.0006215845346714726
bfo-a7d84a931ad75b81180fb1321625d2044481cdc1305f26da0079240dfc24f3c7,1675,24.715118491556872,24.715118491556872,12.059095321478512,13.114692621524407,4.3091657454042825e-05,0.06835766855793118,0.0006303851252259118
bfo-a7d84a931ad75b81180fb1321625d2044481cdc1305f26da0079240dfc24f3c7,1676,1000000.0,24.715397645212448,12.061878014171512,13.116501381764644,4.079932377455836e-05,0.06824252028264143,0.0005978578107253217
bfo-a7d84a931ad75b81180fb1321625d2044481cdc1305f26da0079240dfc24f3c7,1677,24.716209120802976,24.716209120802976,12.058669238565969,13.11385685513396,4.3315202003287335e-05,0.0686281454625552,0.0006311579849833027
bfo-a7d84a931ad75b81180fb1321625d2044481cdc1305f26da0079240dfc24f3c7,1678,1000000.0,24.716225862950505,12.058715419088987,13.11526623154518,4.352805253804173e-05,0.06808154529305468,0.0006393517119900365
bfo-a7d84a931ad75b81180fb1321625d2044481cdc1305f26da0079240dfc24f3c7,1679,24.71491481401988,24.71491481401988,12.058564041738304,13.114339217789688,4.3817549872559965e-05,0.06841819361772108,0.0006404371053317421
bfo-a7d84a931ad75b81180fb1321625d2044481cdc1305f26da0079240dfc24f3c7,1680,1000000.0,24.716567514503573,12.058320342509049,13.11425304907453,4.3921542817866165e-05,0.06833130215113502,0.0006427733913327247
bfo-a7d84a931ad75b81180fb1321625d2044481cdc1305f26da0079240dfc24f3c7,1681,1000000.000012524,24.714493940460038,12.058641300577193,13.114536485069696,4.350671019281048e-05,0.06831132386892468,0.0006368886991019361
bfo-a7d84a931ad75b81180fb1321625d2044481cdc1305f26da0079240dfc24f3c7,1682,1000000.0,24.718201216258823,12.056471277875948,13.112899860261138,4.5344760961800074e-05,0.06852193266966766,0.0006617554291762215
bfo-a7d84a931ad75b81180fb1321625d2044481cdc1305f26da0079240dfc24f3c7,1683,1000000.0000194138,24.715744136917195,12.057532136077404,13.113503985093256,4.442665693724731e-05,0.06849695745735593,0.0006485931432050243
bfo-a7d84a931ad75b81180fb1321625d2044481cdc1305f26da0079240dfc24f3c7,1684,24.71454299268267,24.71454299268267,12.058669702750345,13.114713635204986,4.402859228910463e-05,0.06825952970750425,0.0006450175159097859
bfo-a7d84a931ad75b81180fb1321625d2044481cdc1305f26da0079240dfc24f3c7,1685,24.715662689213865,24.715662689213865,12.057545838343756,13.114191004467216,4.410595300370426e-05,0.06804754063331238,0.0006481638071444477
bfo-a7d84a931ad75b81180fb1321625d2044481cdc1305f26da0079240dfc24f3c7,1686,24.7142544210421,24.7142544210421,12.059306795683744,13.11562145106921,4.35069158435789e-05,0.06801851647999313,0.0006396334130041775
bfo-a7d84a931ad75b81180fb1321625d2044481cdc1305f26da0079240dfc24f3c7,1687,1000000.0,24.715871843774565,12.058468456281162,13.114867465883943,4.446004038580855e-05,0.06814921768485642,0.0006523925276942411
bfo-a7d84a931ad75b81180fb1321625d2044481cdc1305f26da0079240dfc24f3c7,1688,24.71395306095926,24.71395306095926,12.059017865601959,13.115335349872737,4.4247119976639204e-05,0.0681289507137433,0.0006494613451857181
bfo-a7d84a931ad75b81180fb1321625d2044481cdc1305f26da0079240dfc24f3c7,1689,24.717088337616588,24.717088337616588,12.05902758117048,13.114883899406825,4.3924936262919944e-05,0.06836862653895555,0.0006424721174981055
bfo-a7d84a931ad75b81180fb1321625d2044481cdc1305f26da0079240dfc24f3c7,1690,24.714207593002616,24.714207593002616,12.059583461805492,13.11544268342711,4.3842757279138775e-05,0.06826350491226897,0.0006422576358404787
bfo-a7d84a931ad75b81180fb1321625d2044481cdc1305f26da0079240dfc24f3c7,1691,24.715743716690817,24.715743716690817,12.059690834953908,13.117018436611307,4.409475694526503e-05,0.06756774498722445,0.0006526006891839051
bfo-a7d84a931ad75b81180fb1321625d2044481cdc1305f26da0079240dfc24f3c7,1692,24.713295459422692,24.713295459422692,12.058505724250693,13.115117732232852,4.438295597568632e-05,0.06805797971939191,0.0006521344911894319
bfo-a7d84a931ad75b81180fb1321625d2044481cdc1305f26da0079240dfc24f3c7,1693,24.71401950416918,24.71401950416918,12.058942386044759,13.116184495542573,4.419717215732298e-05,0.06772653815640081,0.0006525827742037915
bfo-a7d84a931ad75b81180fb1321625d2044481cdc1305f26da0079240dfc24f3c7,1694,1000000.0000387003,24.711746121030316,12.058717277716335,13.114906128602495,4.405178967444822e-05,0.06822156722445608,0.00064571647158901
bfo-a7d84a931ad75b81180fb1321625d2044481cdc1305f26da0079240dfc24f3c7,1695,24.713768330366555,24.713768330366555,12.059417894813041,13.116702788955354,4.361029176992751e-05,0.06756548704517712,0.0006454521927854651
bfo-a7d84a931ad75b81180fb1321625d2044481cdc1305f26da0079240dfc24f3c7,1696,24.714423443012542,24.714423443012542,12.058566909236959,13.115251651506837,4.4529212931715933e-05,0.06797199047914836,0.0006551112100413784
bfo-a7d84a931ad75b81180fb1321625d2044481cdc1305f26da0079240dfc24f3c7,1697,24.713894269572677,24.713894269572677,12.05802084840213,13.114356543431773,4.4898335626945374e-05,0.06826035056836707,0.0006577513190761721
bfo-a7d84a931ad75b81180fb1321625d2044481cdc1305f26da0079240dfc24f3c7,1698,24.713087126182785,24.713087126182785,12.059158731350728,13.115358883766715,4.3442836654473446e-05,0.06807604412093685,0.0006381516026004303
bfo-a7d84a931ad75b81180fb1321625d2044481cdc1305f26da0079240dfc24f3c7,1699,24.715324855048504,24.715324855048504,12.058359588353413,13.114601731005614,4.461763313948579e-05,0.06824542023788664,0.0006537820850682693
bfo-a7d84a931ad75b81180fb1321625d2044481cdc1305f26da0079240dfc24f3c7,1700,24.713761106928278,24.713761106928278,12.058326107971276,13.114738443158082,4.431626829344431e-05,0.06814270751340619,0.0006503449879024203
bfo-a7d84a931ad75b81180fb1321625d2044481cdc1305f26da0079240dfc24f3c7,1701,24.716301159082676,24.716301159082676,12.06030699312202,13.116487822195118,4.272480247620742e-05,0.06789472865558473,0.0006292801123477656
bfo-a7d84a931ad75b81180fb1321625d2044481cdc1305f26da0079240dfc24f3c7,1702,24.71359029230711,24.71359029230711,12.059035774842723,13.115106820526293,4.338315494181135e-05,0.06813673370450395,0.0006367072881708102
bfo-a7d84a931ad75b81180fb1321625d2044481cdc1305f26da0079240dfc24f3c7,1703,24.71459975792086,24.71459975792086,12.060359175547921,13.116145161116545,4.293204098544449e-05,0.06803645318285716,0.0006310152716229759
bfo-a7d84a931ad75b81180fb1321625d2044481cdc1305f26da0079240dfc24f3c7,1704,24.71337173545885,24.71337173545885,12.059759391754776,13.115552212674716,4.278636607084572e-05,0.06816028537925622,0.0006277316157462457
bfo-a7d84a931ad75b81180fb1321625d2044481cdc1305f26da0079240dfc24f3c7,1705,24.71455052499063,24.71455052499063,12.060928671844216,13.11638381217067,4.219566997516764e-05,0.06804627215287729,0.0006201025954863191
bfo-a7d84a931ad75b81180fb1321625d2044481cdc1305f26da0079240dfc24f3c7,1706,24.712833713960475,24.712833713960475,12.059536348173083,13.11518788653034,4.3650692175228e-05,0.06827868838039113,0.0006393018555371663
bfo-a7d84a931ad75b81180fb1321625d2044481cdc1305f26da0079240dfc24f3c7,1707,1000000.0,24.716815229502657,12.059113294013764,13.11536861628366,4.445925529631016e-05,0.0680857363670272,0.000652989270126203
bfo-a7d84a931ad75b81180fb1321625d2044481cdc1305f26da0079240dfc24f3c7,1708,24.71335930232666,24.71335930232666,12.059800660188868,13.11560839268694,4.3435709934640094e-05,0.06816116267053375,0.0006372501323751255
bfo-a7d84a931ad75b81180fb1321625d2044481cdc1305f26da0079240dfc24f3c7,1709,24.715018383506234,24.715018383506234,12.060059826360296,13.114880257093255,4.411997867535591e-05,0.0686079390849617,0.0006430739541777994
bfo-a7d84a931ad75b81180fb1321625d2044481cdc1305f26da0079240dfc24f3c7,1710,1000000.0000235842,24.71262601648167,12.058775267493532,13.114175941206488,4.4530403097564966e-05,0.0685457822382134,0.0006496446848153383
bfo-a7d84a931ad75b81180fb1321625d2044481cdc1305f26da0079240dfc24f3c7,1711,24.71251232754618,24.71251232754618,12.060919385035852,13.116195829753169,4.2380509548481945e-05,0.06823364702346768,0.0006211086670174022
bfo-a7d84a931ad75b81180fb1321625d2044481cdc1305f26da0079240dfc24f3c7,1712,24.714258051729082,24.714258051729082,12.061185913761367,13.116629208637034,4.2184887918784825e-05,0.06813643084482762,0.0006191238284091479
bfo-a7d84a931ad75b81180fb1321625d2044481cdc1305f26da0079240dfc24f3c7,1713,24.71225485216286,24.71225485216286,12.061967362329833,13.117326469931143,4.191493467074585e-05,0.06803566568828599,0.0006160729706501943
bfo-a7d84a931ad75b81180fb1321625d2044481cdc1305f26da0079240dfc24f3c7,1714,24.71263363645527,24.71263363645527,12.061618304388828,13.117875224311678,4.214877505890671e-05,0.06769915547560529,0.0006225893774124641
bfo-a7d84a931ad75b81180fb1321625d2044481cdc1305f26da0079240dfc24f3c7,1715,1000000.0000074714,24.712846753723205,12.061332938448425,13.11682762826052,4.262740151675603e-05,0.06809823266374468,0.0006259692777526479
bfo-a7d84a931ad75b81180fb1321625d2044481cdc1305f26da0079240dfc24f3c7,1716,24.718381038341427,24.718381038341427,12.063402664194193,13.12276612249153,4.034082503675093e-05,0.0673781729858934,0.0005987224534152458
bfo-a7d84a931ad75b81180fb1321625d2044481cdc1305f26da0079240dfc24f3c7,1717,1000000.0000041809,24.711976124790958,12.061285361753567,13.116645668538476,4.2184347458843674e-05,0.06814273342381195,0.0006190586338308331
bfo-a7d84a931ad75b81180fb1321625d2044481cdc1305f26da0079240dfc24f3c7,1718,1000000.0,24.71007585977902,12.062305656286139,13.117084767917433,4.2146695002233653e-05,0.06829259884118957,0.0006171487938282055
bfo-a7d84a931ad75b81180fb1321625d2044481cdc1305f26da0079240dfc24f3c7,1719,24.711204747713904,24.711204747713904,12.062038524182432,13.117515710825257,4.1658041602638584e-05,0.06795641639281699,0.000613011159414843
bfo-a7d84a931ad75b81180fb1321625d2044481cdc1305f26da0079240dfc24f3c7,1720,1000000.0,24.71641362280818,12.063304512299988,13.12005352554596,4.105204522762878e-05,0.0675623569433858,0.0006076171271234443
bfo-a7d84a931ad75b81180fb1321625d2044481cdc1305f26da0079240dfc24f3c7,1721,24.71246199621597,24.71246199621597,12.061929157564661,13.11746926131569,4.179890144170173e-05,0.06793229688470728,0.0006153023430466603
bfo-a7d84a931ad75b81180fb1321625d2044481cdc1305f26da0079240dfc24f3c7,1722,1000000.0,24.71050613899881,12.060462622062795,13.116480718691676,4.2154698090079155e-05,0.06793581985973766,0.0006205076817665998
bfo-a7d84a931ad75b81180fb1321625d2044481cdc1305f26da0079240dfc24f3c7,1723,24.715736841208635,24.715736841208635,12.061918268676415,13.117119016275595,4.229047659199807e-05,0.06812817350933685,0.0006207487213230842
bfo-a7d84a931ad75b81180fb1321625d2044481cdc1305f26da0079240dfc24f3c7,1724,1000000.0,24.716068205036674,12.06456383315114,13.124037248210273,3.950358821210655e-05,0.06753354929680379,0.000584947609350308
bfo-a7d84a931ad75b81180fb1321625d2044481cdc1305f26da0079240dfc24f3c7,1725,1000000.0000097384,24.711192382871076,12.062318535377404,13.117294702708698,4.1932988929118714e-05,0.068205812489443,0.0006148008124030362
bfo-a7d84a931ad75b81180fb1321625d2044481cdc1305f26da0079240dfc24f3c7,1726,24.710515411377926,24.710515411377926,12.060930609882906,13.116568029091189,4.27813771535303e-05,0.06811973829011206,0.0006280320245995461
bfo-a7d84a931ad75b81180fb1321625d2044481cdc1305f26da0079240dfc24f3c7,1727,24.71944618098359,24.71944618098359,12.060188795481773,13.115609095284185,4.4301907364059364e-05,0.06838893946534215,0.0006477934547663294
bfo-a7d84a931ad75b81180fb1321625d2044481cdc1305f26da0079240dfc24f3c7,1728,24.712081061550656,24.712081061550656,12.06036147929757,13.116073693942322,4.319184010819203e-05,0.0681929170075581,0.000633377218683942
bfo-a7d84a931ad75b81180fb1321625d2044481cdc1305f26da0079240dfc24f3c7,1729,24.713633893765362,24.713633893765362,12.061601502962809,13.117112930151492,4.157800576441405e-05,0.06799592796175637,0.0006114778783194075
bfo-a7d84a931ad75b81180fb1321625d2044481cdc1305f26da0079240dfc24f3c7,1730,24.710548075864143,24.710548075864143,12.062053557175112,13.117540994763267,4.1635335341653694e-05,0.0678998420893762,0.0006131875135563544
bfo-a7d84a931ad75b81180fb1321625d2044481cdc1305f26da0079240dfc24f3c7,1731,24.713765694953857,24.713765694953857,12.061160998599957,13.117681570077288,4.307862004728959e-05,0.06769090838059422,0.0006364018607207739
bfo-a7d84a931ad75b81180fb1321625d2044481cdc1305f26da0079240dfc24f3c7,1732,1000000.0000016978,24.710592925206033,12.060917576297964,13.116697760214187,4.2502317052131565e-05,0.0680184757625615,0.0006248642971727036
bfo-a7d84a931ad75b81180fb1321625d2044481cdc1305f26da0079240dfc24f3c7,1733,1000000.0,24.711336326357248,12.059082260865269,13.115438319881438,4.364362027562308e-05,0.06807171176198215,0.0006411418068672384
bfo-a7d84a931ad75b81180fb1321625d2044481cdc1305f26da0079240dfc24f3c7,1734,24.709771185732553,24.709771185732553,12.060684190282018,13.116362626073482,4.306684190141618e-05,0.0681227985561783,0.0006321942552888602
bfo-a7d84a931ad75b81180fb1321625d2044481cdc1305f26da0079240dfc24f3c7,1735,1000000.0,24.705211595296007,12.060956466152586,13.117081420727136,4.25063070266702e-05,0.06786590020051196,0.0006263279040148876
bfo-a7d84a931ad75b81180fb1321625d2044481cdc1305f26da0079240dfc24f3c7,1736,24.71052332291663,24.71052332291663,12.061448752892495,13.116851103481899,4.267134173833425e-05,0.06814686199229375,0.0006261673757356524
bfo-a7d84a931ad75b81180fb1321625d2044481cdc1305f26da0079240dfc24f3c7,1737,1000000.0,24.71441000365025,12.060840817619281,13.1167970674177,4.258324513635392e-05,0.06782322657066077,0.0006278563744234301
bfo-a7d84a931ad75b81180fb1321625d2044481cdc1305f26da0079240dfc24f3c7,1738,24.710736634037822,24.710736634037822,12.061011237525644,13.116762415657952,4.3236723610345645e-05,0.06808310999976276,0.0006350579991204324
bfo-a7d84a931ad75b81180fb1321625d2044481cdc1305f26da0079240dfc24f3c7,1739,24.71235071089722,24.71235071089722,12.061031878532958,13.11643335599349,4.3579892025673356e-05,0.06828356463976702,0.0006382193468601268
bfo-a7d84a931ad75b81180fb1321625d2044481cdc1305f26da0079240dfc24f3c7,1740,1000000.0000002222,24.711301376187777,12.061082183324674,13.116469198931702,4.3093926197751255e-05,0.06819232262747052,0.0006319468898745406
bfo-a7d84a931ad75b81180fb1321625d2044481cdc1305f26da0079240dfc24f3c7,1741,24.71134547313043,24.71134547313043,12.059772100732694,13.116469232384336,4.32220531350969e-05,0.06772235356196116,0.0006382243212435284
bfo-a7d84a931ad75b81180fb1321625d2044481cdc1305f26da0079240dfc24f3c7,1742,24.70975165522409,24.70975165522409,12.060825913719608,13.116258878578464,4.2995102989649914e-05,0.06819580532695062,0.00063046550713081
bfo-a7d84a931ad75b81180fb1321625d2044481cdc1305f26da0079240dfc24f3c7,1743,1000000.0,24.708598024236068,12.061134878141129,13.11590792925215,4.339443583642318e-05,0.06850463416393725,0.0006334525593199536
bfo-a7d84a931ad75b81180fb1321625d2044481cdc1305f26da0079240dfc24f3c7,1744,24.713736842482447,24.713736842482447,12.061924433162305,13.117275703980313,4.230787015116641e-05,0.06804002778357825,0.0006218085372589691
bfo-a7d84a931ad75b81180fb1321625d2044481cdc1305f26da0079240dfc24f3c7,1745,24.714299867739484,24.714299867739484,12.062221625151043,13.117496218967837,4.2427269123172056e-05,0.06805301832744574,0.0006234443403968927
bfo-a7d84a931ad75b81180fb1321625d2044481cdc1305f26da0079240dfc24f3c7,1746,24.71125320430675,24.71125320430675,12.061323989930365,13.11674493742033,4.281249648389708e-05,0.06808197479711446,0.000628837465591724
bfo-a7d84a931ad75b81180fb1321625d2044481cdc1305f26da0079240dfc24f3c7,1747,1000000.0,24.71129094743477,12.05980832221591,13.115068772702413,4.3562342684939325e-05,0.0684560740685011,0.0006363546738211766
bfo-a7d84a931ad75b81180fb1321625d2044481cdc1305f26da0079240dfc24f3c7,1748,24.70874071917344,24.70874071917344,12.061002922542329,13.116351669175852,4.284892568572167e-05,0.06819707531703466,0.0006283103122315074
bfo-a7d84a931ad75b81180fb1321625d2044481cdc1305f26da0079240dfc24f3c7,1749,24.712774503755966,24.712774503755966,12.060189183496021,13.115751672160934,4.422464258462495e-05,0.06827937437793224,0.0006477013444768508
bfo-a7d84a931ad75b81180fb1321625d2044481cdc1305f26da0079240dfc24f3c7,1750,24.709157495821746,24.709157495821746,12.061593843742513,13.117045077222404,4.208421045740653e-05,0.06802377504435195,0.0006186691407521466
bfo-a7d84a931ad75b81180fb1321625d2044481cdc1305f26da0079240dfc24f3c7,1751,24.715626046946824,24.715626046946824,12.063129192094472,13.118728815927636,4.191507006451938e-05,0.06791741733767931,0.000617147584633871
bfo-a7d84a931ad75b81180fb1321625d2044481cdc1305f26da0079240dfc24f3c7,1752,24.70849301282491,24.70849301282491,12.060197746153593,13.115548991245188,4.357338626942784e-05,0.06838706433363081,0.000637158309016632
bfo-a7d84a931ad75b81180fb1321625d2044481cdc1305f26da0079240dfc24f3c7,1753,24.70900998290282,24.70900998290282,12.058707086349404,13.114855100169795,4.425504759285824e-05,0.06828117837268516,0.0006481295233557626
bfo-a7d84a931ad75b81180fb1321625d2044481cdc1305f26da0079240dfc24f3c7,1754,24.70972413849691,24.70972413849691,12.061336400650772,13.116871322127626,4.2428159851125454e-05,0.06806429032231505,0.0006233541795588997
bfo-a7d84a931ad75b81180fb1321625d2044481cdc1305f26da0079240dfc24f3c7,1755,24.708318470606564,24.708318470606564,12.059289796979952,13.115417792343909,4.369322592612501e-05,0.06816091810326194,0.0006410304781976523
bfo-a7d84a931ad75b81180fb1321625d2044481cdc1305f26da0079240dfc24f3c7,1756,24.713269289461717,24.713269289461717,12.058924165154426,13.114242530277473,4.523323112856136e-05,0.06876749498601498,0.0006577705227994752
bfo-a7d84a931ad75b81180fb1321625d2044481cdc1305f26da0079240dfc24f3c7,1757,1000000.0000610152,24.70760578958137,12.059774763191623,13.115370775632028,4.323146102158622e-05,0.06834655861275864,0.0006325331062611244
bfo-a7d84a931ad75b81180fb1321625d2044481cdc1305f26da0079240dfc24f3c7,1758,1000000.0,24.712788830375004,12.05831814869992,13.114478009211481,4.5130081706521584e-05,0.06833419580456461,0.0006604318844344542
bfo-a7d84a931ad75b81180fb1321625d2044481cdc1305f26da0079240dfc24f3c7,1759,24.707469921197973,24.707469921197973,12.060121904828884,13.115530255344876,4.325959889647075e-05,0.06835468158032194,0.0006328695840040954
bfo-a7d84a931ad75b81180fb1321625d2044481cdc1305f26da0079240dfc24f3c7,1760,24.702906182918987,24.702906182918987,12.059660366315557,13.116048179264455,4.326891144449552e-05,0.0679715554653399,0.0006365738013242795
bfo-a7d84a931ad75b81180fb1321625d2044481cdc1305f26da0079240dfc24f3c7,1761,24.707310511688743,24.707310511688743,12.059127392980034,13.116362131059716,4.3285859578784e-05,0.06752382534349344,0.0006410457250990891
bfo-a7d84a931ad75b81180fb1321625d2044481cdc1305f26da0079240dfc24f3c7,1762,24.703302611657925,24.703302611657925,12.058631829232334,13.115343718450266,4.4121086680769414e-05,0.06803727161106643,0.0006484840681587974
bfo-a7d84a931ad75b81180fb1321625d2044481cdc1305f26da0079240dfc24f3c7,1763,24.70562314074587,24.70562314074587,12.06097210943045,13.116982505734203,4.18365497889706e-05,0.06794175955997932,0.0006157707727901437
bfo-a7d84a931ad75b81180fb1321625d2044481cdc1305f26da0079240dfc24f3c7,1764,1000000.0000452591,24.702197456741082,12.06021718449506,13.116245009539686,4.2846878531614274e-05,0.0680199061566636,0.0006299167545590146
bfo-a7d84a931ad75b81180fb1321625d2044481cdc1305f26da0079240dfc24f3c7,1765,24.707785082796327,24.707785082796327,12.061548303291078,13.117974420743687,4.232073231785267e-05,0.0676397140741961,0.0006256787583612454
bfo-a7d84a931ad75b81180fb1321625d2044481cdc1305f26da0079240dfc24f3c7,1766,1000000.000005354,24.705851306209667,12.059791894447045,13.116301081640787,4.3291374175772956e-05,0.0679075942224047,0.0006375041653513602
bfo-a7d84a931ad75b81180fb1321625d2044481cdc1305f26da0079240dfc24f3c7,1767,1000000.0,24.701073400312698,12.058847666784041,13.11518147466888,4.4428019970641117e-05,0.06819425478781557,0.0006514921250899742
bfo-a7d84a931ad75b81180fb1321625d2044481cdc1305f26da0079240dfc24f3c7,1768,1000000.0000015866,24.70411619867155,12.059579484163386,13.115893709887288,4.364351620885181e-05,0.06807228446138279,0.0006411348841041268
bfo-a7d84a931ad75b81180fb1321625d2044481cdc1305f26da0079240dfc24f3c7,1769,1000000.0,24.70008297567636,12.059845122537256,13.115893320947421,4.255467557648856e-05,0.06807102575012726,0.0006251510845847509
bfo-a7d84a931ad75b81180fb1321625d2044481cdc1305f26da0079240dfc24f3c7,1770,1000000.000030113,24.70513143338751,12.059078991987814,13.115600592643755,4.4067500841283014e-05,0.06805623651434439,0.0006475159823449067
bfo-a7d84a931ad75b81180fb1321625d2044481cdc1305f26da0079240dfc24f3c7,1771,1000000.0,24.70279574579397,12.058017461005472,13.114802524301577,4.378945849424406e-05,0.0680142701270712,0.0006438275146146849
bfo-a7d84a931ad75b81180fb1321625d2044481cdc1305f26da0079240dfc24f3c7,1772,24.702075301163333,24.702075301163333,12.059323944647923,13.116037500572563,4.321901249389405e-05,0.06784976269139761,0.0006369810413408212
bfo-a7d84a931ad75b81180fb1321625d2044481cdc1305f26da0079240dfc24f3c7,1773,1000000.0,24.703132193615104,12.061147483516205,13.11787545910288,4.1395649088739455e-05,0.06743424572425223,0.0006138668660729428
bfo-a7d84a931ad75b81180fb1321625d2044481cdc1305f26da0079240dfc24f3c7,1774,24.69922240688082,24.69922240688082,12.058766699618158,13.115974696089642,4.32416679344336e-05,0.06768672191098297,0.0006388500833487273
bfo-a7d84a931ad75b81180fb1321625d2044481cdc1305f26da0079240dfc24f3c7,1775,24.70288346161213,24.70288346161213,12.057593918892083,13.115052504200403,4.394691985683169e-05,0.06779748669085685,0.000648208687399003
bfo-a7d84a931ad75b81180fb1321625d2044481cdc1305f26da0079240dfc24f3c7,1776,24.69877492216127,24.69877492216127,12.058720863765524,13.115856053901204,4.3041968970520225e-05,0.06766717153851969,0.0006360834654662415
bfo-a7d84a931ad75b81180fb1321625d2044481cdc1305f26da0079240dfc24f3c7,1777,24.702531737156306,24.702531737156306,12.059414389054377,13.117200830185553,4.279110527062393e-05,0.06725672921464337,0.0006362352997283028
bfo-a7d84a931ad75b81180fb1321625d2044481cdc1305f26da0079240dfc24f3c7,1778,24.699423352432177,24.699423352432177,12.058437515507876,13.115212549669634,4.3356514023511706e-05,0.06788172193318667,0.000638706750341216
bfo-a7d84a931ad75b81180fb1321625d2044481cdc1305f26da0079240dfc24f3c7,1779,24.69905039395053,24.69905039395053,12.059720997784517,13.117194345741474,4.22406972341445e-05,0.06732675400766804,0.0006273983924627287
bfo-a7d84a931ad75b81180fb1321625d2044481cdc1305f26da0079240dfc24f3c7,1780,24.699195251631934,24.699195251631934,12.058785234632404,13.115727929071674,4.297563427774098e-05,0.0677629751453616,0.0006342052453504571
bfo-a7d84a931ad75b81180fb1321625d2044481cdc1305f26da0079240dfc24f3c7,1781,24.698723989767046,24.698723989767046,12.057264324379707,13.114580760654967,4.4213055624494734e-05,0.06785547748507127,0.0006515768109394256
bfo-a7d84a931ad75b81180fb1321625d2044481cdc1305f26da0079240dfc24f3c7,1782,24.700309289908112,24.700309289908112,12.057062086421743,13.115156267683886,4.4456731604895774e-05,0.06761048612673869,0.0006575419606000136
bfo-a7d84a931ad75b81180fb1321625d2044481cdc1305f26da0079240dfc24f3c7,1783,24.699334111075856,24.699334111075856,12.057397322923144,13.11443787716478,4.432979754527191e-05,0.06797900038960861,0.0006521101706586472
bfo-a7d84a931ad75b81180fb1321625d2044481cdc1305f26da0079240dfc24f3c7,1784,24.6993491839971,24.6993491839971,12.060380136614768,13.11664905178268,4.1563989477979114e-05,0.0677062207326848,0.0006138873064866598
bfo-a7d84a931ad75b81180fb1321625d2044481cdc1305f26da0079240dfc24f3c7,1785,1000000.0000163337,24.697403131872857,12.056917942774191,13.114540358059228,4.4663810731143876e-05,0.06782941250780009,0.0006584726165217447
bfo-a7d84a931ad75b81180fb1321625d2044481cdc1305f26da0079240dfc24f3c7,1786,24.698719786649164,24.698719786649164,12.057717594952488,13.114900415559369,4.3779630401880574e-05,0.0677692532815674,0.0006460102226593107
bfo-a7d84a931ad75b81180fb1321625d2044481cdc1305f26da0079240dfc24f3c7,1787,24.697740276424675,24.697740276424675,12.057944498772773,13.115397018796184,4.309603807507868e-05,0.06754315852587911,0.0006380518621818147
bfo-a7d84a931ad75b81180fb1321625d2044481cdc1305f26da0079240dfc24f3c7,1788,24.704785478722442,24.704785478722442,12.060565164924212,13.117368303458502,4.086680336777518e-05,0.0672803282067367,0.0006074108800747978
bfo-a7d84a931ad75b81180fb1321625d2044481cdc1305f26da0079240dfc24f3c7,1789,24.698607441759506,24.698607441759506,12.05858727602977,13.116202601240518,4.231221834716376e-05,0.06732638679227311,0.0006284641187965821
bfo-a7d84a931ad75b81180fb1321625d2044481cdc1305f26da0079240dfc24f3c7,1790,24.701095587053793,24.701095587053793,12.058497330289239,13.11522609920111,4.249223757805432e-05,0.0676945015020778,0.0006277058939085337
bfo-a7d84a931ad75b81180fb1321625d2044481cdc1305f26da0079240dfc24f3c7,1791,1000000.0000134461,24.697090156256433,12.05695716308686,13.115139509217519,4.3959247508291705e-05,0.0673980834640967,0.0006522329011285464
bfo-a7d84a931ad75b81180fb1321625d2044481cdc1305f26da0079240dfc24f3c7,1792,24.697984739803108,24.697984739803108,12.057051728944247,13.11445891864757,4.351350805735637e-05,0.06771665738428721,0.0006425820431510715
bfo-a7d84a931ad75b81180fb1321625d2044481cdc1305f26da0079240dfc24f3c7,1793,24.69780290864031,24.69780290864031,12.057951434126068,13.115465599456279,4.319984183996731e-05,0.06754609189223111,0.0006395609372766093
bfo-a7d84a931ad75b81180fb1321625d2044481cdc1305f26da0079240dfc24f3c7,1794,1000000.0,24.701085616667374,12.058405470575325,13.115065892810623,4.2993922748001835e-05,0.06786398793344194,0.0006335307437306575
bfo-a7d84a931ad75b81180fb1321625d2044481cdc1305f26da0079240dfc24f3c7,1795,1000000.0000169,24.69801616257713,12.058486097146064,13.11551484883909,4.2981634760599295e-05,0.06764235034435313,0.0006354249156303519
bfo-a7d84a931ad75b81180fb1321625d2044481cdc1305f26da0079240dfc24f3c7,1796,24.69946399863882,24.69946399863882,12.05983666417163,13.116807635835526,4.165742832006683e-05,0.0674364502581882,0.0006177286639580906
bfo-a7d84a931ad75b81180fb1321625d2044481cdc1305f26da0079240dfc24f3c7,1797,1000000.0000089852,24.697468650622305,12.058215917520274,13.115543702254636,4.272699187566414e-05,0.06754842031255899,0.0006325387281887344
bfo-a7d84a931ad75b81180fb1321625d2044481cdc1305f26da0079240dfc24f3c7,1798,24.700064139735737,24.700064139735737,12.057164023733398,13.11483170265219,4.367609728473234e-05,0.06750948796547601,0.0006469623544925724
bfo-a7d84a931ad75b81180fb1321625d2044481cdc1305f26da0079240dfc24f3c7,1799,1000000.0000657268,24.698882192784808,12.0582508985265,13.115380873073738,4.272390099185165e-05,0.06762058889320294,0.0006318179372754051
bfo-a7d84a931ad75b81180fb1321625d2044481cdc1305f26da0079240dfc24f3c7,1800,24.695862431973502,24.695862431973502,12.057019147698353,13.115142400223858,4.361954013485884e-05,0.06741116904725254,0.0006470669586561135
bfo-a7d84a931ad75b81180fb1321625d2044481cdc1305f26da0079240dfc24f3c7,1801,24.699175819092975,24.699175819092975,12.057786650012662,13.115984589647333,4.2823694641069275e-05,0.06720033880933425,0.0006372541478186861
bfo-a7d84a931ad75b81180fb1321625d2044481cdc1305f26da0079240dfc24f3c7,1802,24.694869742235667,24.694869742235667,12.0568477362716,13.115045093693022,4.350192505590263e-05,0.06738528676828506,0.000645570081277399
bfo-a7d84a931ad75b81180fb1321625d2044481cdc1305f26da0079240dfc24f3c7,1803,1000000.0,24.69283598112645,12.057952325948227,13.115349533857009,4.2721765935509746e-05,0.06766482362258017,0.0006313733436120748
bfo-a7d84a931ad75b81180fb1321625d2044481cdc1305f26da0079240dfc24f3c7,1804,24.696910424659137,24.696910424659137,12.057204584362006,13.115774085240862,4.311095721008786e-05,0.06712479692672697,0.0006422508399861161
bfo-a7d84a931ad75b81180fb1321625d2044481cdc1305f26da0079240dfc24f3c7,1805,1000000.0,24.69677555822608,12.055998495432087,13.114692486677763,4.434650950593792e-05,0.06723102170414931,0.0006596137970516812
bfo-a7d84a931ad75b81180fb1321625d2044481cdc1305f26da0079240dfc24f3c7,1806,1000000.0000042818,24.696130104680933,12.0566061431402,13.114958774144942,4.3634711462783695e-05,0.06737579629352958,0.0006476318479812037
bfo-a7d84a931ad75b81180fb1321625d2044481cdc1305f26da0079240dfc24f3c7,1807,24.69403479172441,24.69403479172441,12.055672711402702,13.113908675484074,4.375563554440842e-05,0.0675201430890623,0.000648038252624741
bfo-a7d84a931ad75b81180fb1321625d2044481cdc1305f26da0079240dfc24f3c7,1808,24.695136472397778,24.695136472397778,12.054210519705917,13.114175400693567,4.4316811461447835e-05,0.06694084591353468,0.0006620294508780249
bfo-a7d84a931ad75b81180fb1321625d2044481cdc1305f26da0079240dfc24f3c7,1809,1000000.000027858,24.694106015981454,12.055524462401332,13.11369027847451,4.423447528963286e-05,0.06760257536647596,0.0006543312151916727
bfo-a7d84a931ad75b81180fb1321625d2044481cdc1305f26da0079240dfc24f3c7,1810,1000000.0,24.692554686001273,12.056481220212518,13.113929852698593,4.375715162947914e-05,0.0678095186099178,0.0006452951226685045
bfo-a7d84a931ad75b81180fb1321625d2044481cdc1305f26da0079240dfc24f3c7,1811,24.695538379797334,24.695538379797334,12.057306585331608,13.115256128750687,4.26614308671241e-05,0.06732982909631298,0.0006336185824279817
bfo-a7d84a931ad75b81180fb1321625d2044481cdc1305f26da0079240dfc24f3c7,1812,1000000.0,24.695606714602036,12.056163656768863,13.1144028763815,4.286999168065636e-05,0.06731646124441604,0.0006368426219703054
bfo-a7d84a931ad75b81180fb1321625d2044481cdc1305f26da0079240dfc24f3c7,1813,24.69393894456502,24.69393894456502,12.05584515813066,13.113942978335716,4.333310382033075e-05,0.06752036094983274,0.0006417783200615146
bfo-a7d84a931ad75b81180fb1321625d2044481cdc1305f26da0079240dfc24f3c7,1814,24.695275146769504,24.695275146769504,12.05500587376998,13.112882571924715,4.435782560075062e-05,0.0677912355946809,0.000654329799591838
bfo-a7d84a931ad75b81180fb1321625d2044481cdc1305f26da0079240dfc24f3c7,1815,1000000.0000027186,24.69250112506779,12.054581579255897,13.112725412904103,4.412191484568392e-05,0.06773205797178436,0.0006514184887762322
bfo-a7d84a931ad75b81180fb1321625d2044481cdc1305f26da0079240dfc24f3c7,1816,1000000.0,24.698490807343134,12.056250180714777,13.114861838114653,4.284993424763756e-05,0.06719035793286722,0.0006377393359096371
bfo-a7d84a931ad75b81180fb1321625d2044481cdc1305f26da0079240dfc24f3c7,1817,1000000.0000077077,24.692628045655837,12.055330347994541,13.113453580717856,4.380599484048145e-05,0.06758842513641258,0.0006481286514971838
bfo-a7d84a931ad75b81180fb1321625d2044481cdc1305f26da0079240dfc24f3c7,1818,24.700259154329565,24.700259154329565,12.058382402596358,13.116161524356645,4.182588252966878e-05,0.06716976979430399,0.0006226890855477611
bfo-a7d84a931ad75b81180fb1321625d2044481cdc1305f26da0079240dfc24f3c7,1819,24.695668182439135,24.695668182439135,12.056300731568141,13.114182425827572,4.308551084922597e-05,0.06753362599268088,0.0006379860434844038
bfo-a7d84a931ad75b81180fb1321625d2044481cdc1305f26da0079240dfc24f3c7,1820,24.69783348935762,24.69783348935762,12.057316022120023,13.115507045806233,4.164326393852075e-05,0.0671297156607431,0.0006203402402145639
bfo-a7d84a931ad75b81180fb1321625d2044481cdc1305f26da0079240dfc24f3c7,1821,24.693208199924385,24.693208199924385,12.05637415083164,13.114284015250169,4.27705205432649e-05,0.06750944838383097,0.0006335486597385495
bfo-a7d84a931ad75b81180fb1321625d2044481cdc1305f26da0079240dfc24f3c7,1822,24.693657608809424,24.693657608809424,12.05664931967472,13.113923839837895,4.257192090384819e-05,0.06777265359964109,0.0006281577987979748
bfo-a7d84a931ad75b81180fb1321625d2044481cdc1305f26da0079240dfc24f3c7,1823,1000000.0000266384,24.695230096710702,12.057418551343343,13.115040856422048,4.204614924712744e-05,0.06744936395916218,0.0006233735468963748
bfo-a7d84a931ad75b81180fb1321625d2044481cdc1305f26da0079240dfc24f3c7,1824,24.695281584052665,24.695281584052665,12.057042102910792,13.114750496264383,4.2265299239196094e-05,0.06743461855211377,0.0006267596695387738
bfo-a7d84a931ad75b81180fb1321625d2044481cdc1305f26da0079240dfc24f3c7,1825,1000000.00000424,24.69430718375042,12.056998713460306,13.114751582998764,4.2542183153685645e-05,0.06750010397705627,0.0006302535943966251
bfo-a7d84a931ad75b81180fb1321625d2044481cdc1305f26da0079240dfc24f3c7,1826,24.693082005365827,24.693082005365827,12.057096096216537,13.115205001316887,4.179820655495908e-05,0.0672609236919376,0.0006214337279458047
bfo-a7d84a931ad75b81180fb1321625d2044481cdc1305f26da0079240dfc24f3c7,1827,24.699468397466177,24.699468397466177,12.05907597644189,13.116697237695174,4.058195114509931e-05,0.06710001597824912,0.0006047979356406442
bfo-a7d84a931ad75b81180fb1321625d2044481cdc1305f26da0079240dfc24f3c7,1828,24.69460513778336,24.69460513778336,12.057891444960637,13.115752293667562,4.121696010433053e-05,0.0672205590781694,0.00061316003123985
bfo-a7d84a931ad75b81180fb1321625d2044481cdc1305f26da0079240dfc24f3c7,1829,1000000.0,24.696034354628495,12.057543044214968,13.11522496716316,4.112138717805384e-05,0.06734322486632897,0.000610623967885063
bfo-a7d84a931ad75b81180fb1321625d2044481cdc1305f26da0079240dfc24f3c7,1830,24.69386905619799,24.69386905619799,12.057249201644204,13.115383456680345,4.1505636995708754e-05,0.06721111775826843,0.0006175412399030167
bfo-a7d84a931ad75b81180fb1321625d2044481cdc1305f26da0079240dfc24f3c7,1831,24.692176260129763,24.692176260129763,12.057392815032193,13.115446955647785,4.115620436892752e-05,0.06721458997123372,0.0006123105770122441
bfo-a7d84a931ad75b81180fb1321625d2044481cdc1305f26da0079240dfc24f3c7,1832,24.69246704432154,24.69246704432154,12.055257588678693,13.113760879203488,4.252743628458088e-05,0.06739379516324795,0.0006310289572143354
bfo-a7d84a931ad75b81180fb1321625d2044481cdc1305f26da0079240dfc24f3c7,1833,1000000.0000216822,24.690355158194883,12.057596600121352,13.115477294406293,4.102669370829974e-05,0.0672901833730946,0.0006096980518068242
bfo-a7d84a931ad75b81180fb1321625d2044481cdc1305f26da0079240dfc24f3c7,1834,24.692147476221162,24.692147476221162,12.056668506102826,13.115231759328735,4.145357120512102e-05,0.06705466429059578,0.0006182056333243736
bfo-a7d84a931ad75b81180fb1321625d2044481cdc1305f26da0079240dfc24f3c7,1835,24.69304840030373,24.69304840030373,12.0579824894229,13.115739890475455,4.096248457689191e-05,0.06717798348907365,0.0006097605562029764
bfo-a7d84a931ad75b81180fb1321625d2044481cdc1305f26da0079240dfc24f3c7,1836,1000000.0000009995,24.69338926046888,12.056752443297713,13.115525981245387,4.1302753270165555e-05,0.06693647723177325,0.0006170440240999128
bfo-a7d84a931ad75b81180fb1321625d2044481cdc1305f26da0079240dfc24f3c7,1837,24.68935073166029,24.68935073166029,12.05438995691057,13.114517886975133,4.3434382256425546e-05,0.0667650943133007,0.0006505552445205294
bfo-a7d84a931ad75b81180fb1321625d2044481cdc1305f26da0079240dfc24f3c7,1838,24.6946003864498,24.6946003864498,12.056016646284721,13.11548941290524,4.1995687729952285e-05,0.06671764215991367,0.0006294540150159081
bfo-a7d84a931ad75b81180fb1321625d2044481cdc1305f26da0079240dfc24f3c7,1839,24.69107156652177,24.69107156652177,12.055326635138403,13.115255203447171,4.25408075201365e-05,0.06665715742440172,0.0006382031452268808
bfo-a7d84a931ad75b81180fb1321625d2044481cdc1305f26da0079240dfc24f3c7,1840,24.686420317791473,24.686420317791473,12.053312966171,13.1135328160895,4.428742300323344e-05,0.06692941816214715,0.0006617033917124473
bfo-a7d84a931ad75b81180fb1321625d2044481cdc1305f26da0079240dfc24f3c7,1841,24.689032878882816,24.689032878882816,12.053658809354225,13.113418673834659,4.431361976552415e-05,0.06710902800888506,0.0006603227774310358
bfo-a7d84a931ad75b81180fb1321625d2044481cdc1305f26da0079240dfc24f3c7,1842,24.687226920233826,24.687226920233826,12.05397505139515,13.113992831341205,4.348995616216513e-05,0.06687671281451751,0.0006503004458784401
bfo-a7d84a931ad75b81180fb1321625d2044481cdc1305f26da0079240dfc24f3c7,1843,24.68939280648492,24.68939280648492,12.053716662010748,13.114047328498781,4.425649638655288e-05,0.06678600836914332,0.0006626611990633715
bfo-a7d84a931ad75b81180fb1321625d2044481cdc1305f26da0079240dfc24f3c7,1844,1000000.0000158129,24.68781587060309,12.052845383409721,13.112943420981075,4.484113354988797e-05,0.06711494203741794,0.0006681244472339428
bfo-a7d84a931ad75b81180fb1321625d2044481cdc1305f26da0079240dfc24f3c7,1845,1000000.0,24.691792927183144,12.055007507226238,13.11585535400064,4.312344692353681e-05,0.06634807935433377,0.0006499577281391196
bfo-a7d84a931ad75b81180fb1321625d2044481cdc1305f26da0079240dfc24f3c7,1846,24.68716149625969,24.68716149625969,12.05340480150823,13.113410970601395,4.4370760550593584e-05,0.06701669110160334,0.0006620852181932336
bfo-a7d84a931ad75b81180fb1321625d2044481cdc1305f26da0079240dfc24f3c7,1847,24.687738453754786,24.687738453754786,12.053139384276129,13.114016627954687,4.417798151013229e-05,0.06661708593576275,0.0006631629241893297
bfo-a7d84a931ad75b81180fb1321625d2044481cdc1305f26da0079240dfc24f3c7,1848,24.687439487802514,24.687439487802514,12.054139731812427,13.114203551382008,4.37559856815191e-05,0.06685503969191928,0.0006544904600035389
bfo-a7d84a931ad75b81180fb1321625d2044481cdc1305f26da0079240dfc24f3c7,1849,1000000.0,24.686765182661055,12.052356945683277,13.11280263173845,4.4811809821067845e-05,0.06697243202180582,0.0006691082952830112
bfo-a7d84a931ad75b81180fb1321625d2044481cdc1305f26da0079240dfc24f3c7,1850,24.686932700977728,24.686932700977728,12.054019546147284,13.114010013883465,4.376253116361318e-05,0.06691498488823701,0.0006540019584059743
bfo-a7d84a931ad75b81180fb1321625d2044481cdc1305f26da0079240dfc24f3c7,1851,24.68692109211458,24.68692109211458,12.05359065090927,13.113390298952167,4.418319634882089e-05,0.06702308294106549,0.0006592235750729627
bfo-a7d84a931ad75b81180fb1321625d2044481cdc1305f26da0079240dfc24f3c7,1852,24.686669042130905,24.686669042130905,12.05331245073921,13.113142018918701,4.4570891439139074e-05,0.06712732622419808,0.0006639753725670091
bfo-a7d84a931ad75b81180fb1321625d2044481cdc1305f26da0079240dfc24f3c7,1853,24.68522254569045,24.68522254569045,12.05513787857639,13.114656969421784,4.2600362220563384e-05,0.06683353991547152,0.0006374099333125655
bfo-a7d84a931ad75b81180fb1321625d2044481cdc1305f26da0079240dfc24f3c7,1854,1000000.0,24.69246827326734,12.057365371105925,13.115979055450161,4.131389426476561e-05,0.06684759919804854,0.0006180310850411463
bfo-a7d84a931ad75b81180fb1321625d2044481cdc1305f26da0079240dfc24f3c7,1855,1000000.0000059013,24.684547593163728,12.055096515207158,13.114395035387032,4.274141983765046e-05,0.06695521488184338,0.0006383583401692718
bfo-a7d84a931ad75b81180fb1321625d2044481cdc1305f26da0079240dfc24f3c7,1856,24.686021839526617,24.686021839526617,12.056965094150458,13.114780243719332,4.171363120327096e-05,0.06728260745188595,0.0006199764364527718
bfo-a7d84a931ad75b81180fb1321625d2044481cdc1305f26da0079240dfc24f3c7,1857,1000000.000043075,24.68694427887764,12.055517786105094,13.115047619386864,4.258634549737627e-05,0.06677191456076424,0.000637788294337757
bfo-a7d84a931ad75b81180fb1321625d2044481cdc1305f26da0079240dfc24f3c7,1858,24.686692398169896,24.686692398169896,12.055916976803426,13.11502966461312,4.225068552837226e-05,0.0669247425192522,0.0006313163702679622
bfo-a7d84a931ad75b81180fb1321625d2044481cdc1305f26da0079240dfc24f3c7,1859,1000000.000011382,24.68597506155902,12.055544484826568,13.11506731985435,4.275928072337737e-05,0.0667978054610229,0.0006401300226596184
bfo-a7d84a931ad75b81180fb1321625d2044481cdc1305f26da0079240dfc24f3c7,1860,1000000.0,24.692085330137083,12.056583927735343,13.116015213048843,4.1594621445177004e-05,0.06660780460959423,0.0006244706861151477
bfo-a7d84a931ad75b81180fb1321625d2044481cdc1305f26da0079240dfc24f3c7,1861,24.684708882472208,24.684708882472208,12.054859706590566,13.114541984326586,4.26930042583842e-05,0.06679524224537595,0.0006391623538327645
bfo-a7d84a931ad75b81180fb1321625d2044481cdc1305f26da0079240dfc24f3c7,1862,24.68921613130697,24.68921613130697,12.054642803622038,13.11449883015737,4.3558956369487814e-05,0.06681797804098773,0.0006519047365181826
bfo-a7d84a931ad75b81180fb1321625d2044481cdc1305f26da0079240dfc24f3c7,1863,24.685452459378368,24.685452459378368,12.054973935366577,13.114592714474714,4.274888479179099e-05,0.06683804976374808,0.0006395890505916187
bfo-a7d84a931ad75b81180fb1321625d2044481cdc1305f26da0079240dfc24f3c7,1864,1000000.0,24.693564726335516,12.057289926726664,13.117017808630337,4.048293583100012e-05,0.06623486787865629,0.0006112027868035569
bfo-a7d84a931ad75b81180fb1321625d2044481cdc1305f26da0079240dfc24f3c7,1865,1000000.000021378,24.684140390974243,12.055465474500261,13.115112699022724,4.260390956656006e-05,0.0667678220563435,0.0006380904491778661
bfo-a7d84a931ad75b81180fb1321625d2044481cdc1305f26da0079240dfc24f3c7,1866,24.68531620626597,24.68531620626597,12.053710211515112,13.113807030569875,4.271456321507307e-05,0.06670419311999488,0.0006403579927611655
bfo-a7d84a931ad75b81180fb1321625d2044481cdc1305f26da0079240dfc24f3c7,1867,1000000.000021728,24.684460901932916,12.054660881078629,13.113990158569688,4.2756714776631175e-05,0.06701796093624422,0.0006379888940116614
bfo-a7d84a931ad75b81180fb1321625d2044481cdc1305f26da0079240dfc24f3c7,1868,24.682420173548856,24.682420173548856,12.05436553377605,13.114154496728217,4.3374111725561706e-05,0.06683461402830461,0.0006489767668470813
bfo-a7d84a931ad75b81180fb1321625d2044481cdc1305f26da0079240dfc24f3c7,1869,24.681217473063434,24.681217473063434,12.054696392451913,13.114329305445251,4.239148378480531e-05,0.0667775460093553,0.0006348164363342494
bfo-a7d84a931ad75b81180fb1321625d2044481cdc1305f26da0079240dfc24f3c7,1870,24.68601175784434,24.68601175784434,12.05605667716876,13.115076544408202,4.212643269845793e-05,0.06683979838976384,0.0006302597212039073
bfo-a7d84a931ad75b81180fb1321625d2044481cdc1305f26da0079240dfc24f3c7,1871,1000000.0000155024,24.679980909918992,12.054368531806745,13.113644515956656,4.261726039557117e-05,0.0670038670025209,0.0006360418032882755
bfo-a7d84a931ad75b81180fb1321625d2044481cdc1305f26da0079240dfc24f3c7,1872,24.68081093289515,24.68081093289515,12.053074878844837,13.112980848989338,4.3534057615580865e-05,0.06694121554840271,0.000650332642736417
bfo-a7d84a931ad75b81180fb1321625d2044481cdc1305f26da0079240dfc24f3c7,1873,1000000.0,24.684932497668292,12.054123149500313,13.113538559656558,4.342638430118366e-05,0.06706955873971295,0.0006474827793293683
bfo-a7d84a931ad75b81180fb1321625d2044481cdc1305f26da0079240dfc24f3c7,1874,24.682461112953227,24.682461112953227,12.053338213184647,13.113675832191795,4.371281261089048e-05,0.06673503369204363,0.0006550204621549785
bfo-a7d84a931ad75b81180fb1321625d2044481cdc1305f26da0079240dfc24f3c7,1875,1000000.0,24.681995367177734,12.053622358456678,13.113439239997374,4.3382006251256964e-05,0.06692377820118828,0.0006482300823011019
bfo-a7d84a931ad75b81180fb1321625d2044481cdc1305f26da0079240dfc24f3c7,1876,1000000.0000014658,24.68182322190332,12.053695900900713,13.113570700592062,4.2964436638564644e-05,0.06684232530660986,0.0006427729203238238
bfo-a7d84a931ad75b81180fb1321625d2044481cdc1305f26da0079240dfc24f3c7,1877,24.684582813774814,24.684582813774814,12.054756033158418,13.114359710198274,4.2309851746759424e-05,0.06675942783830503,0.0006337659431299529
bfo-a7d84a931ad75b81180fb1321625d2044481cdc1305f26da0079240dfc24f3c7,1878,1000000.0000008934,24.680494081018026,12.053229550348714,13.112604370549175,4.3188667664301166e-05,0.06711908263000366,0.0006434633188057745
bfo-a7d84a931ad75b81180fb1321625d2044481cdc1305f26da0079240dfc24f3c7,1879,24.678092376724415,24.678092376724415,12.050636024988112,13.110924050401655,4.4804451712621416e-05,0.06719718413892485,0.0006667608514665103
bfo-a7d84a931ad75b81180fb1321625d2044481cdc1305f26da0079240dfc24f3c7,1880,24.675943918635816,24.675943918635816,12.04906030775384,13.109655656739582,4.594879496439032e-05,0.06730032068392564,0.0006827425857328042
bfo-a7d84a931ad75b81180fb1321625d2044481cdc1305f26da0079240dfc24f3c7,1881,1000000.0,24.672939646040135,12.050779284466095,13.11092387314211,4.4716900677291114e-05,0.06721330046901036,0.0006652983913192669
bfo-a7d84a931ad75b81180fb1321625d2044481cdc1305f26da0079240dfc24f3c7,1882,24.675537404712195,24.675537404712195,12.049528376700373,13.110041814160718,4.534125211373216e-05,0.06723492556533717,0.0006743705259206497
bfo-a7d84a931ad75b81180fb1321625d2044481cdc1305f26da0079240dfc24f3c7,1883,24.678089670847424,24.678089670847424,12.04853907161459,13.109846299616105,4.608416889055222e-05,0.06707272246936054,0.0006870776553255895
bfo-a7d84a931ad75b81180fb1321625d2044481cdc1305f26da0079240dfc24f3c7,1884,1000000.0000029688,24.675467283087826,12.049086872559101,13.10968698685234,4.5568323060485354e-05,0.06728537690621625,0.0006772396195981696
bfo-a7d84a931ad75b81180fb1321625d2044481cdc1305f26da0079240dfc24f3c7,1885,24.68347442982953,24.68347442982953,12.048750219753101,13.108878564833333,4.6979323175300396e-05,0.06763439462977569,0.0006946069885368352
bfo-a7d84a931ad75b81180fb1321625d2044481cdc1305f26da0079240dfc24f3c7,1886,1000000.000020679,24.676103764771128,12.048809599872001,13.109596540521592,4.593728502256519e-05,0.06727281279300595,0.0006828506660470882
bfo-a7d84a931ad75b81180fb1321625d2044481cdc1305f26da0079240dfc24f3c7,1887,1000000.0,24.677633545919356,12.051082881221458,13.111129791250745,4.446299984973312e-05,0.06719616258463458,0.00066168956886089
bfo-a7d84a931ad75b81180fb1321625d2044481cdc1305f26da0079240dfc24f3c7,1888,1000000.0000219239,24.676736959681016,12.050024357078195,13.110619221282924,4.501710757926929e-05,0.06711709499647786,0.0006707249111665468
bfo-a7d84a931ad75b81180fb1321625d2044481cdc1305f26da0079240dfc24f3c7,1889,24.676967104163708,24.676967104163708,12.047968609739556,13.108974918788006,4.73066507987754e-05,0.06734173221601167,0.0007024863965041788
bfo-a7d84a931ad75b81180fb1321625d2044481cdc1305f26da0079240dfc24f3c7,1890,1000000.0000462821,24.674810765347623,12.049409455615905,13.109499216234711,4.576421611239876e-05,0.06745895523410912,0.0006784009024981031
bfo-a7d84a931ad75b81180fb1321625d2044481cdc1305f26da0079240dfc24f3c7,1891,1000000.0000124038,24.674988703480977,12.049776522509278,13.110253077772613,4.533976514578257e-05,0.06723193095776148,0.0006743784463704801
bfo-a7d84a931ad75b81180fb1321625d2044481cdc1305f26da0079240dfc24f3c7,1892,1000000.0000092721,24.675180062110186,12.050634009196429,13.110721387426052,4.427581774178174e-05,0.0672261382278249,0.000658610161299671
bfo-a7d84a931ad75b81180fb1321625d2044481cdc1305f26da0079240dfc24f3c7,1893,1000000.0000015282,24.675995067676315,12.049320133526722,13.109855126227664,4.5093899160152276e-05,0.06725095112843475,0.000670531768004778
bfo-a7d84a931ad75b81180fb1321625d2044481cdc1305f26da0079240dfc24f3c7,1894,24.675611730643745,24.675611730643745,12.0487786779518,13.109303371690014,4.598396060137516e-05,0.0673481378628422,0.0006827799856177725
bfo-a7d84a931ad75b81180fb1321625d2044481cdc1305f26da0079240dfc24f3c7,1895,24.67629342340441,24.67629342340441,12.049169636348083,13.109473712125904,4.5592762014391365e-05,0.06740483948617094,0.0006764019076663682
bfo-a7d84a931ad75b81180fb1321625d2044481cdc1305f26da0079240dfc24f3c7,1896,24.674924486177485,24.674924486177485,12.049604142395662,13.110099202109947,4.503363319395943e-05,0.06719810194042444,0.000670162279790056
bfo-a7d84a931ad75b81180fb1321625d2044481cdc1305f26da0079240dfc24f3c7,1897,1000000.0000050995,24.674893692596186,12.048962906094138,13.109331028985066,4.5834522176933375e-05,0.0674017041805567,0.0006800202269982842
bfo-a7d84a931ad75b81180fb1321625d2044481cdc1305f26da0079240dfc24f3c7,1898,1000000.0000156317,24.67898421811247,12.049174492919894,13.109537476941565,4.587829454430375e-05,0.06737116652358835,0.0006809781826805774
bfo-a7d84a931ad75b81180fb1321625d2044481cdc1305f26da0079240dfc24f3c7,1899,24.67553046997193,24.67553046997193,12.049717891718894,13.1102200406142,4.4534859806702884e-05,0.06715501856303528,0.000663165028610633
bfo-a7d84a931ad75b81180fb1321625d2044481cdc1305f26da0079240dfc24f3c7,1900,1000000.0000100104,24.674321306720042,12.04935957288549,13.110399179965768,4.52567438939453e-05,0.06699562541104194,0.0006755178956279475
bfo-a7d84a931ad75b81180fb1321625d2044481cdc1305f26da0079240dfc24f3c7,1901,1000000.0,24.672079770190482,12.049544665667133,13.109953827001569,4.451594644552607e-05,0.06717192229770311,0.0006627165774448628
bfo-a7d84a931ad75b81180fb1321625d2044481cdc1305f26da0079240dfc24f3c7,1902,1000000.0000088959,24.67548131009616,12.048818684162196,13.109902851345133,4.529227319613814e-05,0.06701224966470047,0.0006758805057696251
bfo-a7d84a931ad75b81180fb1321625d2044481cdc1305f26da0079240dfc24f3c7,1903,24.67568164038783,24.67568164038783,12.050284475856628,13.110652692744807,4.477510023103111e-05,0.06712293574914709,0.000667061113035421
bfo-a7d84a931ad75b81180fb1321625d2044481cdc1305f26da0079240dfc24f3c7,1904,24.674237537583508,24.674237537583508,12.049713087275308,13.11028259677499,4.4644926957460905e-05,0.06710484601506295,0.0006653010864139307
bfo-a7d84a931ad75b81180fb1321625d2044481cdc1305f26da0079240dfc24f3c7,1905,24.675254659000682,24.675254659000682,12.048848281775998,13.109797187580332,4.516958240972287e-05,0.0670438279535395,0.0006737321508703949
bfo-a7d84a931ad75b81180fb1321625d2044481cdc1305f26da0079240dfc24f3c7,1906,24.673824338499927,24.673824338499927,12.050222931457442,13.110704026966157,4.394140428537765e-05,0.06705069056077967,0.000655346036228306
bfo-a7d84a931ad75b81180fb1321625d2044481cdc1305f26da0079240dfc24f3c7,1907,24.67499906773378,24.67499906773378,12.04909217364154,13.109259837276669,4.504894770936545e-05,0.06744119271197047,0.0006679737694106571
bfo-a7d84a931ad75b81180fb1321625d2044481cdc1305f26da0079240dfc24f3c7,1908,24.672809590227786,24.672809590227786,12.049897032315572,13.110474923628603,4.400211008155835e-05,0.06704681258172898,0.0006562893654030233
bfo-a7d84a931ad75b81180fb1321625d2044481cdc1305f26da0079240dfc24f3c7,1909,24.676540903923446,24.676540903923446,12.051222102259702,13.112518055550098,4.3111501980638346e-05,0.06647914483716555,0.0006484966388517172
bfo-a7d84a931ad75b81180fb1321625d2044481cdc1305f26da0079240dfc24f3c7,1910,24.675646503629736,24.675646503629736,12.049033710114253,13.109705175440356,4.5143294081685515e-05,0.06724384256164877,0.000671337216345101
bfo-a7d84a931ad75b81180fb1321625d2044481cdc1305f26da0079240dfc24f3c7,1911,24.675739625944406,24.675739625944406,12.047995675072901,13.109446130283597,4.5395469821324614e-05,0.06694324974176437,0.0006781187049693439
bfo-a7d84a931ad75b81180fb1321625d2044481cdc1305f26da0079240dfc24f3c7,1912,24.674862024693013,24.674862024693013,12.050844272964184,13.111280868223009,4.358368839899892e-05,0.06694062045059442,0.0006510798392011604
bfo-a7d84a931ad75b81180fb1321625d2044481cdc1305f26da0079240dfc24f3c7,1913,24.671962700946086,24.671962700946086,12.050471359632429,13.110549781203959,4.376773702637047e-05,0.06730417406243734,0.000650297513283019
bfo-a7d84a931ad75b81180fb1321625d2044481cdc1305f26da0079240dfc24f3c7,1914,24.670856614349418,24.670856614349418,12.048905684579996,13.10978571038677,4.525882369283193e-05,0.06715743985617463,0.0006739212184049734
bfo-a7d84a931ad75b81180fb1321625d2044481cdc1305f26da0079240dfc24f3c7,1915,24.671192787009005,24.671192787009005,12.048700623257705,13.108474591604978,4.480535930061294e-05,0.06763705554137028,0.0006624380517748543
bfo-a7d84a931ad75b81180fb1321625d2044481cdc1305f26da0079240dfc24f3c7,1916,1000000.0000140282,24.669336096988204,12.04942104197714,13.110193090102847,4.504868163959335e-05,0.06710813998382559,0.0006712849089611333
bfo-a7d84a931ad75b81180fb1321625d2044481cdc1305f26da0079240dfc24f3c7,1917,24.67403068343581,24.67403068343581,12.049002636807826,13.109510840729058,4.4716964552917847e-05,0.06729832914913698,0.0006644587632156881
bfo-a7d84a931ad75b81180fb1321625d2044481cdc1305f26da0079240dfc24f3c7,1918,24.670291366313247,24.670291366313247,12.049619295767608,13.110101132397133,4.489327265246417e-05,0.06721223696895058,0.0006679330234642108
bfo-a7d84a931ad75b81180fb1321625d2044481cdc1305f26da0079240dfc24f3c7,1919,24.672483699633233,24.672483699633233,12.04913785660502,13.109537410311852,4.496672867349644e-05,0.06732397226232521,0.00066791556057158
bfo-a7d84a931ad75b81180fb1321625d2044481cdc1305f26da0079240dfc24f3c7,1920,24.670776271961962,24.670776271961962,12.04940119062605,13.110042598675111,4.515628986964022e-05,0.06716899120474976,0.0006722788158600044
bfo-a7d84a931ad75b81180fb1321625d2044481cdc1305f26da0079240dfc24f3c7,1921,24.67157032513392,24.67157032513392,12.051136632987918,13.111107406722398,4.33710441490524e-05,0.06717109480798025,0.0006456801734888457
bfo-a7d84a931ad75b81180fb1321625d2044481cdc1305f26da0079240dfc24f3c7,1922,24.67027171750429,24.67027171750429,12.0498025612707,13.110081420799435,4.45068428417644e-05,0.06721877253631836,0.0006621192438126911
bfo-a7d84a931ad75b81180fb1321625d2044481cdc1305f26da0079240dfc24f3c7,1923,1000000.0,24.67395765843179,12.049265818515504,13.110203544321074,4.4703197640672697e-05,0.06699013332010176,0.0006673101757696993
bfo-a7d84a931ad75b81180fb1321625d2044481cdc1305f26da0079240dfc24f3c7,1924,24.67264512299636,24.67264512299636,12.050374039446506,13.110599567530071,4.4107594634390186e-05,0.06715510474526147,0.0006568018142731355
bfo-a7d84a931ad75b81180fb1321625d2044481cdc1305f26da0079240dfc24f3c7,1925,24.672399215539514,24.672399215539514,12.049402383348108,13.109726909267899,4.4644506965501434e-05,0.06729269214087744,0.0006634376712412996
bfo-a7d84a931ad75b81180fb1321625d2044481cdc1305f26da0079240dfc24f3c7,1926,24.671819764981727,24.671819764981727,12.049967040532085,13.110282034694652,4.450270867594891e-05,0.06713758789490502,0.0006628583193309237
bfo-a7d84a931ad75b81180fb1321625d2044481cdc1305f26da0079240dfc24f3c7,1927,24.672147849795444,24.672147849795444,12.048874719207753,13.109575223530626,4.480063669241728e-05,0.06712158925287505,0.000667454945436923
bfo-a7d84a931ad75b81180fb1321625d2044481cdc1305f26da0079240dfc24f3c7,1928,24.67073961335017,24.67073961335017,12.05073294123473,13.111091426865233,4.346671932171042e-05,0.06696425809254052,0.0006491032762827308
bfo-a7d84a931ad75b81180fb1321625d2044481cdc1305f26da0079240dfc24f3c7,1929,24.670058377074447,24.670058377074447,12.049228684529401,13.109076047219109,4.5685064325789704e-05,0.06760392054567485,0.0006757753686034195
bfo-a7d84a931ad75b81180fb1321625d2044481cdc1305f26da0079240dfc24f3c7,1930,24.672209380070335,24.672209380070335,12.050256857300386,13.109939239288845,4.467973307631373e-05,0.06754298118914775,0.0006615007553663103
bfo-a7d84a931ad75b81180fb1321625d2044481cdc1305f26da0079240dfc24f3c7,1931,24.670096447339137,24.670096447339137,12.050269590426247,13.11032098194336,4.452289216976354e-05,0.06728125599072572,0.0006617428808983698
bfo-a7d84a931ad75b81180fb1321625d2044481cdc1305f26da0079240dfc24f3c7,1932,24.670626283178585,24.670626283178585,12.049472571678846,13.109623993535532,4.545556096058777e-05,0.0674211344240955,0.0006742034430133009
bfo-a7d84a931ad75b81180fb1321625d2044481cdc1305f26da0079240dfc24f3c7,1933,1000000.0000159359,24.673854623027587,12.048945376127008,13.108552796382725,4.6437039213087444e-05,0.06784131612540492,0.0006844949636184594
bfo-a7d84a931ad75b81180fb1321625d2044481cdc1305f26da0079240dfc24f3c7,1934,24.671110901725044,24.671110901725044,12.048295242204134,13.108488569519892,4.6963614411952045e-05,0.06761429444172737,0.0006945811503280141
bfo-a7d84a931ad75b81180fb1321625d2044481cdc1305f26da0079240dfc24f3c7,1935,24.66768188205237,24.66768188205237,12.048760681227064,13.10918471052921,4.555903259658575e-05,0.06738167304401418,0.0006761338883174698
bfo-a7d84a931ad75b81180fb1321625d2044481cdc1305f26da0079240dfc24f3c7,1936,24.662723367344324,24.662723367344324,12.049345494836166,13.109477188368095,4.440728119111999e-05,0.06734613550844269,0.0006593887066549346
bfo-a7d84a931ad75b81180fb1321625d2044481cdc1305f26da0079240dfc24f3c7,1937,1000000.0,24.663326728430963,12.047542673316164,13.10795566460925,4.5928614040700005e-05,0.06753261619696638,0.0006800952876865321
bfo-a7d84a931ad75b81180fb1321625d2044481cdc1305f26da0079240dfc24f3c7,1938,1000000.0000013906,24.662315123711092,12.04981637260898,13.109985476562992,4.4137811234166195e-05,0.06722588324280139,0.0006565597818142837
bfo-a7d84a931ad75b81180fb1321625d2044481cdc1305f26da0079240dfc24f3c7,1939,1000000.0,24.669902465011383,12.048974854446492,13.109351866372482,4.56979542066232e-05,0.06742543251848447,0.0006777554477547512
bfo-a7d84a931ad75b81180fb1321625d2044481cdc1305f26da0079240dfc24f3c7,1940,24.664790965144604,24.664790965144604,12.049097054918187,13.109197816057762,4.477078930078219e-05,0.06741803977016382,0.0006640772922708993
bfo-a7d84a931ad75b81180fb1321625d2044481cdc1305f26da0079240dfc24f3c7,1941,24.662677778366916,24.662677778366916,12.050834051510261,13.110641388681902,4.319053821130587e-05,0.06717469466336283,0.0006429584596960148
bfo-a7d84a931ad75b81180fb1321625d2044481cdc1305f26da0079240dfc24f3c7,1942,24.66321095794088,24.66321095794088,12.053088185064864,13.111536038199372,4.138945520027163e-05,0.06737780960261937,0.0006142891175058707
bfo-a7d84a931ad75b81180fb1321625d2044481cdc1305f26da0079240dfc24f3c7,1943,24.664289829889587,24.664289829889587,12.051343434499417,13.111449539253506,4.2862343813306286e-05,0.06695072767934127,0.0006402072882403062
bfo-a7d84a931ad75b81180fb1321625d2044481cdc1305f26da0079240dfc24f3c7,1944,1000000.0,24.66523237567386,12.051319197808914,13.111806897183314,4.226030755705203e-05,0.06674318835610046,0.00063317783579018
bfo-a7d84a931ad75b81180fb1321625d2044481cdc1305f26da0079240dfc24f3c7,1945,24.662723208599452,24.662723208599452,12.051326477927628,13.110610022003815,4.282206439297446e-05,0.06729084354027431,0.0006363728278624562
bfo-a7d84a931ad75b81180fb1321625d2044481cdc1305f26da0079240dfc24f3c7,1946,1000000.0,24.66473343509039,12.04945470768965,13.110973416626582,4.386561352642206e-05,0.06664798781496169,0.0006581686104043901
bfo-a7d84a931ad75b81180fb1321625d2044481cdc1305f26da0079240dfc24f3c7,1947,24.66359629445381,24.66359629445381,12.052143962120821,13.11159247395942,4.207331155247173e-05,0.06707880625142498,0.0006272221272807453
bfo-a7d84a931ad75b81180fb1321625d2044481cdc1305f26da0079240dfc24f3c7,1948,1000000.0,24.663299364463278,12.052217678627995,13.111331672457734,4.30498860837409e-05,0.06736507118197808,0.0006390535232635199
bfo-a7d84a931ad75b81180fb1321625d2044481cdc1305f26da0079240dfc24f3c7,1949,24.66340664044704,24.66340664044704,12.05118470167601,13.111066726772606,4.262660371627337e-05,0.06701621070260612,0.000636064069713445
bfo-a7d84a931ad75b81180fb1321625d2044481cdc1305f26da0079240dfc24f3c7,1950,24.662296683300042,24.662296683300042,12.05092117406632,13.111336669846747,4.343041805019584e-05,0.06686759783167964,0.0006494987027875548
bfo-a7d84a931ad75b81180fb1321625d2044481cdc1305f26da0079240dfc24f3c7,1951,24.663860190047444,24.663860190047444,12.05065530443791,13.111312727940875,4.36035237679589e-05,0.06676718440613295,0.0006530681824581128
bfo-a7d84a931ad75b81180fb1321625d2044481cdc1305f26da0079240dfc24f3c7,1952,24.660986792324827,24.660986792324827,12.049864318820447,13.110504340919263,4.43638378367951e-05,0.06698564439585718,0.0006622887371900665
bfo-a7d84a931ad75b81180fb1321625d2044481cdc1305f26da0079240dfc24f3c7,1953,24.66559793223916,24.66559793223916,12.050291626393472,13.111050614536149,4.481449296409184e-05,0.06686891498439981,0.000670184239934906
bfo-a7d84a931ad75b81180fb1321625d2044481cdc1305f26da0079240dfc24f3c7,1954,1000000.0000312516,24.66190521550258,12.049414762891343,13.110278261598305,4.483459117177805e-05,0.06694829252204379,0.0006696898379748154
bfo-a7d84a931ad75b81180fb1321625d2044481cdc1305f26da0079240dfc24f3c7,1955,24.665197570510543,24.665197570510543,12.050820131308857,13.111780396348067,4.3455995728041635e-05,0.06663769135879881,0.0006521233680509811
bfo-a7d84a931ad75b81180fb1321625d2044481cdc1305f26da0079240dfc24f3c7,1956,1000000.0000003222,24.661577345188302,12.05048008399799,13.11101806578877,4.385254491657144e-05,0.06690531956271249,0.000655441827394114
bfo-a7d84a931ad75b81180fb1321625d2044481cdc1305f26da0079240dfc24f3c7,1957,24.66043871332245,24.66043871332245,12.048121692000016,13.109041807555094,4.510567586600492e-05,0.06716796418128293,0.0006715355514463262
bfo-a7d84a931ad75b81180fb1321625d2044481cdc1305f26da0079240dfc24f3c7,1958,1000000.0,24.664760981715673,12.049746966887549,13.109639531359578,4.4402611480739727e-05,0.06738695002261635,0.0006589200351972801
bfo-a7d84a931ad75b81180fb1321625d2044481cdc1305f26da0079240dfc24f3c7,1959,1000000.0000212134,24.661440520599598,12.04748916539978,13.10851103806298,4.545910981283271e-05,0.06720001939343587,0.0006764746531795373
bfo-a7d84a931ad75b81180fb1321625d2044481cdc1305f26da0079240dfc24f3c7,1960,1000000.0,24.661810437551043,12.05060289436124,13.111396067196699,4.2899098999093507e-05,0.0667082239234975,0.0006430856118773476
bfo-a7d84a931ad75b81180fb1321625d2044481cdc1305f26da0079240dfc24f3c7,1961,1000000.0000270753,24.65904253195738,12.047740277828316,13.109077799989521,4.5177647635669354e-05,0.06704351163582731,0.0006738556279848402
bfo-a7d84a931ad75b81180fb1321625d2044481cdc1305f26da0079240dfc24f3c7,1962,1000000.0,24.66589823326357,12.046656749276679,13.107121704955656,4.723215415379353e-05,0.06776172174823986,0.0006970329698716725
bfo-a7d84a931ad75b81180fb1321625d2044481cdc1305f26da0079240dfc24f3c7,1963,1000000.0000080914,24.65913220970614,12.0477680491749,13.108573234361891,4.50414123299573e-05,0.06725019913070027,0.0006697587949504751
bfo-a7d84a931ad75b81180fb1321625d2044481cdc1305f26da0079240dfc24f3c7,1964,24.662833555115153,24.662833555115153,12.047123971535322,13.108030893326044,4.5988038325926255e-05,0.06738577633695256,0.0006824591304843014
bfo-a7d84a931ad75b81180fb1321625d2044481cdc1305f26da0079240dfc24f3c7,1965,1000000.0000083431,24.662403049663695,12.047554140147877,13.108478030539754,4.546827295775014e-05,0.06729136848540089,0.0006756924993673542
bfo-a7d84a931ad75b81180fb1321625d2044481cdc1305f26da0079240dfc24f3c7,1966,24.65893971318684,24.65893971318684,12.04939357550375,13.109486493195337,4.412179498527256e-05,0.06728649112764486,0.0006557303590340585
bfo-a7d84a931ad75b81180fb1321625d2044481cdc1305f26da0079240dfc24f3c7,1967,24.663814231733863,24.663814231733863,12.051088442464643,13.111058421590933,4.293715462047158e-05,0.06698047906989346,0.0006410398255836165
bfo-a7d84a931ad75b81180fb1321625d2044481cdc1305f26da0079240dfc24f3c7,1968,1000000.0000070801,24.658289532804222,12.048983815975058,13.108882035893535,4.4714654907803944e-05,0.06748397900880228,0.0006625965979565548
bfo-a7d84a931ad75b81180fb1321625d2044481cdc1305f26da0079240dfc24f3c7,1969,1000000.0,24.66083140042067,12.051230527845265,13.11138475613031,4.31119926318457e-05,0.0669271264628162,0.0006441632102014439
bfo-a7d84a931ad75b81180fb1321625d2044481cdc1305f26da0079240dfc24f3c7,1970,1000000.0000078003,24.659512052522118,12.04861753274888,13.108803971705186,4.502487223709745e-05,0.06740527852742803,0.0006679724974176359
bfo-a7d84a931ad75b81180fb1321625d2044481cdc1305f26da0079240dfc24f3c7,1971,24.659372261379346,24.659372261379346,12.050242442073303,13.109820001866163,4.2919105335574234e-05,0.06727947068785445,0.0006379227555861577
bfo-a7d84a931ad75b81180fb1321625d2044481cdc1305f26da0079240dfc24f3c7,1972,1000000.0000156377,24.659041860128205,12.049687824431867,13.109973804734167,4.375411416100737e-05,0.06711257934606596,0.0006519510140623461
bfo-a7d84a931ad75b81180fb1321625d2044481cdc1305f26da0079240dfc24f3c7,1973,24.661321111648924,24.661321111648924,12.051558043055671,13.110894157881965,4.177258303812018e-05,0.06719258216895858,0.0006216844432779985
bfo-a7d84a931ad75b81180fb1321625d2044481cdc1305f26da0079240dfc24f3c7,1974,1000000.0000108752,24.658115902753046,12.049128158454048,13.109135260630921,4.4475293366019035e-05,0.06737543914340077,0.000660111368942005
bfo-a7d84a931ad75b81180fb1321625d2044481cdc1305f26da0079240dfc24f3c7,1975,1000000.0,24.657645463852468,12.050878521988496,13.111237481191619,4.1965284987680816e-05,0.06681233030311748,0.0006281068898104682
bfo-a7d84a931ad75b81180fb1321625d2044481cdc1305f26da0079240dfc24f3c7,1976,1000000.0000303433,24.66002540335928,12.050284681658733,13.11008656151048,4.367324809433772e-05,0.06725904578043411,0.000649328987463013
bfo-a7d84a931ad75b81180fb1321625d2044481cdc1305f26da0079240dfc24f3c7,1977,1000000.0,24.66075019851415,12.048430815583721,13.1088160023719,4.456681714754173e-05,0.06733046324390919,0.0006619116370266962
bfo-a7d84a931ad75b81180fb1321625d2044481cdc1305f26da0079240dfc24f3c7,1978,1000000.0000009659,24.66015506766005,12.048920138685935,13.109002333365819,4.453843922798039e-05,0.06740007975273189,0.0006608069217629544
bfo-a7d84a931ad75b81180fb1321625d2044481cdc1305f26da0079240dfc24f3c7,1979,1000000.0,24.663048020967736,12.049158035683748,13.109757431644159,4.407942023751083e-05,0.06706330444483741,0.000657280767811973
bfo-a7d84a931ad75b81180fb1321625d2044481cdc1305f26da0079240dfc24f3c7,1980,24.658106265301384,24.658106265301384,12.049899255381286,13.109554010765619,4.39992813560823e-05,0.06739587978785655,0.0006528482378237332
bfo-a7d84a931ad75b81180fb1321625d2044481cdc1305f26da0079240dfc24f3c7,1981,1000000.0,24.66283980449264,12.049100524680645,13.10815609863587,4.5676203863527474e-05,0.06795039657909432,0.0006721992241849586
bfo-a7d84a931ad75b81180fb1321625d2044481cdc1305f26da0079240dfc24f3c7,1982,24.656384886407146,24.656384886407146,12.048743222765284,13.109189609510484,4.5002715746408126e-05,0.06724580772426443,0.0006692270829869103
bfo-a7d84a931ad75b81180fb1321625d2044481cdc1305f26da0079240dfc24f3c7,1983,24.658187023207667,24.658187023207667,12.050518897062261,13.110114082925179,4.350222848927431e-05,0.06723667501595054,0.0006470014836241425
bfo-a7d84a931ad75b81180fb1321625d2044481cdc1305f26da0079240dfc24f3c7,1984,24.658571925724658,24.658571925724658,12.04941747919792,13.109554518533482,4.4369496324105575e-05,0.06723940672319458,0.000659873405884768
bfo-a7d84a931ad75b81180fb1321625d2044481cdc1305f26da0079240dfc24f3c7,1985,24.659016010034264,24.659016010034264,12.048294231282547,13.108697859418928,4.5315067838712237e-05,0.06732622748503889,0.0006730670873959494
bfo-a7d84a931ad75b81180fb1321625d2044481cdc1305f26da0079240dfc24f3c7,1986,24.654958793325143,24.654958793325143,12.047758413824715,13.108650617516837,4.575697424653431e-05,0.06723893041970874,0.0006805131188273967
bfo-a7d84a931ad75b81180fb1321625d2044481cdc1305f26da0079240dfc24f3c7,1987,1000000.0,24.65819839760462,12.045909101901723,13.1070929740048,4.742852983711788e-05,0.06753097935765959,0.0007023225531192948
bfo-a7d84a931ad75b81180fb1321625d2044481cdc1305f26da0079240dfc24f3c7,1988,1000000.0000147127,24.653168694641753,12.047184765738443,13.108143825725811,4.6310176824305065e-05,0.06733067973048128,0.0006878020095694947
bfo-a7d84a931ad75b81180fb1321625d2044481cdc1305f26da0079240dfc24f3c7,1989,1000000.0,24.65698444226019,12.04937347230586,13.1102019112198,4.425769451654697e-05,0.06688027724944469,0.0006617450814606849
bfo-a7d84a931ad75b81180fb1321625d2044481cdc1305f26da0079240dfc24f3c7,1990,24.65489795408513,24.65489795408513,12.048624839146502,13.109296671292089,4.480690762377369e-05,0.06714686722850977,0.0006672970679524004
bfo-a7d84a931ad75b81180fb1321625d2044481cdc1305f26da0079240dfc24f3c7,1991,1000000.0,24.657659549964677,12.049607143896852,13.109811986261459,4.432898214907298e-05,0.06724455271975181,0.0006592204179544223
bfo-a7d84a931ad75b81180fb1321625d2044481cdc1305f26da0079240dfc24f3c7,1992,24.656621184720812,24.656621184720812,12.047507517073974,13.108337731042766,4.6180388308675275e-05,0.06736689696585907,0.0006855056472629143
bfo-a7d84a931ad75b81180fb1321625d2044481cdc1305f26da0079240dfc24f3c7,1993,24.65871305113585,24.65871305113585,12.048342558241773,13.110474504296912,4.4459550490489336e-05,0.06648046391162879,0.0006687611348438929
bfo-a7d84a931ad75b81180fb1321625d2044481cdc1305f26da0079240dfc24f3c7,1994,24.654744182775122,24.654744182775122,12.048406278138865,13.108999741758637,4.5096840085595764e-05,0.06723632725462265,0.0006707213485176684
bfo-a7d84a931ad75b81180fb1321625d2044481cdc1305f26da0079240dfc24f3c7,1995,24.65638000711503,24.65638000711503,12.050158100931423,13.109903977603764,4.4669399211503456e-05,0.06741552972505703,0.0006625980600268237
bfo-a7d84a931ad75b81180fb1321625d2044481cdc1305f26da0079240dfc24f3c7,1996,1000000.0000043046,24.65498185902885,12.048352106572478,13.108872409982752,4.516972798645116e-05,0.06726011874720329,0.0006715677704379512
bfo-a7d84a931ad75b81180fb1321625d2044481cdc1305f26da0079240dfc24f3c7,1997,24.656887620796596,24.656887620796596,12.049257864187345,13.110343279284386,4.390142375808942e-05,0.06681422538603309,0.0006570670168581588
bfo-a7d84a931ad75b81180fb1321625d2044481cdc1305f26da0079240dfc24f3c7,1998,24.655047492422696,24.655047492422696,12.048302870593384,13.108942391731869,4.521212705819172e-05,0.06722000067452553,0.0006725993246728102
bfo-a7d84a931ad75b81180fb1321625d2044481cdc1305f26da0079240dfc24f3c7,1999,24.6557661396011,24.6557661396011,12.048342265903067,13.108675061741852,4.5206049655757825e-05,0.0673802960449093,0.0006709090388327734
bfo-a7d84a931ad75b81180fb1321625d2044481cdc1305f26da0079240dfc24f3c7,2000,1000000.000001627,24.65383999978446,12.048135127704633,13.108957958150903,4.503342873017404e-05,0.06715357006592286,0.0006706036430522745
bfo-a7d84a931ad75b81180fb1321625d2044481cdc1305f26da0079240dfc24f3c7,2001,24.65255464785942,24.65255464785942,12.049053473095414,13.108697925155878,4.444978447437075e-05,0.06754353058987314,0.0006580909242703274
bfo-a7d84a931ad75b81180fb1321625d2044481cdc1305f26da0079240dfc24f3c7,2002,1000000.0,24.65496595819316,12.047604906283356,13.10834979380014,4.5725713305931106e-05,0.06732596563922205,0.0006791690675624368
bfo-a7d84a931ad75b81180fb1321625d2044481cdc1305f26da0079240dfc24f3c7,2003,1000000.0000145327,24.653670371293437,12.048745215060661,13.108430465918127,4.448618504220646e-05,0.06757694817514645,0.0006583041442905475
bfo-a7d84a931ad75b81180fb1321625d2044481cdc1305f26da0079240dfc24f3c7,2004,24.656032740389893,24.656032740389893,12.050266482796093,13.109067587531941,4.3402885514202135e-05,0.06768048238382852,0.0006412910189980081
bfo-a7d84a931ad75b81180fb1321625d2044481cdc1305f26da0079240dfc24f3c7,2005,1000000.0000129929,24.6534083134448,12.048703131692916,13.108177394107908,4.451603112558144e-05,0.06765137528444894,0.0006580210814400748
bfo-a7d84a931ad75b81180fb1321625d2044481cdc1305f26da0079240dfc24f3c7,2006,1000000.0,24.65363931211128,12.051086521932804,13.11067851451189,4.3418685246721396e-05,0.06718573644993106,0.0006462485572228322
bfo-a7d84a931ad75b81180fb1321625d2044481cdc1305f26da0079240dfc24f3c7,2007,24.65271567239418,24.65271567239418,12.048884245937643,13.108449284480809,4.496706425496076e-05,0.0676425373191629,0.0006647749483847606
bfo-a7d84a931ad75b81180fb1321625d2044481cdc1305f26da0079240dfc24f3c7,2008,24.653253933793728,24.653253933793728,12.050144409295713,13.10923169407236,4.335662508357629e-05,0.06757322050293245,0.0006416243707327041
bfo-a7d84a931ad75b81180fb1321625d2044481cdc1305f26da0079240dfc24f3c7,2009,1000000.0000723366,24.652579879184763,12.0494926546868,13.109235098854299,4.4037834771927823e-05,0.06740849117239418,0.0006532980342091183
bfo-a7d84a931ad75b81180fb1321625d2044481cdc1305f26da0079240dfc24f3c7,2010,24.654222755136903,24.654222755136903,12.051040316646707,13.109899635407766,4.274689488813284e-05,0.06751514173047828,0.0006331453032977292
bfo-a7d84a931ad75b81180fb1321625d2044481cdc1305f26da0079240dfc24f3c7,2011,24.653666026326277,24.653666026326277,12.048817026670903,13.108582819345905,4.470290075629282e-05,0.06753434646391042,0.00066192838306626
bfo-a7d84a931ad75b81180fb1321625d2044481cdc1305f26da0079240dfc24f3c7,2012,24.653345786804174,24.653345786804174,12.049787602372094,13.109077819087975,4.374100224788642e-05,0.06753933292965253,0.0006476374632459885
bfo-a7d84a931ad75b81180fb1321625d2044481cdc1305f26da0079240dfc24f3c7,2013,1000000.0000017657,24.652980125052217,12.049403249647387,13.109230231492592,4.4056620733908284e-05,0.06740325318210058,0.0006536275128276425
bfo-a7d84a931ad75b81180fb1321625d2044481cdc1305f26da0079240dfc24f3c7,2014,24.65895581814403,24.65895581814403,12.047450511434654,13.107292867238186,4.6768250314195787e-05,0.06790950691108515,0.0006886848755275178
bfo-a7d84a931ad75b81180fb1321625d2044481cdc1305f26da0079240dfc24f3c7,2015,1000000.0000028829,24.651273435144446,12.049547367071098,13.108956633193776,4.404172811902814e-05,0.06755532029845071,0.0006519357457629903
bfo-a7d84a931ad75b81180fb1321625d2044481cdc1305f26da0079240dfc24f3c7,2016,1000000.0,24.651440970189796,12.04970829225281,13.108949987779042,4.347529233065669e-05,0.06750593387555509,0.0006440217894148672
bfo-a7d84a931ad75b81180fb1321625d2044481cdc1305f26da0079240dfc24f3c7,2017,24.65214819692813,24.65214819692813,12.049219095795992,13.108917720031016,4.447716353153023e-05,0.06751236156993515,0.0006588002922317705
bfo-a7d84a931ad75b81180fb1321625d2044481cdc1305f26da0079240dfc24f3c7,2018,24.65184561464022,24.65184561464022,12.051133910974446,13.110182392679263,4.3089331594304376e-05,0.06747280179126688,0.0006386177904336188
bfo-a7d84a931ad75b81180fb1321625d2044481cdc1305f26da0079240dfc24f3c7,2019,24.65603322974424,24.65603322974424,12.051964331270618,13.110683066221746,4.278696617356169e-05,0.0675083266150597,0.0006338027961726548
bfo-a7d84a931ad75b81180fb1321625d2044481cdc1305f26da0079240dfc24f3c7,2020,24.653933658196998,24.653933658196998,12.05149788565079,13.110454327990166,4.326745900493744e-05,0.06750764692391799,0.0006409267835049923
bfo-a7d84a931ad75b81180fb1321625d2044481cdc1305f26da0079240dfc24f3c7,2021,24.65239554064047,24.65239554064047,12.051234988820466,13.11018871069347,4.344361997142966e-05,0.06750359125032798,0.0006435749441881521
bfo-a7d84a931ad75b81180fb1321625d2044481cdc1305f26da0079240dfc24f3c7,2022,1000000.0000025567,24.651949704096054,12.051139763569102,13.11060250763337,4.310599178692948e-05,0.06730311224878999,0.0006404754601478992
bfo-a7d84a931ad75b81180fb1321625d2044481cdc1305f26da0079240dfc24f3c7,2023,24.650759678083936,24.650759678083936,12.050266342257462,13.109300535057214,4.4011048751339414e-05,0.0676929026116319,0.0006501575062283834
bfo-a7d84a931ad75b81180fb1321625d2044481cdc1305f26da0079240dfc24f3c7,2024,1000000.0,24.653796003792323,12.052082819775928,13.110828638477692,4.232739415692452e-05,0.06739852066508213,0.0006280166647463751
bfo-a7d84a931ad75b81180fb1321625d2044481cdc1305f26da0079240dfc24f3c7,2025,24.652514639089283,24.652514639089283,12.051283701796471,13.110240575477295,4.351259394689539e-05,0.06756680554492742,0.0006439936533326623
bfo-a7d84a931ad75b81180fb1321625d2044481cdc1305f26da0079240dfc24f3c7,2026,1000000.0,24.65035807671471,12.050314844845564,13.10966968885792,4.396572640464078e-05,0.06751185397873477,0.0006512297295003828
bfo-a7d84a931ad75b81180fb1321625d2044481cdc1305f26da0079240dfc24f3c7,2027,1000000.0000077029,24.65177478305405,12.049660472970881,13.10882772745763,4.427886466984939e-05,0.06772749473723796,0.0006537797513644627
bfo-a7d84a931ad75b81180fb1321625d2044481cdc1305f26da0079240dfc24f3c7,2028,1000000.0,24.651368447992276,12.051031579652062,13.109658090810429,4.3625844913451144e-05,0.06778679922869327,0.0006435743450029263
bfo-a7d84a931ad75b81180fb1321625d2044481cdc1305f26da0079240dfc24f3c7,2029,1000000.0000097001,24.651829603447233,12.050857367508696,13.109738414798677,4.3727213278705816e-05,0.06767335676113347,0.0006461510906433929
bfo-a7d84a931ad75b81180fb1321625d2044481cdc1305f26da0079240dfc24f3c7,2030,1000000.0,24.65244098096959,12.051083364911696,13.109995279579138,4.279186351740425e-05,0.06754396087563475,0.0006335409259784858
bfo-a7d84a931ad75b81180fb1321625d2044481cdc1305f26da0079240dfc24f3c7,2031,24.652106919181378,24.652106919181378,12.050112415255937,13.109249364899929,4.439997311471694e-05,0.06771144364587808,0.0006557233271664232
bfo-a7d84a931ad75b81180fb1321625d2044481cdc1305f26da0079240dfc24f3c7,2032,1000000.0,24.650105620483032,12.05127762282439,13.109717030457347,4.315657590488607e-05,0.06777034992737124,0.0006368061541830093
bfo-a7d84a931ad75b81180fb1321625d2044481cdc1305f26da0079240dfc24f3c7,2033,1000000.0000417292,24.651250125290684,12.049113746079284,13.108574365972352,4.5056982623871685e-05,0.06771499600668335,0.0006653914979102213
bfo-a7d84a931ad75b81180fb1321625d2044481cdc1305f26da0079240dfc24f3c7,2034,24.652192004068986,24.652192004068986,12.051468555653834,13.109685278207024,4.2927466098582775e-05,0.06781708057028447,0.0006329890012604343
bfo-a7d84a931ad75b81180fb1321625d2044481cdc1305f26da0079240dfc24f3c7,2035,1000000.000056918,24.651771192384718,12.050304496964607,13.108707112466256,4.452980326993899e-05,0.06798765619000022,0.0006549689423841109
bfo-a7d84a931ad75b81180fb1321625d2044481cdc1305f26da0079240dfc24f3c7,2036,1000000.0000217876,24.651175473456178,12.050333726042465,13.109459140054554,4.4350830967986776e-05,0.06766401385504814,0.0006554566961250103
bfo-a7d84a931ad75b81180fb1321625d2044481cdc1305f26da0079240dfc24f3c7,2037,1000000.00004093,24.65106298106266,12.050872971395057,13.109792576891893,4.3556829774339315e-05,0.06761866776212684,0.0006441539180802296
bfo-a7d84a931ad75b81180fb1321625d2044481cdc1305f26da0079240dfc24f3c7,2038,1000000.0000133286,24.651653604781515,12.050774225786492,13.109817536709294,4.377714433176015e-05,0.06759602962423594,0.0006476289299107629
bfo-a7d84a931ad75b81180fb1321625d2044481cdc1305f26da0079240dfc24f3c7,2039,1000000.0000169754,24.653059357998973,12.050128433951102,13.109242756300374,4.3995906531581926e-05,0.06766600959051676,0.0006501921244924107
bfo-a7d84a931ad75b81180fb1321625d2044481cdc1305f26da0079240dfc24f3c7,2040,1000000.0000615425,24.649770867324847,12.049626564584726,13.108779750104734,4.430860827725367e-05,0.06772600929810874,0.0006542332663101559
bfo-a7d84a931ad75b81180fb1321625d2044481cdc1305f26da0079240dfc24f3c7,2041,1000000.000032966,24.651906703747265,12.049933137030813,13.10923274925608,4.3961719427665764e-05,0.06757597142315469,0.0006505525337161845
bfo-a7d84a931ad75b81180fb1321625d2044481cdc1305f26da0079240dfc24f3c7,2042,1000000.0000451248,24.65339997073788,12.050230908296328,13.108814335425402,4.431793735840882e-05,0.06794771972537404,0.0006522358298045866
bfo-a7d84a931ad75b81180fb1321625d2044481cdc1305f26da0079240dfc24f3c7,2043,1000000.0,24.656606820348728,12.051402026434056,13.110632074802222,4.352971875690628e-05,0.06743750436059189,0.0006454823494675986
bfo-a7d84a931ad75b81180fb1321625d2044481cdc1305f26da0079240dfc24f3c7,2044,1000000.0000300552,24.650553827076934,12.050478418701797,13.109854556585148,4.376233889377012e-05,0.06749115791374309,0.0006484158850808349
bfo-a7d84a931ad75b81180fb1321625d2044481cdc1305f26da0079240dfc24f3c7,2045,24.65212692038008,24.65212692038008,12.05015160145518,13.10848789583978,4.495554406154253e-05,0.06807830671254315,0.0006603505027139526
bfo-a7d84a931ad75b81180fb1321625d2044481cdc1305f26da0079240dfc24f3c7,2046,1000000.000004112,24.651441901061933,12.051031285818343,13.110309328783574,4.352385479525558e-05,0.06743710398226364,0.0006453992272073636
bfo-a7d84a931ad75b81180fb1321625d2044481cdc1305f26da0079240dfc24f3c7,2047,1000000.0000102065,24.65208677704171,12.049325366270343,13.108865894171075,4.477897203299533e-05,0.06759026861176909,0.0006625062002667975
bfo-a7d84a931ad75b81180fb1321625d2044481cdc1305f26da0079240dfc24f3c7,2048,1000000.0000477183,24.64994812128853,12.050668011590293,13.109884637070564,4.4063666439571255e-05,0.06759236934811022,0.000651902971659969
bfo-a7d84a931ad75b81180fb1321625d2044481cdc1305f26da0079240dfc24f3c7,2049,1000000.0000285204,24.65064053496717,12.049799363020629,13.108949501757795,4.4519158374555344e-05,0.06769677442681572,0.0006576259910682041
bfo-a7d84a931ad75b81180fb1321625d2044481cdc1305f26da0079240dfc24f3c7,2050,1000000.0000176575,24.65051031800242,12.049806615497893,13.108713262223228,4.432792098061883e-05,0.06787383344168652,0.0006530929333570493
bfo-a7d84a931ad75b81180fb1321625d2044481cdc1305f26da0079240dfc24f3c7,2051,1000000.0,24.649070653148634,12.051067037317218,13.109606120633492,4.396734028114806e-05,0.06782979260881315,0.0006482010130078942
bfo-a7d84a931ad75b81180fb1321625d2044481cdc1305f26da0079240dfc24f3c7,2052,1000000.0000364953,24.65107966591283,12.04992019405339,13.108931907763516,4.415385974245063e-05,0.06777235062131357,0.0006515025572768725
bfo-a7d84a931ad75b81180fb1321625d2044481cdc1305f26da0079240dfc24f3c7,2053,24.652626060879633,24.652626060879633,12.05035595271334,13.109531585642456,4.429055128365967e-05,0.06770997678595923,0.0006541214956204805
bfo-a7d84a931ad75b81180fb1321625d2044481cdc1305f26da0079240dfc24f3c7,2054,1000000.0000299391,24.650673821603387,12.049561028216973,13.108822754207438,4.4665901458156284e-05,0.06770090111201701,0.0006597534260918134
bfo-a7d84a931ad75b81180fb1321625d2044481cdc1305f26da0079240dfc24f3c7,2055,1000000.0,24.649510438989235,12.049551114082977,13.108329114504214,4.444111738736238e-05,0.06799864696181074,0.00065355884819769
bfo-a7d84a931ad75b81180fb1321625d2044481cdc1305f26da0079240dfc24f3c7,2056,1000000.0000250463,24.650950576494875,12.050590019756362,13.109561164936299,4.387593904616928e-05,0.06764608316053858,0.0006486101928775731
bfo-a7d84a931ad75b81180fb1321625d2044481cdc1305f26da0079240dfc24f3c7,2057,1000000.000038528,24.65050282761907,12.049748036386116,13.108601213990234,4.4170423331003226e-05,0.0678291327257955,0.0006512013578231285
bfo-a7d84a931ad75b81180fb1321625d2044481cdc1305f26da0079240dfc24f3c7,2058,1000000.0000088022,24.65152288404822,12.05089414241943,13.109665085018818,4.3331147361151604e-05,0.06766261297807105,0.0006404001479398217
bfo-a7d84a931ad75b81180fb1321625d2044481cdc1305f26da0079240dfc24f3c7,2059,1000000.0000099823,24.64941414721318,12.050790503144496,13.109907860483553,4.32233853185759e-05,0.0675194685865457,0.0006401618114510579
bfo-a7d84a931ad75b81180fb1321625d2044481cdc1305f26da0079240dfc24f3c7,2060,1000000.0000244668,24.650509835194246,12.050141222051046,13.109244461507421,4.409799265202853e-05,0.06763889084178638,0.0006519620902001159
bfo-a7d84a931ad75b81180fb1321625d2044481cdc1305f26da0079240dfc24f3c7,2061,1000000.0000231786,24.651923164516386,12.050887900157694,13.109727227808925,4.33965551189213e-05,0.06765327298769144,0.0006414553679733527
bfo-a7d84a931ad75b81180fb1321625d2044481cdc1305f26da0079240dfc24f3c7,2062,1000000.0000293561,24.651682464396835,12.050725413464855,13.109514469480459,4.365182075746153e-05,0.0677601794665068,0.0006442105245461785
bfo-a7d84a931ad75b81180fb1321625d2044481cdc1305f26da0079240dfc24f3c7,2063,1000000.0000424712,24.651044816537347,12.049743473071159,13.108698514649017,4.4828113811572314e-05,0.0678443072580645,0.0006607498200409982
bfo-a7d84a931ad75b81180fb1321625d2044481cdc1305f26da0079240dfc24f3c7,2064,1000000.0000402377,24.650753418252386,12.050352721063177,13.109148166703864,4.418620783842746e-05,0.06781454988939016,0.0006515741520145451
bfo-a7d84a931ad75b81180fb1321625d2044481cdc1305f26da0079240dfc24f3c7,2065,1000000.0,24.647147830462654,12.051467777589355,13.109746141476492,4.2742346145167e-05,0.06777937564250892,0.0006306099125286196
bfo-a7d84a931ad75b81180fb1321625d2044481cdc1305f26da0079240dfc24f3c7,2066,1000000.0000127391,24.651208845962483,12.051514130801927,13.11039270786722,4.307666602908444e-05,0.06753670597038364,0.0006378259852941973
bfo-a7d84a931ad75b81180fb1321625d2044481cdc1305f26da0079240dfc24f3c7,2067,1000000.0000103738,24.648610863396016,12.050920631582406,13.109794357295844,4.3115675548003086e-05,0.06757978342319866,0.0006379966517205856
bfo-a7d84a931ad75b81180fb1321625d2044481cdc1305f26da0079240dfc24f3c7,2068,24.654092969648556,24.654092969648556,12.050919046999972,13.109880252330575,4.365160044400122e-05,0.06762720402591557,0.0006454739785970361
bfo-a7d84a931ad75b81180fb1321625d2044481cdc1305f26da0079240dfc24f3c7,2069,1000000.0001085767,24.64882756753987,12.050375886912814,13.109385522652623,4.3871261001867926e-05,0.0676703335538852,0.0006483086265111089
bfo-a7d84a931ad75b81180fb1321625d2044481cdc1305f26da0079240dfc24f3c7,2070,1000000.0,24.64885714295473,12.04849241945949,13.10820462570333,4.598598357991136e-05,0.06780354114401538,0.0006782239217010316
bfo-a7d84a931ad75b81180fb1321625d2044481cdc1305f26da0079240dfc24f3c7,2071,24.651171890006864,24.651171890006864,12.05078651344833,13.109457355299053,4.373281230832599e-05,0.06779197306591532,0.0006451031048440471
bfo-a7d84a931ad75b81180fb1321625d2044481cdc1305f26da0079240dfc24f3c7,2072,24.652749338805066,24.652749338805066,12.049572494486561,13.109453138658843,4.4969612650155545e-05,0.06748424838420233,0.0006663719864542889
bfo-a7d84a931ad75b81180fb1321625d2044481cdc1305f26da0079240dfc24f3c7,2073,1000000.0000362686,24.650466676985964,12.051044885473345,13.10984454419371,4.337950127023871e-05,0.06767450885708114,0.0006410020848743801
bfo-a7d84a931ad75b81180fb1321625d2044481cdc1305f26da0079240dfc24f3c7,2074,1000000.0,24.652346982369878,12.049894947818018,13.108323829560321,4.474070872152779e-05,0.06806523079182479,0.0006573210463116732
bfo-a7d84a931ad75b81180fb1321625d2044481cdc1305f26da0079240dfc24f3c7,2075,1000000.0000232806,24.650768398420055,12.050315706234086,13.109632651905628,4.36683814704997e-05,0.0675303509634465,0.0006466482233172008
bfo-a7d84a931ad75b81180fb1321625d2044481cdc1305f26da0079240dfc24f3c7,2076,1000000.0,24.649493384215567,12.050984898474155,13.11049250852513,4.291447786271984e-05,0.06733277206095167,0.0006373490434030008
bfo-a7d84a931ad75b81180fb1321625d2044481cdc1305f26da0079240dfc24f3c7,2077,1000000.0000246521,24.650545012879796,12.050774142314575,13.109222600132732,4.349224177235385e-05,0.0678633232328734,0.000640879928958238
bfo-a7d84a931ad75b81180fb1321625d2044481cdc1305f26da0079240dfc24f3c7,2078,1000000.0000230455,24.65039861749716,12.050682867031885,13.109633686559398,4.3638104576250164e-05,0.06763421601182444,0.0006452075169854995
bfo-a7d84a931ad75b81180fb1321625d2044481cdc1305f26da0079240dfc24f3c7,2079,1000000.0000409666,24.651204097771576,12.050960154143194,13.110066646870763,4.3395361858737595e-05,0.06752839913888674,0.0006426238799099274
bfo-a7d84a931ad75b81180fb1321625d2044481cdc1305f26da0079240dfc24f3c7,2080,1000000.0,24.650767820648834,12.050660425303258,13.109542999175071,4.378036317164287e-05,0.06772981954293412,0.0006463971625362204
bfo-a7d84a931ad75b81180fb1321625d2044481cdc1305f26da0079240dfc24f3c7,2081,1000000.0000003447,24.651081376427463,12.050924754566857,13.110121216987585,4.30544368419876e-05,0.06744883489406617,0.0006383273619123009
bfo-a7d84a931ad75b81180fb1321625d2044481cdc1305f26da0079240dfc24f3c7,2082,1000000.0000040297,24.648020397387477,12.049207470587488,13.108768091470886,4.44153770566877e-05,0.0676137006069219,0.0006568990701292973
bfo-a7d84a931ad75b81180fb1321625d2044481cdc1305f26da0079240dfc24f3c7,2083,1000000.0000006835,24.65096140158873,12.051203760051784,13.110130329432218,4.3072776214775686e-05,0.06754490195202273,0.0006376910021332233
bfo-a7d84a931ad75b81180fb1321625d2044481cdc1305f26da0079240dfc24f3c7,2084,1000000.0,24.653545017240525,12.048307826762983,13.107254926318738,4.509630506467918e-05,0.06814428103225255,0.0006617768121045286
bfo-a7d84a931ad75b81180fb1321625d2044481cdc1305f26da0079240dfc24f3c7,2085,1000000.0000224152,24.65216806611821,12.050232169933226,13.10885646279563,4.408011877080444e-05,0.06787396124276004,0.0006494407864769549
bfo-a7d84a931ad75b81180fb1321625d2044481cdc1305f26da0079240dfc24f3c7,2086,1000000.0000262108,24.6501154359813,12.050433004844283,13.109329333138756,4.383241064722633e-05,0.06775260413158204,0.0006469479839047897
bfo-a7d84a931ad75b81180fb1321625d2044481cdc1305f26da0079240dfc24f3c7,2087,1000000.0000172853,24.65183488280351,12.050281710141341,13.109305014962423,4.418481791109549e-05,0.06772675135470622,0.0006523983068327868
bfo-a7d84a931ad75b81180fb1321625d2044481cdc1305f26da0079240dfc24f3c7,2088,1000000.0000116847,24.650266722967835,12.050880562906098,13.109611286123805,4.3649787828133834e-05,0.06771022207038933,0.0006446558066632382
bfo-a7d84a931ad75b81180fb1321625d2044481cdc1305f26da0079240dfc24f3c7,2089,1000000.0000027405,24.651348902272996,12.049233891928079,13.108331682058965,4.46801816819784e-05,0.06785902011158663,0.0006584265674409503
bfo-a7d84a931ad75b81180fb1321625d2044481cdc1305f26da0079240dfc24f3c7,2090,1000000.0000374395,24.6494439209768,12.050373194523653,13.109188433770761,4.4050110475086036e-05,0.06779273606387752,0.0006497762597098889
bfo-a7d84a931ad75b81180fb1321625d2044481cdc1305f26da0079240dfc24f3c7,2091,1000000.0000092468,24.6538365904019,12.049649758754905,13.108520875845812,4.5118014311871496e-05,0.06793421958100192,0.0006641426749309259
bfo-a7d84a931ad75b81180fb1321625d2044481cdc1305f26da0079240dfc24f3c7,2092,1000000.000031284,24.650289001245014,12.050549342659108,13.109498349275842,4.394787718230355e-05,0.06768917169527867,0.0006492600822498899
bfo-a7d84a931ad75b81180fb1321625d2044481cdc1305f26da0079240dfc24f3c7,2093,1000000.0000274383,24.6526064981041,12.050016776838161,13.108690589561991,4.466234938618737e-05,0.06796793763821324,0.0006571090861094055
bfo-a7d84a931ad75b81180fb1321625d2044481cdc1305f26da0079240dfc24f3c7,2094,1000000.0,24.651348631206957,12.049137963282936,13.109479856773316,4.4399553336963624e-05,0.06731989177255111,0.0006595309672655625
bfo-a7d84a931ad75b81180fb1321625d2044481cdc1305f26da0079240dfc24f3c7,2095,1000000.0000218456,24.650075283936133,12.0491255409352,13.108473515966267,4.4837412860892065e-05,0.06776667502766123,0.0006616439841941512
bfo-a7d84a931ad75b81180fb1321625d2044481cdc1305f26da0079240dfc24f3c7,2096,24.651305599184436,24.651305599184436,12.049969368358292,13.109195966532129,4.430048543826603e-05,0.06767072889245183,0.0006546476765260233
bfo-a7d84a931ad75b81180fb1321625d2044481cdc1305f26da0079240dfc24f3c7,2097,1000000.0000046213,24.650067874566595,12.050180721888234,13.109355160262592,4.429628299424182e-05,0.06763869615026659,0.0006548955777597028
bfo-a7d84a931ad75b81180fb1321625d2044481cdc1305f26da0079240dfc24f3c7,2098,1000000.0000304923,24.651488619138515,12.050358250383388,13.109727014058272,4.382685456339861e-05,0.06749175190749672,0.0006493660828876854
bfo-a7d84a931ad75b81180fb1321625d2044481cdc1305f26da0079240dfc24f3c7,2099,1000000.0000047421,24.650271163208128,12.050552965775545,13.109810290027598,4.3647051454035386e-05,0.06751436404415287,0.0006464854119856805
bfo-a7d84a931ad75b81180fb1321625d2044481cdc1305f26da0079240dfc24f3c7,2100,1000000.0000513736,24.65180912157819,12.049804549426028,13.108780683326305,4.4425717724825314e-05,0.06784295931222213,0.0006548316608709885
bfo-a7d84a931ad75b81180fb1321625d2044481cdc1305f26da0079240dfc24f3c7,2101,24.649880378117906,24.649880378117906,12.049261089264622,13.108590807244095,4.503508075790728e-05,0.06777247141804048,0.0006645040355709871
bfo-a7d84a931ad75b81180fb1321625d2044481cdc1305f26da0079240dfc24f3c7,2102,1000000.0000129666,24.649649502041193,12.050302604570478,13.109469608206654,4.411934580718706e-05,0.06761660867236603,0.0006524927332715819
bfo-a7d84a931ad75b81180fb1321625d2044481cdc1305f26da0079240dfc24f3c7,2103,24.650697982176233,24.650697982176233,12.049742145565888,13.10877665898497,4.48399272780042e-05,0.06785183658162114,0.0006608506053342392
bfo-a7d84a931ad75b81180fb1321625d2044481cdc1305f26da0079240dfc24f3c7,2104,1000000.0000783898,24.650567841047323,12.048787356433632,13.108883238018961,4.526305627050267e-05,0.06750174854775205,0.0006705464264897183
bfo-a7d84a931ad75b81180fb1321625d2044481cdc1305f26da0079240dfc24f3c7,2105,1000000.0000363486,24.650944954937465,12.04952178436466,13.10850688402683,4.5561898283327645e-05,0.06796436061635877,0.0006703792674592022
bfo-a7d84a931ad75b81180fb1321625d2044481cdc1305f26da0079240dfc24f3c7,2106,24.651355268562327,24.651355268562327,12.048252275901508,13.107670449416528,4.607013279338964e-05,0.06792381789121706,0.0006782618266124699
bfo-a7d84a931ad75b81180fb1321625d2044481cdc1305f26da0079240dfc24f3c7,2107,24.649753431636107,24.649753431636107,12.049182161783493,13.108601593315631,4.504863212563871e-05,0.06774428357617729,0.0006649805673268696
bfo-a7d84a931ad75b81180fb1321625d2044481cdc1305f26da0079240dfc24f3c7,2108,24.651027395576566,24.651027395576566,12.049176309124903,13.108529213907094,4.525298647876626e-05,0.06780044779809273,0.0006674437698926121
bfo-a7d84a931ad75b81180fb1321625d2044481cdc1305f26da0079240dfc24f3c7,2109,24.6498466775911,24.6498466775911,12.049139057370871,13.108605189572003,4.509524811227041e-05,0.06773097791276635,0.0006657994539861883
bfo-a7d84a931ad75b81180fb1321625d2044481cdc1305f26da0079240dfc24f3c7,2110,1000000.0,24.649720685075863,12.049214359218414,13.10867094758533,4.5013174457647856e-05,0.06772605103996768,0.0006646360413230634
bfo-a7d84a931ad75b81180fb1321625d2044481cdc1305f26da0079240dfc24f3c7,2111,24.6498721315982,24.6498721315982,12.0491471904556,13.108588127202239,4.5106384672969054e-05,0.06774617256879584,0.0006658145097003641
bfo-a7d84a931ad75b81180fb1321625d2044481cdc1305f26da0079240dfc24f3c7,2112,1000000.0,24.64974121847402,12.049193954783819,13.108600273481409,4.504139124415974e-05,0.06774392614834032,0.0006648771898093365
bfo-a7d84a931ad75b81180fb1321625d2044481cdc1305f26da0079240dfc24f3c7,2113,24.64988265633005,24.64988265633005,12.04909801857152,13.108579077181343,4.512417737117637e-05,0.06773299223336907,0.0006662067610375801
bfo-a7d84a931ad75b81180fb1321625d2044481cdc1305f26da0079240dfc24f3c7,2114,24.649622767779107,24.649622767779107,12.049159322220417,13.108611208880038,4.508834415871522e-05,0.0677360809686706,0.0006656473701153384
bfo-a7d84a931ad75b81180fb1321625d2044481cdc1305f26da0079240dfc24f3c7,2115,24.64945472374024,24.64945472374024,12.049410046565923,13.10879380854803,4.4806110805176196e-05,0.06770713574325066,0.0006617634952848033
bfo-a7d84a931ad75b81180fb1321625d2044481cdc1305f26da0079240dfc24f3c7,2116,24.649487902993467,24.649487902993467,12.04929437744082,13.10871256993386,4.492272691635409e-05,0.06771569744406401,0.0006634019675196011
bfo-a7d84a931ad75b81180fb1321625d2044481cdc1305f26da0079240dfc24f3c7,2117,24.6494337710794,24.6494337710794,12.049494385060182,13.108879578305451,4.4768329230644126e-05,0.06769044314387729,0.0006613685352227376
bfo-a7d84a931ad75b81180fb1321625d2044481cdc1305f26da0079240dfc24f3c7,2118,24.649498139994094,24.649498139994094,12.049486542180034,13.108865772270846,4.479180209249632e-05,0.06769787030948035,0.0006616427058595921
bfo-a7d84a931ad75b81180fb1321625d2044481cdc1305f26da0079240dfc24f3c7,2119,24.64948204813185,24.64948204813185,12.049467561284796,13.108829388741942,4.4789596342774526e-05,0.06770580015938327,0.0006615326343878559
bfo-a7d84a931ad75b81180fb1321625d2044481cdc1305f26da0079240dfc24f3c7,2120,1000000.0,24.64936428832678,12.049488694709783,13.10883949105681,4.4754529082907286e-05,0.06770528723154837,0.0006610197063317855
bfo-a7d84a931ad75b81180fb1321625d2044481cdc1305f26da0079240dfc24f3c7,2121,24.649340063810776,24.649340063810776,12.049528745513129,13.108918709996496,4.475284245007718e-05,0.06768457257170021,0.0006611970904103621
bfo-a7d84a931ad75b81180fb1321625d2044481cdc1305f26da0079240dfc24f3c7,2122,1000000.0,24.64941550660605,12.049313037786366,13.108705811132264,4.4922209520494766e-05,0.06772361658238352,0.0006633167539989303
bfo-a7d84a931ad75b81180fb1321625d2044481cdc1305f26da0079240dfc24f3c7,2123,24.649224521366556,24.649224521366556,12.049586269314014,13.108965107668066,4.473214323517772e-05,0.06768010954535555,0.000660934852731003
bfo-a7d84a931ad75b81180fb1321625d2044481cdc1305f26da0079240dfc24f3c7,2124,24.649628209701085,24.649628209701085,12.04945196171444,13.108966817654125,4.490704675351309e-05,0.06765123992659025,0.0006638022718023003
bfo-a7d84a931ad75b81180fb1321625d2044481cdc1305f26da0079240dfc24f3c7,2125,24.649241693696816,24.649241693696816,12.049615050596875,13.108993899011345,4.4731149305703234e-05,0.06767769120656629,0.0006609437838116334
bfo-a7d84a931ad75b81180fb1321625d2044481cdc1305f26da0079240dfc24f3c7,2126,24.649329825248216,24.649329825248216,12.049497635763325,13.108939379980399,4.47997933010746e-05,0.06766482758547968,0.000662083905327031
bfo-a7d84a931ad75b81180fb1321625d2044481cdc1305f26da0079240dfc24f3c7,2127,24.649110384594778,24.649110384594778,12.049576222490254,13.108956396778488,4.473686757147564e-05,0.06767894933242517,0.0006610159881728849
bfo-a7d84a931ad75b81180fb1321625d2044481cdc1305f26da0079240dfc24f3c7,2128,24.649203773423462,24.649203773423462,12.049683223664928,13.109009313726766,4.46783931484069e-05,0.06768598216034175,0.0006600833986949909
bfo-a7d84a931ad75b81180fb1321625d2044481cdc1305f26da0079240dfc24f3c7,2129,24.64920294537275,24.64920294537275,12.049599364326253,13.10897173924593,4.470908205178654e-05,0.06767581064318369,0.0006606360770100304
bfo-a7d84a931ad75b81180fb1321625d2044481cdc1305f26da0079240dfc24f3c7,2130,24.649025889157855,24.649025889157855,12.049639777929945,13.108990013690557,4.4675908502270506e-05,0.06767469155148305,0.0006601568101464285
bfo-a7d84a931ad75b81180fb1321625d2044481cdc1305f26da0079240dfc24f3c7,2131,1000000.0,24.648898661846054,12.049753447611048,13.109114950412605,4.4557887351494706e-05,0.06764894329814053,0.0006586634643370618
bfo-a7d84a931ad75b81180fb1321625d2044481cdc1305f26da0079240dfc24f3c7,2132,24.648963357244803,24.648963357244803,12.049670744977119,13.10901226856572,4.46347735501697e-05,0.06766939528007106,0.0006596005973665742
bfo-a7d84a931ad75b81180fb1321625d2044481cdc1305f26da0079240dfc24f3c7,2133,1000000.0,24.648725566640692,12.049638463181422,13.10895258867313,4.463022381679176e-05,0.06768185463854642,0.0006594119510338268
bfo-a7d84a931ad75b81180fb1321625d2044481cdc1305f26da0079240dfc24f3c7,2134,24.64897186537837,24.64897186537837,12.049746941226052,13.109049025007856,4.456539502162623e-05,0.06767232387196963,0.0006585468397086559
bfo-a7d84a931ad75b81180fb1321625d2044481cdc1305f26da0079240dfc24f3c7,2135,24.64902222743411,24.64902222743411,12.04968574779387,13.109020389654201,4.463287639858282e-05,0.06766966155857519,0.0006595699663718338
bfo-a7d84a931ad75b81180fb1321625d2044481cdc1305f26da0079240dfc24f3c7,2136,24.64895847275604,24.64895847275604,12.0496880915386,13.109039114738895,4.461719674103202e-05,0.06766023863812343,0.0006594300824102073
bfo-a7d84a931ad75b81180fb1321625d2044481cdc1305f26da0079240dfc24f3c7,2137,24.64920862118956,24.64920862118956,12.049465030099723,13.108844679748577,4.481754640097333e-05,0.06768998192167605,0.0006621001384345416
bfo-a7d84a931ad75b81180fb1321625d2044481cdc1305f26da0079240dfc24f3c7,2138,1000000.0000019599,24.64897495267909,12.049658911518012,13.109023757259465,4.4642221034243606e-05,0.06765790517298974,0.0006598226906390473
bfo-a7d84a931ad75b81180fb1321625d2044481cdc1305f26da0079240dfc24f3c7,2139,24.64895256211222,24.64895256211222,12.049602103395458,13.109021037770585,4.473282989279798e-05,0.06765236704849223,0.0006612160349206132
bfo-a7d84a931ad75b81180fb1321625d2044481cdc1305f26da0079240dfc24f3c7,2140,1000000.0,24.649384813211192,12.049580142119938,13.109116064037067,4.476346923402613e-05,0.06760616880602263,0.0006621210759991834
bfo-a7d84a931ad75b81180fb1321625d2044481cdc1305f26da0079240dfc24f3c7,2141,24.649056198074984,24.649056198074984,12.049563172693933,13.108961444724734,4.4792313868626904e-05,0.06767013914620854,0.0006619214092621909
bfo-a7d84a931ad75b81180fb1321625d2044481cdc1305f26da0079240dfc24f3c7,2142,24.64876911147396,24.64876911147396,12.049705683740479,13.109061956426576,4.463361085222023e-05,0.06766367632864226,0.0006596391634920178
bfo-a7d84a931ad75b81180fb1321625d2044481cdc1305f26da0079240dfc24f3c7,2143,24.648780873301867,24.648780873301867,12.049683611930432,13.109084723313547,4.4655817705380924e-05,0.06764797520964722,0.0006601205367490822
bfo-a7d84a931ad75b81180fb1321625d2044481cdc1305f26da0079240dfc24f3c7,2144,24.648794368957866,24.648794368957866,12.049752705646448,13.109049982139526,4.462079367689446e-05,0.06768101126319499,0.0006592808358518025
bfo-a7d84a931ad75b81180fb1321625d2044481cdc1305f26da0079240dfc24f3c7,2145,24.648340385527536,24.648340385527536,12.049543448311457,13.108853771426485,4.472371378797883e-05,0.0677078247543646,0.0006605398113176844
bfo-a7d84a931ad75b81180fb1321625d2044481cdc1305f26da0079240dfc24f3c7,2146,1000000.0,24.6483663696853,12.049303053315734,13.108781878136082,4.4870131141776694e-05,0.0676732012172322,0.0006630413566182979
bfo-a7d84a931ad75b81180fb1321625d2044481cdc1305f26da0079240dfc24f3c7,2147,24.64844196099964,24.64844196099964,12.049593817721878,13.108894757342751,4.465401209532335e-05,0.06770029795088477,0.0006595836864369335
bfo-a7d84a931ad75b81180fb1321625d2044481cdc1305f26da0079240dfc24f3c7,2148,24.648376908189682,24.648376908189682,12.049753165168502,13.108997797726197,4.456521643423858e-05,0.06769350310378049,0.0006583381623184122
bfo-a7d84a931ad75b81180fb1321625d2044481cdc1305f26da0079240dfc24f3c7,2149,1000000.0000015286,24.648399601921202,12.049498829223744,13.108831797046498,4.471922391185285e-05,0.06770152721268577,0.0006605349355172811
bfo-a7d84a931ad75b81180fb1321625d2044481cdc1305f26da0079240dfc24f3c7,2150,24.64844296385575,24.64844296385575,12.049649011180525,13.108852244613775,4.481968144460112e-05,0.06775639705670981,0.0006614826553880745
bfo-a7d84a931ad75b81180fb1321625d2044481cdc1305f26da0079240dfc24f3c7,2151,1000000.0000005616,24.648452921384397,12.04963277375712,13.108913185730353,4.462179601113834e-05,0.06770047282851513,0.0006591061206347121
bfo-a7d84a931ad75b81180fb1321625d2044481cdc1305f26da0079240dfc24f3c7,2152,1000000.0,24.64801666253998,12.049503638467213,13.108890831829243,4.467953691664118e-05,0.06767696699892121,0.0006601882279587587
bfo-a7d84a931ad75b81180fb1321625d2044481cdc1305f26da0079240dfc24f3c7,2153,1000000.0000015823,24.648397193441312,12.049583751453172,13.108901858983671,4.469350750676873e-05,0.06769375833380482,0.0006602308485574177
bfo-a7d84a931ad75b81180fb1321625d2044481cdc1305f26da0079240dfc24f3c7,2154,1000000.0,24.64802835948479,12.049445195953435,13.108751070516277,4.481470805604049e-05,0.06772927928736665,0.0006616740725365972
bfo-a7d84a931ad75b81180fb1321625d2044481cdc1305f26da0079240dfc24f3c7,2155,1000000.0000020675,24.648507031382778,12.049480375239813,13.108828530843502,4.478325734244008e-05,0.06770354717437808,0.0006614610195695621
bfo-a7d84a931ad75b81180fb1321625d2044481cdc1305f26da0079240dfc24f3c7,2156,24.648140523984267,24.648140523984267,12.049603168180571,13.108814882229423,4.4653245061755964e-05,0.06773934577279041,0.0006591921512134283
bfo-a7d84a931ad75b81180fb1321625d2044481cdc1305f26da0079240dfc24f3c7,2157,24.648383925450815,24.648383925450815,12.049791415959982,13.108935428204578,4.4558712237248565e-05,0.06774208212722996,0.0006577700424613538
bfo-a7d84a931ad75b81180fb1321625d2044481cdc1305f26da0079240dfc24f3c7,2158,1000000.0000019727,24.648053496096672,12.049612510988787,13.108854405982282,4.461745673871172e-05,0.06772180398802922,0.0006588344390028133
bfo-a7d84a931ad75b81180fb1321625d2044481cdc1305f26da0079240dfc24f3c7,2159,24.648196701529713,24.648196701529713,12.049611056248647,13.108762456054135,4.477942936154418e-05,0.06777749624063092,0.0006606828496963573
bfo-a7d84a931ad75b81180fb1321625d2044481cdc1305f26da0079240dfc24f3c7,2160,1000000.0000036461,24.647837661500528,12.04954038421536,13.108744485721978,4.467485928687985e-05,0.06775153746358341,0.000659392553429399
bfo-a7d84a931ad75b81180fb1321625d2044481cdc1305f26da0079240dfc24f3c7,2161,24.648511273724374,24.648511273724374,12.049578148768996,13.10876564549443,4.4737787278900724e-05,0.06776619464153787,0.0006601785376255776
bfo-a7d84a931ad75b81180fb1321625d2044481cdc1305f26da0079240dfc24f3c7,2162,24.64821279475595,24.64821279475595,12.04969774012421,13.108893349055563,4.4562270939384024e-05,0.06772453381849279,0.0006579930259662547
bfo-a7d84a931ad75b81180fb1321625d2044481cdc1305f26da0079240dfc24f3c7,2163,24.64830378121541,24.64830378121541,12.049671188332459,13.10891253264688,4.4660909676312063e-05,0.06772186413767653,0.0006594754920732507
bfo-a7d84a931ad75b81180fb1321625d2044481cdc1305f26da0079240dfc24f3c7,2164,24.64817243809444,24.64817243809444,12.049634135348244,13.108828375737243,4.463537650054401e-05,0.06774392359887106,0.0006588838397498406
bfo-a7d84a931ad75b81180fb1321625d2044481cdc1305f26da0079240dfc24f3c7,2165,24.648453907276235,24.648453907276235,12.049744019838018,13.108995271093917,4.444733683469458e-05,0.06768202755278856,0.0006567081164941151
bfo-a7d84a931ad75b81180fb1321625d2044481cdc1305f26da0079240dfc24f3c7,2166,1000000.0000013392,24.648091183522624,12.049508683156835,13.108711999836178,4.46951570849875e-05,0.06776198459030298,0.000659590437842394
bfo-a7d84a931ad75b81180fb1321625d2044481cdc1305f26da0079240dfc24f3c7,2167,1000000.0,24.648307330743037,12.049665409033864,13.108802681774415,4.466984701955086e-05,0.06775915361188581,0.0006592444657058882
bfo-a7d84a931ad75b81180fb1321625d2044481cdc1305f26da0079240dfc24f3c7,2168,24.64833727256402,24.64833727256402,12.049600954473064,13.108813989871452,4.465950853916625e-05,0.0677400133982262,0.0006592781178920711
bfo-a7d84a931ad75b81180fb1321625d2044481cdc1305f26da0079240dfc24f3c7,2169,24.647874998536267,24.647874998536267,12.04965733106424,13.108898878214607,4.45952706035865e-05,0.06771140123219109,0.0006586080008987495
bfo-a7d84a931ad75b81180fb1321625d2044481cdc1305f26da0079240dfc24f3c7,2170,24.648508928967203,24.648508928967203,12.049909871207435,13.10914018490037,4.4461055081963405e-05,0.06767513677336671,0.0006569776908003365
bfo-a7d84a931ad75b81180fb1321625d2044481cdc1305f26da0079240dfc24f3c7,2171,1000000.0000007206,24.64783693558175,12.049708124563304,13.108952868497427,4.4550524069986435e-05,0.06769661432986213,0.0006580908736869348
bfo-a7d84a931ad75b81180fb1321625d2044481cdc1305f26da0079240dfc24f3c7,2172,1000000.0,24.647818594862756,12.049486244985022,13.10870871328839,4.4681583291529987e-05,0.0677575230963539,0.000659433539623209
bfo-a7d84a931ad75b81180fb1321625d2044481cdc1305f26da0079240dfc24f3c7,2173,24.647963906825073,24.647963906825073,12.04961660311069,13.108843014054825,4.459008357497617e-05,0.06771968041467584,0.0006584508860929717
bfo-a7d84a931ad75b81180fb1321625d2044481cdc1305f26da0079240dfc24f3c7,2174,24.647889515977482,24.647889515977482,12.049549088270602,13.108895903978771,4.4672913522342294e-05,0.06768548532851971,0.0006600072867250178
bfo-a7d84a931ad75b81180fb1321625d2044481cdc1305f26da0079240dfc24f3c7,2175,24.647871896203743,24.647871896203743,12.049699932245227,13.108939634090657,4.457739202460333e-05,0.06770328138932623,0.0006584229170261633
bfo-a7d84a931ad75b81180fb1321625d2044481cdc1305f26da0079240dfc24f3c7,2176,24.648071929731255,24.648071929731255,12.049776963026659,13.108954736327284,4.458946785200386e-05,0.06771632083216723,0.0006584744608691522
bfo-a7d84a931ad75b81180fb1321625d2044481cdc1305f26da0079240dfc24f3c7,2177,24.648004670105593,24.648004670105593,12.049694042854014,13.10895451614764,4.4568397541016305e-05,0.06769210169781077,0.0006583987854296108
bfo-a7d84a931ad75b81180fb1321625d2044481cdc1305f26da0079240dfc24f3c7,2178,24.648189178760127,24.648189178760127,12.049722700541881,13.108955872454302,4.4546800831179335e-05,0.06769613150862762,0.0006580405680271703
bfo-a7d84a931ad75b81180fb1321625d2044481cdc1305f26da0079240dfc24f3c7,2179,24.647943094155018,24.647943094155018,12.04962910802655,13.108879875781962,4.464001117503813e-05,0.06770893516293425,0.0006592927664216954
bfo-a7d84a931ad75b81180fb1321625d2044481cdc1305f26da0079240dfc24f3c7,2180,24.647984724779015,24.647984724779015,12.049737406844766,13.108884870100452,4.457149088712028e-05,0.06773871767659424,0.0006579913587959912
bfo-a7d84a931ad75b81180fb1321625d2044481cdc1305f26da0079240dfc24f3c7,2181,24.647875285705688,24.647875285705688,12.049771207756061,13.108984528803724,4.451141078623303e-05,0.06770318984066716,0.000657449241180309
bfo-a7d84a931ad75b81180fb1321625d2044481cdc1305f26da0079240dfc24f3c7,2182,24.647930729776782,24.647930729776782,12.049653002855845,13.108852615323785,4.462899878582115e-05,0.06772806435207065,0.0006589439579112482
bfo-a7d84a931ad75b81180fb1321625d2044481cdc1305f26da0079240dfc24f3c7,2183,24.647904553253177,24.647904553253177,12.049721200170747,13.10895017497331,4.455917780513661e-05,0.0677079710604973,0.0006581083010938674
bfo-a7d84a931ad75b81180fb1321625d2044481cdc1305f26da0079240dfc24f3c7,2184,24.647719973140624,24.647719973140624,12.0498397627687,13.10901606681803,4.440216223123176e-05,0.06769977900007014,0.0006558686436950666
bfo-a7d84a931ad75b81180fb1321625d2044481cdc1305f26da0079240dfc24f3c7,2185,24.648095415946063,24.648095415946063,12.0498724942829,13.108986777861453,4.435039379785774e-05,0.06771768614520657,0.0006549307326118246
bfo-a7d84a931ad75b81180fb1321625d2044481cdc1305f26da0079240dfc24f3c7,2186,24.64764890631197,24.64764890631197,12.049828626225489,13.10906204899593,4.4361233933201346e-05,0.06767442963844293,0.0006555095354361382
bfo-a7d84a931ad75b81180fb1321625d2044481cdc1305f26da0079240dfc24f3c7,2187,24.647785686577997,24.647785686577997,12.049723188415298,13.108917207618735,4.4487458273127626e-05,0.06771695216164626,0.0006569619106148219
bfo-a7d84a931ad75b81180fb1321625d2044481cdc1305f26da0079240dfc24f3c7,2188,24.647719708467974,24.647719708467974,12.049815895468692,13.109062247758587,4.437397361665637e-05,0.06766737707108843,0.0006557661244951017
bfo-a7d84a931ad75b81180fb1321625d2044481cdc1305f26da0079240dfc24f3c7,2189,24.647381220359044,24.647381220359044,12.049874813786403,13.109066759875994,4.4307108336576914e-05,0.06767625577284922,0.0006546920752426188
bfo-a7d84a931ad75b81180fb1321625d2044481cdc1305f26da0079240dfc24f3c7,2190,24.64704881813456,24.64704881813456,12.049692135908195,13.108832595314816,4.43857592454143e-05,0.06773513378683824,0.0006552841452280263
bfo-a7d84a931ad75b81180fb1321625d2044481cdc1305f26da0079240dfc24f3c7,2191,1000000.0,24.64696205527266,12.049813368707778,13.108933188233564,4.4309465622382094e-05,0.0677221573512729,0.000654283137977282
bfo-a7d84a931ad75b81180fb1321625d2044481cdc1305f26da0079240dfc24f3c7,2192,24.64706988293939,24.64706988293939,12.049692377172143,13.108804253916203,4.4416277381999954e-05,0.06774988839717049,0.0006555918900060499
bfo-a7d84a931ad75b81180fb1321625d2044481cdc1305f26da0079240dfc24f3c7,2193,24.647267949687993,24.647267949687993,12.04973470398007,13.108899199517614,4.435800591957385e-05,0.06771265318552223,0.0006550918304447435
bfo-a7d84a931ad75b81180fb1321625d2044481cdc1305f26da0079240dfc24f3c7,2194,24.646966279638605,24.646966279638605,12.049632239551716,13.108792374087985,4.444766873595207e-05,0.06773832051150355,0.0006561672683987465
bfo-a7d84a931ad75b81180fb1321625d2044481cdc1305f26da0079240dfc24f3c7,2195,24.647207564632318,24.647207564632318,12.0495489109199,13.1087332237154,4.4582069275533106e-05,0.06775474756230682,0.0006579918142936882
bfo-a7d84a931ad75b81180fb1321625d2044481cdc1305f26da0079240dfc24f3c7,2196,24.64704905954666,24.64704905954666,12.0495999154772,13.108759964270668,4.448041339980369e-05,0.0677462038372393,0.0006565742562737268
bfo-a7d84a931ad75b81180fb1321625d2044481cdc1305f26da0079240dfc24f3c7,2197,24.64706134432769,24.64706134432769,12.049682253253632,13.108793207846972,4.441604728186464e-05,0.0677531774061249,0.0006555566688131356
bfo-a7d84a931ad75b81180fb1321625d2044481cdc1305f26da0079240dfc24f3c7,2198,24.646738638738835,24.646738638738835,12.049635301347305,13.108795663350602,4.4453687969333604e-05,0.0677384601306554,0.0006562547758480245
bfo-a7d84a931ad75b81180fb1321625d2044481cdc1305f26da0079240dfc24f3c7,2199,1000000.0,24.64678622296011,12.049459088009439,13.108748483855592,4.4537008940807185e-05,0.06770944657816585,0.000657766547971889
bfo-a7d84a931ad75b81180fb1321625d2044481cdc1305f26da0079240dfc24f3c7,2200,24.64675374285117,24.64675374285117,12.049644451229922,13.108821250401293,4.44183888979762e-05,0.06772544514003273,0.0006558596817803764
bfo-a7d84a931ad75b81180fb1321625d2044481cdc1305f26da0079240dfc24f3c7,2201,24.646810678249132,24.646810678249132,12.04983321852124,13.108890071856724,4.4271368837493435e-05,0.06774615005416931,0.0006534890735797441
bfo-a7d84a931ad75b81180fb1321625d2044481cdc1305f26da0079240dfc24f3c7,2202,24.64679178281692,24.64679178281692,12.049602935725147,13.108773286598183,4.4458981469648047e-05,0.06773798500825585,0.0006563375256029452
bfo-a7d84a931ad75b81180fb1321625d2044481cdc1305f26da0079240dfc24f3c7,2203,24.6466921728914,24.6466921728914,12.049589892149523,13.108744269594158,4.4422128532216435e-05,0.06774451833306112,0.0006557302291798458
bfo-a7d84a931ad75b81180fb1321625d2044481cdc1305f26da0079240dfc24f3c7,2204,1000000.0,24.64674810311496,12.049735316727228,13.108831850880474,4.432664342174016e-05,0.06773930722915346,0.0006543710769256728
bfo-a7d84a931ad75b81180fb1321625d2044481cdc1305f26da0079240dfc24f3c7,2205,24.646693916996213,24.646693916996213,12.049640480930927,13.108804853652636,4.434175497629324e-05,0.06772813254053084,0.0006547021645659227
bfo-a7d84a931ad75b81180fb1321625d2044481cdc1305f26da0079240dfc24f3c7,2206,1000000.0,24.647253564992674,12.049539220663336,13.108695391755951,4.4526044353343915e-05,0.06775850515016875,0.0006571284926469932
bfo-a7d84a931ad75b81180fb1321625d2044481cdc1305f26da0079240dfc24f3c7,2207,24.64670580608201,24.64670580608201,12.049465945421282,13.10863970071411,4.451446430643454e-05,0.06775771187448275,0.0006569652822529636
bfo-a7d84a931ad75b81180fb1321625d2044481cdc1305f26da0079240dfc24f3c7,2208,1000000.0,24.646460833632396,12.049594189815677,13.108789141854507,4.435524214105229e-05,0.06772347041036904,0.0006549463852381246
bfo-a7d84a931ad75b81180fb1321625d2044481cdc1305f26da0079240dfc24f3c7,2209,1000000.0000042542,24.646667902687415,12.04970287135286,13.108817130543317,4.431699118247213e-05,0.06774085145916571,0.0006542136720732907
bfo-a7d84a931ad75b81180fb1321625d2044481cdc1305f26da0079240dfc24f3c7,2210,24.646419806520647,24.646419806520647,12.049416025647616,13.108563184073319,4.459301043220782e-05,0.06778346419976777,0.0006578744677431314
bfo-a7d84a931ad75b81180fb1321625d2044481cdc1305f26da0079240dfc24f3c7,2211,24.646335947687508,24.646335947687508,12.049340510991417,13.108486112081412,4.462981117262791e-05,0.06779649547171819,0.0006582908284875221
bfo-a7d84a931ad75b81180fb1321625d2044481cdc1305f26da0079240dfc24f3c7,2212,24.64632806296309,24.64632806296309,12.049366834575672,13.10851108893773,4.465412169567498e-05,0.06779587519394734,0.0006586554354218528
bfo-a7d84a931ad75b81180fb1321625d2044481cdc1305f26da0079240dfc24f3c7,2213,24.64635601095516,24.64635601095516,12.049081004572688,13.1083760856908,4.4828022781587806e-05,0.06777779130093706,0.0006613969254700107
bfo-a7d84a931ad75b81180fb1321625d2044481cdc1305f26da0079240dfc24f3c7,2214,24.646410264644892,24.646410264644892,12.049432950838797,13.108565511668615,4.461866940239097e-05,0.06779116974961509,0.0006581781899794451
bfo-a7d84a931ad75b81180fb1321625d2044481cdc1305f26da0079240dfc24f3c7,2215,24.646087851081663,24.646087851081663,12.049463362647312,13.108568428091003,4.4550479884828725e-05,0.06779552808865856,0.000657130066552008
bfo-a7d84a931ad75b81180fb1321625d2044481cdc1305f26da0079240dfc24f3c7,2216,24.64654062990553,24.64654062990553,12.04934932274572,13.108468327899523,4.4705751080213506e-05,0.0678170193613064,0.0006592113823528017
bfo-a7d84a931ad75b81180fb1321625d2044481cdc1305f26da0079240dfc24f3c7,2217,24.64629577026089,24.64629577026089,12.049413875763483,13.108511892263513,4.462875716675091e-05,0.06781133900330896,0.0006581311890121086
bfo-a7d84a931ad75b81180fb1321625d2044481cdc1305f26da0079240dfc24f3c7,2218,24.64585512827897,24.64585512827897,12.049343839350811,13.108525812871818,4.459425169893172e-05,0.06778510261256633,0.0006578768782547305
bfo-a7d84a931ad75b81180fb1321625d2044481cdc1305f26da0079240dfc24f3c7,2219,24.645541246828486,24.645541246828486,12.049169118450832,13.10842960261538,4.47643945474503e-05,0.06778571393276685,0.0006603809556664078
bfo-a7d84a931ad75b81180fb1321625d2044481cdc1305f26da0079240dfc24f3c7,2220,24.64560461752213,24.64560461752213,12.049048422787365,13.108394835471731,4.485623682499612e-05,0.0677709575405759,0.0006618799328331719
bfo-a7d84a931ad75b81180fb1321625d2044481cdc1305f26da0079240dfc24f3c7,2221,24.645484329222093,24.645484329222093,12.049115270113973,13.108387924246776,4.4791448184976137e-05,0.06778793889490446,0.0006607583725833424
bfo-a7d84a931ad75b81180fb1321625d2044481cdc1305f26da0079240dfc24f3c7,2222,24.645935628091692,24.645935628091692,12.049157239777143,13.108381861661421,4.483059411643823e-05,0.0678113892391755,0.0006611071476255647
bfo-a7d84a931ad75b81180fb1321625d2044481cdc1305f26da0079240dfc24f3c7,2223,24.645721724298976,24.645721724298976,12.04908962202016,13.108359903541114,4.4852405194008585e-05,0.06779948493693397,0.0006615449252413879
bfo-a7d84a931ad75b81180fb1321625d2044481cdc1305f26da0079240dfc24f3c7,2224,24.64508013865346,24.64508013865346,12.049248128205875,13.108462620805344,4.4657116183129885e-05,0.06778403996642175,0.0006588146148452014
bfo-a7d84a931ad75b81180fb1321625d2044481cdc1305f26da0079240dfc24f3c7,2225,1000000.0,24.6450798312231,12.049259281988371,13.108434940483216,4.467760436411469e-05,0.06780692379161121,0.0006588944294453012
bfo-a7d84a931ad75b81180fb1321625d2044481cdc1305f26da0079240dfc24f3c7,2226,24.644841123669202,24.644841123669202,12.049251688752918,13.108511281579538,4.462655509066509e-05,0.067757845423418,0.0006586182723460916
bfo-a7d84a931ad75b81180fb1321625d2044481cdc1305f26da0079240dfc24f3c7,2227,24.644823177680877,24.644823177680877,12.049246022068475,13.108509304574364,4.4629975589748766e-05,0.06775354844503383,0.0006587105268140393
bfo-a7d84a931ad75b81180fb1321625d2044481cdc1305f26da0079240dfc24f3c7,2228,24.644840918761844,24.644840918761844,12.049444363192825,13.108660752856961,4.440267293681088e-05,0.06772507241033748,0.0006556312360624853
bfo-a7d84a931ad75b81180fb1321625d2044481cdc1305f26da0079240dfc24f3c7,2229,24.644727710971612,24.644727710971612,12.049269904756462,13.10857515031638,4.4622983656246856e-05,0.06773077783998642,0.0006588287493415239
bfo-a7d84a931ad75b81180fb1321625d2044481cdc1305f26da0079240dfc24f3c7,2230,24.64487190757409,24.64487190757409,12.049316825585343,13.10860909621536,4.4652871762147217e-05,0.06772888517567252,0.0006592884505086472
bfo-a7d84a931ad75b81180fb1321625d2044481cdc1305f26da0079240dfc24f3c7,2231,24.64466952131164,24.64466952131164,12.049252517722278,13.108555227057362,4.462849446251086e-05,0.0677338833473198,0.0006588799025986569
bfo-a7d84a931ad75b81180fb1321625d2044481cdc1305f26da0079240dfc24f3c7,2232,24.644761392698424,24.644761392698424,12.049194105959835,13.108488766339397,4.47161708696897e-05,0.06775743800802156,0.000659944829442871
bfo-a7d84a931ad75b81180fb1321625d2044481cdc1305f26da0079240dfc24f3c7,2233,24.644704753678525,24.644704753678525,12.04919897471622,13.108565148600306,4.468299316157432e-05,0.06771431506296244,0.0006598751404341456
bfo-a7d84a931ad75b81180fb1321625d2044481cdc1305f26da0079240dfc24f3c7,2234,24.64463507349572,24.64463507349572,12.04912608038304,13.108493049702236,4.47463069701823e-05,0.06772781963188493,0.0006606783920313392
bfo-a7d84a931ad75b81180fb1321625d2044481cdc1305f26da0079240dfc24f3c7,2235,24.644574183332608,24.644574183332608,12.049179564681866,13.108489655578207,4.4760267457181367e-05,0.06774532914724135,0.000660713705588425
bfo-a7d84a931ad75b81180fb1321625d2044481cdc1305f26da0079240dfc24f3c7,2236,24.6450455967566,24.6450455967566,12.04896171667265,13.108311959036083,4.502662937420538e-05,0.0677767759299932,0.000664337138442724
bfo-a7d84a931ad75b81180fb1321625d2044481cdc1305f26da0079240dfc24f3c7,2237,24.644565552631338,24.644565552631338,12.049093492699935,13.108390556184983,4.481641503680207e-05,0.0677668994932996,0.0006613319389244487
bfo-a7d84a931ad75b81180fb1321625d2044481cdc1305f26da0079240dfc24f3c7,2238,24.644513595625174,24.644513595625174,12.04900295186075,13.108377889003188,4.488403932252824e-05,0.06774906484883819,0.0006625041898758834
bfo-a7d84a931ad75b81180fb1321625d2044481cdc1305f26da0079240dfc24f3c7,2239,1000000.0,24.644623023728258,12.048966045200165,13.108387138355798,4.490369134049938e-05,0.06773745820849632,0.0006629078286682317
bfo-a7d84a931ad75b81180fb1321625d2044481cdc1305f26da0079240dfc24f3c7,2240,24.64449612999198,24.64449612999198,12.049071795578518,13.10842949086684,4.4862257535976945e-05,0.06774695052890796,0.0006622033491652735
bfo-a7d84a931ad75b81180fb1321625d2044481cdc1305f26da0079240dfc24f3c7,2241,24.64486974526251,24.64486974526251,12.049124420682595,13.108427609959667,4.4885151347648174e-05,0.06777017525965183,0.000662314228577351
bfo-a7d84a931ad75b81180fb1321625d2044481cdc1305f26da0079240dfc24f3c7,2242,24.64443179513883,24.64443179513883,12.049011981558605,13.10840706446661,4.490760839042976e-05,0.06773624130746447,0.0006629775659766493
bfo-a7d84a931ad75b81180fb1321625d2044481cdc1305f26da0079240dfc24f3c7,2243,24.644353708155524,24.644353708155524,12.048943764555446,13.10837961557041,4.49513662046611e-05,0.06772977702898747,0.000663686906652926
bfo-a7d84a931ad75b81180fb1321625d2044481cdc1305f26da0079240dfc24f3c7,2244,24.643969408368708,24.643969408368708,12.048992649922537,13.108437597190862,4.487343727531392e-05,0.06771189864792612,0.0006627112541716966
bfo-a7d84a931ad75b81180fb1321625d2044481cdc1305f26da0079240dfc24f3c7,2245,24.644126537285963,24.644126537285963,12.049041620663461,13.108423998919019,4.487101018878785e-05,0.06773293697939478,0.0006624695781675343
bfo-a7d84a931ad75b81180fb1321625d2044481cdc1305f26da0079240dfc24f3c7,2246,24.644019354868725,24.644019354868725,12.049093168774538,13.10854048355059,4.4810278707699714e-05,0.067691418359194,0.0006619787233578255
bfo-a7d84a931ad75b81180fb1321625d2044481cdc1305f26da0079240dfc24f3c7,2247,24.644186108301245,24.644186108301245,12.048923500979429,13.108419380849199,4.4940718802239925e-05,0.06770943362374696,0.0006637290610340946
bfo-a7d84a931ad75b81180fb1321625d2044481cdc1305f26da0079240dfc24f3c7,2248,1000000.0000036045,24.64390064382833,12.04899141199686,13.108402893864893,4.488609785325814e-05,0.0677294975677967,0.0006627259829932668
bfo-a7d84a931ad75b81180fb1321625d2044481cdc1305f26da0079240dfc24f3c7,2249,1000000.0,24.64417850845686,12.049032988197679,13.108521842651513,4.4829504713318916e-05,0.06768048131644906,0.0006623697680829517
bfo-a7d84a931ad75b81180fb1321625d2044481cdc1305f26da0079240dfc24f3c7,2250,1000000.0000053549,24.643941964947743,12.048958238502818,13.108396062214347,4.491846727662379e-05,0.06772432071224124,0.0006632546004777384
bfo-a7d84a931ad75b81180fb1321625d2044481cdc1305f26da0079240dfc24f3c7,2251,1000000.0,24.64389853666917,12.049009266922399,13.108507418545074,4.486218194804935e-05,0.06768585452941803,0.0006627999640390309
bfo-a7d84a931ad75b81180fb1321625d2044481cdc1305f26da0079240dfc24f3c7,2252,24.644093272685417,24.644093272685417,12.048992235249099,13.108441304953708,4.4872478947293846e-05,0.06771097856804019,0.0006627061061036534
bfo-a7d84a931ad75b81180fb1321625d2044481cdc1305f26da0079240dfc24f3c7,2253,1000000.0,24.64398761373193,12.049128792226886,13.108510546590384,4.4788787325553906e-05,0.06771680281904535,0.000661413201170169
bfo-a7d84a931ad75b81180fb1321625d2044481cdc1305f26da0079240dfc24f3c7,2254,1000000.0000025363,24.643788047452084,12.049033817867741,13.108484642644497,4.4772885954136616e-05,0.06769721528509279,0.0006613696850835723
bfo-a7d84a931ad75b81180fb1321625d2044481cdc1305f26da0079240dfc24f3c7,2255,24.644468460644937,24.644468460644937,12.048882824097143,13.10830075271501,4.502392094330561e-05,0.06775404144662994,0.0006645200785368808
bfo-a7d84a931ad75b81180fb1321625d2044481cdc1305f26da0079240dfc24f3c7,2256,1000000.0000027561,24.64391260746282,12.04899407885049,13.10842764179857,4.4831495346365486e-05,0.0677132007561621,0.0006620791048972188
bfo-a7d84a931ad75b81180fb1321625d2044481cdc1305f26da0079240dfc24f3c7,2257,24.64425306873859,24.64425306873859,12.04897775764398,13.108407103029103,4.4986098820623294e-05,0.06772781444140853,0.0006642189651570827
bfo-a7d84a931ad75b81180fb1321625d2044481cdc1305f26da0079240dfc24f3c7,2258,1000000.0000055556,24.643867421992663,12.048969835486826,13.108435481075947,4.4885500059115394e-05,0.06770781633083345,0.0006629293705145678
bfo-a7d84a931ad75b81180fb1321625d2044481cdc1305f26da0079240dfc24f3c7,2259,1000000.0000027826,24.644022973593785,12.049026968707656,13.108471968679305,4.483795395545783e-05,0.06770655986202292,0.000662239435098042
bfo-a7d84a931ad75b81180fb1321625d2044481cdc1305f26da0079240dfc24f3c7,2260,1000000.0,24.643982479978888,12.049027574501318,13.108521972813634,4.491456495631121e-05,0.0676875698698558,0.0006635570614024009
bfo-a7d84a931ad75b81180fb1321625d2044481cdc1305f26da0079240dfc24f3c7,2261,1000000.0000006345,24.64410697342294,12.048967937083702,13.108446411168353,4.48987145811124e-05,0.0677004870647482,0.0006631963303036746
bfo-a7d84a931ad75b81180fb1321625d2044481cdc1305f26da0079240dfc24f3c7,2262,1000000.0000013245,24.64398117447029,12.048908608305977,13.108339466695814,4.497275657955446e-05,0.06774015051669897,0.0006639010429784622
bfo-a7d84a931ad75b81180fb1321625d2044481cdc1305f26da0079240dfc24f3c7,2263,1000000.0,24.64398047005755,12.048989117140858,13.108452376918454,4.48217465547389e-05,0.06770620519699151,0.0006620035257378527
bfo-a7d84a931ad75b81180fb1321625d2044481cdc1305f26da0079240dfc24f3c7,2264,24.643980528023555,24.643980528023555,12.04894881758666,13.10840268003301,4.493422048449038e-05,0.06771696514421088,0.0006635592777791785
bfo-a7d84a931ad75b81180fb1321625d2044481cdc1305f26da0079240dfc24f3c7,2265,1000000.0000008377,24.64421350323007,12.049109942169105,13.10852292476035,4.481514282039267e-05,0.06770744788102634,0.0006618938421536815
bfo-a7d84a931ad75b81180fb1321625d2044481cdc1305f26da0079240dfc24f3c7,2266,24.64364835455389,24.64364835455389,12.048918625172957,13.10845573576876,4.488454735065878e-05,0.06768217225638007,0.0006631664713809142
bfo-a7d84a931ad75b81180fb1321625d2044481cdc1305f26da0079240dfc24f3c7,2267,24.644002075910883,24.644002075910883,12.048886366682897,13.108437480544442,4.4971616414216396e-05,0.06768487933428238,0.0006644263365250365
bfo-a7d84a931ad75b81180fb1321625d2044481cdc1305f26da0079240dfc24f3c7,2268,1000000.000004269,24.643731756297434,12.048875763129455,13.108441971294509,4.4882964143034095e-05,0.0676718874691987,0.000663243864203771
bfo-a7d84a931ad75b81180fb1321625d2044481cdc1305f26da0079240dfc24f3c7,2269,1000000.0,24.64372924362047,12.04871648038631,13.108237825916358,4.5065482866257866e-05,0.06773343637845992,0.0006653358411413665
bfo-a7d84a931ad75b81180fb1321625d2044481cdc1305f26da0079240dfc24f3c7,2270,1000000.0000025234,24.643626684582657,12.048866296204142,13.108418137267462,4.493606956349441e-05,0.06768282016864904,0.0006639213533290236
bfo-a7d84a931ad75b81180fb1321625d2044481cdc1305f26da0079240dfc24f3c7,2271,24.643787732452882,24.643787732452882,12.04905157936422,13.108550358414714,4.476932269918984e-05,0.06767888783621812,0.0006614961346222315
bfo-a7d84a931ad75b81180fb1321625d2044481cdc1305f26da0079240dfc24f3c7,2272,1000000.0000011108,24.643675831490008,12.048970687124655,13.108484715193146,4.4819748717351226e-05,0.0676799363262524,0.0006622309527789268
bfo-a7d84a931ad75b81180fb1321625d2044481cdc1305f26da0079240dfc24f3c7,2273,24.643514542299336,24.643514542299336,12.04892691763066,13.108451790251712,4.4938279284948e-05,0.0676925157516384,0.0006638589035429716
bfo-a7d84a931ad75b81180fb1321625d2044481cdc1305f26da0079240dfc24f3c7,2274,24.643944275701443,24.643944275701443,12.0488966659041,13.10837654044288,4.5029114932637286e-05,0.06772341992692794,0.0006648972391120043
bfo-a7d84a931ad75b81180fb1321625d2044481cdc1305f26da0079240dfc24f3c7,2275,24.643383151357405,24.643383151357405,12.04902094512669,13.108495615798546,4.48619916085572e-05,0.06770241359260486,0.0006626350410269196
bfo-a7d84a931ad75b81180fb1321625d2044481cdc1305f26da0079240dfc24f3c7,2276,24.64339339860852,24.64339339860852,12.049154771306574,13.108546157978871,4.48209791195833e-05,0.06771826222772814,0.0006618743252574304
bfo-a7d84a931ad75b81180fb1321625d2044481cdc1305f26da0079240dfc24f3c7,2277,24.643440105770736,24.643440105770736,12.048927482942423,13.10841439819935,4.4961905993979964e-05,0.06771722020231954,0.0006639656184888681
bfo-a7d84a931ad75b81180fb1321625d2044481cdc1305f26da0079240dfc24f3c7,2278,24.643655993298648,24.643655993298648,12.049015204611761,13.108508965112458,4.488479036689355e-05,0.06770454907691326,0.0006629508796506988
bfo-a7d84a931ad75b81180fb1321625d2044481cdc1305f26da0079240dfc24f3c7,2279,24.64347330531446,24.64347330531446,12.04913826958181,13.108579593540767,4.478014924163501e-05,0.06769557807566944,0.0006614929736116621
bfo-a7d84a931ad75b81180fb1321625d2044481cdc1305f26da0079240dfc24f3c7,2280,24.643300160299795,24.643300160299795,12.049085179095838,13.10853587532728,4.482641738702898e-05,0.06770420441954081,0.000662092077904857
bfo-a7d84a931ad75b81180fb1321625d2044481cdc1305f26da0079240dfc24f3c7,2281,24.643122753910475,24.643122753910475,12.04922191957959,13.108682294483685,4.4717075749360125e-05,0.06767285077040869,0.0006607830945539768
bfo-a7d84a931ad75b81180fb1321625d2044481cdc1305f26da0079240dfc24f3c7,2282,24.643151779987168,24.643151779987168,12.049204876930792,13.108723430602844,4.4749486075972625e-05,0.06765615017420641,0.0006614252504871783
bfo-a7d84a931ad75b81180fb1321625d2044481cdc1305f26da0079240dfc24f3c7,2283,24.643130137586184,24.643130137586184,12.049203087789024,13.108658575932145,4.472478614959929e-05,0.06768078177414062,0.0006608195853713923
bfo-a7d84a931ad75b81180fb1321625d2044481cdc1305f26da0079240dfc24f3c7,2284,24.643203544057453,24.643203544057453,12.04938198278981,13.108737240363453,4.461077450467654e-05,0.06769933054796286,0.0006589544408134317
bfo-a7d84a931ad75b81180fb1321625d2044481cdc1305f26da0079240dfc24f3c7,2285,24.643235069134253,24.643235069134253,12.049280596332483,13.10875387355473,4.470828873303209e-05,0.06766127843829822,0.0006607662427455098
bfo-a7d84a931ad75b81180fb1321625d2044481cdc1305f26da0079240dfc24f3c7,2286,24.643492714155066,24.643492714155066,12.049248657460812,13.108661285247313,4.476401415284498e-05,0.0676945018024203,0.0006612651391319423
bfo-a7d84a931ad75b81180fb1321625d2044481cdc1305f26da0079240dfc24f3c7,2287,24.6430465238654,24.6430465238654,12.049285260959836,13.108773677544958,4.462733383133973e-05,0.0676422948582244,0.0006597548756273996
bfo-a7d84a931ad75b81180fb1321625d2044481cdc1305f26da0079240dfc24f3c7,2288,24.64311201288024,24.64311201288024,12.049422898194964,13.108833142994577,4.452452589215833e-05,0.06765436663864854,0.0006581175481247213
bfo-a7d84a931ad75b81180fb1321625d2044481cdc1305f26da0079240dfc24f3c7,2289,24.642996772463583,24.642996772463583,12.049256485295826,13.108777325328683,4.4642143489645706e-05,0.06763337067943569,0.0006600608995408151
bfo-a7d84a931ad75b81180fb1321625d2044481cdc1305f26da0079240dfc24f3c7,2290,24.642942172604293,24.642942172604293,12.049374271684416,13.108902610920389,4.453577047641629e-05,0.06760498126624084,0.0006587646300947298
bfo-a7d84a931ad75b81180fb1321625d2044481cdc1305f26da0079240dfc24f3c7,2291,24.643024659083824,24.643024659083824,12.049361426154372,13.108936761370895,4.446600532035216e-05,0.06757957223642577,0.0006579799760316437
bfo-a7d84a931ad75b81180fb1321625d2044481cdc1305f26da0079240dfc24f3c7,2292,1000000.0000004763,24.642896159932064,12.04933340052999,13.108896376375476,4.4550927248872396e-05,0.06759306545448894,0.000659104997669753
bfo-a7d84a931ad75b81180fb1321625d2044481cdc1305f26da0079240dfc24f3c7,2293,24.64290538079896,24.64290538079896,12.04943417475489,13.108962744346796,4.449301322541882e-05,0.06759261973232368,0.0006582525341023537
bfo-a7d84a931ad75b81180fb1321625d2044481cdc1305f26da0079240dfc24f3c7,2294,24.642917781457868,24.642917781457868,12.049332996794684,13.10881535164108,4.458988043055508e-05,0.06764197166186457,0.0006592043273583954
bfo-a7d84a931ad75b81180fb1321625d2044481cdc1305f26da0079240dfc24f3c7,2295,24.642985516097205,24.642985516097205,12.04932064898916,13.108849352518956,4.460441020746708e-05,0.06761468405530786,0.000659685256696331
bfo-a7d84a931ad75b81180fb1321625d2044481cdc1305f26da0079240dfc24f3c7,2296,1000000.0,24.64299600570905,12.049598069252317,13.109052316416534,4.436802340177311e-05,0.06760621937559431,0.0006562713284599059
bfo-a7d84a931ad75b81180fb1321625d2044481cdc1305f26da0079240dfc24f3c7,2297,24.642911500473062,24.642911500473062,12.049534022679648,13.109051823211516,4.4434423140062934e-05,0.0675797030842772,0.0006575113697177645
bfo-a7d84a931ad75b81180fb1321625d2044481cdc1305f26da0079240dfc24f3c7,2298,1000000.0,24.64266140405472,12.049243858855828,13.108862150098144,4.460532655081039e-05,0.0675792315281259,0.0006600448916357688
bfo-a7d84a931ad75b81180fb1321625d2044481cdc1305f26da0079240dfc24f3c7,2299,24.642835799755254,24.642835799755254,12.049468869717982,13.1090063855283,4.448129362533308e-05,0.06758287671851688,0.0006581740195907605
bfo-a7d84a931ad75b81180fb1321625d2044481cdc1305f26da0079240dfc24f3c7,2300,24.64291618121807,24.64291618121807,12.049350436064262,13.108909858680459,4.4541907724228756e-05,0.06759215159791698,0.0006589804684602083
bfo-a7d84a931ad75b81180fb1321625d2044481cdc1305f26da0079240dfc24f3c7,2301,24.642852332303534,24.642852332303534,12.049421671575242,13.10898204535555,4.45054650033583e-05,0.06757874566415974,0.0006585719306560271
bfo-a7d84a931ad75b81180fb1321625d2044481cdc1305f26da0079240dfc24f3c7,2302,24.64298003868916,24.64298003868916,12.049600772041696,13.10905799086,4.443672826800105e-05,0.06759948280899683,0.0006573530805488198
bfo-a7d84a931ad75b81180fb1321625d2044481cdc1305f26da0079240dfc24f3c7,2303,24.643012318514927,24.643012318514927,12.049387703178605,13.108990506919312,4.456776952804539e-05,0.06757132626023506,0.0006595662982313403
bfo-a7d84a931ad75b81180fb1321625d2044481cdc1305f26da0079240dfc24f3c7,2304,24.642576661260748,24.642576661260748,12.049444203208726,13.109013574820668,4.4436942577109144e-05,0.06756345012115057,0.000657706829616125
bfo-a7d84a931ad75b81180fb1321625d2044481cdc1305f26da0079240dfc24f3c7,2305,24.642664671198258,24.642664671198258,12.049608782686688,13.109223401348073,4.43385110726653e-05,0.06751317006845775,0.00065673869302399
bfo-a7d84a931ad75b81180fb1321625d2044481cdc1305f26da0079240dfc24f3c7,2306,24.642604766356538,24.642604766356538,12.049468092623208,13.109018251718197,4.4424853875017154e-05,0.06756833960542753,0.0006574803248746498
bfo-a7d84a931ad75b81180fb1321625d2044481cdc1305f26da0079240dfc24f3c7,2307,24.642789376025306,24.642789376025306,12.04927158149927,13.108894481018202,4.461394911983398e-05,0.06757674859800629,0.0006601967399353424
bfo-a7d84a931ad75b81180fb1321625d2044481cdc1305f26da0079240dfc24f3c7,2308,24.642506497074923,24.642506497074923,12.049451243391742,13.109009923364052,4.4419771674084376e-05,0.06756247752715078,0.0006574621491083386
bfo-a7d84a931ad75b81180fb1321625d2044481cdc1305f26da0079240dfc24f3c7,2309,24.642675877495886,24.642675877495886,12.049388444308091,13.108936550530903,4.454985385255612e-05,0.06758168329569374,0.0006592001216902925
bfo-a7d84a931ad75b81180fb1321625d2044481cdc1305f26da0079240dfc24f3c7,2310,24.642491963594388,24.642491963594388,12.049446216514864,13.10899982213639,4.442328573305172e-05,0.06756653906693397,0.0006574746368027572
bfo-a7d84a931ad75b81180fb1321625d2044481cdc1305f26da0079240dfc24f3c7,2311,24.642417969939707,24.642417969939707,12.049563473829782,13.109033899147905,4.435600670703384e-05,0.06758765639771763,0.0006562737794312942
bfo-a7d84a931ad75b81180fb1321625d2044481cdc1305f26da0079240dfc24f3c7,2312,24.64239590813684,24.64239590813684,12.04953892656801,13.108993717191403,4.443931656693247e-05,0.0676058234949742,0.0006573297131753167
bfo-a7d84a931ad75b81180fb1321625d2044481cdc1305f26da0079240dfc24f3c7,2313,24.642158003998656,24.642158003998656,12.049347030250805,13.10888631049996,4.456392828160981e-05,0.06759503034960053,0.0006592781754979
bfo-a7d84a931ad75b81180fb1321625d2044481cdc1305f26da0079240dfc24f3c7,2314,24.642079528101974,24.642079528101974,12.04940670661467,13.108906160564118,4.451938737314112e-05,0.06761008092631582,0.0006584726236559328
bfo-a7d84a931ad75b81180fb1321625d2044481cdc1305f26da0079240dfc24f3c7,2315,24.642089488173035,24.642089488173035,12.049157036995242,13.108700363317105,4.4750156868942624e-05,0.06764231355820641,0.000661570465510985
bfo-a7d84a931ad75b81180fb1321625d2044481cdc1305f26da0079240dfc24f3c7,2316,24.642184237116545,24.642184237116545,12.049308708454555,13.108834636867035,4.46037301389663e-05,0.06761547601321943,0.0006596674721367912
bfo-a7d84a931ad75b81180fb1321625d2044481cdc1305f26da0079240dfc24f3c7,2317,24.642330320389473,24.642330320389473,12.049575588945721,13.1090205567889,4.4409306451469006e-05,0.06760531340606044,0.00065689077106605
bfo-a7d84a931ad75b81180fb1321625d2044481cdc1305f26da0079240dfc24f3c7,2318,24.642088294437983,24.642088294437983,12.049483596271413,13.108954735008899,4.444202803650262e-05,0.06760574464696541,0.0006573705869017076
bfo-a7d84a931ad75b81180fb1321625d2044481cdc1305f26da0079240dfc24f3c7,2319,24.642282283810076,24.642282283810076,12.049515058948813,13.109024486657955,4.445232401365885e-05,0.06759231949972429,0.0006576534781269071
bfo-a7d84a931ad75b81180fb1321625d2044481cdc1305f26da0079240dfc24f3c7,2320,24.642248888057367,24.642248888057367,12.049398067493277,13.108932014365296,4.453053547367636e-05,0.06759644899732214,0.0006587703368181434
bfo-a7d84a931ad75b81180fb1321625d2044481cdc1305f26da0079240dfc24f3c7,2321,24.64176540590512,24.64176540590512,12.049555685108064,13.10904747903773,4.431439590701168e-05,0.06758077365819344,0.0006557248978998487
bfo-a7d84a931ad75b81180fb1321625d2044481cdc1305f26da0079240dfc24f3c7,2322,24.641843442420942,24.641843442420942,12.04947732196259,13.109060992269608,4.441943091636629e-05,0.067557490820062,0.0006575056352326131
bfo-a7d84a931ad75b81180fb1321625d2044481cdc1305f26da0079240dfc24f3c7,2323,24.64176661819228,24.64176661819228,12.049559792948331,13.109030067797043,4.429613763426956e-05,0.06758688305139389,0.0006553954796315467
bfo-a7d84a931ad75b81180fb1321625d2044481cdc1305f26da0079240dfc24f3c7,2324,24.641926351562695,24.641926351562695,12.049656739695768,13.10915646700547,4.425745869529638e-05,0.06755971914041928,0.0006550864813885565
bfo-a7d84a931ad75b81180fb1321625d2044481cdc1305f26da0079240dfc24f3c7,2325,24.64170287693534,24.64170287693534,12.049613051066594,13.109107733403736,4.4251462686666006e-05,0.06756423885544209,0.0006549539140275787
bfo-a7d84a931ad75b81180fb1321625d2044481cdc1305f26da0079240dfc24f3c7,2326,24.64181217905797,24.64181217905797,12.049571439211563,13.109048444468128,4.433868970264218e-05,0.06759263866095401,0.0006559692087927786
bfo-a7d84a931ad75b81180fb1321625d2044481cdc1305f26da0079240dfc24f3c7,2327,24.64180224141206,24.64180224141206,12.049670635655172,13.109189750286852,4.414330313586374e-05,0.0675356790579319,0.0006536293667529093
bfo-a7d84a931ad75b81180fb1321625d2044481cdc1305f26da0079240dfc24f3c7,2328,24.641876672082716,24.641876672082716,12.049709908822814,13.10912099772631,4.423216894516557e-05,0.0675916666983729,0.000654402696452969
bfo-a7d84a931ad75b81180fb1321625d2044481cdc1305f26da0079240dfc24f3c7,2329,24.64167306769044,24.64167306769044,12.049581654118992,13.109117797952504,4.423170713418869e-05,0.0675444085898494,0.0006548537185776151
bfo-a7d84a931ad75b81180fb1321625d2044481cdc1305f26da0079240dfc24f3c7,2330,24.64179892006191,24.64179892006191,12.049571309431139,13.109098945176118,4.4232427022607466e-05,0.06755108733910002,0.0006547996303977299
bfo-a7d84a931ad75b81180fb1321625d2044481cdc1305f26da0079240dfc24f3c7,2331,24.641843069107388,24.641843069107388,12.049605775234427,13.10914575606801,4.418790820155951e-05,0.06753607742454815,0.0006542859740547799
bfo-a7d84a931ad75b81180fb1321625d2044481cdc1305f26da0079240dfc24f3c7,2332,24.64157156251992,24.64157156251992,12.049526557325594,13.1090194764698,4.421756028706267e-05,0.06756984416323358,0.0006543978432189805
bfo-a7d84a931ad75b81180fb1321625d2044481cdc1305f26da0079240dfc24f3c7,2333,24.641784717215852,24.641784717215852,12.04965168742195,13.109121122677905,4.4149036279770685e-05,0.0675583993208831,0.0006534944096303314
bfo-a7d84a931ad75b81180fb1321625d2044481cdc1305f26da0079240dfc24f3c7,2334,24.641659224471454,24.641659224471454,12.049593808971874,13.109029520716284,4.416674071667077e-05,0.06758124284355199,0.0006535354908893152
bfo-a7d84a931ad75b81180fb1321625d2044481cdc1305f26da0079240dfc24f3c7,2335,24.641797444964475,24.641797444964475,12.049429003860585,13.108989351993642,4.426705294613709e-05,0.06755898773605037,0.0006552355864046731
bfo-a7d84a931ad75b81180fb1321625d2044481cdc1305f26da0079240dfc24f3c7,2336,24.64186777701804,24.64186777701804,12.049642713737697,13.109135534946159,4.4164544577954894e-05,0.0675531004289684,0.0006537752419578965
bfo-a7d84a931ad75b81180fb1321625d2044481cdc1305f26da0079240dfc24f3c7,2337,24.641679386498858,24.641679386498858,12.049561319600489,13.1090246640318,4.421156440636361e-05,0.0675705264528889,0.0006543025003244355
bfo-a7d84a931ad75b81180fb1321625d2044481cdc1305f26da0079240dfc24f3c7,2338,24.641590832218682,24.641590832218682,12.049553211566396,13.109059028832025,4.418618677690334e-05,0.06755957680583118,0.0006540329123714931
bfo-a7d84a931ad75b81180fb1321625d2044481cdc1305f26da0079240dfc24f3c7,2339,24.641454024880716,24.641454024880716,12.049764734184595,13.109217606964592,4.400040812823168e-05,0.06754554414519887,0.0006514183679332936
bfo-a7d84a931ad75b81180fb1321625d2044481cdc1305f26da0079240dfc24f3c7,2340,24.641535558650617,24.641535558650617,12.049684294985045,13.109109297094786,4.407679558737086e-05,0.06757214513078254,0.0006522923832307293
bfo-a7d84a931ad75b81180fb1321625d2044481cdc1305f26da0079240dfc24f3c7,2341,24.641595348533976,24.641595348533976,12.049771296317449,13.109226124474704,4.399235097900277e-05,0.06754095459246323,0.0006513433404139626
bfo-a7d84a931ad75b81180fb1321625d2044481cdc1305f26da0079240dfc24f3c7,2342,24.641461648659835,24.641461648659835,12.049821349160688,13.109163056155042,4.396796327077731e-05,0.06759092593036597,0.0006505009757681721
bfo-a7d84a931ad75b81180fb1321625d2044481cdc1305f26da0079240dfc24f3c7,2343,24.641444923530237,24.641444923530237,12.049749871099538,13.109243303197037,4.39971748791597e-05,0.06752925259396396,0.0006515276445261939
bfo-a7d84a931ad75b81180fb1321625d2044481cdc1305f26da0079240dfc24f3c7,2344,24.641501595378415,24.641501595378415,12.049878159967161,13.109365318065906,4.3905934521786284e-05,0.06750676860750335,0.0006503930706128654
bfo-a7d84a931ad75b81180fb1321625d2044481cdc1305f26da0079240dfc24f3c7,2345,24.641372317839675,24.641372317839675,12.04971254016344,13.109233326776383,4.398456775626582e-05,0.06752366607963478,0.0006513948413937143
bfo-a7d84a931ad75b81180fb1321625d2044481cdc1305f26da0079240dfc24f3c7,2346,1000000.0,24.641482542368852,12.049831311018144,13.109336519346012,4.3874797782692454e-05,0.06750128820516452,0.0006499845995433254
bfo-a7d84a931ad75b81180fb1321625d2044481cdc1305f26da0079240dfc24f3c7,2347,24.641384418016763,24.641384418016763,12.049648079742996,13.109163055551535,4.400456705849102e-05,0.06753516950921588,0.0006515800193925053
bfo-a7d84a931ad75b81180fb1321625d2044481cdc1305f26da0079240dfc24f3c7,2348,24.64124715987699,24.64124715987699,12.049714049292431,13.109211384868441,4.390986938543856e-05,0.0675317294381552,0.0006502109415937692
bfo-a7d84a931ad75b81180fb1321625d2044481cdc1305f26da0079240dfc24f3c7,2349,24.641583507182233,24.641583507182233,12.04974060951183,13.109151053704306,4.392591099291752e-05,0.06757231088016588,0.0006500578479669969
bfo-a7d84a931ad75b81180fb1321625d2044481cdc1305f26da0079240dfc24f3c7,2350,24.64128223164647,24.64128223164647,12.049643424425835,13.109165308405736,4.3967368102538754e-05,0.06753195856292116,0.0006510601652634329
bfo-a7d84a931ad75b81180fb1321625d2044481cdc1305f26da0079240dfc24f3c7,2351,1000000.0,24.641154362381386,12.049555297794454,13.10907617640176,4.4107793251415465e-05,0.06756638457421851,0.0006528067696587364
bfo-a7d84a931ad75b81180fb1321625d2044481cdc1305f26da0079240dfc24f3c7,2352,24.641349700471025,24.641349700471025,12.04971385214266,13.109234172410886,4.3903756328822206e-05,0.06751924517883048,0.0006502406271358538
bfo-a7d84a931ad75b81180fb1321625d2044481cdc1305f26da0079240dfc24f3c7,2353,24.641541089880604,24.641541089880604,12.049618476429682,13.109168965865788,4.402614885180008e-05,0.06753037486730787,0.0006519458678899409
bfo-a7d84a931ad75b81180fb1321625d2044481cdc1305f26da0079240dfc24f3c7,2354,24.641211438680227,24.641211438680227,12.049802336346996,13.109275434190959,4.3826528573468954e-05,0.0675296556654026,0.0006489967724790658
bfo-a7d84a931ad75b81180fb1321625d2044481cdc1305f26da0079240dfc24f3c7,2355,24.64139102395272,24.64139102395272,12.049982131323162,13.109401815025103,4.3682650953015686e-05,0.0675130504119226,0.0006470252889847421
bfo-a7d84a931ad75b81180fb1321625d2044481cdc1305f26da0079240dfc24f3c7,2356,24.641267064911617,24.641267064911617,12.049747906324667,13.109244581719727,4.389593905209615e-05,0.06753342073077831,0.0006499883846708598
bfo-a7d84a931ad75b81180fb1321625d2044481cdc1305f26da0079240dfc24f3c7,2357,24.64097236001067,24.64097236001067,12.049811256970875,13.109326209502065,4.377865709979287e-05,0.06750338535617188,0.0006485401712640203
bfo-a7d84a931ad75b81180fb1321625d2044481cdc1305f26da0079240dfc24f3c7,2358,24.64147036441664,24.64147036441664,12.050085590687729,13.109563124005938,4.358878358977228e-05,0.06747140534220307,0.00064603343251408
bfo-a7d84a931ad75b81180fb1321625d2044481cdc1305f26da0079240dfc24f3c7,2359,24.640775695105532,24.640775695105532,12.049783131038156,13.109335354753533,4.381117337327946e-05,0.06749360389924997,0.0006491159286541864
bfo-a7d84a931ad75b81180fb1321625d2044481cdc1305f26da0079240dfc24f3c7,2360,24.640543268912772,24.640543268912772,12.04952042096131,13.10918032106447,4.393386234143886e-05,0.06748594580529461,0.0006510075811665075
bfo-a7d84a931ad75b81180fb1321625d2044481cdc1305f26da0079240dfc24f3c7,2361,24.640521481586443,24.640521481586443,12.049476438098722,13.109205503271955,4.397983356281249e-05,0.06746369025703446,0.0006519037632725213
bfo-a7d84a931ad75b81180fb1321625d2044481cdc1305f26da0079240dfc24f3c7,2362,24.640859531229427,24.640859531229427,12.049672371926054,13.109378837589738,4.3803269231338565e-05,0.06742794123468987,0.0006496308270613927
bfo-a7d84a931ad75b81180fb1321625d2044481cdc1305f26da0079240dfc24f3c7,2363,24.64054836859351,24.64054836859351,12.049423986290565,13.10913284165086,4.4041073992302113e-05,0.0674850108120544,0.0006526052743024137
bfo-a7d84a931ad75b81180fb1321625d2044481cdc1305f26da0079240dfc24f3c7,2364,1000000.0,24.64047015266532,12.04968710286667,13.10934494433653,4.382476381281597e-05,0.0674555457537276,0.0006496836297613707
bfo-a7d84a931ad75b81180fb1321625d2044481cdc1305f26da0079240dfc24f3c7,2365,24.640443115381434,24.640443115381434,12.049491175007187,13.10920867319437,4.396471244532461e-05,0.06746966010381879,0.0006516219642677022
bfo-a7d84a931ad75b81180fb1321625d2044481cdc1305f26da0079240dfc24f3c7,2366,24.64068708497212,24.64068708497212,12.04960060320107,13.109360541110105,4.382787813251146e-05,0.0674242623068836,0.0006500312592672876
bfo-a7d84a931ad75b81180fb1321625d2044481cdc1305f26da0079240dfc24f3c7,2367,24.64040130605749,24.64040130605749,12.049480561395033,13.109254473624535,4.392572694367617e-05,0.06744462490018029,0.0006512858068183689
bfo-a7d84a931ad75b81180fb1321625d2044481cdc1305f26da0079240dfc24f3c7,2368,1000000.0,24.640633550363425,12.049374870731997,13.109201042713371,4.407046365274859e-05,0.06745112177613602,0.0006533688764882866
bfo-a7d84a931ad75b81180fb1321625d2044481cdc1305f26da0079240dfc24f3c7,2369,24.640510556684397,24.640510556684397,12.04945444775452,13.10924883117925,4.395595684515964e-05,0.06744444629404711,0.0006517357508358601
bfo-a7d84a931ad75b81180fb1321625d2044481cdc1305f26da0079240dfc24f3c7,2370,24.640282137308972,24.640282137308972,12.049395910004122,13.109150961099571,4.403053404654847e-05,0.06747194772653065,0.0006525754114140568
bfo-a7d84a931ad75b81180fb1321625d2044481cdc1305f26da0079240dfc24f3c7,2371,24.640183338479055,24.640183338479055,12.049173942834175,13.108944221512033,4.42721379377538e-05,0.06750914292670261,0.000655794697109721
bfo-a7d84a931ad75b81180fb1321625d2044481cdc1305f26da0079240dfc24f3c7,2372,1000000.0,24.640064102727955,12.049294969515751,13.109068880183294,4.4229334830892924e-05,0.06748876687002224,0.0006553584675220833
bfo-a7d84a931ad75b81180fb1321625d2044481cdc1305f26da0079240dfc24f3c7,2373,24.640016614250623,24.640016614250623,12.049080129836268,13.108825964360806,4.4319000671485166e-05,0.06753826085689528,0.0006562058322080771
bfo-a7d84a931ad75b81180fb1321625d2044481cdc1305f26da0079240dfc24f3c7,2374,24.640201621023877,24.640201621023877,12.04911939968623,13.108878554495053,4.4271413190216664e-05,0.0675214726657696,0.000655664212321902
bfo-a7d84a931ad75b81180fb1321625d2044481cdc1305f26da0079240dfc24f3c7,2375,24.640093124768185,24.640093124768185,12.04910467434872,13.108825873325333,4.429448254054222e-05,0.06754479910082033,0.0006557793217272929
bfo-a7d84a931ad75b81180fb1321625d2044481cdc1305f26da0079240dfc24f3c7,2376,24.640237273326967,24.640237273326967,12.049080708365612,13.10884352532927,4.425689186654371e-05,0.06752313790661003,0.0006554329854716553
bfo-a7d84a931ad75b81180fb1321625d2044481cdc1305f26da0079240dfc24f3c7,2377,24.6401395385605,24.6401395385605,12.049041887881302,13.108795797197747,4.4382512495257634e-05,0.06754784867157161,0.0006570529390366298
bfo-a7d84a931ad75b81180fb1321625d2044481cdc1305f26da0079240dfc24f3c7,2378,24.64030900250777,24.64030900250777,12.049135759644216,13.108815777481805,4.4261163204379104e-05,0.06756013050918713,0.0006551373253839448
bfo-a7d84a931ad75b81180fb1321625d2044481cdc1305f26da0079240dfc24f3c7,2379,24.640030153973466,24.640030153973466,12.049178742026903,13.108871698468507,4.4233727070037824e-05,0.06754360749132048,0.0006548913911019925
bfo-a7d84a931ad75b81180fb1321625d2044481cdc1305f26da0079240dfc24f3c7,2380,24.640339160433,24.640339160433,12.04904230672654,13.108821250615302,4.427014242710916e-05,0.06752604233063557,0.0006556010229408106
bfo-a7d84a931ad75b81180fb1321625d2044481cdc1305f26da0079240dfc24f3c7,2381,24.63994666045577,24.63994666045577,12.04903704978868,13.10881840640468,4.4341819125647703e-05,0.06752945453489309,0.0006566293098478365
bfo-a7d84a931ad75b81180fb1321625d2044481cdc1305f26da0079240dfc24f3c7,2382,24.640253629296467,24.640253629296467,12.048941304449746,13.108784100604455,4.444002648611827e-05,0.06751601322596067,0.0006582146125451403
bfo-a7d84a931ad75b81180fb1321625d2044481cdc1305f26da0079240dfc24f3c7,2383,24.640012788858684,24.640012788858684,12.049000454047617,13.108782118029154,4.437551848529524e-05,0.06753768168158733,0.0006570482933439697
bfo-a7d84a931ad75b81180fb1321625d2044481cdc1305f26da0079240dfc24f3c7,2384,24.639766387289566,24.639766387289566,12.048882153106165,13.108736326106463,4.4384182104501137e-05,0.06751244168841557,0.0006574222616528029
bfo-a7d84a931ad75b81180fb1321625d2044481cdc1305f26da0079240dfc24f3c7,2385,24.64008394968647,24.64008394968647,12.048723639914632,13.108622941794197,4.453964024145862e-05,0.06752882215298257,0.00065956489127793
bfo-a7d84a931ad75b81180fb1321625d2044481cdc1305f26da0079240dfc24f3c7,2386,1000000.0000036774,24.639728186383316,12.048853462326855,13.108707855141452,4.440771057973542e-05,0.06751809778783319,0.0006577156649063316
bfo-a7d84a931ad75b81180fb1321625d2044481cdc1305f26da0079240dfc24f3c7,2387,1000000.0,24.639909720930348,12.049018990166475,13.108842865288654,4.427827921655532e-05,0.06750015089876485,0.000655973040459759
bfo-a7d84a931ad75b81180fb1321625d2044481cdc1305f26da0079240dfc24f3c7,2388,1000000.000001364,24.639938706257276,12.04888758110469,13.108733326397791,4.4390159808903e-05,0.06751718111023762,0.0006574646494264276
bfo-a7d84a931ad75b81180fb1321625d2044481cdc1305f26da0079240dfc24f3c7,2389,24.63963515486634,24.63963515486634,12.04889732319209,13.108772888956242,4.434767257905017e-05,0.06749722647746437,0.0006570295535603488
bfo-a7d84a931ad75b81180fb1321625d2044481cdc1305f26da0079240dfc24f3c7,2390,24.639034539409963,24.639034539409963,12.048748952868221,13.108674890755228,4.44271861910858e-05,0.0674975530558881,0.0006582043967475384
bfo-a7d84a931ad75b81180fb1321625d2044481cdc1305f26da0079240dfc24f3c7,2391,24.639100968878502,24.639100968878502,12.048746056804681,13.108664535297745,4.4463753662125435e-05,0.06750993748539082,0.0006586253123363863
bfo-a7d84a931ad75b81180fb1321625d2044481cdc1305f26da0079240dfc24f3c7,2392,24.639053237731094,24.639053237731094,12.048748865548655,13.108648493367605,4.4422285336123045e-05,0.06750917504673977,0.0006580184886775377
bfo-a7d84a931ad75b81180fb1321625d2044481cdc1305f26da0079240dfc24f3c7,2393,24.639114453329192,24.639114453329192,12.048786981383506,13.1087470852529,4.446290681769865e-05,0.06748322602195135,0.0006588734629141097
bfo-a7d84a931ad75b81180fb1321625d2044481cdc1305f26da0079240dfc24f3c7,2394,24.6390275347191,24.6390275347191,12.048763916257839,13.108679430642367,4.4441041572246266e-05,0.06749884749796321,0.0006583970426100576
bfo-a7d84a931ad75b81180fb1321625d2044481cdc1305f26da0079240dfc24f3c7,2395,24.638617368243345,24.638617368243345,12.048735317295979,13.108669723741544,4.4452762577530874e-05,0.06749377306115323,0.0006586202039298369
bfo-a7d84a931ad75b81180fb1321625d2044481cdc1305f26da0079240dfc24f3c7,2396,1000000.0,24.63846303855592,12.048674781739042,13.108647173538802,4.452971891403854e-05,0.06749194960929593,0.0006597782279489122
bfo-a7d84a931ad75b81180fb1321625d2044481cdc1305f26da0079240dfc24f3c7,2397,24.638493737807224,24.638493737807224,12.048726026089845,13.108637094292725,4.4461790834982434e-05,0.06750818470190602,0.0006586133374984249
bfo-a7d84a931ad75b81180fb1321625d2044481cdc1305f26da0079240dfc24f3c7,2398,24.638312877998107,24.638312877998107,12.048839895037627,13.108742937018157,4.4363357509120366e-05,0.06748864130185792,0.0006573455422031007
bfo-a7d84a931ad75b81180fb1321625d2044481cdc1305f26da0079240dfc24f3c7,2399,1000000.0,24.638305576479645,12.048602961778743,13.108487517028621,4.462778347424753e-05,0.06755266862635366,0.0006606368687089489
bfo-a7d84a931ad75b81180fb1321625d2044481cdc1305f26da0079240dfc24f3c7,2400,24.638354735246747,24.638354735246747,12.048855394851183,13.108727615435042,4.432455329568289e-05,0.0674980254925679,0.000656679257981604
bfo-a7d84a931ad75b81180fb1321625d2044481cdc1305f26da0079240dfc24f3c7,2401,24.638968757372567,24.638968757372567,12.049019025443181,13.108877521956044,4.4348143483258074e-05,0.06748383555508271,0.0006571669069855928
bfo-a7d84a931ad75b81180fb1321625d2044481cdc1305f26da0079240dfc24f3c7,2402,24.638247311995276,24.638247311995276,12.048771584808518,13.108706187394457,4.438856661062552e-05,0.06748484328314296,0.0006577560893841972
bfo-a7d84a931ad75b81180fb1321625d2044481cdc1305f26da0079240dfc24f3c7,2403,1000000.0,24.638425657242102,12.04879062806713,13.108674247670066,4.436443290491912e-05,0.06750023342685679,0.000657248584969597
bfo-a7d84a931ad75b81180fb1321625d2044481cdc1305f26da0079240dfc24f3c7,2404,1000000.0000003158,24.638216170315058,12.048816498976201,13.108740628543273,4.431164897607251e-05,0.06747759840769023,0.0006566868119453173
bfo-a7d84a931ad75b81180fb1321625d2044481cdc1305f26da0079240dfc24f3c7,2405,1000000.0,24.638498304026694,12.04879195544524,13.10875113676876,4.4387909863685724e-05,0.067470188279412,0.0006578892247916011
bfo-a7d84a931ad75b81180fb1321625d2044481cdc1305f26da0079240dfc24f3c7,2406,24.638268504604575,24.638268504604575,12.048844252212904,13.108728657102851,4.432634941805455e-05,0.06749212715211055,0.0006567632594858646
bfo-a7d84a931ad75b81180fb1321625d2044481cdc1305f26da0079240dfc24f3c7,2407,1000000.0000014086,24.63806341957118,12.0488627881426,13.108782678000916,4.4286928041173703e-05,0.06747334720172868,0.0006563618062220436
bfo-a7d84a931ad75b81180fb1321625d2044481cdc1305f26da0079240dfc24f3c7,2408,1000000.0000007037,24.638262794137518,12.048779132814,13.108667295804981,4.4412780406182786e-05,0.06751017427178717,0.0006578679567228299
bfo-a7d84a931ad75b81180fb1321625d2044481cdc1305f26da0079240dfc24f3c7,2409,1000000.0000005366,24.638203725617515,12.048765798771496,13.108741811914346,4.4377997059422315e-05,0.0674647214804025,0.0006577956016955241
bfo-a7d84a931ad75b81180fb1321625d2044481cdc1305f26da0079240dfc24f3c7,2410,1000000.0000005892,24.638276377070646,12.048757931226044,13.108706242169465,4.4363825457907745e-05,0.06747873784291596,0.0006574489517154646
bfo-a7d84a931ad75b81180fb1321625d2044481cdc1305f26da0079240dfc24f3c7,2411,1000000.0000006455,24.638194515454188,12.048748663910171,13.10865334351197,4.4410495116236486e-05,0.06750648590029175,0.0006578700479511192
bfo-a7d84a931ad75b81180fb1321625d2044481cdc1305f26da0079240dfc24f3c7,2412,1000000.0,24.638386193462974,12.048909154703697,13.108842477210619,4.4331061020459484e-05,0.06745674929267871,0.0006571775468770013
bfo-a7d84a931ad75b81180fb1321625d2044481cdc1305f26da0079240dfc24f3c7,2413,1000000.0000005958,24.63825631205155,12.048860827572877,13.108740941352181,4.4349178146079816e-05,0.06749582250774616,0.0006570655264033575
bfo-a7d84a931ad75b81180fb1321625d2044481cdc1305f26da0079240dfc24f3c7,2414,1000000.0000041806,24.638153391411283,12.048748673575558,13.108671421760036,4.439297774585008e-05,0.0674942959935427,0.0006577293250098828
bfo-a7d84a931ad75b81180fb1321625d2044481cdc1305f26da0079240dfc24f3c7,2415,24.63813056134702,24.63813056134702,12.048779974385617,13.10871362329263,4.4424781315745555e-05,0.06748645753179602,0.0006582769779376102
bfo-a7d84a931ad75b81180fb1321625d2044481cdc1305f26da0079240dfc24f3c7,2416,24.63809046429224,24.63809046429224,12.048716890376609,13.108738049231986,4.452511821887612e-05,0.06746044243583146,0.0006600181767445199
bfo-a7d84a931ad75b81180fb1321625d2044481cdc1305f26da0079240dfc24f3c7,2417,24.638080528644235,24.638080528644235,12.048978203293169,13.108893505159672,4.43314850997106e-05,0.06745804761251374,0.0006571711851839443
bfo-a7d84a931ad75b81180fb1321625d2044481cdc1305f26da0079240dfc24f3c7,2418,24.63843334894061,24.63843334894061,12.048977350377402,13.108824259728074,4.434539089421075e-05,0.06748966913730263,0.0006570693183277193
bfo-a7d84a931ad75b81180fb1321625d2044481cdc1305f26da0079240dfc24f3c7,2419,24.638047938879012,24.638047938879012,12.049108380350576,13.109034494774079,4.422666361066465e-05,0.0674286874621502,0.00065590278077844
bfo-a7d84a931ad75b81180fb1321625d2044481cdc1305f26da0079240dfc24f3c7,2420,24.63815240106065,24.63815240106065,12.049137073322195,13.109077640760958,4.423658657441406e-05,0.06742108695891143,0.0006561239008408935
bfo-a7d84a931ad75b81180fb1321625d2044481cdc1305f26da0079240dfc24f3c7,2421,1000000.0000004859,24.638070746113495,12.049186021461784,13.109072108602081,4.417151580182305e-05,0.06743307356641715,0.0006550423029185672
bfo-a7d84a931ad75b81180fb1321625d2044481cdc1305f26da0079240dfc24f3c7,2422,24.63819909956426,24.63819909956426,12.048982148701656,13.108982634879638,4.4402913511353665e-05,0.06742403387280949,0.0006585621025748254
bfo-a7d84a931ad75b81180fb1321625d2044481cdc1305f26da0079240dfc24f3c7,2423,24.637997484255457,24.637997484255457,12.04912525306103,13.109026055226906,4.419958966270729e-05,0.06743455692894919,0.0006554442065850174
bfo-a7d84a931ad75b81180fb1321625d2044481cdc1305f26da0079240dfc24f3c7,2424,24.638258164375657,24.638258164375657,12.049133181695545,13.10906925734676,4.4110189306295984e-05,0.0674064216230862,0.0006543914992690929
bfo-a7d84a931ad75b81180fb1321625d2044481cdc1305f26da0079240dfc24f3c7,2425,1000000.0000033795,24.637819212515904,12.049146252234548,13.109033487316077,4.414629418441448e-05,0.06743107922732364,0.0006546876409257592
bfo-a7d84a931ad75b81180fb1321625d2044481cdc1305f26da0079240dfc24f3c7,2426,24.638286294151982,24.638286294151982,12.048984757461692,13.108876162797023,4.437846144998477e-05,0.06747191934987157,0.0006577323111243203
bfo-a7d84a931ad75b81180fb1321625d2044481cdc1305f26da0079240dfc24f3c7,2427,1000000.0000000355,24.637945253411836,12.049041998845313,13.108920091406155,4.424923870714069e-05,0.06745994284082839,0.0006559335339424567
bfo-a7d84a931ad75b81180fb1321625d2044481cdc1305f26da0079240dfc24f3c7,2428,24.638290822155582,24.638290822155582,12.049185903163604,13.109139287638296,4.4172819672504706e-05,0.06739815955258506,0.00065540097779733
bfo-a7d84a931ad75b81180fb1321625d2044481cdc1305f26da0079240dfc24f3c7,2429,1000000.0000032274,24.63792225945983,12.049206156770742,13.10908187465354,4.411820322202191e-05,0.06742815219190518,0.00065429945486951
bfo-a7d84a931ad75b81180fb1321625d2044481cdc1305f26da0079240dfc24f3c7,2430,24.63765436532732,24.63765436532732,12.048904739211794,13.108895290828045,4.431982070593032e-05,0.06743450419049365,0.0006572276498205225
bfo-a7d84a931ad75b81180fb1321625d2044481cdc1305f26da0079240dfc24f3c7,2431,1000000.0,24.63781291150813,12.0486393263116,13.108722131927294,4.4515118194881396e-05,0.06744039189176552,0.0006600661257473608
bfo-a7d84a931ad75b81180fb1321625d2044481cdc1305f26da0079240dfc24f3c7,2432,1000000.000005296,24.637588366761058,12.04892962882152,13.108927930674463,4.426591958399853e-05,0.06742511669642064,0.0006565197325991199
bfo-a7d84a931ad75b81180fb1321625d2044481cdc1305f26da0079240dfc24f3c7,2433,24.638067497059144,24.638067497059144,12.04890835373964,13.10895174815949,4.4404351712409234e-05,0.06741624400413483,0.0006586595318138132
bfo-a7d84a931ad75b81180fb1321625d2044481cdc1305f26da0079240dfc24f3c7,2434,1000000.0000002023,24.63763194922229,12.048878074538695,13.108888337308422,4.433635910155298e-05,0.06742999239477501,0.0006575168931056932
bfo-a7d84a931ad75b81180fb1321625d2044481cdc1305f26da0079240dfc24f3c7,2435,1000000.0,24.638075912656564,12.048975321962926,13.108942454509334,4.4332515088171885e-05,0.06743886575916079,0.0006573733794173403
bfo-a7d84a931ad75b81180fb1321625d2044481cdc1305f26da0079240dfc24f3c7,2436,1000000.0000022434,24.637733671489585,12.048891410607935,13.10889370370952,4.4346087416820126e-05,0.0674364034058285,0.0006575986437169232
bfo-a7d84a931ad75b81180fb1321625d2044481cdc1305f26da0079240dfc24f3c7,2437,1000000.0,24.637843313396655,12.048920415069949,13.108942029649619,4.434555870734377e-05,0.06741855770600018,0.0006577648679570768
bfo-a7d84a931ad75b81180fb1321625d2044481cdc1305f26da0079240dfc24f3c7,2438,1000000.0000012404,24.63761764432227,12.048954190405047,13.108905947163072,4.429253283537187e-05,0.06744556144355571,0.0006567153106500522
bfo-a7d84a931ad75b81180fb1321625d2044481cdc1305f26da0079240dfc24f3c7,2439,1000000.0000007151,24.637747065813528,12.048964165402491,13.108937676608697,4.425914352049811e-05,0.06743153963919946,0.0006563567101880213
bfo-a7d84a931ad75b81180fb1321625d2044481cdc1305f26da0079240dfc24f3c7,2440,24.637578696012362,24.637578696012362,12.048764408511481,13.108778881213835,4.444520182085173e-05,0.06745256853824656,0.0006589104430567484
bfo-a7d84a931ad75b81180fb1321625d2044481cdc1305f26da0079240dfc24f3c7,2441,24.637581713919005,24.637581713919005,12.048802705105276,13.108801414734522,4.441401978389565e-05,0.06745610029997474,0.0006584136881080906
bfo-a7d84a931ad75b81180fb1321625d2044481cdc1305f26da0079240dfc24f3c7,2442,24.637649830354704,24.637649830354704,12.048842454241164,13.10882486618901,4.439344368674109e-05,0.06745390634773478,0.0006581300637784619
bfo-a7d84a931ad75b81180fb1321625d2044481cdc1305f26da0079240dfc24f3c7,2443,1000000.0000013756,24.637515572866295,12.048710994180453,13.108728793245872,4.447540486010048e-05,0.06745665543424031,0.0006593182625761374
bfo-a7d84a931ad75b81180fb1321625d2044481cdc1305f26da0079240dfc24f3c7,2444,24.63763932909101,24.63763932909101,12.048676281254693,13.108735039329295,4.452344651501315e-05,0.06745074361253667,0.0006600882974807981
bfo-a7d84a931ad75b81180fb1321625d2044481cdc1305f26da0079240dfc24f3c7,2445,1000000.0000007326,24.637699853375132,12.048793358502898,13.108820790903255,4.443627198090298e-05,0.06744274773940984,0.0006588739852741329
bfo-a7d84a931ad75b81180fb1321625d2044481cdc1305f26da0079240dfc24f3c7,2446,24.63740287997834,24.63740287997834,12.048874577213537,13.108874246808465,4.431698188279008e-05,0.06743688087504779,0.000657162391079504
bfo-a7d84a931ad75b81180fb1321625d2044481cdc1305f26da0079240dfc24f3c7,2447,24.63743203380225,24.63743203380225,12.048914536978724,13.10888156937114,4.431502363498078e-05,0.06744727576796083,0.0006570320762463106
bfo-a7d84a931ad75b81180fb1321625d2044481cdc1305f26da0079240dfc24f3c7,2448,24.637436410242564,24.637436410242564,12.0488354451913,13.108881445182831,4.436784999255645e-05,0.06742498495468913,0.0006580327755708436
bfo-a7d84a931ad75b81180fb1321625d2044481cdc1305f26da0079240dfc24f3c7,2449,1000000.0000055663,24.637340297542558,12.04882048180128,13.108821051421323,4.4351514439706765e-05,0.06744557589105338,0.0006575896766208793
bfo-a7d84a931ad75b81180fb1321625d2044481cdc1305f26da0079240dfc24f3c7,2450,24.63739208215061,24.63739208215061,12.048889611866871,13.10890904496376,4.425838609538784e-05,0.06741734072947876,0.0006564837120019407
bfo-a7d84a931ad75b81180fb1321625d2044481cdc1305f26da0079240dfc24f3c7,2451,24.637397229031322,24.637397229031322,12.048879416413234,13.108927731573301,4.427852915259578e-05,0.06740842510782187,0.0006568693613857749
bfo-a7d84a931ad75b81180fb1321625d2044481cdc1305f26da0079240dfc24f3c7,2452,24.63737564312389,24.63737564312389,12.048890844547243,13.108920511651466,4.4241670948350134e-05,0.0674107971495775,0.0006562994775181564
bfo-a7d84a931ad75b81180fb1321625d2044481cdc1305f26da0079240dfc24f3c7,2453,24.637343196146407,24.637343196146407,12.048815684254071,13.108826676518145,4.43619742150991e-05,0.06744221238606474,0.0006577775646082661
bfo-a7d84a931ad75b81180fb1321625d2044481cdc1305f26da0079240dfc24f3c7,2454,24.63733464948748,24.63733464948748,12.04885430359868,13.108860986789004,4.4337490073716925e-05,0.06743828951532331,0.0006574527674466383
bfo-a7d84a931ad75b81180fb1321625d2044481cdc1305f26da0079240dfc24f3c7,2455,24.637384563986366,24.637384563986366,12.048879517760675,13.108882808000164,4.432765721705398e-05,0.0674349080662047,0.0006573399221295741
bfo-a7d84a931ad75b81180fb1321625d2044481cdc1305f26da0079240dfc24f3c7,2456,24.63726339492715,24.63726339492715,12.048845719432288,13.108832080636596,4.4327033148240335e-05,0.06744767688376986,0.0006572062255698963
bfo-a7d84a931ad75b81180fb1321625d2044481cdc1305f26da0079240dfc24f3c7,2457,24.63723981747775,24.63723981747775,12.048850424893358,13.108900750516035,4.4246551960793114e-05,0.06740907089023153,0.0006563886933383772
bfo-a7d84a931ad75b81180fb1321625d2044481cdc1305f26da0079240dfc24f3c7,2458,24.637560990824817,24.637560990824817,12.048796332172692,13.108891385035115,4.435424550764194e-05,0.06740990192721664,0.0006579781937011539
bfo-a7d84a931ad75b81180fb1321625d2044481cdc1305f26da0079240dfc24f3c7,2459,24.637226851327952,24.637226851327952,12.048831398474903,13.108871119868105,4.426869950420584e-05,0.06741415362024543,0.0006566677341019278
bfo-a7d84a931ad75b81180fb1321625d2044481cdc1305f26da0079240dfc24f3c7,2460,24.63748894887038,24.63748894887038,12.0490226653648,13.109066155094656,4.4118866708674204e-05,0.06738197896226693,0.0006547576575834946
bfo-a7d84a931ad75b81180fb1321625d2044481cdc1305f26da0079240dfc24f3c7,2461,24.63726833955449,24.63726833955449,12.04874469299417,13.108823768209378,4.431969831480469e-05,0.06741280378845883,0.0006574373980034974
bfo-a7d84a931ad75b81180fb1321625d2044481cdc1305f26da0079240dfc24f3c7,2462,24.637161514874933,24.637161514874933,12.048718668781913,13.108782113474408,4.4347581857449525e-05,0.06742114406360007,0.0006577696429419135
bfo-a7d84a931ad75b81180fb1321625d2044481cdc1305f26da0079240dfc24f3c7,2463,24.63742425068262,24.63742425068262,12.048600149262713,13.10872505283533,4.448347251070118e-05,0.06741596017103288,0.0006598359260603505
bfo-a7d84a931ad75b81180fb1321625d2044481cdc1305f26da0079240dfc24f3c7,2464,24.63713333654592,24.63713333654592,12.048695776750668,13.10871198671646,4.436060301235313e-05,0.06744287560157439,0.0006577507648757131
bfo-a7d84a931ad75b81180fb1321625d2044481cdc1305f26da0079240dfc24f3c7,2465,24.637057523536456,24.637057523536456,12.048583958274856,13.108613247964428,4.4434776754998404e-05,0.06745972763990185,0.0006586859791695277
bfo-a7d84a931ad75b81180fb1321625d2044481cdc1305f26da0079240dfc24f3c7,2466,24.636971967107907,24.636971967107907,12.048330568019683,13.108398777557838,4.462803465428148e-05,0.0674818094751957,0.0006613342914387234
bfo-a7d84a931ad75b81180fb1321625d2044481cdc1305f26da0079240dfc24f3c7,2467,24.637308982257203,24.637308982257203,12.048168483950949,13.108317143710131,4.4811388824372095e-05,0.06747919180450483,0.0006640771417979629
bfo-a7d84a931ad75b81180fb1321625d2044481cdc1305f26da0079240dfc24f3c7,2468,24.63683570908614,24.63683570908614,12.04824760302171,13.10833189835787,4.46692492898775e-05,0.06748710311156313,0.000661893120764639
bfo-a7d84a931ad75b81180fb1321625d2044481cdc1305f26da0079240dfc24f3c7,2469,24.636699404957188,24.636699404957188,12.048378851782786,13.108451405865178,4.4548951345187416e-05,0.06746532516185227,0.0006603236735065387
bfo-a7d84a931ad75b81180fb1321625d2044481cdc1305f26da0079240dfc24f3c7,2470,24.636948081442714,24.636948081442714,12.04864729841038,13.108610547567555,4.436121922126183e-05,0.06746656363763563,0.0006575289570034558
bfo-a7d84a931ad75b81180fb1321625d2044481cdc1305f26da0079240dfc24f3c7,2471,24.63669733634695,24.63669733634695,12.048404395144079,13.108420816185749,4.453437506393378e-05,0.06748884269048555,0.0006598775929256252
bfo-a7d84a931ad75b81180fb1321625d2044481cdc1305f26da0079240dfc24f3c7,2472,24.63675947838088,24.63675947838088,12.048252557636731,13.108249471093647,4.46437316474403e-05,0.0675277263431572,0.0006611170561344421
bfo-a7d84a931ad75b81180fb1321625d2044481cdc1305f26da0079240dfc24f3c7,2473,24.636505764265586,24.636505764265586,12.048455802563165,13.108454442463952,4.4464773990538564e-05,0.06748567313466981,0.0006588772390520235
bfo-a7d84a931ad75b81180fb1321625d2044481cdc1305f26da0079240dfc24f3c7,2474,1000000.0,24.636241109931746,12.048466072261986,13.10842230540551,4.442531951779986e-05,0.0674952092662866,0.000658199596693302
bfo-a7d84a931ad75b81180fb1321625d2044481cdc1305f26da0079240dfc24f3c7,2475,24.636542728155277,24.636542728155277,12.048416584751806,13.108399219926238,4.450001177460651e-05,0.0675000691369749,0.0006592587584511152
bfo-a7d84a931ad75b81180fb1321625d2044481cdc1305f26da0079240dfc24f3c7,2476,24.63657596166781,24.63657596166781,12.048574293129128,13.108551821457155,4.443547974251028e-05,0.06747853575585286,0.0006585128032902833
bfo-a7d84a931ad75b81180fb1321625d2044481cdc1305f26da0079240dfc24f3c7,2477,24.6365075403055,24.6365075403055,12.048515351794368,13.108510653968331,4.442082889434045e-05,0.06747534142993244,0.0006583268487862015
bfo-a7d84a931ad75b81180fb1321625d2044481cdc1305f26da0079240dfc24f3c7,2478,24.63646097743044,24.63646097743044,12.048354804206639,13.108405205077514,4.45423389190817e-05,0.06747740300205955,0.0006601074869126509
bfo-a7d84a931ad75b81180fb1321625d2044481cdc1305f26da0079240dfc24f3c7,2479,24.636604432101926,24.636604432101926,12.048264197194522,13.108361688071671,4.464948857592508e-05,0.06747966887124067,0.0006616732020591517
bfo-a7d84a931ad75b81180fb1321625d2044481cdc1305f26da0079240dfc24f3c7,2480,24.636597315544954,24.636597315544954,12.048356541557965,13.1084098778066,4.453840235247456e-05,0.0674731952817217,0.0006600903094408497
bfo-a7d84a931ad75b81180fb1321625d2044481cdc1305f26da0079240dfc24f3c7,2481,24.636374946985693,24.636374946985693,12.048327726709145,13.108445653589058,4.4514617572224284e-05,0.06744808364936254,0.0006599834296796214
bfo-a7d84a931ad75b81180fb1321625d2044481cdc1305f26da0079240dfc24f3c7,2482,24.636185198894367,24.636185198894367,12.048353560226348,13.108427228246526,4.449937838122072e-05,0.0674655390728574,0.0006595867904229585
bfo-a7d84a931ad75b81180fb1321625d2044481cdc1305f26da0079240dfc24f3c7,2483,24.63620288926945,24.63620288926945,12.048427786226592,13.108485342091544,4.437515254945312e-05,0.06745621233164656,0.0006578364099556011
bfo-a7d84a931ad75b81180fb1321625d2044481cdc1305f26da0079240dfc24f3c7,2484,24.636178660948048,24.636178660948048,12.048338391454317,13.108452860710766,4.4497843433410656e-05,0.0674491547534351,0.0006597242559387956
bfo-a7d84a931ad75b81180fb1321625d2044481cdc1305f26da0079240dfc24f3c7,2485,24.636544164659483,24.636544164659483,12.048380120339308,13.108477364587845,4.4502741313131244e-05,0.0674546931206638,0.0006597426991999532
bfo-a7d84a931ad75b81180fb1321625d2044481cdc1305f26da0079240dfc24f3c7,2486,24.636168024847663,24.636168024847663,12.048400165579839,13.108520692205419,4.448249881165104e-05,0.06743799135413125,0.0006596059271407413
bfo-a7d84a931ad75b81180fb1321625d2044481cdc1305f26da0079240dfc24f3c7,2487,24.63652153744556,24.63652153744556,12.048426508320041,13.10859006133219,4.449023713979024e-05,0.0674154160497296,0.0006599415941744187
bfo-a7d84a931ad75b81180fb1321625d2044481cdc1305f26da0079240dfc24f3c7,2488,24.63609514385262,24.63609514385262,12.048359496862803,13.10850869322853,4.447479564334814e-05,0.06743231852619087,0.0006595471817578691
bfo-a7d84a931ad75b81180fb1321625d2044481cdc1305f26da0079240dfc24f3c7,2489,24.636044291809252,24.636044291809252,12.048334268942972,13.108509166168934,4.4462183380337075e-05,0.06742814362112766,0.0006594009710569204
bfo-a7d84a931ad75b81180fb1321625d2044481cdc1305f26da0079240dfc24f3c7,2490,24.636285577807257,24.636285577807257,12.04840458197627,13.108536381873938,4.446302236746825e-05,0.06744281474767186,0.0006592699686960073
bfo-a7d84a931ad75b81180fb1321625d2044481cdc1305f26da0079240dfc24f3c7,2491,24.63621697016893,24.63621697016893,12.04834624066587,13.108476972351987,4.447195822740121e-05,0.06744913084311892,0.0006593407160551749
bfo-a7d84a931ad75b81180fb1321625d2044481cdc1305f26da0079240dfc24f3c7,2492,24.636081209357783,24.636081209357783,12.048434681361218,13.108571243248768,4.4360769912201425e-05,0.06742108978786039,0.0006579657797253357
bfo-a7d84a931ad75b81180fb1321625d2044481cdc1305f26da0079240dfc24f3c7,2493,24.636207110129654,24.636207110129654,12.048287001365347,13.108487537514932,4.4523114702993306e-05,0.06742827563360972,0.0006603033265290963
bfo-a7d84a931ad75b81180fb1321625d2044481cdc1305f26da0079240dfc24f3c7,2494,24.636266831765482,24.636266831765482,12.048430705271693,13.108628655760564,4.445861706539665e-05,0.06740888813065612,0.0006595364246213968
bfo-a7d84a931ad75b81180fb1321625d2044481cdc1305f26da0079240dfc24f3c7,2495,24.63609524386175,24.63609524386175,12.048331142340034,13.10851590752459,4.450089133482499e-05,0.06742570227296564,0.0006599989297058852
bfo-a7d84a931ad75b81180fb1321625d2044481cdc1305f26da0079240dfc24f3c7,2496,24.635908576549397,24.635908576549397,12.048254375964751,13.10844556544065,4.4577276020030336e-05,0.0674451308465357,0.0006609413527784718
bfo-a7d84a931ad75b81180fb1321625d2044481cdc1305f26da0079240dfc24f3c7,2497,24.636026126612542,24.636026126612542,12.048319702568625,13.108517968446847,4.456489148473091e-05,0.06743069794264833,0.0006608991578677501
bfo-a7d84a931ad75b81180fb1321625d2044481cdc1305f26da0079240dfc24f3c7,2498,24.635879047412857,24.635879047412857,12.048165407734379,13.108382800861726,4.465714763223113e-05,0.06745350550876822,0.0006620433926362238
bfo-a7d84a931ad75b81180fb1321625d2044481cdc1305f26da0079240dfc24f3c7,2499,24.636097363628963,24.636097363628963,12.048252609731147,13.108411223265243,4.461962814460951e-05,0.0674654389484661,0.0006613701598931638
bfo-a7d84a931ad75b81180fb1321625d2044481cdc1305f26da0079240dfc24f3c7,2500,24.635966708613044,24.635966708613044,12.048167754164343,13.108407815416676,4.464975309692967e-05,0.06744050552518799,0.0006620613642976576
bfo-a7d84a931ad75b81180fb1321625d2044481cdc1305f26da0079240dfc24f3c7,2501,24.635640955334736,24.635640955334736,12.048392279992948,13.108532597119169,4.451307434224279e-05,0.06744894800299259,0.0006599520920662518
bfo-a7d84a931ad75b81180fb1321625d2044481cdc1305f26da0079240dfc24f3c7,2502,24.63585038744576,24.63585038744576,12.048364447043566,13.108484507413301,4.456121602854415e-05,0.06746431009654381,0.0006605154038450178
bfo-a7d84a931ad75b81180fb1321625d2044481cdc1305f26da0079240dfc24f3c7,2503,24.635670565274726,24.635670565274726,12.048475490526606,13.108590877670181,4.444365662834378e-05,0.06744634735186195,0.0006589483103730577
bfo-a7d84a931ad75b81180fb1321625d2044481cdc1305f26da0079240dfc24f3c7,2504,24.636258546679745,24.636258546679745,12.048485353916375,13.108632558403748,4.4430338804265045e-05,0.06742707729263915,0.0006589391174621682
bfo-a7d84a931ad75b81180fb1321625d2044481cdc1305f26da0079240dfc24f3c7,2505,24.63569567620629,24.63569567620629,12.048306500030982,13.108469579277951,4.4596445072587005e-05,0.06745138795981291,0.000661164231329936
bfo-a7d84a931ad75b81180fb1321625d2044481cdc1305f26da0079240dfc24f3c7,2506,24.635819889394245,24.635819889394245,12.048511183429738,13.108629087581555,4.4427824565973186e-05,0.06743369915332363,0.0006588371263002773
bfo-a7d84a931ad75b81180fb1321625d2044481cdc1305f26da0079240dfc24f3c7,2507,24.635551379817144,24.635551379817144,12.048442553763929,13.10855923271897,4.444404775520128e-05,0.06744578691782267,0.0006589595849678916
bfo-a7d84a931ad75b81180fb1321625d2044481cdc1305f26da0079240dfc24f3c7,2508,1000000.0,24.635432285523343,12.04836860314334,13.10849598605159,4.447163722637677e-05,0.06745320862710048,0.0006592960977175743
bfo-a7d84a931ad75b81180fb1321625d2044481cdc1305f26da0079240dfc24f3c7,2509,24.635652380294786,24.635652380294786,12.04844076091841,13.108514888806653,4.4483303212159185e-05,0.06746978364413567,0.0006593070380480697
bfo-a7d84a931ad75b81180fb1321625d2044481cdc1305f26da0079240dfc24f3c7,2510,24.63538272493971,24.63538272493971,12.048466621509448,13.108510762204169,4.446791895856585e-05,0.06747936347568843,0.000658985453746712
bfo-a7d84a931ad75b81180fb1321625d2044481cdc1305f26da0079240dfc24f3c7,2511,24.635891575714385,24.635891575714385,12.048505505595257,13.108523873777388,4.456465601155798e-05,0.06749551955385229,0.0006602609522251535
bfo-a7d84a931ad75b81180fb1321625d2044481cdc1305f26da0079240dfc24f3c7,2512,24.635196410010025,24.635196410010025,12.048332795783915,13.108396959680155,4.456531821327755e-05,0.06749404574096209,0.0006602851810708821
bfo-a7d84a931ad75b81180fb1321625d2044481cdc1305f26da0079240dfc24f3c7,2513,24.635122271961585,24.635122271961585,12.04845384711588,13.108494076844714,4.442338570991388e-05,0.06747413959616581,0.0006583764680185447
bfo-a7d84a931ad75b81180fb1321625d2044481cdc1305f26da0079240dfc24f3c7,2514,1000000.0,24.635156516778014,12.048487723687908,13.108504689028758,4.437866160900705e-05,0.06747500076278862,0.0006577052405678693
bfo-a7d84a931ad75b81180fb1321625d2044481cdc1305f26da0079240dfc24f3c7,2515,24.635351924377918,24.635351924377918,12.04846612346668,13.108472907067267,4.4410144132951786e-05,0.06748552870987758,0.0006580691443327413
bfo-a7d84a931ad75b81180fb1321625d2044481cdc1305f26da0079240dfc24f3c7,2516,24.635427415383276,24.635427415383276,12.048379725184581,13.10846651209562,4.453130861280516e-05,0.06746928795383252,0.0006600233967679752
bfo-a7d84a931ad75b81180fb1321625d2044481cdc1305f26da0079240dfc24f3c7,2517,1000000.0000032503,24.635050049332552,12.048324501564496,13.108413514562852,4.449263402586206e-05,0.06747298570002055,0.0006594140390299714
bfo-a7d84a931ad75b81180fb1321625d2044481cdc1305f26da0079240dfc24f3c7,2518,1000000.0,24.6352939537465,12.048492442239471,13.108445911354085,4.447390371943004e-05,0.06751840433386057,0.0006586930505572732
bfo-a7d84a931ad75b81180fb1321625d2044481cdc1305f26da0079240dfc24f3c7,2519,24.635004738804938,24.635004738804938,12.048356866656968,13.108408981807173,4.4512115761181406e-05,0.06749181322659589,0.0006595187420989441
bfo-a7d84a931ad75b81180fb1321625d2044481cdc1305f26da0079240dfc24f3c7,2520,1000000.0,24.635178066920734,12.048310553028987,13.108414680825353,4.4481195011975714e-05,0.06747098337342425,0.0006592640686113988
bfo-a7d84a931ad75b81180fb1321625d2044481cdc1305f26da0079240dfc24f3c7,2521,1000000.0000004538,24.634991858357296,12.04831946353547,13.108424605421462,4.454229763845469e-05,0.06747411053340584,0.0006601390857372205
bfo-a7d84a931ad75b81180fb1321625d2044481cdc1305f26da0079240dfc24f3c7,2522,24.635006338185004,24.635006338185004,12.048330228460795,13.108467010933797,4.449510932777285e-05,0.06745184333491551,0.0006596574256220596
bfo-a7d84a931ad75b81180fb1321625d2044481cdc1305f26da0079240dfc24f3c7,2523,24.634938767581474,24.634938767581474,12.04829432668598,13.1083420478993,4.457575685583424e-05,0.06750757420969206,0.0006603074896066181
bfo-a7d84a931ad75b81180fb1321625d2044481cdc1305f26da0079240dfc24f3c7,2524,24.635003230660445,24.635003230660445,12.048206225454422,13.108235942256933,4.464388454689371e-05,0.0675379317417279,0.0006610194211693747
bfo-a7d84a931ad75b81180fb1321625d2044481cdc1305f26da0079240dfc24f3c7,2525,24.63487908735837,24.63487908735837,12.048344907225674,13.1084110990449,4.451708822461625e-05,0.06748736307481812,0.0006596359110262396
bfo-a7d84a931ad75b81180fb1321625d2044481cdc1305f26da0079240dfc24f3c7,2526,24.63500745726565,24.63500745726565,12.048464674824183,13.108443869810385,4.4485014296234036e-05,0.06751073504609757,0.0006589324537180472
bfo-a7d84a931ad75b81180fb1321625d2044481cdc1305f26da0079240dfc24f3c7,2527,1000000.0000012789,24.63477735170474,12.04835050406388,13.108448472685577,4.447202311527986e-05,0.06747341320437886,0.0006591043939125009
bfo-a7d84a931ad75b81180fb1321625d2044481cdc1305f26da0079240dfc24f3c7,2528,24.63461553417081,24.63461553417081,12.048542720714538,13.108562276759518,4.4323305529570044e-05,0.06746888136761496,0.0006569444258022813
bfo-a7d84a931ad75b81180fb1321625d2044481cdc1305f26da0079240dfc24f3c7,2529,24.634674004605664,24.634674004605664,12.048440824792861,13.108388434142062,4.45146424039465e-05,0.06753219198012232,0.000659161817478827
bfo-a7d84a931ad75b81180fb1321625d2044481cdc1305f26da0079240dfc24f3c7,2530,1000000.0000024813,24.634739145149553,12.048517952240768,13.108558072398498,4.435348380663219e-05,0.06746852033997111,0.0006573952353354838
bfo-a7d84a931ad75b81180fb1321625d2044481cdc1305f26da0079240dfc24f3c7,2531,1000000.0,24.634769749816982,12.048735580154242,13.108720650061418,4.424131568329527e-05,0.06744437199222922,0.0006559674940466886
bfo-a7d84a931ad75b81180fb1321625d2044481cdc1305f26da0079240dfc24f3c7,2532,24.6346675120719,24.6346675120719,12.048584421262586,13.108612787268198,4.4270394469194866e-05,0.06745552301035221,0.0006562901374643676
bfo-a7d84a931ad75b81180fb1321625d2044481cdc1305f26da0079240dfc24f3c7,2533,24.63478160670936,24.63478160670936,12.048605818356037,13.108539506191965,4.4276791288246896e-05,0.06749082409966056,0.0006560416453481946
bfo-a7d84a931ad75b81180fb1321625d2044481cdc1305f26da0079240dfc24f3c7,2534,24.63465617680571,24.63465617680571,12.048652566846046,13.108664480001693,4.420284615970653e-05,0.06745045055331017,0.0006553380414378456
bfo-a7d84a931ad75b81180fb1321625d2044481cdc1305f26da0079240dfc24f3c7,2535,24.634779562364926,24.634779562364926,12.048325156601072,13.108308889496062,4.452641129704093e-05,0.06753094141456614,0.000659348298192638
bfo-a7d84a931ad75b81180fb1321625d2044481cdc1305f26da0079240dfc24f3c7,2536,24.63452752536243,24.63452752536243,12.04857826330818,13.10857996025333,4.433551784623235e-05,0.06747241214206973,0.0006570910456392103
bfo-a7d84a931ad75b81180fb1321625d2044481cdc1305f26da0079240dfc24f3c7,2537,24.634644537713132,24.634644537713132,12.048504331831337,13.108529185113307,4.439551917962297e-05,0.06746947539973426,0.0006580089576300133
bfo-a7d84a931ad75b81180fb1321625d2044481cdc1305f26da0079240dfc24f3c7,2538,24.63447706754335,24.63447706754335,12.04859567673389,13.108586799779527,4.43547535583318e-05,0.06747764054519166,0.0006573251998730777
bfo-a7d84a931ad75b81180fb1321625d2044481cdc1305f26da0079240dfc24f3c7,2539,24.634796149497014,24.634796149497014,12.048665052072263,13.10860562199633,4.436084732582283e-05,0.06749149847880466,0.0006572805216312409
bfo-a7d84a931ad75b81180fb1321625d2044481cdc1305f26da0079240dfc24f3c7,2540,24.6343963610858,24.6343963610858,12.048585171225387,13.108607680139778,4.43735914549029e-05,0.06746427611456289,0.0006577346413611689
bfo-a7d84a931ad75b81180fb1321625d2044481cdc1305f26da0079240dfc24f3c7,2541,24.634307598007418,24.634307598007418,12.048652815939553,13.108599738074489,4.4323276273140116e-05,0.06749174763370934,0.0006567214189457804
bfo-a7d84a931ad75b81180fb1321625d2044481cdc1305f26da0079240dfc24f3c7,2542,24.634414109559472,24.634414109559472,12.048824135574888,13.108758858705777,4.414071597435948e-05,0.0674611222678073,0.0006543133954862116
bfo-a7d84a931ad75b81180fb1321625d2044481cdc1305f26da0079240dfc24f3c7,2543,24.634386546215474,24.634386546215474,12.04857525279088,13.10856471675295,4.438784260007596e-05,0.06748519040726336,0.0006577419776428243
bfo-a7d84a931ad75b81180fb1321625d2044481cdc1305f26da0079240dfc24f3c7,2544,24.633899640856313,24.633899640856313,12.048513440605374,13.108508912991361,4.446113279718937e-05,0.06750135680966425,0.0006586702089938408
bfo-a7d84a931ad75b81180fb1321625d2044481cdc1305f26da0079240dfc24f3c7,2545,24.634149525054298,24.634149525054298,12.048426602838495,13.10845686957867,4.455202372277208e-05,0.06751050047345622,0.0006599273210882068
bfo-a7d84a931ad75b81180fb1321625d2044481cdc1305f26da0079240dfc24f3c7,2546,24.633834562190778,24.633834562190778,12.048456791050729,13.108419928371289,4.4481604800554056e-05,0.06752755080363666,0.0006587178754624478
bfo-a7d84a931ad75b81180fb1321625d2044481cdc1305f26da0079240dfc24f3c7,2547,24.633672396538355,24.633672396538355,12.048370103649514,13.108413993564373,4.450303334561172e-05,0.06751105827167166,0.0006591962040726246
bfo-a7d84a931ad75b81180fb1321625d2044481cdc1305f26da0079240dfc24f3c7,2548,24.63354103866977,24.63354103866977,12.04824917807661,13.108342733843124,4.4519354393087154e-05,0.0675024705352296,0.0006595218521646916
bfo-a7d84a931ad75b81180fb1321625d2044481cdc1305f26da0079240dfc24f3c7,2549,24.633398281277337,24.633398281277337,12.048102603396828,13.108286932544587,4.46549054786878e-05,0.06749285871399689,0.0006616241529776412
bfo-a7d84a931ad75b81180fb1321625d2044481cdc1305f26da0079240dfc24f3c7,2550,1000000.0,24.633394020775413,12.04817680402329,13.108382622014158,4.465290854708302e-05,0.06746632126239675,0.0006618547997216933
bfo-a7d84a931ad75b81180fb1321625d2044481cdc1305f26da0079240dfc24f3c7,2551,24.63349440906935,24.63349440906935,12.048023835459443,13.10825508713343,4.47268920991875e-05,0.06748717124356036,0.0006627465824248093
bfo-a7d84a931ad75b81180fb1321625d2044481cdc1305f26da0079240dfc24f3c7,2552,1000000.0,24.633459198650176,12.047957307792576,13.108220748375981,4.470132806398572e-05,0.06748146148416405,0.0006624238284239862
bfo-a7d84a931ad75b81180fb1321625d2044481cdc1305f26da0079240dfc24f3c7,2553,1000000.0000007061,24.633361387581413,12.04812272193907,13.108275761174117,4.462916210494733e-05,0.0675024777958193,0.0006611485024289195
bfo-a7d84a931ad75b81180fb1321625d2044481cdc1305f26da0079240dfc24f3c7,2554,24.633554024735545,24.633554024735545,12.04811574180282,13.108262011885977,4.471566049701628e-05,0.0675189311720136,0.0006622684885680002
bfo-a7d84a931ad75b81180fb1321625d2044481cdc1305f26da0079240dfc24f3c7,2555,24.633345247843128,24.633345247843128,12.048048901840453,13.10823249679681,4.473236151044579e-05,0.06750960126827536,0.0006626074020595167
bfo-a7d84a931ad75b81180fb1321625d2044481cdc1305f26da0079240dfc24f3c7,2556,24.633293637046954,24.633293637046954,12.048052102359067,13.108259142249548,4.4696738667407325e-05,0.06749398082631133,0.0006622329594461124
bfo-a7d84a931ad75b81180fb1321625d2044481cdc1305f26da0079240dfc24f3c7,2557,24.633451794139688,24.633451794139688,12.047935555482315,13.108159975842042,4.486206827417907e-05,0.06751932305690649,0.0006644330281032071
bfo-a7d84a931ad75b81180fb1321625d2044481cdc1305f26da0079240dfc24f3c7,2558,24.632959106375903,24.632959106375903,12.04804877767367,13.108281764196569,4.4684113776812944e-05,0.06747820235383677,0.0006622007139802271
bfo-a7d84a931ad75b81180fb1321625d2044481cdc1305f26da0079240dfc24f3c7,2559,24.632937224637885,24.632937224637885,12.048124522067084,13.108250636408519,4.462059733539756e-05,0.06751509714734806,0.0006608980690350709
bfo-a7d84a931ad75b81180fb1321625d2044481cdc1305f26da0079240dfc24f3c7,2560,24.632859828371355,24.632859828371355,12.048257862063764,13.108348881158522,4.45918896198618e-05,0.06750598636327093,0.0006605620037888021
bfo-a7d84a931ad75b81180fb1321625d2044481cdc1305f26da0079240dfc24f3c7,2561,1000000.0,24.63082389208148,12.048111356782764,13.108234271788227,4.453371740076211e-05,0.06750552997948873,0.0006597047295872425
bfo-a7d84a931ad75b81180fb1321625d2044481cdc1305f26da0079240dfc24f3c7,2562,24.63283505688237,24.63283505688237,12.048270442706759,13.108398495403272,4.460009859219448e-05,0.06748732933762844,0.0006608662548945631
bfo-a7d84a931ad75b81180fb1321625d2044481cdc1305f26da0079240dfc24f3c7,2563,24.633230871632893,24.633230871632893,12.048213343500516,13.108287539614615,4.4688280837869496e-05,0.06752337686016277,0.0006618194011596382
bfo-a7d84a931ad75b81180fb1321625d2044481cdc1305f26da0079240dfc24f3c7,2564,24.632807142485973,24.632807142485973,12.048319205594801,13.10843666967499,4.456801061431157e-05,0.06748471567613051,0.0006604163649173582
bfo-a7d84a931ad75b81180fb1321625d2044481cdc1305f26da0079240dfc24f3c7,2565,24.633100291025077,24.633100291025077,12.048352842584476,13.108455279140774,4.452062519558625e-05,0.06747741959355973,0.0006597855321639396
bfo-a7d84a931ad75b81180fb1321625d2044481cdc1305f26da0079240dfc24f3c7,2566,24.632787825945925,24.632787825945925,12.04834172745847,13.10843947327119,4.45110810286356e-05,0.0674858950756622,0.0006595612457793104
bfo-a7d84a931ad75b81180fb1321625d2044481cdc1305f26da0079240dfc24f3c7,2567,1000000.0,24.63306234644974,12.04833069022309,13.10846237881589,4.4526353595786007e-05,0.06747207749377138,0.0006599226709729875
bfo-a7d84a931ad75b81180fb1321625d2044481cdc1305f26da0079240dfc24f3c7,2568,24.632756997439074,24.632756997439074,12.048358169933072,13.108471023413319,4.448322090311859e-05,0.06747467336185324,0.0006592580398954128
bfo-a7d84a931ad75b81180fb1321625d2044481cdc1305f26da0079240dfc24f3c7,2569,24.633118125023035,24.633118125023035,12.048286005970665,13.10831364761421,4.467042193618202e-05,0.06754117716376407,0.0006613805653382625
bfo-a7d84a931ad75b81180fb1321625d2044481cdc1305f26da0079240dfc24f3c7,2570,24.632812179169115,24.632812179169115,12.048312609595037,13.108465621861633,4.452460481920493e-05,0.06746984843234992,0.0006599185540463822
bfo-a7d84a931ad75b81180fb1321625d2044481cdc1305f26da0079240dfc24f3c7,2571,24.632912858285195,24.632912858285195,12.048401291217923,13.108517659670035,4.436964777707106e-05,0.06745931651842513,0.0006577245377953452
bfo-a7d84a931ad75b81180fb1321625d2044481cdc1305f26da0079240dfc24f3c7,2572,24.632804996033354,24.632804996033354,12.048257401928401,13.108386966634317,4.458419609183427e-05,0.06748975077890551,0.0006606069155284159
bfo-a7d84a931ad75b81180fb1321625d2044481cdc1305f26da0079240dfc24f3c7,2573,24.633076065663893,24.633076065663893,12.048519137119124,13.108596170488829,4.440510455486758e-05,0.06746036539999473,0.000658239905633109
bfo-a7d84a931ad75b81180fb1321625d2044481cdc1305f26da0079240dfc24f3c7,2574,24.632756859863452,24.632756859863452,12.048324298009929,13.108475115161744,4.450735974713992e-05,0.06746397242178218,0.0006597204129765975
bfo-a7d84a931ad75b81180fb1321625d2044481cdc1305f26da0079240dfc24f3c7,2575,24.633089825908016,24.633089825908016,12.048449882344903,13.108597363767869,4.447350433676135e-05,0.06744375659065817,0.0006594161800133403
bfo-a7d84a931ad75b81180fb1321625d2044481cdc1305f26da0079240dfc24f3c7,2576,24.63274339164144,24.63274339164144,12.048293711442783,13.108486292087775,4.45242031083113e-05,0.06744793592704312,0.000660126992714382
bfo-a7d84a931ad75b81180fb1321625d2044481cdc1305f26da0079240dfc24f3c7,2577,24.632881498542126,24.632881498542126,12.048307880890896,13.108542202309549,4.452589697708259e-05,0.067428307004571,0.00066034428202482
bfo-a7d84a931ad75b81180fb1321625d2044481cdc1305f26da0079240dfc24f3c7,2578,24.632724264913044,24.632724264913044,12.048328998105188,13.108483065457612,4.447638846290352e-05,0.06745574136426585,0.0006593417782294887
bfo-a7d84a931ad75b81180fb1321625d2044481cdc1305f26da0079240dfc24f3c7,2579,24.63303921604279,24.63303921604279,12.048052774137165,13.108277282576466,4.4763376083784217e-05,0.06748244793447401,0.0006633336142051309
bfo-a7d84a931ad75b81180fb1321625d2044481cdc1305f26da0079240dfc24f3c7,2580,24.632699947740235,24.632699947740235,12.04833882050023,13.108524129376601,4.442073602656935e-05,0.0674328308176757,0.0006587404901727134
bfo-a7d84a931ad75b81180fb1321625d2044481cdc1305f26da0079240dfc24f3c7,2581,24.63285844696432,24.63285844696432,12.048547121175218,13.108677505144499,4.43170494314855e-05,0.06742667084312998,0.0006572629032002833
bfo-a7d84a931ad75b81180fb1321625d2044481cdc1305f26da0079240dfc24f3c7,2582,24.632699042789213,24.632699042789213,12.048351946067896,13.108505184470776,4.439886069988789e-05,0.06744282234412219,0.0006583185453501023
bfo-a7d84a931ad75b81180fb1321625d2044481cdc1305f26da0079240dfc24f3c7,2583,24.632905095753852,24.632905095753852,12.048487995230836,13.108502058763385,4.432333258532984e-05,0.06748792060374131,0.0006567594939778408
bfo-a7d84a931ad75b81180fb1321625d2044481cdc1305f26da0079240dfc24f3c7,2584,24.632695876440764,24.632695876440764,12.048367770202299,13.108528976737203,4.437093188537001e-05,0.06743464797482103,0.0006579841849539628
bfo-a7d84a931ad75b81180fb1321625d2044481cdc1305f26da0079240dfc24f3c7,2585,24.63298314033517,24.63298314033517,12.048617820680509,13.108742595124022,4.4178323166687756e-05,0.06740523438452367,0.0006554138349948555
bfo-a7d84a931ad75b81180fb1321625d2044481cdc1305f26da0079240dfc24f3c7,2586,1000000.000000845,24.632719603554676,12.048292286802683,13.108436387632104,4.449689758365829e-05,0.06746585336555237,0.0006595469465502695
bfo-a7d84a931ad75b81180fb1321625d2044481cdc1305f26da0079240dfc24f3c7,2587,24.63297809888639,24.63297809888639,12.048383373339085,13.108583772530794,4.435527022273935e-05,0.06740997490742286,0.0006579926825911808
bfo-a7d84a931ad75b81180fb1321625d2044481cdc1305f26da0079240dfc24f3c7,2588,24.63270184404221,24.63270184404221,12.04833092478947,13.108478997352574,4.4396596236023085e-05,0.06744652043985322,0.0006582488755015114
bfo-a7d84a931ad75b81180fb1321625d2044481cdc1305f26da0079240dfc24f3c7,2589,24.632843076732954,24.632843076732954,12.048370903276258,13.108489237868165,4.4373458811185384e-05,0.06744782517500424,0.0006578931002749356
bfo-a7d84a931ad75b81180fb1321625d2044481cdc1305f26da0079240dfc24f3c7,2590,24.63269654178921,24.63269654178921,12.048400067000815,13.108560354131026,4.435313469212171e-05,0.0674304590272043,0.0006577611265292999
bfo-a7d84a931ad75b81180fb1321625d2044481cdc1305f26da0079240dfc24f3c7,2591,1000000.0,24.632911337055894,12.048233815313743,13.10847762566054,4.4489668811256486e-05,0.06742101253205121,0.0006598783842070985
bfo-a7d84a931ad75b81180fb1321625d2044481cdc1305f26da0079240dfc24f3c7,2592,24.632691741412877,24.632691741412877,12.048396444148405,13.108530079350231,4.4380847649671285e-05,0.06744545822858136,0.0006580257413221045
bfo-a7d84a931ad75b81180fb1321625d2044481cdc1305f26da0079240dfc24f3c7,2593,24.63283441243835,24.63283441243835,12.048634561826127,13.108717154157336,4.4177835674006496e-05,0.0674158704588676,0.0006553032004676212
bfo-a7d84a931ad75b81180fb1321625d2044481cdc1305f26da0079240dfc24f3c7,2594,24.63269031619305,24.63269031619305,12.048402424119194,13.108533189172348,4.4365405413887024e-05,0.0674416026845102,0.0006578343877951279
bfo-a7d84a931ad75b81180fb1321625d2044481cdc1305f26da0079240dfc24f3c7,2595,1000000.0,24.63287348963201,12.048472465091695,13.108621038294427,4.433232010970862e-05,0.06742508278628474,0.0006575048672943783
bfo-a7d84a931ad75b81180fb1321625d2044481cdc1305f26da0079240dfc24f3c7,2596,24.632715146558972,24.632715146558972,12.048300577844095,13.108447292377093,4.4436217113109446e-05,0.06745081496796762,0.0006587943694114325
bfo-a7d84a931ad75b81180fb1321625d2044481cdc1305f26da0079240dfc24f3c7,2597,24.632936582413574,24.632936582413574,12.048619095744693,13.10874219673209,4.412088441899369e-05,0.06739935658526763,0.0006546187776017698
bfo-a7d84a931ad75b81180fb1321625d2044481cdc1305f26da0079240dfc24f3c7,2598,24.63264903932864,24.63264903932864,12.04837319635087,13.108487271942,4.439253962848542e-05,0.06745179336095337,0.0006581372772541206
bfo-a7d84a931ad75b81180fb1321625d2044481cdc1305f26da0079240dfc24f3c7,2599,24.63186059606085,24.63186059606085,12.048405317120425,13.108486237865293,4.4220984612037146e-05,0.06744417629147033,0.0006556679470875201
bfo-a7d84a931ad75b81180fb1321625d2044481cdc1305f26da0079240dfc24f3c7,2600,1000000.0,24.631956156868114,12.04843312745895,13.108452029962159,4.425617557373082e-05,0.06747149829855298,0.0006559240077625481
bfo-a7d84a931ad75b81180fb1321625d2044481cdc1305f26da0079240dfc24f3c7,2601,1000000.000001722,24.631991681612263,12.048363093594231,13.108491178880016,4.427546337999462e-05,0.06743273568775991,0.0006565870853142816
bfo-a7d84a931ad75b81180fb1321625d2044481cdc1305f26da0079240dfc24f3c7,2602,24.631405552045386,24.631405552045386,12.048355775568576,13.10836148334948,4.424949266384796e-05,0.06748991609110144,0.0006556459872333767
bfo-a7d84a931ad75b81180fb1321625d2044481cdc1305f26da0079240dfc24f3c7,2603,24.631709755586062,24.631709755586062,12.048488744261068,13.10845821456167,4.4131334651771783e-05,0.06747706618872076,0.0006540197602596514
bfo-a7d84a931ad75b81180fb1321625d2044481cdc1305f26da0079240dfc24f3c7,2604,24.631442967361902,24.631442967361902,12.048410457857793,13.108411192423436,4.4213133104643835e-05,0.06748096352323178,0.0006551941584150989
bfo-a7d84a931ad75b81180fb1321625d2044481cdc1305f26da0079240dfc24f3c7,2605,24.631298772172983,24.631298772172983,12.048283859184941,13.108330396660332,4.4245445899333916e-05,0.06747624019225601,0.0006557188985821975
bfo-a7d84a931ad75b81180fb1321625d2044481cdc1305f26da0079240dfc24f3c7,2606,24.63157837005322,24.63157837005322,12.048156753861413,13.108201004487537,4.444963909152319e-05,0.06751305965224824,0.0006583857896602229
bfo-a7d84a931ad75b81180fb1321625d2044481cdc1305f26da0079240dfc24f3c7,2607,24.6312521038574,24.6312521038574,12.048156494440523,13.108223411044557,4.434231272445162e-05,0.06748697516145007,0.0006570499362042952
bfo-a7d84a931ad75b81180fb1321625d2044481cdc1305f26da0079240dfc24f3c7,2608,1000000.0,24.631316193517943,12.048221519227504,13.108244482712168,4.431772091013786e-05,0.06750142576002877,0.0006565449605122382
bfo-a7d84a931ad75b81180fb1321625d2044481cdc1305f26da0079240dfc24f3c7,2609,24.63134622133879,24.63134622133879,12.048105052563445,13.108199207023722,4.439600953068841e-05,0.06748542639797069,0.0006578606952689184
bfo-a7d84a931ad75b81180fb1321625d2044481cdc1305f26da0079240dfc24f3c7,2610,24.63130758926344,24.63130758926344,12.048079154547073,13.108248872481415,4.4364293364318214e-05,0.06744979995048103,0.000657737953216892
bfo-a7d84a931ad75b81180fb1321625d2044481cdc1305f26da0079240dfc24f3c7,2611,24.631160925165613,24.631160925165613,12.048049383669547,13.108139447907668,4.4420052202121604e-05,0.06749708785692195,0.0006581032398950565
bfo-a7d84a931ad75b81180fb1321625d2044481cdc1305f26da0079240dfc24f3c7,2612,24.63109910561926,24.63109910561926,12.048019009636768,13.10810526671846,4.4435773898964305e-05,0.06749946177302626,0.0006583130106782787
bfo-a7d84a931ad75b81180fb1321625d2044481cdc1305f26da0079240dfc24f3c7,2613,24.62906156049349,24.62906156049349,12.047912692031622,13.108031820561749,4.433497295316085e-05,0.06748893521392739,0.0006569220986021963
bfo-a7d84a931ad75b81180fb1321625d2044481cdc1305f26da0079240dfc24f3c7,2614,1000000.0,24.625355542152572,12.04773656770659,13.107916660162024,4.413183319037291e-05,0.06746452898341039,0.0006541486890277553
bfo-a7d84a931ad75b81180fb1321625d2044481cdc1305f26da0079240dfc24f3c7,2615,1000000.0000001038,24.629070340335353,12.047838545093718,13.10795240371586,4.4385271895462155e-05,0.06750583690586617,0.0006575027276138418
bfo-a7d84a931ad75b81180fb1321625d2044481cdc1305f26da0079240dfc24f3c7,2616,24.62915289237781,24.62915289237781,12.048007657435768,13.108132981235116,4.4269482251421006e-05,0.06747006493986246,0.0006561351658825193
bfo-a7d84a931ad75b81180fb1321625d2044481cdc1305f26da0079240dfc24f3c7,2617,1000000.0000021828,24.629061129905523,12.04793019704634,13.10806943807468,4.434062666785607e-05,0.0674774485918759,0.0006571177125567038
bfo-a7d84a931ad75b81180fb1321625d2044481cdc1305f26da0079240dfc24f3c7,2618,24.6291778161727,24.6291778161727,12.0477750788912,13.10799087777345,4.441928258878428e-05,0.06746388503746176,0.0006584157221914935
bfo-a7d84a931ad75b81180fb1321625d2044481cdc1305f26da0079240dfc24f3c7,2619,1000000.0000068232,24.629045016660836,12.047952147301617,13.108035898650297,4.428978984963866e-05,0.06749796788485532,0.0006561647889191648
bfo-a7d84a931ad75b81180fb1321625d2044481cdc1305f26da0079240dfc24f3c7,2620,1000000.0,24.629136203310285,12.047913199364679,13.108047369479062,4.4360697216083555e-05,0.06748285542831826,0.0006573624802110581
bfo-a7d84a931ad75b81180fb1321625d2044481cdc1305f26da0079240dfc24f3c7,2621,1000000.0000018823,24.629056352551522,12.047976073038171,13.108099273232096,4.428775515328278e-05,0.06747508465223893,0.0006563571632631251
bfo-a7d84a931ad75b81180fb1321625d2044481cdc1305f26da0079240dfc24f3c7,2622,1000000.0,24.629132076766343,12.047988984041186,13.10801538480046,4.430224381246114e-05,0.06751987605200381,0.0006561363320385771
bfo-a7d84a931ad75b81180fb1321625d2044481cdc1305f26da0079240dfc24f3c7,2623,1000000.0000022416,24.629059495900044,12.047991778358668,13.108074604936336,4.4271618255487784e-05,0.06749159379251633,0.000655957516599597
bfo-a7d84a931ad75b81180fb1321625d2044481cdc1305f26da0079240dfc24f3c7,2624,1000000.0,24.629122799042058,12.047907165298959,13.108039763502063,4.4300611990065056e-05,0.06747478575153518,0.0006565506136350664
bfo-a7d84a931ad75b81180fb1321625d2044481cdc1305f26da0079240dfc24f3c7,2625,1000000.0000026727,24.62907116141219,12.047969317288123,13.108062053267062,4.4325766814024184e-05,0.06749189671745161,0.000656756869637103
bfo-a7d84a931ad75b81180fb1321625d2044481cdc1305f26da0079240dfc24f3c7,2626,1000000.0,24.629153414050975,12.04793371256244,13.108075718601437,4.433917979626598e-05,0.06747970364599949,0.0006570743112458025
bfo-a7d84a931ad75b81180fb1321625d2044481cdc1305f26da0079240dfc24f3c7,2627,1000000.0000008633,24.629070397187196,12.047897003976802,13.108000683487525,4.433493437163154e-05,0.06750026340483287,0.0006568112794720925
bfo-a7d84a931ad75b81180fb1321625d2044481cdc1305f26da0079240dfc24f3c7,2628,24.629144336314067,24.629144336314067,12.04780498542827,13.108003846820466,4.4355389925288e-05,0.06746771471657761,0.0006574313375163033
bfo-a7d84a931ad75b81180fb1321625d2044481cdc1305f26da0079240dfc24f3c7,2629,1000000.0000027303,24.629050852823994,12.047909218528675,13.10801614989471,4.433748939899202e-05,0.06749604814061345,0.0006568901531334757
bfo-a7d84a931ad75b81180fb1321625d2044481cdc1305f26da0079240dfc24f3c7,2630,1000000.0,24.629141729516576,12.047967745386165,13.108114940087184,4.4323609761608246e-05,0.06746966591491811,0.0006569412959225565
bfo-a7d84a931ad75b81180fb1321625d2044481cdc1305f26da0079240dfc24f3c7,2631,1000000.0000039567,24.62907008113662,12.047960945977989,13.10807499109102,4.426161740280312e-05,0.06748007080645661,0.0006559213242344151
bfo-a7d84a931ad75b81180fb1321625d2044481cdc1305f26da0079240dfc24f3c7,2632,24.62916987634867,24.62916987634867,12.047866952165935,13.108048744716102,4.434250616821943e-05,0.06746121498280473,0.000657303699311107
bfo-a7d84a931ad75b81180fb1321625d2044481cdc1305f26da0079240dfc24f3c7,2633,1000000.0000042833,24.629059999810238,12.04789924078627,13.107993855819915,4.431826277669657e-05,0.06750285818818175,0.0006565390557707632
bfo-a7d84a931ad75b81180fb1321625d2044481cdc1305f26da0079240dfc24f3c7,2634,24.62912950506596,24.62912950506596,12.04809445601913,13.108246198183213,4.411856066703561e-05,0.06743609461842745,0.0006542276938881313
bfo-a7d84a931ad75b81180fb1321625d2044481cdc1305f26da0079240dfc24f3c7,2635,1000000.000004462,24.6290671230904,12.047919965564832,13.108079729947988,4.432020401093632e-05,0.06747058284278358,0.000656881890500471
bfo-a7d84a931ad75b81180fb1321625d2044481cdc1305f26da0079240dfc24f3c7,2636,1000000.0,24.629229880813078,12.048041410458055,13.108119787605268,4.4254506692162904e-05,0.06748023918718846,0.0006558143128301907
bfo-a7d84a931ad75b81180fb1321625d2044481cdc1305f26da0079240dfc24f3c7,2637,1000000.000004487,24.6290545731912,12.047892103828195,13.108015478562722,4.435040145871018e-05,0.06749070850540638,0.0006571334401558026
bfo-a7d84a931ad75b81180fb1321625d2044481cdc1305f26da0079240dfc24f3c7,2638,1000000.0,24.629188800925412,12.047784652056515,13.1079069046489,4.453280764114089e-05,0.0675296508323303,0.0006594556182692491
bfo-a7d84a931ad75b81180fb1321625d2044481cdc1305f26da0079240dfc24f3c7,2639,1000000.0000016287,24.629060999977767,12.047932489467469,13.108087808844559,4.433888548762828e-05,0.06747191690304914,0.0006571457803894786
bfo-a7d84a931ad75b81180fb1321625d2044481cdc1305f26da0079240dfc24f3c7,2640,1000000.0000021369,24.629059917692107,12.04792410423192,13.108045406372733,4.4330753197988656e-05,0.06748285501341936,0.0006569187564630043
bfo-a7d84a931ad75b81180fb1321625d2044481cdc1305f26da0079240dfc24f3c7,2641,1000000.0000029776,24.629048466571813,12.047852862293228,13.1080014572878,4.4409534174768717e-05,0.06749137171995964,0.0006580031349642167
bfo-a7d84a931ad75b81180fb1321625d2044481cdc1305f26da0079240dfc24f3c7,2642,1000000.0000020008,24.629064840161554,12.047949829799702,13.108066382522365,4.431079209285842e-05,0.067482144256838,0.000656629877145144
bfo-a7d84a931ad75b81180fb1321625d2044481cdc1305f26da0079240dfc24f3c7,2643,1000000.0000011082,24.62905730666599,12.047891179169225,13.108033197375697,4.4342960610824945e-05,0.06748203330308292,0.0006571076542946897
bfo-a7d84a931ad75b81180fb1321625d2044481cdc1305f26da0079240dfc24f3c7,2644,1000000.0000007481,24.629065303721173,12.04780830988415,13.107982070593373,4.438897125031342e-05,0.06748065036232587,0.0006578029555431727
bfo-a7d84a931ad75b81180fb1321625d2044481cdc1305f26da0079240dfc24f3c7,2645,1000000.0000014004,24.62906806818613,12.047848031182532,13.10796625156578,4.438615831933648e-05,0.06750317082256738,0.000657541827716595
bfo-a7d84a931ad75b81180fb1321625d2044481cdc1305f26da0079240dfc24f3c7,2646,1000000.0,24.62908128421161,12.047860546908675,13.107968079954231,4.436890799810095e-05,0.06750205044855587,0.0006572971888004355
bfo-a7d84a931ad75b81180fb1321625d2044481cdc1305f26da0079240dfc24f3c7,2647,1000000.0000035138,24.6290580663182,12.047883101915106,13.108030567435454,4.436936249492526e-05,0.06748051157295408,0.0006575137244915067
bfo-a7d84a931ad75b81180fb1321625d2044481cdc1305f26da0079240dfc24f3c7,2648,1000000.000002335,24.629072949311393,12.048039600647275,13.108109872168582,4.422913266486921e-05,0.06749110473645469,0.0006553327707048076
bfo-a7d84a931ad75b81180fb1321625d2044481cdc1305f26da0079240dfc24f3c7,2649,1000000.0000039652,24.629061770657575,12.04791968030452,13.1080768089762,4.4318552725154794e-05,0.0674702271564975,0.0006568608791305491
bfo-a7d84a931ad75b81180fb1321625d2044481cdc1305f26da0079240dfc24f3c7,2650,1000000.0,24.62907323847245,12.04782971710608,13.107968008517396,4.4429350994200546e-05,0.067492302223786,0.0006582876791916949
bfo-a7d84a931ad75b81180fb1321625d2044481cdc1305f26da0079240dfc24f3c7,2651,1000000.0000026856,24.629062168674423,12.047954281611627,13.108063603053964,4.434594057548314e-05,0.06749059304722563,0.0006570684679634192
bfo-a7d84a931ad75b81180fb1321625d2044481cdc1305f26da0079240dfc24f3c7,2652,1000000.0000022661,24.629070392094295,12.047933520502628,13.108061657068042,4.4313735984925254e-05,0.06748078199528988,0.0006566867584317313
bfo-a7d84a931ad75b81180fb1321625d2044481cdc1305f26da0079240dfc24f3c7,2653,1000000.0000040132,24.629064364964307,12.047929234215419,13.10806477023122,4.4324873926146196e-05,0.06747561769401687,0.0006569020846485192
bfo-a7d84a931ad75b81180fb1321625d2044481cdc1305f26da0079240dfc24f3c7,2654,1000000.0000017936,24.629050511089908,12.047927177491708,13.10799508596169,4.434568299569543e-05,0.06751409322801277,0.0006568359415852398
bfo-a7d84a931ad75b81180fb1321625d2044481cdc1305f26da0079240dfc24f3c7,2655,1000000.000004356,24.62909119101425,12.048012398200415,13.10811696449328,4.426108706319336e-05,0.06747517226579136,0.0006559610828238358
bfo-a7d84a931ad75b81180fb1321625d2044481cdc1305f26da0079240dfc24f3c7,2656,1000000.0000050446,24.62905409217652,12.047928300925768,13.108053016433548,4.429671238592867e-05,0.0674816356471857,0.00065642618115431
bfo-a7d84a931ad75b81180fb1321625d2044481cdc1305f26da0079240dfc24f3c7,2657,24.62912350384712,24.62912350384712,12.047800715444431,13.107930426541616,4.4419852954758564e-05,0.06750567557172239,0.0006580165679190047
bfo-a7d84a931ad75b81180fb1321625d2044481cdc1305f26da0079240dfc24f3c7,2658,1000000.0000016999,24.62905890693179,12.047885143332783,13.108027680170657,4.437074939058244e-05,0.06748660153074724,0.0006574749414573335
bfo-a7d84a931ad75b81180fb1321625d2044481cdc1305f26da0079240dfc24f3c7,2659,24.629126148085824,24.629126148085824,12.047940130507932,13.107973360634098,4.432669302610473e-05,0.06751502935099775,0.0006565455640352123
bfo-a7d84a931ad75b81180fb1321625d2044481cdc1305f26da0079240dfc24f3c7,2660,1000000.0000034431,24.6290599649399,12.047825926551502,13.10795409408264,4.43722624221652e-05,0.06749975037914799,0.000657369281707339
bfo-a7d84a931ad75b81180fb1321625d2044481cdc1305f26da0079240dfc24f3c7,2661,1000000.0000003559,24.629081805691683,12.048010542521059,13.108167902548956,4.419857058291166e-05,0.0674473436035587,0.0006553048381371632
bfo-a7d84a931ad75b81180fb1321625d2044481cdc1305f26da0079240dfc24f3c7,2662,1000000.000001025,24.629060746974442,12.047951013700539,13.108051610648237,4.431598813303309e-05,0.06749462283950769,0.0006565854621991149
bfo-a7d84a931ad75b81180fb1321625d2044481cdc1305f26da0079240dfc24f3c7,2663,1000000.000002136,24.629064379803626,12.047935200549732,13.108046857517472,4.432242090444862e-05,0.0674870219064789,0.0006567547307965233
bfo-a7d84a931ad75b81180fb1321625d2044481cdc1305f26da0079240dfc24f3c7,2664,1000000.0000000345,24.62906332835565,12.048004595311612,13.108111252537093,4.422068914005792e-05,0.06747431272092431,0.0006553707234181985
bfo-a7d84a931ad75b81180fb1321625d2044481cdc1305f26da0079240dfc24f3c7,2665,24.62912842155463,24.62912842155463,12.047694252351317,13.107866469957905,4.4488274033796866e-05,0.06750381743938495,0.00065904826899227
bfo-a7d84a931ad75b81180fb1321625d2044481cdc1305f26da0079240dfc24f3c7,2666,1000000.0000028688,24.62907167636712,12.047959773503349,13.108063762426136,4.427549712249463e-05,0.06748328672049761,0.0006560957427262688
bfo-a7d84a931ad75b81180fb1321625d2044481cdc1305f26da0079240dfc24f3c7,2667,1000000.0000016828,24.629068715472158,12.047962796131339,13.108046025789406,4.429232355825033e-05,0.0674930850099679,0.0006562498002826349
bfo-a7d84a931ad75b81180fb1321625d2044481cdc1305f26da0079240dfc24f3c7,2668,1000000.0000037953,24.62906416230075,12.047858321966489,13.107936379320243,4.435798520252587e-05,0.06751973743264067,0.0006569632360726887
bfo-a7d84a931ad75b81180fb1321625d2044481cdc1305f26da0079240dfc24f3c7,2669,1000000.0000041104,24.629057626590658,12.047900303391375,13.108035423448703,4.4336585763890955e-05,0.06748733611996882,0.0006569615621673977
bfo-a7d84a931ad75b81180fb1321625d2044481cdc1305f26da0079240dfc24f3c7,2670,1000000.0000024145,24.629060385670385,12.047860002584505,13.107995152531146,4.434607714819339e-05,0.06748772259722109,0.0006570984386724499
bfo-a7d84a931ad75b81180fb1321625d2044481cdc1305f26da0079240dfc24f3c7,2671,1000000.000002024,24.629040711750477,12.047823220006238,13.107985213113523,4.4433703139412586e-05,0.06749069414182184,0.0006583678491443821
bfo-a7d84a931ad75b81180fb1321625d2044481cdc1305f26da0079240dfc24f3c7,2672,1000000.0000016055,24.62905943935258,12.047970755670951,13.10805003579475,4.4314935447354644e-05,0.06749950276813278,0.0006565223983883358
bfo-a7d84a931ad75b81180fb1321625d2044481cdc1305f26da0079240dfc24f3c7,2673,1000000.0000036687,24.629045224076414,12.04795820434871,13.108027084325123,4.432846045486081e-05,0.06750720683782023,0.0006566478237109677
bfo-a7d84a931ad75b81180fb1321625d2044481cdc1305f26da0079240dfc24f3c7,2674,1000000.0000034594,24.629046392850846,12.0478505804734,13.108000912865437,4.440135934704294e-05,0.06748958830546709,0.0006578993954752891
bfo-a7d84a931ad75b81180fb1321625d2044481cdc1305f26da0079240dfc24f3c7,2675,1000000.0000028855,24.629065065848877,12.047954122150248,13.108044207318631,4.42972943226596e-05,0.06749223093027046,0.0006563317542196126
bfo-a7d84a931ad75b81180fb1321625d2044481cdc1305f26da0079240dfc24f3c7,2676,1000000.0000022866,24.629063790514337,12.047907970823095,13.108003185810668,4.4350691163133413e-05,0.06749928512037967,0.0006570542352268982
bfo-a7d84a931ad75b81180fb1321625d2044481cdc1305f26da0079240dfc24f3c7,2677,1000000.0,24.629144931671426,12.047964881020356,13.108094018033288,4.4320447457118696e-05,0.06747484694189972,0.0006568439865492621
bfo-a7d84a931ad75b81180fb1321625d2044481cdc1305f26da0079240dfc24f3c7,2678,1000000.000000282,24.629040598409908,12.04783818800981,13.107974450938126,4.435338610552521e-05,0.06749524476325926,0.0006571334952720816
bfo-a7d84a931ad75b81180fb1321625d2044481cdc1305f26da0079240dfc24f3c7,2679,1000000.0000034203,24.62907303448211,12.047919407321563,13.108030562434744,4.43143995015917e-05,0.06748775768474075,0.0006566287134416286
bfo-a7d84a931ad75b81180fb1321625d2044481cdc1305f26da0079240dfc24f3c7,2680,1000000.00000194,24.629076967963044,12.047911440323432,13.108052434233667,4.4306058568331777e-05,0.06747687477333084,0.0006566110051356889
bfo-a7d84a931ad75b81180fb1321625d2044481cdc1305f26da0079240dfc24f3c7,2681,1000000.0,24.62911463550988,12.047754536481534,13.107812653534147,4.4564403738950796e-05,0.0675602610703612,0.0006596245045965531
bfo-a7d84a931ad75b81180fb1321625d2044481cdc1305f26da0079240dfc24f3c7,2682,1000000.0000036769,24.629081974857016,12.047985582633487,13.108086524241358,4.429263195473055e-05,0.0674829680322123,0.0006563527545733898
bfo-a7d84a931ad75b81180fb1321625d2044481cdc1305f26da0079240dfc24f3c7,2683,24.629096250712273,24.629096250712273,12.047724585429862,13.107880350906136,4.4460602911809004e-05,0.06750308134341661,0.0006586455318331202
bfo-a7d84a931ad75b81180fb1321625d2044481cdc1305f26da0079240dfc24f3c7,2684,1000000.0000011009,24.62905299012552,12.047883756481248,13.108002536562026,4.440400997263284e-05,0.06749807540322422,0.0006578559419267792
bfo-a7d84a931ad75b81180fb1321625d2044481cdc1305f26da0079240dfc24f3c7,2685,24.629191266774694,24.629191266774694,12.048006575078151,13.108068073549306,4.424557967682673e-05,0.0674948701978361,0.0006555398883965149
bfo-a7d84a931ad75b81180fb1321625d2044481cdc1305f26da0079240dfc24f3c7,2686,1000000.0000033305,24.62905569905478,12.047917134830191,13.107987703117548,4.43033672308985e-05,0.06750837475551733,0.0006562647581332519
bfo-a7d84a931ad75b81180fb1321625d2044481cdc1305f26da0079240dfc24f3c7,2687,1000000.0,24.629166787906748,12.047973060700109,13.108062999898355,4.427210918208544e-05,0.06748744811578082,0.0006560050856587826
bfo-a7d84a931ad75b81180fb1321625d2044481cdc1305f26da0079240dfc24f3c7,2688,1000000.000003805,24.629074698587083,12.047986380399598,13.108102456973585,4.4301627018391914e-05,0.06747719329646387,0.0006565422308505166
bfo-a7d84a931ad75b81180fb1321625d2044481cdc1305f26da0079240dfc24f3c7,2689,24.629116690206413,24.629116690206413,12.047962063474076,13.108047665484289,4.433641950553478e-05,0.06750042692199636,0.000656831690216864
bfo-a7d84a931ad75b81180fb1321625d2044481cdc1305f26da0079240dfc24f3c7,2690,1000000.0000012738,24.62907000919236,12.047927057204726,13.108068851775911,4.429811954860992e-05,0.06747416486280793,0.0006565197159339314
bfo-a7d84a931ad75b81180fb1321625d2044481cdc1305f26da0079240dfc24f3c7,2691,1000000.0,24.629070875223718,12.047806072001228,13.108005769405803,4.44054593001803e-05,0.06746958602608187,0.0006581552061548796
bfo-a7d84a931ad75b81180fb1321625d2044481cdc1305f26da0079240dfc24f3c7,2692,1000000.0000009674,24.629060084635874,12.047912967371062,13.108002906315232,4.4330188156774176e-05,0.06750121014095695,0.0006567317543523038
bfo-a7d84a931ad75b81180fb1321625d2044481cdc1305f26da0079240dfc24f3c7,2693,1000000.0,24.62912459636388,12.047916018130335,13.108124696292926,4.43758041960229e-05,0.06744519170037537,0.0006579535631414911
bfo-a7d84a931ad75b81180fb1321625d2044481cdc1305f26da0079240dfc24f3c7,2694,1000000.0000011536,24.629092555655376,12.048045867019,13.108136035455516,4.4200406127160056e-05,0.06747362953106835,0.0006550767527157836
bfo-a7d84a931ad75b81180fb1321625d2044481cdc1305f26da0079240dfc24f3c7,2695,1000000.0,24.62910825503707,12.047695554121262,13.107858586641568,4.448785137843263e-05,0.06750640387043211,0.00065901675734083
bfo-a7d84a931ad75b81180fb1321625d2044481cdc1305f26da0079240dfc24f3c7,2696,1000000.0000010688,24.629063984977364,12.047814092919717,13.107956665825714,4.4389952599855495e-05,0.06749343180780681,0.000657692925235445
bfo-a7d84a931ad75b81180fb1321625d2044481cdc1305f26da0079240dfc24f3c7,2697,1000000.0,24.629118297570393,12.048063665146795,13.108188742378111,4.423660510361612e-05,0.0674573108072034,0.0006557718440636732
bfo-a7d84a931ad75b81180fb1321625d2044481cdc1305f26da0079240dfc24f3c7,2698,1000000.000002497,24.62906033375116,12.047846067225144,13.108031119261767,4.438075956633329e-05,0.06746850907188455,0.0006577996190644685
bfo-a7d84a931ad75b81180fb1321625d2044481cdc1305f26da0079240dfc24f3c7,2699,1000000.0,24.629115634387514,12.047721898966943,13.107866856901744,4.4471819264197994e-05,0.06751082330673865,0.0006587361416426246
bfo-a7d84a931ad75b81180fb1321625d2044481cdc1305f26da0079240dfc24f3c7,2700,1000000.0000014678,24.629063180276866,12.047898114593133,13.107991318346219,4.438275247167496e-05,0.06750969402348221,0.0006574278422331036
bfo-a7d84a931ad75b81180fb1321625d2044481cdc1305f26da0079240dfc24f3c7,2701,1000000.0,24.629117185040805,12.047893173100379,13.107995433548066,4.431199661913002e-05,0.06749283352869608,0.0006565437291988903
bfo-a7d84a931ad75b81180fb1321625d2044481cdc1305f26da0079240dfc24f3c7,2702,1000000.0000048258,24.629068919540604,12.048016819829934,13.108126930117837,4.424015689417277e-05,0.06747343883608288,0.0006556677361835364
bfo-a7d84a931ad75b81180fb1321625d2044481cdc1305f26da0079240dfc24f3c7,2703,24.62910665152573,24.62910665152573,12.047700112726027,13.107851283840933,4.4488467099859705e-05,0.0675115617893765,0.00065897552834958
bfo-a7d84a931ad75b81180fb1321625d2044481cdc1305f26da0079240dfc24f3c7,2704,1000000.000006068,24.629065284020754,12.047910614994281,13.108050559991156,4.432344880168032e-05,0.06747798357658501,0.0006568579328007757
bfo-a7d84a931ad75b81180fb1321625d2044481cdc1305f26da0079240dfc24f3c7,2705,1000000.0,24.630081510458503,12.047940045094387,13.10799871702882,4.442807148852784e-05,0.06751904107747866,0.0006580080341713719
bfo-a7d84a931ad75b81180fb1321625d2044481cdc1305f26da0079240dfc24f3c7,2706,1000000.0000009985,24.62906670665265,12.047898867403731,13.108039347109901,4.4357140853482085e-05,0.0674854656207797,0.0006572843566455874
bfo-a7d84a931ad75b81180fb1321625d2044481cdc1305f26da0079240dfc24f3c7,2707,1000000.0,24.629567087173754,12.047839233273338,13.107971343819674,4.4472616514258926e-05,0.06750105758442942,0.0006588432552872696
bfo-a7d84a931ad75b81180fb1321625d2044481cdc1305f26da0079240dfc24f3c7,2708,1000000.0000036345,24.629060105221242,12.048021477346913,13.108122687354427,4.4252687552681925e-05,0.06747567471505057,0.0006558317162379005
bfo-a7d84a931ad75b81180fb1321625d2044481cdc1305f26da0079240dfc24f3c7,2709,1000000.0,24.62929122474834,12.047809079391971,13.107985483152717,4.4474937510669264e-05,0.06749024595844728,0.0006589831890381879
bfo-a7d84a931ad75b81180fb1321625d2044481cdc1305f26da0079240dfc24f3c7,2710,1000000.0000020735,24.629061854492754,12.04805907467412,13.108174713183177,4.4173544611310787e-05,0.06746103388954708,0.0006548008837758914
bfo-a7d84a931ad75b81180fb1321625d2044481cdc1305f26da0079240dfc24f3c7,2711,1000000.0,24.629354472707927,12.048077769134844,13.108166893976076,4.419936658372532e-05,0.06747311916167893,0.00065506630096372
bfo-a7d84a931ad75b81180fb1321625d2044481cdc1305f26da0079240dfc24f3c7,2712,1000000.0000018117,24.629062909892156,12.047949215907764,13.108072757831774,4.431806862448551e-05,0.06748099811451007,0.0006567488606093399
bfo-a7d84a931ad75b81180fb1321625d2044481cdc1305f26da0079240dfc24f3c7,2713,24.629106297270134,24.629106297270134,12.047678923075313,13.107829453899438,4.45052817701842e-05,0.06751516791241852,0.0006591893813834098
bfo-a7d84a931ad75b81180fb1321625d2044481cdc1305f26da0079240dfc24f3c7,2714,1000000.0000017427,24.629063887977285,12.047891771624963,13.107995918903237,4.4366187624685565e-05,0.06749814677742759,0.0006572948998286024
bfo-a7d84a931ad75b81180fb1321625d2044481cdc1305f26da0079240dfc24f3c7,2715,24.629205399781256,24.629205399781256,12.04799221985775,13.108118121199027,4.431475678276546e-05,0.06747533187196211,0.0006567549288509609
bfo-a7d84a931ad75b81180fb1321625d2044481cdc1305f26da0079240dfc24f3c7,2716,1000000.0000013328,24.629067015087976,12.048006407962585,13.108111482635582,4.42798102050063e-05,0.06748153813005,0.0006561766585650512
bfo-a7d84a931ad75b81180fb1321625d2044481cdc1305f26da0079240dfc24f3c7,2717,1000000.0000002492,24.629061857320366,12.04791039086317,13.108030450647272,4.434042216156565e-05,0.06748958857729771,0.0006569964804390728
bfo-a7d84a931ad75b81180fb1321625d2044481cdc1305f26da0079240dfc24f3c7,2718,1000000.0,24.62909030353927,12.047901251433952,13.108030797141996,4.434626767064189e-05,0.06748646738246905,0.0006571134834976073
bfo-a7d84a931ad75b81180fb1321625d2044481cdc1305f26da0079240dfc24f3c7,2719,1000000.0000005116,24.62906150715247,12.047916105282196,13.108030327230178,4.4334652846262225e-05,0.06749081570846031,0.0006568990518320948
bfo-a7d84a931ad75b81180fb1321625d2044481cdc1305f26da0079240dfc24f3c7,2720,24.629062963949703,24.629062963949703,12.047898893156088,13.10802050129557,4.433920746258235e-05,0.06748928300913934,0.0006569814566940646
bfo-a7d84a931ad75b81180fb1321625d2044481cdc1305f26da0079240dfc24f3c7,2721,1000000.0000001484,24.629048326289883,12.047906689118113,13.108028924743731,4.433897905527006e-05,0.06748861991320028,0.0006569845273513687
bfo-a7d84a931ad75b81180fb1321625d2044481cdc1305f26da0079240dfc24f3c7,2722,1000000.0,24.62900355131289,12.047915061772647,13.108033427881017,4.43268824721546e-05,0.06748816749256814,0.0006568096915216421
bfo-a7d84a931ad75b81180fb1321625d2044481cdc1305f26da0079240dfc24f3c7,2723,1000000.0000000471,24.629068548648792,12.04792282390807,13.108039437845019,4.4327444831782714e-05,0.06748809579067686,0.0006568187220642597
bfo-a7d84a931ad75b81180fb1321625d2044481cdc1305f26da0079240dfc24f3c7,2724,24.629157571194842,24.629157571194842,12.047908031183812,13.108022276399186,4.4347727177115046e-05,0.06749262594637159,0.000657075147918425
bfo-a7d84a931ad75b81180fb1321625d2044481cdc1305f26da0079240dfc24f3c7,2725,1000000.0000008688,24.629028508577207,12.047909430773757,13.108028410485376,4.433386119586963e-05,0.0674893869261232,0.000656901228698364
bfo-a7d84a931ad75b81180fb1321625d2044481cdc1305f26da0079240dfc24f3c7,2726,1000000.0,24.62896259955964,12.047905155460452,13.108027032841473,4.4332212938134344e-05,0.06748787926334039,0.0006568914806931225
bfo-a7d84a931ad75b81180fb1321625d2044481cdc1305f26da0079240dfc24f3c7,2727,1000000.0000004726,24.6290556678462,12.047911317099784,13.108033993429267,4.433479712314464e-05,0.06748790023239085,0.0006569295676777647
bfo-a7d84a931ad75b81180fb1321625d2044481cdc1305f26da0079240dfc24f3c7,2728,24.62912213314533,24.62912213314533,12.047930054942725,13.108041737526836,4.432413090731574e-05,0.06748904971403615,0.0006567603351228897
bfo-a7d84a931ad75b81180fb1321625d2044481cdc1305f26da0079240dfc24f3c7,2729,1000000.0000000381,24.629072013325008,12.04791447389762,13.10803220863243,4.4336648001035857e-05,0.06748957757552254,0.0006569406654149232
bfo-a7d84a931ad75b81180fb1321625d2044481cdc1305f26da0079240dfc24f3c7,2730,1000000.0,24.629128579398255,12.047906519981483,13.108026818840822,4.4346528326250464e-05,0.06748972490694631,0.000657085628773783
bfo-a7d84a931ad75b81180fb1321625d2044481cdc1305f26da0079240dfc24f3c7,2731,24.629075629388666,24.629075629388666,12.047919383291893,13.108036750091445,4.4330744404382466e-05,0.06748838393451098,0.0006568648087261935
bfo-a7d84a931ad75b81180fb1321625d2044481cdc1305f26da0079240dfc24f3c7,2732,24.629086197110794,24.629086197110794,12.04791385417729,13.108042889011749,4.4338941885398304e-05,0.067484141969621,0.0006570275710900813
bfo-a7d84a931ad75b81180fb1321625d2044481cdc1305f26da0079240dfc24f3c7,2733,24.62906528415904,24.62906528415904,12.047909096719525,13.108028568668217,4.4337550925433325e-05,0.06748940457737726,0.0006569557281335901
bfo-a7d84a931ad75b81180fb1321625d2044481cdc1305f26da0079240dfc24f3c7,2734,24.629087535783846,24.629087535783846,12.047915369519792,13.108038085050174,4.4331922935703936e-05,0.06748637497895593,0.0006569018257319025
bfo-a7d84a931ad75b81180fb1321625d2044481cdc1305f26da0079240dfc24f3c7,2735,1000000.0000006114,24.629055106152414,12.047921353793134,13.108040251543262,4.4326435945930744e-05,0.06748701083049849,0.00065681433212773
bfo-a7d84a931ad75b81180fb1321625d2044481cdc1305f26da0079240dfc24f3c7,2736,1000000.0,24.62906940981882,12.047909099620272,13.108019032723892,4.43490760336164e-05,0.06749506719775167,0.0006570713664700775
bfo-a7d84a931ad75b81180fb1321625d2044481cdc1305f26da0079240dfc24f3c7,2737,1000000.0000000721,24.62905595722693,12.047908231935029,13.108031676936355,4.433741943812749e-05,0.06748771210899943,0.00065697025506685
bfo-a7d84a931ad75b81180fb1321625d2044481cdc1305f26da0079240dfc24f3c7,2738,24.62908848782149,24.62908848782149,12.047901333283844,13.108022383177303,4.434931636938368e-05,0.06749101060370892,0.000657114421204807
bfo-a7d84a931ad75b81180fb1321625d2044481cdc1305f26da0079240dfc24f3c7,2739,1000000.0000000981,24.62905619807987,12.047911698910777,13.108029704140609,4.433776495277188e-05,0.06749006425481913,0.0006569524780028038
bfo-a7d84a931ad75b81180fb1321625d2044481cdc1305f26da0079240dfc24f3c7,2740,24.629083156438966,24.629083156438966,12.047915490527767,13.108024688975135,4.433437951421131e-05,0.06749282895296724,0.0006568754073874423
bfo-a7d84a931ad75b81180fb1321625d2044481cdc1305f26da0079240dfc24f3c7,2741,24.629063663726775,24.629063663726775,12.047921976008498,13.108042634280096,4.4323740788810945e-05,0.06748632087630581,0.0006567811107980083
bfo-a7d84a931ad75b81180fb1321625d2044481cdc1305f26da0079240dfc24f3c7,2742,24.629045263745375,24.629045263745375,12.047899631028054,13.10802177902815,4.434461594888358e-05,0.06748979465661152,0.0006570566138852437
bfo-a7d84a931ad75b81180fb1321625d2044481cdc1305f26da0079240dfc24f3c7,2743,24.6291176986996,24.6291176986996,12.047908055091158,13.108031185846343,4.433682274546398e-05,0.06748725198132237,0.000656965892724963
bfo-a7d84a931ad75b81180fb1321625d2044481cdc1305f26da0079240dfc24f3c7,2744,1000000.0000000272,24.62903973395027,12.047897169152654,13.108018402491378,4.4345583800569176e-05,0.0674906452956802,0.0006570626730014027
bfo-a7d84a931ad75b81180fb1321625d2044481cdc1305f26da0079240dfc24f3c7,2745,24.629075949989932,24.629075949989932,12.047912757233513,13.108035168029287,4.43349157906132e-05,0.0674870841989014,0.0006569392694452033
bfo-a7d84a931ad75b81180fb1321625d2044481cdc1305f26da0079240dfc24f3c7,2746,24.629050586194168,24.629050586194168,12.04790038115259,13.108023969113091,4.434530001152876e-05,0.06748927053610726,0.0006570718524480672
bfo-a7d84a931ad75b81180fb1321625d2044481cdc1305f26da0079240dfc24f3c7,2747,24.629060680234115,24.629060680234115,12.04789230451404,13.108019268985835,4.4348314089344454e-05,0.06748891637207757,0.0006571199609258038
bfo-a7d84a931ad75b81180fb1321625d2044481cdc1305f26da0079240dfc24f3c7,2748,24.62905082028835,24.62905082028835,12.047901954890376,13.108025197182062,4.4344712054067084e-05,0.06748909515560557,0.000657064848059144
bfo-a7d84a931ad75b81180fb1321625d2044481cdc1305f26da0079240dfc24f3c7,2749,24.629086410365613,24.629086410365613,12.047885317211438,13.108005871256601,4.43641411731403e-05,0.06749331430326842,0.000657311640880435
bfo-a7d84a931ad75b81180fb1321625d2044481cdc1305f26da0079240dfc24f3c7,2750,24.629048529819688,24.629048529819688,12.047906645417285,13.108029298402052,4.4339030456572604e-05,0.06748816037440886,0.0006569897625093026
bfo-a7d84a931ad75b81180fb1321625d2044481cdc1305f26da0079240dfc24f3c7,2751,1000000.0,24.629069091023595,12.047887508488792,13.108008685895221,4.435520463651718e-05,0.0674924339363085,0.0006571878068343847
bfo-a7d84a931ad75b81180fb1321625d2044481cdc1305f26da0079240dfc24f3c7,2752,24.6290307044169,24.6290307044169,12.04789003699231,13.108013970655161,4.43529656284285e-05,0.06749072139258931,0.0006571713075999005
bfo-a7d84a931ad75b81180fb1321625d2044481cdc1305f26da0079240dfc24f3c7,2753,1000000.0,24.629062367203076,12.047906643057065,13.108024663340935,4.435063613707498e-05,0.06749133029477768,0.0006571308632289136
bfo-a7d84a931ad75b81180fb1321625d2044481cdc1305f26da0079240dfc24f3c7,2754,24.629019790013672,24.629019790013672,12.047894725619727,13.108016137693852,4.4346891802550445e-05,0.06749062449415054,0.0006570822560160786
bfo-a7d84a931ad75b81180fb1321625d2044481cdc1305f26da0079240dfc24f3c7,2755,24.629060699648964,24.629060699648964,12.04789429139618,13.108021479727029,4.435046575731223e-05,0.06748809787461575,0.0006571598126785217
bfo-a7d84a931ad75b81180fb1321625d2044481cdc1305f26da0079240dfc24f3c7,2756,24.629018619056904,24.629018619056904,12.04789960284101,13.108019596154612,4.434166050270302e-05,0.06749049431986519,0.0006570060117288469
bfo-a7d84a931ad75b81180fb1321625d2044481cdc1305f26da0079240dfc24f3c7,2757,1000000.0,24.62901896978469,12.047881599951445,13.108010686099169,4.4359295981934965e-05,0.06748998314707741,0.0006572722930640694
bfo-a7d84a931ad75b81180fb1321625d2044481cdc1305f26da0079240dfc24f3c7,2758,24.629017554406726,24.629017554406726,12.047904694836218,13.108020674833817,4.433825861369347e-05,0.06749149420459995,0.000656945873494553
bfo-a7d84a931ad75b81180fb1321625d2044481cdc1305f26da0079240dfc24f3c7,2759,24.629025853147006,24.629025853147006,12.047902867625853,13.10800887622747,4.433594850599441e-05,0.06749633084584034,0.0006568645724944136
bfo-a7d84a931ad75b81180fb1321625d2044481cdc1305f26da0079240dfc24f3c7,2760,24.62902022643646,24.62902022643646,12.047904226086109,13.10801929180585,4.4336654420925345e-05,0.06749162773703579,0.0006569208049577943
bfo-a7d84a931ad75b81180fb1321625d2044481cdc1305f26da0079240dfc24f3c7,2761,24.628948155615344,24.628948155615344,12.047904105124182,13.108025857553297,4.433233005820252e-05,0.06748850287163813,0.0006568871462821124
bfo-a7d84a931ad75b81180fb1321625d2044481cdc1305f26da0079240dfc24f3c7,2762,24.62893709984822,24.62893709984822,12.047913074819977,13.10803290487726,4.4319851004959786e-05,0.06748674941925127,0.0006567193024756517
bfo-a7d84a931ad75b81180fb1321625d2044481cdc1305f26da0079240dfc24f3c7,2763,24.628950393419068,24.628950393419068,12.047902357809873,13.10802000835809,4.4326508572750714e-05,0.06748941657094576,0.0006567919953220237
bfo-a7d84a931ad75b81180fb1321625d2044481cdc1305f26da0079240dfc24f3c7,2764,24.628946247412028,24.628946247412028,12.047907676525195,13.108026994676027,4.432926579255219e-05,0.06748898307311918,0.0006568370684223349
bfo-a7d84a931ad75b81180fb1321625d2044481cdc1305f26da0079240dfc24f3c7,2765,24.62895493318417,24.62895493318417,12.047928848663744,13.108042505774456,4.431457361591073e-05,0.06748719121515753,0.0006566368049698553
bfo-a7d84a931ad75b81180fb1321625d2044481cdc1305f26da0079240dfc24f3c7,2766,24.628946094376694,24.628946094376694,12.047917340743645,13.108034971236512,4.4316222612526436e-05,0.06748683993253715,0.0006566646572402398
bfo-a7d84a931ad75b81180fb1321625d2044481cdc1305f26da0079240dfc24f3c7,2767,24.628941366433807,24.628941366433807,12.047913688716484,13.10802767343051,4.432257315381673e-05,0.06748963333976872,0.000656731574324606
bfo-a7d84a931ad75b81180fb1321625d2044481cdc1305f26da0079240dfc24f3c7,2768,24.628942167491243,24.628942167491243,12.047906107777177,13.108031269949056,4.432414130521943e-05,0.06748530401362861,0.0006567969419870762
bfo-a7d84a931ad75b81180fb1321625d2044481cdc1305f26da0079240dfc24f3c7,2769,24.62893731814762,24.62893731814762,12.04791425262087,13.108040582459575,4.431780220909216e-05,0.06748352065383784,0.0006567203634265601
bfo-a7d84a931ad75b81180fb1321625d2044481cdc1305f26da0079240dfc24f3c7,2770,1000000.0000000318,24.62893918437156,12.047916849427121,13.108037288318478,4.431736485346617e-05,0.06748586819186005,0.000656691038299654
bfo-a7d84a931ad75b81180fb1321625d2044481cdc1305f26da0079240dfc24f3c7,2771,1000000.0,24.62891809052924,12.047894083604177,13.10801730036831,4.433467810339822e-05,0.06748866874193425,0.0006569203235127789
bfo-a7d84a931ad75b81180fb1321625d2044481cdc1305f26da0079240dfc24f3c7,2772,1000000.0000000981,24.628938789687428,12.047907128359753,13.108027989815636,4.432424549413992e-05,0.06748746255214669,0.0006567774786300663
bfo-a7d84a931ad75b81180fb1321625d2044481cdc1305f26da0079240dfc24f3c7,2773,1000000.0,24.628926190199294,12.04791726282254,13.108039749985368,4.431819474157397e-05,0.0674848337531914,0.0006567134017645577
bfo-a7d84a931ad75b81180fb1321625d2044481cdc1305f26da0079240dfc24f3c7,2774,24.628941165649067,24.628941165649067,12.047910542825033,13.108033140189615,4.432037347356593e-05,0.0674856418414675,0.0006567378225086785
bfo-a7d84a931ad75b81180fb1321625d2044481cdc1305f26da0079240dfc24f3c7,2775,1000000.0,24.628936333505365,12.047901569010007,13.108024835098643,4.433055459710692e-05,0.06748777842987846,0.0006568678896900941
bfo-a7d84a931ad75b81180fb1321625d2044481cdc1305f26da0079240dfc24f3c7,2776,1000000.0000000526,24.628934139951348,12.047902457743495,13.108024201084273,4.432580110062978e-05,0.06748764266707302,0.0006567987760262396
bfo-a7d84a931ad75b81180fb1321625d2044481cdc1305f26da0079240dfc24f3c7,2777,1000000.0,24.6289315759684,12.047923388941825,13.10803850610587,4.4311169814941185e-05,0.06748670549984254,0.0006565910943014484
bfo-a7d84a931ad75b81180fb1321625d2044481cdc1305f26da0079240dfc24f3c7,2778,24.62894052075736,24.62894052075736,12.047914502137571,13.108036441384364,4.432153709428358e-05,0.06748549890758439,0.0006567564560051358
bfo-a7d84a931ad75b81180fb1321625d2044481cdc1305f26da0079240dfc24f3c7,2779,24.628948972406704,24.628948972406704,12.047913004241233,13.10803094864211,4.431738543718529e-05,0.06748725583417121,0.000656677840718274
bfo-a7d84a931ad75b81180fb1321625d2044481cdc1305f26da0079240dfc24f3c7,2780,1000000.0000000094,24.628940131740983,12.047909139051889,13.108033655405816,4.432007963518631e-05,0.06748495432271542,0.0006567401590470986
bfo-a7d84a931ad75b81180fb1321625d2044481cdc1305f26da0079240dfc24f3c7,2781,24.62895226695225,24.62895226695225,12.047919224616198,13.108034771672086,4.431642826796654e-05,0.06748722661637281,0.0006566639420505554
bfo-a7d84a931ad75b81180fb1321625d2044481cdc1305f26da0079240dfc24f3c7,2782,1000000.0000002162,24.628938158268006,12.047911446875327,13.108029446364116,4.432097379240497e-05,0.06748819222490467,0.0006567218995095491
bfo-a7d84a931ad75b81180fb1321625d2044481cdc1305f26da0079240dfc24f3c7,2783,24.62896034894624,24.62896034894624,12.047906026279097,13.108025023903005,4.432920129796284e-05,0.06748857289839388,0.0006568401048382192
bfo-a7d84a931ad75b81180fb1321625d2044481cdc1305f26da0079240dfc24f3c7,2784,24.628939861219095,24.628939861219095,12.047920631146598,13.108036879482896,4.431191455129808e-05,0.06748661272606475,0.000656603032236405
bfo-a7d84a931ad75b81180fb1321625d2044481cdc1305f26da0079240dfc24f3c7,2785,24.62896770067355,24.62896770067355,12.047937376889434,13.108051346128251,4.4299372604059224e-05,0.06748448441109392,0.000656437890733544
bfo-a7d84a931ad75b81180fb1321625d2044481cdc1305f26da0079240dfc24f3c7,2786,24.628940283050177,24.628940283050177,12.047913910613286,13.108038428088461,4.4321920548899496e-05,0.06748467466971687,0.0006567701595335474
bfo-a7d84a931ad75b81180fb1321625d2044481cdc1305f26da0079240dfc24f3c7,2787,24.6289853805578,24.6289853805578,12.047929403373416,13.108047821900271,4.430824514921181e-05,0.06748482762881926,0.000656566026854458
bfo-a7d84a931ad75b81180fb1321625d2044481cdc1305f26da0079240dfc24f3c7,2788,24.628935262561974,24.628935262561974,12.04791206592773,13.108027757929442,4.432140005399482e-05,0.06748865549958495,0.0006567237075017355
bfo-a7d84a931ad75b81180fb1321625d2044481cdc1305f26da0079240dfc24f3c7,2789,24.62891518726326,24.62891518726326,12.047909424506557,13.108025645774418,4.432854835952049e-05,0.06748927648900777,0.0006568235824359511
bfo-a7d84a931ad75b81180fb1321625d2044481cdc1305f26da0079240dfc24f3c7,2790,24.62896501270789,24.62896501270789,12.04791397661193,13.108029984337247,4.433080262328621e-05,0.0674885639287906,0.0006568639194939915
bfo-a7d84a931ad75b81180fb1321625d2044481cdc1305f26da0079240dfc24f3c7,2791,24.62891526494916,24.62891526494916,12.047915851289744,13.108025417959768,4.432403711500773e-05,0.06749139093637334,0.0006567361629395616
bfo-a7d84a931ad75b81180fb1321625d2044481cdc1305f26da0079240dfc24f3c7,2792,1000000.0,24.628917725079837,12.047890373648553,13.108009079958114,4.4340841146133796e-05,0.0674912199497602,0.0006569868077527815
bfo-a7d84a931ad75b81180fb1321625d2044481cdc1305f26da0079240dfc24f3c7,2793,24.628918183257532,24.628918183257532,12.04790816545491,13.10802395512664,4.433227743120971e-05,0.0674899188050272,0.0006568725850638819
bfo-a7d84a931ad75b81180fb1321625d2044481cdc1305f26da0079240dfc24f3c7,2794,24.628926052595915,24.628926052595915,12.047901238876735,13.108026983577489,4.432979670983477e-05,0.06748551686692668,0.0006568786721638036
bfo-a7d84a931ad75b81180fb1321625d2044481cdc1305f26da0079240dfc24f3c7,2795,24.62891459398141,24.62891459398141,12.047914565539799,13.108029025597771,4.432738722846698e-05,0.0674894960556935,0.0006568042409427277
bfo-a7d84a931ad75b81180fb1321625d2044481cdc1305f26da0079240dfc24f3c7,2796,24.62892562501304,24.62892562501304,12.047907004650721,13.108019646838454,4.433282129959529e-05,0.0674921676846259,0.0006568587559189316
bfo-a7d84a931ad75b81180fb1321625d2044481cdc1305f26da0079240dfc24f3c7,2797,1000000.0000001837,24.628914012789835,12.047910632440466,13.108027909880235,4.4331019454057444e-05,0.06748917424568514,0.0006568611921769321
bfo-a7d84a931ad75b81180fb1321625d2044481cdc1305f26da0079240dfc24f3c7,2798,24.628909362899464,24.628909362899464,12.047924486250615,13.108037953953545,4.4320931250518074e-05,0.0674880046285915,0.0006567230946363078
bfo-a7d84a931ad75b81180fb1321625d2044481cdc1305f26da0079240dfc24f3c7,2799,24.628915275252744,24.628915275252744,12.047918606936596,13.108032452237666,4.4327005548933e-05,0.0674891656194099,0.0006568018013277162
bfo-a7d84a931ad75b81180fb1321625d2044481cdc1305f26da0079240dfc24f3c7,2800,1000000.0000000718,24.628907213558332,12.047922724791738,13.108035129311883,4.4322617380340224e-05,0.06748882523306796,0.0006567400933010044
bfo-a7d84a931ad75b81180fb1321625d2044481cdc1305f26da0079240dfc24f3c7,2801,24.628913693266057,24.628913693266057,12.047938018125137,13.108046055093336,4.4309691770122995e-05,0.06748752846573998,0.0006565611865993403
bfo-a7d84a931ad75b81180fb1321625d2044481cdc1305f26da0079240dfc24f3c7,2802,1000000.0000000952,24.62890928527002,12.047933167823203,13.10804568053126,4.4317165516835477e-05,0.06748694718436882,0.0006566775853079353
bfo-a7d84a931ad75b81180fb1321625d2044481cdc1305f26da0079240dfc24f3c7,2803,1000000.0,24.628911801306607,12.047914111655903,13.108033809285029,4.4327843454610074e-05,0.06748738796924267,0.0006568315175394321
bfo-a7d84a931ad75b81180fb1321625d2044481cdc1305f26da0079240dfc24f3c7,2804,24.628911045581617,24.628911045581617,12.047913541587588,13.108028711141724,4.432942078222939e-05,0.06748940866374294,0.0006568352228880071
bfo-a7d84a931ad75b81180fb1321625d2044481cdc1305f26da0079240dfc24f3c7,2805,24.628916783316612,24.628916783316612,12.047905347451588,13.108021026569208,4.433123225674145e-05,0.06748992564112949,0.0006568570321512586
bfo-a7d84a931ad75b81180fb1321625d2044481cdc1305f26da0079240dfc24f3c7,2806,24.628909610940916,24.628909610940916,12.0479235132968,13.108036637927352,4.432128036921195e-05,0.06748865570189565,0.0006567219321271358
bfo-a7d84a931ad75b81180fb1321625d2044481cdc1305f26da0079240dfc24f3c7,2807,1000000.0,24.628905686966952,12.047912359024187,13.108023957565353,4.432714457581846e-05,0.06749072171437151,0.0006567887177650289
bfo-a7d84a931ad75b81180fb1321625d2044481cdc1305f26da0079240dfc24f3c7,2808,1000000.0000000051,24.62890785048832,12.047922361271414,13.10803648587949,4.4321947777562505e-05,0.06748821020837718,0.0006567361564444171
bfo-a7d84a931ad75b81180fb1321625d2044481cdc1305f26da0079240dfc24f3c7,2809,24.628909245961466,24.628909245961466,12.04793069749127,13.108044276399143,4.4320325579979287e-05,0.06748669225836151,0.0006567268908410317
bfo-a7d84a931ad75b81180fb1321625d2044481cdc1305f26da0079240dfc24f3c7,2810,24.628911767227144,24.628911767227144,12.047909364627861,13.108025095696497,4.433548926844392e-05,0.0674899173049417,0.0006569201895465594
bfo-a7d84a931ad75b81180fb1321625d2044481cdc1305f26da0079240dfc24f3c7,2811,24.628911837405862,24.628911837405862,12.047916676068265,13.108030353566505,4.433635732099435e-05,0.06748952752982688,0.0006569368455187358
bfo-a7d84a931ad75b81180fb1321625d2044481cdc1305f26da0079240dfc24f3c7,2812,24.62894386264796,24.62894386264796,12.04794219683244,13.10805133662788,4.4314719083452616e-05,0.06748678406782423,0.0006566429219521902
bfo-a7d84a931ad75b81180fb1321625d2044481cdc1305f26da0079240dfc24f3c7,2813,24.628908683523992,24.628908683523992,12.047918348266055,13.108036679900215,4.433064873753109e-05,0.06748648904387318,0.0006568818346545128
bfo-a7d84a931ad75b81180fb1321625d2044481cdc1305f26da0079240dfc24f3c7,2814,24.62891243131679,24.62891243131679,12.047917264596563,13.108035288682913,4.4326074422427126e-05,0.06748608641829994,0.0006568179720436033
bfo-a7d84a931ad75b81180fb1321625d2044481cdc1305f26da0079240dfc24f3c7,2815,1000000.0000000848,24.628907248448307,12.047914636404126,13.108032472332955,4.4332255036295226e-05,0.0674873140338079,0.0006568976061795392
bfo-a7d84a931ad75b81180fb1321625d2044481cdc1305f26da0079240dfc24f3c7,2816,24.628910092492063,24.628910092492063,12.047923920520546,13.108043617534843,4.4328841644753545e-05,0.06748501760255134,0.0006568693795980821
bfo-a7d84a931ad75b81180fb1321625d2044481cdc1305f26da0079240dfc24f3c7,2817,24.628908503407075,24.628908503407075,12.04791271871237,13.108034957803426,4.433249903081207e-05,0.06748544992560354,0.0006569193667625324
bfo-a7d84a931ad75b81180fb1321625d2044481cdc1305f26da0079240dfc24f3c7,2818,24.628913047482136,24.628913047482136,12.047909164432435,13.108037234621431,4.4336164368711516e-05,0.0674836694772079,0.00065699101296923
bfo-a7d84a931ad75b81180fb1321625d2044481cdc1305f26da0079240dfc24f3c7,2819,24.628908854529918,24.628908854529918,12.047914307128496,13.108039060116646,4.4327629183298524e-05,0.06748339797085047,0.0006568671779456911
bfo-a7d84a931ad75b81180fb1321625d2044481cdc1305f26da0079240dfc24f3c7,2820,24.628906185014237,24.628906185014237,12.047909320715974,13.108029767568365,4.4334760634976404e-05,0.06748661064171263,0.0006569415801654387
bfo-a7d84a931ad75b81180fb1321625d2044481cdc1305f26da0079240dfc24f3c7,2821,24.62890115686705,24.62890115686705,12.047890459507236,13.10801489879347,4.434653442082482e-05,0.0674879954534839,0.0006571025576154602
bfo-a7d84a931ad75b81180fb1321625d2044481cdc1305f26da0079240dfc24f3c7,2822,24.628895934274716,24.628895934274716,12.04788665854145,13.108014804528054,4.434930449937212e-05,0.06748723046383041,0.0006571510520518545
bfo-a7d84a931ad75b81180fb1321625d2044481cdc1305f26da0079240dfc24f3c7,2823,24.628888944450527,24.628888944450527,12.047887226635314,13.108022001968358,4.434673847551079e-05,0.06748405158527858,0.0006571439834117026
bfo-a7d84a931ad75b81180fb1321625d2044481cdc1305f26da0079240dfc24f3c7,2824,24.628892215865427,24.628892215865427,12.047877652242653,13.108014271260563,4.4349664586636305e-05,0.0674845422541926,0.0006571825651507772
bfo-a7d84a931ad75b81180fb1321625d2044481cdc1305f26da0079240dfc24f3c7,2825,24.628888639532292,24.628888639532292,12.047882153598458,13.108020431330429,4.4351149904081975e-05,0.06748370492156265,0.0006572127294378991
bfo-a7d84a931ad75b81180fb1321625d2044481cdc1305f26da0079240dfc24f3c7,2826,24.628884616524466,24.628884616524466,12.04786756047864,13.10800620950457,4.43624697537051e-05,0.06748617668949489,0.0006573563940037323
bfo-a7d84a931ad75b81180fb1321625d2044481cdc1305f26da0079240dfc24f3c7,2827,24.62889929061475,24.62889929061475,12.047871509762098,13.108005737997283,4.436223590983277e-05,0.06748723720494663,0.0006573425990919234
bfo-a7d84a931ad75b81180fb1321625d2044481cdc1305f26da0079240dfc24f3c7,2828,24.62888416836,24.62888416836,12.047866691273219,13.10800297011957,4.436571642892146e-05,0.0674876146569742,0.0006573904953438251
bfo-a7d84a931ad75b81180fb1321625d2044481cdc1305f26da0079240dfc24f3c7,2829,24.62887126716693,24.62887126716693,12.04788149097855,13.10801908633097,4.434540829150828e-05,0.06748375817811383,0.0006571271293822263
bfo-a7d84a931ad75b81180fb1321625d2044481cdc1305f26da0079240dfc24f3c7,2830,24.628804378079423,24.628804378079423,12.04787508701766,13.108010569459495,4.43491518993791e-05,0.06748599099733177,0.0006571608602610956
bfo-a7d84a931ad75b81180fb1321625d2044481cdc1305f26da0079240dfc24f3c7,2831,24.62875219087607,24.62875219087607,12.047881655513727,13.108007411170986,4.433747096648438e-05,0.0674891675860967,0.0006569568502963466
bfo-a7d84a931ad75b81180fb1321625d2044481cdc1305f26da0079240dfc24f3c7,2832,24.628786833413347,24.628786833413347,12.04788936724649,13.108006754677055,4.43290974842495e-05,0.06749089731150683,0.0006568159448176671
bfo-a7d84a931ad75b81180fb1321625d2044481cdc1305f26da0079240dfc24f3c7,2833,24.628752703546855,24.628752703546855,12.047873945394002,13.108003362693147,4.4343800595756145e-05,0.06748887151094639,0.0006570535201283337
bfo-a7d84a931ad75b81180fb1321625d2044481cdc1305f26da0079240dfc24f3c7,2834,24.628706273342992,24.628706273342992,12.04788824351648,13.10802168814081,4.432838538253934e-05,0.06748366647560748,0.0006568757700585547
bfo-a7d84a931ad75b81180fb1321625d2044481cdc1305f26da0079240dfc24f3c7,2835,24.628746669423695,24.628746669423695,12.047896459646775,13.108022502392508,4.432635045467607e-05,0.06748594265530883,0.0006568234614588896
bfo-a7d84a931ad75b81180fb1321625d2044481cdc1305f26da0079240dfc24f3c7,2836,24.628705336401932,24.628705336401932,12.047888133035324,13.108024614161014,4.432885322942778e-05,0.06748239631349788,0.0006568950667295892
bfo-a7d84a931ad75b81180fb1321625d2044481cdc1305f26da0079240dfc24f3c7,2837,1000000.0,24.628718605027377,12.047890903305326,13.108034026929555,4.4329653030191956e-05,0.06747935033994802,0.0006569365710675587
bfo-a7d84a931ad75b81180fb1321625d2044481cdc1305f26da0079240dfc24f3c7,2838,24.62870468865725,24.62870468865725,12.047894782714874,13.108031436485462,4.432357932600936e-05,0.0674808946334015,0.0006568315308622213
bfo-a7d84a931ad75b81180fb1321625d2044481cdc1305f26da0079240dfc24f3c7,2839,24.628703419935214,24.628703419935214,12.047900143749223,13.108035555546264,4.4317701765768186e-05,0.06748000794568432,0.000656753060868638
bfo-a7d84a931ad75b81180fb1321625d2044481cdc1305f26da0079240dfc24f3c7,2840,24.628697873069996,24.628697873069996,12.047889829627314,13.10802698224354,4.432282635883855e-05,0.06748088559762912,0.0006568204605838159
bfo-a7d84a931ad75b81180fb1321625d2044481cdc1305f26da0079240dfc24f3c7,2841,24.628697490213632,24.628697490213632,12.047902230838371,13.108037950478057,4.4306617814905564e-05,0.06747882835344426,0.0006566002833189984
bfo-a7d84a931ad75b81180fb1321625d2044481cdc1305f26da0079240dfc24f3c7,2842,24.628693434822527,24.628693434822527,12.047906040116917,13.108033797384355,4.4309308246850034e-05,0.06748283614483959,0.0006566011563554945
bfo-a7d84a931ad75b81180fb1321625d2044481cdc1305f26da0079240dfc24f3c7,2843,24.628709140275767,24.628709140275767,12.047869993622468,13.108001089780785,4.4342224568310376e-05,0.06748812802709164,0.0006570374059050823
bfo-a7d84a931ad75b81180fb1321625d2044481cdc1305f26da0079240dfc24f3c7,2844,24.628691380274226,24.628691380274226,12.047903579966842,13.108028022432453,4.4309095837045445e-05,0.06748445849680428,0.0006565822238781644
bfo-a7d84a931ad75b81180fb1321625d2044481cdc1305f26da0079240dfc24f3c7,2845,24.62869965395258,24.62869965395258,12.04789569417911,13.108027184718216,4.43147629279372e-05,0.06748194659383762,0.0006566906434199392
bfo-a7d84a931ad75b81180fb1321625d2044481cdc1305f26da0079240dfc24f3c7,2846,24.628687340554016,24.628687340554016,12.047892155838,13.108022043406748,4.431478618230691e-05,0.06748377027012274,0.0006566732416538752
bfo-a7d84a931ad75b81180fb1321625d2044481cdc1305f26da0079240dfc24f3c7,2847,24.628623229622576,24.628623229622576,12.047885342811332,13.108011429087686,4.431337115295681e-05,0.0674861606432216,0.0006566290144616147
bfo-a7d84a931ad75b81180fb1321625d2044481cdc1305f26da0079240dfc24f3c7,2848,24.628635271819846,24.628635271819846,12.047879911204125,13.108014659571529,4.4320171368109525e-05,0.06748359078793591,0.0006567547880992823
bfo-a7d84a931ad75b81180fb1321625d2044481cdc1305f26da0079240dfc24f3c7,2849,24.628621844789762,24.628621844789762,12.047872669134906,13.10800146062396,4.4326545106210545e-05,0.06748769080538407,0.0006568093318533613
bfo-a7d84a931ad75b81180fb1321625d2044481cdc1305f26da0079240dfc24f3c7,2850,24.628590108857825,24.628590108857825,12.04787407084464,13.108002577889655,4.432150445638915e-05,0.06748699059207072,0.0006567414559095281
bfo-a7d84a931ad75b81180fb1321625d2044481cdc1305f26da0079240dfc24f3c7,2851,1000000.0,24.62860764849946,12.047892796793755,13.108014210103434,4.430698420597528e-05,0.067486298512461,0.0006565330323724041
bfo-a7d84a931ad75b81180fb1321625d2044481cdc1305f26da0079240dfc24f3c7,2852,24.62858971422155,24.62858971422155,12.047877577838602,13.108007383119352,4.43171426656e-05,0.06748584133165178,0.0006566880073082034
bfo-a7d84a931ad75b81180fb1321625d2044481cdc1305f26da0079240dfc24f3c7,2853,24.628589681128346,24.628589681128346,12.047895849153981,13.108021962901452,4.4300385886132624e-05,0.06748313539149481,0.0006564660285733551
bfo-a7d84a931ad75b81180fb1321625d2044481cdc1305f26da0079240dfc24f3c7,2854,24.628602015724972,24.628602015724972,12.047896318691969,13.108027307215592,4.429884787128915e-05,0.06748136704694416,0.0006564604395235823
bfo-a7d84a931ad75b81180fb1321625d2044481cdc1305f26da0079240dfc24f3c7,2855,24.62859082688248,24.62859082688248,12.047889135920578,13.108014990984696,4.4303772860748516e-05,0.06748453801123014,0.0006565025732765022
bfo-a7d84a931ad75b81180fb1321625d2044481cdc1305f26da0079240dfc24f3c7,2856,24.62859164028344,24.62859164028344,12.047898704975685,13.108021146602818,4.4302236634275865e-05,0.06748503613853235,0.0006564749634768342
bfo-a7d84a931ad75b81180fb1321625d2044481cdc1305f26da0079240dfc24f3c7,2857,1000000.0000000498,24.628590328297904,12.047899719875398,13.108031180017784,4.4298907736915563e-05,0.06747976058917171,0.0006564769547215034
bfo-a7d84a931ad75b81180fb1321625d2044481cdc1305f26da0079240dfc24f3c7,2858,24.628589131651054,24.628589131651054,12.047885527253417,13.108013280334863,4.430414191510605e-05,0.06748431429230563,0.0006565102184072645
bfo-a7d84a931ad75b81180fb1321625d2044481cdc1305f26da0079240dfc24f3c7,2859,24.628624792268646,24.628624792268646,12.047888716138688,13.108009259578186,4.430722626509856e-05,0.06748780623603512,0.0006565219516861509
bfo-a7d84a931ad75b81180fb1321625d2044481cdc1305f26da0079240dfc24f3c7,2860,24.628584573184327,24.628584573184327,12.04788719740922,13.108016507136032,4.430357686864483e-05,0.06748312392653345,0.0006565134257399911
bfo-a7d84a931ad75b81180fb1321625d2044481cdc1305f26da0079240dfc24f3c7,2861,24.62853346627074,24.62853346627074,12.047883715289487,13.10801006028409,4.429750275963405e-05,0.06748471168284399,0.000656407972339243
bfo-a7d84a931ad75b81180fb1321625d2044481cdc1305f26da0079240dfc24f3c7,2862,24.628564695979776,24.628564695979776,12.047868196581996,13.108002357007972,4.4309635984797106e-05,0.06748422626305846,0.0006565924874366181
bfo-a7d84a931ad75b81180fb1321625d2044481cdc1305f26da0079240dfc24f3c7,2863,24.628527332123177,24.628527332123177,12.047890301518512,13.108015207441472,4.4295485960300784e-05,0.06748401373533124,0.0006563848755947646
bfo-a7d84a931ad75b81180fb1321625d2044481cdc1305f26da0079240dfc24f3c7,2864,1000000.0,24.628431837395578,12.047875621589307,13.108001626169889,4.429456757783152e-05,0.06748511747479008,0.0006563605315553954
bfo-a7d84a931ad75b81180fb1321625d2044481cdc1305f26da0079240dfc24f3c7,2865,24.628535639865298,24.628535639865298,12.047894922824339,13.108017431850481,4.428977564187624e-05,0.06748379320736658,0.0006563024029455643
bfo-a7d84a931ad75b81180fb1321625d2044481cdc1305f26da0079240dfc24f3c7,2866,24.62860211236916,24.62860211236916,12.047878086065104,13.108003303725384,4.431158436822086e-05,0.06748666552025877,0.000656597626014268
bfo-a7d84a931ad75b81180fb1321625d2044481cdc1305f26da0079240dfc24f3c7,2867,24.628529497900185,24.628529497900185,12.047893107116362,13.108017105217652,4.428974674426944e-05,0.0674836698655687,0.0006563031742715999
bfo-a7d84a931ad75b81180fb1321625d2044481cdc1305f26da0079240dfc24f3c7,2868,24.628550466354234,24.628550466354234,12.047881157637898,13.107994611143138,4.43154910520698e-05,0.06749255268422778,0.0006565982362440087
bfo-a7d84a931ad75b81180fb1321625d2044481cdc1305f26da0079240dfc24f3c7,2869,1000000.0000000197,24.628522987845123,12.047879848223168,13.108007434081431,4.43034346338061e-05,0.06748488932111447,0.0006564941437926397
bfo-a7d84a931ad75b81180fb1321625d2044481cdc1305f26da0079240dfc24f3c7,2870,24.628556717471255,24.628556717471255,12.047898002064073,13.108026704081547,4.429588853173147e-05,0.06748087493016215,0.0006564213723899479
bfo-a7d84a931ad75b81180fb1321625d2044481cdc1305f26da0079240dfc24f3c7,2871,1000000.0000000913,24.628526973493372,12.047895259020406,13.108020474288487,4.4294057772581423e-05,0.06748327908569915,0.0006563708576806264
bfo-a7d84a931ad75b81180fb1321625d2044481cdc1305f26da0079240dfc24f3c7,2872,1000000.0,24.628534142760422,12.047872211292608,13.108002807206024,4.4308276056661874e-05,0.06748451442469094,0.0006565695320532758
bfo-a7d84a931ad75b81180fb1321625d2044481cdc1305f26da0079240dfc24f3c7,2873,1000000.0000000291,24.628531600514847,12.047885391612748,13.108009436638175,4.430279654100615e-05,0.06748558475932706,0.0006564779233817507
bfo-a7d84a931ad75b81180fb1321625d2044481cdc1305f26da0079240dfc24f3c7,2874,24.628559130667174,24.628559130667174,12.047916971045781,13.108028751889089,4.426852058876305e-05,0.06748457014385391,0.0006559798853930281
bfo-a7d84a931ad75b81180fb1321625d2044481cdc1305f26da0079240dfc24f3c7,2875,1000000.0000000242,24.628521820221174,12.047889214109043,13.108016488517189,4.4295666788591107e-05,0.0674831146067529,0.0006563963007148833
bfo-a7d84a931ad75b81180fb1321625d2044481cdc1305f26da0079240dfc24f3c7,2876,24.62851038903011,24.62851038903011,12.047884568637524,13.108011567322214,4.4298214941853746e-05,0.06748435721211792,0.0006564219735043914
bfo-a7d84a931ad75b81180fb1321625d2044481cdc1305f26da0079240dfc24f3c7,2877,1000000.0,24.62854966117574,12.047881213930145,13.10800321150128,4.429548372899282e-05,0.06748703695778475,0.0006563554384036896
bfo-a7d84a931ad75b81180fb1321625d2044481cdc1305f26da0079240dfc24f3c7,2878,24.628510509491,24.628510509491,12.047876969111224,13.107999425771595,4.431003872368367e-05,0.06748841166448759,0.0006565577353333924
bfo-a7d84a931ad75b81180fb1321625d2044481cdc1305f26da0079240dfc24f3c7,2879,24.628533700829742,24.628533700829742,12.047905870976354,13.108024782316292,4.427990276961445e-05,0.06748353978919322,0.0006561585670807596
bfo-a7d84a931ad75b81180fb1321625d2044481cdc1305f26da0079240dfc24f3c7,2880,24.628514320514903,24.628514320514903,12.047882128897967,13.10800779567656,4.430104467530097e-05,0.06748564680714818,0.0006564513607152468
bfo-a7d84a931ad75b81180fb1321625d2044481cdc1305f26da0079240dfc24f3c7,2881,24.628516685528034,24.628516685528034,12.047890309168416,13.108015222862665,4.4286225962920964e-05,0.06748396408795448,0.0006562481407464594
bfo-a7d84a931ad75b81180fb1321625d2044481cdc1305f26da0079240dfc24f3c7,2882,24.62851056458743,24.62851056458743,12.04789209245059,13.10801835087615,4.4289476989242973e-05,0.06748252602185699,0.0006563103013496858
bfo-a7d84a931ad75b81180fb1321625d2044481cdc1305f26da0079240dfc24f3c7,2883,24.628509183608664,24.628509183608664,12.04788717236057,13.108019266563879,4.429054429222113e-05,0.0674804276030162,0.0006563465269185914
bfo-a7d84a931ad75b81180fb1321625d2044481cdc1305f26da0079240dfc24f3c7,2884,24.628521789198803,24.628521789198803,12.047875044733805,13.108015671315023,4.430636736987609e-05,0.06747951846377893,0.0006565898568712886
bfo-a7d84a931ad75b81180fb1321625d2044481cdc1305f26da0079240dfc24f3c7,2885,24.62851365275276,24.62851365275276,12.047887917973222,13.108015431726887,4.429070708976765e-05,0.06748235476081788,0.0006563301954525757
bfo-a7d84a931ad75b81180fb1321625d2044481cdc1305f26da0079240dfc24f3c7,2886,24.62851967873122,24.62851967873122,12.047885793524209,13.108016405833258,4.428530107190588e-05,0.06748074754525936,0.0006562657155243237
bfo-a7d84a931ad75b81180fb1321625d2044481cdc1305f26da0079240dfc24f3c7,2887,24.628511038000553,24.628511038000553,12.047890835889474,13.108020141776741,4.428603382323146e-05,0.06748067444676546,0.0006562772851087623
bfo-a7d84a931ad75b81180fb1321625d2044481cdc1305f26da0079240dfc24f3c7,2888,24.628550120700236,24.628550120700236,12.047885811687443,13.1080122834331,4.42856010383092e-05,0.06748293592896208,0.0006562488787525153
bfo-a7d84a931ad75b81180fb1321625d2044481cdc1305f26da0079240dfc24f3c7,2889,24.62851648138029,24.62851648138029,12.047892714647933,13.108021834708879,4.428859448262707e-05,0.06748102027085,0.0006563118682092388
bfo-a7d84a931ad75b81180fb1321625d2044481cdc1305f26da0079240dfc24f3c7,2890,24.628516747999708,24.628516747999708,12.047887519457237,13.10801725860173,4.42935823405474e-05,0.0674818112573565,0.0006563780893732124
bfo-a7d84a931ad75b81180fb1321625d2044481cdc1305f26da0079240dfc24f3c7,2891,24.628516812617644,24.628516812617644,12.047893776929266,13.108021547257655,4.4287256391341844e-05,0.06748117977320511,0.000656290487809863
bfo-a7d84a931ad75b81180fb1321625d2044481cdc1305f26da0079240dfc24f3c7,2892,24.62852054721622,24.62852054721622,12.047905513214415,13.108026355818104,4.428221819821652e-05,0.06748333191932725,0.0006561948993738716
bfo-a7d84a931ad75b81180fb1321625d2044481cdc1305f26da0079240dfc24f3c7,2893,24.62850996717513,24.62850996717513,12.047882838855427,13.108016762395211,4.4290882351214626e-05,0.06748028296703878,0.0006563529434642238
bfo-a7d84a931ad75b81180fb1321625d2044481cdc1305f26da0079240dfc24f3c7,2894,1000000.0,24.62852465143357,12.047880776126327,13.108011312013351,4.430126666032291e-05,0.06748275645936537,0.0006564827666308925
bfo-a7d84a931ad75b81180fb1321625d2044481cdc1305f26da0079240dfc24f3c7,2895,24.628510264297397,24.628510264297397,12.047888754894606,13.108022598132397,4.428838691191721e-05,0.06747953123072391,0.0006563232746903316
bfo-a7d84a931ad75b81180fb1321625d2044481cdc1305f26da0079240dfc24f3c7,2896,24.62851150712884,24.62851150712884,12.047874114196535,13.108008122531714,4.4303000257698145e-05,0.06748289686971173,0.0006565070901332721
bfo-a7d84a931ad75b81180fb1321625d2044481cdc1305f26da0079240dfc24f3c7,2897,24.62851367379237,24.62851367379237,12.047887545759348,13.10802400987404,4.4288592509489125e-05,0.06747794048607042,0.0006563417939323695
bfo-a7d84a931ad75b81180fb1321625d2044481cdc1305f26da0079240dfc24f3c7,2898,24.62855286498003,24.62855286498003,12.04788868391803,13.108020037310771,4.4297886588756396e-05,0.06748076903479538,0.0006564520117711595
bfo-a7d84a931ad75b81180fb1321625d2044481cdc1305f26da0079240dfc24f3c7,2899,1000000.0000000016,24.628509635458165,12.047878801005124,13.108011299236129,4.429830776997564e-05,0.06748181129913824,0.0006564481141978673
bfo-a7d84a931ad75b81180fb1321625d2044481cdc1305f26da0079240dfc24f3c7,2900,24.628512749306225,24.628512749306225,12.047897890438763,13.108031022877068,4.42788385207321e-05,0.06747782665241757,0.0006561983501456726
bfo-a7d84a931ad75b81180fb1321625d2044481cdc1305f26da0079240dfc24f3c7,2901,24.628511413109184,24.628511413109184,12.047891950440087,13.10802082296828,4.428603857757652e-05,0.06748068546238796,0.0006562772484322265
bfo-a7d84a931ad75b81180fb1321625d2044481cdc1305f26da0079240dfc24f3c7,2902,24.628527174649033,24.628527174649033,12.047912648816318,13.10804049875862,4.427243448565721e-05,0.06747817401670972,0.0006561000668852414
bfo-a7d84a931ad75b81180fb1321625d2044481cdc1305f26da0079240dfc24f3c7,2903,1000000.0000000044,24.62851231161286,12.047885306826222,13.10801621049455,4.4292108288340136e-05,0.06748145663662979,0.0006563596948839101
bfo-a7d84a931ad75b81180fb1321625d2044481cdc1305f26da0079240dfc24f3c7,2904,24.62853571449679,24.62853571449679,12.047899348962973,13.108023842253674,4.4285276815277386e-05,0.06748190422838476,0.000656254107255168
bfo-a7d84a931ad75b81180fb1321625d2044481cdc1305f26da0079240dfc24f3c7,2905,1000000.0000000331,24.6285105842946,12.04789135431867,13.108020301981165,4.428616624305985e-05,0.0674811700431995,0.0006562744275878607
bfo-a7d84a931ad75b81180fb1321625d2044481cdc1305f26da0079240dfc24f3c7,2906,24.628514206906214,24.628514206906214,12.04789140470974,13.108029931179829,4.428706547188396e-05,0.06747647590452002,0.0006563334092099098
bfo-a7d84a931ad75b81180fb1321625d2044481cdc1305f26da0079240dfc24f3c7,2907,24.62851129409441,24.62851129409441,12.047894154541043,13.108025754326738,4.4282324396498996e-05,0.0674790233876027,0.000656238371177058
bfo-a7d84a931ad75b81180fb1321625d2044481cdc1305f26da0079240dfc24f3c7,2908,24.6285034324476,24.6285034324476,12.047872751563295,13.108018623856701,4.430413715340639e-05,0.06747746317301721,0.000656576804611153
bfo-a7d84a931ad75b81180fb1321625d2044481cdc1305f26da0079240dfc24f3c7,2909,24.62854745706764,24.62854745706764,12.047890285990867,13.108029528230656,4.4291364084155335e-05,0.06747731260937008,0.0006563889753665873
bfo-a7d84a931ad75b81180fb1321625d2044481cdc1305f26da0079240dfc24f3c7,2910,24.628505964099745,24.628505964099745,12.047874132683253,13.108018007531896,4.4303504941685096e-05,0.06747772688795609,0.0006565648694012647
bfo-a7d84a931ad75b81180fb1321625d2044481cdc1305f26da0079240dfc24f3c7,2911,24.628511701054617,24.628511701054617,12.047863972648916,13.108014946181548,4.430751934128221e-05,0.06747645327713114,0.0006566367553331192
bfo-a7d84a931ad75b81180fb1321625d2044481cdc1305f26da0079240dfc24f3c7,2912,24.62849427873325,24.62849427873325,12.047869447160956,13.108015287843589,4.43012078047619e-05,0.06747745581003108,0.0006565334639984479
bfo-a7d84a931ad75b81180fb1321625d2044481cdc1305f26da0079240dfc24f3c7,2913,24.628406075419782,24.628406075419782,12.047867693010467,13.10801328704627,4.429342508112941e-05,0.06747684589167896,0.000656424059183708
bfo-a7d84a931ad75b81180fb1321625d2044481cdc1305f26da0079240dfc24f3c7,2914,24.62840385030085,24.62840385030085,12.047858853075345,13.108007824503018,4.430226562644697e-05,0.06747683012293071,0.0006565552285982635
bfo-a7d84a931ad75b81180fb1321625d2044481cdc1305f26da0079240dfc24f3c7,2915,24.628408063042322,24.628408063042322,12.04785186496727,13.108002303736779,4.430775640112752e-05,0.06747742015651209,0.0006566308596024692
bfo-a7d84a931ad75b81180fb1321625d2044481cdc1305f26da0079240dfc24f3c7,2916,24.6284014387335,24.6284014387335,12.047859678176719,13.108008278317032,4.43026479155026e-05,0.06747715484394562,0.0006565577345097213
bfo-a7d84a931ad75b81180fb1321625d2044481cdc1305f26da0079240dfc24f3c7,2917,24.628378831692597,24.628378831692597,12.047860226872928,13.108008426859701,4.429329817520053e-05,0.06747663086123001,0.0006564242702972607
bfo-a7d84a931ad75b81180fb1321625d2044481cdc1305f26da0079240dfc24f3c7,2918,1000000.0,24.62839867323426,12.047839740332632,13.10799020007472,4.431298398910344e-05,0.06747983001097535,0.0006566848787540825
bfo-a7d84a931ad75b81180fb1321625d2044481cdc1305f26da0079240dfc24f3c7,2919,24.62837866315202,24.62837866315202,12.047863535005087,13.108011770066096,4.429360990663626e-05,0.06747652595533114,0.0006564299106915823
bfo-a7d84a931ad75b81180fb1321625d2044481cdc1305f26da0079240dfc24f3c7,2920,24.628376386441214,24.628376386441214,12.047879242977295,13.108026617909859,4.4278693539672285e-05,0.06747390590296194,0.0006562343315851907
bfo-a7d84a931ad75b81180fb1321625d2044481cdc1305f26da0079240dfc24f3c7,2921,24.628377681593605,24.628377681593605,12.047894288880185,13.10803991616098,4.426830173014573e-05,0.06747168022671972,0.0006561019613176147
bfo-a7d84a931ad75b81180fb1321625d2044481cdc1305f26da0079240dfc24f3c7,2922,24.628370640110372,24.628370640110372,12.047873359195803,13.108021732954402,4.427994597580053e-05,0.067474289007937,0.0006562491673027021
bfo-a7d84a931ad75b81180fb1321625d2044481cdc1305f26da0079240dfc24f3c7,2923,1000000.0,24.628347461823004,12.047876912759689,13.10802254634066,4.42757727332085e-05,0.0674753137889918,0.0006561773520856428
bfo-a7d84a931ad75b81180fb1321625d2044481cdc1305f26da0079240dfc24f3c7,2924,24.628373678632727,24.628373678632727,12.047875309974465,13.10802296978817,4.4280427685079534e-05,0.06747442649579291,0.0006562549692488377
bfo-a7d84a931ad75b81180fb1321625d2044481cdc1305f26da0079240dfc24f3c7,2925,24.628409388166524,24.628409388166524,12.047871996033221,13.108023193608663,4.428438985615165e-05,0.06747299126826183,0.0006563276508682414
bfo-a7d84a931ad75b81180fb1321625d2044481cdc1305f26da0079240dfc24f3c7,2926,24.628372030236896,24.628372030236896,12.047872251049272,13.108020987490216,4.428161889954025e-05,0.06747462223712652,0.0006562707197369858
bfo-a7d84a931ad75b81180fb1321625d2044481cdc1305f26da0079240dfc24f3c7,2927,1000000.0,24.628374617015602,12.0478733830022,13.10802127839516,4.428548488991638e-05,0.0674753337914616,0.0006563210939687165
bfo-a7d84a931ad75b81180fb1321625d2044481cdc1305f26da0079240dfc24f3c7,2928,24.628383791581065,24.628383791581065,12.047878951808068,13.108028407070291,4.4275600580923764e-05,0.0674729924115843,0.0006561973761418972
bfo-a7d84a931ad75b81180fb1321625d2044481cdc1305f26da0079240dfc24f3c7,2929,1000000.0,24.62833008706567,12.047856282234994,13.108001633657826,4.429847750737964e-05,0.06747915145207986,0.0006564765050259721
bfo-a7d84a931ad75b81180fb1321625d2044481cdc1305f26da0079240dfc24f3c7,2930,24.628376180548457,24.628376180548457,12.047868618528707,13.108019115711256,4.428459417239811e-05,0.067474260704583,0.000656318331019375
bfo-a7d84a931ad75b81180fb1321625d2044481cdc1305f26da0079240dfc24f3c7,2931,1000000.0,24.628361771611175,12.04787138564812,13.10802719907269,4.427932402117154e-05,0.06747100437069994,0.0006562718968564865
bfo-a7d84a931ad75b81180fb1321625d2044481cdc1305f26da0079240dfc24f3c7,2932,24.62836855780379,24.62836855780379,12.047880737759728,13.108027428097198,4.427563775773175e-05,0.06747377047164235,0.0006561903603169733
bfo-a7d84a931ad75b81180fb1321625d2044481cdc1305f26da0079240dfc24f3c7,2933,1000000.0,24.628375579173102,12.047871000195142,13.108016976046708,4.4280077226622676e-05,0.06747519952607214,0.0006562422569719565
bfo-a7d84a931ad75b81180fb1321625d2044481cdc1305f26da0079240dfc24f3c7,2934,24.628366589518073,24.628366589518073,12.047875786336393,13.108022480594919,4.427994843528584e-05,0.06747485643171759,0.0006562436850843209
bfo-a7d84a931ad75b81180fb1321625d2044481cdc1305f26da0079240dfc24f3c7,2935,24.628401766179394,24.628401766179394,12.047893056900032,13.108039948108052,4.427313577284605e-05,0.06747239875095566,0.0006561666191276322
bfo-a7d84a931ad75b81180fb1321625d2044481cdc1305f26da0079240dfc24f3c7,2936,24.628378697104868,24.628378697104868,12.04788278488403,13.108030373324182,4.4271410018851747e-05,0.06747296103870944,0.0006561355739738931
bfo-a7d84a931ad75b81180fb1321625d2044481cdc1305f26da0079240dfc24f3c7,2937,1000000.0,24.62834607315333,12.047865159960796,13.108015884994668,4.428774759816875e-05,0.06747537052318073,0.0006563542705253317
bfo-a7d84a931ad75b81180fb1321625d2044481cdc1305f26da0079240dfc24f3c7,2938,24.628370832211665,24.628370832211665,12.047870572553185,13.108023423608008,4.4280743328555856e-05,0.06747243600973221,0.0006562790073589282
bfo-a7d84a931ad75b81180fb1321625d2044481cdc1305f26da0079240dfc24f3c7,2939,24.62839264656099,24.62839264656099,12.047888633115699,13.108031749896895,4.42650835939111e-05,0.06747350163526027,0.0006560365554050195
bfo-a7d84a931ad75b81180fb1321625d2044481cdc1305f26da0079240dfc24f3c7,2940,24.628361959598305,24.628361959598305,12.047880883336136,13.108027456068385,4.4275676250291156e-05,0.06747383414062397,0.0006561903116104989
bfo-a7d84a931ad75b81180fb1321625d2044481cdc1305f26da0079240dfc24f3c7,2941,1000000.0,24.62835990197365,12.047889290487724,13.108034324221624,4.426856063345007e-05,0.06747367178067713,0.0006560864329029673
bfo-a7d84a931ad75b81180fb1321625d2044481cdc1305f26da0079240dfc24f3c7,2942,24.628360836415695,24.628360836415695,12.047885902110863,13.108028192672927,4.426980579619637e-05,0.067474879206675,0.0006560931463189184
bfo-a7d84a931ad75b81180fb1321625d2044481cdc1305f26da0079240dfc24f3c7,2943,24.628386044206007,24.628386044206007,12.047901133317556,13.108049960091877,4.425171993121668e-05,0.06746805005974778,0.0006558914907430794
bfo-a7d84a931ad75b81180fb1321625d2044481cdc1305f26da0079240dfc24f3c7,2944,24.628362711894695,24.628362711894695,12.04788245274922,13.108025392019956,4.427183672959631e-05,0.06747521151600448,0.0006561200140750274
bfo-a7d84a931ad75b81180fb1321625d2044481cdc1305f26da0079240dfc24f3c7,2945,24.628386949413375,24.628386949413375,12.047876046830304,13.108022545684994,4.4275569353619764e-05,0.0674745360316772,0.000656181901463298
bfo-a7d84a931ad75b81180fb1321625d2044481cdc1305f26da0079240dfc24f3c7,2946,24.628359787206833,24.628359787206833,12.047885011095556,13.108027455511188,4.426993124013614e-05,0.0674748365556124,0.0006560954201593226
bfo-a7d84a931ad75b81180fb1321625d2044481cdc1305f26da0079240dfc24f3c7,2947,24.628379890057424,24.628379890057424,12.047891775647532,13.108032815165911,4.4269489340456636e-05,0.06747479959467902,0.0006560892304443047
bfo-a7d84a931ad75b81180fb1321625d2044481cdc1305f26da0079240dfc24f3c7,2948,24.628358867578278,24.628358867578278,12.047873371311121,13.108019134126351,4.427947262303751e-05,0.06747568681446985,0.0006562285574771205
bfo-a7d84a931ad75b81180fb1321625d2044481cdc1305f26da0079240dfc24f3c7,2949,24.62833477344885,24.62833477344885,12.047862921863608,13.108004115685555,4.429321174924075e-05,0.06747985279995987,0.0006563916474528394
bfo-a7d84a931ad75b81180fb1321625d2044481cdc1305f26da0079240dfc24f3c7,2950,24.628338487373846,24.628338487373846,12.047865615202404,13.108012345548264,4.4289297810289595e-05,0.0674763311278805,0.0006563679007139991
bfo-a7d84a931ad75b81180fb1321625d2044481cdc1305f26da0079240dfc24f3c7,2951,24.628337256427976,24.628337256427976,12.047858801356101,13.108000226436339,4.42937186161873e-05,0.06748017004884645,0.0006563960728629564
bfo-a7d84a931ad75b81180fb1321625d2044481cdc1305f26da0079240dfc24f3c7,2952,24.6283552541441,24.6283552541441,12.04786495512031,13.108002648836065,4.429119221005909e-05,0.0674802165278254,0.000656358181538965
bfo-a7d84a931ad75b81180fb1321625d2044481cdc1305f26da0079240dfc24f3c7,2953,24.628336737546455,24.628336737546455,12.047865078226174,13.108006279632892,4.4294687223813995e-05,0.06747940340838648,0.00065641788436898
bfo-a7d84a931ad75b81180fb1321625d2044481cdc1305f26da0079240dfc24f3c7,2954,24.628317870323222,24.628317870323222,12.047849642022339,13.107992280206,4.4303691792545184e-05,0.06748147863352176,0.0006565311355008915
bfo-a7d84a931ad75b81180fb1321625d2044481cdc1305f26da0079240dfc24f3c7,2955,24.62811875622213,24.62811875622213,12.047834652721395,13.107981181995662,4.4299343038552897e-05,0.06748130303277805,0.0006564684000994341
bfo-a7d84a931ad75b81180fb1321625d2044481cdc1305f26da0079240dfc24f3c7,2956,1000000.0,24.627739954115327,12.047804839505229,13.107959659682816,4.4291600703160845e-05,0.0674805973683915,0.0006563605307369051
bfo-a7d84a931ad75b81180fb1321625d2044481cdc1305f26da0079240dfc24f3c7,2957,24.628119324658716,24.628119324658716,12.047841167640986,13.107988252923853,4.4293904652066506e-05,0.06748002948994217,0.0006564001970193043
bfo-a7d84a931ad75b81180fb1321625d2044481cdc1305f26da0079240dfc24f3c7,2958,1000000.0,24.628124753559753,12.047849990724732,13.107981332309741,4.428934464370177e-05,0.0674855354785363,0.0006562790726879237
bfo-a7d84a931ad75b81180fb1321625d2044481cdc1305f26da0079240dfc24f3c7,2959,1000000.0000000875,24.628117965457403,12.047831042782922,13.10797765327192,4.42996208151001e-05,0.06748200171152396,0.0006564657196221702
bfo-a7d84a931ad75b81180fb1321625d2044481cdc1305f26da0079240dfc24f3c7,2960,1000000.0,24.62812271408385,12.047834331401992,13.107987580599271,4.4303512841222647e-05,0.06747809360191846,0.0006565614183261848
bfo-a7d84a931ad75b81180fb1321625d2044481cdc1305f26da0079240dfc24f3c7,2961,1000000.0000001863,24.62811713279153,12.04782845010276,13.107975014052766,4.4303878049910184e-05,0.06748251596349808,0.0006565238034971098
bfo-a7d84a931ad75b81180fb1321625d2044481cdc1305f26da0079240dfc24f3c7,2962,24.628119185142555,24.628119185142555,12.047833882080665,13.107985910253115,4.429673117318522e-05,0.06747884650080954,0.0006564535920550123
bfo-a7d84a931ad75b81180fb1321625d2044481cdc1305f26da0079240dfc24f3c7,2963,24.628120161972664,24.628120161972664,12.047836846788375,13.107978114931882,4.429922678099572e-05,0.06748344480800865,0.0006564458424881487
bfo-a7d84a931ad75b81180fb1321625d2044481cdc1305f26da0079240dfc24f3c7,2964,24.628120185715535,24.628120185715535,12.04781663136908,13.10796915981292,4.430996821971751e-05,0.06748209745546221,0.0006566181237766331
bfo-a7d84a931ad75b81180fb1321625d2044481cdc1305f26da0079240dfc24f3c7,2965,24.628120301915068,24.628120301915068,12.047830124355308,13.107979123322963,4.43003529695385e-05,0.06748065946385555,0.0006564896271244497
bfo-a7d84a931ad75b81180fb1321625d2044481cdc1305f26da0079240dfc24f3c7,2966,24.628119853506824,24.628119853506824,12.047825734485196,13.107985138820048,4.43077918195089e-05,0.06747691035590173,0.0006566363454670774
bfo-a7d84a931ad75b81180fb1321625d2044481cdc1305f26da0079240dfc24f3c7,2967,1000000.0000000427,24.62812092458241,12.047838397482348,13.107986632226995,4.4295693107996014e-05,0.06747979064387526,0.0006564290239394285
bfo-a7d84a931ad75b81180fb1321625d2044481cdc1305f26da0079240dfc24f3c7,2968,24.62812011108766,24.62812011108766,12.047827877613877,13.107971085672556,4.4306901397251836e-05,0.0674842133959913,0.0006565520907425108
bfo-a7d84a931ad75b81180fb1321625d2044481cdc1305f26da0079240dfc24f3c7,2969,24.628118978301398,24.628118978301398,12.047840575312815,13.107985604155616,4.429709017181989e-05,0.06748110671142024,0.0006564369248011047
bfo-a7d84a931ad75b81180fb1321625d2044481cdc1305f26da0079240dfc24f3c7,2970,1000000.0,24.627927593948762,12.047819847017342,13.107970533406682,4.4295313408941e-05,0.06748093669422726,0.0006564122488348668
bfo-a7d84a931ad75b81180fb1321625d2044481cdc1305f26da0079240dfc24f3c7,2971,24.62811990203923,24.62811990203923,12.047830421617013,13.107979732101725,4.4303139150900376e-05,0.06748112723498821,0.0006565263647215676
bfo-a7d84a931ad75b81180fb1321625d2044481cdc1305f26da0079240dfc24f3c7,2972,1000000.0,24.62812520712386,12.047830366778458,13.107967452969692,4.430159187758304e-05,0.06748667985710559,0.0006564494204098645
bfo-a7d84a931ad75b81180fb1321625d2044481cdc1305f26da0079240dfc24f3c7,2973,1000000.0000000736,24.628120765654167,12.047827097667271,13.107972942352447,4.430806275398849e-05,0.06748321373448972,0.0006565790261311053
bfo-a7d84a931ad75b81180fb1321625d2044481cdc1305f26da0079240dfc24f3c7,2974,1000000.0,24.62812475570333,12.047839331482738,13.107987250619075,4.429859407603543e-05,0.06748013771759899,0.0006564686376519094
bfo-a7d84a931ad75b81180fb1321625d2044481cdc1305f26da0079240dfc24f3c7,2975,1000000.0000000155,24.628118602351663,12.04784515758834,13.107986936824725,4.429116758761279e-05,0.06748145686798332,0.000656345752497036
bfo-a7d84a931ad75b81180fb1321625d2044481cdc1305f26da0079240dfc24f3c7,2976,24.62811921058811,24.62811921058811,12.047831440653564,13.107987417100283,4.4298168777584216e-05,0.06747724044001474,0.0006564905216739557
bfo-a7d84a931ad75b81180fb1321625d2044481cdc1305f26da0079240dfc24f3c7,2977,24.62812032050262,24.62812032050262,12.047826292081007,13.107974285244365,4.430627957447069e-05,0.06748237282086562,0.0006565607835409596
bfo-a7d84a931ad75b81180fb1321625d2044481cdc1305f26da0079240dfc24f3c7,2978,24.62812383318755,24.62812383318755,12.04781265506741,13.107965270195773,4.4320899355585246e-05,0.06748284608634834,0.0006567728234057289
bfo-a7d84a931ad75b81180fb1321625d2044481cdc1305f26da0079240dfc24f3c7,2979,1000000.0000001531,24.628117253166362,12.047837302470203,13.107983265009878,4.4296314972050887e-05,0.06748083833125468,0.0006564280478349427
bfo-a7d84a931ad75b81180fb1321625d2044481cdc1305f26da0079240dfc24f3c7,2980,24.628123596670854,24.628123596670854,12.04783941449775,13.107986209699405,4.42970290838967e-05,0.06748038576014014,0.0006564430328147655
bfo-a7d84a931ad75b81180fb1321625d2044481cdc1305f26da0079240dfc24f3c7,2981,1000000.000000114,24.628117968551745,12.047839745558061,13.107985573620624,4.4296429781085236e-05,0.06748077995416912,0.0006564303170646518
bfo-a7d84a931ad75b81180fb1321625d2044481cdc1305f26da0079240dfc24f3c7,2982,24.628120407779193,24.628120407779193,12.047838311826133,13.107984657452167,4.429411163240021e-05,0.06748011831175436,0.0006564024003005433
bfo-a7d84a931ad75b81180fb1321625d2044481cdc1305f26da0079240dfc24f3c7,2983,1000000.0000000225,24.628118627968128,12.04784530710563,13.107988407054375,4.42866592271747e-05,0.06748047594208083,0.000656288483578367
bfo-a7d84a931ad75b81180fb1321625d2044481cdc1305f26da0079240dfc24f3c7,2984,24.628122072692086,24.628122072692086,12.047844576061784,13.107983658017673,4.429051520869549e-05,0.06748238775032223,0.000656327031173908
bfo-a7d84a931ad75b81180fb1321625d2044481cdc1305f26da0079240dfc24f3c7,2985,24.62812292348862,24.62812292348862,12.047817602213362,13.107965809656665,4.4314777018111396e-05,0.06748373051409005,0.0006566734927147934
bfo-a7d84a931ad75b81180fb1321625d2044481cdc1305f26da0079240dfc24f3c7,2986,1000000.0,24.628119881811678,12.047841941077255,13.107989533368285,4.4298299338029944e-05,0.06747965133670246,0.0006564690015512264
bfo-a7d84a931ad75b81180fb1321625d2044481cdc1305f26da0079240dfc24f3c7,2987,1000000.0000002194,24.628117035802248,12.04783353880438,13.107975811311938,4.430335065371325e-05,0.06748402719495866,0.0006565012862335948
bfo-a7d84a931ad75b81180fb1321625d2044481cdc1305f26da0079240dfc24f3c7,2988,1000000.0,24.628134374446912,12.047819513041581,13.107967214534117,4.431236962258592e-05,0.06748345173660132,0.0006566405316009052
bfo-a7d84a931ad75b81180fb1321625d2044481cdc1305f26da0079240dfc24f3c7,2989,24.628118964892018,24.628118964892018,12.047833703621476,13.107981541985627,4.42997255449021e-05,0.06748047511327751,0.0006564821227256839
bfo-a7d84a931ad75b81180fb1321625d2044481cdc1305f26da0079240dfc24f3c7,2990,1000000.0,24.62812200087031,12.047853220742876,13.107998040373392,4.4288127556580024e-05,0.06747785486988432,0.0006563357362497607
bfo-a7d84a931ad75b81180fb1321625d2044481cdc1305f26da0079240dfc24f3c7,2991,1000000.0000002449,24.628119479791312,12.047844414294673,13.10798945467991,4.429508259299998e-05,0.06748062134355229,0.0006564118959054656
bfo-a7d84a931ad75b81180fb1321625d2044481cdc1305f26da0079240dfc24f3c7,2992,1000000.0,24.628121213689997,12.047805987758695,13.107958168018676,4.431771944382215e-05,0.06748380949017403,0.0006567163261622777
bfo-a7d84a931ad75b81180fb1321625d2044481cdc1305f26da0079240dfc24f3c7,2993,1000000.0000004442,24.628114813794866,12.047828928446696,13.107975738437485,4.430421486331257e-05,0.06748221013234314,0.0006565317700239085
bfo-a7d84a931ad75b81180fb1321625d2044481cdc1305f26da0079240dfc24f3c7,2994,24.628120629736877,24.628120629736877,12.047854803222872,13.107997311140352,4.427210515030524e-05,0.06747821432378535,0.0006560947943564622
bfo-a7d84a931ad75b81180fb1321625d2044481cdc1305f26da0079240dfc24f3c7,2995,1000000.0000003426,24.628115678197084,12.047833164426759,13.10797743137454,4.430067647448025e-05,0.06748251442479537,0.0006564763754298206
bfo-a7d84a931ad75b81180fb1321625d2044481cdc1305f26da0079240dfc24f3c7,2996,1000000.0,24.628129030024724,12.047854139883755,13.107999351788923,4.4286470108092844e-05,0.06747887356831783,0.0006563012653620509
bfo-a7d84a931ad75b81180fb1321625d2044481cdc1305f26da0079240dfc24f3c7,2997,1000000.0000000346,24.628118414419575,12.047831119010121,13.107976271363215,4.43036539834585e-05,0.06748249498977299,0.0006565206871822499
bfo-a7d84a931ad75b81180fb1321625d2044481cdc1305f26da0079240dfc24f3c7,2998,24.628119358701763,24.628119358701763,12.047833763694221,13.107973492840802,4.430108874174167e-05,0.06748550813869943,0.0006564533625603287
bfo-a7d84a931ad75b81180fb1321625d2044481cdc1305f26da0079240dfc24f3c7,2999,1000000.0000000744,24.628120868757755,12.04783037822222,13.107976158190475,4.4305337435792155e-05,0.06748268594243013,0.0006565437758892598
bfo-a7d84a931ad75b81180fb1321625d2044481cdc1305f26da0079240dfc24f3c7,3000,1000000.0,24.628133842875947,12.047833247421554,13.10798862167859,4.4309022503071115e-05,0.06747910482410696,0.0006566332291835869
bfo-a7d84a931ad75b81180fb1321625d2044481cdc1305f26da0079240dfc24f3c7,3001,1000000.000000038,24.628118392082428,12.04784311303246,13.107986514204766,4.429424093174618e-05,0.06748131895090549,0.0006563926375530901
bfo-a7d84a931ad75b81180fb1321625d2044481cdc1305f26da0079240dfc24f3c7,3002,1000000.0,24.628129220018877,12.047862809966384,13.10799843154895,4.4266379596099555e-05,0.06747997539635076,0.0006559928235909439
bfo-a7d84a931ad75b81180fb1321625d2044481cdc1305f26da0079240dfc24f3c7,3003,24.628119155341377,24.628119155341377,12.047831831173676,13.107978667482037,4.43041345342833e-05,0.06748213163798289,0.0006565313433185377
bfo-a7d84a931ad75b81180fb1321625d2044481cdc1305f26da0079240dfc24f3c7,3004,1000000.0,24.628130008993686,12.047847769975135,13.107987433559984,4.42891179870358e-05,0.06748171207050122,0.0006563128976449938
bfo-a7d84a931ad75b81180fb1321625d2044481cdc1305f26da0079240dfc24f3c7,3005,24.628119658368224,24.628119658368224,12.047835251068667,13.107978719152284,4.429998636805802e-05,0.06748288748922125,0.0006564625198519235
bfo-a7d84a931ad75b81180fb1321625d2044481cdc1305f26da0079240dfc24f3c7,3006,1000000.0,24.6281213347943,12.047828644188634,13.107976088244161,4.4302076058509206e-05,0.06748187780609849,0.000656503308722472
bfo-a7d84a931ad75b81180fb1321625d2044481cdc1305f26da0079240dfc24f3c7,3007,1000000.0000001555,24.628117395379764,12.047831853819417,13.107980141150124,4.429994237353688e-05,0.06748100285052501,0.0006564802018675427
bfo-a7d84a931ad75b81180fb1321625d2044481cdc1305f26da0079240dfc24f3c7,3008,1000000.0,24.628123400604068,12.04782822095956,13.107981718760023,4.4301565471379406e-05,0.06747931786403033,0.0006565206477138121
bfo-a7d84a931ad75b81180fb1321625d2044481cdc1305f26da0079240dfc24f3c7,3009,1000000.0000000936,24.628118050507346,12.04783255109847,13.107977912096896,4.429972300432088e-05,0.0674823636913618,0.0006564637126069066
bfo-a7d84a931ad75b81180fb1321625d2044481cdc1305f26da0079240dfc24f3c7,3010,1000000.0,24.62812325822138,12.04783833807617,13.107993313457786,4.429404520774549e-05,0.06747673631282715,0.0006564343154119817
bfo-a7d84a931ad75b81180fb1321625d2044481cdc1305f26da0079240dfc24f3c7,3011,1000000.0000000036,24.62811877751247,12.047836748835095,13.107985161406091,4.429797193859121e-05,0.06748001887637171,0.0006564605741997242
bfo-a7d84a931ad75b81180fb1321625d2044481cdc1305f26da0079240dfc24f3c7,3012,24.628123539136034,24.628123539136034,12.04783162208769,13.107986909054834,4.430261596197103e-05,0.06747780075654723,0.000656550976250844
bfo-a7d84a931ad75b81180fb1321625d2044481cdc1305f26da0079240dfc24f3c7,3013,24.628119188978932,24.628119188978932,12.047838320015941,13.107983757237818,4.429789729443253e-05,0.0674812901332131,0.0006564471012185032
bfo-a7d84a931ad75b81180fb1321625d2044481cdc1305f26da0079240dfc24f3c7,3014,1000000.0,24.628120568516277,12.047833254702955,13.107974009173697,4.430232419359408e-05,0.06748430748788613,0.0006564833491333764
bfo-a7d84a931ad75b81180fb1321625d2044481cdc1305f26da0079240dfc24f3c7,3015,1000000.0000001299,24.62811752017201,12.047842548580464,13.10798493730282,4.4296468452217485e-05,0.06748178858667545,0.0006564210786340064
bfo-a7d84a931ad75b81180fb1321625d2044481cdc1305f26da0079240dfc24f3c7,3016,24.628127894600752,24.628127894600752,12.047831496101326,13.107984112644456,4.429495004818614e-05,0.06747857912761615,0.0006564297977349981
bfo-a7d84a931ad75b81180fb1321625d2044481cdc1305f26da0079240dfc24f3c7,3017,24.628119334773697,24.628119334773697,12.04782875278473,13.107971209725015,4.430521863716642e-05,0.06748467098719158,0.0006565227034384659
bfo-a7d84a931ad75b81180fb1321625d2044481cdc1305f26da0079240dfc24f3c7,3018,1000000.0,24.628130087434013,12.047833320753579,13.107980745809018,4.430793178878843e-05,0.06748108049258235,0.0006565978414299226
bfo-a7d84a931ad75b81180fb1321625d2044481cdc1305f26da0079240dfc24f3c7,3019,1000000.0000000914,24.628117849100498,12.047838135161152,13.107980456534744,4.430014979509162e-05,0.06748308863688747,0.0006564629848740557
bfo-a7d84a931ad75b81180fb1321625d2044481cdc1305f26da0079240dfc24f3c7,3020,24.62813049018748,24.62813049018748,12.047858848077865,13.108005773734845,4.427731630788609e-05,0.06747647709699316,0.0006561889152013709
bfo-a7d84a931ad75b81180fb1321625d2044481cdc1305f26da0079240dfc24f3c7,3021,24.62811917498655,24.62811917498655,12.047826379722189,13.10797553256203,4.430742781370327e-05,0.06748185460811332,0.0006565828409875416
bfo-a7d84a931ad75b81180fb1321625d2044481cdc1305f26da0079240dfc24f3c7,3022,1000000.0,24.62812449823036,12.047852550776055,13.107996609988653,4.427990806787362e-05,0.06747829507323223,0.0006562096451876552
bfo-a7d84a931ad75b81180fb1321625d2044481cdc1305f26da0079240dfc24f3c7,3023,1000000.0000000928,24.6281200025006,12.047836016776865,13.107982284131422,4.429574050511524e-05,0.06748114120971042,0.0006564165885615041
bfo-a7d84a931ad75b81180fb1321625d2044481cdc1305f26da0079240dfc24f3c7,3024,1000000.0,24.62814287318912,12.047826280775103,13.107981019181652,4.431252379439212e-05,0.06747961321262573,0.0006566801687906097
bfo-a7d84a931ad75b81180fb1321625d2044481cdc1305f26da0079240dfc24f3c7,3025,1000000.0000001269,24.62812040749119,12.047837780946926,13.10798637857241,4.430143074282206e-05,0.06748003338989651,0.0006565116897149478
bfo-a7d84a931ad75b81180fb1321625d2044481cdc1305f26da0079240dfc24f3c7,3026,1000000.0,24.62813969302861,12.04782340536458,13.107973056397263,4.4301398254915884e-05,0.06748075710438871,0.0006565041673492825
bfo-a7d84a931ad75b81180fb1321625d2044481cdc1305f26da0079240dfc24f3c7,3027,1000000.0000003232,24.62811579859646,12.047836465171766,13.10798248906035,4.429806859155825e-05,0.0674809466916015,0.0006564529806318125
bfo-a7d84a931ad75b81180fb1321625d2044481cdc1305f26da0079240dfc24f3c7,3028,24.628137733786186,24.628137733786186,12.047836715225985,13.107983789577819,4.429870655407183e-05,0.06748143722790802,0.0006564576626377986
bfo-a7d84a931ad75b81180fb1321625d2044481cdc1305f26da0079240dfc24f3c7,3029,1000000.000000126,24.628117730374605,12.047842491507971,13.107994184216968,4.4285678886824416e-05,0.06747633545764949,0.0006563142261129408
bfo-a7d84a931ad75b81180fb1321625d2044481cdc1305f26da0079240dfc24f3c7,3030,1000000.0,24.628127670271155,12.047810367295767,13.107968177851015,4.4317102948794064e-05,0.06748023828263576,0.0006567419451480788
bfo-a7d84a931ad75b81180fb1321625d2044481cdc1305f26da0079240dfc24f3c7,3031,1000000.0000001225,24.62811768037073,12.047830664189508,13.107981425354321,4.429994741068855e-05,0.06747983930188695,0.0006564915961418091
bfo-a7d84a931ad75b81180fb1321625d2044481cdc1305f26da0079240dfc24f3c7,3032,24.628124320374983,24.628124320374983,12.047823090216756,13.107977050954169,4.430524081927704e-05,0.06747976808239053,0.000656570733396443
bfo-a7d84a931ad75b81180fb1321625d2044481cdc1305f26da0079240dfc24f3c7,3033,1000000.0000000425,24.6281187508621,12.04782974742702,13.107980098300967,4.430730626509475e-05,0.0674809257834827,0.0006565900771316898
bfo-a7d84a931ad75b81180fb1321625d2044481cdc1305f26da0079240dfc24f3c7,3034,1000000.0,24.628127472982108,12.047842229644056,13.10798799719586,4.429499266812717e-05,0.06748029718077263,0.0006564137165766407
bfo-a7d84a931ad75b81180fb1321625d2044481cdc1305f26da0079240dfc24f3c7,3035,1000000.0000002994,24.62811609123058,12.047838290229551,13.10798480193038,4.429714728776852e-05,0.06748059725718296,0.0006564427270692735
bfo-a7d84a931ad75b81180fb1321625d2044481cdc1305f26da0079240dfc24f3c7,3036,1000000.0,24.62813013463348,12.047824124221409,13.107971677245752,4.431335585533255e-05,0.06748408339710901,0.0006566489996547973
bfo-a7d84a931ad75b81180fb1321625d2044481cdc1305f26da0079240dfc24f3c7,3037,1000000.0000001449,24.62811755387871,12.04782876756011,13.107975720134153,4.430572035381314e-05,0.06748231560144119,0.0006565530533286402
bfo-a7d84a931ad75b81180fb1321625d2044481cdc1305f26da0079240dfc24f3c7,3038,1000000.0,24.62812706641825,12.047835143575817,13.10798266859819,4.430446471199895e-05,0.06748171745019527,0.0006565402658089988
bfo-a7d84a931ad75b81180fb1321625d2044481cdc1305f26da0079240dfc24f3c7,3039,1000000.0000002461,24.628121060447754,12.047841119697114,13.107988399646965,4.4295734917192324e-05,0.06747964615019966,0.0006564310491284528
bfo-a7d84a931ad75b81180fb1321625d2044481cdc1305f26da0079240dfc24f3c7,3040,1000000.0,24.6281259745712,12.047839072235224,13.107980724726467,4.429700644923511e-05,0.06748263172157853,0.0006564208496194512
bfo-a7d84a931ad75b81180fb1321625d2044481cdc1305f26da0079240dfc24f3c7,3041,1000000.0000001199,24.628117653496577,12.04783254652002,13.107983750282246,4.430010580913405e-05,0.06747934278095948,0.0006564987740460645
bfo-a7d84a931ad75b81180fb1321625d2044481cdc1305f26da0079240dfc24f3c7,3042,24.628125645919752,24.628125645919752,12.047836790807036,13.107978636981095,4.429653868600872e-05,0.06748208685188842,0.0006564192180842304
bfo-a7d84a931ad75b81180fb1321625d2044481cdc1305f26da0079240dfc24f3c7,3043,1000000.0000003079,24.62811600144844,12.047837419377098,13.107981070378312,4.429777727444645e-05,0.06748213517342656,0.0006564371023620225
bfo-a7d84a931ad75b81180fb1321625d2044481cdc1305f26da0079240dfc24f3c7,3044,1000000.0,24.62812383345593,12.047841226426717,13.107980788167142,4.429694584965128e-05,0.06748394062351488,0.0006564072198566297
bfo-a7d84a931ad75b81180fb1321625d2044481cdc1305f26da0079240dfc24f3c7,3045,1000000.0000005336,24.6281140010726,12.047839922936555,13.107980595353382,4.429412031111123e-05,0.06748278510201645,0.0006563765891426979
bfo-a7d84a931ad75b81180fb1321625d2044481cdc1305f26da0079240dfc24f3c7,3046,1000000.0,24.62812652462391,12.047833318307303,13.107980608149333,4.4309457373079594e-05,0.06748188950141912,0.0006566125770996348
bfo-a7d84a931ad75b81180fb1321625d2044481cdc1305f26da0079240dfc24f3c7,3047,24.628123059177053,24.628123059177053,12.047843707851188,13.107987111290205,4.429248906881274e-05,0.06748117459319744,0.0006563680809622085
bfo-a7d84a931ad75b81180fb1321625d2044481cdc1305f26da0079240dfc24f3c7,3048,24.628125685970325,24.628125685970325,12.0478211928666,13.107963973924853,4.431124939356242e-05,0.06748550640569134,0.0006566039399213201
bfo-a7d84a931ad75b81180fb1321625d2044481cdc1305f26da0079240dfc24f3c7,3049,1000000.0000006186,24.628113278175636,12.047834162332357,13.107978594011627,4.429968087695311e-05,0.0674822701400516,0.0006564639983956419
bfo-a7d84a931ad75b81180fb1321625d2044481cdc1305f26da0079240dfc24f3c7,3050,1000000.0,24.62812598718933,12.047818622935994,13.107968901321037,4.430810812112251e-05,0.06748243771365132,0.00065658724880591
bfo-a7d84a931ad75b81180fb1321625d2044481cdc1305f26da0079240dfc24f3c7,3051,1000000.0000000595,24.628118242280998,12.047837064569885,13.107982618948373,4.430094265805636e-05,0.06748143080852274,0.0006564908616676998
bfo-a7d84a931ad75b81180fb1321625d2044481cdc1305f26da0079240dfc24f3c7,3052,24.62812329886367,24.62812329886367,12.047836751892032,13.107982585195334,4.430046912533354e-05,0.06748166685516055,0.0006564815480983593
bfo-a7d84a931ad75b81180fb1321625d2044481cdc1305f26da0079240dfc24f3c7,3053,1000000.0000000141,24.62811866088759,12.047836855664785,13.107983448458874,4.429818033375704e-05,0.06748100757820741,0.0006564540442348533
bfo-a7d84a931ad75b81180fb1321625d2044481cdc1305f26da0079240dfc24f3c7,3054,1000000.0,24.628122526114623,12.047825140478814,13.107976800871885,4.430840181693962e-05,0.06748129336491089,0.0006566027354771956
bfo-a7d84a931ad75b81180fb1321625d2044481cdc1305f26da0079240dfc24f3c7,3055,1000000.0000000558,24.628118272610248,12.047830478053173,13.107978713803075,4.430350918709533e-05,0.06748125663319718,0.000656530589344425
bfo-a7d84a931ad75b81180fb1321625d2044481cdc1305f26da0079240dfc24f3c7,3056,1000000.0,24.628126376314537,12.04781962680664,13.107968008739011,4.4314968725039506e-05,0.06748313967706344,0.0006566820829188765
bfo-a7d84a931ad75b81180fb1321625d2044481cdc1305f26da0079240dfc24f3c7,3057,24.62812809353143,24.62812809353143,12.047848628259779,13.107991859484947,4.429118249534842e-05,0.0674801775064084,0.0006563584171239356
bfo-a7d84a931ad75b81180fb1321625d2044481cdc1305f26da0079240dfc24f3c7,3058,24.6281207547027,24.6281207547027,12.047841994794013,13.107984589868911,4.4293283296950586e-05,0.06748210324408342,0.0006563708178558299
bfo-a7d84a931ad75b81180fb1321625d2044481cdc1305f26da0079240dfc24f3c7,3059,1000000.0000002284,24.628116600621993,12.04783879945706,13.107986250300868,4.429441745243598e-05,0.06748014583351837,0.0006564066645871756
bfo-a7d84a931ad75b81180fb1321625d2044481cdc1305f26da0079240dfc24f3c7,3060,24.62812220783551,24.62812220783551,12.047827982746906,13.107978256137692,4.430203334087767e-05,0.06748080165706613,0.0006565131452649046
bfo-a7d84a931ad75b81180fb1321625d2044481cdc1305f26da0079240dfc24f3c7,3061,1000000.000000075,24.62811960758537,12.047839395020015,13.107984047442796,4.4295319224058e-05,0.06748138534268719,0.000656407970866564
bfo-a7d84a931ad75b81180fb1321625d2044481cdc1305f26da0079240dfc24f3c7,3062,1000000.0,24.62815352778783,12.047837697464232,13.107975826609072,4.4298576861260543e-05,0.06748479425289484,0.0006564230854028321
bfo-a7d84a931ad75b81180fb1321625d2044481cdc1305f26da0079240dfc24f3c7,3063,1000000.0000000887,24.628118298955172,12.04783369622001,13.107979109631426,4.43003424677286e-05,0.06748198920069234,0.0006564765353312094
bfo-a7d84a931ad75b81180fb1321625d2044481cdc1305f26da0079240dfc24f3c7,3064,1000000.0,24.628128794325754,12.047816662056233,13.107958120699433,4.432019018638995e-05,0.06748800397687704,0.0006567121202988175
bfo-a7d84a931ad75b81180fb1321625d2044481cdc1305f26da0079240dfc24f3c7,3065,1000000.0000000946,24.62811958766771,12.047838113291968,13.107983685306248,4.4295166087833755e-05,0.06748113394369862,0.0006564081469761673
bfo-a7d84a931ad75b81180fb1321625d2044481cdc1305f26da0079240dfc24f3c7,3066,1000000.0,24.62812609214907,12.047847263678687,13.10798944778331,4.429107049263524e-05,0.06748132986220669,0.0006563455489551742
bfo-a7d84a931ad75b81180fb1321625d2044481cdc1305f26da0079240dfc24f3c7,3067,24.62812194537981,24.62812194537981,12.047832263304675,13.107979439604385,4.429972760962008e-05,0.06748123578482347,0.0006564747532318175
bfo-a7d84a931ad75b81180fb1321625d2044481cdc1305f26da0079240dfc24f3c7,3068,24.62811907569448,24.62811907569448,12.047825454051639,13.107977699527785,4.430243086314911e-05,0.06748040932575451,0.0006565228531629651
bfo-a7d84a931ad75b81180fb1321625d2044481cdc1305f26da0079240dfc24f3c7,3069,1000000.0000001513,24.62812337500902,12.047828854580889,13.107979993207948,4.430364503745932e-05,0.06748003559235054,0.0006565444823577053
bfo-a7d84a931ad75b81180fb1321625d2044481cdc1305f26da0079240dfc24f3c7,3070,24.628129932793854,24.628129932793854,12.047828095447398,13.107972266272292,4.4307777514294336e-05,0.06748397074742025,0.0006565674340671205
bfo-a7d84a931ad75b81180fb1321625d2044481cdc1305f26da0079240dfc24f3c7,3071,24.628119328599904,24.628119328599904,12.047836092356736,13.107982302236106,4.429836131837704e-05,0.06748113666782574,0.0006564554704588728
bfo-a7d84a931ad75b81180fb1321625d2044481cdc1305f26da0079240dfc24f3c7,3072,24.628120353925652,24.628120353925652,12.047827044774026,13.107973153446789,4.4301574756562014e-05,0.06748317307090804,0.0006564832793207882
bfo-a7d84a931ad75b81180fb1321625d2044481cdc1305f26da0079240dfc24f3c7,3073,24.628120767161445,24.628120767161445,12.04784086724675,13.10798309645116,4.429778498010129e-05,0.06748222504151388,0.000656436342353117
bfo-a7d84a931ad75b81180fb1321625d2044481cdc1305f26da0079240dfc24f3c7,3074,24.62811925458926,24.62811925458926,12.047831884700603,13.107979176022253,4.4301559995329427e-05,0.06748152547542148,0.0006564990889464287
bfo-a7d84a931ad75b81180fb1321625d2044481cdc1305f26da0079240dfc24f3c7,3075,24.628119726588423,24.628119726588423,12.047834761629185,13.107980784679333,4.429759383123885e-05,0.06748151286949507,0.0006564404375003798
bfo-a7d84a931ad75b81180fb1321625d2044481cdc1305f26da0079240dfc24f3c7,3076,1000000.000000001,24.628118738791805,12.04783497433736,13.107981579342816,4.429874693806183e-05,0.06748116364603336,0.0006564609224942697
bfo-a7d84a931ad75b81180fb1321625d2044481cdc1305f26da0079240dfc24f3c7,3077,24.628118990023253,24.628118990023253,12.047835113501044,13.107982071600343,4.429868501162998e-05,0.06748108502607811,0.0006564607696291594
bfo-a7d84a931ad75b81180fb1321625d2044481cdc1305f26da0079240dfc24f3c7,3078,24.628118987200807,24.628118987200807,12.04783511430271,13.107981613573628,4.4299286355873486e-05,0.06748126626537887,0.0006564679178019685
bfo-a7d84a931ad75b81180fb1321625d2044481cdc1305f26da0079240dfc24f3c7,3079,24.628119777970724,24.628119777970724,12.04783289045512,13.10797963731449,4.43004423468849e-05,0.06748150204708438,0.0006564827545773184
bfo-a7d84a931ad75b81180fb1321625d2044481cdc1305f26da0079240dfc24f3c7,3080,24.628118929308258,24.628118929308258,12.04783512194923,13.107981597920823,4.429879571289256e-05,0.0674812234347565,0.0006564610636575428
bfo-a7d84a931ad75b81180fb1321625d2044481cdc1305f26da0079240dfc24f3c7,3081,24.62811953172788,24.62811953172788,12.047833206568846,13.107979675355518,4.430026700439596e-05,0.06748153561950458,0.0006564798295964029
bfo-a7d84a931ad75b81180fb1321625d2044481cdc1305f26da0079240dfc24f3c7,3082,24.628118794160308,24.628118794160308,12.047833992312198,13.107980857622298,4.429973224449568e-05,0.06748125872106367,0.0006564745987861652
bfo-a7d84a931ad75b81180fb1321625d2044481cdc1305f26da0079240dfc24f3c7,3083,24.62811883543401,24.62811883543401,12.04783486265304,13.107981395709638,4.429948192781333e-05,0.06748134838486548,0.0006564700170951042
bfo-a7d84a931ad75b81180fb1321625d2044481cdc1305f26da0079240dfc24f3c7,3084,1000000.0000000449,24.628118358489658,12.047833279536697,13.107979946916508,4.430033301246472e-05,0.06748147228711517,0.0006564814238785269
bfo-a7d84a931ad75b81180fb1321625d2044481cdc1305f26da0079240dfc24f3c7,3085,24.628119706834674,24.628119706834674,12.04783550891201,13.107981524356585,4.429933040068298e-05,0.06748142907371049,0.0006564669866770971
bfo-a7d84a931ad75b81180fb1321625d2044481cdc1305f26da0079240dfc24f3c7,3086,1000000.0000000009,24.628116074318477,12.047833299962022,13.107979894975978,4.430036872518579e-05,0.06748151877354207,0.0006564815008662035
bfo-a7d84a931ad75b81180fb1321625d2044481cdc1305f26da0079240dfc24f3c7,3087,24.628103273418695,24.628103273418695,12.047835095094497,13.107981707140114,4.429786235078333e-05,0.06748112488991215,0.0006564481908541137
bfo-a7d84a931ad75b81180fb1321625d2044481cdc1305f26da0079240dfc24f3c7,3088,24.628105201392437,24.628105201392437,12.047836088383143,13.107982917640737,4.429706908494191e-05,0.06748089088963376,0.0006564387117738351
bfo-a7d84a931ad75b81180fb1321625d2044481cdc1305f26da0079240dfc24f3c7,3089,1000000.0000000353,24.628104168979803,12.04783593119177,13.107981914264771,4.42974094802811e-05,0.06748129068059418,0.0006564398670136855
bfo-a7d84a931ad75b81180fb1321625d2044481cdc1305f26da0079240dfc24f3c7,3090,24.62811041239567,24.62811041239567,12.047834977356695,13.10798155165506,4.4298557407820816e-05,0.06748120157174768,0.000656457744913174
bfo-a7d84a931ad75b81180fb1321625d2044481cdc1305f26da0079240dfc24f3c7,3091,1000000.000000011,24.628103134301803,12.047835175283574,13.107981809778408,4.429749762953852e-05,0.06748109589690376,0.0006564430681033297
bfo-a7d84a931ad75b81180fb1321625d2044481cdc1305f26da0079240dfc24f3c7,3092,1000000.0,24.6281071893233,12.047834345917874,13.107981085025251,4.42989704443059e-05,0.06748123308207894,0.0006564635591413108
bfo-a7d84a931ad75b81180fb1321625d2044481cdc1305f26da0079240dfc24f3c7,3093,24.628102483246458,24.628102483246458,12.047835320461399,13.107981993097342,4.4297234022536314e-05,0.06748097445770289,0.0006564403430525717
bfo-a7d84a931ad75b81180fb1321625d2044481cdc1305f26da0079240dfc24f3c7,3094,24.628104952367984,24.628104952367984,12.047836890954816,13.107983828867082,4.429552097102432e-05,0.06748050992421185,0.0006564194760942549
bfo-a7d84a931ad75b81180fb1321625d2044481cdc1305f26da0079240dfc24f3c7,3095,24.628101529490568,24.628101529490568,12.047834442638683,13.107981254058199,4.429773826048791e-05,0.06748106021290376,0.0006564469811340824
bfo-a7d84a931ad75b81180fb1321625d2044481cdc1305f26da0079240dfc24f3c7,3096,1000000.0,24.62810004408495,12.047832443854372,13.107979833951461,4.4299147862533616e-05,0.0674811139707639,0.000656467347022845
bfo-a7d84a931ad75b81180fb1321625d2044481cdc1305f26da0079240dfc24f3c7,3097,24.628101424888904,24.628101424888904,12.04783391964605,13.107981097083284,4.429793790707408e-05,0.06748094947723719,0.0006564510169202162
bfo-a7d84a931ad75b81180fb1321625d2044481cdc1305f26da0079240dfc24f3c7,3098,24.628110561188212,24.628110561188212,12.047835319850316,13.10798212616821,4.429677836649684e-05,0.06748082768590566,0.0006564350184422658
bfo-a7d84a931ad75b81180fb1321625d2044481cdc1305f26da0079240dfc24f3c7,3099,24.62810040708645,24.62810040708645,12.047833806109733,13.10798068305923,4.4298093995080045e-05,0.06748110296817801,0.0006564518368345231
bfo-a7d84a931ad75b81180fb1321625d2044481cdc1305f26da0079240dfc24f3c7,3100,24.628096295397967,24.628096295397967,12.04783187152406,13.107979280422263,4.429923903000008e-05,0.06748117745849805,0.0006564680804101972
bfo-a7d84a931ad75b81180fb1321625d2044481cdc1305f26da0079240dfc24f3c7,3101,24.628100793113987,24.628100793113987,12.047831205680453,13.107978748967618,4.429988034843706e-05,0.06748129725808791,0.0006564764186291268
bfo-a7d84a931ad75b81180fb1321625d2044481cdc1305f26da0079240dfc24f3c7,3102,24.628095949885854,24.628095949885854,12.047831356332285,13.107979106629138,4.429952190868151e-05,0.0674811148449007,0.0006564728814943262
bfo-a7d84a931ad75b81180fb1321625d2044481cdc1305f26da0079240dfc24f3c7,3103,24.628100291370252,24.628100291370252,12.047830901144666,13.107979208308794,4.429984882009058e-05,0.06748091394884101,0.0006564796803682211
bfo-a7d84a931ad75b81180fb1321625d2044481cdc1305f26da0079240dfc24f3c7,3104,24.628095783406035,24.628095783406035,12.04783116518171,13.107978848326479,4.429925651773949e-05,0.06748115253759605,0.0006564685819949335
bfo-a7d84a931ad75b81180fb1321625d2044481cdc1305f26da0079240dfc24f3c7,3105,24.628100998371853,24.628100998371853,12.04783211131073,13.107979028352663,4.4299146941042407e-05,0.06748136872018982,0.0006564648551325026
bfo-a7d84a931ad75b81180fb1321625d2044481cdc1305f26da0079240dfc24f3c7,3106,24.62809445150188,24.62809445150188,12.047831012616454,13.107978489855968,4.429902093833549e-05,0.0674812451787762,0.0006564641897311663
bfo-a7d84a931ad75b81180fb1321625d2044481cdc1305f26da0079240dfc24f3c7,3107,24.62809992517019,24.62809992517019,12.047830940909062,13.10797880360657,4.4299177826329044e-05,0.06748110346298562,0.0006564678932766385
bfo-a7d84a931ad75b81180fb1321625d2044481cdc1305f26da0079240dfc24f3c7,3108,24.628092961694747,24.628092961694747,12.047831514266074,13.107979325063724,4.429811708735079e-05,0.06748094297964778,0.0006564537354006905
bfo-a7d84a931ad75b81180fb1321625d2044481cdc1305f26da0079240dfc24f3c7,3109,24.628090163620207,24.628090163620207,12.047830037823388,13.107978196860454,4.4298709275788914e-05,0.06748106149762206,0.0006564613580856303
bfo-a7d84a931ad75b81180fb1321625d2044481cdc1305f26da0079240dfc24f3c7,3110,1000000.0,24.628087020545003,12.047830568272657,13.107977684533347,4.4298278231835054e-05,0.06748149783719415,0.0006564507257783322
bfo-a7d84a931ad75b81180fb1321625d2044481cdc1305f26da0079240dfc24f3c7,3111,24.628089659541182,24.628089659541182,12.04782923381576,13.107977424716307,4.429920147073251e-05,0.06748119420547374,0.0006564673609042202
bfo-a7d84a931ad75b81180fb1321625d2044481cdc1305f26da0079240dfc24f3c7,3112,1000000.0,24.62809068239784,12.047828199008308,13.107976507948617,4.4300277470550875e-05,0.06748135372961117,0.000656481754175475
bfo-a7d84a931ad75b81180fb1321625d2044481cdc1305f26da0079240dfc24f3c7,3113,24.628088772066103,24.628088772066103,12.047828690773015,13.10797694699886,4.429933750518154e-05,0.06748121376763021,0.0006564691864868517
bfo-a7d84a931ad75b81180fb1321625d2044481cdc1305f26da0079240dfc24f3c7,3114,24.6280861583379,24.6280861583379,12.047826095319088,13.107974990253329,4.430109184425034e-05,0.06748136477741991,0.0006564937148259045
bfo-a7d84a931ad75b81180fb1321625d2044481cdc1305f26da0079240dfc24f3c7,3115,24.62808642088665,24.62808642088665,12.047827695437133,13.107976122104393,4.430002620063396e-05,0.0674813175841631,0.0006564783822631012
bfo-a7d84a931ad75b81180fb1321625d2044481cdc1305f26da0079240dfc24f3c7,3116,24.628085805478705,24.628085805478705,12.04782512881191,13.107974203636505,4.430199497613787e-05,0.06748148952391762,0.0006565058846313078
bfo-a7d84a931ad75b81180fb1321625d2044481cdc1305f26da0079240dfc24f3c7,3117,24.628086145708494,24.628086145708494,12.047825137171296,13.107974380102743,4.4301118780909995e-05,0.06748132336179936,0.0006564945169108599
bfo-a7d84a931ad75b81180fb1321625d2044481cdc1305f26da0079240dfc24f3c7,3118,24.6280852306771,24.6280852306771,12.047825048538,13.107974166934149,4.430172918840236e-05,0.06748149226818462,0.000656501919257189
bfo-a7d84a931ad75b81180fb1321625d2044481cdc1305f26da0079240dfc24f3c7,3119,24.628085873182805,24.628085873182805,12.04782421196889,13.107973746909494,4.430274613682334e-05,0.06748149264992988,0.0006565169855778135
bfo-a7d84a931ad75b81180fb1321625d2044481cdc1305f26da0079240dfc24f3c7,3120,24.62808398006549,24.62808398006549,12.047824301456295,13.107973681592759,4.430230663628653e-05,0.06748153152248924,0.000656510094491885
bfo-a7d84a931ad75b81180fb1321625d2044481cdc1305f26da0079240dfc24f3c7,3121,1000000.0,24.62808046968852,12.047824495479997,13.107972869154803,4.430199765294979e-05,0.0674819975710387,0.0006565009817071999
bfo-a7d84a931ad75b81180fb1321625d2044481cdc1305f26da0079240dfc24f3c7,3122,1000000.0000000078,24.628083173644583,12.0478227827807,13.107972679682497,4.4304029506751414e-05,0.0674816309629333,0.0006565346580180759
bfo-a7d84a931ad75b81180fb1321625d2044481cdc1305f26da0079240dfc24f3c7,3123,1000000.0,24.628085612289297,12.047825419721084,13.107974199821712,4.4300677406646435e-05,0.06748151925631211,0.0006564860704807357
bfo-a7d84a931ad75b81180fb1321625d2044481cdc1305f26da0079240dfc24f3c7,3124,1000000.0000000031,24.628083964030445,12.047824401134223,13.10797333918622,4.430235138405519e-05,0.06748172444922053,0.0006565088806732016
bfo-a7d84a931ad75b81180fb1321625d2044481cdc1305f26da0079240dfc24f3c7,3125,24.628085639254728,24.628085639254728,12.047825565349275,13.107975260167581,4.430118477131002e-05,0.06748116649452206,0.0006564970209118462
bfo-a7d84a931ad75b81180fb1321625d2044481cdc1305f26da0079240dfc24f3c7,3126,1000000.0000000285,24.628083246918088,12.047824555155232,13.107974057511017,4.4302108320431364e-05,0.06748144839759052,0.0006565079643728158
bfo-a7d84a931ad75b81180fb1321625d2044481cdc1305f26da0079240dfc24f3c7,3127,24.628085788376058,24.628085788376058,12.04782329580618,13.107972990363686,4.430309023756605e-05,0.06748158634921474,0.0006565211731730665
bfo-a7d84a931ad75b81180fb1321625d2044481cdc1305f26da0079240dfc24f3c7,3128,1000000.0000000093,24.628083698134777,12.047824238497538,13.107973202068617,4.4302059379049404e-05,0.0674816745285579,0.0006565050391614245
bfo-a7d84a931ad75b81180fb1321625d2044481cdc1305f26da0079240dfc24f3c7,3129,24.628086570410204,24.628086570410204,12.047824125761668,13.107973885448208,4.430316389542195e-05,0.06748148881308366,0.0006565232136199139
bfo-a7d84a931ad75b81180fb1321625d2044481cdc1305f26da0079240dfc24f3c7,3130,24.628083516083713,24.628083516083713,12.047823052711678,13.107972615933152,4.430323899513812e-05,0.06748172826500942,0.0006565219969049044
bfo-a7d84a931ad75b81180fb1321625d2044481cdc1305f26da0079240dfc24f3c7,3131,24.62808384136868,24.62808384136868,12.04782057589835,13.10797145361024,4.430602498220402e-05,0.0674816719235029,0.0006565638301378964
bfo-a7d84a931ad75b81180fb1321625d2044481cdc1305f26da0079240dfc24f3c7,3132,1000000.0000000116,24.6280832525808,12.04782296757208,13.107972757909092,4.4303257699489026e-05,0.06748164167367046,0.0006565231165200739
bfo-a7d84a931ad75b81180fb1321625d2044481cdc1305f26da0079240dfc24f3c7,3133,24.628085714290727,24.628085714290727,12.04782226917617,13.107971588876893,4.4304100458012786e-05,0.06748206216873721,0.0006565315142153109
bfo-a7d84a931ad75b81180fb1321625d2044481cdc1305f26da0079240dfc24f3c7,3134,1000000.0000000516,24.628082805370784,12.047823076913664,13.107972678685597,4.4303152674996925e-05,0.0674817036755753,0.0006565209569691445
bfo-a7d84a931ad75b81180fb1321625d2044481cdc1305f26da0079240dfc24f3c7,3135,1000000.0,24.628083201191902,12.047822105466771,13.107972358702513,4.430318173366169e-05,0.06748154507918779,0.000656522930553429
bfo-a7d84a931ad75b81180fb1321625d2044481cdc1305f26da0079240dfc24f3c7,3136,24.628082671166332,24.628082671166332,12.04782289958009,13.107972481830863,4.430330931224756e-05,0.0674817069589352,0.0006565232462066729
bfo-a7d84a931ad75b81180fb1321625d2044481cdc1305f26da0079240dfc24f3c7,3137,24.628083077928625,24.628083077928625,12.047825416967935,13.10797449203993,4.430124150435537e-05,0.06748145474678256,0.0006564950573545186
bfo-a7d84a931ad75b81180fb1321625d2044481cdc1305f26da0079240dfc24f3c7,3138,24.628083025148676,24.628083025148676,12.047822826860802,13.107972672227808,4.4303017336413994e-05,0.06748157164423878,0.0006565202359242378
bfo-a7d84a931ad75b81180fb1321625d2044481cdc1305f26da0079240dfc24f3c7,3139,24.62808366485376,24.62808366485376,12.047822831899309,13.10797269240067,4.43036898580049e-05,0.06748156782759619,0.0006565302390601418
bfo-a7d84a931ad75b81180fb1321625d2044481cdc1305f26da0079240dfc24f3c7,3140,24.628082415946945,24.628082415946945,12.04782259216639,13.107972210522822,4.4303444044581005e-05,0.06748172195449441,0.0006565250968915193
bfo-a7d84a931ad75b81180fb1321625d2044481cdc1305f26da0079240dfc24f3c7,3141,24.628082556035714,24.628082556035714,12.047822125042249,13.107971465361361,4.430407828856571e-05,0.0674818842772582,0.0006565329163977783
bfo-a7d84a931ad75b81180fb1321625d2044481cdc1305f26da0079240dfc24f3c7,3142,24.628082315081603,24.628082315081603,12.047822904290241,13.107972350087902,4.4303330707173966e-05,0.06748174530567835,0.0006565231901826048
bfo-a7d84a931ad75b81180fb1321625d2044481cdc1305f26da0079240dfc24f3c7,3143,24.628084178640755,24.628084178640755,12.047823266244635,13.107973085557248,4.430276063257529e-05,0.06748146973307544,0.0006565174233432662
bfo-a7d84a931ad75b81180fb1321625d2044481cdc1305f26da0079240dfc24f3c7,3144,24.62808245142981,24.62808245142981,12.04782339994121,13.107972463608709,4.4302904956527124e-05,0.06748180472607795,0.0006565163029702808
bfo-a7d84a931ad75b81180fb1321625d2044481cdc1305f26da0079240dfc24f3c7,3145,24.628083326893083,24.628083326893083,12.047821499371231,13.107971409418036,4.4305292612610056e-05,0.06748185034405056,0.0006565512413593171
bfo-a7d84a931ad75b81180fb1321625d2044481cdc1305f26da0079240dfc24f3c7,3146,24.628082187839905,24.628082187839905,12.0478225777936,13.10797263654154,4.4303668828179884e-05,0.0674815192907095,0.0006565303996390517
bfo-a7d84a931ad75b81180fb1321625d2044481cdc1305f26da0079240dfc24f3c7,3147,24.628080620850305,24.628080620850305,12.047824366817496,13.107974084783937,4.430235311046888e-05,0.06748136227282858,0.0006565124297780701
bfo-a7d84a931ad75b81180fb1321625d2044481cdc1305f26da0079240dfc24f3c7,3148,24.628081305467536,24.628081305467536,12.047824984316685,13.107974833096542,4.430130802783482e-05,0.06748115243464767,0.0006564989842273154
bfo-a7d84a931ad75b81180fb1321625d2044481cdc1305f26da0079240dfc24f3c7,3149,1000000.000000017,24.628080932326586,12.047824515284873,13.107973982908646,4.430219755028081e-05,0.06748140077427017,0.0006565097499750286
bfo-a7d84a931ad75b81180fb1321625d2044481cdc1305f26da0079240dfc24f3c7,3150,24.62807970092766,24.62807970092766,12.04782409824989,13.107973993209214,4.430214874831504e-05,0.06748125275835466,0.0006565104667952406
bfo-a7d84a931ad75b81180fb1321625d2044481cdc1305f26da0079240dfc24f3c7,3151,1000000.0,24.628080497513345,12.047823629822965,13.107974261211586,4.4302603586450356e-05,0.06748099553134862,0.000656519709550956
bfo-a7d84a931ad75b81180fb1321625d2044481cdc1305f26da0079240dfc24f3c7,3152,1000000.0000000048,24.628079967329327,12.04782436890563,13.107974257673192,4.430203375575066e-05,0.06748121169141025,0.0006565091622590102
bfo-a7d84a931ad75b81180fb1321625d2044481cdc1305f26da0079240dfc24f3c7,3153,24.62808065346462,24.62808065346462,12.047824601424683,13.107974523502499,4.4302079755416366e-05,0.06748117201264864,0.000656510229951436
bfo-a7d84a931ad75b81180fb1321625d2044481cdc1305f26da0079240dfc24f3c7,3154,1000000.0000000021,24.628079959082008,12.047823024719328,13.107973194948169,4.430324110012742e-05,0.06748134157065934,0.000656525790225106
bfo-a7d84a931ad75b81180fb1321625d2044481cdc1305f26da0079240dfc24f3c7,3155,24.628079703454354,24.628079703454354,12.047825036079805,13.107974448482327,4.430188669119542e-05,0.06748135995616522,0.0006565055404925625
bfo-a7d84a931ad75b81180fb1321625d2044481cdc1305f26da0079240dfc24f3c7,3156,24.628079687685187,24.628079687685187,12.04782388798485,13.107973638888705,4.430243611027633e-05,0.06748136957747808,0.0006565135886788859
bfo-a7d84a931ad75b81180fb1321625d2044481cdc1305f26da0079240dfc24f3c7,3157,24.62807805422014,24.62807805422014,12.047825486742965,13.107975519632305,4.4301050446478004e-05,0.06748099165661475,0.0006564967312855936
bfo-a7d84a931ad75b81180fb1321625d2044481cdc1305f26da0079240dfc24f3c7,3158,24.628079339655795,24.628079339655795,12.047825468567913,13.107975475771768,4.430208063641787e-05,0.06748111104204241,0.0006565108361777946
bfo-a7d84a931ad75b81180fb1321625d2044481cdc1305f26da0079240dfc24f3c7,3159,24.62807845517559,24.62807845517559,12.04782501915375,13.107975418914343,4.43012400552176e-05,0.06748089066426113,0.0006565005236168316
bfo-a7d84a931ad75b81180fb1321625d2044481cdc1305f26da0079240dfc24f3c7,3160,24.628079731185494,24.628079731185494,12.047825633705074,13.107975448705622,4.430078970037656e-05,0.06748096608745882,0.0006564931160434255
bfo-a7d84a931ad75b81180fb1321625d2044481cdc1305f26da0079240dfc24f3c7,3161,24.62807824023849,24.62807824023849,12.047825695197504,13.107975669803782,4.43007798909913e-05,0.06748095001728384,0.0006564931270179892
bfo-a7d84a931ad75b81180fb1321625d2044481cdc1305f26da0079240dfc24f3c7,3162,24.6280783600249,24.6280783600249,12.047827094892213,13.107975899546055,4.4299687358595176e-05,0.06748125563536704,0.0006564739636435816
bfo-a7d84a931ad75b81180fb1321625d2044481cdc1305f26da0079240dfc24f3c7,3163,24.62807820051786,24.62807820051786,12.04782527009281,13.107975799355163,4.430105623253562e-05,0.06748078940619222,0.0006564987846521907
bfo-a7d84a931ad75b81180fb1321625d2044481cdc1305f26da0079240dfc24f3c7,3164,24.628078863503013,24.628078863503013,12.047824854577124,13.107975673985042,4.43017165550011e-05,0.06748079785775948,0.0006565084877683754
bfo-a7d84a931ad75b81180fb1321625d2044481cdc1305f26da0079240dfc24f3c7,3165,24.628078205222117,24.628078205222117,12.047826487503057,13.107976271387592,4.429970897454478e-05,0.06748086268565191,0.0006564781067027465
bfo-a7d84a931ad75b81180fb1321625d2044481cdc1305f26da0079240dfc24f3c7,3166,24.628077409820396,24.628077409820396,12.047825896577052,13.107975215461261,4.430076471559744e-05,0.06748127913075117,0.0006564897003472718
bfo-a7d84a931ad75b81180fb1321625d2044481cdc1305f26da0079240dfc24f3c7,3167,24.62807787480863,24.62807787480863,12.047827473590967,13.107977072026475,4.42998079909141e-05,0.06748091620245121,0.0006564790533965058
bfo-a7d84a931ad75b81180fb1321625d2044481cdc1305f26da0079240dfc24f3c7,3168,24.628077484847154,24.628077484847154,12.047825799598089,13.107975338571542,4.4300676899055904e-05,0.06748118759763647,0.0006564892894772874
bfo-a7d84a931ad75b81180fb1321625d2044481cdc1305f26da0079240dfc24f3c7,3169,24.628076563000675,24.628076563000675,12.047825450379358,13.107974076209793,4.430079372183205e-05,0.06748158462013155,0.0006564871582552603
bfo-a7d84a931ad75b81180fb1321625d2044481cdc1305f26da0079240dfc24f3c7,3170,24.628078456816617,24.628078456816617,12.047826066568394,13.10797483650256,4.429971556166631e-05,0.06748131514685232,0.0006564738026409474
bfo-a7d84a931ad75b81180fb1321625d2044481cdc1305f26da0079240dfc24f3c7,3171,24.628076603857153,24.628076603857153,12.047825377647094,13.107973672244732,4.4300930084985916e-05,0.06748179955219945,0.0006564870880587239
bfo-a7d84a931ad75b81180fb1321625d2044481cdc1305f26da0079240dfc24f3c7,3172,24.62807452004617,24.62807452004617,12.047825521402668,13.10797467765837,4.430091963414457e-05,0.06748137491063826,0.0006564910642797328
bfo-a7d84a931ad75b81180fb1321625d2044481cdc1305f26da0079240dfc24f3c7,3173,24.628073609568396,24.628073609568396,12.047825384626453,13.107973800794385,4.430160702483954e-05,0.06748179145679425,0.0006564971982583478
bfo-a7d84a931ad75b81180fb1321625d2044481cdc1305f26da0079240dfc24f3c7,3174,24.628070424703864,24.628070424703864,12.047825765278377,13.10797397574079,4.4301169592140287e-05,0.06748182197879724,0.0006564904190947853
bfo-a7d84a931ad75b81180fb1321625d2044481cdc1305f26da0079240dfc24f3c7,3175,24.628067965399566,24.628067965399566,12.047825552043571,13.107973653049218,4.430129094484196e-05,0.06748199464455046,0.00065649053763439
bfo-a7d84a931ad75b81180fb1321625d2044481cdc1305f26da0079240dfc24f3c7,3176,24.62806914105142,24.62806914105142,12.047826738786608,13.107974255161208,4.429979897719676e-05,0.06748200404349136,0.0006564683370791131
bfo-a7d84a931ad75b81180fb1321625d2044481cdc1305f26da0079240dfc24f3c7,3177,24.62806846895254,24.62806846895254,12.047825360803296,13.107973950134634,4.43014915213602e-05,0.06748180337185526,0.0006564953707185172
bfo-a7d84a931ad75b81180fb1321625d2044481cdc1305f26da0079240dfc24f3c7,3178,1000000.0,24.628065620581545,12.047825001644512,13.107973449280237,4.430062366816198e-05,0.06748191339168336,0.0006564814398641771
bfo-a7d84a931ad75b81180fb1321625d2044481cdc1305f26da0079240dfc24f3c7,3179,24.62806723089557,24.62806723089557,12.04782601585153,13.10797404751462,4.430108129697529e-05,0.06748192697875473,0.0006564880891875326
bfo-a7d84a931ad75b81180fb1321625d2044481cdc1305f26da0079240dfc24f3c7,3180,1000000.0,24.62806624085819,12.047827395702434,13.107974573595481,4.430040058421732e-05,0.06748207728579478,0.0006564765396388103
bfo-a7d84a931ad75b81180fb1321625d2044481cdc1305f26da0079240dfc24f3c7,3181,24.62806745591144,24.62806745591144,12.047824994878514,13.107973323593832,4.430172759105101e-05,0.06748199051925059,0.0006564970483259982
bfo-a7d84a931ad75b81180fb1321625d2044481cdc1305f26da0079240dfc24f3c7,3182,24.628066451237196,24.628066451237196,12.047824203396695,13.107972288212594,4.430275511138013e-05,0.06748225632485862,0.0006565096889782004
bfo-a7d84a931ad75b81180fb1321625d2044481cdc1305f26da0079240dfc24f3c7,3183,24.62806532727896,24.62806532727896,12.047824539664026,13.107971985185914,4.430250094618531e-05,0.06748248756054384,0.0006565036729927606
bfo-a7d84a931ad75b81180fb1321625d2044481cdc1305f26da0079240dfc24f3c7,3184,24.628065261096058,24.628065261096058,12.047823920924174,13.107971719039377,4.430304623748867e-05,0.06748242597098739,0.0006565123526610589
bfo-a7d84a931ad75b81180fb1321625d2044481cdc1305f26da0079240dfc24f3c7,3185,1000000.0,24.62806741295158,12.047824757221987,13.107973462061125,4.430227659432105e-05,0.06748182856865059,0.0006565067594345265
bfo-a7d84a931ad75b81180fb1321625d2044481cdc1305f26da0079240dfc24f3c7,3186,24.628064464639433,24.628064464639433,12.047823324816612,13.10797106673331,4.4303271940606114e-05,0.06748256665512044,0.0006565143286120768
bfo-a7d84a931ad75b81180fb1321625d2044481cdc1305f26da0079240dfc24f3c7,3187,24.62806085313079,24.62806085313079,12.04782222189968,13.107969955495959,4.430318207665656e-05,0.06748275677712633,0.000656511147328726
bfo-a7d84a931ad75b81180fb1321625d2044481cdc1305f26da0079240dfc24f3c7,3188,24.62805800888612,24.62805800888612,12.047822645502292,13.10796906266971,4.430313590639939e-05,0.06748329815605399,0.000656505196351683
bfo-a7d84a931ad75b81180fb1321625d2044481cdc1305f26da0079240dfc24f3c7,3189,24.62805926342432,24.62805926342432,12.047823369220033,13.107969706448989,4.430285648252271e-05,0.06748320261770435,0.0006565019851458527
bfo-a7d84a931ad75b81180fb1321625d2044481cdc1305f26da0079240dfc24f3c7,3190,24.628058943660385,24.628058943660385,12.047822831509757,13.107968968546444,4.43026009857527e-05,0.06748335312041986,0.0006564967349310199
bfo-a7d84a931ad75b81180fb1321625d2044481cdc1305f26da0079240dfc24f3c7,3191,24.628060367148848,24.628060367148848,12.047823318224182,13.10796970008099,4.430326116946052e-05,0.06748321371787235,0.000656507874012633
bfo-a7d84a931ad75b81180fb1321625d2044481cdc1305f26da0079240dfc24f3c7,3192,24.62805896259184,24.62805896259184,12.047822865392305,13.107968930940029,4.4303228400348296e-05,0.06748346628523673,0.0006565049313425747
bfo-a7d84a931ad75b81180fb1321625d2044481cdc1305f26da0079240dfc24f3c7,3193,1000000.0,24.628062533454205,12.047820883515671,13.107967742191683,4.430520153379691e-05,0.06748348587313191,0.0006565339795441232
bfo-a7d84a931ad75b81180fb1321625d2044481cdc1305f26da0079240dfc24f3c7,3194,24.62806095757088,24.62806095757088,12.047822523798631,13.107969105039219,4.430329644249598e-05,0.06748325110367019,0.0006565080329997093
bfo-a7d84a931ad75b81180fb1321625d2044481cdc1305f26da0079240dfc24f3c7,3195,24.62806418835988,24.62806418835988,12.0478232042064,13.107969490650966,4.430240376447565e-05,0.06748328319804568,0.0006564944926354539
bfo-a7d84a931ad75b81180fb1321625d2044481cdc1305f26da0079240dfc24f3c7,3196,1000000.0000000007,24.628057989038304,12.047822702486203,13.107969215138688,4.430329774783811e-05,0.06748324132629932,0.0006565081474616779
bfo-a7d84a931ad75b81180fb1321625d2044481cdc1305f26da0079240dfc24f3c7,3197,1000000.0,24.628057267247502,12.047823597818853,13.107969833408156,4.430163480577648e-05,0.06748317885662401,0.0006564841128764924
bfo-a7d84a931ad75b81180fb1321625d2044481cdc1305f26da0079240dfc24f3c7,3198,24.628058106337473,24.628058106337473,12.047822399988743,13.107968980335588,4.430352656466026e-05,0.06748329688465138,0.0006565109976826992
bfo-a7d84a931ad75b81180fb1321625d2044481cdc1305f26da0079240dfc24f3c7,3199,1000000.0,24.62805820866869,12.047823158407759,13.107969141763077,4.430286787329693e-05,0.06748345585791839,0.0006564996903325974
bfo-a7d84a931ad75b81180fb1321625d2044481cdc1305f26da0079240dfc24f3c7,3200,1000000.0000000002,24.62805713798793,12.047823133530928,13.107969379876572,4.430225397951719e-05,0.06748323022336475,0.0006564927883991303
bfo-a7d84a931ad75b81180fb1321625d2044481cdc1305f26da0079240dfc24f3c7,3201,24.628056483111052,24.628056483111052,12.047821689525229,13.107968658636441,4.430426555266506e-05,0.06748327050377437,0.0006565222050135685
bfo-a7d84a931ad75b81180fb1321625d2044481cdc1305f26da0079240dfc24f3c7,3202,24.6280634571537,24.6280634571537,12.04782194158,13.107969082592325,4.430429351428591e-05,0.06748320326532128,0.0006565232735040201
bfo-a7d84a931ad75b81180fb1321625d2044481cdc1305f26da0079240dfc24f3c7,3203,24.62805638046388,24.62805638046388,12.04782196557175,13.107969113870947,4.4303962703963456e-05,0.06748313110117818,0.000656519073448712
bfo-a7d84a931ad75b81180fb1321625d2044481cdc1305f26da0079240dfc24f3c7,3204,24.62805716527117,24.62805716527117,12.047821967537828,13.107969227397787,4.430393887587755e-05,0.06748311096185809,0.0006565189162799331
bfo-a7d84a931ad75b81180fb1321625d2044481cdc1305f26da0079240dfc24f3c7,3205,24.628056191485616,24.628056191485616,12.04782255982341,13.10796962245757,4.4303399521170974e-05,0.06748305809255756,0.0006565114381806153
bfo-a7d84a931ad75b81180fb1321625d2044481cdc1305f26da0079240dfc24f3c7,3206,24.62805582102049,24.62805582102049,12.047822345093495,13.1079698078383,4.430417364333776e-05,0.06748294300773656,0.0006565240291647997
bfo-a7d84a931ad75b81180fb1321625d2044481cdc1305f26da0079240dfc24f3c7,3207,1000000.0,24.62805280019203,12.047823598362605,13.107970992247253,4.430211310414424e-05,0.06748262184357938,0.0006564966193345873
bfo-a7d84a931ad75b81180fb1321625d2044481cdc1305f26da0079240dfc24f3c7,3208,1000000.0000000858,24.62805677672923,12.04782198794975,13.107969248344109,4.430457448076421e-05,0.06748311922948823,0.0006565282545713204
bfo-a7d84a931ad75b81180fb1321625d2044481cdc1305f26da0079240dfc24f3c7,3209,24.628056227071895,24.628056227071895,12.047821436123789,13.107969716105512,4.430485339816479e-05,0.06748271280519122,0.0006565363417748755
bfo-a7d84a931ad75b81180fb1321625d2044481cdc1305f26da0079240dfc24f3c7,3210,1000000.0000000099,24.628056280649965,12.047822064757025,13.107969729575256,4.4304081188210365e-05,0.06748289135235108,0.0006565231616541698
bfo-a7d84a931ad75b81180fb1321625d2044481cdc1305f26da0079240dfc24f3c7,3211,24.628057832664616,24.628057832664616,12.04782175765283,13.10796959252244,4.430546344078028e-05,0.0674829310490855,0.0006565432584508449
bfo-a7d84a931ad75b81180fb1321625d2044481cdc1305f26da0079240dfc24f3c7,3212,1000000.000000012,24.628055802248177,12.047822190846809,13.107970082023236,4.4303930218566806e-05,0.06748272787739555,0.0006565225149027672
bfo-a7d84a931ad75b81180fb1321625d2044481cdc1305f26da0079240dfc24f3c7,3213,24.628053571207815,24.628053571207815,12.04782374163402,13.107970419945513,4.4303548435931095e-05,0.06748312443122079,0.0006565129994993866
bfo-a7d84a931ad75b81180fb1321625d2044481cdc1305f26da0079240dfc24f3c7,3214,1000000.0,24.62805509692992,12.047823532430503,13.107970156078878,4.430427888101064e-05,0.0674832700966908,0.0006565224064798721
bfo-a7d84a931ad75b81180fb1321625d2044481cdc1305f26da0079240dfc24f3c7,3215,24.62805474088261,24.62805474088261,12.047822961988825,13.10796949448277,4.430467682381323e-05,0.06748337736465754,0.0006565272598080801
bfo-a7d84a931ad75b81180fb1321625d2044481cdc1305f26da0079240dfc24f3c7,3216,24.628054205201696,24.628054205201696,12.047824557360496,13.107972080588652,4.430186954717182e-05,0.06748238435000645,0.0006564953205772076
bfo-a7d84a931ad75b81180fb1321625d2044481cdc1305f26da0079240dfc24f3c7,3217,24.628053628672046,24.628053628672046,12.047824185618618,13.10797056702041,4.430341593329512e-05,0.06748320650106987,0.0006565102375891511
bfo-a7d84a931ad75b81180fb1321625d2044481cdc1305f26da0079240dfc24f3c7,3218,24.62805296605395,24.62805296605395,12.047823354707152,13.107970411195055,4.430371984366979e-05,0.06748302494773001,0.000656516507343675
bfo-a7d84a931ad75b81180fb1321625d2044481cdc1305f26da0079240dfc24f3c7,3219,1000000.0,24.62805413965143,12.047823166254654,13.107970265179144,4.430433071829338e-05,0.06748310853705156,0.0006565247463958795
bfo-a7d84a931ad75b81180fb1321625d2044481cdc1305f26da0079240dfc24f3c7,3220,24.628053038514068,24.628053038514068,12.04782265086497,13.107969675036214,4.4304507234623886e-05,0.06748317476291231,0.000656526717811933
bfo-a7d84a931ad75b81180fb1321625d2044481cdc1305f26da0079240dfc24f3c7,3221,24.628052137629233,24.628052137629233,12.047822928555691,13.107969955564826,4.43042224050199e-05,0.06748315763245528,0.0006565226637188695
bfo-a7d84a931ad75b81180fb1321625d2044481cdc1305f26da0079240dfc24f3c7,3222,24.628051163184566,24.628051163184566,12.047823084167902,13.107970865815059,4.430342476223685e-05,0.06748270166645565,0.0006565152797410782
bfo-a7d84a931ad75b81180fb1321625d2044481cdc1305f26da0079240dfc24f3c7,3223,24.6280520128498,24.6280520128498,12.0478228732116,13.107970792495907,4.4303979511766896e-05,0.0674827398644047,0.0006565231287405987
bfo-a7d84a931ad75b81180fb1321625d2044481cdc1305f26da0079240dfc24f3c7,3224,24.62805170419535,24.62805170419535,12.047822722491448,13.107970676345492,4.430355110357266e-05,0.0674826894846317,0.00065651727045737
bfo-a7d84a931ad75b81180fb1321625d2044481cdc1305f26da0079240dfc24f3c7,3225,24.62805174395978,24.62805174395978,12.047822936160216,13.10797129536047,4.430336425511524e-05,0.06748247427232099,0.0006565165953508461
bfo-a7d84a931ad75b81180fb1321625d2044481cdc1305f26da0079240dfc24f3c7,3226,24.62805196443187,24.62805196443187,12.047822724628286,13.107970819712254,4.43037235149853e-05,0.0674826297069092,0.000656520406916645
bfo-a7d84a931ad75b81180fb1321625d2044481cdc1305f26da0079240dfc24f3c7,3227,24.62805545702677,24.62805545702677,12.047821618307212,13.107969474878123,4.4305577080425855e-05,0.06748306635756059,0.0006565436260064374
bfo-a7d84a931ad75b81180fb1321625d2044481cdc1305f26da0079240dfc24f3c7,3228,24.62805103661198,24.62805103661198,12.047823161896757,13.107971026739943,4.430318607115555e-05,0.06748265311033597,0.0006565122150535285
bfo-a7d84a931ad75b81180fb1321625d2044481cdc1305f26da0079240dfc24f3c7,3229,1000000.0,24.62805102620583,12.04782327706653,13.107971878201246,4.4302697025269544e-05,0.06748226181125348,0.0006565087748419472
bfo-a7d84a931ad75b81180fb1321625d2044481cdc1305f26da0079240dfc24f3c7,3230,24.628050979434413,24.628050979434413,12.047822757646975,13.107970887081382,4.4303576670903696e-05,0.0674826166529003,0.0006565183578873508
bfo-a7d84a931ad75b81180fb1321625d2044481cdc1305f26da0079240dfc24f3c7,3231,24.628050647430115,24.628050647430115,12.047822721233558,13.107969667437576,4.430381943185227e-05,0.06748317518512542,0.0006565165214931629
bfo-a7d84a931ad75b81180fb1321625d2044481cdc1305f26da0079240dfc24f3c7,3232,24.628051509452103,24.628051509452103,12.047822592957985,13.107969781675452,4.430428913944687e-05,0.0674831235810395,0.0006565239839001005
bfo-a7d84a931ad75b81180fb1321625d2044481cdc1305f26da0079240dfc24f3c7,3233,24.62805012884389,24.62805012884389,12.047822140357791,13.107969494713238,4.430391783465609e-05,0.06748308529766814,0.0006565188541577692
bfo-a7d84a931ad75b81180fb1321625d2044481cdc1305f26da0079240dfc24f3c7,3234,24.628029734637714,24.628029734637714,12.047820585632858,13.10796829473692,4.4303398165311396e-05,0.06748308244894287,0.0006565111811368572
bfo-a7d84a931ad75b81180fb1321625d2044481cdc1305f26da0079240dfc24f3c7,3235,1000000.0,24.627990000784276,12.047817428479405,13.107965921805036,4.430243002077555e-05,0.06748304035979408,0.0006564972441160287
bfo-a7d84a931ad75b81180fb1321625d2044481cdc1305f26da0079240dfc24f3c7,3236,24.628029749744783,24.628029749744783,12.047819721372766,13.10796753177652,4.430380849841914e-05,0.06748318888659169,0.0006565162261800274
bfo-a7d84a931ad75b81180fb1321625d2044481cdc1305f26da0079240dfc24f3c7,3237,1000000.0,24.62803047830129,12.047821236070845,13.10796826518803,4.430354046148539e-05,0.06748332978818863,0.0006565108835106664
bfo-a7d84a931ad75b81180fb1321625d2044481cdc1305f26da0079240dfc24f3c7,3238,24.628029730249192,24.628029730249192,12.047821213136611,13.107968732233005,4.4302911133481824e-05,0.0674830701418607,0.0006565040837701915
bfo-a7d84a931ad75b81180fb1321625d2044481cdc1305f26da0079240dfc24f3c7,3239,1000000.0,24.628031177844523,12.047822008682214,13.107969833054145,4.43018852268732e-05,0.06748272061466738,0.0006564922816292646
bfo-a7d84a931ad75b81180fb1321625d2044481cdc1305f26da0079240dfc24f3c7,3240,24.628029739887914,24.628029739887914,12.047819198040846,13.107966993094555,4.430470179432957e-05,0.06748332873632772,0.0006565281029250621
bfo-a7d84a931ad75b81180fb1321625d2044481cdc1305f26da0079240dfc24f3c7,3241,24.628029743256466,24.628029743256466,12.047820218294875,13.107968007411177,4.430358979210141e-05,0.0674831322155346,0.0006565135366064518
bfo-a7d84a931ad75b81180fb1321625d2044481cdc1305f26da0079240dfc24f3c7,3242,24.62802972133159,24.62802972133159,12.047822146834621,13.10796995232743,4.430207114156542e-05,0.06748271806748127,0.0006564950614061559
bfo-a7d84a931ad75b81180fb1321625d2044481cdc1305f26da0079240dfc24f3c7,3243,24.628030293380334,24.628030293380334,12.047824661063288,13.107971686857415,4.4300617026063475e-05,0.06748258493211406,0.0006564748085840055
bfo-a7d84a931ad75b81180fb1321625d2044481cdc1305f26da0079240dfc24f3c7,3244,24.628029723900127,24.628029723900127,12.047821607930427,13.107969672142275,4.430228277170304e-05,0.06748265663846986,0.0006564987950762986
bfo-a7d84a931ad75b81180fb1321625d2044481cdc1305f26da0079240dfc24f3c7,3245,24.628030136315033,24.628030136315033,12.047822252356761,13.107969701117621,4.4302174078962844e-05,0.06748279510798076,0.0006564958373178516
bfo-a7d84a931ad75b81180fb1321625d2044481cdc1305f26da0079240dfc24f3c7,3246,24.62802971729092,24.62802971729092,12.047822589760495,13.107970303722608,4.4301855061782916e-05,0.06748270217061324,0.0006564920140538636
bfo-a7d84a931ad75b81180fb1321625d2044481cdc1305f26da0079240dfc24f3c7,3247,1000000.0,24.628030420564716,12.047823604236699,13.107971729879992,4.430107447707618e-05,0.06748238808797118,0.0006564835023224808
bfo-a7d84a931ad75b81180fb1321625d2044481cdc1305f26da0079240dfc24f3c7,3248,24.62802971139771,24.62802971139771,12.047823123961596,13.107970442451307,4.430137639705127e-05,0.06748275655041489,0.0006564843918898702
bfo-a7d84a931ad75b81180fb1321625d2044481cdc1305f26da0079240dfc24f3c7,3249,1000000.0,24.628030084977453,12.047823296945497,13.107970029318498,4.430144702434669e-05,0.06748305269948696,0.0006564825575041524
bfo-a7d84a931ad75b81180fb1321625d2044481cdc1305f26da0079240dfc24f3c7,3250,24.62802970741796,24.62802970741796,12.04782343253767,13.107970708115497,4.430083695234263e-05,0.06748267261366869,0.0006564772146171556
bfo-a7d84a931ad75b81180fb1321625d2044481cdc1305f26da0079240dfc24f3c7,3251,1000000.0,24.62803028834832,12.04782285022501,13.10797021557498,4.43013062192033e-05,0.06748276152650813,0.0006564833035441379
bfo-a7d84a931ad75b81180fb1321625d2044481cdc1305f26da0079240dfc24f3c7,3252,24.628029705721637,24.628029705721637,12.047824018797874,13.107971366922081,4.430037815472625e-05,0.06748255234008306,0.0006564715858918818
bfo-a7d84a931ad75b81180fb1321625d2044481cdc1305f26da0079240dfc24f3c7,3253,24.62802971046465,24.62802971046465,12.047822989925526,13.10797059260182,4.430102164729164e-05,0.0674825667341028,0.0006564809815525852
bfo-a7d84a931ad75b81180fb1321625d2044481cdc1305f26da0079240dfc24f3c7,3254,24.62802970213155,24.62802970213155,12.047824779427938,13.10797184085931,4.429962515912645e-05,0.0674825202648077,0.000656460739541004
bfo-a7d84a931ad75b81180fb1321625d2044481cdc1305f26da0079240dfc24f3c7,3255,1000000.0,24.628030410764524,12.047822989461,13.107969994877733,4.4301546771779994e-05,0.06748289637161092,0.0006564855563967318
bfo-a7d84a931ad75b81180fb1321625d2044481cdc1305f26da0079240dfc24f3c7,3256,24.628029707175457,24.628029707175457,12.047824944520347,13.10797149516188,4.429967862450507e-05,0.06748273844819944,0.0006564594093719247
bfo-a7d84a931ad75b81180fb1321625d2044481cdc1305f26da0079240dfc24f3c7,3257,1000000.0,24.628030759816937,12.047823787288232,13.107971480149185,4.4300368630840824e-05,0.0674824739194772,0.0006564722076387094
bfo-a7d84a931ad75b81180fb1321625d2044481cdc1305f26da0079240dfc24f3c7,3258,1000000.0000000019,24.628029701806742,12.047825075602738,13.107972009090098,4.4299539906551044e-05,0.06748252773724388,0.000656459403522046
bfo-a7d84a931ad75b81180fb1321625d2044481cdc1305f26da0079240dfc24f3c7,3259,24.628030059623114,24.628030059623114,12.04782447765636,13.10797147795469,4.4299626700500025e-05,0.06748251934808046,0.0006564607712998807
bfo-a7d84a931ad75b81180fb1321625d2044481cdc1305f26da0079240dfc24f3c7,3260,1000000.0000000002,24.628029706369414,12.047824884047932,13.10797166353183,4.42996795718035e-05,0.0674826535744185,0.0006564602490468267
bfo-a7d84a931ad75b81180fb1321625d2044481cdc1305f26da0079240dfc24f3c7,3261,24.628030366837958,24.628030366837958,12.047825316838313,13.107972664067447,4.429917800875889e-05,0.0674822552504167,0.0006564566913831075
bfo-a7d84a931ad75b81180fb1321625d2044481cdc1305f26da0079240dfc24f3c7,3262,24.628029706517694,24.628029706517694,12.047823946134708,13.107971182913598,4.430034863742287e-05,0.06748262161211216,0.0006564704746069261
bfo-a7d84a931ad75b81180fb1321625d2044481cdc1305f26da0079240dfc24f3c7,3263,1000000.0,24.628030331703833,12.047825235688698,13.107972460845282,4.429939786555227e-05,0.06748243508002341,0.0006564582000193124
bfo-a7d84a931ad75b81180fb1321625d2044481cdc1305f26da0079240dfc24f3c7,3264,24.6280297004891,24.6280297004891,12.047824676963199,13.107971872769587,4.4299578839553624e-05,0.06748242376938865,0.0006564609918419792
bfo-a7d84a931ad75b81180fb1321625d2044481cdc1305f26da0079240dfc24f3c7,3265,1000000.0,24.628030261643982,12.047824868080404,13.10797208135028,4.429838927556339e-05,0.06748227778948758,0.000656444784121739
bfo-a7d84a931ad75b81180fb1321625d2044481cdc1305f26da0079240dfc24f3c7,3266,24.628029700997775,24.628029700997775,12.047824287216935,13.107971667313883,4.430003164365581e-05,0.06748242277048604,0.0006564677115154018
bfo-a7d84a931ad75b81180fb1321625d2044481cdc1305f26da0079240dfc24f3c7,3267,1000000.0,24.628030243402762,12.04782185845946,13.107970258194246,4.430244068607791e-05,0.0674824922819506,0.000656502734086592
bfo-a7d84a931ad75b81180fb1321625d2044481cdc1305f26da0079240dfc24f3c7,3268,24.6280296988691,24.6280296988691,12.047825639899223,13.107972540353897,4.429907609991533e-05,0.06748239250699098,0.0006564538460210353
bfo-a7d84a931ad75b81180fb1321625d2044481cdc1305f26da0079240dfc24f3c7,3269,1000000.0,24.62803018489081,12.047826565136274,13.107973098007896,4.4298165035219216e-05,0.06748234758542108,0.0006564407822230152
bfo-a7d84a931ad75b81180fb1321625d2044481cdc1305f26da0079240dfc24f3c7,3270,24.62802969386402,24.62802969386402,12.047825720340043,13.107972657581387,4.4299322481440325e-05,0.06748236486849306,0.0006564577659329082
bfo-a7d84a931ad75b81180fb1321625d2044481cdc1305f26da0079240dfc24f3c7,3271,24.62802969272535,24.62802969272535,12.047826433652427,13.107972868213187,4.42989440250574e-05,0.06748243584537278,0.0006564514672612392
bfo-a7d84a931ad75b81180fb1321625d2044481cdc1305f26da0079240dfc24f3c7,3272,24.62802984008689,24.62802984008689,12.0478253817098,13.107971617976789,4.430032292843506e-05,0.0674827455827408,0.0006564688876524488
bfo-a7d84a931ad75b81180fb1321625d2044481cdc1305f26da0079240dfc24f3c7,3273,24.62802969672359,24.62802969672359,12.047826845207782,13.107973183079507,4.4298915999719186e-05,0.06748246549743431,0.0006564507635157971
bfo-a7d84a931ad75b81180fb1321625d2044481cdc1305f26da0079240dfc24f3c7,3274,24.628030293605,24.628030293605,12.047826702237264,13.107973557414704,4.429818977080017e-05,0.06748207654929875,0.0006564437853129536
bfo-a7d84a931ad75b81180fb1321625d2044481cdc1305f26da0079240dfc24f3c7,3275,1000000.0000000158,24.62802970146312,12.047824801061006,13.107971429085083,4.43002366759065e-05,0.06748265176866278,0.0006564685221287999
bfo-a7d84a931ad75b81180fb1321625d2044481cdc1305f26da0079240dfc24f3c7,3276,24.62802969756,24.62802969756,12.047827879288022,13.107974664378421,4.4297734723783474e-05,0.06748202974638906,0.0006564374973643088
bfo-a7d84a931ad75b81180fb1321625d2044481cdc1305f26da0079240dfc24f3c7,3277,24.628029693012568,24.628029693012568,12.047826561986707,13.107972884441676,4.429899937567112e-05,0.06748249398512222,0.0006564517219152816
bfo-a7d84a931ad75b81180fb1321625d2044481cdc1305f26da0079240dfc24f3c7,3278,1000000.0,24.628030180288363,12.047826901169678,13.107973333753826,4.4299155481530744e-05,0.0674824237429464,0.0006564547184949194
bfo-a7d84a931ad75b81180fb1321625d2044481cdc1305f26da0079240dfc24f3c7,3279,1000000.000000031,24.628029696646408,12.047826402528878,13.10797253595301,4.429886059300295e-05,0.06748258601319732,0.0006564487701218146
bfo-a7d84a931ad75b81180fb1321625d2044481cdc1305f26da0079240dfc24f3c7,3280,24.62802969380646,24.62802969380646,12.047826646243363,13.107972607883259,4.42989360817849e-05,0.06748262962993426,0.0006564494644727741
bfo-a7d84a931ad75b81180fb1321625d2044481cdc1305f26da0079240dfc24f3c7,3281,24.628029694281512,24.628029694281512,12.047825608497975,13.107972397984582,4.429927743543805e-05,0.06748241511259108,0.0006564566096445555
bfo-a7d84a931ad75b81180fb1321625d2044481cdc1305f26da0079240dfc24f3c7,3282,24.628029695709085,24.628029695709085,12.047828117168686,13.107973905465052,4.429775943546719e-05,0.06748243020038262,0.0006564339681296188
bfo-a7d84a931ad75b81180fb1321625d2044481cdc1305f26da0079240dfc24f3c7,3283,24.628029693096526,24.628029693096526,12.047825313168472,13.107971891670799,4.42997252770712e-05,0.06748258000582597,0.0006564616420007456
bfo-a7d84a931ad75b81180fb1321625d2044481cdc1305f26da0079240dfc24f3c7,3284,24.628029691052042,24.628029691052042,12.047829194882764,13.107975186223328,4.42969120740352e-05,0.06748208664373362,0.0006564247532518855
bfo-a7d84a931ad75b81180fb1321625d2044481cdc1305f26da0079240dfc24f3c7,3285,24.62802970107882,24.62802970107882,12.047828710774494,13.10797462010454,4.429746203551135e-05,0.06748228501388108,0.0006564309733495151
bfo-a7d84a931ad75b81180fb1321625d2044481cdc1305f26da0079240dfc24f3c7,3286,24.628029689931402,24.628029689931402,12.047828651942853,13.107974777694253,4.429768900884652e-05,0.06748218771596573,0.0006564352832675881
bfo-a7d84a931ad75b81180fb1321625d2044481cdc1305f26da0079240dfc24f3c7,3287,24.628029693131374,24.628029693131374,12.047828353206535,13.107974604363894,4.429786794929673e-05,0.06748216520749949,0.0006564381538897892
bfo-a7d84a931ad75b81180fb1321625d2044481cdc1305f26da0079240dfc24f3c7,3288,24.628029690787045,24.628029690787045,12.047828845591575,13.107974976508466,4.4297566904714517e-05,0.06748213450231365,0.0006564339914765998
bfo-a7d84a931ad75b81180fb1321625d2044481cdc1305f26da0079240dfc24f3c7,3289,24.62802968096034,24.62802968096034,12.047827951281946,13.10797446315379,4.429848504445179e-05,0.06748214569455388,0.0006564474882728408
bfo-a7d84a931ad75b81180fb1321625d2044481cdc1305f26da0079240dfc24f3c7,3290,24.62802968375407,24.62802968375407,12.047827703789627,13.107974249556685,4.429825160153882e-05,0.06748215683878893,0.0006564439205368739
bfo-a7d84a931ad75b81180fb1321625d2044481cdc1305f26da0079240dfc24f3c7,3291,24.628029682642044,24.628029682642044,12.047828211657912,13.107974853318298,4.4298465487542116e-05,0.06748206088847913,0.0006564480234346987
bfo-a7d84a931ad75b81180fb1321625d2044481cdc1305f26da0079240dfc24f3c7,3292,24.62802967757697,24.62802967757697,12.04782878438469,13.107975025199547,4.4297831012655315e-05,0.0674821371598165,0.0006564378793716285
bfo-a7d84a931ad75b81180fb1321625d2044481cdc1305f26da0079240dfc24f3c7,3293,24.628029689754932,24.628029689754932,12.047826528764126,13.107973080356938,4.429972512328571e-05,0.06748240790741586,0.0006564633138767633
bfo-a7d84a931ad75b81180fb1321625d2044481cdc1305f26da0079240dfc24f3c7,3294,24.628029676458077,24.628029676458077,12.047828833518762,13.107974934260577,4.429791020901337e-05,0.06748220961455935,0.000656438348151778
bfo-a7d84a931ad75b81180fb1321625d2044481cdc1305f26da0079240dfc24f3c7,3295,24.62802968637,24.62802968637,12.047828932591624,13.10797411707733,4.429761278715498e-05,0.06748259887698892,0.0006564301542076523
bfo-a7d84a931ad75b81180fb1321625d2044481cdc1305f26da0079240dfc24f3c7,3296,24.62802967862301,24.62802967862301,12.047829495070863,13.107975688666055,4.4297439686548014e-05,0.06748199887820845,0.0006564334255494722
bfo-a7d84a931ad75b81180fb1321625d2044481cdc1305f26da0079240dfc24f3c7,3297,24.628029672758696,24.628029672758696,12.047827491466547,13.10797477013831,4.4298740540743204e-05,0.06748190221476362,0.0006564536429302311
bfo-a7d84a931ad75b81180fb1321625d2044481cdc1305f26da0079240dfc24f3c7,3298,24.62802967292214,24.62802967292214,12.047828155665599,13.107975439337203,4.4298190531818745e-05,0.06748171470500122,0.0006564473165133681
bfo-a7d84a931ad75b81180fb1321625d2044481cdc1305f26da0079240dfc24f3c7,3299,24.628029671992095,24.628029671992095,12.047826412906103,13.107974034075738,4.429971041661551e-05,0.06748194055775456,0.0006564676423124127
bfo-a7d84a931ad75b81180fb1321625d2044481cdc1305f26da0079240dfc24f3c7,3300,24.628029671267,24.628029671267,12.047825646822622,13.107973067918433,4.430010655854731e-05,0.06748206862096885,0.0006564722668383322
bfo-a7d84a931ad75b81180fb1321625d2044481cdc1305f26da0079240dfc24f3c7,3301,24.62802966986837,24.62802966986837,12.047826188126546,13.107973390743103,4.43001926049729e-05,0.06748209800737874,0.000656473256064578
bfo-a7d84a931ad75b81180fb1321625d2044481cdc1305f26da0079240dfc24f3c7,3302,24.628029672936357,24.628029672936357,12.047826194248158,13.107973441994247,4.430062972200435e-05,0.0674821264725756,0.0006564794566752118
bfo-a7d84a931ad75b81180fb1321625d2044481cdc1305f26da0079240dfc24f3c7,3303,24.62802967056416,24.62802967056416,12.047826101896701,13.107973332429228,4.430027195200269e-05,0.0674820958664885,0.0006564744527148295
bfo-a7d84a931ad75b81180fb1321625d2044481cdc1305f26da0079240dfc24f3c7,3304,24.62802966825767,24.62802966825767,12.047825928053918,13.107973435130628,4.430035311013822e-05,0.06748206117394726,0.0006564759928708464
bfo-a7d84a931ad75b81180fb1321625d2044481cdc1305f26da0079240dfc24f3c7,3305,24.628029669236426,24.628029669236426,12.047827284025395,13.10797467989875,4.429942493345673e-05,0.06748195015444244,0.0006564633184439829
bfo-a7d84a931ad75b81180fb1321625d2044481cdc1305f26da0079240dfc24f3c7,3306,24.628029667000202,24.628029667000202,12.047825821116504,13.107973306993237,4.430081534434167e-05,0.06748212381025279,0.0006564822332638396
bfo-a7d84a931ad75b81180fb1321625d2044481cdc1305f26da0079240dfc24f3c7,3307,24.628029671027264,24.628029671027264,12.04782506558432,13.107972115449897,4.4302064898697795e-05,0.06748252483406662,0.0006564968487416933
bfo-a7d84a931ad75b81180fb1321625d2044481cdc1305f26da0079240dfc24f3c7,3308,24.628029667428272,24.628029667428272,12.047824661601025,13.107972223355528,4.430195610734101e-05,0.06748232068216391,0.0006564972226725801
bfo-a7d84a931ad75b81180fb1321625d2044481cdc1305f26da0079240dfc24f3c7,3309,24.628029669111303,24.628029669111303,12.047826643849739,13.107973816565408,4.429906149004267e-05,0.06748199998516853,0.0006564574479087593
bfo-a7d84a931ad75b81180fb1321625d2044481cdc1305f26da0079240dfc24f3c7,3310,24.628029666504112,24.628029666504112,12.047825889123649,13.107973336499748,4.4300938692805316e-05,0.06748213291262105,0.0006564839725823159
bfo-a7d84a931ad75b81180fb1321625d2044481cdc1305f26da0079240dfc24f3c7,3311,24.628029667938875,24.628029667938875,12.047822971223331,13.107971578355208,4.4303663098529853e-05,0.0674822257907763,0.0006565234412375507
bfo-a7d84a931ad75b81180fb1321625d2044481cdc1305f26da0079240dfc24f3c7,3312,24.628029666061448,24.628029666061448,12.047826212741972,13.107973558145197,4.430068513134318e-05,0.06748213644921568,0.0006564801807168936
bfo-a7d84a931ad75b81180fb1321625d2044481cdc1305f26da0079240dfc24f3c7,3313,24.62800927222807,24.62800927222807,12.047824671545442,13.107972369974231,4.430015555579893e-05,0.06748213175091997,0.000656472378781884
bfo-a7d84a931ad75b81180fb1321625d2044481cdc1305f26da0079240dfc24f3c7,3314,24.62796913436256,24.62796913436256,12.047821540636185,13.107969973196733,4.429914074885133e-05,0.06748211237202084,0.0006564575291395067
bfo-a7d84a931ad75b81180fb1321625d2044481cdc1305f26da0079240dfc24f3c7,3315,1000000.0,24.627891365459874,12.047815549026879,13.107965641085872,4.429726814128292e-05,0.06748194700383507,0.0006564313880683593
bfo-a7d84a931ad75b81180fb1321625d2044481cdc1305f26da0079240dfc24f3c7,3316,1000000.0,24.627969335207013,12.047822555333209,13.107969218195922,4.4299517847635186e-05,0.06748290061813228,0.0006564554493339628
bfo-a7d84a931ad75b81180fb1321625d2044481cdc1305f26da0079240dfc24f3c7,3317,24.627969272734592,24.627969272734592,12.047821768861244,13.10797042742038,4.429878015382533e-05,0.067481965767012,0.0006564536117215546
bfo-a7d84a931ad75b81180fb1321625d2044481cdc1305f26da0079240dfc24f3c7,3318,24.627969648002043,24.627969648002043,12.047821042085488,13.107970350423075,4.4298988466826804e-05,0.06748172153656375,0.0006564590745187821
bfo-a7d84a931ad75b81180fb1321625d2044481cdc1305f26da0079240dfc24f3c7,3319,24.62796913376499,24.62796913376499,12.047820929091317,13.107969774921514,4.429979444793232e-05,0.06748206584466945,0.0006564676687566413
bfo-a7d84a931ad75b81180fb1321625d2044481cdc1305f26da0079240dfc24f3c7,3320,1000000.0,24.62796927952261,12.047820309957572,13.107969111905923,4.430033304969255e-05,0.06748214966033357,0.0006564748347922378
bfo-a7d84a931ad75b81180fb1321625d2044481cdc1305f26da0079240dfc24f3c7,3321,24.62796913324793,24.62796913324793,12.047820536599351,13.107970011513967,4.4299855478994444e-05,0.06748182784049096,0.000656470888484341
bfo-a7d84a931ad75b81180fb1321625d2044481cdc1305f26da0079240dfc24f3c7,3322,1000000.0,24.62796930528991,12.047821792360997,13.107970821397307,4.42984104486599e-05,0.06748176862887563,0.0006564500508616559
bfo-a7d84a931ad75b81180fb1321625d2044481cdc1305f26da0079240dfc24f3c7,3323,1000000.0,24.627969133460553,12.047821083659604,13.107970416635025,4.4299375272162165e-05,0.06748178141718947,0.0006564642239998409
bfo-a7d84a931ad75b81180fb1321625d2044481cdc1305f26da0079240dfc24f3c7,3324,1000000.0,24.627969306802974,12.047819196149751,13.107969549139261,4.430093293576078e-05,0.06748165813330517,0.0006564885060803852
bfo-a7d84a931ad75b81180fb1321625d2044481cdc1305f26da0079240dfc24f3c7,3325,24.627969228963977,24.627969228963977,12.047819784349109,13.107969568702316,4.430081611425743e-05,0.06748186055519419,0.0006564848056912018
bfo-a7d84a931ad75b81180fb1321625d2044481cdc1305f26da0079240dfc24f3c7,3326,24.627970175178508,24.627970175178508,12.04782017386457,13.107969623632805,4.430041949690672e-05,0.06748196001307642,0.0006564779607516192
bfo-a7d84a931ad75b81180fb1321625d2044481cdc1305f26da0079240dfc24f3c7,3327,24.627969133634082,24.627969133634082,12.047820964367679,13.107969961548035,4.4299573356062894e-05,0.067481963731671,0.000656465385806074
bfo-a7d84a931ad75b81180fb1321625d2044481cdc1305f26da0079240dfc24f3c7,3328,24.627969266944675,24.627969266944675,12.047820823522176,13.10797085421591,4.429941268878785e-05,0.06748150470020454,0.000656467470391981
bfo-a7d84a931ad75b81180fb1321625d2044481cdc1305f26da0079240dfc24f3c7,3329,24.627969130047095,24.627969130047095,12.047819829914296,13.107969493011435,4.430052207061818e-05,0.06748185937711991,0.000656480459778773
bfo-a7d84a931ad75b81180fb1321625d2044481cdc1305f26da0079240dfc24f3c7,3330,24.627969278234374,24.627969278234374,12.047819224381438,13.107968349550253,4.4301506261208046e-05,0.0674822593607085,0.0006564911530956026
bfo-a7d84a931ad75b81180fb1321625d2044481cdc1305f26da0079240dfc24f3c7,3331,24.627969444000634,24.627969444000634,12.047819267736402,13.107968505628495,4.430084817788131e-05,0.06748212615830927,0.0006564826969730327
bfo-a7d84a931ad75b81180fb1321625d2044481cdc1305f26da0079240dfc24f3c7,3332,24.62796939164108,24.62796939164108,12.047819487002377,13.107968768384582,4.430150762766517e-05,0.06748215466486818,0.0006564921918643025
bfo-a7d84a931ad75b81180fb1321625d2044481cdc1305f26da0079240dfc24f3c7,3333,24.627969131876995,24.627969131876995,12.047819720193582,13.107969169297775,4.4301045589029305e-05,0.06748205070995382,0.0006564863563414909
bfo-a7d84a931ad75b81180fb1321625d2044481cdc1305f26da0079240dfc24f3c7,3334,1000000.0,24.627969255040195,12.047822049948275,13.107971107448478,4.4298551769935204e-05,0.06748177527232528,0.0006564520804493763
bfo-a7d84a931ad75b81180fb1321625d2044481cdc1305f26da0079240dfc24f3c7,3335,24.62796913027495,24.62796913027495,12.04781991534713,13.107969905469943,4.430064008813151e-05,0.06748171402420583,0.0006564836226928199
bfo-a7d84a931ad75b81180fb1321625d2044481cdc1305f26da0079240dfc24f3c7,3336,1000000.0,24.627969274754697,12.04781905430825,13.107968552251869,4.430140068114082e-05,0.06748216759224338,0.0006564904812902449
bfo-a7d84a931ad75b81180fb1321625d2044481cdc1305f26da0079240dfc24f3c7,3337,24.627969130631243,24.627969130631243,12.04781981036579,13.107969746895469,4.430032188351537e-05,0.06748170391489326,0.0006564790056188586
bfo-a7d84a931ad75b81180fb1321625d2044481cdc1305f26da0079240dfc24f3c7,3338,24.627969325083775,24.627969325083775,12.047820612735674,13.107969672825371,4.4300371446331646e-05,0.06748198863176791,0.0006564769702930293
bfo-a7d84a931ad75b81180fb1321625d2044481cdc1305f26da0079240dfc24f3c7,3339,1000000.0,24.627969130065452,12.047819725209537,13.107969428792014,4.4300513306369e-05,0.06748181916266904,0.0006564807211195642
bfo-a7d84a931ad75b81180fb1321625d2044481cdc1305f26da0079240dfc24f3c7,3340,24.62796926138552,24.62796926138552,12.047819199288167,13.107969075990647,4.430100298891435e-05,0.06748190797833659,0.0006564871135999311
bfo-a7d84a931ad75b81180fb1321625d2044481cdc1305f26da0079240dfc24f3c7,3341,24.627969129587697,24.627969129587697,12.047818980153112,13.107969262241626,4.4301412237975745e-05,0.06748175263533825,0.0006564946894218093
bfo-a7d84a931ad75b81180fb1321625d2044481cdc1305f26da0079240dfc24f3c7,3342,24.627969249719378,24.627969249719378,12.04781827367663,13.107969358326644,4.430129445963033e-05,0.06748149813896297,0.0006564954199505438
bfo-a7d84a931ad75b81180fb1321625d2044481cdc1305f26da0079240dfc24f3c7,3343,24.62796912941562,24.62796912941562,12.04781892334299,13.107968976363594,4.430152024499711e-05,0.06748187235595521,0.0006564951252584435
bfo-a7d84a931ad75b81180fb1321625d2044481cdc1305f26da0079240dfc24f3c7,3344,24.627969306265328,24.627969306265328,12.047820057855082,13.107970269522651,4.4300363438910626e-05,0.06748156638112414,0.0006564809593883741
bfo-a7d84a931ad75b81180fb1321625d2044481cdc1305f26da0079240dfc24f3c7,3345,24.627969130432177,24.627969130432177,12.047819165181407,13.107969362552158,4.4301257457077774e-05,0.06748175740306059,0.0006564923493689055
bfo-a7d84a931ad75b81180fb1321625d2044481cdc1305f26da0079240dfc24f3c7,3346,24.62796928906519,24.62796928906519,12.047818579329592,13.107968655286175,4.430262609122125e-05,0.06748193444024654,0.0006565109085669447
bfo-a7d84a931ad75b81180fb1321625d2044481cdc1305f26da0079240dfc24f3c7,3347,24.62796912976416,24.62796912976416,12.04781913742424,13.10796878398779,4.4301438970529815e-05,0.06748202435101443,0.0006564924421960357
bfo-a7d84a931ad75b81180fb1321625d2044481cdc1305f26da0079240dfc24f3c7,3348,24.627969329202372,24.627969329202372,12.047818520670734,13.107968465116514,4.4302035254133445e-05,0.06748199525526287,0.0006565015614395065
bfo-a7d84a931ad75b81180fb1321625d2044481cdc1305f26da0079240dfc24f3c7,3349,24.62796912971289,24.62796912971289,12.047818636421594,13.107968844193696,4.4301731033812086e-05,0.0674818416350641,0.0006564985477632928
bfo-a7d84a931ad75b81180fb1321625d2044481cdc1305f26da0079240dfc24f3c7,3350,24.6279693301633,24.6279693301633,12.047818872005479,13.107968876728306,4.4301244619549424e-05,0.06748186125166966,0.000656491148848585
bfo-a7d84a931ad75b81180fb1321625d2044481cdc1305f26da0079240dfc24f3c7,3351,24.627969132585985,24.627969132585985,12.047819709429456,13.107969750497425,4.430107527037648e-05,0.06748171928188901,0.0006564900204352999
bfo-a7d84a931ad75b81180fb1321625d2044481cdc1305f26da0079240dfc24f3c7,3352,1000000.0,24.627969215400768,12.047819317912701,13.107968994719348,4.430036876092991e-05,0.06748195654684458,0.0006564772426267385
bfo-a7d84a931ad75b81180fb1321625d2044481cdc1305f26da0079240dfc24f3c7,3353,24.627969126791296,24.627969126791296,12.04781921125751,13.10796864891641,4.430152877092777e-05,0.06748211522095661,0.0006564928889065099
bfo-a7d84a931ad75b81180fb1321625d2044481cdc1305f26da0079240dfc24f3c7,3354,1000000.0,24.627969381123762,12.047818674795236,13.10796865134773,4.4301873145252906e-05,0.06748194112346048,0.0006564996858078095
bfo-a7d84a931ad75b81180fb1321625d2044481cdc1305f26da0079240dfc24f3c7,3355,24.62796912810977,24.62796912810977,12.047819019488735,13.107968630293263,4.4301977361940364e-05,0.0674820868646904,0.0006564998123245817
bfo-a7d84a931ad75b81180fb1321625d2044481cdc1305f26da0079240dfc24f3c7,3356,24.62796934299709,24.62796934299709,12.047817421284078,13.107967550097783,4.430299133390174e-05,0.06748215286666427,0.0006565141960043648
bfo-a7d84a931ad75b81180fb1321625d2044481cdc1305f26da0079240dfc24f3c7,3357,24.62796912714184,24.62796912714184,12.04781960340815,13.107968841197561,4.430149693065342e-05,0.06748215610529044,0.0006564920193351719
bfo-a7d84a931ad75b81180fb1321625d2044481cdc1305f26da0079240dfc24f3c7,3358,24.627969294418687,24.627969294418687,12.047819110168483,13.10796804754569,4.430209974786372e-05,0.06748244190919825,0.0006564981718870652
bfo-a7d84a931ad75b81180fb1321625d2044481cdc1305f26da0079240dfc24f3c7,3359,24.627969127204594,24.627969127204594,12.047819493585711,13.10796855276529,4.4300801913567016e-05,0.0674821806442409,0.000656481481342701
bfo-a7d84a931ad75b81180fb1321625d2044481cdc1305f26da0079240dfc24f3c7,3360,1000000.0,24.627969324089847,12.0478189900242,13.107968543430054,4.430216083503434e-05,0.06748215207853035,0.0006565018967308424
bfo-a7d84a931ad75b81180fb1321625d2044481cdc1305f26da0079240dfc24f3c7,3361,24.6279691257772,24.6279691257772,12.047819369488616,13.107968528295455,4.4301301920755854e-05,0.06748220222814202,0.0006564886808374036
bfo-a7d84a931ad75b81180fb1321625d2044481cdc1305f26da0079240dfc24f3c7,3362,1000000.0,24.627969193974447,12.047819654655065,13.10796816068444,4.430100742772048e-05,0.06748244148769944,0.0006564819892563546
bfo-a7d84a931ad75b81180fb1321625d2044481cdc1305f26da0079240dfc24f3c7,3363,24.62796912619038,24.62796912619038,12.047819517603303,13.107968677996947,4.430117919058229e-05,0.0674821903692878,0.0006564869774995396
bfo-a7d84a931ad75b81180fb1321625d2044481cdc1305f26da0079240dfc24f3c7,3364,1000000.0,24.627970255182483,12.047820180642567,13.107969045476644,4.430100215014946e-05,0.06748220041014218,0.0006564842563060715
bfo-a7d84a931ad75b81180fb1321625d2044481cdc1305f26da0079240dfc24f3c7,3365,24.62796912567785,24.62796912567785,12.04781902465078,13.107968415718606,4.430173900555176e-05,0.06748216389080386,0.0006564955308374304
bfo-a7d84a931ad75b81180fb1321625d2044481cdc1305f26da0079240dfc24f3c7,3366,24.627969378470553,24.627969378470553,12.047818812566623,13.107968368724347,4.430124977065871e-05,0.06748208702418795,0.0006564890287815133
bfo-a7d84a931ad75b81180fb1321625d2044481cdc1305f26da0079240dfc24f3c7,3367,24.627969217963326,24.627969217963326,12.047819277630502,13.107968773773408,4.43019032717522e-05,0.06748209465685892,0.0006564986385947836
bfo-a7d84a931ad75b81180fb1321625d2044481cdc1305f26da0079240dfc24f3c7,3368,24.627969548212874,24.627969548212874,12.047818272793641,13.107967638932742,4.430302518183322e-05,0.06748238241595543,0.0006565124643755654
bfo-a7d84a931ad75b81180fb1321625d2044481cdc1305f26da0079240dfc24f3c7,3369,1000000.0000000001,24.62796912361859,12.047819262940473,13.107968373955636,4.430173764273284e-05,0.06748226741540207,0.0006564945035119176
bfo-a7d84a931ad75b81180fb1321625d2044481cdc1305f26da0079240dfc24f3c7,3370,1000000.0,24.627969316552626,12.047817096484973,13.107967676648778,4.4302776962445625e-05,0.06748188644072717,0.0006565136112689892
bfo-a7d84a931ad75b81180fb1321625d2044481cdc1305f26da0079240dfc24f3c7,3371,1000000.0000000005,24.627969126332665,12.047819463403533,13.10796930979755,4.4300770959376674e-05,0.06748176722900312,0.0006564850444571132
bfo-a7d84a931ad75b81180fb1321625d2044481cdc1305f26da0079240dfc24f3c7,3372,24.6279692636509,24.6279692636509,12.047818496369935,13.107967309891253,4.4302843594330984e-05,0.06748262490619912,0.0006565074144035143
bfo-a7d84a931ad75b81180fb1321625d2044481cdc1305f26da0079240dfc24f3c7,3373,1000000.0000000002,24.627969210806647,12.04781992431566,13.107969268997383,4.430084640137774e-05,0.06748201320877104,0.0006564837694501341
bfo-a7d84a931ad75b81180fb1321625d2044481cdc1305f26da0079240dfc24f3c7,3374,1000000.0,24.62797282772186,12.047819209818377,13.107968329556885,4.430209043478009e-05,0.06748234392706924,0.0006564989870929656
bfo-a7d84a931ad75b81180fb1321625d2044481cdc1305f26da0079240dfc24f3c7,3375,24.62796915928756,24.62796915928756,12.047819406608108,13.107968361671276,4.430164682247733e-05,0.06748230480743815,0.0006564927939093485
bfo-a7d84a931ad75b81180fb1321625d2044481cdc1305f26da0079240dfc24f3c7,3376,24.627972380668986,24.627972380668986,12.047820206745632,13.107968969213989,4.430127750606731e-05,0.06748223532303849,0.0006564879970854021
bfo-a7d84a931ad75b81180fb1321625d2044481cdc1305f26da0079240dfc24f3c7,3377,1000000.0000000006,24.62796960384993,12.047820186517852,13.107969535104822,4.430066269220048e-05,0.06748194485046904,0.0006564817121137337
bfo-a7d84a931ad75b81180fb1321625d2044481cdc1305f26da0079240dfc24f3c7,3378,24.62797073729393,24.62797073729393,12.047819053228084,13.107968256914674,4.4302639672693074e-05,0.06748234741068697,0.0006565070921892235
bfo-a7d84a931ad75b81180fb1321625d2044481cdc1305f26da0079240dfc24f3c7,3379,1000000.0000000005,24.627969102346984,12.047819065408497,13.107968363454473,4.430154176433498e-05,0.0674821962506697,0.0006564922931638481
bfo-a7d84a931ad75b81180fb1321625d2044481cdc1305f26da0079240dfc24f3c7,3380,1000000.0,24.627969449014223,12.047817031086458,13.107967209111134,4.430275815496818e-05,0.06748213493252488,0.0006565109150631695
bfo-a7d84a931ad75b81180fb1321625d2044481cdc1305f26da0079240dfc24f3c7,3381,1000000.0,24.62796910274798,12.047819414348533,13.107968728040861,4.430150053805293e-05,0.06748214216843383,0.0006564922083753274
bfo-a7d84a931ad75b81180fb1321625d2044481cdc1305f26da0079240dfc24f3c7,3382,1000000.0,24.627969462465778,12.047819308988585,13.107968622469873,4.430212860763843e-05,0.06748225777165645,0.0006565003909256573
bfo-a7d84a931ad75b81180fb1321625d2044481cdc1305f26da0079240dfc24f3c7,3383,1000000.0000000006,24.627968757791322,12.04781808459181,13.107967306196525,4.4302482397226864e-05,0.06748242429182554,0.0006565040136323827
bfo-a7d84a931ad75b81180fb1321625d2044481cdc1305f26da0079240dfc24f3c7,3384,24.627970174761664,24.627970174761664,12.047818596755363,13.107967926714034,4.4302614945514524e-05,0.06748229853130236,0.0006565072012916735
bfo-a7d84a931ad75b81180fb1321625d2044481cdc1305f26da0079240dfc24f3c7,3385,1000000.0000000001,24.62796911200995,12.047817835195852,13.107967428366322,4.4302551143142975e-05,0.0674823015734959,0.0006565062262272199
bfo-a7d84a931ad75b81180fb1321625d2044481cdc1305f26da0079240dfc24f3c7,3386,24.627969657455104,24.627969657455104,12.04782063269521,13.107969439683204,4.430089355497877e-05,0.06748208908760557,0.0006564837300378644
bfo-a7d84a931ad75b81180fb1321625d2044481cdc1305f26da0079240dfc24f3c7,3387,24.627969112852266,24.627969112852266,12.047818724231293,13.107968255146275,4.430194594357041e-05,0.06748219103098214,0.0006564983333636971
bfo-a7d84a931ad75b81180fb1321625d2044481cdc1305f26da0079240dfc24f3c7,3388,1000000.0,24.62797026330918,12.047819328789501,13.107968846393916,4.4301547754360724e-05,0.06748199792847451,0.0006564943112875348
bfo-a7d84a931ad75b81180fb1321625d2044481cdc1305f26da0079240dfc24f3c7,3389,24.627969114884593,24.627969114884593,12.047819172055624,13.107968717280256,4.430184964548058e-05,0.06748211752133396,0.0006564976214843123
bfo-a7d84a931ad75b81180fb1321625d2044481cdc1305f26da0079240dfc24f3c7,3390,24.627969299119478,24.627969299119478,12.047819573282542,13.107969750362583,4.4301279546408985e-05,0.06748176682749671,0.000656492585021612
bfo-a7d84a931ad75b81180fb1321625d2044481cdc1305f26da0079240dfc24f3c7,3391,24.627969151544796,24.627969151544796,12.047820692742425,13.107969985248626,4.430027956117498e-05,0.06748190397705879,0.0006564764322037408
bfo-a7d84a931ad75b81180fb1321625d2044481cdc1305f26da0079240dfc24f3c7,3392,24.62797025742846,24.62797025742846,12.047818536744652,13.107968105432345,4.430235941399734e-05,0.06748223654079555,0.0006565040177234627
bfo-a7d84a931ad75b81180fb1321625d2044481cdc1305f26da0079240dfc24f3c7,3393,24.627969389170843,24.627969389170843,12.047819013211368,13.107968484393496,4.4301410886750197e-05,0.06748212485051708,0.0006564910483314566
bfo-a7d84a931ad75b81180fb1321625d2044481cdc1305f26da0079240dfc24f3c7,3394,1000000.0,24.62797037802866,12.047819659969111,13.107968698247719,4.430190576520309e-05,0.06748233331940073,0.0006564963537273922
bfo-a7d84a931ad75b81180fb1321625d2044481cdc1305f26da0079240dfc24f3c7,3395,24.62796913671285,24.62796913671285,12.047817645131401,13.107967431327141,4.430274435753822e-05,0.06748229820305539,0.0006565091222031369
bfo-a7d84a931ad75b81180fb1321625d2044481cdc1305f26da0079240dfc24f3c7,3396,24.627969311892983,24.627969311892983,12.047818945147956,13.10796824282164,4.430192077642482e-05,0.06748221272262782,0.0006564977493924071
bfo-a7d84a931ad75b81180fb1321625d2044481cdc1305f26da0079240dfc24f3c7,3397,24.627969128552955,24.627969128552955,12.047818385061904,13.107967664912998,4.430261564676933e-05,0.06748242422567463,0.000656505988857374
bfo-a7d84a931ad75b81180fb1321625d2044481cdc1305f26da0079240dfc24f3c7,3398,1000000.0,24.627969460950737,12.047817698614812,13.107967408812717,4.430295906095429e-05,0.0674822500749848,0.0006565127720508105
bfo-a7d84a931ad75b81180fb1321625d2044481cdc1305f26da0079240dfc24f3c7,3399,24.627969119029572,24.627969119029572,12.047817484613175,13.107966958543205,4.4302889717705926e-05,0.0674824370602954,0.000656509925362082
bfo-a7d84a931ad75b81180fb1321625d2044481cdc1305f26da0079240dfc24f3c7,3400,1000000.0,24.627969409809424,12.047816507678162,13.107966865475916,4.430339824015674e-05,0.06748222170408774,0.0006565195561347836
bfo-a7d84a931ad75b81180fb1321625d2044481cdc1305f26da0079240dfc24f3c7,3401,24.627969130821914,24.627969130821914,12.047818931070104,13.107968577052674,4.4301780021603645e-05,0.06748210071553577,0.0006564967532405887
bfo-a7d84a931ad75b81180fb1321625d2044481cdc1305f26da0079240dfc24f3c7,3402,1000000.0,24.6279693520747,12.047816255997327,13.107966237751867,4.4304031198456275e-05,0.06748250431908549,0.0006565261862388552
bfo-a7d84a931ad75b81180fb1321625d2044481cdc1305f26da0079240dfc24f3c7,3403,24.62796911781009,24.62796911781009,12.047818619776084,13.107968147324474,4.430199742866052e-05,0.06748222596218746,0.0006564987564797345
bfo-a7d84a931ad75b81180fb1321625d2044481cdc1305f26da0079240dfc24f3c7,3404,24.627969306054016,24.627969306054016,12.04781724884612,13.107966515908316,4.4303125425342996e-05,0.06748268582013842,0.0006565109981458666
bfo-a7d84a931ad75b81180fb1321625d2044481cdc1305f26da0079240dfc24f3c7,3405,1000000.0000000062,24.62796908959811,12.04781824220107,13.107967891280712,4.43023815689652e-05,0.06748223708634501,0.0006565043407242016
bfo-a7d84a931ad75b81180fb1321625d2044481cdc1305f26da0079240dfc24f3c7,3406,1000000.0,24.6279694837962,12.047817108945255,13.107967028586145,4.4303064072439926e-05,0.06748228647170884,0.000656513974093238
bfo-a7d84a931ad75b81180fb1321625d2044481cdc1305f26da0079240dfc24f3c7,3407,1000000.0000000026,24.627968858638155,12.047818541880488,13.107968294958347,4.4302170318982744e-05,0.06748214257670197,0.0006565021297097633
bfo-a7d84a931ad75b81180fb1321625d2044481cdc1305f26da0079240dfc24f3c7,3408,1000000.0,24.62796831436703,12.047820506379253,13.1079697018081,4.4299722166877483e-05,0.06748193854981557,0.0006564678359702895
bfo-a7d84a931ad75b81180fb1321625d2044481cdc1305f26da0079240dfc24f3c7,3409,24.627969126304762,24.627969126304762,12.047818901621419,13.107968506199912,4.430173996345243e-05,0.0674821146665491,0.0006564960239073956
bfo-a7d84a931ad75b81180fb1321625d2044481cdc1305f26da0079240dfc24f3c7,3410,24.62796936817204,24.62796936817204,12.047819355144847,13.107968986313658,4.430210809513292e-05,0.06748207073489208,0.0006565019065460628
bfo-a7d84a931ad75b81180fb1321625d2044481cdc1305f26da0079240dfc24f3c7,3411,24.627969214818663,24.627969214818663,12.047819375508041,13.107968791452077,4.430132999714487e-05,0.06748211824008557,0.0006564899139581114
bfo-a7d84a931ad75b81180fb1321625d2044481cdc1305f26da0079240dfc24f3c7,3412,24.627969545938036,24.627969545938036,12.047818832201857,13.10796829032574,4.43019770675677e-05,0.06748214124367236,0.0006564992789365852
bfo-a7d84a931ad75b81180fb1321625d2044481cdc1305f26da0079240dfc24f3c7,3413,24.62796913619708,24.62796913619708,12.047818463802352,13.107968613857718,4.4302167389052736e-05,0.06748197961457957,0.000656503671677723
bfo-a7d84a931ad75b81180fb1321625d2044481cdc1305f26da0079240dfc24f3c7,3414,24.62796933100708,24.62796933100708,12.04781982909394,13.107968520292044,4.430125408266753e-05,0.06748247799273499,0.0006564852892248104
bfo-a7d84a931ad75b81180fb1321625d2044481cdc1305f26da0079240dfc24f3c7,3415,1000000.000000004,24.627968891436968,12.047817927591439,13.10796740635222,4.4302556673460085e-05,0.06748234583926212,0.0006565058775369998
bfo-a7d84a931ad75b81180fb1321625d2044481cdc1305f26da0079240dfc24f3c7,3416,24.627967741029455,24.627967741029455,12.04781987801168,13.107968187672284,4.430129094297514e-05,0.06748252970626396,0.000656485332363925
bfo-a7d84a931ad75b81180fb1321625d2044481cdc1305f26da0079240dfc24f3c7,3417,24.627968595189024,24.627968595189024,12.047820296487819,13.107968537867311,4.430128960010325e-05,0.06748250531365084,0.0006564855497613197
bfo-a7d84a931ad75b81180fb1321625d2044481cdc1305f26da0079240dfc24f3c7,3418,24.627967774048457,24.627967774048457,12.047820037586904,13.107968345537197,4.4301468815483716e-05,0.06748253670769463,0.0006564879000826339
bfo-a7d84a931ad75b81180fb1321625d2044481cdc1305f26da0079240dfc24f3c7,3419,1000000.0,24.627969187421222,12.04782058165815,13.10796892648653,4.430140978686864e-05,0.06748244251258283,0.0006564879417132562
bfo-a7d84a931ad75b81180fb1321625d2044481cdc1305f26da0079240dfc24f3c7,3420,24.627967766028203,24.627967766028203,12.047819934798959,13.10796818985106,4.43014089438222e-05,0.06748254411198436,0.0006564869408347429
bfo-a7d84a931ad75b81180fb1321625d2044481cdc1305f26da0079240dfc24f3c7,3421,1000000.0,24.62796850034067,12.047820151596667,13.107968526828419,4.4301278371847676e-05,0.06748247214088202,0.0006564857060861767
bfo-a7d84a931ad75b81180fb1321625d2044481cdc1305f26da0079240dfc24f3c7,3422,1000000.0000000095,24.627967826058153,12.047819181082016,13.107967543599786,4.43017793491819e-05,0.06748258834363308,0.0006564919994412415
bfo-a7d84a931ad75b81180fb1321625d2044481cdc1305f26da0079240dfc24f3c7,3423,1000000.0,24.627968783803784,12.047819766955188,13.107967880851383,4.4301889624126876e-05,0.06748264966131626,0.0006564930370468616
bfo-a7d84a931ad75b81180fb1321625d2044481cdc1305f26da0079240dfc24f3c7,3424,1000000.0000000022,24.627967387521156,12.047819286072672,13.107967785021428,4.430220534955767e-05,0.0674826033165091,0.0006564981665240451
bfo-a7d84a931ad75b81180fb1321625d2044481cdc1305f26da0079240dfc24f3c7,3425,1000000.0,24.62796923972732,12.047822087860899,13.107969678088796,4.4299900746882874e-05,0.06748251852630172,0.0006564648402921821
bfo-a7d84a931ad75b81180fb1321625d2044481cdc1305f26da0079240dfc24f3c7,3426,1000000.0000000007,24.627968274609223,12.047819682028674,13.107967680242396,4.430189341693641e-05,0.0674827533587825,0.00065649208445006
bfo-a7d84a931ad75b81180fb1321625d2044481cdc1305f26da0079240dfc24f3c7,3427,1000000.0,24.627968073238762,12.047819807448924,13.107968009027148,4.430149303591618e-05,0.06748266058391869,0.0006564870538977142
bfo-a7d84a931ad75b81180fb1321625d2044481cdc1305f26da0079240dfc24f3c7,3428,24.627969054955756,24.627969054955756,12.047818987983755,13.107967656669414,4.430239354818867e-05,0.06748258145473879,0.0006565011680518284
bfo-a7d84a931ad75b81180fb1321625d2044481cdc1305f26da0079240dfc24f3c7,3429,1000000.0,24.627967507894333,12.04782202700228,13.107969721572266,4.429894508977085e-05,0.0674823679754528,0.0006564521432603685
bfo-a7d84a931ad75b81180fb1321625d2044481cdc1305f26da0079240dfc24f3c7,3430,24.62797652625992,24.62797652625992,12.047820492235346,13.107968549137812,4.430130945420955e-05,0.06748256808580953,0.0006564852333105768
bfo-a7d84a931ad75b81180fb1321625d2044481cdc1305f26da0079240dfc24f3c7,3431,1000000.0,24.627960857352456,12.04781951434344,13.107967643736854,4.430047567587294e-05,0.06748260215087436,0.0006564725464620949
bfo-a7d84a931ad75b81180fb1321625d2044481cdc1305f26da0079240dfc24f3c7,3432,1000000.0000000232,24.627967812612567,12.047819759052482,13.107968350090548,4.4301067155326854e-05,0.06748237396061539,0.0006564835312578393
bfo-a7d84a931ad75b81180fb1321625d2044481cdc1305f26da0079240dfc24f3c7,3433,24.62796876290734,24.62796876290734,12.04781983635686,13.107968799162055,4.430109371823126e-05,0.06748224085586901,0.0006564852197610202
bfo-a7d84a931ad75b81180fb1321625d2044481cdc1305f26da0079240dfc24f3c7,3434,1000000.0,24.627968245365082,12.047820254687808,13.107968338045815,4.4300715709575684e-05,0.06748256862985676,0.000656476429529024
bfo-a7d84a931ad75b81180fb1321625d2044481cdc1305f26da0079240dfc24f3c7,3435,1000000.0000000107,24.62796770984,12.047820186116882,13.107968357099,4.4301028560934e-05,0.0674825392561141,0.0006564813513137061
bfo-a7d84a931ad75b81180fb1321625d2044481cdc1305f26da0079240dfc24f3c7,3436,24.627968004699497,24.627968004699497,12.047820078252283,13.107968460957323,4.430115218362417e-05,0.06748246998316712,0.0006564838571361523
bfo-a7d84a931ad75b81180fb1321625d2044481cdc1305f26da0079240dfc24f3c7,3437,1000000.000000003,24.627967741990126,12.047819889192652,13.107968249920795,4.430125462965369e-05,0.06748250119838432,0.0006564850715805175
bfo-a7d84a931ad75b81180fb1321625d2044481cdc1305f26da0079240dfc24f3c7,3438,1000000.0,24.627967947419386,12.047819693113972,13.107967991644736,4.430151794605099e-05,0.06748256578010342,0.0006564883453070017
bfo-a7d84a931ad75b81180fb1321625d2044481cdc1305f26da0079240dfc24f3c7,3439,1000000.0000000058,24.62796776961413,12.047819894380934,13.107968207507682,4.4301264545776386e-05,0.06748252695957689,0.0006564849679134504
bfo-a7d84a931ad75b81180fb1321625d2044481cdc1305f26da0079240dfc24f3c7,3440,1000000.0,24.62796804644735,12.047819990159532,13.107968242466239,4.4301290519219496e-05,0.06748253927967372,0.0006564852329521541
bfo-a7d84a931ad75b81180fb1321625d2044481cdc1305f26da0079240dfc24f3c7,3441,1000000.000000001,24.62796775392572,12.047819947725577,13.107968218584007,4.4301260908414544e-05,0.06748253340924448,0.000656484851268872
bfo-a7d84a931ad75b81180fb1321625d2044481cdc1305f26da0079240dfc24f3c7,3442,1000000.0,24.627967877453763,12.047819903026646,13.107968243368553,4.4301268877221616e-05,0.06748250144359921,0.0006564852803248247
bfo-a7d84a931ad75b81180fb1321625d2044481cdc1305f26da0079240dfc24f3c7,3443,1000000.0000000013,24.627967738501013,12.047819856760027,13.107968181985932,4.430129211813952e-05,0.06748252729165428,0.0006564853732681462
bfo-a7d84a931ad75b81180fb1321625d2044481cdc1305f26da0079240dfc24f3c7,3444,1000000.0,24.62796758893082,12.04782005486134,13.107968328068798,4.430104273794461e-05,0.0674825076940878,0.0006564818684387133
bfo-a7d84a931ad75b81180fb1321625d2044481cdc1305f26da0079240dfc24f3c7,3445,1000000.0000000003,24.62796775198374,12.047819854222567,13.107968135683333,4.4301324409060624e-05,0.06748254752490977,0.000656485654942231
bfo-a7d84a931ad75b81180fb1321625d2044481cdc1305f26da0079240dfc24f3c7,3446,24.62796782045465,24.62796782045465,12.047819891053905,13.107968301629693,4.430120936381993e-05,0.06748247374458027,0.0006564846678783452
bfo-a7d84a931ad75b81180fb1321625d2044481cdc1305f26da0079240dfc24f3c7,3447,24.627967743529215,24.627967743529215,12.047819917233166,13.107968215104368,4.4301224477787895e-05,0.06748252592221166,0.0006564843842516317
bfo-a7d84a931ad75b81180fb1321625d2044481cdc1305f26da0079240dfc24f3c7,3448,1000000.0,24.627967769141534,12.047819438467743,13.107967819703115,4.430169914007276e-05,0.06748259363928422,0.0006564907593338712
bfo-a7d84a931ad75b81180fb1321625d2044481cdc1305f26da0079240dfc24f3c7,3449,24.62796772898017,24.62796772898017,12.047819866676303,13.10796815328305,4.430133999527075e-05,0.06748254606257066,0.0006564859001347399
bfo-a7d84a931ad75b81180fb1321625d2044481cdc1305f26da0079240dfc24f3c7,3450,24.62796761384214,24.62796761384214,12.047819840559217,13.107968182318096,4.430137123903609e-05,0.06748253231196975,0.0006564864968942208
bfo-a7d84a931ad75b81180fb1321625d2044481cdc1305f26da0079240dfc24f3c7,3451,24.62796792936662,24.62796792936662,12.047819963918755,13.107968298960504,4.43012965750147e-05,0.06748251733390655,0.0006564855361842813
bfo-a7d84a931ad75b81180fb1321625d2044481cdc1305f26da0079240dfc24f3c7,3452,24.627967604106985,24.627967604106985,12.047819884917605,13.107968168074377,4.4301382368573525e-05,0.06748255192795286,0.0006564864709898864
bfo-a7d84a931ad75b81180fb1321625d2044481cdc1305f26da0079240dfc24f3c7,3453,24.627967525697116,24.627967525697116,12.047819687925406,13.107967938648999,4.4301535010659996e-05,0.06748260192617715,0.0006564882465427731
bfo-a7d84a931ad75b81180fb1321625d2044481cdc1305f26da0079240dfc24f3c7,3454,24.62796776833672,24.62796776833672,12.047819669789678,13.107967943030328,4.430165949282006e-05,0.06748260377201094,0.0006564900732415811
bfo-a7d84a931ad75b81180fb1321625d2044481cdc1305f26da0079240dfc24f3c7,3455,24.62796751594928,24.62796751594928,12.047819604874558,13.107967844416878,4.430161432622126e-05,0.06748262351285776,0.000656489211889936
bfo-a7d84a931ad75b81180fb1321625d2044481cdc1305f26da0079240dfc24f3c7,3456,24.627967886509644,24.627967886509644,12.047819694374217,13.107968037032588,4.4301537718661476e-05,0.06748256407275509,0.0006564886549197892
bfo-a7d84a931ad75b81180fb1321625d2044481cdc1305f26da0079240dfc24f3c7,3457,24.62796750265928,24.62796750265928,12.047819628466039,13.107967874259309,4.4301579184174486e-05,0.06748261604731934,0.0006564887637596899
bfo-a7d84a931ad75b81180fb1321625d2044481cdc1305f26da0079240dfc24f3c7,3458,24.62796755323771,24.62796755323771,12.047819519790796,13.107967795024404,4.430169286952707e-05,0.06748262951541065,0.0006564903173995335
bfo-a7d84a931ad75b81180fb1321625d2044481cdc1305f26da0079240dfc24f3c7,3459,24.62796751499988,24.62796751499988,12.047819605014466,13.10796785615222,4.430165710403941e-05,0.06748261869762177,0.0006564898926425433
bfo-a7d84a931ad75b81180fb1321625d2044481cdc1305f26da0079240dfc24f3c7,3460,24.627967624559133,24.627967624559133,12.047819572197938,13.107967893505315,4.4301648707650444e-05,0.06748259361217718,0.000656490012257861
bfo-a7d84a931ad75b81180fb1321625d2044481cdc1305f26da0079240dfc24f3c7,3461,24.627967517563263,24.627967517563263,12.047819627036708,13.10796787272082,4.4301557929169006e-05,0.0674826134936749,0.0006564884736321209
bfo-a7d84a931ad75b81180fb1321625d2044481cdc1305f26da0079240dfc24f3c7,3462,24.62796790913666,24.62796790913666,12.047819666644397,13.107967860229286,4.430169038403806e-05,0.06748265048715962,0.0006564900765488996
bfo-a7d84a931ad75b81180fb1321625d2044481cdc1305f26da0079240dfc24f3c7,3463,24.627967507400523,24.627967507400523,12.04781953305123,13.107967859265035,4.4301649746809167e-05,0.06748259534820343,0.000656490010768215
bfo-a7d84a931ad75b81180fb1321625d2044481cdc1305f26da0079240dfc24f3c7,3464,24.627967636513432,24.627967636513432,12.047819626926989,13.107967880199663,4.430168564454476e-05,0.06748262532037992,0.000656490251145661
bfo-a7d84a931ad75b81180fb1321625d2044481cdc1305f26da0079240dfc24f3c7,3465,1000000.0000000003,24.627967497625132,12.04781976894087,13.107967927158768,4.4301441183095145e-05,0.06748262778581414,0.000656486604577778
bfo-a7d84a931ad75b81180fb1321625d2044481cdc1305f26da0079240dfc24f3c7,3466,1000000.0,24.62796761647242,12.047819354436086,13.10796769638917,4.430179634686462e-05,0.06748262339409915,0.0006564919103417441
bfo-a7d84a931ad75b81180fb1321625d2044481cdc1305f26da0079240dfc24f3c7,3467,24.6279675052823,24.6279675052823,12.047819639906225,13.107967892085224,4.430158073125554e-05,0.06748261450244022,0.0006564888017143076
bfo-a7d84a931ad75b81180fb1321625d2044481cdc1305f26da0079240dfc24f3c7,3468,1000000.0,24.62796757933395,12.047819325980779,13.107967701434013,4.430179939716493e-05,0.06748261624208746,0.0006564920251200167
bfo-a7d84a931ad75b81180fb1321625d2044481cdc1305f26da0079240dfc24f3c7,3469,24.627967515071298,24.627967515071298,12.04781950238132,13.107967800335151,4.4301684584093964e-05,0.06748261745009743,0.0006564903119955968
bfo-a7d84a931ad75b81180fb1321625d2044481cdc1305f26da0079240dfc24f3c7,3470,24.627967743102115,24.627967743102115,12.047819798523106,13.107967981049182,4.430156767119119e-05,0.06748261908434575,0.000656488563608048
bfo-a7d84a931ad75b81180fb1321625d2044481cdc1305f26da0079240dfc24f3c7,3471,24.627967515449363,24.627967515449363,12.047819613746565,13.107967831282352,4.430162906246202e-05,0.06748263756640194,0.0006564892935441337
bfo-a7d84a931ad75b81180fb1321625d2044481cdc1305f26da0079240dfc24f3c7,3472,24.627967582417952,24.627967582417952,12.047819591172113,13.107967891410476,4.430163093444229e-05,0.06748259544003768,0.0006564897311012131
bfo-a7d84a931ad75b81180fb1321625d2044481cdc1305f26da0079240dfc24f3c7,3473,24.627967487764856,24.627967487764856,12.04781957715452,13.107967804112429,4.430166325231514e-05,0.06748264078611513,0.0006564897688685357
bfo-a7d84a931ad75b81180fb1321625d2044481cdc1305f26da0079240dfc24f3c7,3474,24.627967103541685,24.627967103541685,12.047819453048835,13.107967758021097,4.4301715332648904e-05,0.06748263092169117,0.0006564906365914796
bfo-a7d84a931ad75b81180fb1321625d2044481cdc1305f26da0079240dfc24f3c7,3475,24.627967324617998,24.627967324617998,12.047819245382039,13.10796761188531,4.430204729085838e-05,0.06748265743749453,0.0006564952978014081
bfo-a7d84a931ad75b81180fb1321625d2044481cdc1305f26da0079240dfc24f3c7,3476,24.62796711259893,24.62796711259893,12.047819409352787,13.107967765316507,4.430170227728706e-05,0.06748260654543417,0.0006564906802682547
bfo-a7d84a931ad75b81180fb1321625d2044481cdc1305f26da0079240dfc24f3c7,3477,24.627967286408236,24.627967286408236,12.047819371476406,13.10796773827015,4.43017809361432e-05,0.06748262010526104,0.0006564917139708002
bfo-a7d84a931ad75b81180fb1321625d2044481cdc1305f26da0079240dfc24f3c7,3478,24.627967118123152,24.627967118123152,12.047819366172442,13.107967643720466,4.430176674632941e-05,0.06748265632397035,0.0006564911513507372
bfo-a7d84a931ad75b81180fb1321625d2044481cdc1305f26da0079240dfc24f3c7,3479,24.627967319963254,24.627967319963254,12.047819763365963,13.107967884015466,4.430145786633908e-05,0.06748265629963739,0.0006564865744115223
bfo-a7d84a931ad75b81180fb1321625d2044481cdc1305f26da0079240dfc24f3c7,3480,24.627967126464696,24.627967126464696,12.047819483428915,13.107967686350289,4.4301652876816704e-05,0.06748266639572961,0.0006564893659806567
bfo-a7d84a931ad75b81180fb1321625d2044481cdc1305f26da0079240dfc24f3c7,3481,24.627967202258677,24.627967202258677,12.047819390790947,13.10796768639294,4.4301822685507684e-05,0.06748264719120148,0.0006564920691386843
bfo-a7d84a931ad75b81180fb1321625d2044481cdc1305f26da0079240dfc24f3c7,3482,24.627967093704612,24.627967093704612,12.047819451828573,13.107967813201697,4.430170083835023e-05,0.06748260354779678,0.0006564906881070777
bfo-a7d84a931ad75b81180fb1321625d2044481cdc1305f26da0079240dfc24f3c7,3483,24.627967165365085,24.627967165365085,12.04781963874811,13.10796793040247,4.430148785978636e-05,0.06748259552998694,0.0006564876100549556
bfo-a7d84a931ad75b81180fb1321625d2044481cdc1305f26da0079240dfc24f3c7,3484,24.627967085908423,24.627967085908423,12.04781958598601,13.107967873993088,4.430163107087403e-05,0.06748261847897548,0.0006564895089937331
bfo-a7d84a931ad75b81180fb1321625d2044481cdc1305f26da0079240dfc24f3c7,3485,24.627967153343103,24.627967153343103,12.047819572855012,13.107967887188783,4.430172096635183e-05,0.06748261195068674,0.0006564909046307446
bfo-a7d84a931ad75b81180fb1321625d2044481cdc1305f26da0079240dfc24f3c7,3486,24.627967081913738,24.627967081913738,12.047819539912297,13.107967837198958,4.430161367687741e-05,0.06748261386555102,0.0006564892961191712
bfo-a7d84a931ad75b81180fb1321625d2044481cdc1305f26da0079240dfc24f3c7,3487,24.62796735842655,24.62796735842655,12.047819481544218,13.10796772412883,4.430162751195859e-05,0.06748263798703007,0.0006564892664758187
bfo-a7d84a931ad75b81180fb1321625d2044481cdc1305f26da0079240dfc24f3c7,3488,24.627967068460574,24.627967068460574,12.047819660080249,13.10796790712543,4.4301553942275826e-05,0.06748261732713856,0.0006564883772588897
bfo-a7d84a931ad75b81180fb1321625d2044481cdc1305f26da0079240dfc24f3c7,3489,24.62796732150227,24.62796732150227,12.047819456063692,13.107967750571206,4.430174536319415e-05,0.067482634755053,0.0006564910443108758
bfo-a7d84a931ad75b81180fb1321625d2044481cdc1305f26da0079240dfc24f3c7,3490,24.627967164379328,24.627967164379328,12.047819628505737,13.107967876980556,4.4301637229346704e-05,0.06748262860532753,0.000656489501741923
bfo-a7d84a931ad75b81180fb1321625d2044481cdc1305f26da0079240dfc24f3c7,3491,24.627967403028038,24.627967403028038,12.04781933570221,13.107967692935377,4.4301815511546376e-05,0.06748263074338329,0.0006564921228399234
bfo-a7d84a931ad75b81180fb1321625d2044481cdc1305f26da0079240dfc24f3c7,3492,24.627967043401988,24.627967043401988,12.047819755864362,13.10796797540953,4.4301476135930096e-05,0.06748260878959535,0.0006564873073306647
bfo-a7d84a931ad75b81180fb1321625d2044481cdc1305f26da0079240dfc24f3c7,3493,24.62796706085398,24.62796706085398,12.047819674593523,13.107967948299587,4.430146907262499e-05,0.06748260541922517,0.000656487235449921
bfo-a7d84a931ad75b81180fb1321625d2044481cdc1305f26da0079240dfc24f3c7,3494,24.627966791200794,24.627966791200794,12.047819736647114,13.107967970580367,4.4301458259405684e-05,0.06748260036498685,0.0006564871243816408
bfo-a7d84a931ad75b81180fb1321625d2044481cdc1305f26da0079240dfc24f3c7,3495,24.62796707366926,24.62796707366926,12.047819637186011,13.107967883573362,4.43016137997473e-05,0.06748262102725094,0.0006564892282689694
bfo-a7d84a931ad75b81180fb1321625d2044481cdc1305f26da0079240dfc24f3c7,3496,24.627966789430893,24.627966789430893,12.047819703956792,13.107968000584634,4.4301467486787753e-05,0.06748257669915704,0.0006564874913459128
bfo-a7d84a931ad75b81180fb1321625d2044481cdc1305f26da0079240dfc24f3c7,3497,24.62796717571652,24.62796717571652,12.04781979284484,13.107968186611874,4.430144295620985e-05,0.06748252505177654,0.0006564876302749369
bfo-a7d84a931ad75b81180fb1321625d2044481cdc1305f26da0079240dfc24f3c7,3498,24.627966763691504,24.627966763691504,12.047819740656381,13.107968018009384,4.4301437387022164e-05,0.06748258033415486,0.0006564870099461793
bfo-a7d84a931ad75b81180fb1321625d2044481cdc1305f26da0079240dfc24f3c7,3499,24.627964445075207,24.627964445075207,12.047819527221463,13.107967897109173,4.430150685365062e-05,0.06748257275170692,0.0006564881131111001
bfo-a7d84a931ad75b81180fb1321625d2044481cdc1305f26da0079240dfc24f3c7,3500,24.627964519809527,24.627964519809527,12.047819469762558,13.107967878346768,4.430154765638607e-05,0.06748257197083478,0.0006564887253487124
bfo-a7d84a931ad75b81180fb1321625d2044481cdc1305f26da0079240dfc24f3c7,3501,1000000.0,24.627964441382794,12.047819635715706,13.107968005883286,4.4301443293661336e-05,0.06748255048957277,0.0006564873878100781
bfo-a7d84a931ad75b81180fb1321625d2044481cdc1305f26da0079240dfc24f3c7,3502,24.62796451039773,24.62796451039773,12.047819316073713,13.107967707068017,4.43016098479806e-05,0.0674826021546079,0.0006564893533074223
bfo-a7d84a931ad75b81180fb1321625d2044481cdc1305f26da0079240dfc24f3c7,3503,1000000.0000000001,24.627964430752392,12.047819550708684,13.107967946647126,4.430147145724496e-05,0.06748255538988415,0.0006564877574847424
bfo-a7d84a931ad75b81180fb1321625d2044481cdc1305f26da0079240dfc24f3c7,3504,24.627964406458403,24.627964406458403,12.04781925807005,13.107967609603307,4.430176401987996e-05,0.06748263696431997,0.0006564912992849344
bfo-a7d84a931ad75b81180fb1321625d2044481cdc1305f26da0079240dfc24f3c7,3505,24.627965441933753,24.627965441933753,12.04781907214625,13.107967416103262,4.430195849965337e-05,0.06748268103499142,0.0006564937524737898
bfo-a7d84a931ad75b81180fb1321625d2044481cdc1305f26da0079240dfc24f3c7,3506,1000000.0000000002,24.62796438459509,12.047819261246925,13.107967649737077,4.430174252771232e-05,0.06748261803884137,0.0006564911649132123
bfo-a7d84a931ad75b81180fb1321625d2044481cdc1305f26da0079240dfc24f3c7,3507,24.62796449342497,24.62796449342497,12.047819383405022,13.107967617556083,4.4301629826878275e-05,0.06748266513682587,0.0006564890366593197
bfo-a7d84a931ad75b81180fb1321625d2044481cdc1305f26da0079240dfc24f3c7,3508,24.627964407079475,24.627964407079475,12.047819181666673,13.107967597210038,4.430181111724564e-05,0.06748261430950403,0.0006564922175963523
bfo-a7d84a931ad75b81180fb1321625d2044481cdc1305f26da0079240dfc24f3c7,3509,24.627964794973998,24.627964794973998,12.047819043452838,13.107967452639095,4.4301985851186034e-05,0.06748265489207025,0.0006564944121128802
bfo-a7d84a931ad75b81180fb1321625d2044481cdc1305f26da0079240dfc24f3c7,3510,24.627964408955837,24.627964408955837,12.04781936981433,13.107967742207325,4.430167662744549e-05,0.06748259981903619,0.0006564903656090086
bfo-a7d84a931ad75b81180fb1321625d2044481cdc1305f26da0079240dfc24f3c7,3511,24.62796447613549,24.62796447613549,12.047819339041395,13.107967652637319,4.430177812197393e-05,0.06748264856029212,0.0006564913954494935
bfo-a7d84a931ad75b81180fb1321625d2044481cdc1305f26da0079240dfc24f3c7,3512,24.627964390396173,24.627964390396173,12.047819270196532,13.107967607949028,4.4301773198136154e-05,0.06748264762985198,0.0006564913315365917
bfo-a7d84a931ad75b81180fb1321625d2044481cdc1305f26da0079240dfc24f3c7,3513,24.627964493931447,24.627964493931447,12.047819312956573,13.107967552817588,4.4301854188970046e-05,0.06748269054180842,0.0006564921142485146
bfo-a7d84a931ad75b81180fb1321625d2044481cdc1305f26da0079240dfc24f3c7,3514,1000000.0000000017,24.627964383994897,12.047819305085502,13.107967649262788,4.4301787879776654e-05,0.06748264079803896,0.0006564916155602503
bfo-a7d84a931ad75b81180fb1321625d2044481cdc1305f26da0079240dfc24f3c7,3515,24.627964840636928,24.627964840636928,12.047819289957319,13.107967663942906,4.430174335160682e-05,0.067482620964597,0.0006564911486595722
bfo-a7d84a931ad75b81180fb1321625d2044481cdc1305f26da0079240dfc24f3c7,3516,24.62796439094544,24.62796439094544,12.047819291826837,13.107967678646762,4.430175432150855e-05,0.0674826234289107,0.0006564912872449017
bfo-a7d84a931ad75b81180fb1321625d2044481cdc1305f26da0079240dfc24f3c7,3517,24.62796446543305,24.62796446543305,12.047818881393365,13.107967238420033,4.430211315098664e-05,0.0674827195811926,0.0006564956692014175
bfo-a7d84a931ad75b81180fb1321625d2044481cdc1305f26da0079240dfc24f3c7,3518,24.627964396925382,24.627964396925382,12.047819274449493,13.107967624780521,4.430182440724193e-05,0.06748264551550737,0.0006564921109540892
bfo-a7d84a931ad75b81180fb1321625d2044481cdc1305f26da0079240dfc24f3c7,3519,24.627964505495697,24.627964505495697,12.04781948322756,13.10796777255393,4.4301585231913435e-05,0.06748263341266411,0.0006564886844442498
bfo-a7d84a931ad75b81180fb1321625d2044481cdc1305f26da0079240dfc24f3c7,3520,24.627964391933368,24.627964391933368,12.0478192319911,13.107967687764615,4.43017650396095e-05,0.06748259551680116,0.0006564917176100566
bfo-a7d84a931ad75b81180fb1321625d2044481cdc1305f26da0079240dfc24f3c7,3521,24.62796448641789,24.62796448641789,12.047819392393002,13.107967761833205,4.430158521572893e-05,0.06748258841098236,0.0006564891219928241
bfo-a7d84a931ad75b81180fb1321625d2044481cdc1305f26da0079240dfc24f3c7,3522,24.627964383410934,24.627964383410934,12.047819273955165,13.107967588683202,4.4301695962468714e-05,0.0674826500494184,0.0006564901634720335
bfo-a7d84a931ad75b81180fb1321625d2044481cdc1305f26da0079240dfc24f3c7,3523,24.627964497152185,24.627964497152185,12.047819238738253,13.107967552567098,4.430179459886789e-05,0.06748266723024168,0.0006564914579875184
bfo-a7d84a931ad75b81180fb1321625d2044481cdc1305f26da0079240dfc24f3c7,3524,1000000.0000000019,24.627964361180393,12.047819266272946,13.107967567663948,4.430170348097606e-05,0.0674826538032184,0.0006564902383679406
bfo-a7d84a931ad75b81180fb1321625d2044481cdc1305f26da0079240dfc24f3c7,3525,24.62796438704796,24.62796438704796,12.047818924035152,13.107967190208049,4.4302006254911076e-05,0.06748274345234524,0.0006564938529239868
bfo-a7d84a931ad75b81180fb1321625d2044481cdc1305f26da0079240dfc24f3c7,3526,24.62796436117037,24.62796436117037,12.047819320622548,13.107967619626198,4.430166612372591e-05,0.06748264726302829,0.0006564897484096991
bfo-a7d84a931ad75b81180fb1321625d2044481cdc1305f26da0079240dfc24f3c7,3527,24.627964646325957,24.627964646325957,12.047819553341297,13.107967828100481,4.430147427479989e-05,0.06748261257559196,0.000656487242920163
bfo-a7d84a931ad75b81180fb1321625d2044481cdc1305f26da0079240dfc24f3c7,3528,24.627964501285952,24.627964501285952,12.047819309120321,13.107967631406234,4.430168743011846e-05,0.06748263883284665,0.0006564901461523013
bfo-a7d84a931ad75b81180fb1321625d2044481cdc1305f26da0079240dfc24f3c7,3529,24.627964677393827,24.627964677393827,12.04781934483361,13.10796778119203,4.430161484778742e-05,0.06748257041476255,0.0006564897361718747
bfo-a7d84a931ad75b81180fb1321625d2044481cdc1305f26da0079240dfc24f3c7,3530,24.627964359835147,24.627964359835147,12.047819262002802,13.107967520291952,4.430177608195781e-05,0.06748268466159646,0.0006564910140151758
bfo-a7d84a931ad75b81180fb1321625d2044481cdc1305f26da0079240dfc24f3c7,3531,24.62796361509414,24.62796361509414,12.047819052665576,13.107967384916204,4.430189769559705e-05,0.06748268764233209,0.000656492787163479
bfo-a7d84a931ad75b81180fb1321625d2044481cdc1305f26da0079240dfc24f3c7,3532,24.627963306342323,24.627963306342323,12.04781905107216,13.10796734169909,4.430191477594824e-05,0.06748271518306478,0.0006564927723457412
bfo-a7d84a931ad75b81180fb1321625d2044481cdc1305f26da0079240dfc24f3c7,3533,24.62796335049689,24.62796335049689,12.047818965512848,13.107967288056887,4.430209710017714e-05,0.06748272127748593,0.0006564954148486232
bfo-a7d84a931ad75b81180fb1321625d2044481cdc1305f26da0079240dfc24f3c7,3534,24.627963314375513,24.627963314375513,12.047818878812585,13.107967199178704,4.430205304120838e-05,0.06748273753922683,0.0006564946037563484
bfo-a7d84a931ad75b81180fb1321625d2044481cdc1305f26da0079240dfc24f3c7,3535,24.627963382761333,24.627963382761333,12.047818998739022,13.107967304359466,4.430194133995123e-05,0.06748271967719505,0.0006564931222670108
bfo-a7d84a931ad75b81180fb1321625d2044481cdc1305f26da0079240dfc24f3c7,3536,24.62796331239099,24.62796331239099,12.047818982819582,13.107967360589534,4.4301981455657307e-05,0.06748269232723934,0.0006564939827952721
bfo-a7d84a931ad75b81180fb1321625d2044481cdc1305f26da0079240dfc24f3c7,3537,24.627963116438618,24.627963116438618,12.04781910057248,13.107967365868618,4.430188998645329e-05,0.06748271468953843,0.0006564924098010721
bfo-a7d84a931ad75b81180fb1321625d2044481cdc1305f26da0079240dfc24f3c7,3538,24.62796292683855,24.62796292683855,12.047819089081807,13.107967354600172,4.430184576157401e-05,0.06748271717230828,0.0006564917302967373
bfo-a7d84a931ad75b81180fb1321625d2044481cdc1305f26da0079240dfc24f3c7,3539,24.627962837233852,24.627962837233852,12.047819143586752,13.107967397283081,4.4301905228923634e-05,0.0674827232461711,0.0006564925524317407
bfo-a7d84a931ad75b81180fb1321625d2044481cdc1305f26da0079240dfc24f3c7,3540,24.627962247256352,24.627962247256352,12.047819177764833,13.107967405563407,4.430184324986314e-05,0.0674827159131674,0.0006564917053259685
bfo-a7d84a931ad75b81180fb1321625d2044481cdc1305f26da0079240dfc24f3c7,3541,24.62796246813111,24.62796246813111,12.047819115017836,13.107967398831144,4.4301963417316215e-05,0.06748271606879484,0.0006564934845265097
bfo-a7d84a931ad75b81180fb1321625d2044481cdc1305f26da0079240dfc24f3c7,3542,24.6279622525063,24.6279622525063,12.047819157346346,13.10796741362465,4.430186824639351e-05,0.06748270838468014,0.0006564921489791729
bfo-a7d84a931ad75b81180fb1321625d2044481cdc1305f26da0079240dfc24f3c7,3543,24.627962129498215,24.627962129498215,12.047818805534186,13.107967198404317,4.430211592605688e-05,0.06748271899332502,0.0006564957160430802
bfo-a7d84a931ad75b81180fb1321625d2044481cdc1305f26da0079240dfc24f3c7,3544,24.6279622915768,24.6279622915768,12.047818880004858,13.10796722351444,4.43021832033704e-05,0.06748274270451919,0.0006564964823281192
bfo-a7d84a931ad75b81180fb1321625d2044481cdc1305f26da0079240dfc24f3c7,3545,24.627962131433016,24.627962131433016,12.047818780848033,13.107967199147463,4.43021314081738e-05,0.06748271169211977,0.0006564960164952463
bfo-a7d84a931ad75b81180fb1321625d2044481cdc1305f26da0079240dfc24f3c7,3546,24.627962069267326,24.627962069267326,12.047818653859196,13.107967125773115,4.430214125964924e-05,0.06748270411946246,0.0006564962361499709
bfo-a7d84a931ad75b81180fb1321625d2044481cdc1305f26da0079240dfc24f3c7,3547,24.627962181855384,24.627962181855384,12.047818382912926,13.107966980575808,4.4302300037359063e-05,0.06748268167697145,0.000656498807344778
bfo-a7d84a931ad75b81180fb1321625d2044481cdc1305f26da0079240dfc24f3c7,3548,24.627962076324803,24.627962076324803,12.047818673789713,13.107967154582608,4.4302171417281476e-05,0.06748269994960013,0.000656496723610182
bfo-a7d84a931ad75b81180fb1321625d2044481cdc1305f26da0079240dfc24f3c7,3549,24.62796227704791,24.62796227704791,12.047818752343051,13.107967039639131,4.4302059086334455e-05,0.06748276580301078,0.000656494418377231
bfo-a7d84a931ad75b81180fb1321625d2044481cdc1305f26da0079240dfc24f3c7,3550,24.62796207703176,24.62796207703176,12.04781858552429,13.10796707652203,4.430220926664701e-05,0.06748271296501092,0.0006564971578664486
bfo-a7d84a931ad75b81180fb1321625d2044481cdc1305f26da0079240dfc24f3c7,3551,24.62796243398806,24.62796243398806,12.0478187374585,13.107967137263447,4.430218694517921e-05,0.06748273565397397,0.000656496606366762
bfo-a7d84a931ad75b81180fb1321625d2044481cdc1305f26da0079240dfc24f3c7,3552,24.627962064703922,24.627962064703922,12.04781838808071,13.107966899392974,4.430235530204239e-05,0.06748273534120278,0.0006564991042233702
bfo-a7d84a931ad75b81180fb1321625d2044481cdc1305f26da0079240dfc24f3c7,3553,24.627962120822225,24.627962120822225,12.047818538338092,13.10796715180939,4.430219729944613e-05,0.06748265140772734,0.0006564975793819084
bfo-a7d84a931ad75b81180fb1321625d2044481cdc1305f26da0079240dfc24f3c7,3554,24.62796213955623,24.62796213955623,12.047818319914164,13.107966846759751,4.430241662132472e-05,0.06748274443185327,0.0006564999244519915
bfo-a7d84a931ad75b81180fb1321625d2044481cdc1305f26da0079240dfc24f3c7,3555,24.627962980435473,24.627962980435473,12.047818206182914,13.107966685548202,4.4302538677114515e-05,0.06748279047898328,0.0006565012851819164
bfo-a7d84a931ad75b81180fb1321625d2044481cdc1305f26da0079240dfc24f3c7,3556,24.62796208388899,24.62796208388899,12.047818504951143,13.107967040966688,4.4302250724952556e-05,0.06748270279634139,0.0006564978711456475
bfo-a7d84a931ad75b81180fb1321625d2044481cdc1305f26da0079240dfc24f3c7,3557,24.627962119837434,24.627962119837434,12.047818177986484,13.107966715644226,4.430249312450914e-05,0.06748276376273118,0.0006565008700632998
bfo-a7d84a931ad75b81180fb1321625d2044481cdc1305f26da0079240dfc24f3c7,3558,24.627962061355305,24.627962061355305,12.047818427011931,13.107966954816721,4.430231716318234e-05,0.06748271714179896,0.0006564987161096597
bfo-a7d84a931ad75b81180fb1321625d2044481cdc1305f26da0079240dfc24f3c7,3559,24.627961859972494,24.627961859972494,12.047818549695087,13.107966931155122,4.430231368664595e-05,0.06748276601980312,0.0006564981890879404
bfo-a7d84a931ad75b81180fb1321625d2044481cdc1305f26da0079240dfc24f3c7,3560,1000000.0,24.627961729937535,12.047818472900097,13.107966953276406,4.4302302581119046e-05,0.06748273500755937,0.0006564983262186444
bfo-a7d84a931ad75b81180fb1321625d2044481cdc1305f26da0079240dfc24f3c7,3561,1000000.0000000007,24.62796176126859,12.047818406162182,13.10796683205744,4.430239333898668e-05,0.06748276699783656,0.0006564993599092783
bfo-a7d84a931ad75b81180fb1321625d2044481cdc1305f26da0079240dfc24f3c7,3562,24.627961822364647,24.627961822364647,12.047818528199851,13.107966895037762,4.4302356193806936e-05,0.06748278056917362,0.00065649867744253
bfo-a7d84a931ad75b81180fb1321625d2044481cdc1305f26da0079240dfc24f3c7,3563,24.6279619093766,24.6279619093766,12.04781897801798,13.107967176952325,4.4302012171171525e-05,0.06748277950617076,0.0006564935898516222
bfo-a7d84a931ad75b81180fb1321625d2044481cdc1305f26da0079240dfc24f3c7,3564,24.627962307844893,24.627962307844893,12.04781854281928,13.107966922979887,4.430242028751036e-05,0.06748277613115114,0.0006564996703960382
bfo-a7d84a931ad75b81180fb1321625d2044481cdc1305f26da0079240dfc24f3c7,3565,24.627961893364077,24.627961893364077,12.047818462823422,13.107966792417905,4.430247936873762e-05,0.06748280729626889,0.0006565002427097767
bfo-a7d84a931ad75b81180fb1321625d2044481cdc1305f26da0079240dfc24f3c7,3566,24.627961772981905,24.627961772981905,12.047818505989875,13.107966866557234,4.4302362888180514e-05,0.067482785897261,0.0006564987248100357
bfo-a7d84a931ad75b81180fb1321625d2044481cdc1305f26da0079240dfc24f3c7,3567,24.627962092361912,24.627962092361912,12.047818734102625,13.107967019995506,4.430228605831786e-05,0.06748278387436014,0.000656497605979032
bfo-a7d84a931ad75b81180fb1321625d2044481cdc1305f26da0079240dfc24f3c7,3568,24.627961746869982,24.627961746869982,12.047818515187885,13.107966887561252,4.430233828334089e-05,0.06748277276812449,0.0006564984879261973
bfo-a7d84a931ad75b81180fb1321625d2044481cdc1305f26da0079240dfc24f3c7,3569,24.627961915900638,24.627961915900638,12.047818661930453,13.107967037287342,4.4302245905157324e-05,0.06748273881739149,0.000656497449296469
bfo-a7d84a931ad75b81180fb1321625d2044481cdc1305f26da0079240dfc24f3c7,3570,1000000.0000000008,24.627961626342845,12.047818469403735,13.10796683836283,4.4302321293788785e-05,0.06748277849287815,0.0006564981804722855
bfo-a7d84a931ad75b81180fb1321625d2044481cdc1305f26da0079240dfc24f3c7,3571,24.62796172972943,24.62796172972943,12.047818855414322,13.107967174689152,4.430203265038231e-05,0.0674827344022472,0.0006564943321103336
bfo-a7d84a931ad75b81180fb1321625d2044481cdc1305f26da0079240dfc24f3c7,3572,24.62796185527595,24.62796185527595,12.047818576389384,13.10796694849467,4.4302368033844784e-05,0.06748278185062381,0.0006564988404288086
bfo-a7d84a931ad75b81180fb1321625d2044481cdc1305f26da0079240dfc24f3c7,3573,1000000.0000000045,24.627961730158674,12.047818701506317,13.107967068177935,4.4302189858310866e-05,0.06748274361387199,0.000656496572098529
bfo-a7d84a931ad75b81180fb1321625d2044481cdc1305f26da0079240dfc24f3c7,3574,24.627961864764572,24.627961864764572,12.047819052873603,13.107967371835397,4.430185211533771e-05,0.06748269558199918,0.0006564920344876548
bfo-a7d84a931ad75b81180fb1321625d2044481cdc1305f26da0079240dfc24f3c7,3575,1000000.0000000083,24.627961684799935,12.047818893870264,13.10796720854007,4.430195648188394e-05,0.06748272973838881,0.0006564932487709065
bfo-a7d84a931ad75b81180fb1321625d2044481cdc1305f26da0079240dfc24f3c7,3576,24.627961992655518,24.627961992655518,12.047818997411623,13.107967238523885,4.4301910012648707e-05,0.06748274613628732,0.0006564924006378922
bfo-a7d84a931ad75b81180fb1321625d2044481cdc1305f26da0079240dfc24f3c7,3577,24.627961793616603,24.627961793616603,12.047818872808586,13.107967237670948,4.4301986838351116e-05,0.06748270925615109,0.000656493897869297
bfo-a7d84a931ad75b81180fb1321625d2044481cdc1305f26da0079240dfc24f3c7,3578,24.627961618903935,24.627961618903935,12.047818908969766,13.107967196537777,4.430191914197947e-05,0.06748273412183822,0.0006564926528020274
bfo-a7d84a931ad75b81180fb1321625d2044481cdc1305f26da0079240dfc24f3c7,3579,24.62796183513798,24.62796183513798,12.047818796083952,13.10796717253813,4.430196267735548e-05,0.0674827180529039,0.000656493454259273
bfo-a7d84a931ad75b81180fb1321625d2044481cdc1305f26da0079240dfc24f3c7,3580,24.627961663922925,24.627961663922925,12.047818971501338,13.107967243926069,4.430187862047044e-05,0.06748272941208419,0.0006564920981476671
bfo-a7d84a931ad75b81180fb1321625d2044481cdc1305f26da0079240dfc24f3c7,3581,24.627961652138083,24.627961652138083,12.047818947692317,13.107967155943957,4.430194997109243e-05,0.06748275980720404,0.0006564928597713194
bfo-a7d84a931ad75b81180fb1321625d2044481cdc1305f26da0079240dfc24f3c7,3582,24.627961631949162,24.627961631949162,12.047818979592856,13.10796723641009,4.4301803810691586e-05,0.06748272836632022,0.0006564909997444926
bfo-a7d84a931ad75b81180fb1321625d2044481cdc1305f26da0079240dfc24f3c7,3583,24.62796162056399,24.62796162056399,12.04781901150377,13.107967304763715,4.430189853785316e-05,0.06748272024745844,0.0006564924824517826
bfo-a7d84a931ad75b81180fb1321625d2044481cdc1305f26da0079240dfc24f3c7,3584,24.62796166379564,24.62796166379564,12.047818959113853,13.107967210233667,4.430193050800945e-05,0.06748275062256201,0.0006564926607066556
bfo-a7d84a931ad75b81180fb1321625d2044481cdc1305f26da0079240dfc24f3c7,3585,24.627961858282724,24.627961858282724,12.047818810551965,13.107967057733294,4.430208636538634e-05,0.06748277206948682,0.000656494761652183
bfo-a7d84a931ad75b81180fb1321625d2044481cdc1305f26da0079240dfc24f3c7,3586,24.627961551553128,24.627961551553128,12.047818886195417,13.107967175829437,4.430189951810267e-05,0.06748273532011269,0.0006564923503463684
bfo-a7d84a931ad75b81180fb1321625d2044481cdc1305f26da0079240dfc24f3c7,3587,24.627961662679688,24.627961662679688,12.047818903916323,13.107967283108186,4.4301805256053984e-05,0.06748267810390328,0.0006564915101300864
bfo-a7d84a931ad75b81180fb1321625d2044481cdc1305f26da0079240dfc24f3c7,3588,24.62796139238295,24.62796139238295,12.047818840933761,13.107967094176214,4.430194160275773e-05,0.06748275942324312,0.0006564927394996059
bfo-a7d84a931ad75b81180fb1321625d2044481cdc1305f26da0079240dfc24f3c7,3589,24.62796129893292,24.62796129893292,12.047819043666737,13.107967226271168,4.43016641444465e-05,0.06748275256985987,0.0006564886946273313
bfo-a7d84a931ad75b81180fb1321625d2044481cdc1305f26da0079240dfc24f3c7,3590,1000000.0,24.62795843847859,12.04781882238705,13.107967056486164,4.4301591340016465e-05,0.06748275142192475,0.0006564876269348902
bfo-a7d84a931ad75b81180fb1321625d2044481cdc1305f26da0079240dfc24f3c7,3591,24.627961317955542,24.627961317955542,12.047819069702216,13.107967249198712,4.430165167325853e-05,0.06748274787646413,0.0006564885554802601
bfo-a7d84a931ad75b81180fb1321625d2044481cdc1305f26da0079240dfc24f3c7,3592,24.62796167965611,24.62796167965611,12.047818924736317,13.107967156409895,4.4301871342131594e-05,0.0674827635042337,0.0006564916586344631
bfo-a7d84a931ad75b81180fb1321625d2044481cdc1305f26da0079240dfc24f3c7,3593,24.627961289689694,24.627961289689694,12.04781907094085,13.107967226955854,4.430164450193048e-05,0.06748276010787196,0.0006564883302211379
bfo-a7d84a931ad75b81180fb1321625d2044481cdc1305f26da0079240dfc24f3c7,3594,24.627961931790185,24.627961931790185,12.047819302624491,13.107967538242463,4.4301493094097897e-05,0.06748268240154338,0.0006564868425130161
bfo-a7d84a931ad75b81180fb1321625d2044481cdc1305f26da0079240dfc24f3c7,3595,24.6279612785707,24.6279612785707,12.047819057033538,13.107967216354494,4.4301622119343916e-05,0.06748275649814761,0.0006564880336587908
bfo-a7d84a931ad75b81180fb1321625d2044481cdc1305f26da0079240dfc24f3c7,3596,24.627962256309374,24.627962256309374,12.047819089127888,13.107967274575199,4.430175528940953e-05,0.06748274828518278,0.0006564900869506658
bfo-a7d84a931ad75b81180fb1321625d2044481cdc1305f26da0079240dfc24f3c7,3597,24.627961271534527,24.627961271534527,12.04781908032434,13.107967221360258,4.4301601891364116e-05,0.06748276287645559,0.0006564876718588049
bfo-a7d84a931ad75b81180fb1321625d2044481cdc1305f26da0079240dfc24f3c7,3598,24.62796159812931,24.62796159812931,12.047819337121785,13.107967525469961,4.430137806905137e-05,0.0674826931117674,0.0006564850338097465
bfo-a7d84a931ad75b81180fb1321625d2044481cdc1305f26da0079240dfc24f3c7,3599,1000000.0000000037,24.62796124738548,12.047818929786555,13.107967108184816,4.430170393649033e-05,0.06748277464701956,0.0006564890695176382
bfo-a7d84a931ad75b81180fb1321625d2044481cdc1305f26da0079240dfc24f3c7,3600,24.627961632860046,24.627961632860046,12.047819060448242,13.107967164865121,4.4301759861358556e-05,0.06748279214382102,0.0006564897280323187
bfo-a7d84a931ad75b81180fb1321625d2044481cdc1305f26da0079240dfc24f3c7,3601,24.627961271539604,24.627961271539604,12.047819171267415,13.107967265397818,4.430154727930788e-05,0.06748276804475332,0.0006564868123063345
bfo-a7d84a931ad75b81180fb1321625d2044481cdc1305f26da0079240dfc24f3c7,3602,24.627961581055644,24.627961581055644,12.047819178372672,13.107967160977292,4.4301619295293014e-05,0.06748282764168383,0.0006564872997101282
bfo-a7d84a931ad75b81180fb1321625d2044481cdc1305f26da0079240dfc24f3c7,3603,24.627961276573977,24.627961276573977,12.04781905203943,13.10796720140669,4.4301674340261516e-05,0.06748276983277972,0.0006564886777771532
bfo-a7d84a931ad75b81180fb1321625d2044481cdc1305f26da0079240dfc24f3c7,3604,24.627961696521997,24.627961696521997,12.047819251221316,13.107967361941865,4.4301547064765296e-05,0.06748274800726305,0.0006564870040561655
bfo-a7d84a931ad75b81180fb1321625d2044481cdc1305f26da0079240dfc24f3c7,3605,24.627961276817643,24.627961276817643,12.047819065458896,13.107967210155012,4.430158139463149e-05,0.06748276647808066,0.000656487333088534
bfo-a7d84a931ad75b81180fb1321625d2044481cdc1305f26da0079240dfc24f3c7,3606,24.627961832574762,24.627961832574762,12.047819117984533,13.107967200378436,4.430162111239649e-05,0.06748277998701231,0.0006564877902321562
bfo-a7d84a931ad75b81180fb1321625d2044481cdc1305f26da0079240dfc24f3c7,3607,24.627961277166158,24.627961277166158,12.047819069678193,13.107967247350135,4.430159527318878e-05,0.0674827464665473,0.0006564877334260553
bfo-a7d84a931ad75b81180fb1321625d2044481cdc1305f26da0079240dfc24f3c7,3608,24.627961456131423,24.627961456131423,12.047819344280578,13.107967368010804,4.430144088252311e-05,0.06748278071808615,0.0006564851123665955
bfo-a7d84a931ad75b81180fb1321625d2044481cdc1305f26da0079240dfc24f3c7,3609,24.627961277031538,24.627961277031538,12.047819005642829,13.107967165844418,4.4301669141557825e-05,0.06748276770133796,0.0006564886214748343
bfo-a7d84a931ad75b81180fb1321625d2044481cdc1305f26da0079240dfc24f3c7,3610,24.62796153167367,24.62796153167367,12.047818993955165,13.10796708837626,4.4301695279678274e-05,0.06748281656486527,0.0006564885334490295
bfo-a7d84a931ad75b81180fb1321625d2044481cdc1305f26da0079240dfc24f3c7,3611,24.62796127398653,24.62796127398653,12.0478191065691,13.107967176995064,4.430161596549924e-05,0.06748279621742141,0.0006564875560693245
bfo-a7d84a931ad75b81180fb1321625d2044481cdc1305f26da0079240dfc24f3c7,3612,24.62796177753359,24.62796177753359,12.047818982054032,13.107967098132637,4.4301675817082826e-05,0.06748279212530138,0.0006564884827946051
bfo-a7d84a931ad75b81180fb1321625d2044481cdc1305f26da0079240dfc24f3c7,3613,24.627961284255527,24.627961284255527,12.047819117364126,13.107967247597484,4.430154257920128e-05,0.06748275898578823,0.0006564868307848991
bfo-a7d84a931ad75b81180fb1321625d2044481cdc1305f26da0079240dfc24f3c7,3614,24.627961485316852,24.627961485316852,12.047819271692205,13.107967364480084,4.4301510298450605e-05,0.06748274850631102,0.0006564864543759286
bfo-a7d84a931ad75b81180fb1321625d2044481cdc1305f26da0079240dfc24f3c7,3615,24.627961276921074,24.627961276921074,12.047818883276395,13.107967132024466,4.430176778508272e-05,0.06748275377593714,0.000656490218703549
bfo-a7d84a931ad75b81180fb1321625d2044481cdc1305f26da0079240dfc24f3c7,3616,24.627961441807187,24.627961441807187,12.047819136024222,13.10796730648323,4.430158024623139e-05,0.06748275145072301,0.0006564874622603543
bfo-a7d84a931ad75b81180fb1321625d2044481cdc1305f26da0079240dfc24f3c7,3617,1000000.0000000007,24.627961262877605,12.04781912170767,13.107967243496873,4.430148941363704e-05,0.06748275611305204,0.0006564860708922431
bfo-a7d84a931ad75b81180fb1321625d2044481cdc1305f26da0079240dfc24f3c7,3618,24.62796144305934,24.62796144305934,12.047818896138343,13.10796714362403,4.430185041426368e-05,0.0674827608955608,0.0006564913738906907
bfo-a7d84a931ad75b81180fb1321625d2044481cdc1305f26da0079240dfc24f3c7,3619,1000000.0000000023,24.62796125486574,12.047819098423162,13.107967200990982,4.430158314164577e-05,0.06748277428282817,0.0006564872830505259
bfo-a7d84a931ad75b81180fb1321625d2044481cdc1305f26da0079240dfc24f3c7,3620,24.627961432067618,24.627961432067618,12.047819036721767,13.107967236398967,4.430169240676344e-05,0.06748274924355499,0.0006564891457944642
bfo-a7d84a931ad75b81180fb1321625d2044481cdc1305f26da0079240dfc24f3c7,3621,24.62796129047451,24.62796129047451,12.047819015021503,13.107967149547576,4.4301688680884274e-05,0.06748277891062437,0.0006564888019735876
bfo-a7d84a931ad75b81180fb1321625d2044481cdc1305f26da0079240dfc24f3c7,3622,24.62796144891474,24.62796144891474,12.047819275892309,13.107967400846292,4.4301497020830574e-05,0.06748273272115424,0.0006564864111814948
bfo-a7d84a931ad75b81180fb1321625d2044481cdc1305f26da0079240dfc24f3c7,3623,24.627961274507417,24.627961274507417,12.047819033521655,13.107967153586255,4.430157443132666e-05,0.0674827736866891,0.0006564871597751929
bfo-a7d84a931ad75b81180fb1321625d2044481cdc1305f26da0079240dfc24f3c7,3624,24.627961469941233,24.627961469941233,12.047819144257522,13.107967280874652,4.430155624626549e-05,0.06748274487235943,0.0006564871706102039
bfo-a7d84a931ad75b81180fb1321625d2044481cdc1305f26da0079240dfc24f3c7,3625,24.627961280010247,24.627961280010247,12.04781911342078,13.10796716372413,4.4301587525769966e-05,0.0674828025078566,0.0006564870734378913
bfo-a7d84a931ad75b81180fb1321625d2044481cdc1305f26da0079240dfc24f3c7,3626,24.627961498306917,24.627961498306917,12.047819328013611,13.107967516120986,4.430136864304687e-05,0.06748269703192793,0.0006564848559933321
bfo-a7d84a931ad75b81180fb1321625d2044481cdc1305f26da0079240dfc24f3c7,3627,1000000.0000000006,24.627961263457887,12.047818998449985,13.10796719119637,4.430168227622831e-05,0.06748275613648792,0.0006564889286179346
bfo-a7d84a931ad75b81180fb1321625d2044481cdc1305f26da0079240dfc24f3c7,3628,24.62796166083563,24.62796166083563,12.047819220349053,13.10796733397719,4.430148084723387e-05,0.0674827461192952,0.0006564860411714461
bfo-a7d84a931ad75b81180fb1321625d2044481cdc1305f26da0079240dfc24f3c7,3629,24.627961274993062,24.627961274993062,12.047819178727723,13.10796728260388,4.430152062866004e-05,0.06748276314866954,0.0006564864650112282
bfo-a7d84a931ad75b81180fb1321625d2044481cdc1305f26da0079240dfc24f3c7,3630,1000000.0,24.627961887763785,12.047818873155933,13.107967004725644,4.430190561084969e-05,0.06748282500565651,0.0006564915681454688
bfo-a7d84a931ad75b81180fb1321625d2044481cdc1305f26da0079240dfc24f3c7,3631,24.62796128294412,24.62796128294412,12.047819034008947,13.107967231657863,4.4301665932435424e-05,0.06748274891582855,0.0006564887566701385
bfo-a7d84a931ad75b81180fb1321625d2044481cdc1305f26da0079240dfc24f3c7,3632,24.627961362433055,24.627961362433055,12.047819137748094,13.107967277728092,4.430151198515642e-05,0.06748274390714393,0.0006564865241122261
bfo-a7d84a931ad75b81180fb1321625d2044481cdc1305f26da0079240dfc24f3c7,3633,24.627961267821302,24.627961267821302,12.047819051637314,13.10796722444113,4.4301595084267794e-05,0.06748275143967647,0.0006564876822467657
bfo-a7d84a931ad75b81180fb1321625d2044481cdc1305f26da0079240dfc24f3c7,3634,24.62796136146322,24.62796136146322,12.04781916338358,13.10796742966398,4.430146010763369e-05,0.06748267623742406,0.0006564864136651608
bfo-a7d84a931ad75b81180fb1321625d2044481cdc1305f26da0079240dfc24f3c7,3635,1000000.0000000009,24.627961261919616,12.047818936866854,13.10796714893096,4.430169853111812e-05,0.06748275318131795,0.0006564891982412875
bfo-a7d84a931ad75b81180fb1321625d2044481cdc1305f26da0079240dfc24f3c7,3636,24.627961739255444,24.627961739255444,12.04781917429018,13.10796728459386,4.4301555493680786e-05,0.0674827689373508,0.0006564869253484421
bfo-a7d84a931ad75b81180fb1321625d2044481cdc1305f26da0079240dfc24f3c7,3637,24.627961225553634,24.627961225553634,12.047819017290715,13.107967258726884,4.430156388295701e-05,0.06748272298616881,0.0006564874966891454
bfo-a7d84a931ad75b81180fb1321625d2044481cdc1305f26da0079240dfc24f3c7,3638,24.627959411868513,24.627959411868513,12.047819160840264,13.10796741062058,4.430136704327483e-05,0.06748268728876142,0.0006564849270703656
bfo-a7d84a931ad75b81180fb1321625d2044481cdc1305f26da0079240dfc24f3c7,3639,24.62795940192834,24.62795940192834,12.047819340105924,13.107967486164434,4.4301232891545616e-05,0.06748269792877819,0.000656482835619606
bfo-a7d84a931ad75b81180fb1321625d2044481cdc1305f26da0079240dfc24f3c7,3640,24.62795942268952,24.62795942268952,12.047819617939936,13.10796768140313,4.43008544467887e-05,0.06748266860142071,0.0006564775128921922
bfo-a7d84a931ad75b81180fb1321625d2044481cdc1305f26da0079240dfc24f3c7,3641,24.62795944205659,24.62795944205659,12.047819415374994,13.107967556100723,4.4301128700909584e-05,0.06748267552881004,0.00065648150956902
bfo-a7d84a931ad75b81180fb1321625d2044481cdc1305f26da0079240dfc24f3c7,3642,24.627959334886047,24.627959334886047,12.04781941235103,13.107967582292664,4.430115544031602e-05,0.06748267398989567,0.0006564819207808708
bfo-a7d84a931ad75b81180fb1321625d2044481cdc1305f26da0079240dfc24f3c7,3643,24.62795884742806,24.62795884742806,12.04781949492258,13.107967703148235,4.430098722426583e-05,0.06748262412474865,0.0006564799131458025
bfo-a7d84a931ad75b81180fb1321625d2044481cdc1305f26da0079240dfc24f3c7,3644,1000000.0,24.62795599185987,12.04781927358366,13.107967533436959,4.430091462089861e-05,0.06748262290126726,0.000656478849165578
bfo-a7d84a931ad75b81180fb1321625d2044481cdc1305f26da0079240dfc24f3c7,3645,24.627958840646208,24.627958840646208,12.047819673504815,13.107967898172767,4.4300827261178084e-05,0.06748257908724303,0.0006564779808416177
bfo-a7d84a931ad75b81180fb1321625d2044481cdc1305f26da0079240dfc24f3c7,3646,24.62795957887496,24.62795957887496,12.047819522804794,13.107967864520486,4.430088173275305e-05,0.06748255031297136,0.000656479067955996
bfo-a7d84a931ad75b81180fb1321625d2044481cdc1305f26da0079240dfc24f3c7,3647,24.6279588394367,24.6279588394367,12.047819718016658,13.107967947563143,4.430077707879941e-05,0.06748256511724864,0.0006564773731085701
bfo-a7d84a931ad75b81180fb1321625d2044481cdc1305f26da0079240dfc24f3c7,3648,24.6279591663098,24.6279591663098,12.047820010762024,13.107968172017209,4.430052507527301e-05,0.06748253857392025,0.000656473896973308
bfo-a7d84a931ad75b81180fb1321625d2044481cdc1305f26da0079240dfc24f3c7,3649,24.62795884738407,24.62795884738407,12.047819874257447,13.107968149573871,4.4300666307553565e-05,0.06748251483968064,0.0006564762207336139
bfo-a7d84a931ad75b81180fb1321625d2044481cdc1305f26da0079240dfc24f3c7,3650,24.62795925873794,24.62795925873794,12.047819762770683,13.107967961095932,4.430084855748864e-05,0.06748258584630241,0.0006564782306710616
bfo-a7d84a931ad75b81180fb1321625d2044481cdc1305f26da0079240dfc24f3c7,3651,24.627958853782342,24.627958853782342,12.04781970729322,13.107967988503997,4.430071960821143e-05,0.06748253781011616,0.0006564767871188508
bfo-a7d84a931ad75b81180fb1321625d2044481cdc1305f26da0079240dfc24f3c7,3652,24.62795928672904,24.62795928672904,12.047819777396786,13.107968057608645,4.430075864128781e-05,0.0674825325974006,0.0006564774162461451
bfo-a7d84a931ad75b81180fb1321625d2044481cdc1305f26da0079240dfc24f3c7,3653,24.627958882739136,24.627958882739136,12.047819759211068,13.107967923920803,4.4300755280821025e-05,0.06748258949165822,0.0006564768129755484
bfo-a7d84a931ad75b81180fb1321625d2044481cdc1305f26da0079240dfc24f3c7,3654,24.627959279756382,24.627959279756382,12.047819770086866,13.10796799684445,4.4300682169304056e-05,0.0674825448483851,0.0006564761638559367
bfo-a7d84a931ad75b81180fb1321625d2044481cdc1305f26da0079240dfc24f3c7,3655,24.627958847599288,24.627958847599288,12.047819758451068,13.107967980991244,4.430076005231988e-05,0.06748256528149833,0.0006564771192014213
bfo-a7d84a931ad75b81180fb1321625d2044481cdc1305f26da0079240dfc24f3c7,3656,24.62795947047376,24.62795947047376,12.04781986687346,13.107968149894639,4.430067912554866e-05,0.06748251188367767,0.000656476439435324
bfo-a7d84a931ad75b81180fb1321625d2044481cdc1305f26da0079240dfc24f3c7,3657,24.627958838934315,24.627958838934315,12.047819763688198,13.107967973763692,4.4300751141086884e-05,0.06748256548356893,0.0006564769851832841
bfo-a7d84a931ad75b81180fb1321625d2044481cdc1305f26da0079240dfc24f3c7,3658,24.627959032148773,24.627959032148773,12.047819841951416,13.107967999256257,4.430069919432231e-05,0.06748257906470542,0.0006564760832843207
bfo-a7d84a931ad75b81180fb1321625d2044481cdc1305f26da0079240dfc24f3c7,3659,24.627958834726392,24.627958834726392,12.047819808698032,13.107968000507896,4.430065973641182e-05,0.06748256311292386,0.0006564756537519189
bfo-a7d84a931ad75b81180fb1321625d2044481cdc1305f26da0079240dfc24f3c7,3660,1000000.0,24.627959970647748,12.047819876929168,13.10796794599257,4.430070128098472e-05,0.06748260926487858,0.0006564758204161659
bfo-a7d84a931ad75b81180fb1321625d2044481cdc1305f26da0079240dfc24f3c7,3661,24.627958826760974,24.627958826760974,12.047819980879206,13.107968142981136,4.430052153297999e-05,0.06748254075804296,0.0006564738232340488
bfo-a7d84a931ad75b81180fb1321625d2044481cdc1305f26da0079240dfc24f3c7,3662,24.627957724887633,24.627957724887633,12.047819913277317,13.107968197949031,4.430048145516955e-05,0.06748249457539476,0.0006564736786023058
bfo-a7d84a931ad75b81180fb1321625d2044481cdc1305f26da0079240dfc24f3c7,3663,24.627954850003608,24.627954850003608,12.047819692731471,13.107968028407242,4.430040778098952e-05,0.06748249361820284,0.0006564725961614414
bfo-a7d84a931ad75b81180fb1321625d2044481cdc1305f26da0079240dfc24f3c7,3664,1000000.0,24.627949242759804,12.047819255112802,13.107967701564654,4.430026974460381e-05,0.06748248675613283,0.0006564706174017481
bfo-a7d84a931ad75b81180fb1321625d2044481cdc1305f26da0079240dfc24f3c7,3665,24.627954867786755,24.627954867786755,12.047819701735529,13.107968041810803,4.430043256451412e-05,0.06748248986619808,0.0006564729999197046
bfo-a7d84a931ad75b81180fb1321625d2044481cdc1305f26da0079240dfc24f3c7,3666,1000000.0,24.627954857201914,12.04781955717971,13.107968065270086,4.4300534846754185e-05,0.0674824484456044,0.0006564749185480952
bfo-a7d84a931ad75b81180fb1321625d2044481cdc1305f26da0079240dfc24f3c7,3667,24.6279548640328,24.6279548640328,12.04781967444584,13.107968022326222,4.430041643836651e-05,0.0674824927418851,0.0006564727329770093
bfo-a7d84a931ad75b81180fb1321625d2044481cdc1305f26da0079240dfc24f3c7,3668,24.627954854330625,24.627954854330625,12.047819828506876,13.107967991828598,4.430028119927072e-05,0.06748253871563588,0.0006564702816820114
bfo-a7d84a931ad75b81180fb1321625d2044481cdc1305f26da0079240dfc24f3c7,3669,24.627954856357576,24.627954856357576,12.047819714082548,13.107968049214417,4.430045109858735e-05,0.06748249562745051,0.0006564732185240468
bfo-a7d84a931ad75b81180fb1321625d2044481cdc1305f26da0079240dfc24f3c7,3670,1000000.0,24.627952032597904,12.047819471298663,13.107967859095897,4.430033709039562e-05,0.06748249213062416,0.0006564715630929068
bfo-a7d84a931ad75b81180fb1321625d2044481cdc1305f26da0079240dfc24f3c7,3671,24.627954878480264,24.627954878480264,12.04781966061487,13.107968023599657,4.430045607362524e-05,0.06748248561611281,0.000656473389638268
bfo-a7d84a931ad75b81180fb1321625d2044481cdc1305f26da0079240dfc24f3c7,3672,24.627955453177442,24.627955453177442,12.047819679413521,13.107968047873964,4.430046570728541e-05,0.06748248745126746,0.0006564735145437108
bfo-a7d84a931ad75b81180fb1321625d2044481cdc1305f26da0079240dfc24f3c7,3673,1000000.0000000014,24.627954837547225,12.047819682804521,13.107968019849032,4.430039919544992e-05,0.06748249055624436,0.0006564724987221248
bfo-a7d84a931ad75b81180fb1321625d2044481cdc1305f26da0079240dfc24f3c7,3674,1000000.0,24.627955385650118,12.047819697439383,13.10796807334645,4.430051618812192e-05,0.06748248288219891,0.0006564743070502506
bfo-a7d84a931ad75b81180fb1321625d2044481cdc1305f26da0079240dfc24f3c7,3675,24.627954865677193,24.627954865677193,12.047819593991024,13.107967993851585,4.4300460838087674e-05,0.06748248596475324,0.0006564734568496222
bfo-a7d84a931ad75b81180fb1321625d2044481cdc1305f26da0079240dfc24f3c7,3676,24.627955016586817,24.627955016586817,12.047819990681528,13.107968305088438,4.430012636122099e-05,0.06748244610835333,0.0006564688880733577
bfo-a7d84a931ad75b81180fb1321625d2044481cdc1305f26da0079240dfc24f3c7,3677,1000000.0000000006,24.627954845038154,12.04781970988008,13.107968062103048,4.430035950571953e-05,0.06748247628985626,0.0006564720493574805
bfo-a7d84a931ad75b81180fb1321625d2044481cdc1305f26da0079240dfc24f3c7,3678,24.6279549575815,24.6279549575815,12.047819815672339,13.10796811772493,4.430041190374184e-05,0.06748249492004925,0.0006564726445906797
bfo-a7d84a931ad75b81180fb1321625d2044481cdc1305f26da0079240dfc24f3c7,3679,24.62795485512917,24.62795485512917,12.047819722854376,13.10796803272174,4.430038367246397e-05,0.06748249937390592,0.0006564721829137527
bfo-a7d84a931ad75b81180fb1321625d2044481cdc1305f26da0079240dfc24f3c7,3680,24.627955029375507,24.627955029375507,12.047819870576586,13.107968185383926,4.430013996469375e-05,0.06748245101497143,0.0006564690419271445
bfo-a7d84a931ad75b81180fb1321625d2044481cdc1305f26da0079240dfc24f3c7,3681,1000000.0000000036,24.627954818594933,12.047819537081354,13.107967893685156,4.430051832711768e-05,0.06748251302152872,0.0006564740455499137
bfo-a7d84a931ad75b81180fb1321625d2044481cdc1305f26da0079240dfc24f3c7,3682,24.627954998994856,24.627954998994856,12.047819671239045,13.107967937554111,4.430050958284246e-05,0.06748254565446511,0.0006564735985165259
bfo-a7d84a931ad75b81180fb1321625d2044481cdc1305f26da0079240dfc24f3c7,3683,1000000.000000005,24.62795480611877,12.047819626747984,13.107968061246401,4.430047547206073e-05,0.06748246376643241,0.0006564738896521584
bfo-a7d84a931ad75b81180fb1321625d2044481cdc1305f26da0079240dfc24f3c7,3684,24.62795507321291,24.62795507321291,12.047819940994623,13.107968297435852,4.430021392544878e-05,0.06748243991567096,0.0006564702459011305
bfo-a7d84a931ad75b81180fb1321625d2044481cdc1305f26da0079240dfc24f3c7,3685,1000000.0000000017,24.627954834390042,12.047819814299531,13.107968097143427,4.430035214066807e-05,0.06748250406621252,0.0006564716700079984
bfo-a7d84a931ad75b81180fb1321625d2044481cdc1305f26da0079240dfc24f3c7,3686,24.627955099905712,24.627955099905712,12.047819923043276,13.107968264637853,4.430021069882005e-05,0.0674824484659699,0.0006564701149093575
bfo-a7d84a931ad75b81180fb1321625d2044481cdc1305f26da0079240dfc24f3c7,3687,24.627954880603298,24.627954880603298,12.047819688075336,13.107968055589755,4.430039229884833e-05,0.06748248046357094,0.0006564724947056889
bfo-a7d84a931ad75b81180fb1321625d2044481cdc1305f26da0079240dfc24f3c7,3688,24.62795495328608,24.62795495328608,12.047820028033621,13.107968265399602,4.4300206609256944e-05,0.06748248421059266,0.000656469706583552
bfo-a7d84a931ad75b81180fb1321625d2044481cdc1305f26da0079240dfc24f3c7,3689,24.62795489443463,24.62795489443463,12.047819768820887,13.107968045183746,4.4300366930427516e-05,0.06748250903237332,0.0006564718408613903
bfo-a7d84a931ad75b81180fb1321625d2044481cdc1305f26da0079240dfc24f3c7,3690,1000000.0,24.62795494318896,12.047819953652832,13.107968265486702,4.430018673256039e-05,0.06748244689131273,0.0006564697750795892
bfo-a7d84a931ad75b81180fb1321625d2044481cdc1305f26da0079240dfc24f3c7,3691,24.627954918884583,24.627954918884583,12.047819509626736,13.107967856402844,4.4300534229065593e-05,0.06748252280260314,0.0006564741860444598
bfo-a7d84a931ad75b81180fb1321625d2044481cdc1305f26da0079240dfc24f3c7,3692,1000000.0,24.62795499765044,12.047819632809578,13.107967932875273,4.430043205865226e-05,0.06748251789357493,0.0006564727197719181
bfo-a7d84a931ad75b81180fb1321625d2044481cdc1305f26da0079240dfc24f3c7,3693,24.62795485813723,24.62795485813723,12.047819695808597,13.1079680386618,4.4300414939555344e-05,0.06748248697826963,0.000656472766835353
bfo-a7d84a931ad75b81180fb1321625d2044481cdc1305f26da0079240dfc24f3c7,3694,24.627955038592553,24.627955038592553,12.047819641787395,13.10796792451414,4.430046492272929e-05,0.06748252327858432,0.0006564731543876355
bfo-a7d84a931ad75b81180fb1321625d2044481cdc1305f26da0079240dfc24f3c7,3695,24.627954850371363,24.627954850371363,12.04781956301199,13.107967930537736,4.430047780217157e-05,0.06748249982897879,0.0006564735733626122
bfo-a7d84a931ad75b81180fb1321625d2044481cdc1305f26da0079240dfc24f3c7,3696,24.627955059653768,24.627955059653768,12.04781995599513,13.107968185733098,4.430022035845413e-05,0.06748248809271756,0.0006564698725629062
bfo-a7d84a931ad75b81180fb1321625d2044481cdc1305f26da0079240dfc24f3c7,3697,24.627954896189586,24.627954896189586,12.047819745526713,13.107968085350118,4.430035638877457e-05,0.06748248449836783,0.0006564719233158353
bfo-a7d84a931ad75b81180fb1321625d2044481cdc1305f26da0079240dfc24f3c7,3698,24.627954998998106,24.627954998998106,12.047819638798659,13.107967915015665,4.430037320999064e-05,0.06748252925588005,0.0006564717371812283
bfo-a7d84a931ad75b81180fb1321625d2044481cdc1305f26da0079240dfc24f3c7,3699,24.627954880522996,24.627954880522996,12.047819588692228,13.107968004681815,4.4300438891500006e-05,0.06748247349504696,0.0006564732529365797
bfo-a7d84a931ad75b81180fb1321625d2044481cdc1305f26da0079240dfc24f3c7,3700,24.62795402681963,24.62795402681963,12.047819326217413,13.107967697038928,4.430068397025433e-05,0.0674825505599383,0.0006564761349810906
bfo-a7d84a931ad75b81180fb1321625d2044481cdc1305f26da0079240dfc24f3c7,3701,24.627954490904493,24.627954490904493,12.047819300822852,13.107967695349332,4.430070974987073e-05,0.06748254774329795,0.0006564765444006294
bfo-a7d84a931ad75b81180fb1321625d2044481cdc1305f26da0079240dfc24f3c7,3702,24.627954034095648,24.627954034095648,12.047819179265677,13.107967604874855,4.430081153906786e-05,0.06748254911478362,0.0006564780394367577
bfo-a7d84a931ad75b81180fb1321625d2044481cdc1305f26da0079240dfc24f3c7,3703,24.627954205624967,24.627954205624967,12.047819400389772,13.107967739644973,4.4300613760090155e-05,0.06748254310346978,0.0006564751670986201
bfo-a7d84a931ad75b81180fb1321625d2044481cdc1305f26da0079240dfc24f3c7,3704,24.627954007048793,24.627954007048793,12.047819214617599,13.107967587211219,4.430079363687462e-05,0.06748257090493784,0.0006564775621735099
bfo-a7d84a931ad75b81180fb1321625d2044481cdc1305f26da0079240dfc24f3c7,3705,24.627953870120457,24.627953870120457,12.04781909094048,13.107967654173923,4.4300911633049865e-05,0.06748251107019178,0.0006564798927972667
bfo-a7d84a931ad75b81180fb1321625d2044481cdc1305f26da0079240dfc24f3c7,3706,24.62795373940125,24.62795373940125,12.047818712422545,13.107967336387388,4.430118244057398e-05,0.06748255416989742,0.0006564834865177026
bfo-a7d84a931ad75b81180fb1321625d2044481cdc1305f26da0079240dfc24f3c7,3707,1000000.0,24.62795364268061,12.047818626919712,13.107967324180292,4.430114211956442e-05,0.06748251843080909,0.0006564832366916937
bfo-a7d84a931ad75b81180fb1321625d2044481cdc1305f26da0079240dfc24f3c7,3708,24.627953680551236,24.627953680551236,12.04781872472204,13.107967373200632,4.430112577728152e-05,0.06748253553731208,0.0006564828281057516
bfo-a7d84a931ad75b81180fb1321625d2044481cdc1305f26da0079240dfc24f3c7,3709,24.62795345155019,24.62795345155019,12.047818814565012,13.10796738148314,4.430111219373638e-05,0.06748257398282477,0.0006564822528110978
bfo-a7d84a931ad75b81180fb1321625d2044481cdc1305f26da0079240dfc24f3c7,3710,1000000.0,24.627953385584,12.047818664930656,13.107967186302677,4.430120731646857e-05,0.06748262444493633,0.0006564831714957522
bfo-a7d84a931ad75b81180fb1321625d2044481cdc1305f26da0079240dfc24f3c7,3711,24.62795342757571,24.62795342757571,12.047818890266445,13.10796744224077,4.4301027487919325e-05,0.06748256925069263,0.0006564810436209737
bfo-a7d84a931ad75b81180fb1321625d2044481cdc1305f26da0079240dfc24f3c7,3712,24.627953276884462,24.627953276884462,12.047819093826755,13.107967611526853,4.430084836924203e-05,0.06748254177388122,0.0006564786566232817
bfo-a7d84a931ad75b81180fb1321625d2044481cdc1305f26da0079240dfc24f3c7,3713,24.62795368426755,24.62795368426755,12.047819172556613,13.107967708040032,4.4300920392511926e-05,0.06748253368471077,0.0006564798026033364
bfo-a7d84a931ad75b81180fb1321625d2044481cdc1305f26da0079240dfc24f3c7,3714,1000000.0000000051,24.6279532108344,12.04781903995038,13.107967602393156,4.4300891911381746e-05,0.06748253086745944,0.0006564794079580669
bfo-a7d84a931ad75b81180fb1321625d2044481cdc1305f26da0079240dfc24f3c7,3715,24.6279533485329,24.6279533485329,12.047819217086593,13.107967688288728,4.430072759954189e-05,0.06748253635844531,0.0006564769196615672
bfo-a7d84a931ad75b81180fb1321625d2044481cdc1305f26da0079240dfc24f3c7,3716,24.62795325399179,24.62795325399179,12.047819249188402,13.107967752654949,4.4300656477935034e-05,0.06748250951538873,0.0006564761268671063
bfo-a7d84a931ad75b81180fb1321625d2044481cdc1305f26da0079240dfc24f3c7,3717,24.627953390663222,24.627953390663222,12.047819253696709,13.10796766122466,4.430068774364007e-05,0.06748256054333919,0.0006564760937781685
bfo-a7d84a931ad75b81180fb1321625d2044481cdc1305f26da0079240dfc24f3c7,3718,24.6279532228397,24.6279532228397,12.047819174046612,13.107967688906836,4.430071065051524e-05,0.0674825186213139,0.0006564768410484781
bfo-a7d84a931ad75b81180fb1321625d2044481cdc1305f26da0079240dfc24f3c7,3719,24.627953426249185,24.627953426249185,12.047819408337867,13.107967903780361,4.430046981458079e-05,0.06748247513203723,0.0006564736952505346
bfo-a7d84a931ad75b81180fb1321625d2044481cdc1305f26da0079240dfc24f3c7,3720,1000000.0000000021,24.627953180104797,12.047819195870893,13.107967670982053,4.4300678244376006e-05,0.06748253142712479,0.0006564762362570357
bfo-a7d84a931ad75b81180fb1321625d2044481cdc1305f26da0079240dfc24f3c7,3721,24.627953434781926,24.627953434781926,12.04781897878018,13.107967538024617,4.430094769434451e-05,0.06748254690420405,0.0006564800785784306
bfo-a7d84a931ad75b81180fb1321625d2044481cdc1305f26da0079240dfc24f3c7,3722,24.627953296762662,24.627953296762662,12.047819102151175,13.107967610156077,4.430080880084303e-05,0.06748253532140087,0.0006564781330436147
bfo-a7d84a931ad75b81180fb1321625d2044481cdc1305f26da0079240dfc24f3c7,3723,1000000.0,24.627953287283663,12.047819281585863,13.107967865567847,4.4300603101057253e-05,0.06748246023377391,0.0006564758153094943
bfo-a7d84a931ad75b81180fb1321625d2044481cdc1305f26da0079240dfc24f3c7,3724,24.62795329190108,24.62795329190108,12.047819094454942,13.107967665783397,4.43007483651088e-05,0.06748250900625825,0.0006564774934642752
bfo-a7d84a931ad75b81180fb1321625d2044481cdc1305f26da0079240dfc24f3c7,3725,24.627953334928087,24.627953334928087,12.04781908028505,13.107967527376902,4.430082423346653e-05,0.067482574532945,0.0006564779802797664
bfo-a7d84a931ad75b81180fb1321625d2044481cdc1305f26da0079240dfc24f3c7,3726,1000000.0000000013,24.627953221444464,12.047819175624818,13.10796765912572,4.43007375536304e-05,0.06748253038453776,0.0006564771252825013
bfo-a7d84a931ad75b81180fb1321625d2044481cdc1305f26da0079240dfc24f3c7,3727,24.627953323370882,24.627953323370882,12.047819337009091,13.10796780197892,4.4300501089901566e-05,0.06748250088962708,0.0006564739081374371
bfo-a7d84a931ad75b81180fb1321625d2044481cdc1305f26da0079240dfc24f3c7,3728,1000000.0000000017,24.62795322636203,12.047819195632036,13.107967725595321,4.430072944986162e-05,0.06748251176031993,0.000656477186373947
bfo-a7d84a931ad75b81180fb1321625d2044481cdc1305f26da0079240dfc24f3c7,3729,1000000.0,24.627953288412666,12.047819128293078,13.107967671498733,4.430066609642209e-05,0.06748251249652541,0.0006564762403993638
bfo-a7d84a931ad75b81180fb1321625d2044481cdc1305f26da0079240dfc24f3c7,3730,1000000.0000000009,24.627953270187575,12.047819169641377,13.107967734115084,4.4300676386759427e-05,0.06748249063500851,0.0006564766055593266
bfo-a7d84a931ad75b81180fb1321625d2044481cdc1305f26da0079240dfc24f3c7,3731,1000000.0,24.6279532653147,12.047819177148524,13.107967576521876,4.4300753459488315e-05,0.06748256854728996,0.0006564769897346683
bfo-a7d84a931ad75b81180fb1321625d2044481cdc1305f26da0079240dfc24f3c7,3732,24.627953194818282,24.627953194818282,12.047819146903139,13.10796765704466,4.430071262100632e-05,0.0674825259288871,0.000656476799159686
bfo-a7d84a931ad75b81180fb1321625d2044481cdc1305f26da0079240dfc24f3c7,3733,24.62795318540737,24.62795318540737,12.04781918122074,13.107967675757148,4.430077440616967e-05,0.06748254199200053,0.0006564775584686946
bfo-a7d84a931ad75b81180fb1321625d2044481cdc1305f26da0079240dfc24f3c7,3734,24.627953303061986,24.627953303061986,12.04781921116171,13.107967793746042,4.430075210631198e-05,0.06748249216657025,0.000656477712722321
bfo-a7d84a931ad75b81180fb1321625d2044481cdc1305f26da0079240dfc24f3c7,3735,24.627953226657993,24.627953226657993,12.047819201111773,13.107967678824902,4.4300838491073516e-05,0.0674825570257928,0.0006564783618697363
bfo-a7d84a931ad75b81180fb1321625d2044481cdc1305f26da0079240dfc24f3c7,3736,1000000.0,24.62795325845487,12.047819225573214,13.107967631791425,4.430083296450745e-05,0.06748257462960325,0.000656478108721619
bfo-a7d84a931ad75b81180fb1321625d2044481cdc1305f26da0079240dfc24f3c7,3737,24.627953147099447,24.627953147099447,12.047819113974276,13.10796763201985,4.430084451094544e-05,0.0674825470155427,0.0006564785484570105
bfo-a7d84a931ad75b81180fb1321625d2044481cdc1305f26da0079240dfc24f3c7,3738,24.62795320312909,24.62795320312909,12.047819084687928,13.107967691830797,4.430078997099387e-05,0.06748251214734066,0.0006564780794506873
bfo-a7d84a931ad75b81180fb1321625d2044481cdc1305f26da0079240dfc24f3c7,3739,24.627953215527842,24.627953215527842,12.047819030363241,13.10796760216602,4.430095404862725e-05,0.06748253921447472,0.0006564802475471296
bfo-a7d84a931ad75b81180fb1321625d2044481cdc1305f26da0079240dfc24f3c7,3740,1000000.0,24.627950411605035,12.047818910282597,13.10796748667861,4.430077909822072e-05,0.06748254076041804,0.0006564776399795158
bfo-a7d84a931ad75b81180fb1321625d2044481cdc1305f26da0079240dfc24f3c7,3741,24.62795314046587,24.62795314046587,12.047818997710522,13.107967534297714,4.4300905753562145e-05,0.06748255987819736,0.0006564793308600483
bfo-a7d84a931ad75b81180fb1321625d2044481cdc1305f26da0079240dfc24f3c7,3742,24.62795351399985,24.62795351399985,12.04781897574616,13.107967522326668,4.4300944728501266e-05,0.06748256032680831,0.0006564799040516272
bfo-a7d84a931ad75b81180fb1321625d2044481cdc1305f26da0079240dfc24f3c7,3743,1000000.0000000017,24.627953121735196,12.047818900621797,13.107967458396072,4.4301002925641285e-05,0.06748256897239394,0.0006564806823487134
bfo-a7d84a931ad75b81180fb1321625d2044481cdc1305f26da0079240dfc24f3c7,3744,24.627953645826587,24.627953645826587,12.047818927020623,13.107967494890428,4.430098321734277e-05,0.06748255111442146,0.00065648056402354
bfo-a7d84a931ad75b81180fb1321625d2044481cdc1305f26da0079240dfc24f3c7,3745,1000000.0000000008,24.627953138878084,12.04781906601497,13.107967625462424,4.4300793785668157e-05,0.0674825335122243,0.000656477928138889
bfo-a7d84a931ad75b81180fb1321625d2044481cdc1305f26da0079240dfc24f3c7,3746,24.62795351632273,24.62795351632273,12.047819187501142,13.107967723128565,4.4300816201118824e-05,0.0674825292562492,0.0006564783017082359
bfo-a7d84a931ad75b81180fb1321625d2044481cdc1305f26da0079240dfc24f3c7,3747,24.62795315180091,24.62795315180091,12.047818983227133,13.107967603054547,4.430088277331435e-05,0.0674825200117665,0.0006564793781499252
bfo-a7d84a931ad75b81180fb1321625d2044481cdc1305f26da0079240dfc24f3c7,3748,24.62795354677321,24.62795354677321,12.047819123884183,13.107967604164571,4.4300873994077725e-05,0.0674825667812209,0.0006564787930740922
bfo-a7d84a931ad75b81180fb1321625d2044481cdc1305f26da0079240dfc24f3c7,3749,1000000.0000000033,24.62795309617575,12.047818833680417,13.107967322901079,4.430104004188646e-05,0.06748261315701988,0.0006564808025262141
bfo-a7d84a931ad75b81180fb1321625d2044481cdc1305f26da0079240dfc24f3c7,3750,24.627953435506136,24.627953435506136,12.04781897329149,13.107967461020214,4.4300904567604475e-05,0.06748258955519952,0.0006564790245840691
bfo-a7d84a931ad75b81180fb1321625d2044481cdc1305f26da0079240dfc24f3c7,3751,1000000.0000000043,24.627953080633134,12.047819034166478,13.107967594730544,4.430087519425553e-05,0.06748253530706205,0.0006564791170437759
bfo-a7d84a931ad75b81180fb1321625d2044481cdc1305f26da0079240dfc24f3c7,3752,24.627953278022133,24.627953278022133,12.047818837337987,13.107967477058487,4.430113783864445e-05,0.06748255632250862,0.0006564828046365506
bfo-a7d84a931ad75b81180fb1321625d2044481cdc1305f26da0079240dfc24f3c7,3753,1000000.0000000012,24.62795312424522,12.047818907238057,13.107967481076292,4.430095069382682e-05,0.06748255978124452,0.0006564799977569822
bfo-a7d84a931ad75b81180fb1321625d2044481cdc1305f26da0079240dfc24f3c7,3754,1000000.0,24.62795331423398,12.047819126475893,13.107967751157402,4.430079926798628e-05,0.06748249195469971,0.0006564784136561664
bfo-a7d84a931ad75b81180fb1321625d2044481cdc1305f26da0079240dfc24f3c7,3755,1000000.000000002,24.62795310317881,12.047818921788425,13.107967439675926,4.4300958716726564e-05,0.06748258045797877,0.0006564799154992697
bfo-a7d84a931ad75b81180fb1321625d2044481cdc1305f26da0079240dfc24f3c7,3756,24.62795321631433,24.62795321631433,12.047819267597525,13.107967574889244,4.430074392509385e-05,0.06748262943475192,0.0006564762561294038
bfo-a7d84a931ad75b81180fb1321625d2044481cdc1305f26da0079240dfc24f3c7,3757,1000000.0000000041,24.627953091637963,12.047818888743045,13.107967451306019,4.4300970556637696e-05,0.0674825695196773,0.0006564801973600004
bfo-a7d84a931ad75b81180fb1321625d2044481cdc1305f26da0079240dfc24f3c7,3758,1000000.0,24.62795318731134,12.047818938102406,13.107967480749142,4.430098922270992e-05,0.06748256723291339,0.0006564804962118115
bfo-a7d84a931ad75b81180fb1321625d2044481cdc1305f26da0079240dfc24f3c7,3759,1000000.0000000003,24.627953129413612,12.047818879443525,13.10796740514785,4.4301005720125845e-05,0.06748258424049884,0.0006564805752287587
bfo-a7d84a931ad75b81180fb1321625d2044481cdc1305f26da0079240dfc24f3c7,3760,24.62795332938677,24.62795332938677,12.047819141802876,13.107967714884062,4.430072988921427e-05,0.06748250972386911,0.000656477212695377
bfo-a7d84a931ad75b81180fb1321625d2044481cdc1305f26da0079240dfc24f3c7,3761,1000000.0000000003,24.627953179381265,12.047818975703583,13.107967534066645,4.430092167313464e-05,0.06748255825489624,0.000656479582558214
bfo-a7d84a931ad75b81180fb1321625d2044481cdc1305f26da0079240dfc24f3c7,3762,1000000.0,24.627953170370688,12.047818846345871,13.10796739380345,4.43009990128545e-05,0.06748257538688375,0.0006564805619654088
bfo-a7d84a931ad75b81180fb1321625d2044481cdc1305f26da0079240dfc24f3c7,3763,1000000.0000000006,24.627953118605863,12.047818970638392,13.10796750641936,4.430093134494286e-05,0.06748257083889637,0.0006564796034624126
bfo-a7d84a931ad75b81180fb1321625d2044481cdc1305f26da0079240dfc24f3c7,3764,24.627953430275497,24.627953430275497,12.047819116348503,13.107967592971082,4.4300858888263204e-05,0.06748257536995174,0.0006564784856742329
bfo-a7d84a931ad75b81180fb1321625d2044481cdc1305f26da0079240dfc24f3c7,3765,1000000.0000000007,24.627953116504347,12.047818872695652,13.107967464887084,4.430099579033292e-05,0.06748255871306992,0.0006564806764173981
bfo-a7d84a931ad75b81180fb1321625d2044481cdc1305f26da0079240dfc24f3c7,3766,1000000.0,24.62795317851597,12.047818765708387,13.107967474859562,4.4301143850626386e-05,0.0674825310812588,0.0006564831392776503
bfo-a7d84a931ad75b81180fb1321625d2044481cdc1305f26da0079240dfc24f3c7,3767,24.627953189768547,24.627953189768547,12.047819013782046,13.107967550075415,4.430087099918991e-05,0.06748255467118365,0.0006564788665018818
bfo-a7d84a931ad75b81180fb1321625d2044481cdc1305f26da0079240dfc24f3c7,3768,1000000.0,24.62795325107618,12.047819082483967,13.107967573293369,4.430086371081566e-05,0.0674825758627001,0.0006564785523443874
bfo-a7d84a931ad75b81180fb1321625d2044481cdc1305f26da0079240dfc24f3c7,3769,24.627953156204498,24.627953156204498,12.047818984942861,13.10796754292846,4.4300938811302325e-05,0.0674825528320307,0.0006564798892770224
bfo-a7d84a931ad75b81180fb1321625d2044481cdc1305f26da0079240dfc24f3c7,3770,24.627952803884526,24.627952803884526,12.047819356005741,13.10796777951342,4.4300622846043024e-05,0.06748253781406904,0.0006564753531958463
bfo-a7d84a931ad75b81180fb1321625d2044481cdc1305f26da0079240dfc24f3c7,3771,24.627953345248745,24.627953345248745,12.047819693115592,13.107968102968751,4.430040595533413e-05,0.06748248065653303,0.0006564726951993781
bfo-a7d84a931ad75b81180fb1321625d2044481cdc1305f26da0079240dfc24f3c7,3772,24.627952733190966,24.627952733190966,12.047819337425748,13.107967697904753,4.4300669642168254e-05,0.06748257622295946,0.0006564756730063297
bfo-a7d84a931ad75b81180fb1321625d2044481cdc1305f26da0079240dfc24f3c7,3773,24.627952848063945,24.627952848063945,12.047819439742444,13.107967798051376,4.4300654865667206e-05,0.06748256272002445,0.0006564755853962499
bfo-a7d84a931ad75b81180fb1321625d2044481cdc1305f26da0079240dfc24f3c7,3774,24.627952711922624,24.627952711922624,12.047819417122252,13.107967773449616,4.430056928653192e-05,0.06748256297057281,0.000656474314792254
bfo-a7d84a931ad75b81180fb1321625d2044481cdc1305f26da0079240dfc24f3c7,3775,24.62795291812857,24.62795291812857,12.047819598306813,13.107967902423999,4.430040736387053e-05,0.06748255277495892,0.0006564720145013438
bfo-a7d84a931ad75b81180fb1321625d2044481cdc1305f26da0079240dfc24f3c7,3776,24.627952700627418,24.627952700627418,12.047819481063403,13.107967849926212,4.430058370378515e-05,0.06748255396930088,0.00065647461600132
bfo-a7d84a931ad75b81180fb1321625d2044481cdc1305f26da0079240dfc24f3c7,3777,24.627952962779638,24.627952962779638,12.047819707501892,13.10796787514796,4.4300509131566075e-05,0.06748261421337919,0.0006564729248853404
bfo-a7d84a931ad75b81180fb1321625d2044481cdc1305f26da0079240dfc24f3c7,3778,24.627952688444587,24.627952688444587,12.04781951623867,13.10796783776713,4.4300576555510616e-05,0.06748257267111145,0.0006564743281412447
bfo-a7d84a931ad75b81180fb1321625d2044481cdc1305f26da0079240dfc24f3c7,3779,24.627952999350107,24.627952999350107,12.047819479757868,13.107967850818794,4.4300605197604256e-05,0.06748255576458659,0.000656474917045929
bfo-a7d84a931ad75b81180fb1321625d2044481cdc1305f26da0079240dfc24f3c7,3780,24.62795267732863,24.62795267732863,12.047819578251213,13.107967874674104,4.4300481860467413e-05,0.06748256917888211,0.0006564729588619566
bfo-a7d84a931ad75b81180fb1321625d2044481cdc1305f26da0079240dfc24f3c7,3781,24.627953219162624,24.627953219162624,12.04781991324191,13.107968196887123,4.430026825228551e-05,0.06748251213482961,0.0006564703484033591
bfo-a7d84a931ad75b81180fb1321625d2044481cdc1305f26da0079240dfc24f3c7,3782,24.62795265720167,24.62795265720167,12.047819633826954,13.107967906724632,4.4300473183635435e-05,0.06748256870161429,0.0006564728349259725
bfo-a7d84a931ad75b81180fb1321625d2044481cdc1305f26da0079240dfc24f3c7,3783,24.627952520453718,24.627952520453718,12.047819546024332,13.10796783708036,4.430053313595759e-05,0.06748257656759048,0.0006564736468173562
bfo-a7d84a931ad75b81180fb1321625d2044481cdc1305f26da0079240dfc24f3c7,3784,24.627953062293102,24.627953062293102,12.047819881015386,13.107968159293662,4.430031952757649e-05,0.06748251952352738,0.0006564710363567774
bfo-a7d84a931ad75b81180fb1321625d2044481cdc1305f26da0079240dfc24f3c7,3785,24.62795249784505,24.62795249784505,12.047819485602204,13.107967794433073,4.430059203055748e-05,0.06748257971160408,0.0006564744889700725
bfo-a7d84a931ad75b81180fb1321625d2044481cdc1305f26da0079240dfc24f3c7,3786,24.627952463195676,24.627952463195676,12.047819354830224,13.107967745314271,4.4300691142783744e-05,0.06748256884675148,0.0006564760633725685
bfo-a7d84a931ad75b81180fb1321625d2044481cdc1305f26da0079240dfc24f3c7,3787,24.627952503681836,24.627952503681836,12.047819526796864,13.107967823698065,4.430044793990752e-05,0.06748257589744598,0.0006564723908469558
bfo-a7d84a931ad75b81180fb1321625d2044481cdc1305f26da0079240dfc24f3c7,3788,24.627952440329828,24.627952440329828,12.047819288125625,13.107967712083159,4.4300735107131924e-05,0.06748256709773409,0.0006564767318790906
bfo-a7d84a931ad75b81180fb1321625d2044481cdc1305f26da0079240dfc24f3c7,3789,24.627952616588374,24.627952616588374,12.047819252755945,13.107967715759319,4.430083706645984e-05,0.06748256766068408,0.0006564782373014222
bfo-a7d84a931ad75b81180fb1321625d2044481cdc1305f26da0079240dfc24f3c7,3790,24.627952399338227,24.627952399338227,12.047819276115964,13.10796777390706,4.430070998460485e-05,0.0674825307533894,0.0006564767131585353
bfo-a7d84a931ad75b81180fb1321625d2044481cdc1305f26da0079240dfc24f3c7,3791,24.62795202607811,24.62795202607811,12.047819484549926,13.107967910158472,4.4300529540512574e-05,0.06748253447071223,0.0006564740030583652
bfo-a7d84a931ad75b81180fb1321625d2044481cdc1305f26da0079240dfc24f3c7,3792,24.627952567897154,24.627952567897154,12.04781981953948,13.107968232370387,4.430031593233237e-05,0.06748247742675284,0.0006564713925984273
bfo-a7d84a931ad75b81180fb1321625d2044481cdc1305f26da0079240dfc24f3c7,3793,24.627951952138854,24.627951952138854,12.04781956480961,13.107967939413392,4.430041715433019e-05,0.0674825380382215,0.0006564723029421157
bfo-a7d84a931ad75b81180fb1321625d2044481cdc1305f26da0079240dfc24f3c7,3794,24.627951670932838,24.627951670932838,12.0478194491498,13.107967775478993,4.430047928037633e-05,0.06748258119197297,0.0006564728037647419
bfo-a7d84a931ad75b81180fb1321625d2044481cdc1305f26da0079240dfc24f3c7,3795,24.62795138321225,24.62795138321225,12.047819589648327,13.107967866601983,4.4300361659016184e-05,0.06748257930348253,0.0006564710791475334
bfo-a7d84a931ad75b81180fb1321625d2044481cdc1305f26da0079240dfc24f3c7,3796,24.62795127652072,24.62795127652072,12.047819773518796,13.107968066109938,4.4300273930515504e-05,0.06748253914775372,0.0006564701697652425
bfo-a7d84a931ad75b81180fb1321625d2044481cdc1305f26da0079240dfc24f3c7,3797,24.627951283208457,24.627951283208457,12.047820096988566,13.107968238310086,4.4299940573895134e-05,0.06748253914084404,0.0006564652299380128
bfo-a7d84a931ad75b81180fb1321625d2044481cdc1305f26da0079240dfc24f3c7,3798,24.62795160905568,24.62795160905568,12.047819667418231,13.107967968530822,4.4300391157596784e-05,0.06748255987245001,0.0006564717053017808
bfo-a7d84a931ad75b81180fb1321625d2044481cdc1305f26da0079240dfc24f3c7,3799,24.627951303287883,24.627951303287883,12.047819691151105,13.107968165582669,4.4300304269656264e-05,0.0674824586528654,0.0006564714024060712
bfo-a7d84a931ad75b81180fb1321625d2044481cdc1305f26da0079240dfc24f3c7,3800,24.627951275689615,24.627951275689615,12.047819679408814,13.10796801022276,4.4300402712111724e-05,0.06748254224088912,0.000656472048044289
bfo-a7d84a931ad75b81180fb1321625d2044481cdc1305f26da0079240dfc24f3c7,3801,24.627951138197417,24.627951138197417,12.047819735356967,13.107967992100209,4.43004368745048e-05,0.0674825742024585,0.0006564722433616183
bfo-a7d84a931ad75b81180fb1321625d2044481cdc1305f26da0079240dfc24f3c7,3802,24.627950835168537,24.627950835168537,12.047819832384436,13.107968106504064,4.43003352125558e-05,0.06748253848099862,0.0006564710843684348
bfo-a7d84a931ad75b81180fb1321625d2044481cdc1305f26da0079240dfc24f3c7,3803,24.627950742656196,24.627950742656196,12.047819813287044,13.107968167722422,4.430018619631561e-05,0.06748248274892163,0.0006564694183102432
bfo-a7d84a931ad75b81180fb1321625d2044481cdc1305f26da0079240dfc24f3c7,3804,24.627950727423816,24.627950727423816,12.04781971777312,13.107967995874436,4.430031096076132e-05,0.06748254693209034,0.0006564706427773394
bfo-a7d84a931ad75b81180fb1321625d2044481cdc1305f26da0079240dfc24f3c7,3805,24.62795084849724,24.62795084849724,12.047819852808393,13.107968169606659,4.430015320890111e-05,0.0674825041977542,0.0006564687208269815
bfo-a7d84a931ad75b81180fb1321625d2044481cdc1305f26da0079240dfc24f3c7,3806,24.627950758039685,24.627950758039685,12.047819716434894,13.10796798194258,4.4300300551138365e-05,0.06748254792747536,0.0006564704788377085
bfo-a7d84a931ad75b81180fb1321625d2044481cdc1305f26da0079240dfc24f3c7,3807,24.62795091029356,24.62795091029356,12.047819858714837,13.107968169461426,4.430032258717202e-05,0.06748252022122471,0.0006564710749086489
bfo-a7d84a931ad75b81180fb1321625d2044481cdc1305f26da0079240dfc24f3c7,3808,24.627950679303524,24.627950679303524,12.047819837720974,13.107968152196918,4.430015548098089e-05,0.0674824976815463,0.0006564688178857253
bfo-a7d84a931ad75b81180fb1321625d2044481cdc1305f26da0079240dfc24f3c7,3809,24.627950601068765,24.627950601068765,12.047819987569206,13.10796820744191,4.430007228264986e-05,0.06748250655862993,0.0006564674986422031
bfo-a7d84a931ad75b81180fb1321625d2044481cdc1305f26da0079240dfc24f3c7,3810,24.627950817057865,24.627950817057865,12.047820130020277,13.107968191148437,4.430001160479043e-05,0.06748255769677237,0.0006564661020088937
bfo-a7d84a931ad75b81180fb1321625d2044481cdc1305f26da0079240dfc24f3c7,3811,24.627950750530616,24.627950750530616,12.04781988183026,13.107968151471773,4.430012726936959e-05,0.06748250328380352,0.0006564683453288856
bfo-a7d84a931ad75b81180fb1321625d2044481cdc1305f26da0079240dfc24f3c7,3812,24.627950468707347,24.627950468707347,12.04782003567908,13.107968152583917,4.430000625456569e-05,0.06748254208092383,0.000656466174635833
bfo-a7d84a931ad75b81180fb1321625d2044481cdc1305f26da0079240dfc24f3c7,3813,24.62795046121251,24.62795046121251,12.04782014904298,13.107968245029552,4.4299977403348114e-05,0.0674825342529022,0.0006564658232503015
bfo-a7d84a931ad75b81180fb1321625d2044481cdc1305f26da0079240dfc24f3c7,3814,24.627950784977518,24.627950784977518,12.047820010227017,13.107968111884952,4.430015433972101e-05,0.0674825677807535,0.0006564681190503798
bfo-a7d84a931ad75b81180fb1321625d2044481cdc1305f26da0079240dfc24f3c7,3815,24.6279503687009,24.6279503687009,12.047820141673208,13.10796821295042,4.429996789782501e-05,0.06748254543943719,0.0006564655735694264
bfo-a7d84a931ad75b81180fb1321625d2044481cdc1305f26da0079240dfc24f3c7,3816,24.627950627663996,24.627950627663996,12.047820261023299,13.107968284193467,4.429980290085478e-05,0.06748253703649612,0.0006564632102805562
bfo-a7d84a931ad75b81180fb1321625d2044481cdc1305f26da0079240dfc24f3c7,3817,24.627950274892605,24.627950274892605,12.047820141832611,13.10796822904712,4.429990976557723e-05,0.06748252964336571,0.0006564648657911182
bfo-a7d84a931ad75b81180fb1321625d2044481cdc1305f26da0079240dfc24f3c7,3818,24.627950432795686,24.627950432795686,12.047820210614528,13.107968267938823,4.4299946277363254e-05,0.06748252942768097,0.0006564654089446691
bfo-a7d84a931ad75b81180fb1321625d2044481cdc1305f26da0079240dfc24f3c7,3819,24.62795034216884,24.62795034216884,12.047820273347662,13.107968323644778,4.429980190741258e-05,0.06748252147917597,0.0006564633468991345
bfo-a7d84a931ad75b81180fb1321625d2044481cdc1305f26da0079240dfc24f3c7,3820,24.627950419621214,24.627950419621214,12.047820008142644,13.107968138042002,4.4300017609356315e-05,0.06748253597537131,0.0006564664022929462
bfo-a7d84a931ad75b81180fb1321625d2044481cdc1305f26da0079240dfc24f3c7,3821,24.627950420716935,24.627950420716935,12.047820139732345,13.107968221383512,4.4299899943932645e-05,0.06748252893119544,0.0006564647271755392
bfo-a7d84a931ad75b81180fb1321625d2044481cdc1305f26da0079240dfc24f3c7,3822,24.627950372110615,24.627950372110615,12.047820203001049,13.107968260844476,4.429981532556919e-05,0.06748253115984813,0.0006564634515654834
bfo-a7d84a931ad75b81180fb1321625d2044481cdc1305f26da0079240dfc24f3c7,3823,24.627950217520123,24.627950217520123,12.047820105653088,13.107968218622322,4.429993582257965e-05,0.06748252273925483,0.0006564653190834287
bfo-a7d84a931ad75b81180fb1321625d2044481cdc1305f26da0079240dfc24f3c7,3824,24.62795027989998,24.62795027989998,12.047820206622736,13.107968335706248,4.429979025879042e-05,0.06748250091750187,0.0006564633743042129
bfo-a7d84a931ad75b81180fb1321625d2044481cdc1305f26da0079240dfc24f3c7,3825,24.627950210478826,24.627950210478826,12.047820150783174,13.10796821262539,4.429995334945344e-05,0.06748254147887323,0.000656465396510332
bfo-a7d84a931ad75b81180fb1321625d2044481cdc1305f26da0079240dfc24f3c7,3826,24.62795028974962,24.62795028974962,12.047820308648074,13.107968237600053,4.4299901158778625e-05,0.06748257699481822,0.0006564642776190999
bfo-a7d84a931ad75b81180fb1321625d2044481cdc1305f26da0079240dfc24f3c7,3827,24.62795129062514,24.62795129062514,12.047820168244986,13.107968195660595,4.430004904300136e-05,0.06748256114621357,0.0006564666232364393
bfo-a7d84a931ad75b81180fb1321625d2044481cdc1305f26da0079240dfc24f3c7,3828,24.627950234646683,24.627950234646683,12.04782009388429,13.107968152949946,4.4300087232209025e-05,0.06748256092943304,0.0006564671912575149
bfo-a7d84a931ad75b81180fb1321625d2044481cdc1305f26da0079240dfc24f3c7,3829,1000000.0000000019,24.627949934761403,12.047820157248669,13.107968204008289,4.429991985418662e-05,0.06748254364476848,0.000656464879086118
bfo-a7d84a931ad75b81180fb1321625d2044481cdc1305f26da0079240dfc24f3c7,3830,24.62795094777782,24.62795094777782,12.04782044581415,13.107968509397706,4.4299792117064565e-05,0.06748248834152401,0.000656463524179288
bfo-a7d84a931ad75b81180fb1321625d2044481cdc1305f26da0079240dfc24f3c7,3831,1000000.0000000016,24.627950272712113,12.04782030480168,13.107968356155835,4.429980708321945e-05,0.06748251618681916,0.0006564634750811527
bfo-a7d84a931ad75b81180fb1321625d2044481cdc1305f26da0079240dfc24f3c7,3832,24.62795022920672,24.62795022920672,12.04781981803996,13.10796803435126,4.430016645133243e-05,0.06748252676630691,0.0006564686975155011
bfo-a7d84a931ad75b81180fb1321625d2044481cdc1305f26da0079240dfc24f3c7,3833,24.627950177030637,24.627950177030637,12.047819974976687,13.10796808883911,4.430005945729646e-05,0.06748254653301515,0.0006564669197186135
bfo-a7d84a931ad75b81180fb1321625d2044481cdc1305f26da0079240dfc24f3c7,3834,24.627950136504744,24.627950136504744,12.047819844282314,13.107967921806178,4.430019099053165e-05,0.06748258871057126,0.0006564684585609554
bfo-a7d84a931ad75b81180fb1321625d2044481cdc1305f26da0079240dfc24f3c7,3835,24.627950218779695,24.627950218779695,12.047819662264182,13.107967785679056,4.430037091145856e-05,0.06748260306951182,0.0006564709850600468
bfo-a7d84a931ad75b81180fb1321625d2044481cdc1305f26da0079240dfc24f3c7,3836,24.62795008114439,24.62795008114439,12.047819861341946,13.10796797087124,4.4300217163686515e-05,0.06748257215380347,0.0006564690074752827
bfo-a7d84a931ad75b81180fb1321625d2044481cdc1305f26da0079240dfc24f3c7,3837,24.627950317170274,24.627950317170274,12.04781966407023,13.107967850178614,4.430039765166486e-05,0.06748257859281245,0.0006564716194230206
bfo-a7d84a931ad75b81180fb1321625d2044481cdc1305f26da0079240dfc24f3c7,3838,24.62795000431523,24.62795000431523,12.04781988083353,13.107968022141348,4.4300190060183255e-05,0.06748255576826605,0.0006564687652362984
bfo-a7d84a931ad75b81180fb1321625d2044481cdc1305f26da0079240dfc24f3c7,3839,24.62795120588546,24.62795120588546,12.047819691582124,13.107967917318433,4.430039405664973e-05,0.06748255158748923,0.0006564718288580941
bfo-a7d84a931ad75b81180fb1321625d2044481cdc1305f26da0079240dfc24f3c7,3840,24.627950079409707,24.627950079409707,12.04781997799914,13.107968105723032,4.430004860341024e-05,0.0674825338844351,0.0006564668819234732
bfo-a7d84a931ad75b81180fb1321625d2044481cdc1305f26da0079240dfc24f3c7,3841,24.627950103863324,24.627950103863324,12.047819820203411,13.107967972454947,4.43001896482124e-05,0.06748256339762067,0.0006564686849132699
bfo-a7d84a931ad75b81180fb1321625d2044481cdc1305f26da0079240dfc24f3c7,3842,24.627950045729254,24.627950045729254,12.047819952433935,13.10796807455161,4.4300182620857035e-05,0.06748255501416234,0.0006564686623314707
bfo-a7d84a931ad75b81180fb1321625d2044481cdc1305f26da0079240dfc24f3c7,3843,24.627950125336007,24.627950125336007,12.047819909552432,13.107968137907918,4.4300122567970685e-05,0.0674825068239579,0.0006564682412219323
bfo-a7d84a931ad75b81180fb1321625d2044481cdc1305f26da0079240dfc24f3c7,3844,1000000.000000003,24.627949888882362,12.047819759767277,13.107967903245031,4.4300288456476715e-05,0.0674825768202693,0.0006564700185421866
bfo-a7d84a931ad75b81180fb1321625d2044481cdc1305f26da0079240dfc24f3c7,3845,24.627950060579565,24.627950060579565,12.04782010638748,13.107968095468204,4.4300056129439813e-05,0.0674825992194229,0.0006564663578739174
bfo-a7d84a931ad75b81180fb1321625d2044481cdc1305f26da0079240dfc24f3c7,3846,24.627950107521603,24.627950107521603,12.047820021826873,13.107968166757736,4.430008011626229e-05,0.06748252845506383,0.000656467401718082
bfo-a7d84a931ad75b81180fb1321625d2044481cdc1305f26da0079240dfc24f3c7,3847,24.627950007899763,24.627950007899763,12.047820095122018,13.107968149580639,4.4299982768945105e-05,0.06748254934315201,0.0006564657559642206
bfo-a7d84a931ad75b81180fb1321625d2044481cdc1305f26da0079240dfc24f3c7,3848,24.627949997060725,24.627949997060725,12.047819959650496,13.107968009697029,4.430011953476737e-05,0.06748257830010164,0.000656467500956475
bfo-a7d84a931ad75b81180fb1321625d2044481cdc1305f26da0079240dfc24f3c7,3849,24.627950011037367,24.627950011037367,12.047819752882756,13.107967786402384,4.430038098834927e-05,0.06748263876925274,0.0006564707870987099
bfo-a7d84a931ad75b81180fb1321625d2044481cdc1305f26da0079240dfc24f3c7,3850,24.627950065654872,24.627950065654872,12.047819969658752,13.107967979872564,4.430015288195551e-05,0.0674826020605594,0.0006564677639756721
bfo-a7d84a931ad75b81180fb1321625d2044481cdc1305f26da0079240dfc24f3c7,3851,1000000.0,24.62795016639589,12.04782009711933,13.107968179108108,4.430001847697305e-05,0.06748253559652351,0.0006564664188352645
bfo-a7d84a931ad75b81180fb1321625d2044481cdc1305f26da0079240dfc24f3c7,3852,24.62795009940956,24.62795009940956,12.047820105388057,13.107968094578442,4.430001905794202e-05,0.06748257653289962,0.0006564660292178461
bfo-a7d84a931ad75b81180fb1321625d2044481cdc1305f26da0079240dfc24f3c7,3853,24.627950169274897,24.627950169274897,12.047819810338828,13.10796784422743,4.430039122626179e-05,0.06748263472133187,0.0006564709781886752
bfo-a7d84a931ad75b81180fb1321625d2044481cdc1305f26da0079240dfc24f3c7,3854,24.62794999197608,24.62794999197608,12.047819905241532,13.107967970129161,4.430012732083519e-05,0.06748258228796021,0.0006564675775416928
bfo-a7d84a931ad75b81180fb1321625d2044481cdc1305f26da0079240dfc24f3c7,3855,24.627950102855618,24.627950102855618,12.047819809567159,13.107967943196577,4.43002673518946e-05,0.0674825738388605,0.0006564697348040964
bfo-a7d84a931ad75b81180fb1321625d2044481cdc1305f26da0079240dfc24f3c7,3856,1000000.0000000042,24.62794992928194,12.047820050239881,13.107968122892013,4.430002475648551e-05,0.06748255198241303,0.0006564663524881331
bfo-a7d84a931ad75b81180fb1321625d2044481cdc1305f26da0079240dfc24f3c7,3857,24.627949746509927,24.627949746509927,12.047819799317509,13.10796785969071,4.4300181046223375e-05,0.06748260026667709,0.0006564681987824765
bfo-a7d84a931ad75b81180fb1321625d2044481cdc1305f26da0079240dfc24f3c7,3858,24.62795000651652,24.62795000651652,12.047819839003193,13.107967919918256,4.430009819687119e-05,0.06748258336470328,0.0006564671354896933
bfo-a7d84a931ad75b81180fb1321625d2044481cdc1305f26da0079240dfc24f3c7,3859,24.627949788476098,24.627949788476098,12.047819911179719,13.107967890044181,4.430011825538615e-05,0.06748261865979188,0.000656467089380772
bfo-a7d84a931ad75b81180fb1321625d2044481cdc1305f26da0079240dfc24f3c7,3860,24.62794994470843,24.62794994470843,12.047819663315265,13.107967759893636,4.43003564070509e-05,0.06748261846695165,0.0006564706203382752
bfo-a7d84a931ad75b81180fb1321625d2044481cdc1305f26da0079240dfc24f3c7,3861,24.627949794389153,24.627949794389153,12.047819899538798,13.107967935992075,4.430009932241157e-05,0.06748259481785195,0.0006564670407530381
bfo-a7d84a931ad75b81180fb1321625d2044481cdc1305f26da0079240dfc24f3c7,3862,24.62794961306922,24.62794961306922,12.04781965960195,13.107967690379757,4.430019725142966e-05,0.06748263106551358,0.0006564681393116116
bfo-a7d84a931ad75b81180fb1321625d2044481cdc1305f26da0079240dfc24f3c7,3863,24.627949701034495,24.627949701034495,12.04781956910511,13.107967604316588,4.4300315452647645e-05,0.06748264042706792,0.0006564697998224499
bfo-a7d84a931ad75b81180fb1321625d2044481cdc1305f26da0079240dfc24f3c7,3864,24.627949575180075,24.627949575180075,12.04781971296962,13.107967688623717,4.4300202044791995e-05,0.06748264952928612,0.0006564680307279072
bfo-a7d84a931ad75b81180fb1321625d2044481cdc1305f26da0079240dfc24f3c7,3865,24.62794982234989,24.62794982234989,12.047819755629291,13.107967749910308,4.430010931998802e-05,0.06748261824231332,0.0006564669610316146
bfo-a7d84a931ad75b81180fb1321625d2044481cdc1305f26da0079240dfc24f3c7,3866,24.627949548470646,24.627949548470646,12.047819682199593,13.107967668093309,4.430023207095765e-05,0.06748264998356786,0.0006564684712551276
bfo-a7d84a931ad75b81180fb1321625d2044481cdc1305f26da0079240dfc24f3c7,3867,24.627949408940857,24.627949408940857,12.04781927794357,13.10796725027999,4.4300561511865175e-05,0.0674827342980778,0.0006564725329027909
bfo-a7d84a931ad75b81180fb1321625d2044481cdc1305f26da0079240dfc24f3c7,3868,24.627949137651477,24.627949137651477,12.0478192893729,13.10796729169334,4.430053161318092e-05,0.06748271578584322,0.000656472269933073
bfo-a7d84a931ad75b81180fb1321625d2044481cdc1305f26da0079240dfc24f3c7,3869,24.627949197811706,24.627949197811706,12.047819303436743,13.10796723185987,4.430061534315691e-05,0.06748275954540253,0.0006564730850010863
bfo-a7d84a931ad75b81180fb1321625d2044481cdc1305f26da0079240dfc24f3c7,3870,24.6279490494814,24.6279490494814,12.047819213779412,13.107967171751374,4.430059390041032e-05,0.06748275281714154,0.0006564728327021859
bfo-a7d84a931ad75b81180fb1321625d2044481cdc1305f26da0079240dfc24f3c7,3871,24.62794907356343,24.62794907356343,12.047819641666743,13.107967508358602,4.430027820300645e-05,0.06748271776887345,0.0006564684954558847
bfo-a7d84a931ad75b81180fb1321625d2044481cdc1305f26da0079240dfc24f3c7,3872,24.627949031732665,24.627949031732665,12.0478192238607,13.107967173817773,4.4300566455652715e-05,0.06748275551654905,0.0006564723997494253
bfo-a7d84a931ad75b81180fb1321625d2044481cdc1305f26da0079240dfc24f3c7,3873,24.62794904819527,24.62794904819527,12.047819338890857,13.107967086525282,4.4300453584407324e-05,0.06748282554983354,0.0006564700458740143
bfo-a7d84a931ad75b81180fb1321625d2044481cdc1305f26da0079240dfc24f3c7,3874,24.62794898559264,24.62794898559264,12.047819160824949,13.107967138782197,4.430060243900517e-05,0.06748274934986367,0.0006564729929619363
bfo-a7d84a931ad75b81180fb1321625d2044481cdc1305f26da0079240dfc24f3c7,3875,24.62794895657569,24.62794895657569,12.04781932771553,13.107967285271299,4.430047546370121e-05,0.0674827260699669,0.000656471337831995
bfo-a7d84a931ad75b81180fb1321625d2044481cdc1305f26da0079240dfc24f3c7,3876,24.627949237540875,24.627949237540875,12.047819464611866,13.10796746416575,4.430034449249593e-05,0.06748267739180427,0.000656469870560829
bfo-a7d84a931ad75b81180fb1321625d2044481cdc1305f26da0079240dfc24f3c7,3877,24.62794899529905,24.62794899529905,12.04781944807976,13.107967318916216,4.4300349364137486e-05,0.06748274016917162,0.0006564693320555968
bfo-a7d84a931ad75b81180fb1321625d2044481cdc1305f26da0079240dfc24f3c7,3878,24.627949511972425,24.627949511972425,12.047819634583421,13.107967550622632,4.4300236424076896e-05,0.06748269215500913,0.0006564681255205164
bfo-a7d84a931ad75b81180fb1321625d2044481cdc1305f26da0079240dfc24f3c7,3879,24.62794892986856,24.62794892986856,12.047819358497879,13.107967324656666,4.430046745143654e-05,0.06748272096967918,0.0006564712687169399
bfo-a7d84a931ad75b81180fb1321625d2044481cdc1305f26da0079240dfc24f3c7,3880,24.62794892522657,24.62794892522657,12.047819224917124,13.107967298007475,4.430065507889954e-05,0.06748270354017503,0.000656474218649608
bfo-a7d84a931ad75b81180fb1321625d2044481cdc1305f26da0079240dfc24f3c7,3881,24.627948677451727,24.627948677451727,12.047819384273614,13.10796742757324,4.4300445029125e-05,0.06748267997562958,0.0006564713352392567
bfo-a7d84a931ad75b81180fb1321625d2044481cdc1305f26da0079240dfc24f3c7,3882,24.627948621979122,24.627948621979122,12.047819542503966,13.107967482376818,4.430022402528797e-05,0.06748268674462558,0.0006564679944195627
bfo-a7d84a931ad75b81180fb1321625d2044481cdc1305f26da0079240dfc24f3c7,3883,24.627948532651637,24.627948532651637,12.047819420862558,13.107967313786787,4.430029803534819e-05,0.06748272790442754,0.0006564686907454085
bfo-a7d84a931ad75b81180fb1321625d2044481cdc1305f26da0079240dfc24f3c7,3884,24.62794844165426,24.62794844165426,12.0478195566383,13.107967404379437,4.430019157501143e-05,0.067482722576459,0.000656467164981653
bfo-a7d84a931ad75b81180fb1321625d2044481cdc1305f26da0079240dfc24f3c7,3885,24.627948530725313,24.627948530725313,12.047819727553172,13.107967595719082,4.430011907096258e-05,0.0674826802799768,0.000656466502029368
bfo-a7d84a931ad75b81180fb1321625d2044481cdc1305f26da0079240dfc24f3c7,3886,24.627948495579954,24.627948495579954,12.047819503468267,13.107967367395725,4.430022942609524e-05,0.06748271942261967,0.0006564677565623734
bfo-a7d84a931ad75b81180fb1321625d2044481cdc1305f26da0079240dfc24f3c7,3887,24.62794891885025,24.62794891885025,12.047819394364874,13.10796730622851,4.430040011145069e-05,0.06748272856868268,0.0006564701969091626
bfo-a7d84a931ad75b81180fb1321625d2044481cdc1305f26da0079240dfc24f3c7,3888,24.6279484039538,24.6279484039538,12.04781952554031,13.107967351589561,4.430020535993212e-05,0.06748273297099082,0.0006564672681376982
bfo-a7d84a931ad75b81180fb1321625d2044481cdc1305f26da0079240dfc24f3c7,3889,24.627948689506965,24.627948689506965,12.047819648052895,13.107967406864393,4.430008977767462e-05,0.0674827428279413,0.000656465459482363
bfo-a7d84a931ad75b81180fb1321625d2044481cdc1305f26da0079240dfc24f3c7,3890,24.627948353776468,24.627948353776468,12.047819596112927,13.10796743999591,4.430012812793933e-05,0.06748271188119988,0.0006564663288269684
bfo-a7d84a931ad75b81180fb1321625d2044481cdc1305f26da0079240dfc24f3c7,3891,24.627947990949515,24.627947990949515,12.047819796801324,13.107967627266909,4.4299932261959433e-05,0.06748266755659107,0.0006564638575499321
bfo-a7d84a931ad75b81180fb1321625d2044481cdc1305f26da0079240dfc24f3c7,3892,24.627948060511255,24.627948060511255,12.047819984199126,13.107967755452837,4.429981110934702e-05,0.06748266817676304,0.0006564620562024725
bfo-a7d84a931ad75b81180fb1321625d2044481cdc1305f26da0079240dfc24f3c7,3893,24.62794808846758,24.62794808846758,12.047819862870512,13.107967669079247,4.429990011095568e-05,0.0674826645358992,0.0006564634105013617
bfo-a7d84a931ad75b81180fb1321625d2044481cdc1305f26da0079240dfc24f3c7,3894,24.62794824748314,24.62794824748314,12.04781981507446,13.10796763526826,4.429994958792669e-05,0.06748267341717275,0.0006564640572857536
bfo-a7d84a931ad75b81180fb1321625d2044481cdc1305f26da0079240dfc24f3c7,3895,24.627947968204353,24.627947968204353,12.047819867688204,13.10796765970963,4.429989077212007e-05,0.06748266893507747,0.0006564632293180242
bfo-a7d84a931ad75b81180fb1321625d2044481cdc1305f26da0079240dfc24f3c7,3896,24.627948058632995,24.627948058632995,12.04782003372972,13.107967811281894,4.4299748827875796e-05,0.06748263931352128,0.0006564614140543789
bfo-a7d84a931ad75b81180fb1321625d2044481cdc1305f26da0079240dfc24f3c7,3897,24.627948021048276,24.627948021048276,12.047820018537964,13.107967863400148,4.429975950131375e-05,0.06748261383959728,0.000656461820026889
bfo-a7d84a931ad75b81180fb1321625d2044481cdc1305f26da0079240dfc24f3c7,3898,24.62794826952574,24.62794826952574,12.047819988820933,13.10796776334703,4.429981688584904e-05,0.06748266025480114,0.0006564622188660275
bfo-a7d84a931ad75b81180fb1321625d2044481cdc1305f26da0079240dfc24f3c7,3899,24.62794798089031,24.62794798089031,12.047819856139725,13.10796767657681,4.429991855490963e-05,0.06748265998081762,0.0006564637281266353
bfo-a7d84a931ad75b81180fb1321625d2044481cdc1305f26da0079240dfc24f3c7,3900,24.627947975034033,24.627947975034033,12.047819588794079,13.107967337554296,4.43001850661264e-05,0.06748274933381622,0.0006564668082354963
bfo-a7d84a931ad75b81180fb1321625d2044481cdc1305f26da0079240dfc24f3c7,3901,24.627948009318644,24.627948009318644,12.04781989094295,13.10796768214822,4.4299832512240146e-05,0.06748266752192196,0.000656462379734014
bfo-a7d84a931ad75b81180fb1321625d2044481cdc1305f26da0079240dfc24f3c7,3902,24.62794509022806,24.62794509022806,12.047819646801782,13.107967489700998,4.42998174999828e-05,0.06748266816302632,0.000656462151036503
bfo-a7d84a931ad75b81180fb1321625d2044481cdc1305f26da0079240dfc24f3c7,3903,1000000.0,24.62793947938763,12.04781921284487,13.107967165478428,4.4299680245320465e-05,0.0674826618105916,0.0006564601789072806
bfo-a7d84a931ad75b81180fb1321625d2044481cdc1305f26da0079240dfc24f3c7,3904,1000000.0000000012,24.62794508715679,12.047819652501516,13.107967502593388,4.4299840146244245e-05,0.06748266214263406,0.0006564625451884268
bfo-a7d84a931ad75b81180fb1321625d2044481cdc1305f26da0079240dfc24f3c7,3905,24.62794527986035,24.62794527986035,12.047819714236347,13.107967540983502,4.4299813569313213e-05,0.06748267495924716,0.0006564620266767123
bfo-a7d84a931ad75b81180fb1321625d2044481cdc1305f26da0079240dfc24f3c7,3906,1000000.0000000002,24.627945089631133,12.04781967506241,13.107967499296894,4.4299856937999026e-05,0.06748267482204744,0.0006564626706753732
bfo-a7d84a931ad75b81180fb1321625d2044481cdc1305f26da0079240dfc24f3c7,3907,24.62794510966308,24.62794510966308,12.047819426904066,13.107967301958372,4.429990125931306e-05,0.06748268308301376,0.0006564632470943334
bfo-a7d84a931ad75b81180fb1321625d2044481cdc1305f26da0079240dfc24f3c7,3908,24.62794509095786,24.62794509095786,12.047819740801861,13.107967532000174,4.4299757435617947e-05,0.06748267196768552,0.0006564612239543679
bfo-a7d84a931ad75b81180fb1321625d2044481cdc1305f26da0079240dfc24f3c7,3909,24.627945117588787,24.627945117588787,12.047819610704932,13.107967468875364,4.4299722389050194e-05,0.06748266422473248,0.0006564607799348605
bfo-a7d84a931ad75b81180fb1321625d2044481cdc1305f26da0079240dfc24f3c7,3910,24.627945097253765,24.627945097253765,12.047819625032572,13.107967506542819,4.429982329153438e-05,0.06748265564139135,0.0006564623586680919
bfo-a7d84a931ad75b81180fb1321625d2044481cdc1305f26da0079240dfc24f3c7,3911,1000000.0,24.62794514244373,12.04781962956837,13.10796750644948,4.42997911312929e-05,0.06748265125004758,0.0006564619248159972
bfo-a7d84a931ad75b81180fb1321625d2044481cdc1305f26da0079240dfc24f3c7,3912,24.627945090633304,24.627945090633304,12.047819695370409,13.107967503796928,4.429981970797709e-05,0.06748268198012952,0.0006564620493450646
bfo-a7d84a931ad75b81180fb1321625d2044481cdc1305f26da0079240dfc24f3c7,3913,24.627945112965705,24.627945112965705,12.047819664906495,13.107967474665731,4.429984690182372e-05,0.06748268447830655,0.000656462428018326
bfo-a7d84a931ad75b81180fb1321625d2044481cdc1305f26da0079240dfc24f3c7,3914,24.62794509025661,24.62794509025661,12.047819757263111,13.10796752237878,4.42996907188451e-05,0.06748268165547659,0.0006564601410627245
bfo-a7d84a931ad75b81180fb1321625d2044481cdc1305f26da0079240dfc24f3c7,3915,1000000.0,24.627945150770472,12.047819287595539,13.107967276295582,4.430019210115607e-05,0.0674826804091036,0.0006564675829797041
bfo-a7d84a931ad75b81180fb1321625d2044481cdc1305f26da0079240dfc24f3c7,3916,24.627945090263676,24.627945090263676,12.04781963864921,13.10796755005784,4.429977570398723e-05,0.06748263120552424,0.0006564618911949121
bfo-a7d84a931ad75b81180fb1321625d2044481cdc1305f26da0079240dfc24f3c7,3917,1000000.0,24.627945218966353,12.047819763658367,13.107967522072483,4.429987019395818e-05,0.06748269901651936,0.0006564626317497146
bfo-a7d84a931ad75b81180fb1321625d2044481cdc1305f26da0079240dfc24f3c7,3918,1000000.0,24.627945090204783,12.047819601891746,13.10796741992664,4.429990510611137e-05,0.06748269880327577,0.0006564631511738079
bfo-a7d84a931ad75b81180fb1321625d2044481cdc1305f26da0079240dfc24f3c7,3919,24.627945169315325,24.627945169315325,12.047819497083866,13.107967375075695,4.429985706412367e-05,0.06748268014482811,0.000656462620765053
bfo-a7d84a931ad75b81180fb1321625d2044481cdc1305f26da0079240dfc24f3c7,3920,24.627945092796253,24.627945092796253,12.047819711558889,13.107967575942553,4.429981928942848e-05,0.06748265294443084,0.0006564623255980695
bfo-a7d84a931ad75b81180fb1321625d2044481cdc1305f26da0079240dfc24f3c7,3921,24.627945126518796,24.627945126518796,12.047819827871244,13.107967683794623,4.4299503927584256e-05,0.06748260023805534,0.0006564581650871615
bfo-a7d84a931ad75b81180fb1321625d2044481cdc1305f26da0079240dfc24f3c7,3922,24.627945099685938,24.627945099685938,12.047819582255238,13.107967401839785,4.429989989528665e-05,0.06748269105064557,0.0006564631493732178
bfo-a7d84a931ad75b81180fb1321625d2044481cdc1305f26da0079240dfc24f3c7,3923,24.627945134693164,24.627945134693164,12.047819730879855,13.107967512861714,4.429968991306959e-05,0.06748267922152237,0.0006564601527993425
bfo-a7d84a931ad75b81180fb1321625d2044481cdc1305f26da0079240dfc24f3c7,3924,24.62794509023373,24.62794509023373,12.047819571975523,13.107967376050414,4.429989886249223e-05,0.06748270538530697,0.0006564629946228809
bfo-a7d84a931ad75b81180fb1321625d2044481cdc1305f26da0079240dfc24f3c7,3925,24.62794526064478,24.62794526064478,12.04781937543999,13.10796722528802,4.429999646721886e-05,0.06748271235394902,0.0006564643731992268
bfo-a7d84a931ad75b81180fb1321625d2044481cdc1305f26da0079240dfc24f3c7,3926,1000000.0,24.62794509023192,12.047819664094291,13.10796750290461,4.429979472013545e-05,0.06748266198173494,0.0006564618736013372
bfo-a7d84a931ad75b81180fb1321625d2044481cdc1305f26da0079240dfc24f3c7,3927,24.627945161597218,24.627945161597218,12.047819742868402,13.107967623764821,4.4299772732351566e-05,0.06748263747793433,0.0006564617861422034
bfo-a7d84a931ad75b81180fb1321625d2044481cdc1305f26da0079240dfc24f3c7,3928,24.627945090273286,24.627945090273286,12.047819766168912,13.10796764140526,4.429965871674114e-05,0.06748262154347338,0.0006564602515953324
bfo-a7d84a931ad75b81180fb1321625d2044481cdc1305f26da0079240dfc24f3c7,3929,24.627945173426316,24.627945173426316,12.047819556713241,13.107967382346134,4.42998473523327e-05,0.06748269957463468,0.0006564622878392387
bfo-a7d84a931ad75b81180fb1321625d2044481cdc1305f26da0079240dfc24f3c7,3930,24.627945090230178,24.627945090230178,12.04781965579507,13.10796747198753,4.429983479851427e-05,0.0674826783620145,0.0006564623081624797
bfo-a7d84a931ad75b81180fb1321625d2044481cdc1305f26da0079240dfc24f3c7,3931,24.627945180823637,24.627945180823637,12.047819372433619,13.107967404348546,4.429999123558329e-05,0.06748262804822894,0.0006564651157913215
bfo-a7d84a931ad75b81180fb1321625d2044481cdc1305f26da0079240dfc24f3c7,3932,1000000.0,24.62794509022882,12.047819617099918,13.107967494200594,4.429983222727697e-05,0.0674826602163809,0.0006564624465785883
bfo-a7d84a931ad75b81180fb1321625d2044481cdc1305f26da0079240dfc24f3c7,3933,24.627945143702,24.627945143702,12.047819680718165,13.107967525700492,4.429970057736361e-05,0.06748264428165254,0.0006564606507188693
bfo-a7d84a931ad75b81180fb1321625d2044481cdc1305f26da0079240dfc24f3c7,3934,24.62794509021513,24.62794509021513,12.047819676523131,13.107967548881621,4.429976647496611e-05,0.06748264742685507,0.0006564615966346451
bfo-a7d84a931ad75b81180fb1321625d2044481cdc1305f26da0079240dfc24f3c7,3935,1000000.0,24.627945214207827,12.047819962076366,13.107967673989936,4.429952314593885e-05,0.06748266426238111,0.0006564578270605428
bfo-a7d84a931ad75b81180fb1321625d2044481cdc1305f26da0079240dfc24f3c7,3936,24.627945146625194,24.627945146625194,12.04781962078866,13.10796751282906,4.429983482286899e-05,0.0674826526471665,0.0006564625586740191
bfo-a7d84a931ad75b81180fb1321625d2044481cdc1305f26da0079240dfc24f3c7,3937,24.627945443636662,24.627945443636662,12.047819757309592,13.107967624568793,4.429967480571628e-05,0.06748263289112896,0.0006564603796236848
bfo-a7d84a931ad75b81180fb1321625d2044481cdc1305f26da0079240dfc24f3c7,3938,1000000.0000000003,24.62794508778576,12.047819728320729,13.107967577708562,4.429974986405836e-05,0.0674826496303335,0.0006564613290487277
bfo-a7d84a931ad75b81180fb1321625d2044481cdc1305f26da0079240dfc24f3c7,3939,1000000.0,24.627945128675556,12.047819659251289,13.107967536165752,4.429969888334407e-05,0.06748264848467671,0.0006564605847294687
bfo-a7d84a931ad75b81180fb1321625d2044481cdc1305f26da0079240dfc24f3c7,3940,24.627945096409707,24.627945096409707,12.047819723380838,13.107967567185172,4.429968974000932e-05,0.06748264816772073,0.0006564604523211254
bfo-a7d84a931ad75b81180fb1321625d2044481cdc1305f26da0079240dfc24f3c7,3941,24.627945150088703,24.627945150088703,12.047819632832203,13.107967452604445,4.429986354133794e-05,0.06748268992198767,0.0006564626216374914
bfo-a7d84a931ad75b81180fb1321625d2044481cdc1305f26da0079240dfc24f3c7,3942,24.627945093044467,24.627945093044467,12.047819724061247,13.107967583901186,4.42997506031583e-05,0.0674826410224894,0.0006564614237370301
bfo-a7d84a931ad75b81180fb1321625d2044481cdc1305f26da0079240dfc24f3c7,3943,1000000.0,24.627945176216027,12.047819793525493,13.107967690801669,4.429954661153721e-05,0.06748259795336727,0.0006564588198301091
bfo-a7d84a931ad75b81180fb1321625d2044481cdc1305f26da0079240dfc24f3c7,3944,24.627945091171508,24.627945091171508,12.047819729208477,13.107967580939896,4.429969278217033e-05,0.06748264549784769,0.0006564605233738686
bfo-a7d84a931ad75b81180fb1321625d2044481cdc1305f26da0079240dfc24f3c7,3945,1000000.0,24.62794515441064,12.047819748919023,13.10796759092158,4.429976412149789e-05,0.06748265256907598,0.0006564615117366965
bfo-a7d84a931ad75b81180fb1321625d2044481cdc1305f26da0079240dfc24f3c7,3946,1000000.000000001,24.627945083239403,12.047819548116406,13.107967443127453,4.4299909604143983e-05,0.06748265916437643,0.0006564636034308731
bfo-a7d84a931ad75b81180fb1321625d2044481cdc1305f26da0079240dfc24f3c7,3947,24.6279451466681,24.6279451466681,12.047819555676451,13.10796749840065,4.4299840457245314e-05,0.06748264065630084,0.0006564627588133519
bfo-a7d84a931ad75b81180fb1321625d2044481cdc1305f26da0079240dfc24f3c7,3948,1000000.0000000002,24.627945088882548,12.047819522408775,13.107967489493756,4.4299850791731503e-05,0.06748263071418283,0.0006564630086719634
bfo-a7d84a931ad75b81180fb1321625d2044481cdc1305f26da0079240dfc24f3c7,3949,1000000.0,24.627945158192638,12.04781952372967,13.10796742124634,4.429996454974345e-05,0.06748267418851536,0.0006564642714956709
bfo-a7d84a931ad75b81180fb1321625d2044481cdc1305f26da0079240dfc24f3c7,3950,1000000.0,24.627945089896603,12.047819687037897,13.107967542281916,4.4299792359944696e-05,0.0674826558323775,0.0006564618984466539
bfo-a7d84a931ad75b81180fb1321625d2044481cdc1305f26da0079240dfc24f3c7,3951,1000000.0,24.627945132843237,12.047819610305869,13.107967528088638,4.429971414182394e-05,0.06748262994331977,0.0006564609912066601
bfo-a7d84a931ad75b81180fb1321625d2044481cdc1305f26da0079240dfc24f3c7,3952,24.627945090954235,24.627945090954235,12.047819561660594,13.107967486727595,4.42998520489665e-05,0.06748264325485176,0.0006564629053083439
bfo-a7d84a931ad75b81180fb1321625d2044481cdc1305f26da0079240dfc24f3c7,3953,1000000.0,24.6279451110778,12.047819578362208,13.107967542527456,4.42997608258717e-05,0.06748261353485635,0.0006564618426195043
bfo-a7d84a931ad75b81180fb1321625d2044481cdc1305f26da0079240dfc24f3c7,3954,1000000.0000000008,24.627945084502514,12.047819663072762,13.107967558658707,4.429974404605615e-05,0.06748263281988168,0.0006564614063635732
bfo-a7d84a931ad75b81180fb1321625d2044481cdc1305f26da0079240dfc24f3c7,3955,24.62794513795749,24.62794513795749,12.0478195217806,13.107967452625035,4.4299917137338334e-05,0.06748265543215395,0.000656463751369073
bfo-a7d84a931ad75b81180fb1321625d2044481cdc1305f26da0079240dfc24f3c7,3956,1000000.0000000002,24.62794508847448,12.047819572927946,13.107967429012385,4.4299871183720626e-05,0.06748267486211314,0.0006564628813875299
bfo-a7d84a931ad75b81180fb1321625d2044481cdc1305f26da0079240dfc24f3c7,3957,1000000.0,24.62794516879686,12.047819925668703,13.10796767778106,4.4299473830411604e-05,0.06748264993102145,0.0006564572356849216
bfo-a7d84a931ad75b81180fb1321625d2044481cdc1305f26da0079240dfc24f3c7,3958,24.627945113933173,24.627945113933173,12.047819518831108,13.107967456383061,4.429988380939432e-05,0.06748264378284405,0.0006564633708179728
bfo-a7d84a931ad75b81180fb1321625d2044481cdc1305f26da0079240dfc24f3c7,3959,24.627945148506804,24.627945148506804,12.047819844816852,13.107967595596637,4.429972301262419e-05,0.06748267858840049,0.0006564606494478838
bfo-a7d84a931ad75b81180fb1321625d2044481cdc1305f26da0079240dfc24f3c7,3960,24.627945091943666,24.627945091943666,12.04781958575699,13.10796747778387,4.429985426497864e-05,0.06748265589546719,0.0006564628151802523
bfo-a7d84a931ad75b81180fb1321625d2044481cdc1305f26da0079240dfc24f3c7,3961,1000000.0,24.62794513457762,12.04781975034288,13.10796749385268,4.4299755089453716e-05,0.06748269720476381,0.0006564609436850793
bfo-a7d84a931ad75b81180fb1321625d2044481cdc1305f26da0079240dfc24f3c7,3962,24.62794510643725,24.62794510643725,12.047819563114112,13.107967482166176,4.429987662483804e-05,0.06748264900792858,0.0006564632135237195
bfo-a7d84a931ad75b81180fb1321625d2044481cdc1305f26da0079240dfc24f3c7,3963,24.627945157509174,24.627945157509174,12.047819802079077,13.107967642880174,4.429975602095474e-05,0.06748264785458644,0.0006564614375596693
bfo-a7d84a931ad75b81180fb1321625d2044481cdc1305f26da0079240dfc24f3c7,3964,24.627945101975463,24.627945101975463,12.047819607211895,13.107967503646782,4.4299797922821116e-05,0.06748265004222362,0.0006564620372066437
bfo-a7d84a931ad75b81180fb1321625d2044481cdc1305f26da0079240dfc24f3c7,3965,24.627945169257572,24.627945169257572,12.04781984874152,13.107967682391628,4.4299603294649925e-05,0.06748262603596443,0.0006564593866136854
bfo-a7d84a931ad75b81180fb1321625d2044481cdc1305f26da0079240dfc24f3c7,3966,24.62794509053683,24.62794509053683,12.0478196177124,13.107967554871557,4.4299785005179116e-05,0.06748261928581373,0.0006564621449791868
bfo-a7d84a931ad75b81180fb1321625d2044481cdc1305f26da0079240dfc24f3c7,3967,24.627945115751572,24.627945115751572,12.047819813086527,13.1079677849044,4.4299612825017875e-05,0.06748256861208317,0.0006564600864509143
bfo-a7d84a931ad75b81180fb1321625d2044481cdc1305f26da0079240dfc24f3c7,3968,24.62794509956187,24.62794509956187,12.047819800968933,13.107967683520666,4.429962182348064e-05,0.06748261268892432,0.0006564597910233459
bfo-a7d84a931ad75b81180fb1321625d2044481cdc1305f26da0079240dfc24f3c7,3969,24.627945169034522,24.627945169034522,12.047819757770966,13.1079676502862,4.4299680901210466e-05,0.06748263011506667,0.0006564604969556424
bfo-a7d84a931ad75b81180fb1321625d2044481cdc1305f26da0079240dfc24f3c7,3970,24.627945091541754,24.627945091541754,12.047819637876716,13.107967451072593,4.4299783255428964e-05,0.06748267942753616,0.0006564615339999753
bfo-a7d84a931ad75b81180fb1321625d2044481cdc1305f26da0079240dfc24f3c7,3971,24.62794512343366,24.62794512343366,12.047819972375683,13.107967705700867,4.4299563802460024e-05,0.06748265004010869,0.0006564585678856763
bfo-a7d84a931ad75b81180fb1321625d2044481cdc1305f26da0079240dfc24f3c7,3972,1000000.0,24.62794508908751,12.047819692634969,13.107967608179283,4.429974777699315e-05,0.06748262364830142,0.0006564615508707804
bfo-a7d84a931ad75b81180fb1321625d2044481cdc1305f26da0079240dfc24f3c7,3973,1000000.0,24.62794515675447,12.047819508579396,13.107967567099752,4.429993585093219e-05,0.06748259743071952,0.0006564645929109704
bfo-a7d84a931ad75b81180fb1321625d2044481cdc1305f26da0079240dfc24f3c7,3974,1000000.0,24.627945088900695,12.04781961055068,13.107967461599248,4.429981119980981e-05,0.06748266643366632,0.0006564620744996103
bfo-a7d84a931ad75b81180fb1321625d2044481cdc1305f26da0079240dfc24f3c7,3975,1000000.0,24.62794514000394,12.047819259769314,13.107967225834601,4.430007581174996e-05,0.06748268071985568,0.0006564658567085552
bfo-a7d84a931ad75b81180fb1321625d2044481cdc1305f26da0079240dfc24f3c7,3976,24.62794509062815,24.62794509062815,12.047819691641461,13.107967565871517,4.42996711466886e-05,0.06748263381652861,0.0006564603163997762
bfo-a7d84a931ad75b81180fb1321625d2044481cdc1305f26da0079240dfc24f3c7,3977,1000000.0,24.627945173957073,12.047819738648535,13.107967703204459,4.429973641798719e-05,0.06748259518262865,0.0006564616594560194
bfo-a7d84a931ad75b81180fb1321625d2044481cdc1305f26da0079240dfc24f3c7,3978,1000000.0,24.62794508910875,12.047819644905454,13.107967482200436,4.429980140786252e-05,0.06748266871854725,0.0006564619071694621
bfo-a7d84a931ad75b81180fb1321625d2044481cdc1305f26da0079240dfc24f3c7,3979,1000000.0,24.62794512389579,12.047819622385042,13.107967512555122,4.429986289916968e-05,0.06748266396534272,0.0006564628646243263
bfo-a7d84a931ad75b81180fb1321625d2044481cdc1305f26da0079240dfc24f3c7,3980,24.62794510087113,24.62794510087113,12.047819585119527,13.10796747287667,4.429979810173366e-05,0.06748265326789545,0.0006564620084789861
bfo-a7d84a931ad75b81180fb1321625d2044481cdc1305f26da0079240dfc24f3c7,3981,24.62794509788943,24.62794509788943,12.047819953688167,13.10796773318266,4.429960928323895e-05,0.06748264506287113,0.0006564592902659137
bfo-a7d84a931ad75b81180fb1321625d2044481cdc1305f26da0079240dfc24f3c7,3982,24.62794509606214,24.62794509606214,12.047819624765365,13.107967500791991,4.42998301431533e-05,0.06748265228684662,0.0006564624928322208
bfo-a7d84a931ad75b81180fb1321625d2044481cdc1305f26da0079240dfc24f3c7,3983,24.62794509927524,24.62794509927524,12.047819553094458,13.107967432624534,4.4299959778326e-05,0.0674826670973474,0.0006564642697719831
bfo-a7d84a931ad75b81180fb1321625d2044481cdc1305f26da0079240dfc24f3c7,3984,24.627945093265616,24.627945093265616,12.047819655699161,13.107967562558475,4.4299741250744525e-05,0.06748263336078143,0.0006564613596790963
bfo-a7d84a931ad75b81180fb1321625d2044481cdc1305f26da0079240dfc24f3c7,3985,24.627945116431345,24.627945116431345,12.047819487846407,13.107967514209598,4.429985969313082e-05,0.06748261095836033,0.0006564633327608757
bfo-a7d84a931ad75b81180fb1321625d2044481cdc1305f26da0079240dfc24f3c7,3986,24.62794509701559,24.62794509701559,12.04781987730549,13.107967756440809,4.429959939604874e-05,0.06748260520659975,0.0006564595314662848
bfo-a7d84a931ad75b81180fb1321625d2044481cdc1305f26da0079240dfc24f3c7,3987,24.627945122425718,24.627945122425718,12.047819797613197,13.107967604466147,4.429975384863189e-05,0.06748266256970399,0.0006564612622223363
bfo-a7d84a931ad75b81180fb1321625d2044481cdc1305f26da0079240dfc24f3c7,3988,24.627945089531597,24.627945089531597,12.04781966758839,13.107967527026439,4.429978678490267e-05,0.06748265660164365,0.0006564618083488976
bfo-a7d84a931ad75b81180fb1321625d2044481cdc1305f26da0079240dfc24f3c7,3989,24.627945113563925,24.627945113563925,12.047819775213068,13.107967646224319,4.4299655656614305e-05,0.06748262103697454,0.0006564602111755854
bfo-a7d84a931ad75b81180fb1321625d2044481cdc1305f26da0079240dfc24f3c7,3990,24.627945090556555,24.627945090556555,12.047819631903701,13.10796750306471,4.429977960401459e-05,0.06748265373922283,0.000656461729783254
bfo-a7d84a931ad75b81180fb1321625d2044481cdc1305f26da0079240dfc24f3c7,3991,24.627945233690422,24.627945233690422,12.047819636408693,13.107967531682192,4.429974243203789e-05,0.06748263089803742,0.0006564614011414639
bfo-a7d84a931ad75b81180fb1321625d2044481cdc1305f26da0079240dfc24f3c7,3992,24.62794508918936,24.62794508918936,12.047819678906077,13.107967529827508,4.4299760035194086e-05,0.06748265941056746,0.0006564613846302708
bfo-a7d84a931ad75b81180fb1321625d2044481cdc1305f26da0079240dfc24f3c7,3993,24.627945119789487,24.627945119789487,12.047819613781204,13.10796738917103,4.429988138366601e-05,0.06748271039663163,0.0006564626868614515
bfo-a7d84a931ad75b81180fb1321625d2044481cdc1305f26da0079240dfc24f3c7,3994,24.627945112194162,24.627945112194162,12.047819771470555,13.107967625151598,4.429966405953082e-05,0.06748263980260928,0.0006564601531462011
bfo-a7d84a931ad75b81180fb1321625d2044481cdc1305f26da0079240dfc24f3c7,3995,24.627945146320634,24.627945146320634,12.047819653987546,13.107967539060297,4.429967428335095e-05,0.06748263495707542,0.0006564603517857481
bfo-a7d84a931ad75b81180fb1321625d2044481cdc1305f26da0079240dfc24f3c7,3996,24.627945092338116,24.627945092338116,12.047819597243503,13.107967458455544,4.429983077200832e-05,0.06748267244355086,0.0006564623060692366
bfo-a7d84a931ad75b81180fb1321625d2044481cdc1305f26da0079240dfc24f3c7,3997,24.62794522120958,24.62794522120958,12.047819648285772,13.107967526502193,4.429974337250431e-05,0.06748264067914893,0.0006564613199286411
bfo-a7d84a931ad75b81180fb1321625d2044481cdc1305f26da0079240dfc24f3c7,3998,24.62794511082526,24.62794511082526,12.047819670479251,13.107967574151807,4.429974920566629e-05,0.067482633649273,0.000656461474753713
bfo-a7d84a931ad75b81180fb1321625d2044481cdc1305f26da0079240dfc24f3c7,3999,24.627945148234097,24.627945148234097,12.047819410350108,13.10796737221953,4.4299972690754145e-05,0.06748266060447253,0.0006564645242783758
bfo-a7d84a931ad75b81180fb1321625d2044481cdc1305f26da0079240dfc24f3c7,4000,24.627945090305253,24.627945090305253,12.047819618997192,13.107967536499137,4.4299844835434186e-05,0.0674826457543743,0.0006564627740986669
bfo-a7d84a931ad75b81180fb1321625d2044481cdc1305f26da0079240dfc24f3c7,4001,24.627945221194906,24.627945221194906,12.0478196493822,13.10796752637981,4.4299741818004285e-05,0.0674826409285868,0.0006564612944665916
bfo-a7d84a931ad75b81180fb1321625d2044481cdc1305f26da0079240dfc24f3c7,4002,24.627945113670968,24.627945113670968,12.047819661497625,13.107967502384668,4.429977154136598e-05,0.067482666412109,0.0006564614870259024
bfo-a7d84a931ad75b81180fb1321625d2044481cdc1305f26da0079240dfc24f3c7,4003,24.62794509546115,24.62794509546115,12.047819694637672,13.107967662672948,4.4299765530700846e-05,0.06748260232915143,0.000656462021346264
bfo-a7d84a931ad75b81180fb1321625d2044481cdc1305f26da0079240dfc24f3c7,4004,24.627945092657487,24.627945092657487,12.047819755940678,13.107967553894618,4.4299654372465086e-05,0.0674826637160377,0.000656459776971385
bfo-a7d84a931ad75b81180fb1321625d2044481cdc1305f26da0079240dfc24f3c7,4005,24.62794511033757,24.62794511033757,12.04781950738129,13.107967342563036,4.429991454614619e-05,0.06748269362075471,0.0006564633414769544
bfo-a7d84a931ad75b81180fb1321625d2044481cdc1305f26da0079240dfc24f3c7,4006,24.6279451031655,24.6279451031655,12.047819614231164,13.107967435445671,4.429981031747649e-05,0.06748268353005173,0.0006564618951134135
bfo-a7d84a931ad75b81180fb1321625d2044481cdc1305f26da0079240dfc24f3c7,4007,24.62794510998026,24.62794510998026,12.047819599140492,13.107967401404366,4.4299878594325755e-05,0.06748269606764902,0.000656462784917732
bfo-a7d84a931ad75b81180fb1321625d2044481cdc1305f26da0079240dfc24f3c7,4008,24.627945030824122,24.627945030824122,12.047819584209067,13.107967481492675,4.4299843456184e-05,0.0674826570396428,0.0006564626438784113
bfo-a7d84a931ad75b81180fb1321625d2044481cdc1305f26da0079240dfc24f3c7,4009,1000000.0,24.627944465620587,12.047819641431099,13.10796762225483,4.4299697746775075e-05,0.06748260930507811,0.000656460949020261
bfo-a7d84a931ad75b81180fb1321625d2044481cdc1305f26da0079240dfc24f3c7,4010,24.627945055498348,24.627945055498348,12.047819482948038,13.107967381607605,4.429989465580213e-05,0.06748267478988768,0.0006564632299139467
bfo-a7d84a931ad75b81180fb1321625d2044481cdc1305f26da0079240dfc24f3c7,4011,24.627945174004807,24.627945174004807,12.047819425099918,13.107967399622588,4.429997121144585e-05,0.06748264320669518,0.0006564646716009295
bfo-a7d84a931ad75b81180fb1321625d2044481cdc1305f26da0079240dfc24f3c7,4012,24.62794503553207,24.62794503553207,12.04781951533655,13.10796743447786,4.4299893302846175e-05,0.06748265988249093,0.0006564633548823738
bfo-a7d84a931ad75b81180fb1321625d2044481cdc1305f26da0079240dfc24f3c7,4013,24.627945072244273,24.627945072244273,12.04781986583771,13.107967609383167,4.4299553565759506e-05,0.06748266942626385,0.0006564582276070778
bfo-a7d84a931ad75b81180fb1321625d2044481cdc1305f26da0079240dfc24f3c7,4014,24.627945042778663,24.627945042778663,12.047819634953608,13.107967499535517,4.429978259064384e-05,0.06748266261432877,0.0006564616877052145
bfo-a7d84a931ad75b81180fb1321625d2044481cdc1305f26da0079240dfc24f3c7,4015,24.627945070248998,24.627945070248998,12.047819741209524,13.107967623442795,4.429961803734381e-05,0.06748261916037378,0.0006564596719647898
bfo-a7d84a931ad75b81180fb1321625d2044481cdc1305f26da0079240dfc24f3c7,4016,24.62794503756983,24.62794503756983,12.047819526680554,13.107967440485837,4.429988172841546e-05,0.0674826542927295,0.0006564632377417951
bfo-a7d84a931ad75b81180fb1321625d2044481cdc1305f26da0079240dfc24f3c7,4017,24.627945084528367,24.627945084528367,12.047819488104427,13.10796736882211,4.430002031431234e-05,0.06748269266513066,0.0006564649181108157
bfo-a7d84a931ad75b81180fb1321625d2044481cdc1305f26da0079240dfc24f3c7,4018,24.627945028953178,24.627945028953178,12.047819557415,13.107967432312355,4.429985734550573e-05,0.06748266718902843,0.0006564627509670832
bfo-a7d84a931ad75b81180fb1321625d2044481cdc1305f26da0079240dfc24f3c7,4019,24.627945078167322,24.627945078167322,12.04781967633043,13.107967480786513,4.4299848274185273e-05,0.06748268288678189,0.0006564624638369627
bfo-a7d84a931ad75b81180fb1321625d2044481cdc1305f26da0079240dfc24f3c7,4020,24.62794502807691,24.62794502807691,12.047819632095456,13.107967523662298,4.429977870107987e-05,0.0674826457859617,0.0006564617937712139
bfo-a7d84a931ad75b81180fb1321625d2044481cdc1305f26da0079240dfc24f3c7,4021,24.627945066931076,24.627945066931076,12.047819568041982,13.107967412870815,4.429974040224826e-05,0.06748266507652206,0.0006564610385795301
bfo-a7d84a931ad75b81180fb1321625d2044481cdc1305f26da0079240dfc24f3c7,4022,24.62794502775847,24.62794502775847,12.047819754968932,13.107967645413403,4.429967961379449e-05,0.06748261770894277,0.0006564605985627601
bfo-a7d84a931ad75b81180fb1321625d2044481cdc1305f26da0079240dfc24f3c7,4023,24.627945079903604,24.627945079903604,12.04781977325862,13.107967739680735,4.4299703656964094e-05,0.06748258081666896,0.0006564613137324109
bfo-a7d84a931ad75b81180fb1321625d2044481cdc1305f26da0079240dfc24f3c7,4024,24.62794507812547,24.62794507812547,12.047819811742201,13.107967675286874,4.429964164442916e-05,0.06748262003078752,0.0006564600133222211
bfo-a7d84a931ad75b81180fb1321625d2044481cdc1305f26da0079240dfc24f3c7,4025,24.627945194719103,24.627945194719103,12.04782012099344,13.107967804672718,4.429940797712626e-05,0.06748264170568459,0.0006564563398441259
bfo-a7d84a931ad75b81180fb1321625d2044481cdc1305f26da0079240dfc24f3c7,4026,24.62794504174839,24.62794504174839,12.047819859148971,13.10796771330476,4.4299610507641956e-05,0.06748261879910047,0.000656459563899326
bfo-a7d84a931ad75b81180fb1321625d2044481cdc1305f26da0079240dfc24f3c7,4027,24.627945120477015,24.627945120477015,12.047819936371015,13.107967633142204,4.429962165770034e-05,0.06748267669406921,0.0006564591659357469
bfo-a7d84a931ad75b81180fb1321625d2044481cdc1305f26da0079240dfc24f3c7,4028,24.627945071790496,24.627945071790496,12.047819709999542,13.1079676612843,4.429975429620047e-05,0.0674825996244329,0.0006564618811774584
bfo-a7d84a931ad75b81180fb1321625d2044481cdc1305f26da0079240dfc24f3c7,4029,24.627945012439017,24.627945012439017,12.047819746389802,13.107967641264542,4.429968352109233e-05,0.06748261661795656,0.0006564606670765128
bfo-a7d84a931ad75b81180fb1321625d2044481cdc1305f26da0079240dfc24f3c7,4030,24.627945044934663,24.627945044934663,12.047819761124027,13.107967650412167,4.429966094292296e-05,0.06748261443452681,0.000656460353739014
bfo-a7d84a931ad75b81180fb1321625d2044481cdc1305f26da0079240dfc24f3c7,4031,24.627945005793045,24.627945005793045,12.047819735223507,13.107967632896857,4.429969215015995e-05,0.06748261773928711,0.0006564607840393468
bfo-a7d84a931ad75b81180fb1321625d2044481cdc1305f26da0079240dfc24f3c7,4032,24.62794502529512,24.62794502529512,12.047819684581226,13.107967587463763,4.42997354945659e-05,0.06748262415974739,0.0006564613638867676
bfo-a7d84a931ad75b81180fb1321625d2044481cdc1305f26da0079240dfc24f3c7,4033,24.62794499502798,24.62794499502798,12.047819755184369,13.107967657917294,4.4299669376701167e-05,0.06748261108991917,0.0006564605112518954
bfo-a7d84a931ad75b81180fb1321625d2044481cdc1305f26da0079240dfc24f3c7,4034,24.627945022280123,24.627945022280123,12.047819758215171,13.107967652331542,4.4299663887745956e-05,0.06748261435482981,0.000656460398152541
bfo-a7d84a931ad75b81180fb1321625d2044481cdc1305f26da0079240dfc24f3c7,4035,24.62794499629181,24.62794499629181,12.04781976361611,13.107967662990143,4.429966447831241e-05,0.06748261070656307,0.0006564604423937027
bfo-a7d84a931ad75b81180fb1321625d2044481cdc1305f26da0079240dfc24f3c7,4036,24.627945029906797,24.627945029906797,12.047819748337325,13.107967642535165,4.4299691073962064e-05,0.06748261823898717,0.0006564607632305606
bfo-a7d84a931ad75b81180fb1321625d2044481cdc1305f26da0079240dfc24f3c7,4037,24.62794502368217,24.62794502368217,12.047819778831949,13.107967684998325,4.429965269995961e-05,0.06748260458851432,0.0006564603273700479
bfo-a7d84a931ad75b81180fb1321625d2044481cdc1305f26da0079240dfc24f3c7,4038,24.62794506013372,24.62794506013372,12.047819741216188,13.107967642214682,4.429968416757947e-05,0.06748261337247254,0.0006564607082281459
bfo-a7d84a931ad75b81180fb1321625d2044481cdc1305f26da0079240dfc24f3c7,4039,24.62794495886628,24.62794495886628,12.047819746090376,13.107967652984083,4.429967840059351e-05,0.06748261059273364,0.0006564606498101837
bfo-a7d84a931ad75b81180fb1321625d2044481cdc1305f26da0079240dfc24f3c7,4040,24.627944551014878,24.627944551014878,12.047819715111215,13.107967629072913,4.429966794575366e-05,0.06748261052647345,0.0006564604955283242
bfo-a7d84a931ad75b81180fb1321625d2044481cdc1305f26da0079240dfc24f3c7,4041,24.62794373531267,24.62794373531267,12.047819653152764,13.10796758125049,4.4299647036085644e-05,0.06748261039396054,0.0006564601869647044
bfo-a7d84a931ad75b81180fb1321625d2044481cdc1305f26da0079240dfc24f3c7,4042,24.627942122933415,24.627942122933415,12.047819527317772,13.107967484705052,4.429960666443685e-05,0.06748260978861567,0.0006564595946007738
bfo-a7d84a931ad75b81180fb1321625d2044481cdc1305f26da0079240dfc24f3c7,4043,24.627938964122535,24.627938964122535,12.047819284913968,13.107967305610012,4.42995302368141e-05,0.06748260531871035,0.000656458505530336
bfo-a7d84a931ad75b81180fb1321625d2044481cdc1305f26da0079240dfc24f3c7,4044,1000000.0,24.627932891127966,12.047818827569374,13.10796698517537,4.4299389135970446e-05,0.06748258818660603,0.0006564565812661436
bfo-a7d84a931ad75b81180fb1321625d2044481cdc1305f26da0079240dfc24f3c7,4045,24.627939142894565,24.627939142894565,12.04781917537819,13.1079672520328,4.429966477366845e-05,0.06748260130209381,0.000656460538255717
bfo-a7d84a931ad75b81180fb1321625d2044481cdc1305f26da0079240dfc24f3c7,4046,1000000.0000000014,24.627938950137036,12.047819296434033,13.107967310210384,4.4299499728390305e-05,0.06748260576445698,0.0006564580491010441
bfo-a7d84a931ad75b81180fb1321625d2044481cdc1305f26da0079240dfc24f3c7,4047,24.627939045440513,24.627939045440513,12.047819321145852,13.107967349749622,4.429954889851014e-05,0.0674825936439473,0.0006564588956412093
bfo-a7d84a931ad75b81180fb1321625d2044481cdc1305f26da0079240dfc24f3c7,4048,1000000.0000000005,24.627938963714875,12.047819268430443,13.107967295518046,4.4299536488171125e-05,0.06748260493770937,0.0006564586018732138
bfo-a7d84a931ad75b81180fb1321625d2044481cdc1305f26da0079240dfc24f3c7,4049,1000000.0,24.627938980553942,12.047819291725368,13.107967311078395,4.429954454522232e-05,0.06748260822566253,0.0006564586892830844
bfo-a7d84a931ad75b81180fb1321625d2044481cdc1305f26da0079240dfc24f3c7,4050,24.627938967064207,24.627938967064207,12.047819307260987,13.107967326826563,4.4299514162461715e-05,0.06748260178354298,0.0006564583017198525
bfo-a7d84a931ad75b81180fb1321625d2044481cdc1305f26da0079240dfc24f3c7,4051,24.62793897312283,24.62793897312283,12.04781929534371,13.107967311422533,4.4299524776108565e-05,0.06748260442957982,0.0006564584332594408
bfo-a7d84a931ad75b81180fb1321625d2044481cdc1305f26da0079240dfc24f3c7,4052,1000000.0000000001,24.62793896473616,12.047819288473484,13.107967307847208,4.429952507042422e-05,0.06748260502454402,0.0006564584318330937
bfo-a7d84a931ad75b81180fb1321625d2044481cdc1305f26da0079240dfc24f3c7,4053,24.627938969853812,24.627938969853812,12.047819276956623,13.107967292019747,4.429954817320421e-05,0.06748260929260774,0.0006564587326657643
bfo-a7d84a931ad75b81180fb1321625d2044481cdc1305f26da0079240dfc24f3c7,4054,1000000.0000000001,24.627938961816646,12.04781929091767,13.107967311975113,4.429952075369866e-05,0.06748260306652953,0.0006564583869123245
bfo-a7d84a931ad75b81180fb1321625d2044481cdc1305f26da0079240dfc24f3c7,4055,1000000.0,24.627938974498775,12.047819305234091,13.107967333708661,4.4299518385877515e-05,0.06748259796610306,0.0006564584014404638
bfo-a7d84a931ad75b81180fb1321625d2044481cdc1305f26da0079240dfc24f3c7,4056,1000000.0000000001,24.62793896285671,12.04781927747946,13.10796730229526,4.429952849857512e-05,0.06748260429468766,0.0006564584897335156
bfo-a7d84a931ad75b81180fb1321625d2044481cdc1305f26da0079240dfc24f3c7,4057,1000000.0,24.62793897856284,12.047819309685973,13.107967334288029,4.429950829390182e-05,0.06748259713914466,0.0006564582599356566
bfo-a7d84a931ad75b81180fb1321625d2044481cdc1305f26da0079240dfc24f3c7,4058,1000000.0000000005,24.627938957914562,12.047819249379428,13.107967272870562,4.4299557056143106e-05,0.06748261060406996,0.0006564588515411013
bfo-a7d84a931ad75b81180fb1321625d2044481cdc1305f26da0079240dfc24f3c7,4059,1000000.0,24.627938973125268,12.047819292778463,13.107967283780585,4.429953075647323e-05,0.06748261807937965,0.0006564583890975273
bfo-a7d84a931ad75b81180fb1321625d2044481cdc1305f26da0079240dfc24f3c7,4060,1000000.0000000001,24.62793896516405,12.047819280413217,13.107967300530404,4.429953929501075e-05,0.06748260748256876,0.0006564586187108083
bfo-a7d84a931ad75b81180fb1321625d2044481cdc1305f26da0079240dfc24f3c7,4061,1000000.0,24.627938989016364,12.047819229502178,13.10796725047675,4.4299577847553035e-05,0.06748261547918534,0.0006564591122170866
bfo-a7d84a931ad75b81180fb1321625d2044481cdc1305f26da0079240dfc24f3c7,4062,1000000.0,24.62793896383336,12.047819289906407,13.107967305543749,4.429953367625284e-05,0.06748260786256186,0.0006564585317519928
bfo-a7d84a931ad75b81180fb1321625d2044481cdc1305f26da0079240dfc24f3c7,4063,24.627938991390906,24.627938991390906,12.047819243354835,13.107967259303756,4.4299568765755085e-05,0.06748261606633477,0.000656458971925585
bfo-a7d84a931ad75b81180fb1321625d2044481cdc1305f26da0079240dfc24f3c7,4064,1000000.0000000005,24.627938961762396,12.047819273798437,13.107967293724847,4.429953814191597e-05,0.06748260857047542,0.0006564585910405608
bfo-a7d84a931ad75b81180fb1321625d2044481cdc1305f26da0079240dfc24f3c7,4065,24.627938993644655,24.627938993644655,12.047819284365346,13.107967305371897,4.429954163352092e-05,0.0674826058659444,0.0006564586690905636
bfo-a7d84a931ad75b81180fb1321625d2044481cdc1305f26da0079240dfc24f3c7,4066,1000000.0000000002,24.62793896469139,12.047819279417899,13.107967298624981,4.429953893099421e-05,0.0674826073561462,0.0006564586145463967
bfo-a7d84a931ad75b81180fb1321625d2044481cdc1305f26da0079240dfc24f3c7,4067,1000000.0,24.627938964960045,12.047819263256923,13.107967288910752,4.42995526995186e-05,0.06748260652025534,0.0006564588267085061
bfo-a7d84a931ad75b81180fb1321625d2044481cdc1305f26da0079240dfc24f3c7,4068,1000000.0,24.6279389682261,12.047819279289698,13.107967301375083,4.42995264394048e-05,0.06748260556040822,0.0006564584469067264
bfo-a7d84a931ad75b81180fb1321625d2044481cdc1305f26da0079240dfc24f3c7,4069,24.627938979473697,24.627938979473697,12.047819332236394,13.107967355824448,4.4299498713205055e-05,0.06748259511021355,0.0006564581376998687
bfo-a7d84a931ad75b81180fb1321625d2044481cdc1305f26da0079240dfc24f3c7,4070,1000000.0000000002,24.62793896662384,12.04781927193901,13.107967294074983,4.42995424176513e-05,0.06748260714292184,0.0006564586682880971
bfo-a7d84a931ad75b81180fb1321625d2044481cdc1305f26da0079240dfc24f3c7,4071,1000000.0,24.627938983222478,12.047819302305884,13.107967316845595,4.429951824765218e-05,0.06748260414787498,0.0006564583392570094
bfo-a7d84a931ad75b81180fb1321625d2044481cdc1305f26da0079240dfc24f3c7,4072,1000000.0000000012,24.627938957844457,12.047819281417565,13.107967306501756,4.429953719621333e-05,0.0674826039409885,0.0006564586220613529
bfo-a7d84a931ad75b81180fb1321625d2044481cdc1305f26da0079240dfc24f3c7,4073,1000000.0,24.627938998106025,12.04781926720804,13.107967292937492,4.429955059028549e-05,0.06748260562307515,0.0006564588041801636
bfo-a7d84a931ad75b81180fb1321625d2044481cdc1305f26da0079240dfc24f3c7,4074,1000000.0,24.627938964862025,12.047819278741553,13.10796729870044,4.429953564978084e-05,0.06748260626409432,0.0006564585765465825
bfo-a7d84a931ad75b81180fb1321625d2044481cdc1305f26da0079240dfc24f3c7,4075,1000000.0,24.627938983035996,12.047819296468054,13.107967318710926,4.4299515339763766e-05,0.06748260316651235,0.0006564583057125902
bfo-a7d84a931ad75b81180fb1321625d2044481cdc1305f26da0079240dfc24f3c7,4076,1000000.0000000002,24.627938969311717,12.04781929471831,13.107967313237191,4.4299514183288785e-05,0.06748260358751766,0.0006564582844797487
bfo-a7d84a931ad75b81180fb1321625d2044481cdc1305f26da0079240dfc24f3c7,4077,24.627938998411352,24.627938998411352,12.047819276797826,13.107967290363959,4.429956164513473e-05,0.06748261404629907,0.0006564588860582859
bfo-a7d84a931ad75b81180fb1321625d2044481cdc1305f26da0079240dfc24f3c7,4078,1000000.0000000001,24.62793896801725,12.047819272954712,13.107967303267618,4.429953296162823e-05,0.06748260250892282,0.0006564585732414627
bfo-a7d84a931ad75b81180fb1321625d2044481cdc1305f26da0079240dfc24f3c7,4079,1000000.0,24.62793900028722,12.047819310538578,13.107967330451245,4.429951077996511e-05,0.06748260038665435,0.0006564582651845463
bfo-a7d84a931ad75b81180fb1321625d2044481cdc1305f26da0079240dfc24f3c7,4080,1000000.0,24.627938964995085,12.047819293564075,13.107967310480046,4.4299524085434824e-05,0.06748260514702432,0.0006564584160454308
bfo-a7d84a931ad75b81180fb1321625d2044481cdc1305f26da0079240dfc24f3c7,4081,1000000.0,24.627938981973656,12.047819313576726,13.107967341479672,4.429950125077918e-05,0.06748259672004243,0.0006564581596431389
bfo-a7d84a931ad75b81180fb1321625d2044481cdc1305f26da0079240dfc24f3c7,4082,1000000.0000000001,24.62793896327225,12.047819273752035,13.10796729954206,4.42995407779997e-05,0.06748260557465353,0.0006564586592465334
bfo-a7d84a931ad75b81180fb1321625d2044481cdc1305f26da0079240dfc24f3c7,4083,1000000.0,24.627938996390363,12.047819265583437,13.1079673049353,4.4299545153165276e-05,0.06748260082101384,0.0006564587703230691
bfo-a7d84a931ad75b81180fb1321625d2044481cdc1305f26da0079240dfc24f3c7,4084,1000000.0000000008,24.62793895924003,12.04781928878755,13.107967302657936,4.4299530753780075e-05,0.06748260862145965,0.0006564584810625223
bfo-a7d84a931ad75b81180fb1321625d2044481cdc1305f26da0079240dfc24f3c7,4085,1000000.0,24.62793900211448,12.047819307561003,13.107967320931195,4.4299514491760465e-05,0.06748260493402138,0.0006564582759523388
bfo-a7d84a931ad75b81180fb1321625d2044481cdc1305f26da0079240dfc24f3c7,4086,1000000.0000000008,24.62793895953483,12.047819279567703,13.107967302568836,4.429952745990502e-05,0.06748260417768763,0.0006564584754799989
bfo-a7d84a931ad75b81180fb1321625d2044481cdc1305f26da0079240dfc24f3c7,4087,1000000.0,24.62793899689236,12.047819330956568,13.107967336866587,4.429950495082861e-05,0.06748260421346217,0.0006564581415782301
bfo-a7d84a931ad75b81180fb1321625d2044481cdc1305f26da0079240dfc24f3c7,4088,1000000.0000000001,24.627938963777737,12.047819298928436,13.10796732287303,4.429951583393021e-05,0.06748260066233841,0.0006564583373956047
bfo-a7d84a931ad75b81180fb1321625d2044481cdc1305f26da0079240dfc24f3c7,4089,1000000.0,24.627938994245795,12.04781929490689,13.107967297973751,4.4299526920209366e-05,0.06748261158745404,0.000656458395401598
bfo-a7d84a931ad75b81180fb1321625d2044481cdc1305f26da0079240dfc24f3c7,4090,1000000.0000000001,24.627938965848447,12.047819299504553,13.10796731982606,4.42995123851357e-05,0.0674826028833948,0.0006564582646831532
bfo-a7d84a931ad75b81180fb1321625d2044481cdc1305f26da0079240dfc24f3c7,4091,24.627938995619076,24.627938995619076,12.047819296266066,13.107967314657511,4.429953738198423e-05,0.06748260546952313,0.0006564586099449144
bfo-a7d84a931ad75b81180fb1321625d2044481cdc1305f26da0079240dfc24f3c7,4092,1000000.0,24.627938963922574,12.047819303228803,13.107967309992727,4.42995143608431e-05,0.06748260795557867,0.0006564582446191743
bfo-a7d84a931ad75b81180fb1321625d2044481cdc1305f26da0079240dfc24f3c7,4093,24.62793900333649,24.62793900333649,12.047819260159196,13.107967281694267,4.429954825953741e-05,0.06748261043190991,0.0006564587228621771
bfo-a7d84a931ad75b81180fb1321625d2044481cdc1305f26da0079240dfc24f3c7,4094,1000000.0,24.627938964463254,12.04781930047021,13.107967314156166,4.429952100540133e-05,0.06748260624057711,0.0006564583597656627
bfo-a7d84a931ad75b81180fb1321625d2044481cdc1305f26da0079240dfc24f3c7,4095,24.627938988835478,24.627938988835478,12.047819286087748,13.107967308080433,4.429952146529564e-05,0.06748260405443873,0.0006564583878470202
bfo-a7d84a931ad75b81180fb1321625d2044481cdc1305f26da0079240dfc24f3c7,4096,1000000.0000000003,24.627938970223425,12.047819283950664,13.107967304408074,4.429953630170188e-05,0.06748260618807025,0.0006564585869467095
bfo-a7d84a931ad75b81180fb1321625d2044481cdc1305f26da0079240dfc24f3c7,4097,1000000.0,24.627939003149336,12.047819253017718,13.107967283506179,4.429954903287925e-05,0.06748260554508362,0.000656458781860219
bfo-a7d84a931ad75b81180fb1321625d2044481cdc1305f26da0079240dfc24f3c7,4098,1000000.0000000001,24.62793896589786,12.047819296518293,13.107967315325835,4.429951929705005e-05,0.06748260348055996,0.0006564583612991699
bfo-a7d84a931ad75b81180fb1321625d2044481cdc1305f26da0079240dfc24f3c7,4099,24.627938986864844,24.627938986864844,12.047819310742584,13.107967312771812,4.429950238508676e-05,0.0674826082914354,0.0006564580638876856
bfo-a7d84a931ad75b81180fb1321625d2044481cdc1305f26da0079240dfc24f3c7,4100,1000000.0000000014,24.62793895614303,12.04781929409887,13.107967312502062,4.4299525390241245e-05,0.06748260507933374,0.0006564584360393607
bfo-a7d84a931ad75b81180fb1321625d2044481cdc1305f26da0079240dfc24f3c7,4101,1000000.0,24.627938993933245,12.047819321721503,13.107967334248183,4.4299505766263035e-05,0.06748260117978289,0.0006564581831729203
bfo-a7d84a931ad75b81180fb1321625d2044481cdc1305f26da0079240dfc24f3c7,4102,1000000.0000000008,24.627938959552605,12.047819281409726,13.107967306562207,4.429954152318183e-05,0.0674826051772389,0.0006564586741550925
bfo-a7d84a931ad75b81180fb1321625d2044481cdc1305f26da0079240dfc24f3c7,4103,1000000.0,24.627938995680182,12.04781927875915,13.107967311768657,4.42995369388101e-05,0.06748260129032607,0.0006564586440321564
bfo-a7d84a931ad75b81180fb1321625d2044481cdc1305f26da0079240dfc24f3c7,4104,1000000.0,24.627938965027965,12.047819290419435,13.107967316268965,4.429951978660187e-05,0.06748260160773095,0.0006564583867721961
bfo-a7d84a931ad75b81180fb1321625d2044481cdc1305f26da0079240dfc24f3c7,4105,1000000.0,24.627938982344503,12.047819283774272,13.107967314208047,4.4299520374564854e-05,0.0674825988515184,0.0006564584222969368
bfo-a7d84a931ad75b81180fb1321625d2044481cdc1305f26da0079240dfc24f3c7,4106,1000000.0,24.62793896514302,12.047819293967704,13.107967305786493,4.429952748659943e-05,0.06748260841446038,0.0006564584346610228
bfo-a7d84a931ad75b81180fb1321625d2044481cdc1305f26da0079240dfc24f3c7,4107,1000000.0,24.62793898143864,12.047819268197118,13.107967290411775,4.4299556123528776e-05,0.0674826089027148,0.0006564588542715132
bfo-a7d84a931ad75b81180fb1321625d2044481cdc1305f26da0079240dfc24f3c7,4108,1000000.0000000001,24.627938957948924,12.047819292347807,13.107967307505138,4.4299513250027945e-05,0.06748260523147842,0.0006564582546579526
bfo-a7d84a931ad75b81180fb1321625d2044481cdc1305f26da0079240dfc24f3c7,4109,1000000.0,24.627938947241198,12.047819329614253,13.107967338158137,4.429949897850203e-05,0.06748260356852351,0.0006564580593503512
bfo-a7d84a931ad75b81180fb1321625d2044481cdc1305f26da0079240dfc24f3c7,4110,1000000.0000000003,24.627938957496788,12.047819293534356,13.107967301470733,4.4299522258635336e-05,0.0674826100026517,0.0006564583417401107
bfo-a7d84a931ad75b81180fb1321625d2044481cdc1305f26da0079240dfc24f3c7,4111,24.627938944869847,24.627938944869847,12.047819289327343,13.107967302584411,4.429953735349175e-05,0.06748260970774163,0.0006564585682940726
bfo-a7d84a931ad75b81180fb1321625d2044481cdc1305f26da0079240dfc24f3c7,4112,24.627938962045956,24.627938962045956,12.0478192921874,13.107967301282892,4.429955124440845e-05,0.06748261240691046,0.0006564587478814323
bfo-a7d84a931ad75b81180fb1321625d2044481cdc1305f26da0079240dfc24f3c7,4113,1000000.0000000016,24.627938942410246,12.047819282117826,13.107967306408678,4.4299543710499296e-05,0.0674826062732731,0.0006564586959061242
bfo-a7d84a931ad75b81180fb1321625d2044481cdc1305f26da0079240dfc24f3c7,4114,24.627938979180747,24.627938979180747,12.047819254524192,13.10796727862145,4.429956392059255e-05,0.06748261222478943,0.0006564589374967809
bfo-a7d84a931ad75b81180fb1321625d2044481cdc1305f26da0079240dfc24f3c7,4115,1000000.0000000002,24.62793894342575,12.047819285544282,13.107967293861343,4.429954182865117e-05,0.06748261300773586,0.0006564586025080696
bfo-a7d84a931ad75b81180fb1321625d2044481cdc1305f26da0079240dfc24f3c7,4116,24.627938953599323,24.627938953599323,12.0478193250232,13.107967333811315,4.4299492405878506e-05,0.06748260279110971,0.0006564579695155832
bfo-a7d84a931ad75b81180fb1321625d2044481cdc1305f26da0079240dfc24f3c7,4117,1000000.0000000007,24.627938941687628,12.047819295317565,13.107967304781749,4.429953033517259e-05,0.06748260966342284,0.0006564584647233045
bfo-a7d84a931ad75b81180fb1321625d2044481cdc1305f26da0079240dfc24f3c7,4118,24.627938953568567,24.627938953568567,12.047819314130296,13.107967308625174,4.42995316804546e-05,0.06748261425959964,0.00065645843994778
bfo-a7d84a931ad75b81180fb1321625d2044481cdc1305f26da0079240dfc24f3c7,4119,24.627938945976588,24.627938945976588,12.047819285052505,13.107967294856362,4.4299545239249106e-05,0.06748261221954016,0.0006564586607158903
bfo-a7d84a931ad75b81180fb1321625d2044481cdc1305f26da0079240dfc24f3c7,4120,1000000.0,24.62793895064197,12.04781926674156,13.10796729265685,4.429956151829629e-05,0.06748260888349195,0.0006564589344015884
bfo-a7d84a931ad75b81180fb1321625d2044481cdc1305f26da0079240dfc24f3c7,4121,1000000.0000000007,24.627938940562867,12.047819292475294,13.107967311310173,4.429952943218715e-05,0.0674826061203528,0.0006564584858086324
bfo-a7d84a931ad75b81180fb1321625d2044481cdc1305f26da0079240dfc24f3c7,4122,24.627938944696382,24.627938944696382,12.04781932096414,13.10796733344243,4.4299525776687816e-05,0.06748260570782297,0.0006564584356521427
bfo-a7d84a931ad75b81180fb1321625d2044481cdc1305f26da0079240dfc24f3c7,4123,24.62793894616536,24.62793894616536,12.047819282125122,13.10796728830049,4.429956232426058e-05,0.06748261632906045,0.0006564588739157048
bfo-a7d84a931ad75b81180fb1321625d2044481cdc1305f26da0079240dfc24f3c7,4124,1000000.0000000005,24.627938938083272,12.04781933036764,13.10796734393425,4.4299516654405866e-05,0.06748260364165068,0.0006564583205717322
bfo-a7d84a931ad75b81180fb1321625d2044481cdc1305f26da0079240dfc24f3c7,4125,24.62793897672898,24.62793897672898,12.04781930543362,13.107967316381524,4.429954942187094e-05,0.06748260955363691,0.0006564587486300529
bfo-a7d84a931ad75b81180fb1321625d2044481cdc1305f26da0079240dfc24f3c7,4126,1000000.000000002,24.627938931521687,12.04781933780981,13.10796734332408,4.429951053810501e-05,0.06748260534223725,0.000656458213393519
bfo-a7d84a931ad75b81180fb1321625d2044481cdc1305f26da0079240dfc24f3c7,4127,1000000.0,24.627938931336843,12.047819314672072,13.107967310035892,4.429953302899236e-05,0.06748261515518789,0.0006564584512191467
bfo-a7d84a931ad75b81180fb1321625d2044481cdc1305f26da0079240dfc24f3c7,4128,24.62793895463286,24.62793895463286,12.047819331458406,13.107967339776833,4.4299516232684506e-05,0.0674826058619261,0.0006564582927239689
bfo-a7d84a931ad75b81180fb1321625d2044481cdc1305f26da0079240dfc24f3c7,4129,24.627939018278333,24.627939018278333,12.047819324873776,13.107967347373542,4.429952502150035e-05,0.06748260112567177,0.0006564584690356268
bfo-a7d84a931ad75b81180fb1321625d2044481cdc1305f26da0079240dfc24f3c7,4130,1000000.0000000002,24.627938944816297,12.04781931534774,13.107967331986051,4.429953160240042e-05,0.06748260554890574,0.0006564585235271604
bfo-a7d84a931ad75b81180fb1321625d2044481cdc1305f26da0079240dfc24f3c7,4131,24.627938956875724,24.627938956875724,12.047819293921647,13.107967308290085,4.429956374688179e-05,0.06748261153789512,0.0006564589416046117
bfo-a7d84a931ad75b81180fb1321625d2044481cdc1305f26da0079240dfc24f3c7,4132,1000000.0000000002,24.627938943319748,12.047819303915416,13.107967322619404,4.429954072318169e-05,0.06748260568653286,0.0006564586573458635
bfo-a7d84a931ad75b81180fb1321625d2044481cdc1305f26da0079240dfc24f3c7,4133,24.627938950417885,24.627938950417885,12.047819294359476,13.10796729483669,4.4299550934625006e-05,0.06748261766942788,0.0006564586920980443
bfo-a7d84a931ad75b81180fb1321625d2044481cdc1305f26da0079240dfc24f3c7,4134,1000000.0000000003,24.627938940965464,12.047819323377368,13.107967327021283,4.429952345658926e-05,0.06748260932541805,0.0006564583660801535
bfo-a7d84a931ad75b81180fb1321625d2044481cdc1305f26da0079240dfc24f3c7,4135,24.62793893584288,24.62793893584288,12.047819339250847,13.107967357899872,4.429949582745456e-05,0.0674825981946867,0.0006564580649318051
bfo-a7d84a931ad75b81180fb1321625d2044481cdc1305f26da0079240dfc24f3c7,4136,24.627938961139044,24.627938961139044,12.047819324442695,13.107967331896152,4.42995103004614e-05,0.06748260706284132,0.0006564581931342502
bfo-a7d84a931ad75b81180fb1321625d2044481cdc1305f26da0079240dfc24f3c7,4137,24.627938936112695,24.627938936112695,12.04781935044227,13.107967369635766,4.429949310159243e-05,0.06748259588115302,0.0006564580470438703
bfo-a7d84a931ad75b81180fb1321625d2044481cdc1305f26da0079240dfc24f3c7,4138,24.62793894700871,24.62793894700871,12.047819323186205,13.10796735777857,4.4299500586689034e-05,0.06748259376024475,0.0006564581785945918
bfo-a7d84a931ad75b81180fb1321625d2044481cdc1305f26da0079240dfc24f3c7,4139,24.627938934929347,24.627938934929347,12.047819357092344,13.107967374414443,4.429947429234609e-05,0.06748259473180505,0.0006564577794971392
bfo-a7d84a931ad75b81180fb1321625d2044481cdc1305f26da0079240dfc24f3c7,4140,24.627938946196345,24.627938946196345,12.047819371539385,13.107967392993107,4.4299468095374837e-05,0.06748259155220172,0.000656457718597049
bfo-a7d84a931ad75b81180fb1321625d2044481cdc1305f26da0079240dfc24f3c7,4141,24.62793893571115,24.62793893571115,12.047819346225687,13.107967370251416,4.4299485457611776e-05,0.06748259352112448,0.0006564579567284183
bfo-a7d84a931ad75b81180fb1321625d2044481cdc1305f26da0079240dfc24f3c7,4142,24.627938938063018,24.627938938063018,12.047819358804789,13.107967370712977,4.429947118365207e-05,0.06748259599774747,0.0006564577211156897
bfo-a7d84a931ad75b81180fb1321625d2044481cdc1305f26da0079240dfc24f3c7,4143,24.62793893607447,24.62793893607447,12.047819351356313,13.107967371825143,4.429947721322567e-05,0.06748259414940685,0.000656457828446049
bfo-a7d84a931ad75b81180fb1321625d2044481cdc1305f26da0079240dfc24f3c7,4144,24.62793897654353,24.62793897654353,12.047819371957381,13.107967384851737,4.429947556259455e-05,0.06748259479453211,0.0006564577977102917
bfo-a7d84a931ad75b81180fb1321625d2044481cdc1305f26da0079240dfc24f3c7,4145,24.62793893849164,24.62793893849164,12.047819366290318,13.107967378013422,4.4299464971190135e-05,0.0674825957373844,0.0006564576315882417
bfo-a7d84a931ad75b81180fb1321625d2044481cdc1305f26da0079240dfc24f3c7,4146,24.62793895936102,24.62793895936102,12.047819354067816,13.107967378085888,4.429947336898583e-05,0.06748259240709376,0.0006564577884285471
bfo-a7d84a931ad75b81180fb1321625d2044481cdc1305f26da0079240dfc24f3c7,4147,24.627938939026457,24.627938939026457,12.04781935964553,13.10796738005991,4.429946696451383e-05,0.0674825922425726,0.0006564576951234354
bfo-a7d84a931ad75b81180fb1321625d2044481cdc1305f26da0079240dfc24f3c7,4148,24.62793893573849,24.62793893573849,12.047819364902074,13.1079673717907,4.4299471856129084e-05,0.0674825987240015,0.0006564577045604071
bfo-a7d84a931ad75b81180fb1321625d2044481cdc1305f26da0079240dfc24f3c7,4149,24.62793894635552,24.62793894635552,12.047819353454141,13.107967367271776,4.4299477329856905e-05,0.06748259703950997,0.000656457802059993
bfo-a7d84a931ad75b81180fb1321625d2044481cdc1305f26da0079240dfc24f3c7,4150,24.627938985583185,24.627938985583185,12.047819405310914,13.107967403048395,4.429943470102911e-05,0.06748259404085076,0.000656457199529294
bfo-a7d84a931ad75b81180fb1321625d2044481cdc1305f26da0079240dfc24f3c7,4151,24.6279389026969,24.6279389026969,12.04781936389263,13.107967381976717,4.4299468531330396e-05,0.06748259259347554,0.0006564577149280039
bfo-a7d84a931ad75b81180fb1321625d2044481cdc1305f26da0079240dfc24f3c7,4152,24.627938907525422,24.627938907525422,12.047819333778735,13.107967355428197,4.429949868282514e-05,0.06748259685097982,0.0006564581203158297
bfo-a7d84a931ad75b81180fb1321625d2044481cdc1305f26da0079240dfc24f3c7,4153,24.627938850847272,24.627938850847272,12.047819366695753,13.107967373291583,4.4299463853298406e-05,0.06748259712990821,0.0006564576014764098
bfo-a7d84a931ad75b81180fb1321625d2044481cdc1305f26da0079240dfc24f3c7,4154,24.62793886283706,24.62793886283706,12.04781934742723,13.10796735572917,4.429948773647315e-05,0.06748260225204938,0.0006564579055652498
bfo-a7d84a931ad75b81180fb1321625d2044481cdc1305f26da0079240dfc24f3c7,4155,24.627938892683463,24.627938892683463,12.047819364784527,13.107967372461982,4.4299471203703264e-05,0.06748259729473438,0.000656457708795982
bfo-a7d84a931ad75b81180fb1321625d2044481cdc1305f26da0079240dfc24f3c7,4156,24.627939193334583,24.627939193334583,12.047819407232726,13.107967392646373,4.4299463367379396e-05,0.06748260177517476,0.0006564575490875059
bfo-a7d84a931ad75b81180fb1321625d2044481cdc1305f26da0079240dfc24f3c7,4157,24.627938857639446,24.627938857639446,12.047819379191825,13.10796738678912,4.429945746070454e-05,0.06748259400792174,0.0006564575371169676
bfo-a7d84a931ad75b81180fb1321625d2044481cdc1305f26da0079240dfc24f3c7,4158,24.627938844453492,24.627938844453492,12.047819397389897,13.107967404872834,4.429943670735477e-05,0.06748259092474687,0.0006564572595731429
bfo-a7d84a931ad75b81180fb1321625d2044481cdc1305f26da0079240dfc24f3c7,4159,24.62793884015018,24.62793884015018,12.047819394954784,13.10796739870994,4.429943252630849e-05,0.06748259299824731,0.0006564571774451384
bfo-a7d84a931ad75b81180fb1321625d2044481cdc1305f26da0079240dfc24f3c7,4160,24.627938855702514,24.627938855702514,12.047819395967373,13.1079673988102,4.4299434928773556e-05,0.06748259309217665,0.0006564572121326685
bfo-a7d84a931ad75b81180fb1321625d2044481cdc1305f26da0079240dfc24f3c7,4161,24.62793884058083,24.62793884058083,12.047819398543927,13.107967400698428,4.429942521625358e-05,0.06748259293476716,0.0006564570697376158
bfo-a7d84a931ad75b81180fb1321625d2044481cdc1305f26da0079240dfc24f3c7,4162,24.6279388620571,24.6279388620571,12.047819413713329,13.107967415327725,4.429942149549767e-05,0.06748259038718639,0.0006564570393834385
bfo-a7d84a931ad75b81180fb1321625d2044481cdc1305f26da0079240dfc24f3c7,4163,24.627938841787262,24.627938841787262,12.047819386138388,13.107967393616635,4.4299436543053825e-05,0.06748259263438064,0.0006564572405074491
bfo-a7d84a931ad75b81180fb1321625d2044481cdc1305f26da0079240dfc24f3c7,4164,24.627938830923846,24.627938830923846,12.047819400780675,13.10796740766843,4.429940679579429e-05,0.06748258698357949,0.0006564568546634652
bfo-a7d84a931ad75b81180fb1321625d2044481cdc1305f26da0079240dfc24f3c7,4165,24.627938852450352,24.627938852450352,12.047819401733825,13.10796741174974,4.4299397662612004e-05,0.0674825857960051,0.0006564567308746263
bfo-a7d84a931ad75b81180fb1321625d2044481cdc1305f26da0079240dfc24f3c7,4166,24.62793882592905,24.62793882592905,12.047819391495999,13.107967393933718,4.429941191540234e-05,0.0674825907953057,0.0006564568934493834
bfo-a7d84a931ad75b81180fb1321625d2044481cdc1305f26da0079240dfc24f3c7,4167,24.627938828865297,24.627938828865297,12.047819385540635,13.107967383374326,4.429942786403737e-05,0.06748259486626478,0.0006564570901849404
bfo-a7d84a931ad75b81180fb1321625d2044481cdc1305f26da0079240dfc24f3c7,4168,24.627938837710058,24.627938837710058,12.047819369554519,13.107967377772098,4.429942726534238e-05,0.06748259174428237,0.0006564571116831143
bfo-a7d84a931ad75b81180fb1321625d2044481cdc1305f26da0079240dfc24f3c7,4169,24.627938832455154,24.627938832455154,12.047819362860798,13.107967380006581,4.429944630966e-05,0.06748259067528246,0.0006564574042929566
bfo-a7d84a931ad75b81180fb1321625d2044481cdc1305f26da0079240dfc24f3c7,4170,24.62793881093821,24.62793881093821,12.047819371187238,13.107967379972505,4.429942208834007e-05,0.06748259133221789,0.0006564570389754789
bfo-a7d84a931ad75b81180fb1321625d2044481cdc1305f26da0079240dfc24f3c7,4171,24.627938805444835,24.627938805444835,12.047819348351712,13.107967357492477,4.429942872571822e-05,0.06748259475812031,0.0006564571040058827
bfo-a7d84a931ad75b81180fb1321625d2044481cdc1305f26da0079240dfc24f3c7,4172,24.627938791280837,24.627938791280837,12.047819358852708,13.107967366298343,4.4299426542049975e-05,0.06748259322820736,0.000656457086529583
bfo-a7d84a931ad75b81180fb1321625d2044481cdc1305f26da0079240dfc24f3c7,4173,24.627938782283422,24.627938782283422,12.04781938971673,13.10796738469813,4.4299405328088974e-05,0.06748259220324505,0.0006564567821382347
bfo-a7d84a931ad75b81180fb1321625d2044481cdc1305f26da0079240dfc24f3c7,4174,24.627938761398127,24.627938761398127,12.047819435709663,13.107967414597235,4.4299365481156573e-05,0.06748259005641015,0.0006564562125449806
bfo-a7d84a931ad75b81180fb1321625d2044481cdc1305f26da0079240dfc24f3c7,4175,1000000.0,24.627938758776978,12.047819460599438,13.10796741883927,4.429934412962985e-05,0.06748259450194044,0.0006564558528993138
bfo-a7d84a931ad75b81180fb1321625d2044481cdc1305f26da0079240dfc24f3c7,4176,1000000.0,24.6279387692629,12.047819448465695,13.107967431711856,4.429935260844353e-05,0.06748258570947836,0.0006564560640749337
bfo-a7d84a931ad75b81180fb1321625d2044481cdc1305f26da0079240dfc24f3c7,4177,1000000.0,24.627938758771975,12.047819414712478,13.107967401782808,4.4299385457483224e-05,0.06748258902877344,0.000656456518563547
bfo-a7d84a931ad75b81180fb1321625d2044481cdc1305f26da0079240dfc24f3c7,4178,1000000.0000000001,24.627938774735036,12.047819431905424,13.107967417777132,4.429937003103646e-05,0.06748258784514342,0.0006564563014787317
bfo-a7d84a931ad75b81180fb1321625d2044481cdc1305f26da0079240dfc24f3c7,4179,24.627938749140732,24.627938749140732,12.04781947064347,13.10796744122199,4.429933763535027e-05,0.06748258710155579,0.0006564558286522623
bfo-a7d84a931ad75b81180fb1321625d2044481cdc1305f26da0079240dfc24f3c7,4180,24.627938737733515,24.627938737733515,12.047819486196351,13.10796745562289,4.429932879781673e-05,0.06748258562509332,0.0006564557120547568
bfo-a7d84a931ad75b81180fb1321625d2044481cdc1305f26da0079240dfc24f3c7,4181,24.62793871675807,24.62793871675807,12.047819485557673,13.107967432731154,4.429933155795265e-05,0.06748259615398307,0.0006564556505335035
bfo-a7d84a931ad75b81180fb1321625d2044481cdc1305f26da0079240dfc24f3c7,4182,24.62793871827469,24.62793871827469,12.047819521876209,13.107967469272538,4.4299305935010416e-05,0.06748258976083171,0.0006564553330275811
bfo-a7d84a931ad75b81180fb1321625d2044481cdc1305f26da0079240dfc24f3c7,4183,24.627938716807986,24.627938716807986,12.04781949797063,13.1079674420095,4.4299318768315316e-05,0.06748259554010023,0.0006564554669802423
bfo-a7d84a931ad75b81180fb1321625d2044481cdc1305f26da0079240dfc24f3c7,4184,24.627938722441627,24.627938722441627,12.047819459341236,13.107967404794936,4.4299375767382526e-05,0.06748260450634551,0.0006564562244069429
bfo-a7d84a931ad75b81180fb1321625d2044481cdc1305f26da0079240dfc24f3c7,4185,24.627938723510212,24.627938723510212,12.047819476663035,13.10796742532332,4.429934538894679e-05,0.06748259774890343,0.000656455839974931
bfo-a7d84a931ad75b81180fb1321625d2044481cdc1305f26da0079240dfc24f3c7,4186,24.62793871938036,24.62793871938036,12.047819461647636,13.10796742397686,4.429934631371306e-05,0.06748259397633398,0.0006564558903774322
bfo-a7d84a931ad75b81180fb1321625d2044481cdc1305f26da0079240dfc24f3c7,4187,24.627938708105788,24.627938708105788,12.047819486124611,13.107967427368262,4.429933638017412e-05,0.06748259990186778,0.0006564556855336572
bfo-a7d84a931ad75b81180fb1321625d2044481cdc1305f26da0079240dfc24f3c7,4188,24.62793870711435,24.62793870711435,12.04781947945183,13.107967403694467,4.429934701879198e-05,0.06748260985343649,0.000656455746376799
bfo-a7d84a931ad75b81180fb1321625d2044481cdc1305f26da0079240dfc24f3c7,4189,24.627938700790317,24.627938700790317,12.047819493826415,13.107967397548522,4.4299334535895476e-05,0.06748261557081915,0.000656455505779942
bfo-a7d84a931ad75b81180fb1321625d2044481cdc1305f26da0079240dfc24f3c7,4190,24.627938688443862,24.627938688443862,12.047819508405194,13.10796740522299,4.429931326722234e-05,0.06748261506683713,0.0006564551955099363
bfo-a7d84a931ad75b81180fb1321625d2044481cdc1305f26da0079240dfc24f3c7,4191,24.627938668943365,24.627938668943365,12.047819505176314,13.10796740526065,4.4299315905080426e-05,0.06748261458123334,0.0006564552393232241
bfo-a7d84a931ad75b81180fb1321625d2044481cdc1305f26da0079240dfc24f3c7,4192,24.627938674792592,24.627938674792592,12.04781950596921,13.107967407453893,4.429932941417514e-05,0.0674826166233248,0.0006564554196445229
bfo-a7d84a931ad75b81180fb1321625d2044481cdc1305f26da0079240dfc24f3c7,4193,1000000.0000000002,24.627938678665462,12.047819483606558,13.107967389962036,4.429933074196281e-05,0.0674826152465949,0.0006564554527130321
bfo-a7d84a931ad75b81180fb1321625d2044481cdc1305f26da0079240dfc24f3c7,4194,24.627938650415885,24.627938650415885,12.047819502156546,13.107967401936957,4.429932701757911e-05,0.06748261670261468,0.0006564553833589367
bfo-a7d84a931ad75b81180fb1321625d2044481cdc1305f26da0079240dfc24f3c7,4195,24.627938632700246,24.627938632700246,12.047819537823889,13.107967430192767,4.429929944491738e-05,0.06748261447272691,0.0006564549964616581
bfo-a7d84a931ad75b81180fb1321625d2044481cdc1305f26da0079240dfc24f3c7,4196,24.627938628509792,24.627938628509792,12.047819547868025,13.107967440646437,4.429929880240275e-05,0.06748261403132341,0.0006564549912343399
bfo-a7d84a931ad75b81180fb1321625d2044481cdc1305f26da0079240dfc24f3c7,4197,24.627938631989274,24.627938631989274,12.047819512608308,13.107967419476402,4.4299330595272156e-05,0.0674826153833367,0.0006564554492090842
bfo-a7d84a931ad75b81180fb1321625d2044481cdc1305f26da0079240dfc24f3c7,4198,24.627938612011572,24.627938612011572,12.047819539626904,13.107967435169492,4.42993032149629e-05,0.0674826139650133,0.0006564550572674925
bfo-a7d84a931ad75b81180fb1321625d2044481cdc1305f26da0079240dfc24f3c7,4199,24.627938608117717,24.627938608117717,12.047819563609021,13.107967451047887,4.429928315256311e-05,0.06748261363377556,0.0006564547631923815
bfo-a7d84a931ad75b81180fb1321625d2044481cdc1305f26da0079240dfc24f3c7,4200,24.627938601045187,24.627938601045187,12.047819543232984,13.107967417498905,4.429930717708587e-05,0.06748262501203316,0.0006564550085179207
bfo-a7d84a931ad75b81180fb1321625d2044481cdc1305f26da0079240dfc24f3c7,4201,24.627938589497987,24.627938589497987,12.047819589720849,13.107967454590629,4.4299285972366566e-05,0.06748262140286633,0.0006564547294021532
bfo-a7d84a931ad75b81180fb1321625d2044481cdc1305f26da0079240dfc24f3c7,4202,24.627938611227705,24.627938611227705,12.047819638407434,13.107967486752173,4.42992599775855e-05,0.06748262054293115,0.0006564543525603479
bfo-a7d84a931ad75b81180fb1321625d2044481cdc1305f26da0079240dfc24f3c7,4203,24.627938576287956,24.627938576287956,12.04781957144304,13.107967440009151,4.4299297923138725e-05,0.0674826236253351,0.000656454884876577
bfo-a7d84a931ad75b81180fb1321625d2044481cdc1305f26da0079240dfc24f3c7,4204,24.627938596742844,24.627938596742844,12.047819550651315,13.107967432660795,4.429932221386639e-05,0.0674826212353557,0.0006564552680810353
bfo-a7d84a931ad75b81180fb1321625d2044481cdc1305f26da0079240dfc24f3c7,4205,24.627938572120957,24.627938572120957,12.047819568475708,13.107967451208191,4.42992967531207e-05,0.06748261741387054,0.0006564549279621646
bfo-a7d84a931ad75b81180fb1321625d2044481cdc1305f26da0079240dfc24f3c7,4206,24.627938591565496,24.627938591565496,12.047819562968256,13.107967447267114,4.429930170124534e-05,0.06748261752374321,0.0006564550002177819
bfo-a7d84a931ad75b81180fb1321625d2044481cdc1305f26da0079240dfc24f3c7,4207,24.627938559896286,24.627938559896286,12.047819596887695,13.10796747881386,4.42992724023327e-05,0.06748261255103245,0.0006564546144213402
bfo-a7d84a931ad75b81180fb1321625d2044481cdc1305f26da0079240dfc24f3c7,4208,24.627938569396033,24.627938569396033,12.047819561623562,13.107967450957961,4.4299317865927567e-05,0.06748261696868146,0.000656455245155753
bfo-a7d84a931ad75b81180fb1321625d2044481cdc1305f26da0079240dfc24f3c7,4209,24.627938550285013,24.627938550285013,12.04781959255429,13.107967473072172,4.429927822538542e-05,0.06748261365505379,0.0006564546899713603
bfo-a7d84a931ad75b81180fb1321625d2044481cdc1305f26da0079240dfc24f3c7,4210,24.627938547015255,24.627938547015255,12.047819594670766,13.107967474918066,4.429927904460689e-05,0.06748261454345784,0.0006564546934689198
bfo-a7d84a931ad75b81180fb1321625d2044481cdc1305f26da0079240dfc24f3c7,4211,24.62793856353803,24.62793856353803,12.047819560995498,13.107967441017887,4.429931211551607e-05,0.06748262284670846,0.0006564551027624561
bfo-a7d84a931ad75b81180fb1321625d2044481cdc1305f26da0079240dfc24f3c7,4212,24.627938539506978,24.627938539506978,12.04781958369352,13.107967461241028,4.429928928005098e-05,0.06748261882176858,0.0006564548035258064
bfo-a7d84a931ad75b81180fb1321625d2044481cdc1305f26da0079240dfc24f3c7,4213,24.627938532523604,24.627938532523604,12.047819609905016,13.10796748340821,4.429928492490857e-05,0.06748261814116625,0.0006564547456092962
bfo-a7d84a931ad75b81180fb1321625d2044481cdc1305f26da0079240dfc24f3c7,4214,24.627938546364888,24.627938546364888,12.047819608980511,13.107967485677738,4.4299276699585476e-05,0.06748261573603365,0.0006564546471178209
bfo-a7d84a931ad75b81180fb1321625d2044481cdc1305f26da0079240dfc24f3c7,4215,24.627938524563618,24.627938524563618,12.047819602291735,13.107967478325946,4.4299291225992144e-05,0.06748261890589083,0.0006564548315436686
bfo-a7d84a931ad75b81180fb1321625d2044481cdc1305f26da0079240dfc24f3c7,4216,24.62793854065599,24.62793854065599,12.047819602545765,13.107967478755528,4.429930307142397e-05,0.06748261970197135,0.0006564549993326633
bfo-a7d84a931ad75b81180fb1321625d2044481cdc1305f26da0079240dfc24f3c7,4217,24.62793850769428,24.62793850769428,12.047819614286354,13.10796747997383,4.429928144588811e-05,0.06748262115795167,0.0006564546647084143
bfo-a7d84a931ad75b81180fb1321625d2044481cdc1305f26da0079240dfc24f3c7,4218,24.62793851480707,24.62793851480707,12.047819622357553,13.107967489157542,4.42992731251034e-05,0.06748261803357583,0.0006564545717989541
bfo-a7d84a931ad75b81180fb1321625d2044481cdc1305f26da0079240dfc24f3c7,4219,24.627938491848496,24.627938491848496,12.047819609731794,13.107967483585696,4.429928257523787e-05,0.0674826183071645,0.0006564547091756027
bfo-a7d84a931ad75b81180fb1321625d2044481cdc1305f26da0079240dfc24f3c7,4220,24.62793849731701,24.62793849731701,12.047819574972992,13.10796746192247,4.4299314288954715e-05,0.06748262001845633,0.0006564551624824135
bfo-a7d84a931ad75b81180fb1321625d2044481cdc1305f26da0079240dfc24f3c7,4221,24.627938476328026,24.627938476328026,12.047819621413444,13.107967493403478,4.4299269597390376e-05,0.06748261717394301,0.0006564545278853768
bfo-a7d84a931ad75b81180fb1321625d2044481cdc1305f26da0079240dfc24f3c7,4222,24.62793849995404,24.62793849995404,12.0478196298314,13.107967515098533,4.4299264284331484e-05,0.0674826083420783,0.000656454535067356
bfo-a7d84a931ad75b81180fb1321625d2044481cdc1305f26da0079240dfc24f3c7,4223,24.627938458982968,24.627938458982968,12.047819611484773,13.10796748308729,4.429927535102229e-05,0.06748261932557435,0.000656454592215775
bfo-a7d84a931ad75b81180fb1321625d2044481cdc1305f26da0079240dfc24f3c7,4224,24.627938478665413,24.627938478665413,12.04781963219927,13.107967503307249,4.429924533962809e-05,0.06748261415401433,0.0006564541977956684
bfo-a7d84a931ad75b81180fb1321625d2044481cdc1305f26da0079240dfc24f3c7,4225,24.627938447267027,24.627938447267027,12.047819618783421,13.107967488141156,4.429927306377512e-05,0.0674826193478429,0.0006564545581052814
bfo-a7d84a931ad75b81180fb1321625d2044481cdc1305f26da0079240dfc24f3c7,4226,24.62793839666862,24.62793839666862,12.047819601933076,13.107967461535981,4.429928342232002e-05,0.06748262600210121,0.0006564546468737104
bfo-a7d84a931ad75b81180fb1321625d2044481cdc1305f26da0079240dfc24f3c7,4227,24.627938408689182,24.627938408689182,12.047819634475104,13.107967500114658,4.429925125558869e-05,0.06748261634139073,0.0006564542641838498
bfo-a7d84a931ad75b81180fb1321625d2044481cdc1305f26da0079240dfc24f3c7,4228,1000000.0000000012,24.627938390125024,12.047819598773186,13.107967463877213,4.4299290732074974e-05,0.06748262402190683,0.0006564547744571126
bfo-a7d84a931ad75b81180fb1321625d2044481cdc1305f26da0079240dfc24f3c7,4229,24.627938388669378,24.627938388669378,12.047819625539246,13.107967481038246,4.429924269797101e-05,0.06748262258268914,0.0006564540766578743
bfo-a7d84a931ad75b81180fb1321625d2044481cdc1305f26da0079240dfc24f3c7,4230,24.62793840729518,24.62793840729518,12.047819614531953,13.107967465387478,4.429923521052886e-05,0.06748262639472895,0.0006564539286216794
bfo-a7d84a931ad75b81180fb1321625d2044481cdc1305f26da0079240dfc24f3c7,4231,24.627938383880426,24.627938383880426,12.047819630317283,13.107967480359536,4.429924345453409e-05,0.06748262510396728,0.0006564540633427396
bfo-a7d84a931ad75b81180fb1321625d2044481cdc1305f26da0079240dfc24f3c7,4232,24.62793838565843,24.62793838565843,12.047819649953523,13.107967504114292,4.429922180623661e-05,0.06748261943602622,0.0006564537976809338
bfo-a7d84a931ad75b81180fb1321625d2044481cdc1305f26da0079240dfc24f3c7,4233,24.627938379916507,24.627938379916507,12.047819624378997,13.107967478273544,4.4299242551563724e-05,0.06748262342631402,0.0006564540662817471
bfo-a7d84a931ad75b81180fb1321625d2044481cdc1305f26da0079240dfc24f3c7,4234,24.627938400942448,24.627938400942448,12.047819620936973,13.107967487095896,4.429924852442982e-05,0.06748261989098997,0.0006564541891821911
bfo-a7d84a931ad75b81180fb1321625d2044481cdc1305f26da0079240dfc24f3c7,4235,1000000.0000000005,24.627938375170615,12.047819619634671,13.10796747954197,4.429925634672313e-05,0.06748262281555963,0.0006564542766483722
bfo-a7d84a931ad75b81180fb1321625d2044481cdc1305f26da0079240dfc24f3c7,4236,24.627938384293536,24.627938384293536,12.047819603828907,13.107967462906519,4.429925713907684e-05,0.06748262355131733,0.0006564542812326992
bfo-a7d84a931ad75b81180fb1321625d2044481cdc1305f26da0079240dfc24f3c7,4237,1000000.0000000002,24.627938377417756,12.04781961204126,13.107967466499645,4.429925316379128e-05,0.0674826263723088,0.0006564541948825111
bfo-a7d84a931ad75b81180fb1321625d2044481cdc1305f26da0079240dfc24f3c7,4238,24.627938386090143,24.627938386090143,12.047819656016589,13.107967486528432,4.429921059128044e-05,0.06748262685348941,0.0006564535593354693
bfo-a7d84a931ad75b81180fb1321625d2044481cdc1305f26da0079240dfc24f3c7,4239,1000000.0000000001,24.627938372968174,12.047819631647302,13.107967473903503,4.429923741209426e-05,0.06748262795753925,0.0006564539460432364
bfo-a7d84a931ad75b81180fb1321625d2044481cdc1305f26da0079240dfc24f3c7,4240,24.62793838553539,24.62793838553539,12.04781963642009,13.107967506265117,4.4299217261075975e-05,0.06748261095306413,0.0006564538128479826
bfo-a7d84a931ad75b81180fb1321625d2044481cdc1305f26da0079240dfc24f3c7,4241,1000000.0000000002,24.62793837295543,12.047819586666392,13.107967444174328,4.429927289577794e-05,0.0674826288700372,0.0006564544629862094
bfo-a7d84a931ad75b81180fb1321625d2044481cdc1305f26da0079240dfc24f3c7,4242,24.627938361843313,24.627938361843313,12.047819610293981,13.107967448034701,4.4299253084109195e-05,0.06748263389465962,0.0006564541205261833
bfo-a7d84a931ad75b81180fb1321625d2044481cdc1305f26da0079240dfc24f3c7,4243,24.62793837317399,24.62793837317399,12.04781963946876,13.107967472753359,4.4299231165358005e-05,0.06748263060323408,0.000656453827738526
bfo-a7d84a931ad75b81180fb1321625d2044481cdc1305f26da0079240dfc24f3c7,4244,24.6279383707866,24.6279383707866,12.04781962540142,13.107967457024229,4.429923836626233e-05,0.06748263329279021,0.0006564539082827289
bfo-a7d84a931ad75b81180fb1321625d2044481cdc1305f26da0079240dfc24f3c7,4245,24.62793856215731,24.62793856215731,12.047819625147246,13.107967467450429,4.4299265043357925e-05,0.06748263079676971,0.0006564543278813377
bfo-a7d84a931ad75b81180fb1321625d2044481cdc1305f26da0079240dfc24f3c7,4246,24.627938368970188,24.627938368970188,12.047819606492116,13.107967448573675,4.4299265398560344e-05,0.06748263371823945,0.0006564543047256168
bfo-a7d84a931ad75b81180fb1321625d2044481cdc1305f26da0079240dfc24f3c7,4247,24.627938369950893,24.627938369950893,12.047819615116305,13.107967465876435,4.4299232751707634e-05,0.06748262419685688,0.0006564539135656634
bfo-a7d84a931ad75b81180fb1321625d2044481cdc1305f26da0079240dfc24f3c7,4248,24.627938365364898,24.627938365364898,12.047819608280616,13.107967444110633,4.429925802674685e-05,0.06748263602798178,0.0006564541730168645
bfo-a7d84a931ad75b81180fb1321625d2044481cdc1305f26da0079240dfc24f3c7,4249,24.627938362506594,24.627938362506594,12.047819634993706,13.10796745398442,4.429923610083958e-05,0.06748263751221838,0.0006564538336667529
bfo-a7d84a931ad75b81180fb1321625d2044481cdc1305f26da0079240dfc24f3c7,4250,24.627938365143546,24.627938365143546,12.047819622253554,13.107967453982395,4.4299250277119684e-05,0.06748263492132912,0.0006564540689432696
bfo-a7d84a931ad75b81180fb1321625d2044481cdc1305f26da0079240dfc24f3c7,4251,24.62793837280515,24.62793837280515,12.047819622009776,13.107967451567049,4.4299246409927826e-05,0.06748263572311941,0.0006564540038371826
bfo-a7d84a931ad75b81180fb1321625d2044481cdc1305f26da0079240dfc24f3c7,4252,24.627938364441114,24.627938364441114,12.047819601621734,13.107967433449968,4.429926210803219e-05,0.0674826387814948,0.000656454206710423
bfo-a7d84a931ad75b81180fb1321625d2044481cdc1305f26da0079240dfc24f3c7,4253,24.62793837581185,24.62793837581185,12.047819640448632,13.107967460435434,4.4299224510421725e-05,0.06748263663691931,0.0006564536704273631
bfo-a7d84a931ad75b81180fb1321625d2044481cdc1305f26da0079240dfc24f3c7,4254,24.627938364318563,24.627938364318563,12.04781960816034,13.107967449457332,4.429924659492147e-05,0.06748263146707638,0.0006564540479802467
bfo-a7d84a931ad75b81180fb1321625d2044481cdc1305f26da0079240dfc24f3c7,4255,24.627938372726852,24.627938372726852,12.047819600044175,13.10796744154923,4.429926808499409e-05,0.06748263404713879,0.000656454341335426
bfo-a7d84a931ad75b81180fb1321625d2044481cdc1305f26da0079240dfc24f3c7,4256,24.627938362942267,24.627938362942267,12.047819598715797,13.107967442049448,4.4299257740043504e-05,0.06748263278782683,0.0006564542002877314
bfo-a7d84a931ad75b81180fb1321625d2044481cdc1305f26da0079240dfc24f3c7,4257,24.627938357975474,24.627938357975474,12.047819628862655,13.107967466212049,4.429924087378068e-05,0.06748263071185404,0.0006564539705474027
bfo-a7d84a931ad75b81180fb1321625d2044481cdc1305f26da0079240dfc24f3c7,4258,24.627938370558866,24.627938370558866,12.047819635344545,13.107967458292851,4.429925061553984e-05,0.06748263748487425,0.0006564540490206714
bfo-a7d84a931ad75b81180fb1321625d2044481cdc1305f26da0079240dfc24f3c7,4259,24.627938359529253,24.627938359529253,12.047819638160144,13.107967474901862,4.429923128629152e-05,0.06748262970091802,0.0006564538383080955
bfo-a7d84a931ad75b81180fb1321625d2044481cdc1305f26da0079240dfc24f3c7,4260,24.627938422498353,24.627938422498353,12.04781965218004,13.10796748333799,4.42992292750033e-05,0.06748262929606356,0.000656453812441884
bfo-a7d84a931ad75b81180fb1321625d2044481cdc1305f26da0079240dfc24f3c7,4261,24.62793835885497,24.62793835885497,12.047819626614356,13.107967457224541,4.4299247070598895e-05,0.06748263446881161,0.0006564540258290099
bfo-a7d84a931ad75b81180fb1321625d2044481cdc1305f26da0079240dfc24f3c7,4262,24.62793835867215,24.62793835867215,12.047819654525489,13.10796748848621,4.42992205592507e-05,0.06748262756573346,0.0006564537001185931
bfo-a7d84a931ad75b81180fb1321625d2044481cdc1305f26da0079240dfc24f3c7,4263,24.627938359071234,24.627938359071234,12.04781962301852,13.107967462360964,4.429924321496492e-05,0.06748263112622066,0.0006564540012096871
bfo-a7d84a931ad75b81180fb1321625d2044481cdc1305f26da0079240dfc24f3c7,4264,24.627938368122265,24.627938368122265,12.047819626623347,13.107967461721652,4.429924301528802e-05,0.06748263219592691,0.0006564539878449171
bfo-a7d84a931ad75b81180fb1321625d2044481cdc1305f26da0079240dfc24f3c7,4265,24.6279383579753,24.6279383579753,12.047819624686,13.107967469824354,4.4299237380006375e-05,0.06748262703103176,0.0006564539545805685
bfo-a7d84a931ad75b81180fb1321625d2044481cdc1305f26da0079240dfc24f3c7,4266,24.627938345601805,24.627938345601805,12.047819660964198,13.107967508176309,4.4299204278733385e-05,0.0674826181529179,0.0006564535504290881
bfo-a7d84a931ad75b81180fb1321625d2044481cdc1305f26da0079240dfc24f3c7,4267,24.627938339804544,24.627938339804544,12.047819593787718,13.107967447222638,4.429925775038576e-05,0.06748262766657304,0.0006564542502592713
bfo-a7d84a931ad75b81180fb1321625d2044481cdc1305f26da0079240dfc24f3c7,4268,24.627938332152205,24.627938332152205,12.047819620762633,13.10796745492131,4.4299229552696225e-05,0.06748263104711834,0.0006564537995230982
bfo-a7d84a931ad75b81180fb1321625d2044481cdc1305f26da0079240dfc24f3c7,4269,24.62793833214426,24.62793833214426,12.047819623880113,13.107967449036769,4.429921465554933e-05,0.06748263435915915,0.0006564535465491467
bfo-a7d84a931ad75b81180fb1321625d2044481cdc1305f26da0079240dfc24f3c7,4270,24.6279383166496,24.6279383166496,12.047819657196474,13.107967484646949,4.4299194131708624e-05,0.06748262741694988,0.0006564533099459879
bfo-a7d84a931ad75b81180fb1321625d2044481cdc1305f26da0079240dfc24f3c7,4271,24.627938323287935,24.627938323287935,12.04781967411356,13.107967499014311,4.4299168185302054e-05,0.06748262379800345,0.0006564529606599661
bfo-a7d84a931ad75b81180fb1321625d2044481cdc1305f26da0079240dfc24f3c7,4272,24.62793831881872,24.62793831881872,12.04781963495453,13.107967475062743,4.42992132718079e-05,0.06748262607454716,0.0006564536066345602
bfo-a7d84a931ad75b81180fb1321625d2044481cdc1305f26da0079240dfc24f3c7,4273,24.627938315701932,24.627938315701932,12.04781965242464,13.107967468051413,4.4299205044307234e-05,0.0674826335614388,0.0006564534118837482
bfo-a7d84a931ad75b81180fb1321625d2044481cdc1305f26da0079240dfc24f3c7,4274,24.627938320443793,24.627938320443793,12.047819639535717,13.107967456563049,4.429920223450305e-05,0.06748263498080176,0.0006564533564391166
bfo-a7d84a931ad75b81180fb1321625d2044481cdc1305f26da0079240dfc24f3c7,4275,24.62793831765999,24.62793831765999,12.04781964796853,13.107967470470937,4.429919987918633e-05,0.06748263002983654,0.0006564533696982474
bfo-a7d84a931ad75b81180fb1321625d2044481cdc1305f26da0079240dfc24f3c7,4276,24.62793831889038,24.62793831889038,12.047819618929875,13.107967448622519,4.4299232753919556e-05,0.06748263392559226,0.0006564538189597757
bfo-a7d84a931ad75b81180fb1321625d2044481cdc1305f26da0079240dfc24f3c7,4277,24.62793831652658,24.62793831652658,12.047819658063194,13.107967473301779,4.429920101840238e-05,0.0674826324830156,0.0006564533627159825
bfo-a7d84a931ad75b81180fb1321625d2044481cdc1305f26da0079240dfc24f3c7,4278,24.627938315806542,24.627938315806542,12.047819658679728,13.107967472939706,4.4299197961019895e-05,0.06748263179443716,0.0006564533241080802
bfo-a7d84a931ad75b81180fb1321625d2044481cdc1305f26da0079240dfc24f3c7,4279,24.627938316510537,24.627938316510537,12.047819666634275,13.107967483044417,4.429918626804574e-05,0.06748263039948132,0.0006564531644040097
bfo-a7d84a931ad75b81180fb1321625d2044481cdc1305f26da0079240dfc24f3c7,4280,24.627937907853706,24.627937907853706,12.047819621422112,13.107967444118083,4.4299194612461675e-05,0.06748263349974858,0.0006564532578982224
bfo-a7d84a931ad75b81180fb1321625d2044481cdc1305f26da0079240dfc24f3c7,4281,24.627937101105715,24.627937101105715,12.047819558464578,13.107967395797308,4.4299174444711176e-05,0.06748263321145494,0.000656452961844286
bfo-a7d84a931ad75b81180fb1321625d2044481cdc1305f26da0079240dfc24f3c7,4282,24.627935547658122,24.627935547658122,12.047819439467965,13.107967310095368,4.429913777873836e-05,0.06748262988667107,0.0006564524508474761
bfo-a7d84a931ad75b81180fb1321625d2044481cdc1305f26da0079240dfc24f3c7,4283,24.62793255212266,24.62793255212266,12.047819209827017,13.107967149807251,4.4299069042812677e-05,0.06748262080423297,0.0006564515206266846
bfo-a7d84a931ad75b81180fb1321625d2044481cdc1305f26da0079240dfc24f3c7,4284,1000000.0,24.62792656107655,12.047818750544513,13.107966829243445,4.429893156087656e-05,0.06748260263203044,0.0006564496601061766
bfo-a7d84a931ad75b81180fb1321625d2044481cdc1305f26da0079240dfc24f3c7,4285,1000000.0,24.62793258814736,12.047819209067706,13.107967273738797,4.429894249828988e-05,0.06748254873989354,0.0006564503464301097
bfo-a7d84a931ad75b81180fb1321625d2044481cdc1305f26da0079240dfc24f3c7,4286,1000000.0000000026,24.627932542767795,12.047819269735328,13.107967184035061,4.429901178711869e-05,0.06748261959781228,0.0006564506839114293
bfo-a7d84a931ad75b81180fb1321625d2044481cdc1305f26da0079240dfc24f3c7,4287,1000000.0,24.62793260191402,12.047819121705707,13.10796706485683,4.4299215598950115e-05,0.06748264089891283,0.0006564534969120302
bfo-a7d84a931ad75b81180fb1321625d2044481cdc1305f26da0079240dfc24f3c7,4288,1000000.0000000012,24.62793255239163,12.047819224277184,13.107967151303955,4.429906704724879e-05,0.06748262425401458,0.0006564514574966817
bfo-a7d84a931ad75b81180fb1321625d2044481cdc1305f26da0079240dfc24f3c7,4289,24.627932579344264,24.627932579344264,12.047819171372378,13.107967141930576,4.429908145474241e-05,0.06748261411287125,0.0006564517696461473
bfo-a7d84a931ad75b81180fb1321625d2044481cdc1305f26da0079240dfc24f3c7,4290,1000000.0000000022,24.627932537111935,12.047819207600469,13.107967145737526,4.429906700726155e-05,0.06748262183972947,0.0006564514803895939
bfo-a7d84a931ad75b81180fb1321625d2044481cdc1305f26da0079240dfc24f3c7,4291,1000000.0,24.62793255821928,12.047819196067646,13.107967118602563,4.4299080368577764e-05,0.06748263244985514,0.0006564515751737373
bfo-a7d84a931ad75b81180fb1321625d2044481cdc1305f26da0079240dfc24f3c7,4292,1000000.0,24.627932553798697,12.047819211064024,13.10796715656698,4.429906909339871e-05,0.06748261890198284,0.0006564515398808429
bfo-a7d84a931ad75b81180fb1321625d2044481cdc1305f26da0079240dfc24f3c7,4293,1000000.0,24.627932559931978,12.047819197210687,13.107967133380352,4.4299085082326754e-05,0.06748262631578439,0.0006564517046955101
bfo-a7d84a931ad75b81180fb1321625d2044481cdc1305f26da0079240dfc24f3c7,4294,1000000.0000000001,24.6279325512621,12.047819188770475,13.10796713023794,4.429908984143546e-05,0.0674826236770677,0.0006564518008876619
bfo-a7d84a931ad75b81180fb1321625d2044481cdc1305f26da0079240dfc24f3c7,4295,24.62793256321364,24.62793256321364,12.047819170973586,13.107967111655096,4.429910687157567e-05,0.06748262817706593,0.0006564520094762816
bfo-a7d84a931ad75b81180fb1321625d2044481cdc1305f26da0079240dfc24f3c7,4296,1000000.0000000001,24.62793255301962,12.04781920435182,13.107967146868805,4.4299069143842e-05,0.06748262016499966,0.0006564515283420787
bfo-a7d84a931ad75b81180fb1321625d2044481cdc1305f26da0079240dfc24f3c7,4297,1000000.0,24.62793256589532,12.047819195400475,13.107967143489136,4.4299074628576224e-05,0.06748261806488204,0.000656451630047671
bfo-a7d84a931ad75b81180fb1321625d2044481cdc1305f26da0079240dfc24f3c7,4298,1000000.0000000007,24.62793254744654,12.047819232365416,13.107967166272793,4.4299050775021425e-05,0.06748261926776644,0.0006564512648693407
bfo-a7d84a931ad75b81180fb1321625d2044481cdc1305f26da0079240dfc24f3c7,4299,1000000.0,24.6279325641611,12.047819211816076,13.107967159168236,4.4299070276042544e-05,0.06748261675322648,0.0006564515783084911
bfo-a7d84a931ad75b81180fb1321625d2044481cdc1305f26da0079240dfc24f3c7,4300,1000000.0000000002,24.62793255643082,12.047819239174277,13.10796717369232,4.4299042592285686e-05,0.0674826168792487,0.0006564511668472048
bfo-a7d84a931ad75b81180fb1321625d2044481cdc1305f26da0079240dfc24f3c7,4301,24.627932564026764,24.627932564026764,12.047819242684339,13.107967171179439,4.429904390838061e-05,0.06748262122725585,0.000656451144053789
bfo-a7d84a931ad75b81180fb1321625d2044481cdc1305f26da0079240dfc24f3c7,4302,1000000.0000000006,24.62793255155441,12.047819229926908,13.107967170750308,4.4299051679978626e-05,0.06748261611302836,0.0006564513089679423
bfo-a7d84a931ad75b81180fb1321625d2044481cdc1305f26da0079240dfc24f3c7,4303,1000000.0,24.62793256403375,12.047819212024612,13.10796716575393,4.4299064694058904e-05,0.06748261301480109,0.0006564515319574645
bfo-a7d84a931ad75b81180fb1321625d2044481cdc1305f26da0079240dfc24f3c7,4304,1000000.0000000002,24.627932559762094,12.04781922433467,13.107967164364824,4.429905461003643e-05,0.06748261809013222,0.000656451333154695
bfo-a7d84a931ad75b81180fb1321625d2044481cdc1305f26da0079240dfc24f3c7,4305,1000000.0,24.627932558975054,12.047819221639724,13.10796716749879,4.429905667942162e-05,0.06748261513778853,0.0006564513925396956
bfo-a7d84a931ad75b81180fb1321625d2044481cdc1305f26da0079240dfc24f3c7,4306,1000000.0000000001,24.627932554068895,12.047819212956306,13.107967149520698,4.429906281176435e-05,0.06748262188168165,0.0006564514178099748
bfo-a7d84a931ad75b81180fb1321625d2044481cdc1305f26da0079240dfc24f3c7,4307,1000000.0,24.627932566864466,12.047819209081556,13.107967150719103,4.4299079308049884e-05,0.06748262132298656,0.0006564516676971515
bfo-a7d84a931ad75b81180fb1321625d2044481cdc1305f26da0079240dfc24f3c7,4308,1000000.0000000003,24.627932553295864,12.047819196006136,13.10796713941675,4.429907744200769e-05,0.06748262171201083,0.0006564516362606458
bfo-a7d84a931ad75b81180fb1321625d2044481cdc1305f26da0079240dfc24f3c7,4309,1000000.0,24.627932563921664,12.047819162608766,13.10796712832192,4.429911190052095e-05,0.06748261859570827,0.0006564521772031275
bfo-a7d84a931ad75b81180fb1321625d2044481cdc1305f26da0079240dfc24f3c7,4310,1000000.0000000006,24.627932547922295,12.047819206383986,13.107967148114707,4.429906783606306e-05,0.0674826203883751,0.0006564515067896539
bfo-a7d84a931ad75b81180fb1321625d2044481cdc1305f26da0079240dfc24f3c7,4311,1000000.0,24.627932569369783,12.047819199349332,13.10796714405249,4.429909644272722e-05,0.06748262301375826,0.0006564519051622458
bfo-a7d84a931ad75b81180fb1321625d2044481cdc1305f26da0079240dfc24f3c7,4312,1000000.0000000001,24.627932554882186,12.047819211042313,13.107967143767802,4.42990756195858e-05,0.06748262400089751,0.0006564515869892171
bfo-a7d84a931ad75b81180fb1321625d2044481cdc1305f26da0079240dfc24f3c7,4313,1000000.0,24.627932555235805,12.047819236204449,13.10796716524058,4.4299044390298075e-05,0.06748262008264724,0.0006564511623295627
bfo-a7d84a931ad75b81180fb1321625d2044481cdc1305f26da0079240dfc24f3c7,4314,1000000.0000000002,24.62793255105585,12.047819221349876,13.10796715167583,4.429905864929907e-05,0.0674826227334813,0.0006564513478418827
bfo-a7d84a931ad75b81180fb1321625d2044481cdc1305f26da0079240dfc24f3c7,4315,1000000.0,24.627932562972898,12.04781919058297,13.10796713389094,4.42990781270182e-05,0.0674826221633532,0.0006564516420210335
bfo-a7d84a931ad75b81180fb1321625d2044481cdc1305f26da0079240dfc24f3c7,4316,1000000.0000000008,24.62793254872938,12.047819191662464,13.107967142353836,4.429908298840087e-05,0.06748261941133377,0.0006564517408309257
bfo-a7d84a931ad75b81180fb1321625d2044481cdc1305f26da0079240dfc24f3c7,4317,1000000.0,24.627932559286833,12.047819213233831,13.10796715334266,4.429906592102278e-05,0.06748261962892672,0.0006564514857990752
bfo-a7d84a931ad75b81180fb1321625d2044481cdc1305f26da0079240dfc24f3c7,4318,1000000.0000000001,24.627932554771107,12.047819219860969,13.107967150613106,4.429906880814571e-05,0.06748262366865267,0.0006564514892849922
bfo-a7d84a931ad75b81180fb1321625d2044481cdc1305f26da0079240dfc24f3c7,4319,24.627932576261514,24.627932576261514,12.047819169669406,13.10796712359236,4.429910614003151e-05,0.06748262195752826,0.0006564520591377165
bfo-a7d84a931ad75b81180fb1321625d2044481cdc1305f26da0079240dfc24f3c7,4320,1000000.0000000005,24.627932549235496,12.047819215272838,13.107967156726332,4.429905665024463e-05,0.06748261862687115,0.0006564513581665462
bfo-a7d84a931ad75b81180fb1321625d2044481cdc1305f26da0079240dfc24f3c7,4321,1000000.0,24.627932556809675,12.04781915257104,13.107967111351583,4.4299117318747135e-05,0.0674826241317125,0.0006564522036411059
bfo-a7d84a931ad75b81180fb1321625d2044481cdc1305f26da0079240dfc24f3c7,4322,1000000.0000000005,24.627932549695338,12.04781920279065,13.107967130114966,4.4299076938863874e-05,0.06748262812089272,0.000656451566460981
bfo-a7d84a931ad75b81180fb1321625d2044481cdc1305f26da0079240dfc24f3c7,4323,24.627932558523774,24.627932558523774,12.04781921441703,13.107967150797064,4.4299071310533295e-05,0.06748262170021908,0.0006564515455153023
bfo-a7d84a931ad75b81180fb1321625d2044481cdc1305f26da0079240dfc24f3c7,4324,1000000.0000000005,24.62793254964933,12.047819217691726,13.107967153943628,4.429905845551928e-05,0.06748262063625264,0.0006564513653715633
bfo-a7d84a931ad75b81180fb1321625d2044481cdc1305f26da0079240dfc24f3c7,4325,1000000.0,24.627932555695544,12.047819224622469,13.107967166762492,4.4299054958838916e-05,0.06748261803524737,0.0006564513388573741
bfo-a7d84a931ad75b81180fb1321625d2044481cdc1305f26da0079240dfc24f3c7,4326,1000000.0000000002,24.627932557882172,12.047819209829381,13.10796715057457,4.429907605822617e-05,0.06748262184160189,0.0006564516144942748
bfo-a7d84a931ad75b81180fb1321625d2044481cdc1305f26da0079240dfc24f3c7,4327,24.627932559067972,24.627932559067972,12.047819199127767,13.107967137051954,4.42990855398647e-05,0.06748262452986004,0.0006564517288485575
bfo-a7d84a931ad75b81180fb1321625d2044481cdc1305f26da0079240dfc24f3c7,4328,1000000.0000000003,24.627932563044006,12.04781920621123,13.107967150604317,4.4299070281644244e-05,0.06748261905381822,0.0006564515560120034
bfo-a7d84a931ad75b81180fb1321625d2044481cdc1305f26da0079240dfc24f3c7,4329,24.627932560522932,24.627932560522932,12.047819197420159,13.107967156726984,4.429907978265812e-05,0.06748261440791754,0.0006564517419980195
bfo-a7d84a931ad75b81180fb1321625d2044481cdc1305f26da0079240dfc24f3c7,4330,1000000.0000000007,24.627932547946244,12.047819211225216,13.107967152125614,4.429906222119283e-05,0.06748261942156561,0.0006564514329898115
bfo-a7d84a931ad75b81180fb1321625d2044481cdc1305f26da0079240dfc24f3c7,4331,1000000.0,24.62793256169981,12.047819208319428,13.107967150517977,4.429907172743649e-05,0.06748262092784567,0.0006564515592066631
bfo-a7d84a931ad75b81180fb1321625d2044481cdc1305f26da0079240dfc24f3c7,4332,1000000.0000000003,24.62793255638207,12.047819194773854,13.107967138060097,4.429907933732309e-05,0.06748262159872291,0.0006564516654486559
bfo-a7d84a931ad75b81180fb1321625d2044481cdc1305f26da0079240dfc24f3c7,4333,1000000.0,24.627932561490255,12.0478192408297,13.107967176557151,4.4299038280061396e-05,0.06748261739245537,0.0006564510979536202
bfo-a7d84a931ad75b81180fb1321625d2044481cdc1305f26da0079240dfc24f3c7,4334,1000000.0000000015,24.62793254186552,12.04781920969745,13.107967149442324,4.429906206133744e-05,0.06748261978957254,0.0006564514270411084
bfo-a7d84a931ad75b81180fb1321625d2044481cdc1305f26da0079240dfc24f3c7,4335,1000000.0,24.627932581768903,12.047819221260298,13.107967161398083,4.4299056330424e-05,0.06748261821476216,0.0006564513574361192
bfo-a7d84a931ad75b81180fb1321625d2044481cdc1305f26da0079240dfc24f3c7,4336,1000000.0000000001,24.627932554829897,12.047819180779346,13.107967132061326,4.4299085002604575e-05,0.06748262069147551,0.0006564517582258108
bfo-a7d84a931ad75b81180fb1321625d2044481cdc1305f26da0079240dfc24f3c7,4337,1000000.0,24.627932554707005,12.047819227339406,13.107967158886641,4.429906362431046e-05,0.06748262140467902,0.0006564514344909386
bfo-a7d84a931ad75b81180fb1321625d2044481cdc1305f26da0079240dfc24f3c7,4338,1000000.0000000008,24.62793256526887,12.0478192185087,13.10796716601456,4.429906062500993e-05,0.06748261524970661,0.0006564514499192075
bfo-a7d84a931ad75b81180fb1321625d2044481cdc1305f26da0079240dfc24f3c7,4339,1000000.0,24.627932560672086,12.047819230241394,13.107967167719405,4.429906012043148e-05,0.06748261963936558,0.0006564513997407102
bfo-a7d84a931ad75b81180fb1321625d2044481cdc1305f26da0079240dfc24f3c7,4340,1000000.0000000003,24.62793255182981,12.047819229267876,13.107967170030584,4.4299060593138726e-05,0.0674826172700938,0.0006564514297931756
bfo-a7d84a931ad75b81180fb1321625d2044481cdc1305f26da0079240dfc24f3c7,4341,24.627932572095027,24.627932572095027,12.047819220331927,13.10796715087127,4.429906690206057e-05,0.06748262309933611,0.0006564514665775696
bfo-a7d84a931ad75b81180fb1321625d2044481cdc1305f26da0079240dfc24f3c7,4342,1000000.0000000003,24.627932550223587,12.047819221318843,13.107967159811388,4.429906172643071e-05,0.06748261947539241,0.000656451425134503
bfo-a7d84a931ad75b81180fb1321625d2044481cdc1305f26da0079240dfc24f3c7,4343,24.627932568277696,24.627932568277696,12.04781921162102,13.107967154789169,4.429905443342363e-05,0.06748261763362712,0.0006564513349782842
bfo-a7d84a931ad75b81180fb1321625d2044481cdc1305f26da0079240dfc24f3c7,4344,1000000.0000000002,24.62793255391623,12.047819199626076,13.107967143755918,4.429908327815324e-05,0.067482621647852,0.0006564517233684458
bfo-a7d84a931ad75b81180fb1321625d2044481cdc1305f26da0079240dfc24f3c7,4345,1000000.0,24.62793256022686,12.047819227175049,13.107967165280392,4.429905266091362e-05,0.0674826186350797,0.0006564512989702729
bfo-a7d84a931ad75b81180fb1321625d2044481cdc1305f26da0079240dfc24f3c7,4346,1000000.0000000002,24.627932551743143,12.047819200854262,13.10796713854548,4.429908286971128e-05,0.06748262433057148,0.000656451691219166
bfo-a7d84a931ad75b81180fb1321625d2044481cdc1305f26da0079240dfc24f3c7,4347,24.627932557734333,24.627932557734333,12.047819172090428,13.107967108620272,4.4299117924799866e-05,0.06748262991843901,0.0006564521563303142
bfo-a7d84a931ad75b81180fb1321625d2044481cdc1305f26da0079240dfc24f3c7,4348,1000000.0000000001,24.627932554651416,12.047819201086762,13.10796713793438,4.429907834252151e-05,0.06748262501200293,0.0006564516175036488
bfo-a7d84a931ad75b81180fb1321625d2044481cdc1305f26da0079240dfc24f3c7,4349,1000000.0,24.627932556949517,12.04781924183568,13.107967174241693,4.429904309934565e-05,0.06748261848239823,0.0006564511587661697
bfo-a7d84a931ad75b81180fb1321625d2044481cdc1305f26da0079240dfc24f3c7,4350,1000000.0000000001,24.627932552206047,12.04781921993349,13.107967163094541,4.4299058670589156e-05,0.06748261640012958,0.0006564514097663839
bfo-a7d84a931ad75b81180fb1321625d2044481cdc1305f26da0079240dfc24f3c7,4351,1000000.0,24.627932554343875,12.047819192008347,13.1079671390001,4.4299066841487915e-05,0.0674826190076581,0.0006564515054826301
bfo-a7d84a931ad75b81180fb1321625d2044481cdc1305f26da0079240dfc24f3c7,4352,1000000.0000000003,24.62793256115574,12.047819220527824,13.107967158922333,4.429906870882701e-05,0.06748262065378326,0.0006564515171410061
bfo-a7d84a931ad75b81180fb1321625d2044481cdc1305f26da0079240dfc24f3c7,4353,1000000.0,24.627932554282292,12.047819169322551,13.10796712202016,4.429908954213216e-05,0.06748262123438657,0.0006564518202141062
bfo-a7d84a931ad75b81180fb1321625d2044481cdc1305f26da0079240dfc24f3c7,4354,1000000.0000000013,24.627932552992288,12.047819208659893,13.107967146374968,4.429907442122285e-05,0.0674826225103989,0.000656451583730263
bfo-a7d84a931ad75b81180fb1321625d2044481cdc1305f26da0079240dfc24f3c7,4355,1000000.0,24.62793255568796,12.047819221945126,13.107967145879059,4.429905838300586e-05,0.06748262516138992,0.0006564513202777935
bfo-a7d84a931ad75b81180fb1321625d2044481cdc1305f26da0079240dfc24f3c7,4356,1000000.0000000009,24.62793254622258,12.047819212886141,13.107967147788028,4.429906277801146e-05,0.06748262239471818,0.0006564514123191323
bfo-a7d84a931ad75b81180fb1321625d2044481cdc1305f26da0079240dfc24f3c7,4357,1000000.0,24.627932554481454,12.047819191677158,13.107967143165942,4.429908213061642e-05,0.06748261974719484,0.000656451724852574
bfo-a7d84a931ad75b81180fb1321625d2044481cdc1305f26da0079240dfc24f3c7,4358,1000000.000000001,24.62793255334365,12.047819214796526,13.107967148964493,4.4299066162552586e-05,0.0674826221722949,0.0006564514646370638
bfo-a7d84a931ad75b81180fb1321625d2044481cdc1305f26da0079240dfc24f3c7,4359,1000000.0,24.62793255462647,12.04781919654826,13.107967127576401,4.4299090531219684e-05,0.06748262852731823,0.0006564517639274615
bfo-a7d84a931ad75b81180fb1321625d2044481cdc1305f26da0079240dfc24f3c7,4360,1000000.0000000006,24.627932550714227,12.047819199463424,13.107967136897475,4.4299084067587666e-05,0.06748262482648362,0.0006564517041459604
bfo-a7d84a931ad75b81180fb1321625d2044481cdc1305f26da0079240dfc24f3c7,4361,24.627932564651687,24.627932564651687,12.047819243370341,13.10796717315526,4.429904581018831e-05,0.06748261894859468,0.0006564511944021228
bfo-a7d84a931ad75b81180fb1321625d2044481cdc1305f26da0079240dfc24f3c7,4362,1000000.0000000005,24.62793254939372,12.04781919426238,13.10796714460989,4.4299079421832775e-05,0.06748261863171924,0.000656451695563139
bfo-a7d84a931ad75b81180fb1321625d2044481cdc1305f26da0079240dfc24f3c7,4363,1000000.0,24.627932555708668,12.047819190053653,13.107967126400471,4.429907576829147e-05,0.067482625932317,0.0006564515704045376
bfo-a7d84a931ad75b81180fb1321625d2044481cdc1305f26da0079240dfc24f3c7,4364,1000000.000000001,24.627932546689244,12.047819211954442,13.107967145009678,4.429905926338205e-05,0.06748262358135483,0.0006564513486938835
bfo-a7d84a931ad75b81180fb1321625d2044481cdc1305f26da0079240dfc24f3c7,4365,1000000.0,24.627932567948708,12.047819227433637,13.107967154538176,4.429905532674394e-05,0.06748262371986585,0.000656451289010907
bfo-a7d84a931ad75b81180fb1321625d2044481cdc1305f26da0079240dfc24f3c7,4366,1000000.0000000019,24.627932539630923,12.047819212980949,13.107967151039125,4.429906558303439e-05,0.06748262149613443,0.0006564514626268919
bfo-a7d84a931ad75b81180fb1321625d2044481cdc1305f26da0079240dfc24f3c7,4367,24.62793256763066,24.62793256763066,12.047819226547118,13.107967145115051,4.4299044488615724e-05,0.0674826253024666,0.0006564511130096257
bfo-a7d84a931ad75b81180fb1321625d2044481cdc1305f26da0079240dfc24f3c7,4368,1000000.0000000012,24.627932544225807,12.047819212287333,13.107967150872817,4.429907576086558e-05,0.06748262168246476,0.0006564516116358387
bfo-a7d84a931ad75b81180fb1321625d2044481cdc1305f26da0079240dfc24f3c7,4369,24.627932556330613,24.627932556330613,12.047819179621607,13.107967118348862,4.429910494240872e-05,0.06748262989959138,0.0006564519641324317
bfo-a7d84a931ad75b81180fb1321625d2044481cdc1305f26da0079240dfc24f3c7,4370,1000000.0000000001,24.627932553810986,12.047819201544351,13.107967141274775,4.4299074755621036e-05,0.06748262150850835,0.0006564515984316898
bfo-a7d84a931ad75b81180fb1321625d2044481cdc1305f26da0079240dfc24f3c7,4371,1000000.0,24.62793254890205,12.047819210032005,13.107967158397301,4.429908009071932e-05,0.06748261778682306,0.0006564517136940313
bfo-a7d84a931ad75b81180fb1321625d2044481cdc1305f26da0079240dfc24f3c7,4372,1000000.0000000003,24.627932560794886,12.047819201857699,13.107967133114887,4.4299080014083864e-05,0.06748262713720242,0.0006564516216005804
bfo-a7d84a931ad75b81180fb1321625d2044481cdc1305f26da0079240dfc24f3c7,4373,1000000.0,24.62793254816156,12.047819182042838,13.107967142376127,4.429908824655283e-05,0.06748261745682826,0.0006564518377624133
bfo-a7d84a931ad75b81180fb1321625d2044481cdc1305f26da0079240dfc24f3c7,4374,1000000.0000000002,24.627932555632476,12.04781922643716,13.107967156977017,4.429905447259792e-05,0.06748262211717777,0.0006564512919441159
bfo-a7d84a931ad75b81180fb1321625d2044481cdc1305f26da0079240dfc24f3c7,4375,24.62793255515109,24.62793255515109,12.047819224294471,13.107967162289988,4.4299055190064796e-05,0.067482618265093,0.0006564513400479534
bfo-a7d84a931ad75b81180fb1321625d2044481cdc1305f26da0079240dfc24f3c7,4376,1000000.0000000002,24.627932557548696,12.047819210831637,13.107967146060236,4.42990767963613e-05,0.06748262386298544,0.0006564516057689862
bfo-a7d84a931ad75b81180fb1321625d2044481cdc1305f26da0079240dfc24f3c7,4377,1000000.0,24.627932556482506,12.047819197874354,13.10796714323287,4.429907350760902e-05,0.06748261994626471,0.0006564515951349197
bfo-a7d84a931ad75b81180fb1321625d2044481cdc1305f26da0079240dfc24f3c7,4378,1000000.0000000001,24.62793255591984,12.047819221185396,13.107967159064636,4.429905985702764e-05,0.06748261965839025,0.0006564513956523597
bfo-a7d84a931ad75b81180fb1321625d2044481cdc1305f26da0079240dfc24f3c7,4379,24.62793255775675,24.62793255775675,12.047819183188135,13.107967125955357,4.4299092377149005e-05,0.06748262412276225,0.0006564518341278712
bfo-a7d84a931ad75b81180fb1321625d2044481cdc1305f26da0079240dfc24f3c7,4380,1000000.0000000014,24.627932556449743,12.047819216370407,13.107967157603273,4.4299066577128925e-05,0.0674826190738408,0.0006564515009213857
bfo-a7d84a931ad75b81180fb1321625d2044481cdc1305f26da0079240dfc24f3c7,4381,1000000.0,24.627932554462873,12.047819185653617,13.10796712857313,4.4299095289118905e-05,0.06748262387764112,0.0006564518796637432
bfo-a7d84a931ad75b81180fb1321625d2044481cdc1305f26da0079240dfc24f3c7,4382,1000000.0000000007,24.62793254652629,12.047819220729105,13.107967167955845,4.429906480036252e-05,0.06748261560305159,0.0006564515083549799
bfo-a7d84a931ad75b81180fb1321625d2044481cdc1305f26da0079240dfc24f3c7,4383,1000000.0,24.627932556887856,12.04781922407998,13.107967180749267,4.42990428476017e-05,0.0674826084246761,0.0006564512528742597
bfo-a7d84a931ad75b81180fb1321625d2044481cdc1305f26da0079240dfc24f3c7,4384,1000000.0000000014,24.62793254777918,12.047819211215897,13.107967150137204,4.429906377201357e-05,0.06748262090661823,0.0006564514415246879
bfo-a7d84a931ad75b81180fb1321625d2044481cdc1305f26da0079240dfc24f3c7,4385,1000000.0,24.62793269816635,12.047819213098089,13.107967152459246,4.429907317215028e-05,0.06748261986723303,0.0006564515909326783
bfo-a7d84a931ad75b81180fb1321625d2044481cdc1305f26da0079240dfc24f3c7,4386,1000000.0000000012,24.62793253039537,12.047819209466658,13.107967141942169,4.4299075064963296e-05,0.06748262511520599,0.0006564515679307991
bfo-a7d84a931ad75b81180fb1321625d2044481cdc1305f26da0079240dfc24f3c7,4387,24.62793223685648,24.62793223685648,12.04781918092774,13.10796713643138,4.4299058593429666e-05,0.06748261575755947,0.0006564514148737224
bfo-a7d84a931ad75b81180fb1321625d2044481cdc1305f26da0079240dfc24f3c7,4388,24.627932274782644,24.627932274782644,12.047819167482162,13.107967120201828,4.4299076150771504e-05,0.06748261944609975,0.0006564516391684293
bfo-a7d84a931ad75b81180fb1321625d2044481cdc1305f26da0079240dfc24f3c7,4389,1000000.0000000001,24.62793222562621,12.047819188425876,13.107967145226201,4.4299042815235255e-05,0.06748261317888593,0.0006564512061470615
bfo-a7d84a931ad75b81180fb1321625d2044481cdc1305f26da0079240dfc24f3c7,4390,1000000.0,24.627932263533435,12.04781915486242,13.1079671067082,4.429909295764668e-05,0.06748262241972378,0.0006564518592967272
bfo-a7d84a931ad75b81180fb1321625d2044481cdc1305f26da0079240dfc24f3c7,4391,1000000.0000000007,24.627932225863468,12.04781916536516,13.107967128136965,4.429907193367336e-05,0.06748261567662589,0.0006564516133451734
bfo-a7d84a931ad75b81180fb1321625d2044481cdc1305f26da0079240dfc24f3c7,4392,1000000.0,24.62793222826727,12.04781919284706,13.107967146501696,4.429903287826806e-05,0.06748261298415283,0.0006564510607891095
