run_id,evaluation_index,training_objective,expected_energy,cvar_0.10,cvar_0.25,p_opt,p_feas,p_opt_given_feas
bfo-6bd6714d37eff8e4dc621a9e7d4c1ec29e0ee776e3f389d1d1e9a5ceb8fd861e,0,21.44689531026483,42.688138671716686,16.220799562671154,21.44689531026483,0.0027880592462267884,0.01661805279083194,0.16777292028852747
bfo-6bd6714d37eff8e4dc621a9e7d4c1ec29e0ee776e3f389d1d1e9a5ceb8fd861e,1,21.44689531026483,42.688138671716686,16.220799562671154,21.44689531026483,0.0027880592462267884,0.01661805279083194,0.16777292028852747
bfo-6bd6714d37eff8e4dc621a9e7d4c1ec29e0ee776e3f389d1d1e9a5ceb8fd861e,2,56.225553443569524,95.36644865004018,45.017610091701435,56.225553443569524,5.9694747646969145e-09,0.00019181077136442497,3.112168687000062e-05
bfo-6bd6714d37eff8e4dc621a9e7d4c1ec29e0ee776e3f389d1d1e9a5ceb8fd861e,3,24.381695203379124,49.057438655998595,18.20963949862616,24.381695203379124,0.0010908101929607305,0.018659988076898143,0.058457175238562975
bfo-6bd6714d37eff8e4dc621a9e7d4c1ec29e0ee776e3f389d1d1e9a5ceb8fd861e,4,53.678468055252395,85.8235205565932,45.899507449910665,53.678468055252395,1.1338766846485465e-05,0.0001626719318432393,0.06970327774438802
bfo-6bd6714d37eff8e4dc621a9e7d4c1ec29e0ee776e3f389d1d1e9a5ceb8fd861e,5,53.82577664598575,87.42248618948821,45.77246142715007,53.82577664598575,1.1975921655693811e-05,0.0001366225484585374,0.08765699213500103
bfo-6bd6714d37eff8e4dc621a9e7d4c1ec29e0ee776e3f389d1d1e9a5ceb8fd861e,6,53.93513367062327,87.29410922196271,45.95032272958541,53.93513367062327,9.295902428604783e-06,0.00012648159532113585,0.07349608775096925
bfo-6bd6714d37eff8e4dc621a9e7d4c1ec29e0ee776e3f389d1d1e9a5ceb8fd861e,7,53.946021962723066,87.25513605057405,45.97744769798942,53.946021962723066,8.777311921074193e-06,0.0001249139104190158,0.0702668893450798
bfo-6bd6714d37eff8e4dc621a9e7d4c1ec29e0ee776e3f389d1d1e9a5ceb8fd861e,8,53.93889245461647,87.15524855005002,46.00274624473539,53.93889245461647,7.948070729846212e-06,0.0001236523724496039,0.06427754334503812
bfo-6bd6714d37eff8e4dc621a9e7d4c1ec29e0ee776e3f389d1d1e9a5ceb8fd861e,9,53.78125117392612,86.64715424912657,45.97615390509885,53.78125117392612,5.488572081990738e-06,0.00012480243172335642,0.04397808605329897
bfo-6bd6714d37eff8e4dc621a9e7d4c1ec29e0ee776e3f389d1d1e9a5ceb8fd861e,10,53.708116437446186,86.49967338646154,45.93199696157488,53.708116437446186,5.04135767936073e-06,0.00012734350042449487,0.0395886532296941
bfo-6bd6714d37eff8e4dc621a9e7d4c1ec29e0ee776e3f389d1d1e9a5ceb8fd861e,11,53.534826915590024,86.23237380621286,45.797454607066406,53.534826915590024,4.011294130714205e-06,0.00013663553062427886,0.029357621054983744
bfo-6bd6714d37eff8e4dc621a9e7d4c1ec29e0ee776e3f389d1d1e9a5ceb8fd861e,12,53.53409910677676,86.23195950234786,45.79664724242972,53.53409910677676,3.998956124492624e-06,0.0001367336008162183,0.029246330825936227
bfo-6bd6714d37eff8e4dc621a9e7d4c1ec29e0ee776e3f389d1d1e9a5ceb8fd861e,13,53.53409910677679,86.23195950234786,45.796647242429756,53.53409910677679,3.998956124492641e-06,0.00013673360081621773,0.029246330825936473
bfo-6bd6714d37eff8e4dc621a9e7d4c1ec29e0ee776e3f389d1d1e9a5ceb8fd861e,14,52.96456632150928,85.99850453764897,45.03510742147952,52.96456632150928,8.831122985837691e-07,0.00019982759108623326,0.004419371187848991
bfo-6bd6714d37eff8e4dc621a9e7d4c1ec29e0ee776e3f389d1d1e9a5ceb8fd861e,15,52.963180550976006,85.99905439000914,45.032639343175944,52.963180550976006,8.7889463161778e-07,0.00020005118973451225,0.004393348686324536
bfo-6bd6714d37eff8e4dc621a9e7d4c1ec29e0ee776e3f389d1d1e9a5ceb8fd861e,16,52.96318055097603,85.99905439000914,45.03263934317595,52.96318055097603,8.788946316177958e-07,0.00020005118973451144,0.0043933486863246335
bfo-6bd6714d37eff8e4dc621a9e7d4c1ec29e0ee776e3f389d1d1e9a5ceb8fd861e,17,53.07220636817227,86.15646327270429,45.05812358140887,53.07220636817227,1.3693146820523615e-06,0.00020940177827799192,0.006539174085878697
bfo-6bd6714d37eff8e4dc621a9e7d4c1ec29e0ee776e3f389d1d1e9a5ceb8fd861e,18,53.11819252175993,86.40224790989019,45.01592785550469,53.11819252175993,1.8268725040433016e-06,0.00020541610293566562,0.00889352138383942
bfo-6bd6714d37eff8e4dc621a9e7d4c1ec29e0ee776e3f389d1d1e9a5ceb8fd861e,19,51.79322814329589,84.97050300947467,44.060647679858185,51.79322814329589,3.807005693879445e-06,0.00026692813579600204,0.014262287047885137
bfo-6bd6714d37eff8e4dc621a9e7d4c1ec29e0ee776e3f389d1d1e9a5ceb8fd861e,20,23.677941953846933,46.18986801732418,17.67387089908262,23.677941953846933,0.002210767660075885,0.014843652611135835,0.14893690373872995
bfo-6bd6714d37eff8e4dc621a9e7d4c1ec29e0ee776e3f389d1d1e9a5ceb8fd861e,21,23.342058269771513,45.621657974426995,17.475526003052806,23.342058269771513,0.002231729022145867,0.01584332976941352,0.1408623726594615
bfo-6bd6714d37eff8e4dc621a9e7d4c1ec29e0ee776e3f389d1d1e9a5ceb8fd861e,22,23.34361586528286,45.624775071962375,17.476542470144334,23.34361586528286,0.002232667651306685,0.015846959455100795,0.14088933953749957
bfo-6bd6714d37eff8e4dc621a9e7d4c1ec29e0ee776e3f389d1d1e9a5ceb8fd861e,23,22.213864668915786,43.92264714691547,16.712405395730134,22.213864668915786,0.0025436868223149916,0.016576836656035113,0.1534482648949137
bfo-6bd6714d37eff8e4dc621a9e7d4c1ec29e0ee776e3f389d1d1e9a5ceb8fd861e,24,30.38665398369342,59.83326488310642,23.439326474102796,30.38665398369342,0.00025924801067728226,0.006273021230238749,0.04132745628654844
bfo-6bd6714d37eff8e4dc621a9e7d4c1ec29e0ee776e3f389d1d1e9a5ceb8fd861e,25,20.74983560137474,42.61531310200342,15.375103915406243,20.74983560137474,3.2784319833118054e-06,0.012046789940419484,0.00027214154140033477
bfo-6bd6714d37eff8e4dc621a9e7d4c1ec29e0ee776e3f389d1d1e9a5ceb8fd861e,26,39.26316876468053,73.47827929963472,31.09445045547827,39.26316876468053,3.96947302391891e-06,0.0022709489809229454,0.0017479358000837436
bfo-6bd6714d37eff8e4dc621a9e7d4c1ec29e0ee776e3f389d1d1e9a5ceb8fd861e,27,27.83226702372241,59.63530025434264,20.7955883758908,27.83226702372241,0.0001087825064771936,0.006740002686278385,0.016139831323607357
bfo-6bd6714d37eff8e4dc621a9e7d4c1ec29e0ee776e3f389d1d1e9a5ceb8fd861e,28,28.118318844281433,60.778212166331464,20.991809958844925,28.118318844281433,0.00010567828561451525,0.006687176282296073,0.015803125437906074
bfo-6bd6714d37eff8e4dc621a9e7d4c1ec29e0ee776e3f389d1d1e9a5ceb8fd861e,29,29.390041953016095,64.41887096625875,21.867185255851666,29.390041953016095,8.990333429229912e-05,0.00606502035753855,0.014823253508218366
bfo-6bd6714d37eff8e4dc621a9e7d4c1ec29e0ee776e3f389d1d1e9a5ceb8fd861e,30,30.599274140542484,66.86992673246871,22.71519782608115,30.599274140542484,8.464737338181862e-05,0.005350420730961324,0.01582069478984876
bfo-6bd6714d37eff8e4dc621a9e7d4c1ec29e0ee776e3f389d1d1e9a5ceb8fd861e,31,33.88293324782943,71.1516018631535,25.220777920226894,33.88293324782943,0.00012208268418338917,0.003707871860037118,0.03292527055726436
bfo-6bd6714d37eff8e4dc621a9e7d4c1ec29e0ee776e3f389d1d1e9a5ceb8fd861e,32,36.54468522189367,73.50280137444955,27.620290751177098,36.54468522189367,0.00015240730121176052,0.0026085643391917145,0.0584257397534558
bfo-6bd6714d37eff8e4dc621a9e7d4c1ec29e0ee776e3f389d1d1e9a5ceb8fd861e,33,38.75852311481505,75.63124350761707,29.693990129755335,38.75852311481505,0.00011301609849129128,0.0017240112123056786,0.06555415514968982
bfo-6bd6714d37eff8e4dc621a9e7d4c1ec29e0ee776e3f389d1d1e9a5ceb8fd861e,34,38.75852311481501,75.63124350761714,29.69399012975528,38.75852311481501,0.00011301609849129169,0.0017240112123056805,0.06555415514968999
bfo-6bd6714d37eff8e4dc621a9e7d4c1ec29e0ee776e3f389d1d1e9a5ceb8fd861e,35,38.80702986712841,75.70716966678128,29.735537044185836,38.80702986712841,0.00011207522945232914,0.0017093398237246823,0.06556638293731155
bfo-6bd6714d37eff8e4dc621a9e7d4c1ec29e0ee776e3f389d1d1e9a5ceb8fd861e,36,39.34049082837852,76.80234614714776,30.13229260474505,39.34049082837852,0.0001039255268892909,0.0016500658570741422,0.06298265396119958
bfo-6bd6714d37eff8e4dc621a9e7d4c1ec29e0ee776e3f389d1d1e9a5ceb8fd861e,37,39.340490828378535,76.80234614714767,30.132292604745054,39.340490828378535,0.00010392552688929079,0.0016500658570741413,0.06298265396119955
bfo-6bd6714d37eff8e4dc621a9e7d4c1ec29e0ee776e3f389d1d1e9a5ceb8fd861e,38,41.67542401608172,80.63268631572433,31.49576309721646,41.67542401608172,7.3505682378073455e-06,0.002091160933274089,0.003515065780374305
bfo-6bd6714d37eff8e4dc621a9e7d4c1ec29e0ee776e3f389d1d1e9a5ceb8fd861e,39,41.71578531859279,80.8432558569312,31.65485953345563,41.71578531859279,4.0027266281305926e-05,0.0014839617380441362,0.026973246853427585
bfo-6bd6714d37eff8e4dc621a9e7d4c1ec29e0ee776e3f389d1d1e9a5ceb8fd861e,40,35.0676611435545,67.13744228303783,28.161789327654187,35.0676611435545,8.132133925410676e-05,0.0026294799487365564,0.030926776716126318
bfo-6bd6714d37eff8e4dc621a9e7d4c1ec29e0ee776e3f389d1d1e9a5ceb8fd861e,41,32.90600716863462,67.86461927443204,24.905765742032514,32.90600716863462,2.4653504205027084e-05,0.003210658782406746,0.007678643504603917
bfo-6bd6714d37eff8e4dc621a9e7d4c1ec29e0ee776e3f389d1d1e9a5ceb8fd861e,42,27.406418088801033,55.3145300227374,21.247703817491168,27.406418088801033,0.0016989387136687078,0.012523337089716863,0.13566182092660725
bfo-6bd6714d37eff8e4dc621a9e7d4c1ec29e0ee776e3f389d1d1e9a5ceb8fd861e,43,34.30531662936538,64.68262693572036,28.20724076547556,34.30531662936538,2.0989297731583636e-06,0.0005147681731696742,0.004077427243091288
bfo-6bd6714d37eff8e4dc621a9e7d4c1ec29e0ee776e3f389d1d1e9a5ceb8fd861e,44,33.509709909962105,71.84720804130173,25.408851542698685,33.509709909962105,2.3839543773334057e-06,0.0027517024185228357,0.0008663561732860474
bfo-6bd6714d37eff8e4dc621a9e7d4c1ec29e0ee776e3f389d1d1e9a5ceb8fd861e,45,33.71343238562185,72.1568425009923,25.620267444436962,33.71343238562185,4.410342151869538e-06,0.0026675388021178696,0.0016533375815819377
bfo-6bd6714d37eff8e4dc621a9e7d4c1ec29e0ee776e3f389d1d1e9a5ceb8fd861e,46,1000000.0,86.26318179714615,35.30896938273629,46.126469125176875,4.1166333826450056e-05,0.001454835027167745,0.02829622126062786
bfo-6bd6714d37eff8e4dc621a9e7d4c1ec29e0ee776e3f389d1d1e9a5ceb8fd861e,47,45.372516704764784,84.84907016566109,34.772851337130135,45.372516704764784,0.00021605980816667011,0.0015872326942050602,0.13612358726952772
bfo-6bd6714d37eff8e4dc621a9e7d4c1ec29e0ee776e3f389d1d1e9a5ceb8fd861e,48,37.43705173239211,71.41036838250233,29.0528355938895,37.43705173239211,2.175116053193404e-05,0.0025785356259387746,0.008435470238661154
bfo-6bd6714d37eff8e4dc621a9e7d4c1ec29e0ee776e3f389d1d1e9a5ceb8fd861e,49,1000000.0,86.00237660175686,34.88291571335497,46.01676013756122,3.258377129821961e-05,0.0015508123106835097,0.02101077678694628
bfo-6bd6714d37eff8e4dc621a9e7d4c1ec29e0ee776e3f389d1d1e9a5ceb8fd861e,50,1000000.0055879838,47.10041542943094,17.050325759416978,23.345500513672608,2.8111727499074917e-05,0.010416648141694462,0.00269873063932656
bfo-6bd6714d37eff8e4dc621a9e7d4c1ec29e0ee776e3f389d1d1e9a5ceb8fd861e,51,39.49250434431034,75.41339117195686,30.21169922685229,39.49250434431034,2.5595085539742253e-06,0.0009154571550308405,0.002795880222147588
bfo-6bd6714d37eff8e4dc621a9e7d4c1ec29e0ee776e3f389d1d1e9a5ceb8fd861e,52,20.47167711508203,42.49830104339816,15.231371549213417,20.47167711508203,1.931418243049647e-05,0.013140551045066642,0.00146981525845125
bfo-6bd6714d37eff8e4dc621a9e7d4c1ec29e0ee776e3f389d1d1e9a5ceb8fd861e,53,20.22579422848609,44.583201265060424,15.056912079147084,20.22579422848609,3.5084668282401536e-05,0.0182921463339388,0.001918018128758696
bfo-6bd6714d37eff8e4dc621a9e7d4c1ec29e0ee776e3f389d1d1e9a5ceb8fd861e,54,1000000.0,75.80606419282793,28.616896429323884,38.33640418821576,4.009743761004544e-06,0.0030508906972502256,0.0013142862720773756
bfo-6bd6714d37eff8e4dc621a9e7d4c1ec29e0ee776e3f389d1d1e9a5ceb8fd861e,55,1000000.0144175873,45.7074368651774,15.275335741054219,20.69501336843634,3.176629717458255e-05,0.018247422487180497,0.0017408648918442904
bfo-6bd6714d37eff8e4dc621a9e7d4c1ec29e0ee776e3f389d1d1e9a5ceb8fd861e,56,20.266208154497573,39.891925826093384,15.33541072602925,20.266208154497573,2.906112381668043e-06,0.00942108615626799,0.0003084689316565227
bfo-6bd6714d37eff8e4dc621a9e7d4c1ec29e0ee776e3f389d1d1e9a5ceb8fd861e,57,1000000.0169940868,45.89059294385255,15.301519309064066,20.759090273820384,3.1469302512051656e-05,0.018216297537509016,0.0017275356008680412
bfo-6bd6714d37eff8e4dc621a9e7d4c1ec29e0ee776e3f389d1d1e9a5ceb8fd861e,58,19.55176432031805,38.909958790694816,15.025915560518467,19.55176432031805,3.044007562075753e-06,0.010782241722709859,0.0002823167612412527
bfo-6bd6714d37eff8e4dc621a9e7d4c1ec29e0ee776e3f389d1d1e9a5ceb8fd861e,59,1000000.0,72.44579561185942,28.20352446146857,36.65938898657224,9.207026573462927e-07,0.0012053374489252348,0.0007638546849824149
bfo-6bd6714d37eff8e4dc621a9e7d4c1ec29e0ee776e3f389d1d1e9a5ceb8fd861e,60,1000000.0041052247,41.1888157413414,15.751338665720269,21.111555490135643,3.1295149659487894e-06,0.007968264341693754,0.0003927473828363947
bfo-6bd6714d37eff8e4dc621a9e7d4c1ec29e0ee776e3f389d1d1e9a5ceb8fd861e,61,1000000.0,96.95011699101192,39.51176845507856,52.49307953780339,2.0170477987308343e-06,0.0002634582528276223,0.007656043327861001
bfo-6bd6714d37eff8e4dc621a9e7d4c1ec29e0ee776e3f389d1d1e9a5ceb8fd861e,62,1000000.0000875292,37.55840104345975,14.569827842191726,18.517958241644326,3.4510864121394853e-06,0.014111932454486945,0.0002445509446186584
bfo-6bd6714d37eff8e4dc621a9e7d4c1ec29e0ee776e3f389d1d1e9a5ceb8fd861e,63,1000000.0,42.59534568866707,15.747501797074618,21.55987071549002,5.889731608737209e-06,0.009668913604158296,0.0006091409903801623
bfo-6bd6714d37eff8e4dc621a9e7d4c1ec29e0ee776e3f389d1d1e9a5ceb8fd861e,64,1000000.0063671924,37.87023802184898,14.495686917395123,18.39372130708652,3.937181748933975e-06,0.015579866176261404,0.0002527095999664584
bfo-6bd6714d37eff8e4dc621a9e7d4c1ec29e0ee776e3f389d1d1e9a5ceb8fd861e,65,1000000.0,74.77582753874864,25.28137749561643,35.2976363695242,2.7319581530921047e-06,0.007425465637416549,0.00036791741912128775
bfo-6bd6714d37eff8e4dc621a9e7d4c1ec29e0ee776e3f389d1d1e9a5ceb8fd861e,66,1000000.0109511798,38.010835522989304,14.523320122571999,18.488683569181788,3.833566076081302e-06,0.015479312939549246,0.0002476573793069742
bfo-6bd6714d37eff8e4dc621a9e7d4c1ec29e0ee776e3f389d1d1e9a5ceb8fd861e,67,1000000.0,78.57028263936454,30.1247196327455,39.58925607341064,1.9869786239137955e-06,0.0009836903781013037,0.0020199228010637
bfo-6bd6714d37eff8e4dc621a9e7d4c1ec29e0ee776e3f389d1d1e9a5ceb8fd861e,68,1000000.0030955583,38.095748475376595,14.499752880908762,18.45722986641307,4.0440780782475296e-06,0.016079545358962593,0.0002515045038878165
bfo-6bd6714d37eff8e4dc621a9e7d4c1ec29e0ee776e3f389d1d1e9a5ceb8fd861e,69,1000000.0,99.32302438210995,39.386024361922246,53.306874195067465,1.38574689772679e-06,0.0003158027139079857,0.004388014531536135
bfo-6bd6714d37eff8e4dc621a9e7d4c1ec29e0ee776e3f389d1d1e9a5ceb8fd861e,70,1000000.0174904757,40.40358186658113,15.459292957938265,20.59329308837524,2.3752249000525832e-06,0.00902361433893501,0.00026322322861294995
bfo-6bd6714d37eff8e4dc621a9e7d4c1ec29e0ee776e3f389d1d1e9a5ceb8fd861e,71,1000000.0,73.45667087118585,29.24453810521303,38.100258171292054,3.460298623285321e-07,0.0012006276040727047,0.00028820748511424203
bfo-6bd6714d37eff8e4dc621a9e7d4c1ec29e0ee776e3f389d1d1e9a5ceb8fd861e,72,1000000.0001019336,38.25283388469665,14.508973520445737,18.48164148339966,5.488532971000236e-06,0.016412600886889204,0.00033440970196165637
bfo-6bd6714d37eff8e4dc621a9e7d4c1ec29e0ee776e3f389d1d1e9a5ceb8fd861e,73,1000000.0,68.65544677677684,26.77739191707013,34.675319621598426,1.5674177402154357e-05,0.0017258685780169132,0.009081906700082904
bfo-6bd6714d37eff8e4dc621a9e7d4c1ec29e0ee776e3f389d1d1e9a5ceb8fd861e,74,1000000.0000185022,38.333621336605944,14.479369258307408,18.43067799512056,5.889890136151501e-06,0.016988899308957188,0.0003466905082571258
bfo-6bd6714d37eff8e4dc621a9e7d4c1ec29e0ee776e3f389d1d1e9a5ceb8fd861e,75,1000000.0,76.48558593907589,29.195034586037654,38.32014441508589,2.1376581502779097e-07,0.000958965417267519,0.00022291295512709557
bfo-6bd6714d37eff8e4dc621a9e7d4c1ec29e0ee776e3f389d1d1e9a5ceb8fd861e,76,1000000.0081632476,38.58768678912514,14.453214494738184,18.421317206780955,6.91142290341657e-06,0.018059399216618758,0.0003827050291383164
bfo-6bd6714d37eff8e4dc621a9e7d4c1ec29e0ee776e3f389d1d1e9a5ceb8fd861e,77,1000000.0,56.210468224789395,21.64816520362671,28.622373079174437,5.968133040788207e-07,0.002368708700625744,0.00025195723894675607
bfo-6bd6714d37eff8e4dc621a9e7d4c1ec29e0ee776e3f389d1d1e9a5ceb8fd861e,78,1000000.0000812102,38.94512402375611,14.443148320073346,18.460193701874932,7.85523241821731e-06,0.019083168710693696,0.000411631450588992
bfo-6bd6714d37eff8e4dc621a9e7d4c1ec29e0ee776e3f389d1d1e9a5ceb8fd861e,79,1000000.0,71.58198404702566,27.213777847763495,35.56926336809824,3.9466491353348885e-06,0.00144833118498855,0.002724963168811482
bfo-6bd6714d37eff8e4dc621a9e7d4c1ec29e0ee776e3f389d1d1e9a5ceb8fd861e,80,1000000.0000527195,39.910466932719274,14.528119760591084,18.768962219595238,8.060943598555007e-06,0.019905062773348848,0.00040496951405488214
bfo-6bd6714d37eff8e4dc621a9e7d4c1ec29e0ee776e3f389d1d1e9a5ceb8fd861e,81,1000000.0,58.64113240221356,23.071451575733615,29.957861943425474,2.4196852593923447e-06,0.0017807214104148643,0.0013588230282628082
bfo-6bd6714d37eff8e4dc621a9e7d4c1ec29e0ee776e3f389d1d1e9a5ceb8fd861e,82,1000000.000040565,38.58909658125215,14.9985770974073,19.563804995980703,3.021838189833629e-06,0.01064368127198064,0.00028390912059614006
bfo-6bd6714d37eff8e4dc621a9e7d4c1ec29e0ee776e3f389d1d1e9a5ceb8fd861e,83,1000000.0,62.038782480541514,23.61703510697146,30.85067893426431,2.0620196080659562e-06,0.0017995528287549174,0.0011458511109632918
bfo-6bd6714d37eff8e4dc621a9e7d4c1ec29e0ee776e3f389d1d1e9a5ceb8fd861e,84,1000000.0001644277,39.3403672036881,15.094917097746873,19.716126110846822,2.818520057464901e-06,0.010646201438769766,0.00026474419760655945
bfo-6bd6714d37eff8e4dc621a9e7d4c1ec29e0ee776e3f389d1d1e9a5ceb8fd861e,85,1000000.0,40.82128735429917,14.526327381417708,18.81511582475375,1.3063055489926805e-05,0.02168230280106751,0.0006024754662721367
bfo-6bd6714d37eff8e4dc621a9e7d4c1ec29e0ee776e3f389d1d1e9a5ceb8fd861e,86,1000000.0001366034,39.074250159307056,15.044322159911678,19.576028862130414,2.9666364612644968e-06,0.011042431154565746,0.00026865790872853876
bfo-6bd6714d37eff8e4dc621a9e7d4c1ec29e0ee776e3f389d1d1e9a5ceb8fd861e,87,1000000.0,37.60271068465851,14.440103932685446,18.23604055535148,4.739029194845265e-06,0.015524994217146947,0.00030525159163094127
bfo-6bd6714d37eff8e4dc621a9e7d4c1ec29e0ee776e3f389d1d1e9a5ceb8fd861e,88,1000000.000161386,39.44026404603596,15.146553051088828,19.815709069417217,2.782393764583383e-06,0.010716349694273054,0.00025964006811669534
bfo-6bd6714d37eff8e4dc621a9e7d4c1ec29e0ee776e3f389d1d1e9a5ceb8fd861e,89,1000000.0,82.83367912849323,32.49021491669415,42.94386315359787,5.640937752602714e-07,0.0006404646000620535,0.0008807571491158408
bfo-6bd6714d37eff8e4dc621a9e7d4c1ec29e0ee776e3f389d1d1e9a5ceb8fd861e,90,1000000.012545234,38.42694966331467,14.776406884950246,18.958733328473986,4.351262146220406e-06,0.012835946618641125,0.000338990358521844
bfo-6bd6714d37eff8e4dc621a9e7d4c1ec29e0ee776e3f389d1d1e9a5ceb8fd861e,91,1000000.0,53.28848708442201,17.18480597232792,23.92281908184237,2.1253683946161863e-05,0.0172361233431466,0.0012330895714211003
bfo-6bd6714d37eff8e4dc621a9e7d4c1ec29e0ee776e3f389d1d1e9a5ceb8fd861e,92,1000000.0120126485,38.50379323852271,14.899937043214672,19.26216235571472,1.4479155758610405e-06,0.01162941147403604,0.00012450463027244963
bfo-6bd6714d37eff8e4dc621a9e7d4c1ec29e0ee776e3f389d1d1e9a5ceb8fd861e,93,1000000.0,38.52007282764402,14.380730490128512,18.241891629189453,6.286516278607212e-06,0.017474186904033448,0.0003597601601225942
bfo-6bd6714d37eff8e4dc621a9e7d4c1ec29e0ee776e3f389d1d1e9a5ceb8fd861e,94,1000000.0000959301,39.84039482730154,15.137327735364089,19.86777851434131,3.1411905436772484e-06,0.010617124233823189,0.0002958607693098564
bfo-6bd6714d37eff8e4dc621a9e7d4c1ec29e0ee776e3f389d1d1e9a5ceb8fd861e,95,1000000.0,37.4510503352046,14.641949481232627,18.876365357972976,2.8472993007462486e-06,0.012074739958572927,0.00023580626253774507
bfo-6bd6714d37eff8e4dc621a9e7d4c1ec29e0ee776e3f389d1d1e9a5ceb8fd861e,96,1000000.0002451546,37.56334084719799,14.62528864292489,18.574110039063513,6.595656679070075e-06,0.012324604957856719,0.0005351617111967115
bfo-6bd6714d37eff8e4dc621a9e7d4c1ec29e0ee776e3f389d1d1e9a5ceb8fd861e,97,1000000.0,64.55300458594706,19.194926211809094,27.095593247000917,1.8881000885515458e-05,0.014658835270892222,0.0012880287237422685
bfo-6bd6714d37eff8e4dc621a9e7d4c1ec29e0ee776e3f389d1d1e9a5ceb8fd861e,98,1000000.0002435221,37.96230546564683,14.86084435433756,19.097889435811034,3.969106244528688e-06,0.011289594348137212,0.0003515720868379644
bfo-6bd6714d37eff8e4dc621a9e7d4c1ec29e0ee776e3f389d1d1e9a5ceb8fd861e,99,18.834445088234556,39.7831812625419,14.639868750157902,18.834445088234556,5.471061971209375e-06,0.015495531231982069,0.0003530735338661609
bfo-6bd6714d37eff8e4dc621a9e7d4c1ec29e0ee776e3f389d1d1e9a5ceb8fd861e,100,1000000.0,46.20871202167632,15.409883043948291,20.946024324110162,1.949379093758806e-05,0.015066992735445664,0.0012938076814577727
bfo-6bd6714d37eff8e4dc621a9e7d4c1ec29e0ee776e3f389d1d1e9a5ceb8fd861e,101,1000000.0001609914,40.8433697369604,14.731589584472049,19.1376524064929,5.353283713124371e-06,0.015313443881109848,0.0003495806530971131
bfo-6bd6714d37eff8e4dc621a9e7d4c1ec29e0ee776e3f389d1d1e9a5ceb8fd861e,102,1000000.0,51.58416452432003,19.97486426789537,26.98154256295132,2.273947559171406e-06,0.0031531124863139787,0.0007211755270518985
bfo-6bd6714d37eff8e4dc621a9e7d4c1ec29e0ee776e3f389d1d1e9a5ceb8fd861e,103,1000000.0009894754,40.848901642006304,14.727794301357061,19.18566912019238,4.1114737178420615e-06,0.015487451703406575,0.00026547128582410454
bfo-6bd6714d37eff8e4dc621a9e7d4c1ec29e0ee776e3f389d1d1e9a5ceb8fd861e,104,1000000.0,49.828626507953985,19.833191156553966,26.076212460029865,7.284662031432812e-05,0.011098906988008885,0.006563404882393434
bfo-6bd6714d37eff8e4dc621a9e7d4c1ec29e0ee776e3f389d1d1e9a5ceb8fd861e,105,1000000.001411048,41.6229785726033,15.014414354311107,19.903166422369527,1.99680810732468e-06,0.01433867802923232,0.0001392602653643369
bfo-6bd6714d37eff8e4dc621a9e7d4c1ec29e0ee776e3f389d1d1e9a5ceb8fd861e,106,1000000.0,55.16975568984411,20.796799723372928,27.45919548700691,7.107042228042373e-05,0.012914074682347261,0.005503330593060035
bfo-6bd6714d37eff8e4dc621a9e7d4c1ec29e0ee776e3f389d1d1e9a5ceb8fd861e,107,1000000.0063217978,40.83113895897595,14.500036077644541,18.664312999012747,8.767045282836445e-06,0.017664919219307525,0.0004962969359777303
bfo-6bd6714d37eff8e4dc621a9e7d4c1ec29e0ee776e3f389d1d1e9a5ceb8fd861e,108,1000000.0,51.1198393636526,16.179972919791172,22.333202132403976,5.231152616216352e-05,0.014617755615823064,0.0035786291368518053
bfo-6bd6714d37eff8e4dc621a9e7d4c1ec29e0ee776e3f389d1d1e9a5ceb8fd861e,109,1000000.00515832,41.53995000130651,14.703073995747772,19.26474624558049,4.505335266794297e-06,0.016882175436754833,0.0002668693548217464
bfo-6bd6714d37eff8e4dc621a9e7d4c1ec29e0ee776e3f389d1d1e9a5ceb8fd861e,110,1000000.0,49.54904110879552,17.036590727167464,23.697363224923915,2.730536748916985e-05,0.015728555285596368,0.001736037861924617
bfo-6bd6714d37eff8e4dc621a9e7d4c1ec29e0ee776e3f389d1d1e9a5ceb8fd861e,111,1000000.0036494699,40.80251482750623,14.762732114704457,19.220846655513746,5.314307463741257e-06,0.015529306146843076,0.00034221152017288245
bfo-6bd6714d37eff8e4dc621a9e7d4c1ec29e0ee776e3f389d1d1e9a5ceb8fd861e,112,1000000.0,41.42671774444809,14.715313089875627,19.19849394881298,4.5516496410762556e-06,0.016121531824112745,0.0002823335704531761
bfo-6bd6714d37eff8e4dc621a9e7d4c1ec29e0ee776e3f389d1d1e9a5ceb8fd861e,113,1000000.0174210238,39.71762726423188,14.642548812965341,18.818871844896027,5.5974220923224376e-06,0.015404795985526736,0.00036335580799521023
bfo-6bd6714d37eff8e4dc621a9e7d4c1ec29e0ee776e3f389d1d1e9a5ceb8fd861e,114,1000000.0,39.61396487802321,15.568821924258495,20.33894570521614,6.251855057252143e-06,0.010318596656250324,0.0006058822982934586
bfo-6bd6714d37eff8e4dc621a9e7d4c1ec29e0ee776e3f389d1d1e9a5ceb8fd861e,115,1000000.0173924454,39.952220352637426,14.705304113669586,18.967638441212156,4.039471478275948e-06,0.014484230561244104,0.00027888754333174485
bfo-6bd6714d37eff8e4dc621a9e7d4c1ec29e0ee776e3f389d1d1e9a5ceb8fd861e,116,1000000.0,38.0671839157974,14.565371448434023,18.551920743488346,7.416959859624451e-06,0.017316849738125473,0.0004283088420692924
bfo-6bd6714d37eff8e4dc621a9e7d4c1ec29e0ee776e3f389d1d1e9a5ceb8fd861e,117,1000000.0036982705,39.47748839032964,14.600850004838314,18.719958856457044,3.2166895037992334e-06,0.01567237580764569,0.0002052458123311456
bfo-6bd6714d37eff8e4dc621a9e7d4c1ec29e0ee776e3f389d1d1e9a5ceb8fd861e,118,1000000.0,40.10020195383915,15.144892461952894,19.56625833758353,9.150635234180872e-06,0.013547597206775421,0.0006754434084890314
bfo-6bd6714d37eff8e4dc621a9e7d4c1ec29e0ee776e3f389d1d1e9a5ceb8fd861e,119,1000000.0000000003,39.78318089970874,14.639868765785666,18.834445086173393,5.4710596311374826e-06,0.01549552941207494,0.0003530734243177353
bfo-6bd6714d37eff8e4dc621a9e7d4c1ec29e0ee776e3f389d1d1e9a5ceb8fd861e,120,1000000.0,42.21370404630686,15.370724183947425,20.31158038742348,1.187153259441684e-05,0.012796529942324086,0.0009277149858534814
bfo-6bd6714d37eff8e4dc621a9e7d4c1ec29e0ee776e3f389d1d1e9a5ceb8fd861e,121,1000000.0065878584,39.38595119362363,14.584284999199054,18.679493130560598,4.478827847613877e-06,0.015403253129864089,0.0002907715538953424
bfo-6bd6714d37eff8e4dc621a9e7d4c1ec29e0ee776e3f389d1d1e9a5ceb8fd861e,122,1000000.0,39.17676650660398,15.41456663510137,20.047525086612556,1.2589349151563724e-05,0.01402780317510237,0.0008974569285309245
bfo-6bd6714d37eff8e4dc621a9e7d4c1ec29e0ee776e3f389d1d1e9a5ceb8fd861e,123,1000000.0,40.425447501236704,14.804011278703292,19.234568255766188,6.315842643754112e-06,0.015342864364551203,0.000411646905928889
bfo-6bd6714d37eff8e4dc621a9e7d4c1ec29e0ee776e3f389d1d1e9a5ceb8fd861e,124,1000000.0027858502,39.732365814196356,14.597161871375663,18.692393473433622,7.222692556916848e-06,0.016011446793658148,0.00045109555994512807
bfo-6bd6714d37eff8e4dc621a9e7d4c1ec29e0ee776e3f389d1d1e9a5ceb8fd861e,125,1000000.0,40.61890773143429,15.21149415655839,20.11657615841202,2.6974684399344095e-06,0.01031823614326747,0.0002614272829658465
bfo-6bd6714d37eff8e4dc621a9e7d4c1ec29e0ee776e3f389d1d1e9a5ceb8fd861e,126,1000000.0003867735,39.75949614175218,14.65354992708977,18.845246761840485,5.36489806981404e-06,0.015297198236661553,0.00035071115552104333
bfo-6bd6714d37eff8e4dc621a9e7d4c1ec29e0ee776e3f389d1d1e9a5ceb8fd861e,127,1000000.0,39.73220669154326,14.634018359181333,18.835823730773434,5.489687711924151e-06,0.01552187477656582,0.0003536742687946573
bfo-6bd6714d37eff8e4dc621a9e7d4c1ec29e0ee776e3f389d1d1e9a5ceb8fd861e,128,1000000.0003565717,39.43044700686169,14.694366626466044,18.88764272471967,4.874748973867539e-06,0.01433059468946912,0.0003401637600880418
bfo-6bd6714d37eff8e4dc621a9e7d4c1ec29e0ee776e3f389d1d1e9a5ceb8fd861e,129,1000000.0,40.039242710969965,14.656114798312275,18.90032285352724,6.261214891536035e-06,0.016310476707332253,0.00038387687888492876
bfo-6bd6714d37eff8e4dc621a9e7d4c1ec29e0ee776e3f389d1d1e9a5ceb8fd861e,130,1000000.0009565694,39.70196483126503,14.639709073819503,18.81714687491264,5.567504100157604e-06,0.015432198254525816,0.00036077193983202077
bfo-6bd6714d37eff8e4dc621a9e7d4c1ec29e0ee776e3f389d1d1e9a5ceb8fd861e,131,1000000.0,39.690199557776324,14.661762957533346,18.856729529582598,5.298107776049531e-06,0.014965898534948823,0.00035401200694213096
bfo-6bd6714d37eff8e4dc621a9e7d4c1ec29e0ee776e3f389d1d1e9a5ceb8fd861e,132,1000000.0004648811,39.821221084764105,14.63207887705683,18.820070368856804,5.714176416775919e-06,0.015714987246813642,0.00036361317556490673
bfo-6bd6714d37eff8e4dc621a9e7d4c1ec29e0ee776e3f389d1d1e9a5ceb8fd861e,133,1000000.0,40.00091267204013,14.626437381385493,18.83584992964767,5.505750134755011e-06,0.01591643817960371,0.0003459159689264156
bfo-6bd6714d37eff8e4dc621a9e7d4c1ec29e0ee776e3f389d1d1e9a5ceb8fd861e,134,1000000.0005025842,39.86243900438775,14.615056782413443,18.793592060411132,5.999780130128357e-06,0.015790713671116025,0.0003799562359935006
bfo-6bd6714d37eff8e4dc621a9e7d4c1ec29e0ee776e3f389d1d1e9a5ceb8fd861e,135,1000000.0,39.78425142067661,14.584881748396159,18.715956006288092,6.532043230763295e-06,0.015407203106409162,0.0004239603506003023
bfo-6bd6714d37eff8e4dc621a9e7d4c1ec29e0ee776e3f389d1d1e9a5ceb8fd861e,136,1000000.0004652841,39.58940301161548,14.660656858789853,18.84662895681585,5.135891262936167e-06,0.014853030048806186,0.0003457807091253387
bfo-6bd6714d37eff8e4dc621a9e7d4c1ec29e0ee776e3f389d1d1e9a5ceb8fd861e,137,1000000.0,39.416431658063374,14.656649427107654,18.80696571831716,5.28175727165526e-06,0.014255582967842989,0.0003705044741817698
bfo-6bd6714d37eff8e4dc621a9e7d4c1ec29e0ee776e3f389d1d1e9a5ceb8fd861e,138,1000000.0009547275,39.545634131578936,14.70475794992047,18.92737833371581,4.733103458473857e-06,0.014149008793833644,0.00033451837704253994
bfo-6bd6714d37eff8e4dc621a9e7d4c1ec29e0ee776e3f389d1d1e9a5ceb8fd861e,139,1000000.0,40.14258353715891,14.628600084604475,18.860851935977973,6.055765874444229e-06,0.01672795420661358,0.0003620147329223328
bfo-6bd6714d37eff8e4dc621a9e7d4c1ec29e0ee776e3f389d1d1e9a5ceb8fd861e,140,1000000.0013659229,39.503606664939205,14.646001041324805,18.8014851799838,5.097068268076272e-06,0.014855713380373605,0.00034310491442371156
bfo-6bd6714d37eff8e4dc621a9e7d4c1ec29e0ee776e3f389d1d1e9a5ceb8fd861e,141,1000000.0,40.30400398829532,14.651504094420998,18.920896968233272,6.527676284376743e-06,0.0168146537652088,0.0003882135413268608
bfo-6bd6714d37eff8e4dc621a9e7d4c1ec29e0ee776e3f389d1d1e9a5ceb8fd861e,142,1000000.0012856923,39.615663134394126,14.701451805093892,18.950576611588932,4.479101987548289e-06,0.014482707387481013,0.0003092724217724696
bfo-6bd6714d37eff8e4dc621a9e7d4c1ec29e0ee776e3f389d1d1e9a5ceb8fd861e,143,1000000.0,41.07887167404417,14.648001715396465,19.03076368098164,7.5233181568182896e-06,0.01766011064792788,0.0004260062865291858
bfo-6bd6714d37eff8e4dc621a9e7d4c1ec29e0ee776e3f389d1d1e9a5ceb8fd861e,144,1000000.0006691857,39.5032687922871,14.68028931158386,18.85508198450142,5.1505440464846206e-06,0.014514288503627173,0.0003548602499666092
bfo-6bd6714d37eff8e4dc621a9e7d4c1ec29e0ee776e3f389d1d1e9a5ceb8fd861e,145,1000000.0,40.915712618355066,14.656020390035378,18.986728603239055,8.141476322908205e-06,0.017459668746006768,0.0004663018778503605
bfo-6bd6714d37eff8e4dc621a9e7d4c1ec29e0ee776e3f389d1d1e9a5ceb8fd861e,146,1000000.0000599572,39.65749642724072,14.634871766220737,18.81091299268266,5.56808665907352e-06,0.01519655254234945,0.00036640459364428127
bfo-6bd6714d37eff8e4dc621a9e7d4c1ec29e0ee776e3f389d1d1e9a5ceb8fd861e,147,1000000.0,40.02338746045524,14.701339130462804,18.97313418953715,4.979122823525387e-06,0.01568764125982681,0.0003173914255851842
bfo-6bd6714d37eff8e4dc621a9e7d4c1ec29e0ee776e3f389d1d1e9a5ceb8fd861e,148,1000000.0003602434,39.78656377241888,14.61949529861668,18.797305015743316,5.806558522378876e-06,0.01579695606325,0.0003675745187319498
bfo-6bd6714d37eff8e4dc621a9e7d4c1ec29e0ee776e3f389d1d1e9a5ceb8fd861e,149,1000000.0,40.4836684452824,14.661886286687302,18.955348151387568,7.047193570160148e-06,0.017380338205626487,0.0004054693002394384
bfo-6bd6714d37eff8e4dc621a9e7d4c1ec29e0ee776e3f389d1d1e9a5ceb8fd861e,150,1000000.0003829158,39.90727845284493,14.635860782640146,18.842782258277282,5.62815056440814e-06,0.01573040116035629,0.0003577881140496397
bfo-6bd6714d37eff8e4dc621a9e7d4c1ec29e0ee776e3f389d1d1e9a5ceb8fd861e,151,1000000.0,40.004354596057006,14.661572839091798,18.934251135211422,5.032711181598748e-06,0.015658713716322235,0.0003214000378813223
bfo-6bd6714d37eff8e4dc621a9e7d4c1ec29e0ee776e3f389d1d1e9a5ceb8fd861e,152,1000000.0000751473,39.67472596396818,14.639879335260776,18.824116768046913,5.518761045421758e-06,0.01533339390068144,0.00035991777692324825
bfo-6bd6714d37eff8e4dc621a9e7d4c1ec29e0ee776e3f389d1d1e9a5ceb8fd861e,153,18.917161348926488,39.67996807949511,14.676053110450884,18.917161348926488,4.115989076486904e-06,0.015115984045439687,0.00027229382249372304
bfo-6bd6714d37eff8e4dc621a9e7d4c1ec29e0ee776e3f389d1d1e9a5ceb8fd861e,154,1000000.0000859156,39.54350951740784,14.624953358554448,18.76918856751934,5.50299787687479e-06,0.015250925310025271,0.00036083042602387983
bfo-6bd6714d37eff8e4dc621a9e7d4c1ec29e0ee776e3f389d1d1e9a5ceb8fd861e,155,1000000.0002061777,39.42369973686077,14.651597901153016,18.773363948776577,5.423230414599414e-06,0.014572577178812893,0.0003721531440906872
bfo-6bd6714d37eff8e4dc621a9e7d4c1ec29e0ee776e3f389d1d1e9a5ceb8fd861e,156,1000000.0004507735,39.28847388242821,14.600618491563097,18.59531871926361,6.607106743200506e-06,0.014775781986847796,0.0004471578390288661
bfo-6bd6714d37eff8e4dc621a9e7d4c1ec29e0ee776e3f389d1d1e9a5ceb8fd861e,157,1000000.0,40.29772345002142,14.566021551285035,18.731124348154275,8.047692176745468e-06,0.017061801251804364,0.0004716789310797058
bfo-6bd6714d37eff8e4dc621a9e7d4c1ec29e0ee776e3f389d1d1e9a5ceb8fd861e,158,1000000.0001124778,40.01251656117037,14.704355158744775,19.01233468483819,4.647798726423753e-06,0.015137233115932769,0.0003070441401560824
bfo-6bd6714d37eff8e4dc621a9e7d4c1ec29e0ee776e3f389d1d1e9a5ceb8fd861e,159,1000000.0,39.758106354307444,14.783591212115134,19.1009239827572,4.021747540902001e-06,0.01360090856811545,0.00029569697647480447
bfo-6bd6714d37eff8e4dc621a9e7d4c1ec29e0ee776e3f389d1d1e9a5ceb8fd861e,160,1000000.0006957396,39.803770217683635,14.645297034003246,18.84666258942557,5.361181835636759e-06,0.015397910421145742,0.0003481759335522773
bfo-6bd6714d37eff8e4dc621a9e7d4c1ec29e0ee776e3f389d1d1e9a5ceb8fd861e,161,1000000.0,40.044017750918954,14.62430210901891,18.832777738031087,5.8907103116795136e-06,0.016354937345185516,0.0003601793261172958
bfo-6bd6714d37eff8e4dc621a9e7d4c1ec29e0ee776e3f389d1d1e9a5ceb8fd861e,162,1000000.0003385982,39.738521457768094,14.64079082954709,18.82846947365989,5.513905209073262e-06,0.015574326780581257,0.00035403810943200685
bfo-6bd6714d37eff8e4dc621a9e7d4c1ec29e0ee776e3f389d1d1e9a5ceb8fd861e,163,1000000.0,41.17449938342246,14.68455337003904,19.1134985941345,6.482870694744896e-06,0.017620173464081644,0.00036792320506719714
bfo-6bd6714d37eff8e4dc621a9e7d4c1ec29e0ee776e3f389d1d1e9a5ceb8fd861e,164,1000000.0008483779,39.813129662261375,14.6415949772899,18.839114851718737,5.763622654422351e-06,0.015535938422712508,0.0003709864507441867
bfo-6bd6714d37eff8e4dc621a9e7d4c1ec29e0ee776e3f389d1d1e9a5ceb8fd861e,165,1000000.0,40.26712127952685,14.757162509356105,19.209065523659604,3.563950622038185e-06,0.01520591758580809,0.00023437918836048888
bfo-6bd6714d37eff8e4dc621a9e7d4c1ec29e0ee776e3f389d1d1e9a5ceb8fd861e,166,1000000.000349632,39.84079164091881,14.655861130416584,18.875774376415617,5.491988725611706e-06,0.015445509647646757,0.0003555718685170387
bfo-6bd6714d37eff8e4dc621a9e7d4c1ec29e0ee776e3f389d1d1e9a5ceb8fd861e,167,1000000.0,39.931604097392515,14.620755800614159,18.83115606724019,5.169683437205918e-06,0.0159470021274117,0.0003241790147076998
bfo-6bd6714d37eff8e4dc621a9e7d4c1ec29e0ee776e3f389d1d1e9a5ceb8fd861e,168,1000000.0024536146,39.77450474386569,14.660724967514454,18.873475309657138,5.35615406230898e-06,0.015336200501975726,0.0003492490895394175
bfo-6bd6714d37eff8e4dc621a9e7d4c1ec29e0ee776e3f389d1d1e9a5ceb8fd861e,169,1000000.0,40.13342497861096,14.651972431697887,18.92720969323236,5.024506863934883e-06,0.015877850574354778,0.0003164475468770471
bfo-6bd6714d37eff8e4dc621a9e7d4c1ec29e0ee776e3f389d1d1e9a5ceb8fd861e,170,1000000.0006509774,39.797337831611735,14.63490168161591,18.827468551766728,5.5185004006510985e-06,0.015598745125938788,0.000353778483852173
bfo-6bd6714d37eff8e4dc621a9e7d4c1ec29e0ee776e3f389d1d1e9a5ceb8fd861e,171,1000000.0,40.17135804343596,14.622493642089802,18.871773829450714,6.072248399532714e-06,0.016773762416580504,0.0003620087281986555
bfo-6bd6714d37eff8e4dc621a9e7d4c1ec29e0ee776e3f389d1d1e9a5ceb8fd861e,172,1000000.0026385688,39.68924793732459,14.633134209559287,18.810172213338824,5.467387382147813e-06,0.015480548820597167,0.00035317787796213977
bfo-6bd6714d37eff8e4dc621a9e7d4c1ec29e0ee776e3f389d1d1e9a5ceb8fd861e,173,19.15401320064123,39.591014594359805,14.814038620718028,19.15401320064123,3.898206117069996e-06,0.012962958556027984,0.0003007188598359953
bfo-6bd6714d37eff8e4dc621a9e7d4c1ec29e0ee776e3f389d1d1e9a5ceb8fd861e,174,1000000.0,39.927579466906074,14.664840486051311,18.91857248543966,5.289443283482443e-06,0.015450245826560727,0.00034235334135520934
bfo-6bd6714d37eff8e4dc621a9e7d4c1ec29e0ee776e3f389d1d1e9a5ceb8fd861e,175,1000000.0004901026,39.73413560541353,14.638876546650936,18.823362877861307,5.505675116173299e-06,0.015442659354340199,0.0003565237689858072
bfo-6bd6714d37eff8e4dc621a9e7d4c1ec29e0ee776e3f389d1d1e9a5ceb8fd861e,176,1000000.0,39.85808963000324,14.667977643193687,18.918697990216337,4.8718566125021004e-06,0.01530249663698723,0.00031837004954645597
bfo-6bd6714d37eff8e4dc621a9e7d4c1ec29e0ee776e3f389d1d1e9a5ceb8fd861e,177,1000000.00018346,39.79983808323042,14.636636793408702,18.830405697233775,5.515369200524818e-06,0.015578910574802091,0.000354027913187048
bfo-6bd6714d37eff8e4dc621a9e7d4c1ec29e0ee776e3f389d1d1e9a5ceb8fd861e,178,1000000.0,39.7739670563512,14.642356350297653,18.83663272951066,5.47753223220668e-06,0.015460807502571228,0.00035428500298549946
bfo-6bd6714d37eff8e4dc621a9e7d4c1ec29e0ee776e3f389d1d1e9a5ceb8fd861e,179,1000000.0001653692,39.73202680181306,14.64259030515192,18.83125461435403,5.401581813215253e-06,0.015378343414881215,0.00035124601314263053
bfo-6bd6714d37eff8e4dc621a9e7d4c1ec29e0ee776e3f389d1d1e9a5ceb8fd861e,180,1000000.0,39.79942684595879,14.640191407100177,18.83785427737902,5.481491916282506e-06,0.015494644096670344,0.000353766881128972
bfo-6bd6714d37eff8e4dc621a9e7d4c1ec29e0ee776e3f389d1d1e9a5ceb8fd861e,181,1000000.0002053059,39.79091821693039,14.63722197720199,18.831031368956506,5.471325790417399e-06,0.015518683655499023,0.0003525637813023299
bfo-6bd6714d37eff8e4dc621a9e7d4c1ec29e0ee776e3f389d1d1e9a5ceb8fd861e,182,1000000.0,39.79094095703034,14.640368079897087,18.838659986832187,5.4619782307306705e-06,0.01550830533995671,0.000352196975169043
bfo-6bd6714d37eff8e4dc621a9e7d4c1ec29e0ee776e3f389d1d1e9a5ceb8fd861e,183,1000000.0001301625,39.7897297571009,14.636549199305954,18.82897322857239,5.5183928942024225e-06,0.015555526157532305,0.00035475449935393563
bfo-6bd6714d37eff8e4dc621a9e7d4c1ec29e0ee776e3f389d1d1e9a5ceb8fd861e,184,1000000.0,39.79943840209255,14.64043672413481,18.840651365636553,5.490944020408144e-06,0.015523710076707196,0.00035371338380295575
bfo-6bd6714d37eff8e4dc621a9e7d4c1ec29e0ee776e3f389d1d1e9a5ceb8fd861e,185,1000000.0000958713,39.756663555119204,14.640874876239232,18.833596261131092,5.394006238359048e-06,0.015421821610189712,0.00034976453331525044
bfo-6bd6714d37eff8e4dc621a9e7d4c1ec29e0ee776e3f389d1d1e9a5ceb8fd861e,186,1000000.0,39.74222178771083,14.651201102621213,18.85068311225215,5.291781280932667e-06,0.015249207351987936,0.0003470200882436564
bfo-6bd6714d37eff8e4dc621a9e7d4c1ec29e0ee776e3f389d1d1e9a5ceb8fd861e,187,1000000.000176973,39.78771147145598,14.639048277504376,18.834807524777354,5.4410635201359286e-06,0.015533919475841155,0.0003502698419801933
bfo-6bd6714d37eff8e4dc621a9e7d4c1ec29e0ee776e3f389d1d1e9a5ceb8fd861e,188,1000000.0,39.80472161305818,14.64413500971784,18.84566105957563,5.511181360505307e-06,0.01549478604700653,0.00035567973276856075
bfo-6bd6714d37eff8e4dc621a9e7d4c1ec29e0ee776e3f389d1d1e9a5ceb8fd861e,189,1000000.0000369606,39.78538586295258,14.641157386482675,18.837516231287502,5.431172100549866e-06,0.015468230857233096,0.0003511178589638256
bfo-6bd6714d37eff8e4dc621a9e7d4c1ec29e0ee776e3f389d1d1e9a5ceb8fd861e,190,1000000.0,39.68095630657585,14.634880117499831,18.794734150642473,5.6266218654876975e-06,0.015293320872414716,0.0003679136737160011
bfo-6bd6714d37eff8e4dc621a9e7d4c1ec29e0ee776e3f389d1d1e9a5ceb8fd861e,191,1000000.0000468235,39.785216047698256,14.639761221153433,18.83517227780981,5.441546577392957e-06,0.015507859057208931,0.0003508896074770178
bfo-6bd6714d37eff8e4dc621a9e7d4c1ec29e0ee776e3f389d1d1e9a5ceb8fd861e,192,1000000.0,39.782406812922716,14.649591012066558,18.85389783909817,5.357256261652265e-06,0.015447035907737713,0.0003468145146842518
bfo-6bd6714d37eff8e4dc621a9e7d4c1ec29e0ee776e3f389d1d1e9a5ceb8fd861e,193,1000000.0000780707,39.76717649317622,14.645653247010717,18.844268773522273,5.375024843397154e-06,0.015415993368105008,0.0003486654875265993
bfo-6bd6714d37eff8e4dc621a9e7d4c1ec29e0ee776e3f389d1d1e9a5ceb8fd861e,194,1000000.0,39.739960709567825,14.628555343097931,18.802189776878105,5.653947996732987e-06,0.015542489096845356,0.0003637736505075344
bfo-6bd6714d37eff8e4dc621a9e7d4c1ec29e0ee776e3f389d1d1e9a5ceb8fd861e,195,1000000.0000606425,39.79092378952872,14.641387514834767,18.83993747664634,5.44125174785843e-06,0.015494410056647888,0.00035117514819635597
bfo-6bd6714d37eff8e4dc621a9e7d4c1ec29e0ee776e3f389d1d1e9a5ceb8fd861e,196,1000000.0,39.83050615525582,14.636500998703008,18.833210128560367,5.618454880808333e-06,0.01564852361812738,0.0003590405726390615
bfo-6bd6714d37eff8e4dc621a9e7d4c1ec29e0ee776e3f389d1d1e9a5ceb8fd861e,197,1000000.0000939255,39.81106949404791,14.637435478522216,18.833649157982883,5.519205726449362e-06,0.015594145028988734,0.0003539280746837634
bfo-6bd6714d37eff8e4dc621a9e7d4c1ec29e0ee776e3f389d1d1e9a5ceb8fd861e,198,1000000.0,39.795191689392794,14.637496901934947,18.831347993889903,5.523284251126184e-06,0.015465483446746106,0.00035713621692752627
bfo-6bd6714d37eff8e4dc621a9e7d4c1ec29e0ee776e3f389d1d1e9a5ceb8fd861e,199,1000000.0001089233,39.7696156975169,14.640600586958438,18.83365871164463,5.441052933869593e-06,0.015458217253967992,0.000351984504065171
bfo-6bd6714d37eff8e4dc621a9e7d4c1ec29e0ee776e3f389d1d1e9a5ceb8fd861e,200,1000000.0,39.74973906213384,14.637273218393707,18.826356646466124,5.4970968444024485e-06,0.015406688305921793,0.0003567993805839219
bfo-6bd6714d37eff8e4dc621a9e7d4c1ec29e0ee776e3f389d1d1e9a5ceb8fd861e,201,1000000.0002764411,39.78313145042175,14.638853538887249,18.831578845796592,5.490442940404015e-06,0.015505166997532968,0.0003541040829342632
bfo-6bd6714d37eff8e4dc621a9e7d4c1ec29e0ee776e3f389d1d1e9a5ceb8fd861e,202,1000000.0,39.78304314711366,14.638356245478024,18.832114541967346,5.48104069736406e-06,0.015531076825888822,0.0003529079637432279
bfo-6bd6714d37eff8e4dc621a9e7d4c1ec29e0ee776e3f389d1d1e9a5ceb8fd861e,203,1000000.0001227875,39.7359448665877,14.642715149949957,18.8323554735344,5.41604221811128e-06,0.01537287602833187,0.00035231157840144117
bfo-6bd6714d37eff8e4dc621a9e7d4c1ec29e0ee776e3f389d1d1e9a5ceb8fd861e,204,1000000.0,39.76260621279081,14.646868194234727,18.847213338926906,5.362933839662692e-06,0.015362944736865787,0.0003490824143104215
bfo-6bd6714d37eff8e4dc621a9e7d4c1ec29e0ee776e3f389d1d1e9a5ceb8fd861e,205,1000000.0000892195,39.78013402795373,14.638587841750834,18.83072044784575,5.489645616510879e-06,0.015507063768533946,0.00035400935331485233
bfo-6bd6714d37eff8e4dc621a9e7d4c1ec29e0ee776e3f389d1d1e9a5ceb8fd861e,206,1000000.0,39.78202359954368,14.650168712968744,18.85739486877871,5.326621118765496e-06,0.015389503869430951,0.00034612039244137475
bfo-6bd6714d37eff8e4dc621a9e7d4c1ec29e0ee776e3f389d1d1e9a5ceb8fd861e,207,1000000.0000122207,39.776746468337564,14.63876887464611,18.832022943911362,5.4819775309269325e-06,0.015488685688021928,0.00035393432608464537
bfo-6bd6714d37eff8e4dc621a9e7d4c1ec29e0ee776e3f389d1d1e9a5ceb8fd861e,208,1000000.0,39.865095254975685,14.6374060777034,18.842126510886303,5.558064923101168e-06,0.015693784027121627,0.0003541570926104152
bfo-6bd6714d37eff8e4dc621a9e7d4c1ec29e0ee776e3f389d1d1e9a5ceb8fd861e,209,1000000.0001662743,39.79037451149122,14.636147547912582,18.82819292372205,5.518211619629549e-06,0.01554319231098735,0.00035502434179681173
bfo-6bd6714d37eff8e4dc621a9e7d4c1ec29e0ee776e3f389d1d1e9a5ceb8fd861e,210,1000000.0,39.78170240401347,14.643573756646889,18.84159469433497,5.391834198955684e-06,0.015451517081399017,0.0003489517676841279
bfo-6bd6714d37eff8e4dc621a9e7d4c1ec29e0ee776e3f389d1d1e9a5ceb8fd861e,211,1000000.0000671174,39.797053461811146,14.637757197366215,18.831490488504652,5.509686237700963e-06,0.015540225985359963,0.00035454350811188283
bfo-6bd6714d37eff8e4dc621a9e7d4c1ec29e0ee776e3f389d1d1e9a5ceb8fd861e,212,1000000.0,39.812034729040676,14.639773715000993,18.840738361020307,5.422478783925243e-06,0.01557356479074766,0.0003481848155373372
bfo-6bd6714d37eff8e4dc621a9e7d4c1ec29e0ee776e3f389d1d1e9a5ceb8fd861e,213,1000000.0000451958,39.779378106780534,14.642415443471785,18.839389064650387,5.432370917686819e-06,0.015455168602882378,0.00035149218085357454
bfo-6bd6714d37eff8e4dc621a9e7d4c1ec29e0ee776e3f389d1d1e9a5ceb8fd861e,214,1000000.0,39.7623329480551,14.639656193022597,18.829798305434363,5.518695783640038e-06,0.015483578588425102,0.00035642249962586765
bfo-6bd6714d37eff8e4dc621a9e7d4c1ec29e0ee776e3f389d1d1e9a5ceb8fd861e,215,1000000.0001339675,39.79090354021007,14.63766640165395,18.830903147138585,5.498440193965917e-06,0.015521187065490865,0.00035425384481003455
bfo-6bd6714d37eff8e4dc621a9e7d4c1ec29e0ee776e3f389d1d1e9a5ceb8fd861e,216,1000000.0,39.81413793943862,14.643602553748147,18.845714983189513,5.444849525636478e-06,0.015525718215582103,0.0003506987213108025
bfo-6bd6714d37eff8e4dc621a9e7d4c1ec29e0ee776e3f389d1d1e9a5ceb8fd861e,217,1000000.0001248034,39.776268184274166,14.643696961226704,18.841071553962006,5.427572654529422e-06,0.01544906508907952,0.0003513204600559299
bfo-6bd6714d37eff8e4dc621a9e7d4c1ec29e0ee776e3f389d1d1e9a5ceb8fd861e,218,1000000.0,39.70383190938247,14.650775914089245,18.843608776748077,5.298383502702019e-06,0.015232532627950811,0.0003478333926545999
bfo-6bd6714d37eff8e4dc621a9e7d4c1ec29e0ee776e3f389d1d1e9a5ceb8fd861e,219,1000000.0000791592,39.75248134820929,14.643582238087395,18.836374466352375,5.4198115317475224e-06,0.01539232768242095,0.00035211123642704824
bfo-6bd6714d37eff8e4dc621a9e7d4c1ec29e0ee776e3f389d1d1e9a5ceb8fd861e,220,1000000.0,39.8145721425005,14.635502575109891,18.832975241560884,5.543373151645379e-06,0.015603951912398946,0.0003552544370019878
bfo-6bd6714d37eff8e4dc621a9e7d4c1ec29e0ee776e3f389d1d1e9a5ceb8fd861e,221,1000000.0000402684,39.74935850335018,14.643683665042815,18.83748655096361,5.399468088156038e-06,0.015394558250905634,0.00035073874807926993
bfo-6bd6714d37eff8e4dc621a9e7d4c1ec29e0ee776e3f389d1d1e9a5ceb8fd861e,222,18.84520017011549,39.854294149945986,14.639734320864667,18.84520017011549,5.517632280704317e-06,0.015613410258947077,0.000353390591113335
bfo-6bd6714d37eff8e4dc621a9e7d4c1ec29e0ee776e3f389d1d1e9a5ceb8fd861e,223,1000000.0000385386,39.740847979898646,14.641132643984443,18.828183072643686,5.442124293949404e-06,0.015387607591766292,0.00035366929274056966
bfo-6bd6714d37eff8e4dc621a9e7d4c1ec29e0ee776e3f389d1d1e9a5ceb8fd861e,224,1000000.0,39.82638045352086,14.63895971594939,18.8384580376471,5.5039763525436435e-06,0.015550724333252842,0.00035393697647731
bfo-6bd6714d37eff8e4dc621a9e7d4c1ec29e0ee776e3f389d1d1e9a5ceb8fd861e,225,1000000.0000782806,39.77799886443992,14.64040964251217,18.834751736557983,5.451719872132264e-06,0.015473251108391395,0.0003523318941793498
bfo-6bd6714d37eff8e4dc621a9e7d4c1ec29e0ee776e3f389d1d1e9a5ceb8fd861e,226,1000000.0,39.828812424206454,14.637029374254315,18.83413309002016,5.549135627931248e-06,0.015609967078216486,0.0003554866964245554
bfo-6bd6714d37eff8e4dc621a9e7d4c1ec29e0ee776e3f389d1d1e9a5ceb8fd861e,227,1000000.000080473,39.809856800341734,14.640010021008791,18.8381279953558,5.493784949329461e-06,0.015542375346225969,0.0003534713856118186
bfo-6bd6714d37eff8e4dc621a9e7d4c1ec29e0ee776e3f389d1d1e9a5ceb8fd861e,228,1000000.0,39.790784451509005,14.640238710340968,18.836544596868364,5.464926378184115e-06,0.015533321516128596,0.0003518195623846297
bfo-6bd6714d37eff8e4dc621a9e7d4c1ec29e0ee776e3f389d1d1e9a5ceb8fd861e,229,1000000.0000175986,39.795577219187344,14.642721493553688,18.843694537039575,5.436005419057312e-06,0.015481525370885126,0.00035112854120178464
bfo-6bd6714d37eff8e4dc621a9e7d4c1ec29e0ee776e3f389d1d1e9a5ceb8fd861e,230,1000000.0,39.81068589077995,14.630429675252838,18.818931513020267,5.617602654419279e-06,0.01564876175709834,0.0003589806491795501
bfo-6bd6714d37eff8e4dc621a9e7d4c1ec29e0ee776e3f389d1d1e9a5ceb8fd861e,231,1000000.0000116082,39.7708775134669,14.639768617405428,18.8335858967183,5.465431073681917e-06,0.01547718625947891,0.0003531282096146286
bfo-6bd6714d37eff8e4dc621a9e7d4c1ec29e0ee776e3f389d1d1e9a5ceb8fd861e,232,1000000.0,39.808327422054376,14.63540172700617,18.83072267906643,5.531238117178519e-06,0.015591150543967276,0.0003547677961020481
bfo-6bd6714d37eff8e4dc621a9e7d4c1ec29e0ee776e3f389d1d1e9a5ceb8fd861e,233,1000000.0001122972,39.7795268572698,14.633869594925919,18.818767700701052,5.605144905393296e-06,0.015557265961290414,0.0003602911282316582
bfo-6bd6714d37eff8e4dc621a9e7d4c1ec29e0ee776e3f389d1d1e9a5ceb8fd861e,234,1000000.0,39.76811068941354,14.6466746631643,18.847924214065735,5.322168420084026e-06,0.015389920396563015,0.0003458216990695163
bfo-6bd6714d37eff8e4dc621a9e7d4c1ec29e0ee776e3f389d1d1e9a5ceb8fd861e,235,1000000.0,39.74901073549502,14.641021126870633,18.82942333460874,5.437393940594616e-06,0.015402042683027958,0.0003530307019981361
bfo-6bd6714d37eff8e4dc621a9e7d4c1ec29e0ee776e3f389d1d1e9a5ceb8fd861e,236,1000000.0000384804,39.77738874666735,14.639706282430241,18.83307630429032,5.470282435519107e-06,0.015489189749765687,0.0003531677591851994
bfo-6bd6714d37eff8e4dc621a9e7d4c1ec29e0ee776e3f389d1d1e9a5ceb8fd861e,237,1000000.0,39.79452181294934,14.640749980650737,18.83843038521112,5.457312063503238e-06,0.015499620524892295,0.00035209326929900176
bfo-6bd6714d37eff8e4dc621a9e7d4c1ec29e0ee776e3f389d1d1e9a5ceb8fd861e,238,1000000.0000168404,39.783499273322384,14.639800104529202,18.834311995836543,5.470522575966495e-06,0.015496521882918718,0.000353016155321696
bfo-6bd6714d37eff8e4dc621a9e7d4c1ec29e0ee776e3f389d1d1e9a5ceb8fd861e,239,1000000.0,39.78562164877988,14.639466537378777,18.83417861975714,5.478021391044731e-06,0.015505085184093843,0.0003533048239337926
bfo-6bd6714d37eff8e4dc621a9e7d4c1ec29e0ee776e3f389d1d1e9a5ceb8fd861e,240,1000000.0000052408,39.78209327446186,14.639841021572165,18.834182815574803,5.470878995855979e-06,0.015493555489112593,0.0003531067481379852
bfo-6bd6714d37eff8e4dc621a9e7d4c1ec29e0ee776e3f389d1d1e9a5ceb8fd861e,241,1000000.0,39.78785031079666,14.640130990061033,18.83573570732846,5.471974576978377e-06,0.015502911361562986,0.00035296432065949054
bfo-6bd6714d37eff8e4dc621a9e7d4c1ec29e0ee776e3f389d1d1e9a5ceb8fd861e,242,1000000.0000090834,39.78526572844628,14.639324526384444,18.833594690725086,5.479583593307299e-06,0.015505697073052457,0.0003533916319589614
bfo-6bd6714d37eff8e4dc621a9e7d4c1ec29e0ee776e3f389d1d1e9a5ceb8fd861e,243,1000000.0,39.78153781050537,14.640177782389424,18.8350135793274,5.465648500436486e-06,0.01548841655653756,0.000352886202439427
bfo-6bd6714d37eff8e4dc621a9e7d4c1ec29e0ee776e3f389d1d1e9a5ceb8fd861e,244,1000000.0000021298,39.77995623858265,14.640168558212425,18.834539250798215,5.465684120601588e-06,0.015485571415239428,0.0003529533379196315
bfo-6bd6714d37eff8e4dc621a9e7d4c1ec29e0ee776e3f389d1d1e9a5ceb8fd861e,245,1000000.0,39.77571049370576,14.640951276478466,18.835472860946012,5.453697394503089e-06,0.015471293482647653,0.0003525042945258498
bfo-6bd6714d37eff8e4dc621a9e7d4c1ec29e0ee776e3f389d1d1e9a5ceb8fd861e,246,1000000.0000039521,39.78191080363567,14.639716854878339,18.833774129661812,5.4742500288532805e-06,0.015493873625403273,0.00035331706977897835
bfo-6bd6714d37eff8e4dc621a9e7d4c1ec29e0ee776e3f389d1d1e9a5ceb8fd861e,247,1000000.0,39.78081622483478,14.639447309756028,18.832844046571672,5.484502422618623e-06,0.015495603547579609,0.0003539392580468603
bfo-6bd6714d37eff8e4dc621a9e7d4c1ec29e0ee776e3f389d1d1e9a5ceb8fd861e,248,1000000.0000091323,39.782103615461665,14.639630331182564,18.833785903891854,5.473408420906863e-06,0.015495318286793581,0.0003532298155870579
bfo-6bd6714d37eff8e4dc621a9e7d4c1ec29e0ee776e3f389d1d1e9a5ceb8fd861e,249,1000000.0,39.78740369463061,14.640321426343235,18.83619288365156,5.463439427640897e-06,0.015499226638071455,0.0003524975506984847
bfo-6bd6714d37eff8e4dc621a9e7d4c1ec29e0ee776e3f389d1d1e9a5ceb8fd861e,250,1000000.0000091415,39.78307512746838,14.639454463722254,18.833598538395787,5.475223630588253e-06,0.015497114873165282,0.00035330599762599163
bfo-6bd6714d37eff8e4dc621a9e7d4c1ec29e0ee776e3f389d1d1e9a5ceb8fd861e,251,1000000.0,39.78439868363886,14.639627548040432,18.834269515100868,5.477062029298077e-06,0.015504974844917441,0.000353245463735368
bfo-6bd6714d37eff8e4dc621a9e7d4c1ec29e0ee776e3f389d1d1e9a5ceb8fd861e,252,1000000.0000079062,39.782411529328726,14.639938727924276,18.834296233108315,5.47045028857864e-06,0.015493097655391036,0.00035308951187531704
bfo-6bd6714d37eff8e4dc621a9e7d4c1ec29e0ee776e3f389d1d1e9a5ceb8fd861e,253,1000000.0,39.783542065929055,14.64019219964746,18.835194394847136,5.467073651157196e-06,0.015491004444659708,0.0003529192487606501
bfo-6bd6714d37eff8e4dc621a9e7d4c1ec29e0ee776e3f389d1d1e9a5ceb8fd861e,254,1000000.0000103136,39.78419847321151,14.640032624501735,18.834991126836382,5.468877194949534e-06,0.015500194073960754,0.0003528263690670084
bfo-6bd6714d37eff8e4dc621a9e7d4c1ec29e0ee776e3f389d1d1e9a5ceb8fd861e,255,1000000.0,39.782065067165,14.64018110403094,18.83490840070028,5.467061173739221e-06,0.015489479038321678,0.0003529531987624285
bfo-6bd6714d37eff8e4dc621a9e7d4c1ec29e0ee776e3f389d1d1e9a5ceb8fd861e,256,1000000.0000011012,39.7810488983187,14.639325580965236,18.832856263255238,5.48016285980973e-06,0.015497710385670124,0.00035361112857528517
bfo-6bd6714d37eff8e4dc621a9e7d4c1ec29e0ee776e3f389d1d1e9a5ceb8fd861e,257,1000000.0,39.78757332001754,14.639352120519497,18.834045494184448,5.480047439328655e-06,0.015509560550271705,0.0003533335081652363
bfo-6bd6714d37eff8e4dc621a9e7d4c1ec29e0ee776e3f389d1d1e9a5ceb8fd861e,258,1000000.0000073422,39.78436933509641,14.639670634427082,18.834213782877228,5.473513564810066e-06,0.015500602194941067,0.0003531161883888909
bfo-6bd6714d37eff8e4dc621a9e7d4c1ec29e0ee776e3f389d1d1e9a5ceb8fd861e,259,1000000.0,39.78254354892431,14.63951338556599,18.833235787290295,5.4863720138910496e-06,0.015496292362306877,0.00035404417299431443
bfo-6bd6714d37eff8e4dc621a9e7d4c1ec29e0ee776e3f389d1d1e9a5ceb8fd861e,260,1000000.0000087192,39.78528725203152,14.640007916283457,18.835108021956138,5.469384526242395e-06,0.01549657928831055,0.0003529414088416329
bfo-6bd6714d37eff8e4dc621a9e7d4c1ec29e0ee776e3f389d1d1e9a5ceb8fd861e,261,1000000.0,39.77493980107286,14.640714322132986,18.835161183533366,5.448785091065263e-06,0.015469120767210172,0.00035223625007925653
bfo-6bd6714d37eff8e4dc621a9e7d4c1ec29e0ee776e3f389d1d1e9a5ceb8fd861e,262,1000000.0000002735,39.78273161774612,14.64029766639291,18.835302284394114,5.464820614777075e-06,0.015488833096109232,0.00035282326182143627
bfo-6bd6714d37eff8e4dc621a9e7d4c1ec29e0ee776e3f389d1d1e9a5ceb8fd861e,263,1000000.0,39.78922518301628,14.639972610430139,18.835403458170312,5.476132587773416e-06,0.015505287363518123,0.00035317840033445797
bfo-6bd6714d37eff8e4dc621a9e7d4c1ec29e0ee776e3f389d1d1e9a5ceb8fd861e,264,1000000.0000072296,39.782420269569364,14.639785656787843,18.834130232462424,5.470312127765341e-06,0.015495405092967162,0.0003530280166891623
bfo-6bd6714d37eff8e4dc621a9e7d4c1ec29e0ee776e3f389d1d1e9a5ceb8fd861e,265,1000000.0,39.782061470850955,14.639674814186167,18.834013705978624,5.466018642563828e-06,0.015493200131686015,0.000352801138312605
bfo-6bd6714d37eff8e4dc621a9e7d4c1ec29e0ee776e3f389d1d1e9a5ceb8fd861e,266,1000000.0000054989,39.77960082161988,14.639567069558135,18.832736812264184,5.477128969160634e-06,0.015488739263363822,0.00035362006397227704
bfo-6bd6714d37eff8e4dc621a9e7d4c1ec29e0ee776e3f389d1d1e9a5ceb8fd861e,267,1000000.0,39.79196100680612,14.640360136289738,18.837699721949058,5.458332776421641e-06,0.015506900351398206,0.00035199379971055796
bfo-6bd6714d37eff8e4dc621a9e7d4c1ec29e0ee776e3f389d1d1e9a5ceb8fd861e,268,1000000.0000002341,39.78227945111337,14.639897428639896,18.83440987220135,5.469177609786739e-06,0.015493939159430571,0.0003529881945133274
bfo-6bd6714d37eff8e4dc621a9e7d4c1ec29e0ee776e3f389d1d1e9a5ceb8fd861e,269,1000000.0,39.782818508211584,14.639900348024671,18.834649076046844,5.4700608248859276e-06,0.015493592844064487,0.00035305308974744866
bfo-6bd6714d37eff8e4dc621a9e7d4c1ec29e0ee776e3f389d1d1e9a5ceb8fd861e,270,1000000.0000048202,39.782409910547045,14.640057610730523,18.834697584819992,5.46717486046666e-06,0.015492127496959385,0.0003529001979579431
bfo-6bd6714d37eff8e4dc621a9e7d4c1ec29e0ee776e3f389d1d1e9a5ceb8fd861e,271,1000000.0,39.778805744126515,14.640661417033755,18.835457203361624,5.459728836816336e-06,0.015478363704693635,0.0003527329465168683
bfo-6bd6714d37eff8e4dc621a9e7d4c1ec29e0ee776e3f389d1d1e9a5ceb8fd861e,272,1000000.0000057521,39.78455921395376,14.64002397115585,18.834859858697662,5.469013811784228e-06,0.01549915135815021,0.00035285892016973907
bfo-6bd6714d37eff8e4dc621a9e7d4c1ec29e0ee776e3f389d1d1e9a5ceb8fd861e,273,1000000.0,39.774296986078056,14.640700871767278,18.834842494828052,5.452797166098062e-06,0.015469418216117001,0.00035248883247703515
bfo-6bd6714d37eff8e4dc621a9e7d4c1ec29e0ee776e3f389d1d1e9a5ceb8fd861e,274,1000000.0000064609,39.77979910798045,14.640210865687264,18.834658467328463,5.465402356021348e-06,0.015486483233593173,0.0003529143623883461
bfo-6bd6714d37eff8e4dc621a9e7d4c1ec29e0ee776e3f389d1d1e9a5ceb8fd861e,275,1000000.0,39.78535601442366,14.639617475323359,18.83436540932729,5.4788302667502385e-06,0.015503300047338199,0.0003533976798501628
bfo-6bd6714d37eff8e4dc621a9e7d4c1ec29e0ee776e3f389d1d1e9a5ceb8fd861e,276,1000000.0000127014,39.78366336433866,14.639543214038401,18.83379188068154,5.476507113522867e-06,0.015500549595732462,0.00035331051197246796
bfo-6bd6714d37eff8e4dc621a9e7d4c1ec29e0ee776e3f389d1d1e9a5ceb8fd861e,277,1000000.0,39.779576385196634,14.640007864581763,18.83411864070607,5.468073756821289e-06,0.015485785643561522,0.0003531027668005164
bfo-6bd6714d37eff8e4dc621a9e7d4c1ec29e0ee776e3f389d1d1e9a5ceb8fd861e,278,1000000.0000020373,39.78145234761214,14.639982150944874,18.834535417252983,5.467996937529053e-06,0.015491052405710764,0.0003529777573738812
bfo-6bd6714d37eff8e4dc621a9e7d4c1ec29e0ee776e3f389d1d1e9a5ceb8fd861e,279,18.835393995676515,39.78225652870185,14.640381515993397,18.835393995676515,5.460897497208816e-06,0.0154853518088344,0.00035264923681574813
bfo-6bd6714d37eff8e4dc621a9e7d4c1ec29e0ee776e3f389d1d1e9a5ceb8fd861e,280,1000000.0000186618,39.78487209433833,14.639807732266682,18.834482669359247,5.477107571322065e-06,0.01550069149547219,0.00035334601510661305
bfo-6bd6714d37eff8e4dc621a9e7d4c1ec29e0ee776e3f389d1d1e9a5ceb8fd861e,281,1000000.0,39.78401467004282,14.640614014417604,18.836419002940424,5.4587852211407945e-06,0.015496752910304753,0.0003522534851485507
bfo-6bd6714d37eff8e4dc621a9e7d4c1ec29e0ee776e3f389d1d1e9a5ceb8fd861e,282,1000000.0000170032,39.784888090576246,14.639530357516843,18.834095563076772,5.4759251440228285e-06,0.01550322921814971,0.00035321190617578787
bfo-6bd6714d37eff8e4dc621a9e7d4c1ec29e0ee776e3f389d1d1e9a5ceb8fd861e,283,1000000.0,39.788189949798394,14.640174754519037,18.836320299100784,5.471147344214834e-06,0.015504157298825826,0.0003528826003738481
bfo-6bd6714d37eff8e4dc621a9e7d4c1ec29e0ee776e3f389d1d1e9a5ceb8fd861e,284,1000000.0000029713,39.78272067118222,14.640136027528811,18.83490959703855,5.468108749241419e-06,0.015491734275185624,0.00035296943854763475
bfo-6bd6714d37eff8e4dc621a9e7d4c1ec29e0ee776e3f389d1d1e9a5ceb8fd861e,285,1000000.0,39.78254437571859,14.639255649477986,18.833275555170122,5.476146927089332e-06,0.015494426478272432,0.0003534268877114257
bfo-6bd6714d37eff8e4dc621a9e7d4c1ec29e0ee776e3f389d1d1e9a5ceb8fd861e,286,1000000.0000037301,39.78518393364543,14.640015770238511,18.835230529902653,5.468993293110329e-06,0.015497269472034428,0.00035290044500932194
bfo-6bd6714d37eff8e4dc621a9e7d4c1ec29e0ee776e3f389d1d1e9a5ceb8fd861e,287,1000000.0,39.784211410509215,14.639139796952886,18.833245240476252,5.477566736438381e-06,0.015505116296624677,0.00035327479211689616
bfo-6bd6714d37eff8e4dc621a9e7d4c1ec29e0ee776e3f389d1d1e9a5ceb8fd861e,288,18.83542500017022,39.78475004883832,14.640215005036469,18.83542500017022,5.466624694679472e-06,0.015493406663984511,0.0003528355521311538
bfo-6bd6714d37eff8e4dc621a9e7d4c1ec29e0ee776e3f389d1d1e9a5ceb8fd861e,289,1000000.0,39.780635623793366,14.640322431036221,18.834694145955996,5.465223180290685e-06,0.015483026257404713,0.0003529815870251436
bfo-6bd6714d37eff8e4dc621a9e7d4c1ec29e0ee776e3f389d1d1e9a5ceb8fd861e,290,1000000.0,39.78420953589693,14.6401666984554,18.8351666705249,5.46585232275e-06,0.015496518279499034,0.000352714863052883
bfo-6bd6714d37eff8e4dc621a9e7d4c1ec29e0ee776e3f389d1d1e9a5ceb8fd861e,291,1000000.0000008224,39.78257392826693,14.639924041820846,18.834447395722915,5.470127439546588e-06,0.015494300488492168,0.0003530412646643408
bfo-6bd6714d37eff8e4dc621a9e7d4c1ec29e0ee776e3f389d1d1e9a5ceb8fd861e,292,1000000.0,39.78358313426553,14.64006067787652,18.834995762449424,5.467906404093449e-06,0.015494980363569184,0.0003528824352013536
bfo-6bd6714d37eff8e4dc621a9e7d4c1ec29e0ee776e3f389d1d1e9a5ceb8fd861e,293,1000000.0000020681,39.78360519173656,14.63984760775631,18.834462233436124,5.471797699971733e-06,0.01549657635477123,0.0003530971986781471
bfo-6bd6714d37eff8e4dc621a9e7d4c1ec29e0ee776e3f389d1d1e9a5ceb8fd861e,294,1000000.0,39.78237369050663,14.639923078346776,18.83441225563131,5.469795521901993e-06,0.01549286537481665,0.00035305254319146405
bfo-6bd6714d37eff8e4dc621a9e7d4c1ec29e0ee776e3f389d1d1e9a5ceb8fd861e,295,1000000.0000000662,39.7828282378104,14.639929058596314,18.834510407445848,5.470205794145242e-06,0.015494257309251361,0.0003530473055251944
bfo-6bd6714d37eff8e4dc621a9e7d4c1ec29e0ee776e3f389d1d1e9a5ceb8fd861e,296,18.834362673384508,39.78365727875051,14.639784128103035,18.834362673384508,5.472465502113452e-06,0.015497166309722475,0.00035312684866007954
bfo-6bd6714d37eff8e4dc621a9e7d4c1ec29e0ee776e3f389d1d1e9a5ceb8fd861e,297,1000000.0,39.78337091242193,14.639775225874883,18.834301499405676,5.472200103392558e-06,0.015496384721456086,0.00035312753276032333
bfo-6bd6714d37eff8e4dc621a9e7d4c1ec29e0ee776e3f389d1d1e9a5ceb8fd861e,298,1000000.0000001776,39.78361563220459,14.639805422374383,18.834408534624565,5.471829895687925e-06,0.015496926471527088,0.0003530912988289299
bfo-6bd6714d37eff8e4dc621a9e7d4c1ec29e0ee776e3f389d1d1e9a5ceb8fd861e,299,1000000.0,39.783988213738006,14.639736243335646,18.834304656208655,5.473996648810238e-06,0.015498173629140105,0.00035320269212353345
bfo-6bd6714d37eff8e4dc621a9e7d4c1ec29e0ee776e3f389d1d1e9a5ceb8fd861e,300,1000000.0000007967,39.78366992609528,14.63978318576147,18.83435271215856,5.4726355524620185e-06,0.015497259608402118,0.00035313569564872816
bfo-6bd6714d37eff8e4dc621a9e7d4c1ec29e0ee776e3f389d1d1e9a5ceb8fd861e,301,18.834438319752053,39.78381554334126,14.63979485937377,18.834438319752053,5.471833954076761e-06,0.015497379233883888,0.00035308124499612136
bfo-6bd6714d37eff8e4dc621a9e7d4c1ec29e0ee776e3f389d1d1e9a5ceb8fd861e,302,1000000.000000152,39.783600094286825,14.639795955597735,18.834364580231053,5.472746178468891e-06,0.0154970348658601,0.00035314795545342205
bfo-6bd6714d37eff8e4dc621a9e7d4c1ec29e0ee776e3f389d1d1e9a5ceb8fd861e,303,1000000.0,39.783235919451656,14.6397589790338,18.834259344112116,5.472198159650097e-06,0.015496979026941304,0.0003531138649756671
bfo-6bd6714d37eff8e4dc621a9e7d4c1ec29e0ee776e3f389d1d1e9a5ceb8fd861e,304,1000000.0000004605,39.78329883916987,14.639779023400422,18.834302869500192,5.472216076555355e-06,0.015496545931156487,0.000353124889950684
bfo-6bd6714d37eff8e4dc621a9e7d4c1ec29e0ee776e3f389d1d1e9a5ceb8fd861e,305,1000000.0,39.784019959801746,14.63980202978509,18.834456695984183,5.472130601888767e-06,0.015497651140486773,0.00035309419164773444
bfo-6bd6714d37eff8e4dc621a9e7d4c1ec29e0ee776e3f389d1d1e9a5ceb8fd861e,306,1000000.0000005646,39.783737396234464,14.639765693116953,18.834344094983738,5.47284884659293e-06,0.015497561440468304,0.0003531425810193498
bfo-6bd6714d37eff8e4dc621a9e7d4c1ec29e0ee776e3f389d1d1e9a5ceb8fd861e,307,1000000.0,39.783212835162196,14.639782266251848,18.834291152135833,5.472192023595363e-06,0.015496202946738246,0.00035313115363832983
bfo-6bd6714d37eff8e4dc621a9e7d4c1ec29e0ee776e3f389d1d1e9a5ceb8fd861e,308,1000000.0000005815,39.78356530972329,14.639799778583876,18.834372182673082,5.472144097919626e-06,0.015496594792807216,0.00035311913172431504
bfo-6bd6714d37eff8e4dc621a9e7d4c1ec29e0ee776e3f389d1d1e9a5ceb8fd861e,309,1000000.0,39.783671534874244,14.639854238329638,18.834495479470473,5.471664737581751e-06,0.015496997145899888,0.00035307903112245293
bfo-6bd6714d37eff8e4dc621a9e7d4c1ec29e0ee776e3f389d1d1e9a5ceb8fd861e,310,1000000.0000006449,39.78345668615862,14.639773133512712,18.834293441955417,5.472603500513523e-06,0.015496881806347404,0.00035314223654154647
bfo-6bd6714d37eff8e4dc621a9e7d4c1ec29e0ee776e3f389d1d1e9a5ceb8fd861e,311,1000000.0,39.78401345106356,14.639788763835485,18.834461774331224,5.4727399260671175e-06,0.015498276437767463,0.00035311926123157147
bfo-6bd6714d37eff8e4dc621a9e7d4c1ec29e0ee776e3f389d1d1e9a5ceb8fd861e,312,1000000.0000003292,39.783320283083555,14.63977378794992,18.83426083225724,5.472735140779754e-06,0.015496666947620615,0.0003531556275473835
bfo-6bd6714d37eff8e4dc621a9e7d4c1ec29e0ee776e3f389d1d1e9a5ceb8fd861e,313,1000000.0,39.78436869401729,14.63983857289253,18.83465994483352,5.470722354510343e-06,0.015497901026073546,0.00035299763144095727
bfo-6bd6714d37eff8e4dc621a9e7d4c1ec29e0ee776e3f389d1d1e9a5ceb8fd861e,314,1000000.0000001652,39.78338045068689,14.639815190859792,18.83437931470469,5.471959392954167e-06,0.01549626275759733,0.00035311477861147116
bfo-6bd6714d37eff8e4dc621a9e7d4c1ec29e0ee776e3f389d1d1e9a5ceb8fd861e,315,1000000.0,39.78394811128453,14.63969139143627,18.83421995297562,5.473751985953256e-06,0.015499012019656484,0.00035316780056762444
bfo-6bd6714d37eff8e4dc621a9e7d4c1ec29e0ee776e3f389d1d1e9a5ceb8fd861e,316,1000000.0000001609,39.78388956353164,14.639785133073017,18.834396097695915,5.472667226095053e-06,0.015497659130592216,0.00035312863574938654
bfo-6bd6714d37eff8e4dc621a9e7d4c1ec29e0ee776e3f389d1d1e9a5ceb8fd861e,317,1000000.0,39.78323666653914,14.639775335900433,18.834269885388622,5.472113606520966e-06,0.015496478496319854,0.00035311981414490383
bfo-6bd6714d37eff8e4dc621a9e7d4c1ec29e0ee776e3f389d1d1e9a5ceb8fd861e,318,1000000.0000000497,39.78368949380664,14.63979967606946,18.834401424583415,5.472246645828661e-06,0.015496978891885078,0.00035311699680343363
bfo-6bd6714d37eff8e4dc621a9e7d4c1ec29e0ee776e3f389d1d1e9a5ceb8fd861e,319,1000000.0,39.78364249665164,14.639767543311061,18.834333400068846,5.472523275433453e-06,0.015497418786676901,0.0003531248236085722
bfo-6bd6714d37eff8e4dc621a9e7d4c1ec29e0ee776e3f389d1d1e9a5ceb8fd861e,320,1000000.0000005646,39.783731029747265,14.639755525900133,18.83432240774035,5.4726809660483545e-06,0.0154976024322234,0.00035313081426513297
bfo-6bd6714d37eff8e4dc621a9e7d4c1ec29e0ee776e3f389d1d1e9a5ceb8fd861e,321,1000000.0,39.78394574727426,14.639805208924482,18.834437197539323,5.472928913497151e-06,0.01549780881587806,0.00035314211050854744
bfo-6bd6714d37eff8e4dc621a9e7d4c1ec29e0ee776e3f389d1d1e9a5ceb8fd861e,322,1000000.0000001491,39.783844857966606,14.639754600303307,18.834326273747926,5.473013836591306e-06,0.015497828956158704,0.0003531471312577867
bfo-6bd6714d37eff8e4dc621a9e7d4c1ec29e0ee776e3f389d1d1e9a5ceb8fd861e,323,1000000.0,39.783592302719505,14.639823518240568,18.834430646435248,5.472116947251887e-06,0.015496569677127137,0.0003531179519896397
bfo-6bd6714d37eff8e4dc621a9e7d4c1ec29e0ee776e3f389d1d1e9a5ceb8fd861e,324,1000000.0000004839,39.783412654115466,14.639844474431326,18.834466906055965,5.471074759739811e-06,0.015495957128940464,0.00035306465513652955
bfo-6bd6714d37eff8e4dc621a9e7d4c1ec29e0ee776e3f389d1d1e9a5ceb8fd861e,325,1000000.0,39.784287307637996,14.639858287805092,18.83462171754363,5.471795626427195e-06,0.015497622750124439,0.0003530732238519136
bfo-6bd6714d37eff8e4dc621a9e7d4c1ec29e0ee776e3f389d1d1e9a5ceb8fd861e,326,1000000.0000014869,39.784022373585834,14.63981240233121,18.83452715633835,5.47192846882836e-06,0.015497860561895876,0.0003530763776699621
bfo-6bd6714d37eff8e4dc621a9e7d4c1ec29e0ee776e3f389d1d1e9a5ceb8fd861e,327,1000000.0,39.78314821718979,14.639818370734261,18.834306303944153,5.472033630935664e-06,0.015495561177879778,0.0003531355572166757
bfo-6bd6714d37eff8e4dc621a9e7d4c1ec29e0ee776e3f389d1d1e9a5ceb8fd861e,328,1000000.0000014923,39.78359490073996,14.639781445491868,18.83434490531811,5.472589584032575e-06,0.015497015938440826,0.0003531382819616032
bfo-6bd6714d37eff8e4dc621a9e7d4c1ec29e0ee776e3f389d1d1e9a5ceb8fd861e,329,1000000.0,39.78367441626193,14.639731392086993,18.834243830966205,5.4731518357628915e-06,0.015497791587417565,0.00035315688721781916
bfo-6bd6714d37eff8e4dc621a9e7d4c1ec29e0ee776e3f389d1d1e9a5ceb8fd861e,330,1000000.0000007898,39.78370887499307,14.639756006996691,18.834310599626406,5.473008773086457e-06,0.015497524110352419,0.00035315375114857616
bfo-6bd6714d37eff8e4dc621a9e7d4c1ec29e0ee776e3f389d1d1e9a5ceb8fd861e,331,1000000.0,39.7830532197531,14.639781207954004,18.834273197377115,5.471852291023457e-06,0.015496094243528243,0.0003531117070553898
bfo-6bd6714d37eff8e4dc621a9e7d4c1ec29e0ee776e3f389d1d1e9a5ceb8fd861e,332,1000000.0000010924,39.78343796778912,14.639768056969219,18.834276355804185,5.4727595649741385e-06,0.015496918714827928,0.0003531514661516314
bfo-6bd6714d37eff8e4dc621a9e7d4c1ec29e0ee776e3f389d1d1e9a5ceb8fd861e,333,1000000.0,39.784130121319436,14.639779669285483,18.83444764052838,5.472776523056543e-06,0.015497800335085845,0.00035313247072015706
bfo-6bd6714d37eff8e4dc621a9e7d4c1ec29e0ee776e3f389d1d1e9a5ceb8fd861e,334,1000000.0000005695,39.78378680223791,14.639813362308873,18.834439747059307,5.471893432633722e-06,0.015497307631907624,0.00035308671432498145
bfo-6bd6714d37eff8e4dc621a9e7d4c1ec29e0ee776e3f389d1d1e9a5ceb8fd861e,335,1000000.0,39.7837380290395,14.639780021047152,18.83433685599244,5.472837556737176e-06,0.015497256391920827,0.00035314880378376694
bfo-6bd6714d37eff8e4dc621a9e7d4c1ec29e0ee776e3f389d1d1e9a5ceb8fd861e,336,1000000.0000008527,39.783402189338986,14.639803671927025,18.83436293650475,5.47218778552357e-06,0.015496559619413179,0.0003531227523990767
bfo-6bd6714d37eff8e4dc621a9e7d4c1ec29e0ee776e3f389d1d1e9a5ceb8fd861e,337,1000000.0,39.784028545621766,14.63971589452209,18.834266105528684,5.473645565084367e-06,0.01549849291245167,0.0003531727630553533
bfo-6bd6714d37eff8e4dc621a9e7d4c1ec29e0ee776e3f389d1d1e9a5ceb8fd861e,338,1000000.0000020155,39.78357248529935,14.63980996913531,18.834404532736098,5.4721239755029994e-06,0.01549668892559638,0.00035311568824644316
bfo-6bd6714d37eff8e4dc621a9e7d4c1ec29e0ee776e3f389d1d1e9a5ceb8fd861e,339,1000000.0,39.78351574619388,14.639816013841717,18.83439246097479,5.471696280731285e-06,0.015496192865257514,0.00035309939210932483
bfo-6bd6714d37eff8e4dc621a9e7d4c1ec29e0ee776e3f389d1d1e9a5ceb8fd861e,340,1000000.0000008856,39.78394189690194,14.639810757448075,18.834478409075633,5.47209528293455e-06,0.015497319151787465,0.00035309947671197036
bfo-6bd6714d37eff8e4dc621a9e7d4c1ec29e0ee776e3f389d1d1e9a5ceb8fd861e,341,1000000.0,39.78398762083185,14.639863368716199,18.834669237253383,5.470972990918606e-06,0.015497559925514236,0.00035302157353891115
bfo-6bd6714d37eff8e4dc621a9e7d4c1ec29e0ee776e3f389d1d1e9a5ceb8fd861e,342,1000000.0000017202,39.78366066605083,14.639771912340251,18.834341577643787,5.472457162161723e-06,0.015497313146873717,0.0003531229646260123
bfo-6bd6714d37eff8e4dc621a9e7d4c1ec29e0ee776e3f389d1d1e9a5ceb8fd861e,343,18.834375824073103,39.78349025567678,14.63980068377042,18.834375824073103,5.472499858350537e-06,0.015496495102667342,0.0003531443608438001
bfo-6bd6714d37eff8e4dc621a9e7d4c1ec29e0ee776e3f389d1d1e9a5ceb8fd861e,344,1000000.0000005438,39.78354705779211,14.639742334982838,18.8342341834293,5.473226348837602e-06,0.01549729425632818,0.00035317302867903276
bfo-6bd6714d37eff8e4dc621a9e7d4c1ec29e0ee776e3f389d1d1e9a5ceb8fd861e,345,1000000.0,39.78316654197714,14.639778196122037,18.834240907036897,5.472723150289727e-06,0.015496432387043872,0.0003531601993027322
bfo-6bd6714d37eff8e4dc621a9e7d4c1ec29e0ee776e3f389d1d1e9a5ceb8fd861e,346,1000000.0,39.78371697841397,14.639769719675009,18.834350074547867,5.4728705900139845e-06,0.01549741282505676,0.0003531473705833825
bfo-6bd6714d37eff8e4dc621a9e7d4c1ec29e0ee776e3f389d1d1e9a5ceb8fd861e,347,1000000.0000003588,39.7837124245883,14.639784242120184,18.834372921226223,5.472513361907248e-06,0.01549733498177591,0.00035312609350850643
bfo-6bd6714d37eff8e4dc621a9e7d4c1ec29e0ee776e3f389d1d1e9a5ceb8fd861e,348,1000000.0,39.78364712668195,14.639787651748144,18.83436778167534,5.47245634881484e-06,0.015497183007777441,0.0003531258775268011
bfo-6bd6714d37eff8e4dc621a9e7d4c1ec29e0ee776e3f389d1d1e9a5ceb8fd861e,349,1000000.0000000645,39.78358859070043,14.639791219280317,18.834365704748674,5.472334548963471e-06,0.015496956068447379,0.0003531231891471534
bfo-6bd6714d37eff8e4dc621a9e7d4c1ec29e0ee776e3f389d1d1e9a5ceb8fd861e,350,1000000.0,39.783653807817004,14.639778693244738,18.83434848318188,5.472569897583913e-06,0.01549720353444466,0.00035313273684638494
bfo-6bd6714d37eff8e4dc621a9e7d4c1ec29e0ee776e3f389d1d1e9a5ceb8fd861e,351,1000000.0000002875,39.78366310556847,14.639780717548154,18.83435806887302,5.472487615749415e-06,0.015497221914948931,0.0003531270085556782
bfo-6bd6714d37eff8e4dc621a9e7d4c1ec29e0ee776e3f389d1d1e9a5ceb8fd861e,352,18.83437399100895,39.78365027244713,14.639790011229394,18.83437399100895,5.4724141559573955e-06,0.015497051966080477,0.0003531261408902329
bfo-6bd6714d37eff8e4dc621a9e7d4c1ec29e0ee776e3f389d1d1e9a5ceb8fd861e,353,18.834369816512496,39.783667811901466,14.639786134118568,18.834369816512496,5.472429865872957e-06,0.015497165461655403,0.00035312456845178403
bfo-6bd6714d37eff8e4dc621a9e7d4c1ec29e0ee776e3f389d1d1e9a5ceb8fd861e,354,1000000.0,39.78369708876694,14.6397926947623,18.83439450243188,5.472313092571528e-06,0.015497192518059734,0.0003531164168086793
bfo-6bd6714d37eff8e4dc621a9e7d4c1ec29e0ee776e3f389d1d1e9a5ceb8fd861e,355,1000000.0000000003,39.7836691315754,14.63978325309442,18.83436265848997,5.472485225198419e-06,0.015497192125999464,0.00035312753308499624
bfo-6bd6714d37eff8e4dc621a9e7d4c1ec29e0ee776e3f389d1d1e9a5ceb8fd861e,356,18.834346960271485,39.78363289777118,14.63977884199993,18.834346960271485,5.472528720161544e-06,0.015497124210625225,0.0003531318872961887
bfo-6bd6714d37eff8e4dc621a9e7d4c1ec29e0ee776e3f389d1d1e9a5ceb8fd861e,357,18.834351030223335,39.78363339100516,14.63978036929705,18.834351030223335,5.472503071210409e-06,0.01549707028045561,0.0003531314611195994
bfo-6bd6714d37eff8e4dc621a9e7d4c1ec29e0ee776e3f389d1d1e9a5ceb8fd861e,358,18.8343488458859,39.78362871668839,14.639780153827806,18.8343488458859,5.472526302488563e-06,0.015497115985138074,0.00035313191872195985
bfo-6bd6714d37eff8e4dc621a9e7d4c1ec29e0ee776e3f389d1d1e9a5ceb8fd861e,359,1000000.0,39.78358662352044,14.639777449853206,18.834334385295204,5.472558136342329e-06,0.015496996208488035,0.00035313670228201335
bfo-6bd6714d37eff8e4dc621a9e7d4c1ec29e0ee776e3f389d1d1e9a5ceb8fd861e,360,18.834332837928187,39.78359164716575,14.639776704380761,18.834332837928187,5.472599191841306e-06,0.01549707189043572,0.0003531376269357577
bfo-6bd6714d37eff8e4dc621a9e7d4c1ec29e0ee776e3f389d1d1e9a5ceb8fd861e,361,18.834329591620644,39.78358205074021,14.639775543036558,18.834329591620644,5.472589835241737e-06,0.015497069524523182,0.00035313707708297315
bfo-6bd6714d37eff8e4dc621a9e7d4c1ec29e0ee776e3f389d1d1e9a5ceb8fd861e,362,1000000.0,39.78355242962677,14.639770023992808,18.83431172771742,5.4726644888282916e-06,0.015497020639887088,0.00035314300832396423
bfo-6bd6714d37eff8e4dc621a9e7d4c1ec29e0ee776e3f389d1d1e9a5ceb8fd861e,363,18.834333849585718,39.783586235232946,14.639776369694252,18.834333849585718,5.472586207798454e-06,0.015497087992782608,0.00035313642216829245
bfo-6bd6714d37eff8e4dc621a9e7d4c1ec29e0ee776e3f389d1d1e9a5ceb8fd861e,364,18.834319035352294,39.78352900981707,14.63977643066749,18.834319035352294,5.47265032084556e-06,0.015496977340081953,0.0003531430807923359
bfo-6bd6714d37eff8e4dc621a9e7d4c1ec29e0ee776e3f389d1d1e9a5ceb8fd861e,365,18.83429792955932,39.783489268288676,14.639770603329618,18.83429792955932,5.472748679607874e-06,0.015496916489917556,0.00035315081443256776
bfo-6bd6714d37eff8e4dc621a9e7d4c1ec29e0ee776e3f389d1d1e9a5ceb8fd861e,366,18.834315881548214,39.78353452514936,14.63977371556425,18.834315881548214,5.472657359156416e-06,0.015496972565618614,0.0003531436437654916
bfo-6bd6714d37eff8e4dc621a9e7d4c1ec29e0ee776e3f389d1d1e9a5ceb8fd861e,367,18.834300581205483,39.7834802331986,14.639771511960262,18.834300581205483,5.472709108957939e-06,0.015496894418976387,0.0003531487639392091
bfo-6bd6714d37eff8e4dc621a9e7d4c1ec29e0ee776e3f389d1d1e9a5ceb8fd861e,368,18.834288563643653,39.78347193073325,14.639767715883869,18.834288563643653,5.4727783449078005e-06,0.015496880324669162,0.00035315355286030044
bfo-6bd6714d37eff8e4dc621a9e7d4c1ec29e0ee776e3f389d1d1e9a5ceb8fd861e,369,18.83427338364447,39.783441866334265,14.63976371463709,18.83427338364447,5.47284804007248e-06,0.01549689873058903,0.00035315763077613265
bfo-6bd6714d37eff8e4dc621a9e7d4c1ec29e0ee776e3f389d1d1e9a5ceb8fd861e,370,18.834276279615388,39.78342563128078,14.639765590350766,18.834276279615388,5.472868601408921e-06,0.015496890541555597,0.0003531591441994884
bfo-6bd6714d37eff8e4dc621a9e7d4c1ec29e0ee776e3f389d1d1e9a5ceb8fd861e,371,18.83426802877879,39.78343781461675,14.63976101279318,18.83426802877879,5.472869906206057e-06,0.015496895853339018,0.0003531591073464466
bfo-6bd6714d37eff8e4dc621a9e7d4c1ec29e0ee776e3f389d1d1e9a5ceb8fd861e,372,18.83425499441099,39.783386786222756,14.639761177647536,18.83425499441099,5.472926373066844e-06,0.015496796979829907,0.00035316500436769063
bfo-6bd6714d37eff8e4dc621a9e7d4c1ec29e0ee776e3f389d1d1e9a5ceb8fd861e,373,18.834233889100876,39.78334704547463,14.63975535056675,18.834233889100876,5.473024730420742e-06,0.015496736130096047,0.00035317273808332055
bfo-6bd6714d37eff8e4dc621a9e7d4c1ec29e0ee776e3f389d1d1e9a5ceb8fd861e,374,18.834241724496355,39.78334368914702,14.639756926102987,18.834241724496355,5.472934937584195e-06,0.015496708216456684,0.00035316757992334317
bfo-6bd6714d37eff8e4dc621a9e7d4c1ec29e0ee776e3f389d1d1e9a5ceb8fd861e,375,18.834234321838558,39.78335590286494,14.639754414487493,18.834234321838558,5.473048732542313e-06,0.015496787767174941,0.0003531731101161004
bfo-6bd6714d37eff8e4dc621a9e7d4c1ec29e0ee776e3f389d1d1e9a5ceb8fd861e,376,18.83423576860576,39.78337327179898,14.639754465887231,18.83423576860576,5.4730339336859105e-06,0.015496771191730934,0.000353172532908424
bfo-6bd6714d37eff8e4dc621a9e7d4c1ec29e0ee776e3f389d1d1e9a5ceb8fd861e,377,18.83423253623012,39.78332543199929,14.63975633610234,18.83423253623012,5.4729843189231e-06,0.015496684206120541,0.00035317131369054424
bfo-6bd6714d37eff8e4dc621a9e7d4c1ec29e0ee776e3f389d1d1e9a5ceb8fd861e,378,18.834237271434816,39.783182293314624,14.639771164117565,18.834237271434816,5.47273108064232e-06,0.015496220134323873,0.00035316554832105865
bfo-6bd6714d37eff8e4dc621a9e7d4c1ec29e0ee776e3f389d1d1e9a5ceb8fd861e,379,18.83421970455304,39.78329734105928,14.639752542178972,18.83421970455304,5.4730280902057434e-06,0.015496670760579059,0.0003531744446767374
bfo-6bd6714d37eff8e4dc621a9e7d4c1ec29e0ee776e3f389d1d1e9a5ceb8fd861e,380,18.834210768597536,39.78329626878157,14.63975051068426,18.834210768597536,5.4731115860264576e-06,0.015496682723268144,0.00035317956002342516
bfo-6bd6714d37eff8e4dc621a9e7d4c1ec29e0ee776e3f389d1d1e9a5ceb8fd861e,381,18.83420576802635,39.783278299798354,14.639748203327374,18.83420576802635,5.473074584413151e-06,0.015496664744409007,0.0003531775820592469
bfo-6bd6714d37eff8e4dc621a9e7d4c1ec29e0ee776e3f389d1d1e9a5ceb8fd861e,382,1000000.0,39.78326044016633,14.639747246862212,18.834198423334637,5.473078214623194e-06,0.015496577042834915,0.0003531798150968931
bfo-6bd6714d37eff8e4dc621a9e7d4c1ec29e0ee776e3f389d1d1e9a5ceb8fd861e,383,1000000.0000000129,39.783272754726134,14.639753313039334,18.83421550132602,5.473006732006129e-06,0.01549659436446944,0.00035317480752768674
bfo-6bd6714d37eff8e4dc621a9e7d4c1ec29e0ee776e3f389d1d1e9a5ceb8fd861e,384,18.834198378560107,39.78332655632406,14.639741197747,18.834198378560107,5.473218529980884e-06,0.015496892438059705,0.00035318168154402965
bfo-6bd6714d37eff8e4dc621a9e7d4c1ec29e0ee776e3f389d1d1e9a5ceb8fd861e,385,18.83421709881911,39.78335648802434,14.63974489665635,18.83421709881911,5.473124650364514e-06,0.015496933270041953,0.00035317469301780746
bfo-6bd6714d37eff8e4dc621a9e7d4c1ec29e0ee776e3f389d1d1e9a5ceb8fd861e,386,1000000.0000000224,39.78330432529697,14.639744638909736,18.834202930323034,5.473154540342509e-06,0.015496822288647624,0.0003531791510800206
bfo-6bd6714d37eff8e4dc621a9e7d4c1ec29e0ee776e3f389d1d1e9a5ceb8fd861e,387,1000000.0,39.78332644547133,14.639731273994245,18.834175011601808,5.473367835374531e-06,0.015497003841760486,0.0003531887770863937
bfo-6bd6714d37eff8e4dc621a9e7d4c1ec29e0ee776e3f389d1d1e9a5ceb8fd861e,388,1000000.0000000002,39.783297078789815,14.639741469317716,18.834192956945405,5.47320104295573e-06,0.01549685083593929,0.00035318150125460574
bfo-6bd6714d37eff8e4dc621a9e7d4c1ec29e0ee776e3f389d1d1e9a5ceb8fd861e,389,18.834178298132,39.783300404524326,14.639734874528084,18.834178298132,5.473329334152714e-06,0.015496856821155541,0.00035318964337857184
bfo-6bd6714d37eff8e4dc621a9e7d4c1ec29e0ee776e3f389d1d1e9a5ceb8fd861e,390,1000000.0,39.78338183939682,14.639737009902424,18.834197203443818,5.473351968271549e-06,0.015496993743224465,0.0003531879833573906
bfo-6bd6714d37eff8e4dc621a9e7d4c1ec29e0ee776e3f389d1d1e9a5ceb8fd861e,391,18.83418238262885,39.78329906011271,14.639736818793047,18.83418238262885,5.473314445788048e-06,0.01549683524852527,0.00035318917430634145
bfo-6bd6714d37eff8e4dc621a9e7d4c1ec29e0ee776e3f389d1d1e9a5ceb8fd861e,392,18.834167805768228,39.783243759936866,14.639734491300963,18.834167805768228,5.4733188416144985e-06,0.015496735529369098,0.00035319173068686473
bfo-6bd6714d37eff8e4dc621a9e7d4c1ec29e0ee776e3f389d1d1e9a5ceb8fd861e,393,18.834182171927072,39.78331665723141,14.639735308868362,18.834182171927072,5.473372689069476e-06,0.015496863764698113,0.0003531922827854904
bfo-6bd6714d37eff8e4dc621a9e7d4c1ec29e0ee776e3f389d1d1e9a5ceb8fd861e,394,18.83416870144282,39.783242623872056,14.63973516558443,18.83416870144282,5.473316637752337e-06,0.015496722373525123,0.0003531918883120116
bfo-6bd6714d37eff8e4dc621a9e7d4c1ec29e0ee776e3f389d1d1e9a5ceb8fd861e,395,1000000.0,39.78324555763609,14.639733893311663,18.834172613080018,5.473255696866259e-06,0.015496743925016451,0.00035318746462802174
bfo-6bd6714d37eff8e4dc621a9e7d4c1ec29e0ee776e3f389d1d1e9a5ceb8fd861e,396,18.83416952965648,39.78326359862402,14.639732743529338,18.83416952965648,5.473337729636512e-06,0.015496806326870342,0.0003531913359558569
bfo-6bd6714d37eff8e4dc621a9e7d4c1ec29e0ee776e3f389d1d1e9a5ceb8fd861e,397,18.83417636017108,39.78324576291348,14.63973796563133,18.83417636017108,5.473290721571688e-06,0.01549671132799025,0.0003531904676888314
bfo-6bd6714d37eff8e4dc621a9e7d4c1ec29e0ee776e3f389d1d1e9a5ceb8fd861e,398,18.834170542995203,39.783227120477136,14.639736960078391,18.834170542995203,5.473245833382946e-06,0.015496685068802625,0.00035318816953965786
bfo-6bd6714d37eff8e4dc621a9e7d4c1ec29e0ee776e3f389d1d1e9a5ceb8fd861e,399,18.834164652911383,39.78321830905027,14.639736293602041,18.834164652911383,5.4733233243632646e-06,0.015496719132458068,0.00035319239366604524
bfo-6bd6714d37eff8e4dc621a9e7d4c1ec29e0ee776e3f389d1d1e9a5ceb8fd861e,400,18.834139524872754,39.783226804505816,14.639726072858354,18.834139524872754,5.4735284480081095e-06,0.015496874706832461,0.00035320208439156253
bfo-6bd6714d37eff8e4dc621a9e7d4c1ec29e0ee776e3f389d1d1e9a5ceb8fd861e,401,18.83415161404928,39.78320424683689,14.639733720401146,18.83415161404928,5.4734359796119755e-06,0.015496781550023701,0.0003531982406762135
bfo-6bd6714d37eff8e4dc621a9e7d4c1ec29e0ee776e3f389d1d1e9a5ceb8fd861e,402,1000000.0000000242,39.783246853153024,14.63972651103734,18.834144020988518,5.473546512052186e-06,0.015496907491535001,0.0003532025028246471
bfo-6bd6714d37eff8e4dc621a9e7d4c1ec29e0ee776e3f389d1d1e9a5ceb8fd861e,403,18.834127202111013,39.78317717036414,14.639725765806851,18.834127202111013,5.473513001017385e-06,0.01549675212648756,0.00035320388145473886
bfo-6bd6714d37eff8e4dc621a9e7d4c1ec29e0ee776e3f389d1d1e9a5ceb8fd861e,404,18.83412251719216,39.7831649827135,14.63972297122891,18.83412251719216,5.473498458766398e-06,0.01549680131501543,0.00035320182194392084
bfo-6bd6714d37eff8e4dc621a9e7d4c1ec29e0ee776e3f389d1d1e9a5ceb8fd861e,405,18.834109421596445,39.78312868939168,14.63972047058638,18.834109421596445,5.473548883902918e-06,0.015496749950381338,0.0003532062465632174
bfo-6bd6714d37eff8e4dc621a9e7d4c1ec29e0ee776e3f389d1d1e9a5ceb8fd861e,406,18.834101642658112,39.78311480309737,14.639716611453135,18.834101642658112,5.473593032034042e-06,0.015496739340049444,0.00035320933726285274
bfo-6bd6714d37eff8e4dc621a9e7d4c1ec29e0ee776e3f389d1d1e9a5ceb8fd861e,407,18.83409896208989,39.783072638528935,14.6397200860471,18.83409896208989,5.473621204126626e-06,0.015496659853265286,0.000353212966920306
bfo-6bd6714d37eff8e4dc621a9e7d4c1ec29e0ee776e3f389d1d1e9a5ceb8fd861e,408,18.83408971126544,39.78305411978694,14.639717030525293,18.83408971126544,5.473677910418099e-06,0.015496641432385636,0.0003532170460483741
bfo-6bd6714d37eff8e4dc621a9e7d4c1ec29e0ee776e3f389d1d1e9a5ceb8fd861e,409,18.83409550997461,39.783052957868115,14.639718173725353,18.83409550997461,5.473616466953982e-06,0.015496657251304205,0.0003532127205364447
bfo-6bd6714d37eff8e4dc621a9e7d4c1ec29e0ee776e3f389d1d1e9a5ceb8fd861e,410,18.834092153128417,39.783082181476615,14.63971659993458,18.834092153128417,5.473720255765965e-06,0.015496696817411693,0.0003532185161947437
bfo-6bd6714d37eff8e4dc621a9e7d4c1ec29e0ee776e3f389d1d1e9a5ceb8fd861e,411,18.834066980864947,39.78300508703616,14.639711780278645,18.834066980864947,5.473745584433711e-06,0.015496548239186562,0.0003532235372643887
bfo-6bd6714d37eff8e4dc621a9e7d4c1ec29e0ee776e3f389d1d1e9a5ceb8fd861e,412,18.83405281884458,39.78293893959792,14.639710345105867,18.83405281884458,5.473753360354717e-06,0.015496434073862293,0.00035322664132048624
bfo-6bd6714d37eff8e4dc621a9e7d4c1ec29e0ee776e3f389d1d1e9a5ceb8fd861e,413,18.83404785018176,39.7828798398336,14.639712708164794,18.83404785018176,5.473645751095967e-06,0.015496243429757287,0.00035322404271121463
bfo-6bd6714d37eff8e4dc621a9e7d4c1ec29e0ee776e3f389d1d1e9a5ceb8fd861e,414,18.834063690531636,39.782871762006536,14.63972073288454,18.834063690531636,5.47351783743536e-06,0.015496120960355428,0.0003532185797619004
bfo-6bd6714d37eff8e4dc621a9e7d4c1ec29e0ee776e3f389d1d1e9a5ceb8fd861e,415,18.834052631271557,39.782906178535114,14.639713283344093,18.834052631271557,5.4736656068078515e-06,0.015496271456861388,0.0003532246851796236
bfo-6bd6714d37eff8e4dc621a9e7d4c1ec29e0ee776e3f389d1d1e9a5ceb8fd861e,416,18.83404295802216,39.783007713439815,14.63969868313502,18.83404295802216,5.473872640247579e-06,0.01549666332063506,0.0003532291130671127
bfo-6bd6714d37eff8e4dc621a9e7d4c1ec29e0ee776e3f389d1d1e9a5ceb8fd861e,417,18.834035197114645,39.782992772561,14.639697874702161,18.834035197114645,5.473933480731038e-06,0.015496609716780147,0.000353234260962494
bfo-6bd6714d37eff8e4dc621a9e7d4c1ec29e0ee776e3f389d1d1e9a5ceb8fd861e,418,18.83403015717679,39.78299993507805,14.639695104528258,18.83403015717679,5.473986382741448e-06,0.01549667450000013,0.00035323619804632293
bfo-6bd6714d37eff8e4dc621a9e7d4c1ec29e0ee776e3f389d1d1e9a5ceb8fd861e,419,18.834020126852877,39.78301461625918,14.639691187257394,18.834020126852877,5.474087932458642e-06,0.015496737602790302,0.00035324131264073233
bfo-6bd6714d37eff8e4dc621a9e7d4c1ec29e0ee776e3f389d1d1e9a5ceb8fd861e,420,18.834002955611165,39.782992164702335,14.639684790570143,18.834002955611165,5.474173511672932e-06,0.01549678735393473,0.0003532457009731766
bfo-6bd6714d37eff8e4dc621a9e7d4c1ec29e0ee776e3f389d1d1e9a5ceb8fd861e,421,18.83401324382287,39.7829767950233,14.639689901375768,18.83401324382287,5.474101271277979e-06,0.015496715746395547,0.00035324267159970497
bfo-6bd6714d37eff8e4dc621a9e7d4c1ec29e0ee776e3f389d1d1e9a5ceb8fd861e,422,18.834005321471555,39.78299127804041,14.639686535396992,18.834005321471555,5.474167599558231e-06,0.01549675964037862,0.00035324595119192836
bfo-6bd6714d37eff8e4dc621a9e7d4c1ec29e0ee776e3f389d1d1e9a5ceb8fd861e,423,18.833995341291082,39.78300125190794,14.639681316268005,18.833995341291082,5.474213994620583e-06,0.015496805921153019,0.0003532478900796146
bfo-6bd6714d37eff8e4dc621a9e7d4c1ec29e0ee776e3f389d1d1e9a5ceb8fd861e,424,18.83399758361239,39.78302561595531,14.639678943676683,18.83399758361239,5.474256334864968e-06,0.015496917360901637,0.0003532480820138068
bfo-6bd6714d37eff8e4dc621a9e7d4c1ec29e0ee776e3f389d1d1e9a5ceb8fd861e,425,1000000.0000000306,39.783010649356356,14.639685583575552,18.834007819985153,5.474140081139061e-06,0.015496778573823486,0.00035324374385691686
bfo-6bd6714d37eff8e4dc621a9e7d4c1ec29e0ee776e3f389d1d1e9a5ceb8fd861e,426,18.83397741021856,39.78295514555923,14.6396777748247,18.83397741021856,5.474271414514879e-06,0.015496756681539626,0.00035325271777907286
bfo-6bd6714d37eff8e4dc621a9e7d4c1ec29e0ee776e3f389d1d1e9a5ceb8fd861e,427,1000000.0,39.78295738160706,14.639673346326125,18.83396889858878,5.474314899551935e-06,0.015496813874018033,0.00035325422012909215
bfo-6bd6714d37eff8e4dc621a9e7d4c1ec29e0ee776e3f389d1d1e9a5ceb8fd861e,428,1000000.0000000028,39.782970726213506,14.639682385185605,18.833991944679134,5.474192557255703e-06,0.015496761149732566,0.00035324752729702966
bfo-6bd6714d37eff8e4dc621a9e7d4c1ec29e0ee776e3f389d1d1e9a5ceb8fd861e,429,18.833953307392616,39.7829594669499,14.639667896871943,18.833953307392616,5.47445456766015e-06,0.015496866048039558,0.00035326204347960405
bfo-6bd6714d37eff8e4dc621a9e7d4c1ec29e0ee776e3f389d1d1e9a5ceb8fd861e,430,18.833924661100415,39.78293744218192,14.639658800493528,18.833924661100415,5.474637971508646e-06,0.015496869426529966,0.0003532738013612158
bfo-6bd6714d37eff8e4dc621a9e7d4c1ec29e0ee776e3f389d1d1e9a5ceb8fd861e,431,18.83391040534161,39.7828887401584,14.639657038341344,18.83391040534161,5.474667817787356e-06,0.01549675502076365,0.0003532783353967981
bfo-6bd6714d37eff8e4dc621a9e7d4c1ec29e0ee776e3f389d1d1e9a5ceb8fd861e,432,18.833923235300492,39.782865889511726,14.639664564166655,18.833923235300492,5.474558008417565e-06,0.015496635321725965,0.0003532739781739812
bfo-6bd6714d37eff8e4dc621a9e7d4c1ec29e0ee776e3f389d1d1e9a5ceb8fd861e,433,1000000.0000000605,39.78290534819033,14.639658843864293,18.83391641246955,5.474649615656565e-06,0.01549676151383549,0.0003532770127983711
bfo-6bd6714d37eff8e4dc621a9e7d4c1ec29e0ee776e3f389d1d1e9a5ceb8fd861e,434,18.833919353076375,39.782988019568236,14.639652791328176,18.833919353076375,5.474797833692899e-06,0.015497001408161308,0.0003532811083574957
bfo-6bd6714d37eff8e4dc621a9e7d4c1ec29e0ee776e3f389d1d1e9a5ceb8fd861e,435,1000000.0000000175,39.7828602948931,14.639657649940684,18.83390743102796,5.474637997509317e-06,0.015496685518963207,0.00035327799553072387
bfo-6bd6714d37eff8e4dc621a9e7d4c1ec29e0ee776e3f389d1d1e9a5ceb8fd861e,436,18.83390040766178,39.78287544786033,14.639653596139128,18.83390040766178,5.474722724518311e-06,0.015496779833357224,0.00035328131285274034
bfo-6bd6714d37eff8e4dc621a9e7d4c1ec29e0ee776e3f389d1d1e9a5ceb8fd861e,437,1000000.0,39.78293472036689,14.639654330410291,18.83391329592751,5.474756828641887e-06,0.015496915203802392,0.0003532804275329955
bfo-6bd6714d37eff8e4dc621a9e7d4c1ec29e0ee776e3f389d1d1e9a5ceb8fd861e,438,18.833903096592977,39.78286202807019,14.639655702468547,18.833903096592977,5.474682404037568e-06,0.015496729701759753,0.0003532798538401223
bfo-6bd6714d37eff8e4dc621a9e7d4c1ec29e0ee776e3f389d1d1e9a5ceb8fd861e,439,1000000.0,39.78291125207472,14.639648029689596,18.833894450957743,5.4748185253074304e-06,0.015496908885555901,0.0003532845527929965
bfo-6bd6714d37eff8e4dc621a9e7d4c1ec29e0ee776e3f389d1d1e9a5ceb8fd861e,440,1000000.0000000196,39.782877840851754,14.63965662588935,18.833906204792587,5.4746568917883826e-06,0.015496766667529449,0.0003532773648363367
bfo-6bd6714d37eff8e4dc621a9e7d4c1ec29e0ee776e3f389d1d1e9a5ceb8fd861e,441,18.83391030290997,39.78291011932687,14.639655170218306,18.83391030290997,5.474698729532469e-06,0.015496861250191592,0.0003532779084193442
bfo-6bd6714d37eff8e4dc621a9e7d4c1ec29e0ee776e3f389d1d1e9a5ceb8fd861e,442,1000000.0000000257,39.782866842064585,14.639653205168587,18.83389787927288,5.474721629319283e-06,0.015496767562630112,0.000353281521916956
bfo-6bd6714d37eff8e4dc621a9e7d4c1ec29e0ee776e3f389d1d1e9a5ceb8fd861e,443,18.833907326333115,39.78283316447248,14.639660106497438,18.833907326333115,5.474626556712661e-06,0.015496625558565501,0.00035327862417677456
bfo-6bd6714d37eff8e4dc621a9e7d4c1ec29e0ee776e3f389d1d1e9a5ceb8fd861e,444,18.833903066903318,39.78288173306199,14.639653872283812,18.833903066903318,5.474686761732993e-06,0.015496775558434211,0.00035327908964606267
bfo-6bd6714d37eff8e4dc621a9e7d4c1ec29e0ee776e3f389d1d1e9a5ceb8fd861e,445,18.833906021624628,39.78288389288031,14.639656185495237,18.833906021624628,5.474754303981354e-06,0.01549677993130655,0.00035328334842784156
bfo-6bd6714d37eff8e4dc621a9e7d4c1ec29e0ee776e3f389d1d1e9a5ceb8fd861e,446,1000000.0000000036,39.782913420231495,14.639654042387411,18.83390839640468,5.474716510088687e-06,0.015496833180776225,0.0003532796956787311
bfo-6bd6714d37eff8e4dc621a9e7d4c1ec29e0ee776e3f389d1d1e9a5ceb8fd861e,447,18.833917397102333,39.782875212605894,14.63966057806146,18.833917397102333,5.474624229913179e-06,0.015496714874270366,0.0003532764378986447
bfo-6bd6714d37eff8e4dc621a9e7d4c1ec29e0ee776e3f389d1d1e9a5ceb8fd861e,448,1000000.0000000236,39.782853942287694,14.63965958091878,18.833909888919905,5.474619099411401e-06,0.01549666917021702,0.00035327714873935925
bfo-6bd6714d37eff8e4dc621a9e7d4c1ec29e0ee776e3f389d1d1e9a5ceb8fd861e,449,18.833911804040216,39.782857667601895,14.639658332224133,18.833911804040216,5.474556506418356e-06,0.01549668887226182,0.0003532726604724895
bfo-6bd6714d37eff8e4dc621a9e7d4c1ec29e0ee776e3f389d1d1e9a5ceb8fd861e,450,1000000.0000000584,39.78288564457269,14.639654518091033,18.833905144674024,5.474708548948468e-06,0.015496787210639218,0.00035328022992984267
bfo-6bd6714d37eff8e4dc621a9e7d4c1ec29e0ee776e3f389d1d1e9a5ceb8fd861e,451,18.833869855406462,39.78278751627471,14.639646352322979,18.833869855406462,5.474815040813263e-06,0.015496683485112656,0.0003532894664895753
bfo-6bd6714d37eff8e4dc621a9e7d4c1ec29e0ee776e3f389d1d1e9a5ceb8fd861e,452,18.833885387563125,39.78275915090606,14.63965415620967,18.833885387563125,5.474634220342346e-06,0.015496546540767979,0.00035328092010305633
bfo-6bd6714d37eff8e4dc621a9e7d4c1ec29e0ee776e3f389d1d1e9a5ceb8fd861e,453,1000000.0000000099,39.78275135426179,14.639646213746008,18.83386365923148,5.474779744072658e-06,0.015496621524662342,0.0003532886013483477
bfo-6bd6714d37eff8e4dc621a9e7d4c1ec29e0ee776e3f389d1d1e9a5ceb8fd861e,454,18.833871716851856,39.7828399473256,14.639643568084614,18.833871716851856,5.474925616426616e-06,0.015496805934191274,0.00035329381032945964
bfo-6bd6714d37eff8e4dc621a9e7d4c1ec29e0ee776e3f389d1d1e9a5ceb8fd861e,455,18.833873783335843,39.782788863269914,14.639648010026313,18.833873783335843,5.4748077229728e-06,0.015496669166628181,0.00035328932069884455
bfo-6bd6714d37eff8e4dc621a9e7d4c1ec29e0ee776e3f389d1d1e9a5ceb8fd861e,456,18.83387585523847,39.78278134237206,14.63964985182762,18.83387585523847,5.474822834276486e-06,0.015496660637044276,0.0003532904902872491
bfo-6bd6714d37eff8e4dc621a9e7d4c1ec29e0ee776e3f389d1d1e9a5ceb8fd861e,457,18.833872028627894,39.782768773123266,14.63964893662412,18.833872028627894,5.474743698679724e-06,0.015496618576327397,0.0003532863425472013
bfo-6bd6714d37eff8e4dc621a9e7d4c1ec29e0ee776e3f389d1d1e9a5ceb8fd861e,458,18.833877319861145,39.78282526784868,14.639646523494395,18.833877319861145,5.474835844044295e-06,0.015496761437617584,0.0003532890317814673
bfo-6bd6714d37eff8e4dc621a9e7d4c1ec29e0ee776e3f389d1d1e9a5ceb8fd861e,459,18.833870906563615,39.782777220436486,14.639648185073622,18.833870906563615,5.474792452335356e-06,0.01549662573193853,0.00035328932549824794
bfo-6bd6714d37eff8e4dc621a9e7d4c1ec29e0ee776e3f389d1d1e9a5ceb8fd861e,460,1000000.0,39.782726958270814,14.639647282874144,18.83386151937904,5.47477770692506e-06,0.015496578611182255,0.00035328944822533197
bfo-6bd6714d37eff8e4dc621a9e7d4c1ec29e0ee776e3f389d1d1e9a5ceb8fd861e,461,18.833861643537475,39.782765429070125,14.639645652748907,18.833861643537475,5.4748537967893885e-06,0.01549667600348752,0.0003532921379757359
bfo-6bd6714d37eff8e4dc621a9e7d4c1ec29e0ee776e3f389d1d1e9a5ceb8fd861e,462,18.833861705602082,39.78277382892645,14.639644101315714,18.833861705602082,5.474889289715718e-06,0.015496698650111745,0.0003532939120343699
bfo-6bd6714d37eff8e4dc621a9e7d4c1ec29e0ee776e3f389d1d1e9a5ceb8fd861e,463,18.83387251575335,39.78278451296771,14.639649194114048,18.83387251575335,5.4748243882510085e-06,0.015496679942045727,0.0003532901504532379
bfo-6bd6714d37eff8e4dc621a9e7d4c1ec29e0ee776e3f389d1d1e9a5ceb8fd861e,464,18.833874643592566,39.78274732747589,14.639654430963668,18.833874643592566,5.474756212872731e-06,0.015496563655162648,0.0003532884021709437
bfo-6bd6714d37eff8e4dc621a9e7d4c1ec29e0ee776e3f389d1d1e9a5ceb8fd861e,465,18.833865730869586,39.78277239053218,14.639647658913487,18.833865730869586,5.474831234192594e-06,0.015496681287272121,0.00035329056155328133
bfo-6bd6714d37eff8e4dc621a9e7d4c1ec29e0ee776e3f389d1d1e9a5ceb8fd861e,466,18.833871874208725,39.78270110025139,14.639655156839524,18.833871874208725,5.474691583425209e-06,0.01549643260921186,0.0003532872191610588
bfo-6bd6714d37eff8e4dc621a9e7d4c1ec29e0ee776e3f389d1d1e9a5ceb8fd861e,467,18.83386036981941,39.78274230234342,14.639647618348548,18.83386036981941,5.474863276981344e-06,0.015496627006266157,0.0003532938667729144
bfo-6bd6714d37eff8e4dc621a9e7d4c1ec29e0ee776e3f389d1d1e9a5ceb8fd861e,468,18.833872131290395,39.78279040148114,14.63964842985033,18.833872131290395,5.474854091437197e-06,0.015496662381110513,0.00035329246755163945
bfo-6bd6714d37eff8e4dc621a9e7d4c1ec29e0ee776e3f389d1d1e9a5ceb8fd861e,469,18.833865177727013,39.782751441934025,14.639649230258192,18.833865177727013,5.474833345082065e-06,0.015496636429979995,0.00035329172042072177
bfo-6bd6714d37eff8e4dc621a9e7d4c1ec29e0ee776e3f389d1d1e9a5ceb8fd861e,470,1000000.0,39.782721600040205,14.63965643356142,18.833873761952795,5.474683079759851e-06,0.015496499040820011,0.0003532851559141679
bfo-6bd6714d37eff8e4dc621a9e7d4c1ec29e0ee776e3f389d1d1e9a5ceb8fd861e,471,18.83386387831262,39.78275097142914,14.639647989387072,18.83386387831262,5.4748483389125885e-06,0.015496653116294496,0.00035329230756000264
bfo-6bd6714d37eff8e4dc621a9e7d4c1ec29e0ee776e3f389d1d1e9a5ceb8fd861e,472,18.83386428459827,39.78279180643267,14.639647382080744,18.83386428459827,5.474947390214159e-06,0.015496706274034492,0.0003532974874401348
bfo-6bd6714d37eff8e4dc621a9e7d4c1ec29e0ee776e3f389d1d1e9a5ceb8fd861e,473,18.833847085874908,39.78269994063323,14.639645276023316,18.833847085874908,5.474889611849975e-06,0.015496549702067193,0.00035329732857370446
bfo-6bd6714d37eff8e4dc621a9e7d4c1ec29e0ee776e3f389d1d1e9a5ceb8fd861e,474,18.833840534736314,39.782664503836926,14.63964513304591,18.833840534736314,5.474880701421456e-06,0.015496459999247652,0.00035329879867319756
bfo-6bd6714d37eff8e4dc621a9e7d4c1ec29e0ee776e3f389d1d1e9a5ceb8fd861e,475,18.83382949223163,39.78268816556877,14.63963817126743,18.83382949223163,5.474996573254987e-06,0.015496559759891355,0.00035330400153881457
bfo-6bd6714d37eff8e4dc621a9e7d4c1ec29e0ee776e3f389d1d1e9a5ceb8fd861e,476,18.833837913186823,39.78274746688624,14.639636505283868,18.833837913186823,5.475072174402708e-06,0.015496696489340602,0.00035330576282298197
bfo-6bd6714d37eff8e4dc621a9e7d4c1ec29e0ee776e3f389d1d1e9a5ceb8fd861e,477,18.833828746186708,39.78267418716939,14.639638895105827,18.833828746186708,5.474961674010166e-06,0.015496498206120691,0.0003533031528276309
bfo-6bd6714d37eff8e4dc621a9e7d4c1ec29e0ee776e3f389d1d1e9a5ceb8fd861e,478,1000000.0,39.782646607709296,14.639635411700272,18.833818310868697,5.475031921023908e-06,0.015496493898485028,0.00035330778412781224
bfo-6bd6714d37eff8e4dc621a9e7d4c1ec29e0ee776e3f389d1d1e9a5ceb8fd861e,479,18.833834092624265,39.78264274163031,14.639643860434782,18.833834092624265,5.474865724233866e-06,0.015496380529246859,0.0003532996439975749
bfo-6bd6714d37eff8e4dc621a9e7d4c1ec29e0ee776e3f389d1d1e9a5ceb8fd861e,480,18.83383907227354,39.78270030576418,14.63964241809864,18.83383907227354,5.4748888627765364e-06,0.015496499165811585,0.0003532984323875711
bfo-6bd6714d37eff8e4dc621a9e7d4c1ec29e0ee776e3f389d1d1e9a5ceb8fd861e,481,1000000.000000005,39.78272263506915,14.63963230169516,18.833824718584122,5.475058329346378e-06,0.015496678259793114,0.0003533052850139945
bfo-6bd6714d37eff8e4dc621a9e7d4c1ec29e0ee776e3f389d1d1e9a5ceb8fd861e,482,18.833836807202744,39.78257730111189,14.639652084421297,18.833836807202744,5.474768367983518e-06,0.015496138092725199,0.0003532988887440089
bfo-6bd6714d37eff8e4dc621a9e7d4c1ec29e0ee776e3f389d1d1e9a5ceb8fd861e,483,18.83382487048534,39.78266687508893,14.639638479421155,18.83382487048534,5.474991988043825e-06,0.0154964718319744,0.00035330571031962814
bfo-6bd6714d37eff8e4dc621a9e7d4c1ec29e0ee776e3f389d1d1e9a5ceb8fd861e,484,18.833741576170645,39.78256519583568,14.639611326576969,18.833741576170645,5.475429806740165e-06,0.015496536324001739,0.00035333249264608705
bfo-6bd6714d37eff8e4dc621a9e7d4c1ec29e0ee776e3f389d1d1e9a5ceb8fd861e,485,18.833574993298008,39.78236180037486,14.639557027472355,18.833574993298008,5.476305413416091e-06,0.015496665164186286,0.00035338605792891223
bfo-6bd6714d37eff8e4dc621a9e7d4c1ec29e0ee776e3f389d1d1e9a5ceb8fd861e,486,1000000.0,39.78191059729032,14.63945366071153,18.833244551294673,5.477985418437482e-06,0.015496771598316274,0.0003534920408217583
bfo-6bd6714d37eff8e4dc621a9e7d4c1ec29e0ee776e3f389d1d1e9a5ceb8fd861e,487,18.83358632981921,39.78229705249018,14.639566041897734,18.83358632981921,5.476120851618587e-06,0.015496465041090148,0.00035337871166735146
bfo-6bd6714d37eff8e4dc621a9e7d4c1ec29e0ee776e3f389d1d1e9a5ceb8fd861e,488,1000000.0000000087,39.782364365129695,14.639556899751764,18.83357499624588,5.476316043797496e-06,0.015496682791120086,0.00035338634194251794
bfo-6bd6714d37eff8e4dc621a9e7d4c1ec29e0ee776e3f389d1d1e9a5ceb8fd861e,489,1000000.0,39.782343745078464,14.639558786205505,18.833576108020758,5.476252814449576e-06,0.015496586551931502,0.0003533844563832035
bfo-6bd6714d37eff8e4dc621a9e7d4c1ec29e0ee776e3f389d1d1e9a5ceb8fd861e,490,1000000.0000000232,39.782353254462876,14.639556642483388,18.83357499258278,5.476281192038931e-06,0.015496659757485945,0.00035338461821706537
bfo-6bd6714d37eff8e4dc621a9e7d4c1ec29e0ee776e3f389d1d1e9a5ceb8fd861e,491,1000000.0,39.78232909119429,14.639560343981275,18.833577419598605,5.4762791459776e-06,0.015496610934925293,0.00035338559953360544
bfo-6bd6714d37eff8e4dc621a9e7d4c1ec29e0ee776e3f389d1d1e9a5ceb8fd861e,492,1000000.0000000382,39.782371962808284,14.639556266130418,18.833574994292977,5.476308421532632e-06,0.015496682692907979,0.00035338585231785454
bfo-6bd6714d37eff8e4dc621a9e7d4c1ec29e0ee776e3f389d1d1e9a5ceb8fd861e,493,1000000.0,39.78236398777158,14.639557468476564,18.833577257466995,5.476263474305444e-06,0.015496640269240844,0.0003533839192986389
bfo-6bd6714d37eff8e4dc621a9e7d4c1ec29e0ee776e3f389d1d1e9a5ceb8fd861e,494,1000000.0000000364,39.7823712465249,14.639556738708361,18.833574992173098,5.476314028513743e-06,0.015496676180611579,0.0003533863626424192
bfo-6bd6714d37eff8e4dc621a9e7d4c1ec29e0ee776e3f389d1d1e9a5ceb8fd861e,495,18.833575256257415,39.782348605515836,14.6395590920761,18.833575256257415,5.476317184923602e-06,0.01549663009133613,0.00035338761734948467
bfo-6bd6714d37eff8e4dc621a9e7d4c1ec29e0ee776e3f389d1d1e9a5ceb8fd861e,496,1000000.0000000125,39.782378684862586,14.639555304770653,18.833574995815532,5.47632084396852e-06,0.015496728855818044,0.00035338560124012925
bfo-6bd6714d37eff8e4dc621a9e7d4c1ec29e0ee776e3f389d1d1e9a5ceb8fd861e,497,1000000.0,39.78237228217505,14.639559391297878,18.833582123567187,5.47626519484615e-06,0.01549666229561578,0.0003533835280385158
bfo-6bd6714d37eff8e4dc621a9e7d4c1ec29e0ee776e3f389d1d1e9a5ceb8fd861e,498,1000000.0000000125,39.782346970261656,14.639559049144676,18.83357499246283,5.476280222685269e-06,0.015496597952984102,0.0003533859650550416
bfo-6bd6714d37eff8e4dc621a9e7d4c1ec29e0ee776e3f389d1d1e9a5ceb8fd861e,499,1000000.0,39.78235277120203,14.639559690928314,18.833578360818034,5.476250140440081e-06,0.015496576042525445,0.00035338452348520385
bfo-6bd6714d37eff8e4dc621a9e7d4c1ec29e0ee776e3f389d1d1e9a5ceb8fd861e,500,1000000.0000000092,39.782347550627975,14.639557790367308,18.83357499442819,5.476270951677186e-06,0.015496634940650223,0.0003533845233271919
bfo-6bd6714d37eff8e4dc621a9e7d4c1ec29e0ee776e3f389d1d1e9a5ceb8fd861e,501,1000000.0,39.782362688916095,14.639559824459928,18.833578525828038,5.476257746229707e-06,0.015496666671611913,0.00035338294758972735
bfo-6bd6714d37eff8e4dc621a9e7d4c1ec29e0ee776e3f389d1d1e9a5ceb8fd861e,502,1000000.0000000271,39.78237671561389,14.63955635303147,18.83357499336949,5.476344423064126e-06,0.015496681434816662,0.00035338820418417635
bfo-6bd6714d37eff8e4dc621a9e7d4c1ec29e0ee776e3f389d1d1e9a5ceb8fd861e,503,1000000.0,39.78238922437807,14.639556766698371,18.83358149612559,5.476302021686238e-06,0.015496748147301018,0.00035338394672433356
bfo-6bd6714d37eff8e4dc621a9e7d4c1ec29e0ee776e3f389d1d1e9a5ceb8fd861e,504,1000000.0000000568,39.78237504513181,14.639555903250262,18.833574990508776,5.476318945816232e-06,0.015496711593262442,0.00035338587240645237
bfo-6bd6714d37eff8e4dc621a9e7d4c1ec29e0ee776e3f389d1d1e9a5ceb8fd861e,505,1000000.0,39.78233619639181,14.639560821687818,18.83357895917284,5.4762541112508425e-06,0.015496567343039426,0.00035338497810681954
bfo-6bd6714d37eff8e4dc621a9e7d4c1ec29e0ee776e3f389d1d1e9a5ceb8fd861e,506,18.833574994385472,39.782389573644025,14.639554453497674,18.833574994385472,5.476353188454818e-06,0.015496734989794533,0.0003533875485424061
bfo-6bd6714d37eff8e4dc621a9e7d4c1ec29e0ee776e3f389d1d1e9a5ceb8fd861e,507,18.83357918723903,39.78233307775869,14.639561033593273,18.83357918723903,5.476235948002183e-06,0.015496506648455938,0.00035338519010978724
bfo-6bd6714d37eff8e4dc621a9e7d4c1ec29e0ee776e3f389d1d1e9a5ceb8fd861e,508,1000000.000000004,39.78232122779654,14.639560212219159,18.83357499419411,5.47623234073971e-06,0.015496563976551395,0.0003533836500159689
bfo-6bd6714d37eff8e4dc621a9e7d4c1ec29e0ee776e3f389d1d1e9a5ceb8fd861e,509,1000000.0,39.78237564425761,14.639558955455945,18.833581017021316,5.47628840687355e-06,0.01549667881112292,0.0003533846492929105
bfo-6bd6714d37eff8e4dc621a9e7d4c1ec29e0ee776e3f389d1d1e9a5ceb8fd861e,510,1000000.000000025,39.782360127160416,14.639557810151894,18.83357499567841,5.476335962168875e-06,0.015496661815380283,0.00035338810560695504
bfo-6bd6714d37eff8e4dc621a9e7d4c1ec29e0ee776e3f389d1d1e9a5ceb8fd861e,511,1000000.0,39.78238369699336,14.639557609193353,18.83357785890419,5.4763681493389e-06,0.015496701343117664,0.0003533892812466857
bfo-6bd6714d37eff8e4dc621a9e7d4c1ec29e0ee776e3f389d1d1e9a5ceb8fd861e,512,1000000.0000000548,39.7823439327551,14.639558639723754,18.833574989868357,5.476299351681811e-06,0.015496604096024824,0.0003533870593678383
bfo-6bd6714d37eff8e4dc621a9e7d4c1ec29e0ee776e3f389d1d1e9a5ceb8fd861e,513,1000000.0,39.782415755632215,14.639557036656132,18.833580626156767,5.476387708783483e-06,0.015496780592097437,0.0003533887362111947
bfo-6bd6714d37eff8e4dc621a9e7d4c1ec29e0ee776e3f389d1d1e9a5ceb8fd861e,514,1000000.0000000505,39.782373576497946,14.639555422694967,18.833574991692725,5.476325119817389e-06,0.015496712780636069,0.0003533862437368224
bfo-6bd6714d37eff8e4dc621a9e7d4c1ec29e0ee776e3f389d1d1e9a5ceb8fd861e,515,18.8335799926699,39.78246018046886,14.639549665415416,18.8335799926699,5.4764082168905306e-06,0.015496963299911074,0.00035338589315249625
bfo-6bd6714d37eff8e4dc621a9e7d4c1ec29e0ee776e3f389d1d1e9a5ceb8fd861e,516,1000000.0000000162,39.78235552160413,14.639558230359922,18.833574996322753,5.476305736332107e-06,0.015496642839200228,0.00035338658786658437
bfo-6bd6714d37eff8e4dc621a9e7d4c1ec29e0ee776e3f389d1d1e9a5ceb8fd861e,517,1000000.0,39.7824055108927,14.639556132300779,18.833579865319976,5.476366070795602e-06,0.015496768116296168,0.0003533876244193612
bfo-6bd6714d37eff8e4dc621a9e7d4c1ec29e0ee776e3f389d1d1e9a5ceb8fd861e,518,1000000.0000000279,39.7823586441675,14.639557172914028,18.833574991482514,5.476324203292865e-06,0.015496669364420006,0.00035338717465743823
bfo-6bd6714d37eff8e4dc621a9e7d4c1ec29e0ee776e3f389d1d1e9a5ceb8fd861e,519,1000000.0,39.78232207486015,14.639559115166367,18.833577926353527,5.476163603890463e-06,0.015496553145204595,0.0003533794613923588
bfo-6bd6714d37eff8e4dc621a9e7d4c1ec29e0ee776e3f389d1d1e9a5ceb8fd861e,520,1000000.0000000546,39.782388685547176,14.639555424446176,18.833574991330426,5.476368932951026e-06,0.015496737954977136,0.0003533884969121623
bfo-6bd6714d37eff8e4dc621a9e7d4c1ec29e0ee776e3f389d1d1e9a5ceb8fd861e,521,1000000.0,39.78229800570419,14.639564511350516,18.833577439561978,5.476169822453547e-06,0.01549648629816535,0.00035338138705042307
bfo-6bd6714d37eff8e4dc621a9e7d4c1ec29e0ee776e3f389d1d1e9a5ceb8fd861e,522,1000000.0000000424,39.78236215466797,14.639556637075492,18.83357499012718,5.476322150399943e-06,0.015496669787579378,0.0003533870325345146
bfo-6bd6714d37eff8e4dc621a9e7d4c1ec29e0ee776e3f389d1d1e9a5ceb8fd861e,523,18.833577540844928,39.78228847999019,14.639564359448533,18.833577540844928,5.476165488665506e-06,0.01549643881330927,0.0003533821902334262
bfo-6bd6714d37eff8e4dc621a9e7d4c1ec29e0ee776e3f389d1d1e9a5ceb8fd861e,524,1000000.0000000024,39.78236564470372,14.6395572055996,18.83357499362276,5.476342833059829e-06,0.015496670220361908,0.0003533883573171847
bfo-6bd6714d37eff8e4dc621a9e7d4c1ec29e0ee776e3f389d1d1e9a5ceb8fd861e,525,18.833575002711317,39.782309449944236,14.63955938033775,18.833575002711317,5.476192338488274e-06,0.015496533661827084,0.00035338175994660575
bfo-6bd6714d37eff8e4dc621a9e7d4c1ec29e0ee776e3f389d1d1e9a5ceb8fd861e,526,1000000.0000000187,39.78237232122741,14.639555743124735,18.833574996261785,5.476308810821822e-06,0.015496674038307658,0.00035338607479801334
bfo-6bd6714d37eff8e4dc621a9e7d4c1ec29e0ee776e3f389d1d1e9a5ceb8fd861e,527,18.83357697446064,39.78238891353561,14.639555263855543,18.83357697446064,5.476371765120434e-06,0.015496756365898784,0.0003533882598278052
bfo-6bd6714d37eff8e4dc621a9e7d4c1ec29e0ee776e3f389d1d1e9a5ceb8fd861e,528,1000000.0000000072,39.782384516109836,14.639555542389664,18.833574994374686,5.47633798001465e-06,0.015496739161731861,0.0003533864720094207
bfo-6bd6714d37eff8e4dc621a9e7d4c1ec29e0ee776e3f389d1d1e9a5ceb8fd861e,529,1000000.0,39.78238580944073,14.639554597723864,18.833576871251307,5.4763517686795e-06,0.015496775052039882,0.00035338654334784536
bfo-6bd6714d37eff8e4dc621a9e7d4c1ec29e0ee776e3f389d1d1e9a5ceb8fd861e,530,1000000.0000001303,39.78234389427636,14.639558819150164,18.833574989263674,5.476286954677121e-06,0.015496616525665122,0.0003533859759391624
bfo-6bd6714d37eff8e4dc621a9e7d4c1ec29e0ee776e3f389d1d1e9a5ceb8fd861e,531,1000000.0,39.782355747256844,14.639558240057063,18.833577726343634,5.4762895033386126e-06,0.015496691286313678,0.00035338443556497416
bfo-6bd6714d37eff8e4dc621a9e7d4c1ec29e0ee776e3f389d1d1e9a5ceb8fd861e,532,1000000.0000000083,39.78236683614194,14.639556914702807,18.833574994242728,5.476287761810168e-06,0.015496674609026137,0.0003533847034911909
bfo-6bd6714d37eff8e4dc621a9e7d4c1ec29e0ee776e3f389d1d1e9a5ceb8fd861e,533,1000000.0,39.78238136749901,14.639557715646813,18.833580910770404,5.476257411976145e-06,0.015496669251161133,0.0003533828671968217
bfo-6bd6714d37eff8e4dc621a9e7d4c1ec29e0ee776e3f389d1d1e9a5ceb8fd861e,534,18.83357499756713,39.78235396095854,14.639558084823147,18.83357499756713,5.476284335286357e-06,0.01549662153277943,0.00035338569272680344
bfo-6bd6714d37eff8e4dc621a9e7d4c1ec29e0ee776e3f389d1d1e9a5ceb8fd861e,535,1000000.0000000095,39.78237429695642,14.639559980643703,18.833584256665414,5.476258439704972e-06,0.015496659891818037,0.00035338314694486776
bfo-6bd6714d37eff8e4dc621a9e7d4c1ec29e0ee776e3f389d1d1e9a5ceb8fd861e,536,18.833559889695742,39.78234596367237,14.639551827926473,18.833559889695742,5.4763813511598415e-06,0.015496680264437726,0.00035339061384180554
bfo-6bd6714d37eff8e4dc621a9e7d4c1ec29e0ee776e3f389d1d1e9a5ceb8fd861e,537,1000000.0,39.782340757973934,14.639549317460478,18.83355316499872,5.476419894242213e-06,0.015496689721099783,0.0003533928853712351
bfo-6bd6714d37eff8e4dc621a9e7d4c1ec29e0ee776e3f389d1d1e9a5ceb8fd861e,538,18.833559772604477,39.782342420376516,14.6395520819916,18.833559772604477,5.476376119264077e-06,0.015496668703918047,0.0003533905398570905
bfo-6bd6714d37eff8e4dc621a9e7d4c1ec29e0ee776e3f389d1d1e9a5ceb8fd861e,539,18.833558739927504,39.78233350254424,14.639552442532404,18.833558739927504,5.476367843254101e-06,0.015496650180656827,0.00035339042821588585
bfo-6bd6714d37eff8e4dc621a9e7d4c1ec29e0ee776e3f389d1d1e9a5ceb8fd861e,540,18.833551516196774,39.782325919413694,14.639549930225595,18.833551516196774,5.476405777784047e-06,0.015496655488477236,0.00035339275509196856
bfo-6bd6714d37eff8e4dc621a9e7d4c1ec29e0ee776e3f389d1d1e9a5ceb8fd861e,541,1000000.0,39.78233619312763,14.63955181140289,18.83355791502578,5.476372279725688e-06,0.01549665416876555,0.0003533906235556092
bfo-6bd6714d37eff8e4dc621a9e7d4c1ec29e0ee776e3f389d1d1e9a5ceb8fd861e,542,18.83355122045178,39.782326984118654,14.639549611793482,18.83355122045178,5.476410780782768e-06,0.015496659038245509,0.0003533929969851613
bfo-6bd6714d37eff8e4dc621a9e7d4c1ec29e0ee776e3f389d1d1e9a5ceb8fd861e,543,1000000.0,39.78232367004512,14.639549340924697,18.83355025561849,5.47640607063624e-06,0.015496653962057115,0.00035339280879891766
bfo-6bd6714d37eff8e4dc621a9e7d4c1ec29e0ee776e3f389d1d1e9a5ceb8fd861e,544,18.833550222468666,39.78232637499523,14.639549227218355,18.833550222468666,5.476417451811825e-06,0.015496663127775341,0.0003533933342072981
bfo-6bd6714d37eff8e4dc621a9e7d4c1ec29e0ee776e3f389d1d1e9a5ceb8fd861e,545,18.833547611790415,39.78232504857384,14.63954830281754,18.833547611790415,5.476436195527175e-06,0.015496676893122683,0.00035339422982727216
bfo-6bd6714d37eff8e4dc621a9e7d4c1ec29e0ee776e3f389d1d1e9a5ceb8fd861e,546,18.833542926887436,39.7823188674546,14.63954682348927,18.833542926887436,5.4764656439181905e-06,0.015496674861532625,0.00035339617646056536
bfo-6bd6714d37eff8e4dc621a9e7d4c1ec29e0ee776e3f389d1d1e9a5ceb8fd861e,547,18.833547512544154,39.7823283610213,14.639548063645504,18.833547512544154,5.4764486147181604e-06,0.015496678447395443,0.0003533949957927015
bfo-6bd6714d37eff8e4dc621a9e7d4c1ec29e0ee776e3f389d1d1e9a5ceb8fd861e,548,18.833542126147282,39.782317560716734,14.639546597004626,18.833542126147282,5.476469911959186e-06,0.015496673901895727,0.0003533964737613303
bfo-6bd6714d37eff8e4dc621a9e7d4c1ec29e0ee776e3f389d1d1e9a5ceb8fd861e,549,18.83353941780204,39.78232255320269,14.639544870864833,18.83353941780204,5.476490641580998e-06,0.015496698816542689,0.00035339724327189333
bfo-6bd6714d37eff8e4dc621a9e7d4c1ec29e0ee776e3f389d1d1e9a5ceb8fd861e,550,18.8335376648551,39.78232536925648,14.639543871563486,18.8335376648551,5.476507778420098e-06,0.015496717686684576,0.0003533979187815844
bfo-6bd6714d37eff8e4dc621a9e7d4c1ec29e0ee776e3f389d1d1e9a5ceb8fd861e,551,18.833535612033867,39.782314951591054,14.639543834526592,18.833535612033867,5.476503676142575e-06,0.015496694813789192,0.00035339817567224074
bfo-6bd6714d37eff8e4dc621a9e7d4c1ec29e0ee776e3f389d1d1e9a5ceb8fd861e,552,18.833530967828576,39.78231047693567,14.639542073791313,18.833530967828576,5.476530444626977e-06,0.01549670671977809,0.0003533996315254135
bfo-6bd6714d37eff8e4dc621a9e7d4c1ec29e0ee776e3f389d1d1e9a5ceb8fd861e,553,18.833528034310575,39.78231760068561,14.639540184726402,18.833528034310575,5.4765625314189865e-06,0.015496739842097068,0.0003534009467295723
bfo-6bd6714d37eff8e4dc621a9e7d4c1ec29e0ee776e3f389d1d1e9a5ceb8fd861e,554,18.83352441045821,39.782299563367076,14.639540305606328,18.83352441045821,5.4765619634988384e-06,0.01549669801183075,0.000353401864017601
bfo-6bd6714d37eff8e4dc621a9e7d4c1ec29e0ee776e3f389d1d1e9a5ceb8fd861e,555,18.833521541941195,39.782290657103374,14.639539811207834,18.833521541941195,5.476561005200554e-06,0.015496682107238,0.0003534021648829351
bfo-6bd6714d37eff8e4dc621a9e7d4c1ec29e0ee776e3f389d1d1e9a5ceb8fd861e,556,18.833521235812878,39.78229238590967,14.639539312202832,18.833521235812878,5.476568317322226e-06,0.015496686986508672,0.00035340252546173874
bfo-6bd6714d37eff8e4dc621a9e7d4c1ec29e0ee776e3f389d1d1e9a5ceb8fd861e,557,18.833521025506744,39.78228301879929,14.639539995332944,18.833521025506744,5.476553259606516e-06,0.01549665744216113,0.00035340222754790196
bfo-6bd6714d37eff8e4dc621a9e7d4c1ec29e0ee776e3f389d1d1e9a5ceb8fd861e,558,18.833519298988946,39.78228151972965,14.639539347050375,18.833519298988946,5.476564100588698e-06,0.015496663860955034,0.00035340278073574906
bfo-6bd6714d37eff8e4dc621a9e7d4c1ec29e0ee776e3f389d1d1e9a5ceb8fd861e,559,18.83351725831027,39.782279662694386,14.639538674460283,18.83351725831027,5.4765776467907915e-06,0.015496673968638193,0.0003534034243653936
bfo-6bd6714d37eff8e4dc621a9e7d4c1ec29e0ee776e3f389d1d1e9a5ceb8fd861e,560,18.83351320727548,39.78227304717334,14.639537465298794,18.83351320727548,5.476601523047438e-06,0.015496668249074468,0.00035340509553558557
bfo-6bd6714d37eff8e4dc621a9e7d4c1ec29e0ee776e3f389d1d1e9a5ceb8fd861e,561,18.833514127633897,39.782274780683,14.639537742902174,18.833514127633897,5.47659891120079e-06,0.01549666649476821,0.0003534049670004662
bfo-6bd6714d37eff8e4dc621a9e7d4c1ec29e0ee776e3f389d1d1e9a5ceb8fd861e,562,18.83351293142991,39.782273869710544,14.63953724759339,18.83351293142991,5.4766061679541e-06,0.015496675195937774,0.0003534052368465277
bfo-6bd6714d37eff8e4dc621a9e7d4c1ec29e0ee776e3f389d1d1e9a5ceb8fd861e,563,18.833514553602217,39.782283682840216,14.639537030265306,18.833514553602217,5.476604891155338e-06,0.015496693442575697,0.00035340473833655924
bfo-6bd6714d37eff8e4dc621a9e7d4c1ec29e0ee776e3f389d1d1e9a5ceb8fd861e,564,18.833512746100425,39.78227210087472,14.639537243791011,18.833512746100425,5.476601866744463e-06,0.015496671847729442,0.00035340503564621135
bfo-6bd6714d37eff8e4dc621a9e7d4c1ec29e0ee776e3f389d1d1e9a5ceb8fd861e,565,18.833514812927625,39.782270870012034,14.63953830057542,18.833514812927625,5.476587327099801e-06,0.015496659203109844,0.00035340438576598294
bfo-6bd6714d37eff8e4dc621a9e7d4c1ec29e0ee776e3f389d1d1e9a5ceb8fd861e,566,18.83351224170505,39.78226879776751,14.639537270926612,18.83351224170505,5.476599025257319e-06,0.015496664405848891,0.0003534050219988175
bfo-6bd6714d37eff8e4dc621a9e7d4c1ec29e0ee776e3f389d1d1e9a5ceb8fd861e,567,18.833507612806425,39.78226195822404,14.639535685662093,18.833507612806425,5.47661663803869e-06,0.01549666706174535,0.0003534060979833603
bfo-6bd6714d37eff8e4dc621a9e7d4c1ec29e0ee776e3f389d1d1e9a5ceb8fd861e,568,18.83350377746523,39.78225724104672,14.639534261227409,18.83350377746523,5.476636997777839e-06,0.015496675074623567,0.0003534072290607715
bfo-6bd6714d37eff8e4dc621a9e7d4c1ec29e0ee776e3f389d1d1e9a5ceb8fd861e,569,18.833497667622915,39.78225869441215,14.639531726292807,18.833497667622915,5.476684795745984e-06,0.015496703818659733,0.00035340965793973904
bfo-6bd6714d37eff8e4dc621a9e7d4c1ec29e0ee776e3f389d1d1e9a5ceb8fd861e,570,18.833494734736853,39.78226581495221,14.639529838187403,18.833494734736853,5.476716869783816e-06,0.01549673693137021,0.0003534109725188171
bfo-6bd6714d37eff8e4dc621a9e7d4c1ec29e0ee776e3f389d1d1e9a5ceb8fd861e,571,18.833491111557603,39.78224777347368,14.639529960213732,18.833491111557603,5.476716284766821e-06,0.015496695089451435,0.00035341188899656477
bfo-6bd6714d37eff8e4dc621a9e7d4c1ec29e0ee776e3f389d1d1e9a5ceb8fd861e,572,18.8334882414321,39.78223887659168,14.639529463189232,18.8334882414321,5.476715364342098e-06,0.015496679211737101,0.00035341219170324334
bfo-6bd6714d37eff8e4dc621a9e7d4c1ec29e0ee776e3f389d1d1e9a5ceb8fd861e,573,18.833487073662567,39.782241726725665,14.639528705714252,18.833487073662567,5.476728324280178e-06,0.015496693711886651,0.0003534126973213186
bfo-6bd6714d37eff8e4dc621a9e7d4c1ec29e0ee776e3f389d1d1e9a5ceb8fd861e,574,1000000.0,39.782240004102704,14.639528767047524,18.83348666812445,5.476732735831844e-06,0.015496689324082397,0.00035341308206526475
bfo-6bd6714d37eff8e4dc621a9e7d4c1ec29e0ee776e3f389d1d1e9a5ceb8fd861e,575,18.83348693977071,39.78224158534548,14.639528701411079,18.83348693977071,5.476728377150507e-06,0.015496689617638386,0.00035341279410519235
bfo-6bd6714d37eff8e4dc621a9e7d4c1ec29e0ee776e3f389d1d1e9a5ceb8fd861e,576,18.83348763633104,39.78224143796278,14.639528916179323,18.83348763633104,5.476715939058355e-06,0.015496682876162706,0.00035341214521997764
bfo-6bd6714d37eff8e4dc621a9e7d4c1ec29e0ee776e3f389d1d1e9a5ceb8fd861e,577,18.833486536831316,39.78223773804269,14.639528715328595,18.833486536831316,5.476723884859238e-06,0.015496680780306828,0.00035341270575948465
bfo-6bd6714d37eff8e4dc621a9e7d4c1ec29e0ee776e3f389d1d1e9a5ceb8fd861e,578,18.83348643272082,39.782240856463496,14.639528222916047,18.83348643272082,5.476732186031768e-06,0.015496690311054346,0.00035341302407811674
bfo-6bd6714d37eff8e4dc621a9e7d4c1ec29e0ee776e3f389d1d1e9a5ceb8fd861e,579,18.833486408556286,39.78223309113035,14.639528884343203,18.833486408556286,5.476718288895227e-06,0.01549666725702776,0.0003534126530600654
bfo-6bd6714d37eff8e4dc621a9e7d4c1ec29e0ee776e3f389d1d1e9a5ceb8fd861e,580,18.833486062329758,39.78222785119502,14.639529121726996,18.833486062329758,5.4767120167548995e-06,0.015496648542138164,0.000353412675125382
bfo-6bd6714d37eff8e4dc621a9e7d4c1ec29e0ee776e3f389d1d1e9a5ceb8fd861e,581,18.833488525280934,39.78223339772041,14.639529633047244,18.833488525280934,5.476698390644828e-06,0.015496657007725085,0.00035341160276791916
bfo-6bd6714d37eff8e4dc621a9e7d4c1ec29e0ee776e3f389d1d1e9a5ceb8fd861e,582,18.83348588519147,39.78222551302052,14.639529338403067,18.83348588519147,5.47670868039298e-06,0.015496639338396663,0.0003534126697278882
bfo-6bd6714d37eff8e4dc621a9e7d4c1ec29e0ee776e3f389d1d1e9a5ceb8fd861e,583,18.83348418313005,39.78222441829181,14.639528649641651,18.83348418313005,5.476720148291189e-06,0.015496647395919026,0.00035341322599451153
bfo-6bd6714d37eff8e4dc621a9e7d4c1ec29e0ee776e3f389d1d1e9a5ceb8fd861e,584,18.83348214247081,39.78222256132486,14.639527977059226,18.83348214247081,5.4767336948840754e-06,0.015496657503621364,0.0003534138696428075
bfo-6bd6714d37eff8e4dc621a9e7d4c1ec29e0ee776e3f389d1d1e9a5ceb8fd861e,585,18.833478909300823,39.78221825803875,14.639526868627222,18.833478909300823,5.476753321298873e-06,0.015496656134503796,0.0003534151673601835
bfo-6bd6714d37eff8e4dc621a9e7d4c1ec29e0ee776e3f389d1d1e9a5ceb8fd861e,586,18.833477985805253,39.782217960264745,14.639526367426923,18.833477985805253,5.4767559836049254e-06,0.015496663750510294,0.0003534151654690565
bfo-6bd6714d37eff8e4dc621a9e7d4c1ec29e0ee776e3f389d1d1e9a5ceb8fd861e,587,18.833478056883003,39.78222066579932,14.639526135695135,18.833478056883003,5.476762762092748e-06,0.01549667344824621,0.000353415381719395
bfo-6bd6714d37eff8e4dc621a9e7d4c1ec29e0ee776e3f389d1d1e9a5ceb8fd861e,588,18.833477395552727,39.782216026052176,14.639526317367526,18.833477395552727,5.476757502060183e-06,0.015496659235914772,0.00035341536641441735
bfo-6bd6714d37eff8e4dc621a9e7d4c1ec29e0ee776e3f389d1d1e9a5ceb8fd861e,589,18.833474431516297,39.78221889725941,14.639524637275935,18.833474431516297,5.476778932286182e-06,0.015496680752868969,0.00035341625859281134
bfo-6bd6714d37eff8e4dc621a9e7d4c1ec29e0ee776e3f389d1d1e9a5ceb8fd861e,590,18.833468671426672,39.782204763563726,14.639523157166462,18.833468671426672,5.476796094183769e-06,0.015496670934890254,0.00035341758995817223
bfo-6bd6714d37eff8e4dc621a9e7d4c1ec29e0ee776e3f389d1d1e9a5ceb8fd861e,591,18.83346256169238,39.782206217169254,14.639520622278061,18.83346256169238,5.476843893205525e-06,0.015496699678902826,0.00035342001888709817
bfo-6bd6714d37eff8e4dc621a9e7d4c1ec29e0ee776e3f389d1d1e9a5ceb8fd861e,592,18.833459628890306,39.78221333786756,14.639518734207849,18.833459628890306,5.4768759679627366e-06,0.015496732791535824,0.000353421333492577
bfo-6bd6714d37eff8e4dc621a9e7d4c1ec29e0ee776e3f389d1d1e9a5ceb8fd861e,593,18.833456005661443,39.78219529631439,14.639518856220324,18.833456005661443,5.476875382529743e-06,0.015496690949754055,0.0003534222499685757
bfo-6bd6714d37eff8e4dc621a9e7d4c1ec29e0ee776e3f389d1d1e9a5ceb8fd861e,594,18.833453135529897,39.78218639943468,14.639518359196304,18.833453135529897,5.476874461869826e-06,0.0154966750720953,0.0003534225526695063
bfo-6bd6714d37eff8e4dc621a9e7d4c1ec29e0ee776e3f389d1d1e9a5ceb8fd861e,595,18.833452907801078,39.78218818515974,14.639518059354259,18.833452907801078,5.476879853600968e-06,0.015496678140304596,0.0003534228306230613
bfo-6bd6714d37eff8e4dc621a9e7d4c1ec29e0ee776e3f389d1d1e9a5ceb8fd861e,596,18.833451740074594,39.7821910353855,14.639517301896138,18.833451740074594,5.476892813905091e-06,0.015496692640418227,0.0003534233362556567
bfo-6bd6714d37eff8e4dc621a9e7d4c1ec29e0ee776e3f389d1d1e9a5ceb8fd861e,597,18.833451699302902,39.78218325460756,14.639518080390094,18.833451699302902,5.476877814063702e-06,0.01549666773125811,0.0003534229364043451
bfo-6bd6714d37eff8e4dc621a9e7d4c1ec29e0ee776e3f389d1d1e9a5ceb8fd861e,598,18.833452398184143,39.78218913475891,14.639518111806739,18.833452398184143,5.476884680929709e-06,0.015496679773448535,0.00035342310488428686
bfo-6bd6714d37eff8e4dc621a9e7d4c1ec29e0ee776e3f389d1d1e9a5ceb8fd861e,599,18.833451575235035,39.78218742902493,14.639517594940218,18.833451575235035,5.476886265991566e-06,0.015496679735364593,0.0003534232080368092
bfo-6bd6714d37eff8e4dc621a9e7d4c1ec29e0ee776e3f389d1d1e9a5ceb8fd861e,600,18.83345205640086,39.78218409744003,14.63951794893566,18.83345205640086,5.4768751072571715e-06,0.015496673606779606,0.0003534226277348389
bfo-6bd6714d37eff8e4dc621a9e7d4c1ec29e0ee776e3f389d1d1e9a5ceb8fd861e,601,18.833451415797683,39.78218732563623,14.639517568609538,18.833451415797683,5.476889508188896e-06,0.015496681382069376,0.0003534233797002497
bfo-6bd6714d37eff8e4dc621a9e7d4c1ec29e0ee776e3f389d1d1e9a5ceb8fd861e,602,18.833451618655186,39.78218389928114,14.639517824902782,18.833451618655186,5.476876098887691e-06,0.015496662550747142,0.00035342294387275236
bfo-6bd6714d37eff8e4dc621a9e7d4c1ec29e0ee776e3f389d1d1e9a5ceb8fd861e,603,18.833451193647335,39.78219034857784,14.639517405154844,18.833451193647335,5.47690011127795e-06,0.015496689739224651,0.0003534238733201854
bfo-6bd6714d37eff8e4dc621a9e7d4c1ec29e0ee776e3f389d1d1e9a5ceb8fd861e,604,18.833450449849977,39.782183550923776,14.639517512290379,18.833450449849977,5.476897384751901e-06,0.015496672540704514,0.00035342408961446046
bfo-6bd6714d37eff8e4dc621a9e7d4c1ec29e0ee776e3f389d1d1e9a5ceb8fd861e,605,18.833451233548043,39.78218184595714,14.639518128769216,18.833451233548043,5.4768853251957265e-06,0.015496659846605731,0.0003534236009184483
bfo-6bd6714d37eff8e4dc621a9e7d4c1ec29e0ee776e3f389d1d1e9a5ceb8fd861e,606,18.83345028276655,39.78218602773006,14.639517273688886,18.83345028276655,5.47689980464513e-06,0.015496676911907115,0.00035342414607849687
bfo-6bd6714d37eff8e4dc621a9e7d4c1ec29e0ee776e3f389d1d1e9a5ceb8fd861e,607,18.833450600528227,39.78218962105477,14.639516964336709,18.833450600528227,5.4769018437388355e-06,0.015496692801571456,0.00035342391527458335
bfo-6bd6714d37eff8e4dc621a9e7d4c1ec29e0ee776e3f389d1d1e9a5ceb8fd861e,608,18.83345000166855,39.78218776821036,14.6395170158502,18.83345000166855,5.476903821398684e-06,0.015496684030042385,0.00035342424294003655
bfo-6bd6714d37eff8e4dc621a9e7d4c1ec29e0ee776e3f389d1d1e9a5ceb8fd861e,609,18.8334499414089,39.78218928622809,14.63951685530739,18.8334499414089,5.476906477647518e-06,0.015496694997690517,0.0003534241642146113
bfo-6bd6714d37eff8e4dc621a9e7d4c1ec29e0ee776e3f389d1d1e9a5ceb8fd861e,610,18.83344883146223,39.782188437422064,14.639516331728078,18.83344883146223,5.476914138716219e-06,0.01549669366218737,0.00035342468904061365
bfo-6bd6714d37eff8e4dc621a9e7d4c1ec29e0ee776e3f389d1d1e9a5ceb8fd861e,611,18.833444167094047,39.78218110030982,14.639514990153124,18.833444167094047,5.4769407973822445e-06,0.015496693259552236,0.0003534264185042336
bfo-6bd6714d37eff8e4dc621a9e7d4c1ec29e0ee776e3f389d1d1e9a5ceb8fd861e,612,18.833443244099733,39.782180815033264,14.639514487783664,18.833443244099733,5.4769434800960554e-06,0.01549670091785836,0.0003534264169597827
bfo-6bd6714d37eff8e4dc621a9e7d4c1ec29e0ee776e3f389d1d1e9a5ceb8fd861e,613,18.833442219568333,39.78217853698568,14.639514297323974,18.833442219568333,5.476949176630143e-06,0.015496697088239005,0.0003534268718969021
bfo-6bd6714d37eff8e4dc621a9e7d4c1ec29e0ee776e3f389d1d1e9a5ceb8fd861e,614,18.833440404843707,39.78218341282667,14.639512939841152,18.833440404843707,5.476968224492773e-06,0.01549672150456258,0.0003534275441989605
bfo-6bd6714d37eff8e4dc621a9e7d4c1ec29e0ee776e3f389d1d1e9a5ceb8fd861e,615,18.833437009348884,39.78217183803652,14.639512330870902,18.833437009348884,5.4769756739741976e-06,0.015496708925690198,0.00035342831179429034
bfo-6bd6714d37eff8e4dc621a9e7d4c1ec29e0ee776e3f389d1d1e9a5ceb8fd861e,616,1000000.0,39.78217676774668,14.639511007021234,18.83343426499657,5.4770074386883315e-06,0.015496732456925653,0.00035342982489451185
bfo-6bd6714d37eff8e4dc621a9e7d4c1ec29e0ee776e3f389d1d1e9a5ceb8fd861e,617,18.833436891138646,39.78216797312173,14.639512530434171,18.833436891138646,5.4769679934291404e-06,0.015496698788356439,0.0003534280473686629
bfo-6bd6714d37eff8e4dc621a9e7d4c1ec29e0ee776e3f389d1d1e9a5ceb8fd861e,618,18.833435082926556,39.78215978966567,14.639512209802371,18.833435082926556,5.476963052713989e-06,0.015496685166447978,0.00035342803921526486
bfo-6bd6714d37eff8e4dc621a9e7d4c1ec29e0ee776e3f389d1d1e9a5ceb8fd861e,619,18.833437130062283,39.782167131916985,14.639512380893368,18.833437130062283,5.476960136022229e-06,0.015496697905273095,0.00035342756047135516
bfo-6bd6714d37eff8e4dc621a9e7d4c1ec29e0ee776e3f389d1d1e9a5ceb8fd861e,620,18.833435173198573,39.78215682175699,14.639512499171667,18.833435173198573,5.476960491551518e-06,0.015496675103934654,0.0003534281034362591
bfo-6bd6714d37eff8e4dc621a9e7d4c1ec29e0ee776e3f389d1d1e9a5ceb8fd861e,621,18.83343578775329,39.78215125466814,14.639513314001766,18.83343578775329,5.4769478588865095e-06,0.015496658481129662,0.00035342766736169663
bfo-6bd6714d37eff8e4dc621a9e7d4c1ec29e0ee776e3f389d1d1e9a5ceb8fd861e,622,18.833435162864678,39.782161550614376,14.63951207568317,18.833435162864678,5.476963802728148e-06,0.015496691172985449,0.00035342795062444333
bfo-6bd6714d37eff8e4dc621a9e7d4c1ec29e0ee776e3f389d1d1e9a5ceb8fd861e,623,1000000.0,39.782143479115675,14.639514100883018,18.833436042825284,5.476932446132627e-06,0.01549662913914716,0.00035342734196929
bfo-6bd6714d37eff8e4dc621a9e7d4c1ec29e0ee776e3f389d1d1e9a5ceb8fd861e,624,18.833434991763266,39.78215961588906,14.639512258141664,18.833434991763266,5.476961601424451e-06,0.0154966844242803,0.0003534279624900352
bfo-6bd6714d37eff8e4dc621a9e7d4c1ec29e0ee776e3f389d1d1e9a5ceb8fd861e,625,18.8334327488446,39.78217412412878,14.639510005689706,18.8334327488446,5.476999177687855e-06,0.015496739716279965,0.0003534291262525395
bfo-6bd6714d37eff8e4dc621a9e7d4c1ec29e0ee776e3f389d1d1e9a5ceb8fd861e,626,18.833424222112026,39.78216420914025,14.639507341047372,18.833424222112026,5.477045477599967e-06,0.015496743775133675,0.00035343202140236213
bfo-6bd6714d37eff8e4dc621a9e7d4c1ec29e0ee776e3f389d1d1e9a5ceb8fd861e,627,1000000.0,39.782152676394695,14.639507100427892,18.833421382700735,5.477041120035126e-06,0.015496719907366318,0.0003534322845592396
bfo-6bd6714d37eff8e4dc621a9e7d4c1ec29e0ee776e3f389d1d1e9a5ceb8fd861e,628,18.83342425682632,39.782162865717645,14.639507580861885,18.83342425682632,5.4770433657674245e-06,0.015496737308557398,0.0003534320326087586
bfo-6bd6714d37eff8e4dc621a9e7d4c1ec29e0ee776e3f389d1d1e9a5ceb8fd861e,629,18.833425546795574,39.78217059062096,14.639507318187576,18.833425546795574,5.477050877732301e-06,0.015496755798495507,0.0003534320956560493
bfo-6bd6714d37eff8e4dc621a9e7d4c1ec29e0ee776e3f389d1d1e9a5ceb8fd861e,630,18.833424152714482,39.78216449000862,14.639507336684664,18.833424152714482,5.47704320840928e-06,0.015496742563934008,0.00035343190259584954
bfo-6bd6714d37eff8e4dc621a9e7d4c1ec29e0ee776e3f389d1d1e9a5ceb8fd861e,631,1000000.0,39.78216801507963,14.639507035963556,18.833424484079245,5.477044396586524e-06,0.015496757262843606,0.00035343164403295964
bfo-6bd6714d37eff8e4dc621a9e7d4c1ec29e0ee776e3f389d1d1e9a5ceb8fd861e,632,1000000.0000000024,39.782162031154996,14.639507470367782,18.83342408282065,5.477037724151699e-06,0.015496738937784771,0.00035343163139938853
bfo-6bd6714d37eff8e4dc621a9e7d4c1ec29e0ee776e3f389d1d1e9a5ceb8fd861e,633,18.833424373514443,39.782170163524036,14.639507062096552,18.833424373514443,5.477056041318437e-06,0.015496754421342298,0.00035343246026893065
bfo-6bd6714d37eff8e4dc621a9e7d4c1ec29e0ee776e3f389d1d1e9a5ceb8fd861e,634,18.83342414053352,39.78216056965099,14.639507586338597,18.83342414053352,5.477036530519512e-06,0.015496731055365661,0.00035343173414777157
bfo-6bd6714d37eff8e4dc621a9e7d4c1ec29e0ee776e3f389d1d1e9a5ceb8fd861e,635,18.833424430625936,39.78216171813526,14.639507488017559,18.833424430625936,5.477033662623294e-06,0.01549673833908641,0.0003534313829645642
bfo-6bd6714d37eff8e4dc621a9e7d4c1ec29e0ee776e3f389d1d1e9a5ceb8fd861e,636,1000000.0000000002,39.78216280798881,14.639507350403171,18.833424121387427,5.477040002345144e-06,0.015496738995151074,0.0003534317771021961
bfo-6bd6714d37eff8e4dc621a9e7d4c1ec29e0ee776e3f389d1d1e9a5ceb8fd861e,637,18.833424484311983,39.78216101210277,14.639507858014621,18.833424484311983,5.4770332319056605e-06,0.015496723994940577,0.0003534316823151668
bfo-6bd6714d37eff8e4dc621a9e7d4c1ec29e0ee776e3f389d1d1e9a5ceb8fd861e,638,1000000.0000000023,39.7821604387436,14.639507497355472,18.833424087415764,5.477032024590453e-06,0.015496730099904042,0.0003534314651724087
bfo-6bd6714d37eff8e4dc621a9e7d4c1ec29e0ee776e3f389d1d1e9a5ceb8fd861e,639,18.83342450924523,39.78216567146558,14.639507236613,18.83342450924523,5.477044513861497e-06,0.015496737606547902,0.0003534320998987076
bfo-6bd6714d37eff8e4dc621a9e7d4c1ec29e0ee776e3f389d1d1e9a5ceb8fd861e,640,1000000.0000000036,39.78215882358514,14.6395077269732,18.833424067526263,5.477038246465903e-06,0.015496726866794031,0.0003534319404055545
bfo-6bd6714d37eff8e4dc621a9e7d4c1ec29e0ee776e3f389d1d1e9a5ceb8fd861e,641,18.833424739726116,39.78216463249348,14.639507660762957,18.833424739726116,5.4770371097318755e-06,0.015496735931460334,0.0003534316603158216
bfo-6bd6714d37eff8e4dc621a9e7d4c1ec29e0ee776e3f389d1d1e9a5ceb8fd861e,642,1000000.000000008,39.78215672348371,14.639507756796199,18.833423993422162,5.47702701583967e-06,0.015496722107152644,0.000353431324248352
bfo-6bd6714d37eff8e4dc621a9e7d4c1ec29e0ee776e3f389d1d1e9a5ceb8fd861e,643,18.833425597211093,39.78215870034707,14.639508516538966,18.833425597211093,5.477030946279266e-06,0.015496718193731404,0.0003534316671316116
bfo-6bd6714d37eff8e4dc621a9e7d4c1ec29e0ee776e3f389d1d1e9a5ceb8fd861e,644,18.833424151000585,39.78216043292021,14.639507646264592,18.833424151000585,5.477035888681299e-06,0.01549672899638664,0.00035343173968896115
bfo-6bd6714d37eff8e4dc621a9e7d4c1ec29e0ee776e3f389d1d1e9a5ceb8fd861e,645,1000000.0,39.78217141804694,14.639506713404819,18.833424398081217,5.4770587737234516e-06,0.015496760358822716,0.0003534325011746869
bfo-6bd6714d37eff8e4dc621a9e7d4c1ec29e0ee776e3f389d1d1e9a5ceb8fd861e,646,18.83342377330091,39.78215980243965,14.639507355868234,18.83342377330091,5.477037226251464e-06,0.015496731023710537,0.0003534317797651264
bfo-6bd6714d37eff8e4dc621a9e7d4c1ec29e0ee776e3f389d1d1e9a5ceb8fd861e,647,18.833423792840172,39.78215709391587,14.639507572846112,18.833423792840172,5.477036432683711e-06,0.015496726036428378,0.0003534318423006745
bfo-6bd6714d37eff8e4dc621a9e7d4c1ec29e0ee776e3f389d1d1e9a5ceb8fd861e,648,18.83342359351896,39.78216132005032,14.639507215643407,18.83342359351896,5.477042041105703e-06,0.015496733381498002,0.00035343203669264267
bfo-6bd6714d37eff8e4dc621a9e7d4c1ec29e0ee776e3f389d1d1e9a5ceb8fd861e,649,18.833424610969153,39.78216437374611,14.639507377399536,18.833424610969153,5.477042058015751e-06,0.015496735335580799,0.00035343199321732997
bfo-6bd6714d37eff8e4dc621a9e7d4c1ec29e0ee776e3f389d1d1e9a5ceb8fd861e,650,18.833423860564732,39.7821593709363,14.63950744134534,18.833423860564732,5.477033472968284e-06,0.01549672226472406,0.00035343173733170147
bfo-6bd6714d37eff8e4dc621a9e7d4c1ec29e0ee776e3f389d1d1e9a5ceb8fd861e,651,18.83342521555697,39.78216380862272,14.639507879815511,18.83342521555697,5.477033463431659e-06,0.015496726319200441,0.00035343164424641194
bfo-6bd6714d37eff8e4dc621a9e7d4c1ec29e0ee776e3f389d1d1e9a5ceb8fd861e,652,18.83342379609284,39.782161368552224,14.639507268928554,18.83342379609284,5.477038387243092e-06,0.015496731325407045,0.0003534318478028611
bfo-6bd6714d37eff8e4dc621a9e7d4c1ec29e0ee776e3f389d1d1e9a5ceb8fd861e,653,18.833424362544854,39.78216491989539,14.639507535231179,18.833424362544854,5.477047005560669e-06,0.015496735100262967,0.00035343231784788835
bfo-6bd6714d37eff8e4dc621a9e7d4c1ec29e0ee776e3f389d1d1e9a5ceb8fd861e,654,18.83342339694185,39.78216429967913,14.639507066810088,18.83342339694185,5.477052364596096e-06,0.015496741504364003,0.00035343251760724763
bfo-6bd6714d37eff8e4dc621a9e7d4c1ec29e0ee776e3f389d1d1e9a5ceb8fd861e,655,18.833424405225706,39.78216758440489,14.639507198228628,18.833424405225706,5.477053383988853e-06,0.015496746553795137,0.0003534324682265342
bfo-6bd6714d37eff8e4dc621a9e7d4c1ec29e0ee776e3f389d1d1e9a5ceb8fd861e,656,18.83342317122337,39.78216071852461,14.639507206416642,18.83342317122337,5.477049442046816e-06,0.0154967314906667,0.0003534325573973782
bfo-6bd6714d37eff8e4dc621a9e7d4c1ec29e0ee776e3f389d1d1e9a5ceb8fd861e,657,18.833424809523258,39.782164456911595,14.639507849351135,18.833424809523258,5.4770441780461025e-06,0.015496725661520369,0.0003534323506575359
bfo-6bd6714d37eff8e4dc621a9e7d4c1ec29e0ee776e3f389d1d1e9a5ceb8fd861e,658,18.83342375901559,39.78215985175096,14.639507593238328,18.83342375901559,5.477041633961822e-06,0.015496724303928289,0.00035343221745084784
bfo-6bd6714d37eff8e4dc621a9e7d4c1ec29e0ee776e3f389d1d1e9a5ceb8fd861e,659,18.833424312494962,39.78216695466543,14.63950701834481,18.833424312494962,5.477050617860447e-06,0.015496744620009396,0.0003534323338327767
bfo-6bd6714d37eff8e4dc621a9e7d4c1ec29e0ee776e3f389d1d1e9a5ceb8fd861e,660,18.833423440695213,39.782162244317846,14.639507115015295,18.833423440695213,5.477048997148367e-06,0.015496738156669469,0.0003534323766573523
bfo-6bd6714d37eff8e4dc621a9e7d4c1ec29e0ee776e3f389d1d1e9a5ceb8fd861e,661,18.83342403113541,39.782153707934334,14.639507891791947,18.83342403113541,5.477029225691097e-06,0.015496704888192697,0.00035343185956029753
bfo-6bd6714d37eff8e4dc621a9e7d4c1ec29e0ee776e3f389d1d1e9a5ceb8fd861e,662,18.833423505591238,39.78215778160938,14.639507549119427,18.833423505591238,5.477044529632295e-06,0.015496725120774177,0.00035343238567805713
bfo-6bd6714d37eff8e4dc621a9e7d4c1ec29e0ee776e3f389d1d1e9a5ceb8fd861e,663,18.83342370389786,39.782153534167875,14.63950789672544,18.83342370389786,5.477027524298217e-06,0.015496710404771739,0.00035343162395367044
bfo-6bd6714d37eff8e4dc621a9e7d4c1ec29e0ee776e3f389d1d1e9a5ceb8fd861e,664,18.83342353533261,39.78215882612524,14.639507514845889,18.83342353533261,5.477044620078941e-06,0.015496723546507836,0.00035343242741870973
bfo-6bd6714d37eff8e4dc621a9e7d4c1ec29e0ee776e3f389d1d1e9a5ceb8fd861e,665,18.83342397421817,39.782155305551065,14.639508112238497,18.83342397421817,5.4770453110442405e-06,0.01549671310697232,0.00035343271010031117
bfo-6bd6714d37eff8e4dc621a9e7d4c1ec29e0ee776e3f389d1d1e9a5ceb8fd861e,666,18.833423210590155,39.78216140720693,14.63950715974088,18.833423210590155,5.477049868275052e-06,0.01549673637728651,0.00035343247345310315
bfo-6bd6714d37eff8e4dc621a9e7d4c1ec29e0ee776e3f389d1d1e9a5ceb8fd861e,667,18.833424302238445,39.78215693488875,14.639507894806975,18.833424302238445,5.47702865588644e-06,0.015496712352940067,0.0003534316525432136
bfo-6bd6714d37eff8e4dc621a9e7d4c1ec29e0ee776e3f389d1d1e9a5ceb8fd861e,668,18.833422622233744,39.7821602947218,14.639506947113036,18.833422622233744,5.477053219517503e-06,0.01549673079671093,0.00035343281698356455
bfo-6bd6714d37eff8e4dc621a9e7d4c1ec29e0ee776e3f389d1d1e9a5ceb8fd861e,669,18.833424576331833,39.78215974917882,14.639507767055711,18.833424576331833,5.477038609096792e-06,0.015496720890178763,0.00035343210011402686
bfo-6bd6714d37eff8e4dc621a9e7d4c1ec29e0ee776e3f389d1d1e9a5ceb8fd861e,670,18.833420297374232,39.782156616131466,14.639506279929634,18.833420297374232,5.477066463512937e-06,0.015496730536230213,0.000353433677555918
bfo-6bd6714d37eff8e4dc621a9e7d4c1ec29e0ee776e3f389d1d1e9a5ceb8fd861e,671,18.833422517539933,39.78215233551653,14.639507414655593,18.833422517539933,5.477041038310466e-06,0.015496709837229389,0.00035343250895440975
bfo-6bd6714d37eff8e4dc621a9e7d4c1ec29e0ee776e3f389d1d1e9a5ceb8fd861e,672,18.83342080531523,39.782156702305144,14.639506558969597,18.83342080531523,5.477064492794599e-06,0.015496726356090548,0.0003534336457223428
bfo-6bd6714d37eff8e4dc621a9e7d4c1ec29e0ee776e3f389d1d1e9a5ceb8fd861e,673,18.833421617701937,39.78215306284178,14.63950723594344,18.833421617701937,5.477047853400233e-06,0.015496716250996185,0.00035343280245246465
bfo-6bd6714d37eff8e4dc621a9e7d4c1ec29e0ee776e3f389d1d1e9a5ceb8fd861e,674,18.833419815270833,39.7821556644658,14.639506179955047,18.833419815270833,5.4770694241874235e-06,0.0154967289949738,0.0003534339037589063
bfo-6bd6714d37eff8e4dc621a9e7d4c1ec29e0ee776e3f389d1d1e9a5ceb8fd861e,675,18.83342247312891,39.78216699417953,14.63950624123315,18.83342247312891,5.477074025656415e-06,0.0154967491395312,0.0003534337412538192
bfo-6bd6714d37eff8e4dc621a9e7d4c1ec29e0ee776e3f389d1d1e9a5ceb8fd861e,676,18.83342077521743,39.7821535349963,14.639506852490932,18.83342077521743,5.477059967910987e-06,0.015496717458829181,0.00035343355665237724
bfo-6bd6714d37eff8e4dc621a9e7d4c1ec29e0ee776e3f389d1d1e9a5ceb8fd861e,677,18.8334229943606,39.78216626888087,14.639506562043486,18.8334229943606,5.4770630345732355e-06,0.01549675086114764,0.0003534329927381708
bfo-6bd6714d37eff8e4dc621a9e7d4c1ec29e0ee776e3f389d1d1e9a5ceb8fd861e,678,18.833418118339864,39.78214981058216,14.639505882457895,18.833418118339864,5.477073055161104e-06,0.015496722528878779,0.00035343428553710976
bfo-6bd6714d37eff8e4dc621a9e7d4c1ec29e0ee776e3f389d1d1e9a5ceb8fd861e,679,18.833406339930857,39.782135423333074,14.639502043880302,18.833406339930857,5.477134967683646e-06,0.015496731618690508,0.00035343807342431543
bfo-6bd6714d37eff8e4dc621a9e7d4c1ec29e0ee776e3f389d1d1e9a5ceb8fd861e,680,18.833382798472503,39.782106096581245,14.639494426020491,18.833382798472503,5.477258152770448e-06,0.01549674797085713,0.0003534456495692431
bfo-6bd6714d37eff8e4dc621a9e7d4c1ec29e0ee776e3f389d1d1e9a5ceb8fd861e,681,18.833335916877704,39.78204579652106,14.639479443499331,18.833335916877704,5.477501784144877e-06,0.015496774220613355,0.0003534607722979447
bfo-6bd6714d37eff8e4dc621a9e7d4c1ec29e0ee776e3f389d1d1e9a5ceb8fd861e,682,18.83324234227534,39.781925455418516,14.639449600518239,18.83324234227534,5.477989523764582e-06,0.015496824340734917,0.00035349110264902155
bfo-6bd6714d37eff8e4dc621a9e7d4c1ec29e0ee776e3f389d1d1e9a5ceb8fd861e,683,1000000.0,39.781674472630954,14.639391314569009,18.833056137560924,5.478948919431077e-06,0.015496887125238583,0.0003535515794335197
bfo-6bd6714d37eff8e4dc621a9e7d4c1ec29e0ee776e3f389d1d1e9a5ceb8fd861e,684,1000000.0,39.78192822049709,14.639450528893844,18.833245623800373,5.47796931173379e-06,0.015496795004858725,0.0003534904675461137
bfo-6bd6714d37eff8e4dc621a9e7d4c1ec29e0ee776e3f389d1d1e9a5ceb8fd861e,685,1000000.0000000375,39.78194172525888,14.639448315731169,18.833241834666413,5.4780288413834135e-06,0.015496871805079637,0.000353492557097091
bfo-6bd6714d37eff8e4dc621a9e7d4c1ec29e0ee776e3f389d1d1e9a5ceb8fd861e,686,1000000.0,39.781889186685355,14.639452880384543,18.833243964934123,5.477905120952229e-06,0.015496715802376692,0.0003534881319893662
bfo-6bd6714d37eff8e4dc621a9e7d4c1ec29e0ee776e3f389d1d1e9a5ceb8fd861e,687,1000000.0000000156,39.781932623621074,14.63944891491796,18.833242274338236,5.477999765425932e-06,0.015496843159290381,0.00035349133427486896
bfo-6bd6714d37eff8e4dc621a9e7d4c1ec29e0ee776e3f389d1d1e9a5ceb8fd861e,688,18.833242995361264,39.78191807680679,14.639450897777381,18.833242995361264,5.477973650442423e-06,0.015496789550636911,0.00035349087193465054
bfo-6bd6714d37eff8e4dc621a9e7d4c1ec29e0ee776e3f389d1d1e9a5ceb8fd861e,689,1000000.0000000005,39.781922747202024,14.639449769759922,18.83324243356465,5.477982624758901e-06,0.015496817048995729,0.0003534908237891278
bfo-6bd6714d37eff8e4dc621a9e7d4c1ec29e0ee776e3f389d1d1e9a5ceb8fd861e,690,1000000.0,39.7819297380645,14.639449257499999,18.83324268858055,5.477995974620265e-06,0.015496838019682784,0.0003534912068941144
bfo-6bd6714d37eff8e4dc621a9e7d4c1ec29e0ee776e3f389d1d1e9a5ceb8fd861e,691,1000000.0000000063,39.78192195964972,14.639449815872124,18.833242279634984,5.477983644820826e-06,0.015496816894088147,0.00035349089314661855
bfo-6bd6714d37eff8e4dc621a9e7d4c1ec29e0ee776e3f389d1d1e9a5ceb8fd861e,692,18.833242938774934,39.78192924241307,14.639449472309442,18.833242938774934,5.4779884323817386e-06,0.015496832544231459,0.0003534908450966559
bfo-6bd6714d37eff8e4dc621a9e7d4c1ec29e0ee776e3f389d1d1e9a5ceb8fd861e,693,1000000.000000004,39.78192242183606,14.639449821351535,18.833242351118912,5.47798748413158e-06,0.015496814699331698,0.0003534911909586051
bfo-6bd6714d37eff8e4dc621a9e7d4c1ec29e0ee776e3f389d1d1e9a5ceb8fd861e,694,1000000.0,39.78192756671761,14.639449492340862,18.83324259442166,5.477985501460678e-06,0.015496830092373216,0.0003534907118944716
bfo-6bd6714d37eff8e4dc621a9e7d4c1ec29e0ee776e3f389d1d1e9a5ceb8fd861e,695,1000000.0,39.78192661441415,14.639449496091673,18.833242509443554,5.477991588518019e-06,0.015496829073237621,0.0003534911279352163
bfo-6bd6714d37eff8e4dc621a9e7d4c1ec29e0ee776e3f389d1d1e9a5ceb8fd861e,696,1000000.0,39.781925645349645,14.63944983823539,18.83324277788505,5.477990954430335e-06,0.015496823036530407,0.0003534912247185863
bfo-6bd6714d37eff8e4dc621a9e7d4c1ec29e0ee776e3f389d1d1e9a5ceb8fd861e,697,1000000.0000000078,39.78191726265229,14.639450348478467,18.833242347716624,5.477976877839573e-06,0.015496799123337707,0.0003534908618380364
bfo-6bd6714d37eff8e4dc621a9e7d4c1ec29e0ee776e3f389d1d1e9a5ceb8fd861e,698,18.833242775695734,39.7819320441767,14.639449441238343,18.833242775695734,5.477997439837736e-06,0.015496840129009508,0.0003534912533286789
bfo-6bd6714d37eff8e4dc621a9e7d4c1ec29e0ee776e3f389d1d1e9a5ceb8fd861e,699,1000000.0000000036,39.78192225048993,14.639449982696961,18.8332424186115,5.477983247597958e-06,0.015496811519040062,0.00035349099012190133
bfo-6bd6714d37eff8e4dc621a9e7d4c1ec29e0ee776e3f389d1d1e9a5ceb8fd861e,700,1000000.0,39.78192888855191,14.639449525250871,18.83324250541486,5.477999382800608e-06,0.015496829131873533,0.00035349162955753197
bfo-6bd6714d37eff8e4dc621a9e7d4c1ec29e0ee776e3f389d1d1e9a5ceb8fd861e,701,1000000.000000007,39.781927138134016,14.63944939387171,18.833242376223414,5.477992190542462e-06,0.015496832978543564,0.00035349107770130323
bfo-6bd6714d37eff8e4dc621a9e7d4c1ec29e0ee776e3f389d1d1e9a5ceb8fd861e,702,18.83324248833092,39.78193241171442,14.639449188279016,18.83324248833092,5.47799807784253e-06,0.015496841325265135,0.0003534912672114365
bfo-6bd6714d37eff8e4dc621a9e7d4c1ec29e0ee776e3f389d1d1e9a5ceb8fd861e,703,1000000.0000000013,39.781921155355434,14.639450054870974,18.833242528995733,5.4779818602592215e-06,0.015496810831574446,0.0003534909162792348
bfo-6bd6714d37eff8e4dc621a9e7d4c1ec29e0ee776e3f389d1d1e9a5ceb8fd861e,704,1000000.0,39.781925085907204,14.639449462719364,18.833242452026447,5.4779761079452275e-06,0.015496815553190523,0.0003534904373832731
bfo-6bd6714d37eff8e4dc621a9e7d4c1ec29e0ee776e3f389d1d1e9a5ceb8fd861e,705,1000000.0000000009,39.7819251181004,14.639449743045375,18.833242462150952,5.477988685409925e-06,0.015496825449320064,0.0003534910232631081
bfo-6bd6714d37eff8e4dc621a9e7d4c1ec29e0ee776e3f389d1d1e9a5ceb8fd861e,706,1000000.0,39.78193374400536,14.639449077669342,18.83324251205905,5.478005400220317e-06,0.015496843483461602,0.00035349169048951826
bfo-6bd6714d37eff8e4dc621a9e7d4c1ec29e0ee776e3f389d1d1e9a5ceb8fd861e,707,1000000.0000000037,39.78192505908258,14.63944956365623,18.833242334426732,5.477990928970151e-06,0.015496824864661042,0.0003534911813749771
bfo-6bd6714d37eff8e4dc621a9e7d4c1ec29e0ee776e3f389d1d1e9a5ceb8fd861e,708,1000000.0,39.781931401864306,14.639449525661496,18.83324280169541,5.477997781607835e-06,0.01549683540199304,0.00035349138320868483
bfo-6bd6714d37eff8e4dc621a9e7d4c1ec29e0ee776e3f389d1d1e9a5ceb8fd861e,709,1000000.0000000012,39.78192785447857,14.639449543541625,18.83324236285472,5.477996639402349e-06,0.01549682931024695,0.0003534914484590819
bfo-6bd6714d37eff8e4dc621a9e7d4c1ec29e0ee776e3f389d1d1e9a5ceb8fd861e,710,1000000.0,39.78193075275996,14.639449461402272,18.83324254125052,5.477995089111821e-06,0.015496840945211338,0.0003534910830200248
bfo-6bd6714d37eff8e4dc621a9e7d4c1ec29e0ee776e3f389d1d1e9a5ceb8fd861e,711,1000000.0000000045,39.781921810325095,14.63944977126966,18.83324229151962,5.477983300813369e-06,0.01549681595154083,0.0003534908924480516
bfo-6bd6714d37eff8e4dc621a9e7d4c1ec29e0ee776e3f389d1d1e9a5ceb8fd861e,712,1000000.0,39.781925445807545,14.63944958625656,18.83324259000017,5.477987667907961e-06,0.01549682987095231,0.00035349085674458194
bfo-6bd6714d37eff8e4dc621a9e7d4c1ec29e0ee776e3f389d1d1e9a5ceb8fd861e,713,1000000.0000000029,39.78192838633017,14.63944926963182,18.833242331227332,5.477994351473491e-06,0.015496831732877105,0.000353491245559034
bfo-6bd6714d37eff8e4dc621a9e7d4c1ec29e0ee776e3f389d1d1e9a5ceb8fd861e,714,1000000.0,39.78192838041043,14.63944956858282,18.833242664639897,5.477994971249888e-06,0.015496828784681546,0.00035349135280276367
bfo-6bd6714d37eff8e4dc621a9e7d4c1ec29e0ee776e3f389d1d1e9a5ceb8fd861e,715,1000000.0000000027,39.78192292361999,14.639449805862435,18.833242412684527,5.477983638968903e-06,0.01549681480429152,0.00035349094043841126
bfo-6bd6714d37eff8e4dc621a9e7d4c1ec29e0ee776e3f389d1d1e9a5ceb8fd861e,716,18.833242786036493,39.78192379818452,14.639449953460689,18.833242786036493,5.47797849578177e-06,0.01549681369600111,0.00035349063383238196
bfo-6bd6714d37eff8e4dc621a9e7d4c1ec29e0ee776e3f389d1d1e9a5ceb8fd861e,717,1000000.0000000005,39.78192676277809,14.639449606726426,18.833242383840048,5.477991417347878e-06,0.015496825258595073,0.00035349120390381863
bfo-6bd6714d37eff8e4dc621a9e7d4c1ec29e0ee776e3f389d1d1e9a5ceb8fd861e,718,1000000.0,39.781920202478375,14.63945007548829,18.83324239705891,5.477980304009579e-06,0.015496805492753327,0.0003534909376368705
bfo-6bd6714d37eff8e4dc621a9e7d4c1ec29e0ee776e3f389d1d1e9a5ceb8fd861e,719,1000000.0000000065,39.781923733937674,14.639449764630132,18.833242283969923,5.477988618400863e-06,0.015496821154425406,0.00035349111690796806
bfo-6bd6714d37eff8e4dc621a9e7d4c1ec29e0ee776e3f389d1d1e9a5ceb8fd861e,720,1000000.0,39.781922359519555,14.63944985361687,18.8332424891723,5.477982399086202e-06,0.015496820698667882,0.000353490725975625
bfo-6bd6714d37eff8e4dc621a9e7d4c1ec29e0ee776e3f389d1d1e9a5ceb8fd861e,721,1000000.0000000088,39.7819269746735,14.639449307637886,18.83324222166521,5.4779908584690856e-06,0.015496832132284475,0.0003534910110471426
bfo-6bd6714d37eff8e4dc621a9e7d4c1ec29e0ee776e3f389d1d1e9a5ceb8fd861e,722,18.833242499364502,39.78192167526809,14.639450006149914,18.833242499364502,5.477993484660395e-06,0.015496816105116325,0.00035349154610228725
bfo-6bd6714d37eff8e4dc621a9e7d4c1ec29e0ee776e3f389d1d1e9a5ceb8fd861e,723,1000000.0000000126,39.781925667366124,14.639449469957167,18.83324218480239,5.47798979706821e-06,0.015496828598056206,0.0003534910231733042
bfo-6bd6714d37eff8e4dc621a9e7d4c1ec29e0ee776e3f389d1d1e9a5ceb8fd861e,724,1000000.0,39.781918524938035,14.639450337049254,18.833242748949356,5.477969248671085e-06,0.015496798964846346,0.00035349037314722626
bfo-6bd6714d37eff8e4dc621a9e7d4c1ec29e0ee776e3f389d1d1e9a5ceb8fd861e,725,1000000.0000000108,39.781929575978936,14.63944915370687,18.83324208949538,5.477996314340394e-06,0.015496836631734054,0.0003534912604758756
bfo-6bd6714d37eff8e4dc621a9e7d4c1ec29e0ee776e3f389d1d1e9a5ceb8fd861e,726,18.83324321633801,39.78191895957406,14.639450556185286,18.83324321633801,5.477971029816519e-06,0.015496799240154912,0.00035349048180363207
bfo-6bd6714d37eff8e4dc621a9e7d4c1ec29e0ee776e3f389d1d1e9a5ceb8fd861e,727,1000000.0000000099,39.781926564081175,14.639450798003372,18.833245253752278,5.4779674522869875e-06,0.015496816659951623,0.00035348985359320167
bfo-6bd6714d37eff8e4dc621a9e7d4c1ec29e0ee776e3f389d1d1e9a5ceb8fd861e,728,18.83323220089993,39.78190986044888,14.63944666585205,18.83323220089993,5.478035625199219e-06,0.015496822783382625,0.00035349411306899393
bfo-6bd6714d37eff8e4dc621a9e7d4c1ec29e0ee776e3f389d1d1e9a5ceb8fd861e,729,1000000.0,39.78190771433594,14.639445551314466,18.83322895422228,5.478054790521588e-06,0.015496828749580593,0.0003534952137010514
bfo-6bd6714d37eff8e4dc621a9e7d4c1ec29e0ee776e3f389d1d1e9a5ceb8fd861e,730,18.83323217209205,39.781909010830404,14.639446753175717,18.83323217209205,5.478034981577543e-06,0.015496821404260938,0.0003534941029952973
bfo-6bd6714d37eff8e4dc621a9e7d4c1ec29e0ee776e3f389d1d1e9a5ceb8fd861e,731,18.833233397274935,39.78190253389511,14.63944791171785,18.833233397274935,5.478021491230988e-06,0.015496793675079203,0.0003534938649948174
bfo-6bd6714d37eff8e4dc621a9e7d4c1ec29e0ee776e3f389d1d1e9a5ceb8fd861e,732,1000000.0000000133,39.78191312089718,14.639446511901907,18.833232235700407,5.478042830529265e-06,0.015496832258549278,0.00035349436188851713
bfo-6bd6714d37eff8e4dc621a9e7d4c1ec29e0ee776e3f389d1d1e9a5ceb8fd861e,733,18.833234998024395,39.781909770831184,14.63944788455443,18.833234998024395,5.478015891346869e-06,0.015496812741274889,0.0003534930687235113
bfo-6bd6714d37eff8e4dc621a9e7d4c1ec29e0ee776e3f389d1d1e9a5ceb8fd861e,734,18.83323211028999,39.781907283760596,14.63944696910658,18.83323211028999,5.478032730255261e-06,0.01549681392424059,0.0003534941283437852
bfo-6bd6714d37eff8e4dc621a9e7d4c1ec29e0ee776e3f389d1d1e9a5ceb8fd861e,735,1000000.0,39.78189886828077,14.6394458975811,18.83322806467117,5.478045847880542e-06,0.015496806633265152,0.00035349514112936487
bfo-6bd6714d37eff8e4dc621a9e7d4c1ec29e0ee776e3f389d1d1e9a5ceb8fd861e,736,18.833234070202202,39.78190923853575,14.639447751811746,18.833234070202202,5.478023872980068e-06,0.015496808286064409,0.00035349368540012275
bfo-6bd6714d37eff8e4dc621a9e7d4c1ec29e0ee776e3f389d1d1e9a5ceb8fd861e,737,1000000.0000000008,39.78190818807346,14.639446867189465,18.833232057683443,5.478034394077025e-06,0.015496816384400557,0.00035349417959106347
bfo-6bd6714d37eff8e4dc621a9e7d4c1ec29e0ee776e3f389d1d1e9a5ceb8fd861e,738,18.83323209301914,39.78190464978038,14.63944721730916,18.83323209301914,5.478029495973098e-06,0.015496806642910086,0.00035349408573019404
bfo-6bd6714d37eff8e4dc621a9e7d4c1ec29e0ee776e3f389d1d1e9a5ceb8fd861e,739,18.833232193072703,39.7819052713826,14.639447221773766,18.833232193072703,5.478030283308486e-06,0.015496807941252536,0.0003534941069203005
bfo-6bd6714d37eff8e4dc621a9e7d4c1ec29e0ee776e3f389d1d1e9a5ceb8fd861e,740,18.83323210477428,39.78190469114025,14.639447205193935,18.83323210477428,5.478028635811608e-06,0.015496806157793301,0.0003534940412903547
bfo-6bd6714d37eff8e4dc621a9e7d4c1ec29e0ee776e3f389d1d1e9a5ceb8fd861e,741,18.833232124189642,39.78190351617353,14.639447303207026,18.833232124189642,5.478027146601353e-06,0.015496803463490744,0.00035349400665157533
bfo-6bd6714d37eff8e4dc621a9e7d4c1ec29e0ee776e3f389d1d1e9a5ceb8fd861e,742,18.833232101696034,39.781905031111826,14.639447189418036,18.833232101696034,5.478029970108457e-06,0.015496807927489968,0.0003534940870236196
bfo-6bd6714d37eff8e4dc621a9e7d4c1ec29e0ee776e3f389d1d1e9a5ceb8fd861e,743,18.833232112137697,39.781904640572236,14.639447225712011,18.833232112137697,5.478027950284241e-06,0.015496806132668817,0.0003534939976267762
bfo-6bd6714d37eff8e4dc621a9e7d4c1ec29e0ee776e3f389d1d1e9a5ceb8fd861e,744,18.833232060501103,39.78190423451417,14.639447247291754,18.833232060501103,5.478028926607723e-06,0.015496805436683001,0.00035349407650434197
bfo-6bd6714d37eff8e4dc621a9e7d4c1ec29e0ee776e3f389d1d1e9a5ceb8fd861e,745,18.833232086420054,39.781903198494646,14.639447332400485,18.833232086420054,5.478027419171022e-06,0.015496802926533111,0.00035349403648876024
bfo-6bd6714d37eff8e4dc621a9e7d4c1ec29e0ee776e3f389d1d1e9a5ceb8fd861e,746,18.833232046942527,39.78190368964414,14.639447278788293,18.833232046942527,5.478027821279269e-06,0.015496804237588343,0.0003534940325303984
bfo-6bd6714d37eff8e4dc621a9e7d4c1ec29e0ee776e3f389d1d1e9a5ceb8fd861e,747,18.83323201655771,39.78190294854541,14.639447331499925,18.83323201655771,5.478026384516888e-06,0.015496801623125623,0.0003534939994548371
bfo-6bd6714d37eff8e4dc621a9e7d4c1ec29e0ee776e3f389d1d1e9a5ceb8fd861e,748,18.833231927569507,39.78190239789233,14.639447341452714,18.833231927569507,5.478026743389335e-06,0.01549680083247207,0.00035349404064809637
bfo-6bd6714d37eff8e4dc621a9e7d4c1ec29e0ee776e3f389d1d1e9a5ceb8fd861e,749,18.8332313780148,39.78190080038912,14.63944724099661,18.8332313780148,5.47802780580959e-06,0.015496798339791465,0.00035349416606548584
bfo-6bd6714d37eff8e4dc621a9e7d4c1ec29e0ee776e3f389d1d1e9a5ceb8fd861e,750,18.83323021880433,39.781899416397806,14.639446882486467,18.83323021880433,5.478033930187855e-06,0.015496799325299623,0.0003534945387880565
bfo-6bd6714d37eff8e4dc621a9e7d4c1ec29e0ee776e3f389d1d1e9a5ceb8fd861e,751,18.833230171970563,39.781898944777424,14.639446900688844,18.833230171970563,5.4780333311995286e-06,0.01549679862910934,0.00035349451601632975
bfo-6bd6714d37eff8e4dc621a9e7d4c1ec29e0ee776e3f389d1d1e9a5ceb8fd861e,752,18.833230083593904,39.7818995997752,14.639446805461697,18.833230083593904,5.478034280894434e-06,0.01549680113535979,0.0003534945201300249
bfo-6bd6714d37eff8e4dc621a9e7d4c1ec29e0ee776e3f389d1d1e9a5ceb8fd861e,753,18.833230389510017,39.7818985783627,14.639447049419136,18.833230389510017,5.478031123723105e-06,0.01549679674399735,0.0003534944165699926
bfo-6bd6714d37eff8e4dc621a9e7d4c1ec29e0ee776e3f389d1d1e9a5ceb8fd861e,754,18.833230067558304,39.781899140736826,14.639446819675369,18.833230067558304,5.478033711867222e-06,0.01549679978902685,0.00035349451412195246
bfo-6bd6714d37eff8e4dc621a9e7d4c1ec29e0ee776e3f389d1d1e9a5ceb8fd861e,755,18.833229281323213,39.78189853512026,14.639446551595213,18.833229281323213,5.4780385220025975e-06,0.01549680109833482,0.00035349479465095733
bfo-6bd6714d37eff8e4dc621a9e7d4c1ec29e0ee776e3f389d1d1e9a5ceb8fd861e,756,18.833229339563093,39.78189853367016,14.639446570052607,18.833229339563093,5.478036690707359e-06,0.015496800247852188,0.0003534946958786927
bfo-6bd6714d37eff8e4dc621a9e7d4c1ec29e0ee776e3f389d1d1e9a5ceb8fd861e,757,18.833229287672395,39.781898484104765,14.639446549814542,18.833229287672395,5.478038021464565e-06,0.015496801218982335,0.00035349475959944616
bfo-6bd6714d37eff8e4dc621a9e7d4c1ec29e0ee776e3f389d1d1e9a5ceb8fd861e,758,18.83322928863332,39.78189923067769,14.63944651837576,18.83322928863332,5.4780401815837335e-06,0.015496802047975183,0.0003534948800807258
bfo-6bd6714d37eff8e4dc621a9e7d4c1ec29e0ee776e3f389d1d1e9a5ceb8fd861e,759,18.83322928507193,39.78189836042795,14.639446567859801,18.83322928507193,5.478038481949731e-06,0.015496800595540917,0.0003534948035355113
bfo-6bd6714d37eff8e4dc621a9e7d4c1ec29e0ee776e3f389d1d1e9a5ceb8fd861e,760,18.833229364738468,39.78189842184427,14.639446568628331,18.833229364738468,5.478037056544169e-06,0.01549680056199495,0.0003534947123200871
bfo-6bd6714d37eff8e4dc621a9e7d4c1ec29e0ee776e3f389d1d1e9a5ceb8fd861e,761,18.833229263493795,39.78189833025361,14.639446551865039,18.833229263493795,5.478037867645136e-06,0.015496800636781652,0.00035349476295403934
bfo-6bd6714d37eff8e4dc621a9e7d4c1ec29e0ee776e3f389d1d1e9a5ceb8fd861e,762,18.833229267000487,39.781897973905046,14.63944656709718,18.833229267000487,5.47803740584205e-06,0.015496799688610601,0.00035349475478270155
bfo-6bd6714d37eff8e4dc621a9e7d4c1ec29e0ee776e3f389d1d1e9a5ceb8fd861e,763,18.833229266691333,39.781898527328806,14.6394465462561,18.833229266691333,5.478038241307841e-06,0.015496801138030168,0.00035349477563239646
bfo-6bd6714d37eff8e4dc621a9e7d4c1ec29e0ee776e3f389d1d1e9a5ceb8fd861e,764,18.833229236292865,39.78189812985464,14.63944656733621,18.833229236292865,5.478037818097664e-06,0.015496801135913106,0.0003534947483711699
bfo-6bd6714d37eff8e4dc621a9e7d4c1ec29e0ee776e3f389d1d1e9a5ceb8fd861e,765,18.83322891023261,39.78189739092439,14.639446488953784,18.83322891023261,5.4780383196167066e-06,0.015496799938003647,0.0003534948080592184
bfo-6bd6714d37eff8e4dc621a9e7d4c1ec29e0ee776e3f389d1d1e9a5ceb8fd861e,766,18.833228587303115,39.78189794123801,14.639446343638566,18.833228587303115,5.478041488684077e-06,0.01549680293193784,0.0003534949442632591
bfo-6bd6714d37eff8e4dc621a9e7d4c1ec29e0ee776e3f389d1d1e9a5ceb8fd861e,767,18.83322843697025,39.78189643608475,14.639446423328414,18.83322843697025,5.478041081949151e-06,0.015496798820009063,0.0003534950118134106
bfo-6bd6714d37eff8e4dc621a9e7d4c1ec29e0ee776e3f389d1d1e9a5ceb8fd861e,768,18.83322820141709,39.781896330474716,14.639446326788251,18.83322820141709,5.478043135374731e-06,0.015496799875376385,0.0003534951202460231
bfo-6bd6714d37eff8e4dc621a9e7d4c1ec29e0ee776e3f389d1d1e9a5ceb8fd861e,769,18.83322776042941,39.78189643964439,14.639446136535128,18.83322776042941,5.478046507193911e-06,0.015496802431502,0.00035349527952025146
bfo-6bd6714d37eff8e4dc621a9e7d4c1ec29e0ee776e3f389d1d1e9a5ceb8fd861e,770,18.833227753584403,39.781895440689574,14.639446204035924,18.833227753584403,5.478044137269325e-06,0.015496798759846485,0.0003534952103439196
bfo-6bd6714d37eff8e4dc621a9e7d4c1ec29e0ee776e3f389d1d1e9a5ceb8fd861e,771,18.833227731732297,39.78189467837905,14.639446275703405,18.833227731732297,5.4780438292007175e-06,0.015496797425480265,0.0003534952209024534
bfo-6bd6714d37eff8e4dc621a9e7d4c1ec29e0ee776e3f389d1d1e9a5ceb8fd861e,772,18.833227647794697,39.78189538435848,14.639446184053035,18.833227647794697,5.478045037440718e-06,0.015496799389348621,0.00035349525407200725
bfo-6bd6714d37eff8e4dc621a9e7d4c1ec29e0ee776e3f389d1d1e9a5ceb8fd861e,773,18.83322759601008,39.781894990428015,14.639446194698941,18.83322759601008,5.478045943650846e-06,0.015496798831800605,0.0003534953252674017
bfo-6bd6714d37eff8e4dc621a9e7d4c1ec29e0ee776e3f389d1d1e9a5ceb8fd861e,774,18.833227541228936,39.78189574844235,14.639446138611024,18.833227541228936,5.478048104301835e-06,0.015496800961834324,0.00035349541610511917
bfo-6bd6714d37eff8e4dc621a9e7d4c1ec29e0ee776e3f389d1d1e9a5ceb8fd861e,775,18.833227155694395,39.78189425890862,14.639446105696152,18.833227155694395,5.478048100042587e-06,0.01549679816010164,0.0003534954797402264
bfo-6bd6714d37eff8e4dc621a9e7d4c1ec29e0ee776e3f389d1d1e9a5ceb8fd861e,776,18.833227197769844,39.78189462566738,14.639446103375322,18.833227197769844,5.478048274016566e-06,0.015496798890014313,0.0003534954743167288
bfo-6bd6714d37eff8e4dc621a9e7d4c1ec29e0ee776e3f389d1d1e9a5ceb8fd861e,777,18.833227135439117,39.78189416286915,14.639446112186793,18.833227135439117,5.478048060017963e-06,0.015496797566884442,0.0003534954906892611
bfo-6bd6714d37eff8e4dc621a9e7d4c1ec29e0ee776e3f389d1d1e9a5ceb8fd861e,778,18.833226390441858,39.78189217098853,14.639445946966672,18.833226390441858,5.478049733302728e-06,0.015496795878700753,0.0003534956371743864
bfo-6bd6714d37eff8e4dc621a9e7d4c1ec29e0ee776e3f389d1d1e9a5ceb8fd861e,779,18.833225792146006,39.78189085649886,14.639445823022594,18.833225792146006,5.478051906169872e-06,0.015496794230961963,0.000353495814974748
bfo-6bd6714d37eff8e4dc621a9e7d4c1ec29e0ee776e3f389d1d1e9a5ceb8fd861e,780,18.833225054554852,39.78189082113145,14.639445492249612,18.833225054554852,5.478056822367991e-06,0.015496797108928612,0.00035349606656537834
bfo-6bd6714d37eff8e4dc621a9e7d4c1ec29e0ee776e3f389d1d1e9a5ceb8fd861e,781,18.83322508503234,39.781890526405206,14.639445508073567,18.83322508503234,5.478055165510706e-06,0.015496796124678918,0.0003534959821008942
bfo-6bd6714d37eff8e4dc621a9e7d4c1ec29e0ee776e3f389d1d1e9a5ceb8fd861e,782,18.833225063100834,39.78189069699505,14.639445505750007,18.833225063100834,5.4780564363134344e-06,0.015496796964378617,0.00035349604495080194
bfo-6bd6714d37eff8e4dc621a9e7d4c1ec29e0ee776e3f389d1d1e9a5ceb8fd861e,783,18.833225080140153,39.78189126579197,14.639445484964826,18.833225080140153,5.4780580356405945e-06,0.01549679822135773,0.0003534961194816823
bfo-6bd6714d37eff8e4dc621a9e7d4c1ec29e0ee776e3f389d1d1e9a5ceb8fd861e,784,18.833225041139272,39.78189013765697,14.639445534015769,18.833225041139272,5.47805580132089e-06,0.015496795394938633,0.0003534960397754276
bfo-6bd6714d37eff8e4dc621a9e7d4c1ec29e0ee776e3f389d1d1e9a5ceb8fd861e,785,18.833225070891416,39.781890030456616,14.639445583526626,18.833225070891416,5.4780557647633556e-06,0.015496794431289767,0.00035349605939810017
bfo-6bd6714d37eff8e4dc621a9e7d4c1ec29e0ee776e3f389d1d1e9a5ceb8fd861e,786,18.8332250228771,39.78189058337246,14.639445502432716,18.8332250228771,5.478056965175227e-06,0.015496796562784238,0.00035349608823870434
bfo-6bd6714d37eff8e4dc621a9e7d4c1ec29e0ee776e3f389d1d1e9a5ceb8fd861e,787,18.833225009221934,39.78189029610289,14.639445538040192,18.833225009221934,5.478055844851966e-06,0.015496794913635568,0.00035349605356342726
bfo-6bd6714d37eff8e4dc621a9e7d4c1ec29e0ee776e3f389d1d1e9a5ceb8fd861e,788,18.83322477534493,39.78188870684774,14.639445554426484,18.83322477534493,5.4780543140269325e-06,0.015496791426349198,0.0003534960343282801
bfo-6bd6714d37eff8e4dc621a9e7d4c1ec29e0ee776e3f389d1d1e9a5ceb8fd861e,789,18.8332244784057,39.7818879878529,14.639445468926954,18.8332244784057,5.478055133942416e-06,0.01549679173255017,0.0003534960802522795
bfo-6bd6714d37eff8e4dc621a9e7d4c1ec29e0ee776e3f389d1d1e9a5ceb8fd861e,790,18.8332245204808,39.78188835461184,14.639445466605991,18.8332245204808,5.4780553079171545e-06,0.015496792462463379,0.00035349607482878815
bfo-6bd6714d37eff8e4dc621a9e7d4c1ec29e0ee776e3f389d1d1e9a5ceb8fd861e,791,18.83322408374076,39.78188794983908,14.639445295510862,18.83322408374076,5.478058257904213e-06,0.015496793114418357,0.0003534962503182273
bfo-6bd6714d37eff8e4dc621a9e7d4c1ec29e0ee776e3f389d1d1e9a5ceb8fd861e,792,18.83322423595385,39.78188941789418,14.639445251122973,18.83322423595385,5.4780587250358306e-06,0.015496796478261944,0.0003534962037295999
bfo-6bd6714d37eff8e4dc621a9e7d4c1ec29e0ee776e3f389d1d1e9a5ceb8fd861e,793,18.833224093552378,39.78188900559871,14.639445197050675,18.833224093552378,5.478059932184019e-06,0.01549679648233528,0.0003534962815333112
bfo-6bd6714d37eff8e4dc621a9e7d4c1ec29e0ee776e3f389d1d1e9a5ceb8fd861e,794,18.833224129878648,39.78188744930948,14.639445355600612,18.833224129878648,5.478057382846708e-06,0.0154967915974055,0.0003534962284556923
bfo-6bd6714d37eff8e4dc621a9e7d4c1ec29e0ee776e3f389d1d1e9a5ceb8fd861e,795,18.833224103469874,39.781888080454536,14.639445307347096,18.833224103469874,5.478058743916542e-06,0.015496792932643692,0.0003534962858267996
bfo-6bd6714d37eff8e4dc621a9e7d4c1ec29e0ee776e3f389d1d1e9a5ceb8fd861e,796,18.833224069161624,39.7818888326127,14.639445254485667,18.833224069161624,5.478060284281847e-06,0.015496795533666717,0.00035349632589400733
bfo-6bd6714d37eff8e4dc621a9e7d4c1ec29e0ee776e3f389d1d1e9a5ceb8fd861e,797,18.83322409225312,39.78188835308495,14.639445306891524,18.83322409225312,5.478058888644121e-06,0.015496793313717576,0.0003534962864733447
bfo-6bd6714d37eff8e4dc621a9e7d4c1ec29e0ee776e3f389d1d1e9a5ceb8fd861e,798,18.833224064055962,39.78188888773336,14.639445248430208,18.833224064055962,5.478060399364726e-06,0.01549679520003045,0.00035349634093079853
bfo-6bd6714d37eff8e4dc621a9e7d4c1ec29e0ee776e3f389d1d1e9a5ceb8fd861e,799,18.833224075867978,39.7818903097708,14.639445118391823,18.833224075867978,5.478062463592824e-06,0.015496799416429749,0.0003534963779543386
bfo-6bd6714d37eff8e4dc621a9e7d4c1ec29e0ee776e3f389d1d1e9a5ceb8fd861e,800,18.83322407707536,39.781888748473975,14.639445268075168,18.83322407707536,5.478059881262995e-06,0.015496794283895476,0.00035349632839585957
bfo-6bd6714d37eff8e4dc621a9e7d4c1ec29e0ee776e3f389d1d1e9a5ceb8fd861e,801,18.833224082256834,39.781888522291766,14.639445334693876,18.833224082256834,5.4780596240212065e-06,0.015496793283798292,0.0003534963346093318
bfo-6bd6714d37eff8e4dc621a9e7d4c1ec29e0ee776e3f389d1d1e9a5ceb8fd861e,802,18.833224058084742,39.78188882758295,14.639445243329439,18.833224058084742,5.47805998244662e-06,0.015496795328629,0.0003534963110938411
bfo-6bd6714d37eff8e4dc621a9e7d4c1ec29e0ee776e3f389d1d1e9a5ceb8fd861e,803,18.83322407030446,39.78188772405252,14.6394453453234,18.83322407030446,5.47805842492451e-06,0.015496791603188323,0.00035349629556852594
bfo-6bd6714d37eff8e4dc621a9e7d4c1ec29e0ee776e3f389d1d1e9a5ceb8fd861e,804,18.833224046808073,39.78188901914139,14.639445217727278,18.833224046808073,5.4780599753977195e-06,0.015496796055392616,0.00035349629406082616
bfo-6bd6714d37eff8e4dc621a9e7d4c1ec29e0ee776e3f389d1d1e9a5ceb8fd861e,805,18.833222381166145,39.78188698399465,14.639444674960579,18.833222381166145,5.478068730991051e-06,0.01549679733895615,0.0003534968297752837
bfo-6bd6714d37eff8e4dc621a9e7d4c1ec29e0ee776e3f389d1d1e9a5ceb8fd861e,806,18.83321905024034,39.78188288131683,14.639443592662577,18.83321905024034,5.478086208052784e-06,0.015496799801456716,0.00035349790138850716
bfo-6bd6714d37eff8e4dc621a9e7d4c1ec29e0ee776e3f389d1d1e9a5ceb8fd861e,807,18.833212419876965,39.78187433921059,14.639441473978248,18.833212419876965,5.478120627895829e-06,0.015496803509360457,0.00035350003790051977
bfo-6bd6714d37eff8e4dc621a9e7d4c1ec29e0ee776e3f389d1d1e9a5ceb8fd861e,808,1000000.0,39.78185646626605,14.639437339014586,18.833199220794967,5.478188298893609e-06,0.0154968081123711,0.0003535042996706123
bfo-6bd6714d37eff8e4dc621a9e7d4c1ec29e0ee776e3f389d1d1e9a5ceb8fd861e,809,1000000.0,39.781875832721525,14.639441518808832,18.833212955170385,5.478118653448032e-06,0.015496806027951998,0.0003534998530385555
bfo-6bd6714d37eff8e4dc621a9e7d4c1ec29e0ee776e3f389d1d1e9a5ceb8fd861e,810,18.833212426257163,39.7818741420662,14.639441514549365,18.833212426257163,5.47812060041591e-06,0.015496802544716842,0.00035350005813189554
bfo-6bd6714d37eff8e4dc621a9e7d4c1ec29e0ee776e3f389d1d1e9a5ceb8fd861e,811,1000000.0,39.78187253912217,14.639441668087416,18.833212419865205,5.478118896843743e-06,0.015496797587338991,0.0003535000612848819
bfo-6bd6714d37eff8e4dc621a9e7d4c1ec29e0ee776e3f389d1d1e9a5ceb8fd861e,812,18.83321242373546,39.78187437530235,14.639441470452041,18.83321242373546,5.478120026599404e-06,0.015496803323507533,0.0003535000033387203
bfo-6bd6714d37eff8e4dc621a9e7d4c1ec29e0ee776e3f389d1d1e9a5ceb8fd861e,813,1000000.0,39.78187589722819,14.639441380416661,18.83321244008196,5.4781238525784556e-06,0.015496808627269711,0.00035350012924200466
bfo-6bd6714d37eff8e4dc621a9e7d4c1ec29e0ee776e3f389d1d1e9a5ceb8fd861e,814,18.833212421342882,39.78187474649137,14.639441452438598,18.833212421342882,5.478121560396642e-06,0.015496804105080357,0.00035350008448520917
bfo-6bd6714d37eff8e4dc621a9e7d4c1ec29e0ee776e3f389d1d1e9a5ceb8fd861e,815,18.83321247861299,39.78187355990647,14.63944155259072,18.83321247861299,5.478118087207479e-06,0.015496800487762787,0.00035349994287745614
bfo-6bd6714d37eff8e4dc621a9e7d4c1ec29e0ee776e3f389d1d1e9a5ceb8fd861e,816,1000000.0000000002,39.78187453205538,14.63944146742801,18.833212416619485,5.4781209804331265e-06,0.015496804104549393,0.00035350004707260355
bfo-6bd6714d37eff8e4dc621a9e7d4c1ec29e0ee776e3f389d1d1e9a5ceb8fd861e,817,18.8332124950811,39.781873225071614,14.639441572150833,18.8332124950811,5.478117713759427e-06,0.015496799904105336,0.0003534999320929601
bfo-6bd6714d37eff8e4dc621a9e7d4c1ec29e0ee776e3f389d1d1e9a5ceb8fd861e,818,18.833212424241022,39.7818743004735,14.639441486307229,18.833212424241022,5.478120843097664e-06,0.015496803203507877,0.00035350005876422496
bfo-6bd6714d37eff8e4dc621a9e7d4c1ec29e0ee776e3f389d1d1e9a5ceb8fd861e,819,18.833212473674692,39.78187366318423,14.639441547895004,18.833212473674692,5.478119246516085e-06,0.015496800876894269,0.00035350000881046107
bfo-6bd6714d37eff8e4dc621a9e7d4c1ec29e0ee776e3f389d1d1e9a5ceb8fd861e,820,1000000.0000000002,39.78187426411678,14.639441478778433,18.83321241621264,5.478120925852431e-06,0.015496803195274097,0.0003535000642921656
bfo-6bd6714d37eff8e4dc621a9e7d4c1ec29e0ee776e3f389d1d1e9a5ceb8fd861e,821,1000000.0,39.78187463059479,14.63944148766075,18.833212480984898,5.478120402404725e-06,0.015496803520825227,0.0003535000230881812
bfo-6bd6714d37eff8e4dc621a9e7d4c1ec29e0ee776e3f389d1d1e9a5ceb8fd861e,822,1000000.0000000001,39.78187441187079,14.63944146412278,18.833212417451126,5.478120742974792e-06,0.015496803273780708,0.00035350005070034754
bfo-6bd6714d37eff8e4dc621a9e7d4c1ec29e0ee776e3f389d1d1e9a5ceb8fd861e,823,1000000.0,39.78187329200184,14.639441543650912,18.833212449604314,5.478118234498544e-06,0.015496800217695431,0.00035349995854261644
bfo-6bd6714d37eff8e4dc621a9e7d4c1ec29e0ee776e3f389d1d1e9a5ceb8fd861e,824,18.833212424293293,39.78187432204619,14.639441499802443,18.833212424293293,5.478120443559557e-06,0.0154968031264567,0.0003535000347398821
bfo-6bd6714d37eff8e4dc621a9e7d4c1ec29e0ee776e3f389d1d1e9a5ceb8fd861e,825,18.833212419870787,39.78187257277199,14.639441621740795,18.833212419870787,5.478118432327658e-06,0.015496798870548821,0.00035350000203839834
bfo-6bd6714d37eff8e4dc621a9e7d4c1ec29e0ee776e3f389d1d1e9a5ceb8fd861e,826,18.833212454181826,39.781873020829444,14.639441588010058,18.833212454181826,5.4781184571193804e-06,0.015496800643259962,0.0003534999632005967
bfo-6bd6714d37eff8e4dc621a9e7d4c1ec29e0ee776e3f389d1d1e9a5ceb8fd861e,827,1000000.0000000002,39.781872472227676,14.639441643758406,18.833212445052972,5.4781184638581755e-06,0.015496799076620266,0.0003534999993723163
bfo-6bd6714d37eff8e4dc621a9e7d4c1ec29e0ee776e3f389d1d1e9a5ceb8fd861e,828,18.83321242977454,39.78187321760545,14.639441549472583,18.83321242977454,5.478119315356846e-06,0.015496801180747468,0.0003535000063214733
bfo-6bd6714d37eff8e4dc621a9e7d4c1ec29e0ee776e3f389d1d1e9a5ceb8fd861e,829,18.83321242376489,39.78187299510055,14.6394415893792,18.83321242376489,5.478118929992334e-06,0.015496799806212356,0.0003535000128088553
bfo-6bd6714d37eff8e4dc621a9e7d4c1ec29e0ee776e3f389d1d1e9a5ceb8fd861e,830,18.833212419869483,39.78187199085286,14.639441670393843,18.833212419869483,5.47811847238952e-06,0.015496797109075405,0.0003535000448048303
bfo-6bd6714d37eff8e4dc621a9e7d4c1ec29e0ee776e3f389d1d1e9a5ceb8fd861e,831,1000000.0,39.78187182584251,14.63944174188073,18.833212491531082,5.478116989598566e-06,0.015496794789657767,0.0003535000020297452
bfo-6bd6714d37eff8e4dc621a9e7d4c1ec29e0ee776e3f389d1d1e9a5ceb8fd861e,832,18.833212420437967,39.78187184373357,14.639441682648295,18.833212420437967,5.4781188073362385e-06,0.015496796857753195,0.0003535000721517159
bfo-6bd6714d37eff8e4dc621a9e7d4c1ec29e0ee776e3f389d1d1e9a5ceb8fd861e,833,18.8332124474605,39.78187214821563,14.639441665437452,18.8332124474605,5.478118548052041e-06,0.01549679759361525,0.0003535000386343724
bfo-6bd6714d37eff8e4dc621a9e7d4c1ec29e0ee776e3f389d1d1e9a5ceb8fd861e,834,1000000.0000000005,39.781872381165755,14.63944164455476,18.83321241203699,5.478119237956923e-06,0.015496797886236176,0.0003535000764785373
bfo-6bd6714d37eff8e4dc621a9e7d4c1ec29e0ee776e3f389d1d1e9a5ceb8fd861e,835,1000000.0,39.7818721856152,14.639441651519084,18.833212422943546,5.478119364707357e-06,0.015496797476766093,0.0003535000939981661
bfo-6bd6714d37eff8e4dc621a9e7d4c1ec29e0ee776e3f389d1d1e9a5ceb8fd861e,836,1000000.0000000001,39.78187235201034,14.63944163725991,18.83321241502581,5.478118820015676e-06,0.015496797938425514,0.0003535000483185146
bfo-6bd6714d37eff8e4dc621a9e7d4c1ec29e0ee776e3f389d1d1e9a5ceb8fd861e,837,18.83321242161094,39.78187188183627,14.639441698196354,18.83321242161094,5.4781180710156855e-06,0.015496796652488298,0.000353500029319677
bfo-6bd6714d37eff8e4dc621a9e7d4c1ec29e0ee776e3f389d1d1e9a5ceb8fd861e,838,1000000.0000000002,39.78187174616796,14.639441675907463,18.833212417015876,5.4781174957582425e-06,0.015496796407154406,0.00035349999779497394
bfo-6bd6714d37eff8e4dc621a9e7d4c1ec29e0ee776e3f389d1d1e9a5ceb8fd861e,839,1000000.0,39.78187062681607,14.639441771412463,18.83321242134921,5.4781160925835985e-06,0.015496793562524586,0.000353499972138182
bfo-6bd6714d37eff8e4dc621a9e7d4c1ec29e0ee776e3f389d1d1e9a5ceb8fd861e,840,18.833212420827852,39.781872458663855,14.639441640549903,18.833212420827852,5.478119560692503e-06,0.015496798366169452,0.0003535000863566506
bfo-6bd6714d37eff8e4dc621a9e7d4c1ec29e0ee776e3f389d1d1e9a5ceb8fd861e,841,1000000.0,39.78187362355733,14.639441488650613,18.83321241831725,5.478121181935375e-06,0.015496802602542555,0.00035350009433794953
bfo-6bd6714d37eff8e4dc621a9e7d4c1ec29e0ee776e3f389d1d1e9a5ceb8fd861e,842,18.833212425260363,39.78187210201206,14.63944167693359,18.833212425260363,5.478118973918772e-06,0.015496797548037792,0.0003535000671549983
bfo-6bd6714d37eff8e4dc621a9e7d4c1ec29e0ee776e3f389d1d1e9a5ceb8fd861e,843,1000000.0,39.78187231357923,14.639441640984433,18.833212424052462,5.478119601531002e-06,0.015496799221385896,0.00035350006948345087
bfo-6bd6714d37eff8e4dc621a9e7d4c1ec29e0ee776e3f389d1d1e9a5ceb8fd861e,844,18.833212420982015,39.781872463133304,14.63944163773974,18.833212420982015,5.47811925220679e-06,0.01549679850060484,0.00035350006338360655
bfo-6bd6714d37eff8e4dc621a9e7d4c1ec29e0ee776e3f389d1d1e9a5ceb8fd861e,845,18.833212423266552,39.78187099947711,14.639441766113574,18.833212423266552,5.478116555536284e-06,0.015496794139791865,0.00035349998884413517
bfo-6bd6714d37eff8e4dc621a9e7d4c1ec29e0ee776e3f389d1d1e9a5ceb8fd861e,846,1000000.0000000002,39.781871619691834,14.639441698243086,18.833212428602323,5.478117209319385e-06,0.015496796565820816,0.00035349997569186173
bfo-6bd6714d37eff8e4dc621a9e7d4c1ec29e0ee776e3f389d1d1e9a5ceb8fd861e,847,1000000.0,39.78187225979671,14.639441740594835,18.833212671920908,5.478117000907924e-06,0.01549679806886669,0.00035349992795695955
bfo-6bd6714d37eff8e4dc621a9e7d4c1ec29e0ee776e3f389d1d1e9a5ceb8fd861e,848,1000000.0,39.78187198510468,14.639441668636035,18.833212425574306,5.4781185090636836e-06,0.015496797080838532,0.0003535000478155104
bfo-6bd6714d37eff8e4dc621a9e7d4c1ec29e0ee776e3f389d1d1e9a5ceb8fd861e,849,1000000.0,39.78187247774078,14.639441685694884,18.83321246952504,5.478119222952217e-06,0.015496797664059944,0.00035350008057839137
bfo-6bd6714d37eff8e4dc621a9e7d4c1ec29e0ee776e3f389d1d1e9a5ceb8fd861e,850,18.833212464097887,39.78187185067605,14.639441695566907,18.833212464097887,5.478117817371271e-06,0.015496796432126913,0.000353500017978839
bfo-6bd6714d37eff8e4dc621a9e7d4c1ec29e0ee776e3f389d1d1e9a5ceb8fd861e,851,18.833212455073955,39.781872145203025,14.639441674677613,18.833212455073955,5.478118783565984e-06,0.01549679724936074,0.00035350006168480795
bfo-6bd6714d37eff8e4dc621a9e7d4c1ec29e0ee776e3f389d1d1e9a5ceb8fd861e,852,1000000.0000000001,39.78187292301941,14.639441595880722,18.83321246473324,5.478119614200366e-06,0.015496799876447954,0.0003535000553582689
bfo-6bd6714d37eff8e4dc621a9e7d4c1ec29e0ee776e3f389d1d1e9a5ceb8fd861e,853,18.833212284782775,39.78187118652856,14.639441646653594,18.833212284782775,5.478118253037249e-06,0.015496795809563728,0.00035350006029352665
bfo-6bd6714d37eff8e4dc621a9e7d4c1ec29e0ee776e3f389d1d1e9a5ceb8fd861e,854,1000000.0,39.781870545299995,14.639441709805538,18.83321227604791,5.4781172862973445e-06,0.01549679427480092,0.00035350003292004855
bfo-6bd6714d37eff8e4dc621a9e7d4c1ec29e0ee776e3f389d1d1e9a5ceb8fd861e,855,1000000.0000000002,39.78187229194202,14.63944189709042,18.833213086671456,5.4781142177827545e-06,0.015496795575693428,0.0003534998052355497
bfo-6bd6714d37eff8e4dc621a9e7d4c1ec29e0ee776e3f389d1d1e9a5ceb8fd861e,856,1000000.0,39.78187126504662,14.639441438669115,18.833211805545023,5.478121949610085e-06,0.015496798553338726,0.0003535002362426557
bfo-6bd6714d37eff8e4dc621a9e7d4c1ec29e0ee776e3f389d1d1e9a5ceb8fd861e,857,1000000.0000000055,39.78187162469436,14.63944154770014,18.83321215016599,5.4781194923597934e-06,0.015496797969009435,0.0003535000910068623
bfo-6bd6714d37eff8e4dc621a9e7d4c1ec29e0ee776e3f389d1d1e9a5ceb8fd861e,858,18.833212008674067,39.781870376201525,14.639441605600888,18.833212008674067,5.478119890804923e-06,0.01549679429554454,0.00035350020051436886
bfo-6bd6714d37eff8e4dc621a9e7d4c1ec29e0ee776e3f389d1d1e9a5ceb8fd861e,859,18.83321177605059,39.781869666666424,14.63944156759787,18.83321177605059,5.478120731035617e-06,0.015496792191710025,0.00035350030272498107
bfo-6bd6714d37eff8e4dc621a9e7d4c1ec29e0ee776e3f389d1d1e9a5ceb8fd861e,860,1000000.0,39.781870878188045,14.639441770087043,18.833212427581003,5.478118478706736e-06,0.01549679272191262,0.0003535001452888133
bfo-6bd6714d37eff8e4dc621a9e7d4c1ec29e0ee776e3f389d1d1e9a5ceb8fd861e,861,1000000.0000000012,39.78186991107474,14.639441536594813,18.83321176777698,5.478121025672125e-06,0.015496793124097658,0.00035350030046884964
bfo-6bd6714d37eff8e4dc621a9e7d4c1ec29e0ee776e3f389d1d1e9a5ceb8fd861e,862,18.833211682744224,39.78186851497023,14.639441659047842,18.833211682744224,5.478120647233561e-06,0.015496789041532809,0.00035350036917658863
bfo-6bd6714d37eff8e4dc621a9e7d4c1ec29e0ee776e3f389d1d1e9a5ceb8fd861e,863,18.833211619671733,39.781868231815274,14.639441639673144,18.833211619671733,5.478120323155814e-06,0.015496788228878266,0.00035350036680164063
bfo-6bd6714d37eff8e4dc621a9e7d4c1ec29e0ee776e3f389d1d1e9a5ceb8fd861e,864,18.83321155565102,39.78186717496274,14.639441689988368,18.83321155565102,5.478118693616711e-06,0.01549678558743674,0.00035350032190274526
bfo-6bd6714d37eff8e4dc621a9e7d4c1ec29e0ee776e3f389d1d1e9a5ceb8fd861e,865,18.833211481667867,39.78186727675044,14.639441657201408,18.833211481667867,5.478118426680852e-06,0.015496785768891413,0.0003535003005383056
bfo-6bd6714d37eff8e4dc621a9e7d4c1ec29e0ee776e3f389d1d1e9a5ceb8fd861e,866,18.833211391746826,39.781866028997,14.639441717106466,18.833211391746826,5.478117113912255e-06,0.015496782351521892,0.0003535002937802934
bfo-6bd6714d37eff8e4dc621a9e7d4c1ec29e0ee776e3f389d1d1e9a5ceb8fd861e,867,18.8332111792749,39.78186586158114,14.639441658989684,18.8332111792749,5.478118734475902e-06,0.01549678277557467,0.0003535003886813375
bfo-6bd6714d37eff8e4dc621a9e7d4c1ec29e0ee776e3f389d1d1e9a5ceb8fd861e,868,18.833211326966957,39.7818660438023,14.639441724794603,18.833211326966957,5.478118143774235e-06,0.01549678317262697,0.00035350034150639795
bfo-6bd6714d37eff8e4dc621a9e7d4c1ec29e0ee776e3f389d1d1e9a5ceb8fd861e,869,18.833211198743054,39.78186658088127,14.639441624312347,18.833211198743054,5.4781201835578535e-06,0.015496785075048982,0.0003535004297361037
bfo-6bd6714d37eff8e4dc621a9e7d4c1ec29e0ee776e3f389d1d1e9a5ceb8fd861e,870,18.833211114803813,39.78186535696699,14.63944167738899,18.833211114803813,5.4781186689884464e-06,0.015496781838204798,0.0003535004058380066
bfo-6bd6714d37eff8e4dc621a9e7d4c1ec29e0ee776e3f389d1d1e9a5ceb8fd861e,871,18.83321131460178,39.78186555306391,14.63944175838328,18.83321131460178,5.478117233888106e-06,0.015496781186773645,0.00035350032809159277
bfo-6bd6714d37eff8e4dc621a9e7d4c1ec29e0ee776e3f389d1d1e9a5ceb8fd861e,872,18.83321108867511,39.78186570364239,14.639441646312804,18.83321108867511,5.478119807166105e-06,0.015496783045875005,0.0003535004517356454
bfo-6bd6714d37eff8e4dc621a9e7d4c1ec29e0ee776e3f389d1d1e9a5ceb8fd861e,873,18.83321107617961,39.78186564382073,14.63944166370989,18.83321107617961,5.478119368935436e-06,0.015496782066352518,0.00035350044580092767
bfo-6bd6714d37eff8e4dc621a9e7d4c1ec29e0ee776e3f389d1d1e9a5ceb8fd861e,874,18.833211021756924,39.78186517107515,14.639441701393338,18.833211021756924,5.4781191923995135e-06,0.015496780708117964,0.00035350046539213203
bfo-6bd6714d37eff8e4dc621a9e7d4c1ec29e0ee776e3f389d1d1e9a5ceb8fd861e,875,18.833210983154352,39.781864799789936,14.639441704032755,18.833210983154352,5.478118983921167e-06,0.015496779971182057,0.0003535004687495288
bfo-6bd6714d37eff8e4dc621a9e7d4c1ec29e0ee776e3f389d1d1e9a5ceb8fd861e,876,18.83321093156983,39.78186542995405,14.639441626831859,18.83321093156983,5.478120693428247e-06,0.015496782040787195,0.00035350053185299705
bfo-6bd6714d37eff8e4dc621a9e7d4c1ec29e0ee776e3f389d1d1e9a5ceb8fd861e,877,18.833210811365905,39.781864980439025,14.639441621916358,18.833210811365905,5.478120593650916e-06,0.015496781282808392,0.0003535005427048363
bfo-6bd6714d37eff8e4dc621a9e7d4c1ec29e0ee776e3f389d1d1e9a5ceb8fd861e,878,18.833210783919146,39.78186622557041,14.639441500488932,18.833210783919146,5.47812237787248e-06,0.015496784602289194,0.00035350058211838656
bfo-6bd6714d37eff8e4dc621a9e7d4c1ec29e0ee776e3f389d1d1e9a5ceb8fd861e,879,18.833210830721725,39.78186701877169,14.639441425359783,18.833210830721725,5.478122089333341e-06,0.015496786638646653,0.00035350051704730376
bfo-6bd6714d37eff8e4dc621a9e7d4c1ec29e0ee776e3f389d1d1e9a5ceb8fd861e,880,18.833210685383804,39.781866217998,14.639441457877801,18.833210685383804,5.478122998444184e-06,0.015496784589581,0.0003535006224534673
bfo-6bd6714d37eff8e4dc621a9e7d4c1ec29e0ee776e3f389d1d1e9a5ceb8fd861e,881,18.833210713256886,39.781866454936804,14.63944143907327,18.833210713256886,5.478123152130895e-06,0.015496785797166355,0.0003535006048242978
bfo-6bd6714d37eff8e4dc621a9e7d4c1ec29e0ee776e3f389d1d1e9a5ceb8fd861e,882,18.83321066057322,39.7818663898884,14.639441415492481,18.83321066057322,5.4781236599479905e-06,0.015496786015211553,0.0003535006326196088
bfo-6bd6714d37eff8e4dc621a9e7d4c1ec29e0ee776e3f389d1d1e9a5ceb8fd861e,883,18.833210701696736,39.781866289292424,14.639441426685146,18.833210701696736,5.4781221963465565e-06,0.015496785797227625,0.0003535005431466048
bfo-6bd6714d37eff8e4dc621a9e7d4c1ec29e0ee776e3f389d1d1e9a5ceb8fd861e,884,18.833210667824876,39.78186568011809,14.639441496900533,18.833210667824876,5.478122369384808e-06,0.015496783592923264,0.00035350060459555225
bfo-6bd6714d37eff8e4dc621a9e7d4c1ec29e0ee776e3f389d1d1e9a5ceb8fd861e,885,18.833210593126406,39.781866696639355,14.63944136367367,18.833210593126406,5.47812496833411e-06,0.015496786550961943,0.0003535007048279995
bfo-6bd6714d37eff8e4dc621a9e7d4c1ec29e0ee776e3f389d1d1e9a5ceb8fd861e,886,18.833210534070755,39.78186670227675,14.63944135991019,18.833210534070755,5.478125270663499e-06,0.015496785891322912,0.0003535007393843427
bfo-6bd6714d37eff8e4dc621a9e7d4c1ec29e0ee776e3f389d1d1e9a5ceb8fd861e,887,18.833210541335415,39.781867731303464,14.6394412826253,18.833210541335415,5.478125574478944e-06,0.015496788433763207,0.00035350070099322167
bfo-6bd6714d37eff8e4dc621a9e7d4c1ec29e0ee776e3f389d1d1e9a5ceb8fd861e,888,18.833210542229544,39.78186662578546,14.639441366969294,18.833210542229544,5.478124662898762e-06,0.015496785803985124,0.0003535007021578641
bfo-6bd6714d37eff8e4dc621a9e7d4c1ec29e0ee776e3f389d1d1e9a5ceb8fd861e,889,18.83321052367931,39.781866338657665,14.639441378854222,18.83321052367931,5.478124682954011e-06,0.015496784724581322,0.0003535007280745467
bfo-6bd6714d37eff8e4dc621a9e7d4c1ec29e0ee776e3f389d1d1e9a5ceb8fd861e,890,18.83321040122277,39.781867023341206,14.639441285848246,18.83321040122277,5.478126819837794e-06,0.015496787299797515,0.0003535008072227572
bfo-6bd6714d37eff8e4dc621a9e7d4c1ec29e0ee776e3f389d1d1e9a5ceb8fd861e,891,18.833210505825093,39.781868382921225,14.639441252080552,18.833210505825093,5.478129051737792e-06,0.015496791602955822,0.00035350085308580304
bfo-6bd6714d37eff8e4dc621a9e7d4c1ec29e0ee776e3f389d1d1e9a5ceb8fd861e,892,18.833210473214123,39.78186707617959,14.639441296395796,18.833210473214123,5.478126232730365e-06,0.015496787470636627,0.00035350076543995586
bfo-6bd6714d37eff8e4dc621a9e7d4c1ec29e0ee776e3f389d1d1e9a5ceb8fd861e,893,18.83321080106326,39.78186805507381,14.639441411832644,18.83321080106326,5.478126187422133e-06,0.015496787982274472,0.0003535007508451506
bfo-6bd6714d37eff8e4dc621a9e7d4c1ec29e0ee776e3f389d1d1e9a5ceb8fd861e,894,18.833210387331498,39.78186691213649,14.639441286804832,18.833210387331498,5.478126346268389e-06,0.015496786479779914,0.0003535007953691693
bfo-6bd6714d37eff8e4dc621a9e7d4c1ec29e0ee776e3f389d1d1e9a5ceb8fd861e,895,18.833210101775588,39.78186683090812,14.63944116699954,18.833210101775588,5.478128765672446e-06,0.015496786900661808,0.00035350094189128304
bfo-6bd6714d37eff8e4dc621a9e7d4c1ec29e0ee776e3f389d1d1e9a5ceb8fd861e,896,18.833210100006298,39.781866732967686,14.63944114154493,18.833210100006298,5.47812884147093e-06,0.0154967865781632,0.0003535009541391155
bfo-6bd6714d37eff8e4dc621a9e7d4c1ec29e0ee776e3f389d1d1e9a5ceb8fd861e,897,18.833210097523292,39.781866651295424,14.639441139827841,18.833210097523292,5.478128005663384e-06,0.015496785966528275,0.0003535009141570174
bfo-6bd6714d37eff8e4dc621a9e7d4c1ec29e0ee776e3f389d1d1e9a5ceb8fd861e,898,18.833210097172564,39.781866360211964,14.639441176827136,18.833210097172564,5.478128841035919e-06,0.015496784805418343,0.00035350099454956166
bfo-6bd6714d37eff8e4dc621a9e7d4c1ec29e0ee776e3f389d1d1e9a5ceb8fd861e,899,18.833210119959325,39.78186470820076,14.639441306302498,18.833210119959325,5.478125679752858e-06,0.015496780231233983,0.0003535008948963228
bfo-6bd6714d37eff8e4dc621a9e7d4c1ec29e0ee776e3f389d1d1e9a5ceb8fd861e,900,18.83321009779966,39.78186712258474,14.639441117878395,18.83321009779966,5.478130082647956e-06,0.01549678685638475,0.0003535010278850767
bfo-6bd6714d37eff8e4dc621a9e7d4c1ec29e0ee776e3f389d1d1e9a5ceb8fd861e,901,18.83320997037123,39.781866392010876,14.639441149382906,18.83320997037123,5.47813061237847e-06,0.015496785156561638,0.0003535011008434174
bfo-6bd6714d37eff8e4dc621a9e7d4c1ec29e0ee776e3f389d1d1e9a5ceb8fd861e,902,18.833209905350802,39.78186556864721,14.639441174176474,18.833209905350802,5.478129780793191e-06,0.015496782920911103,0.0003535010981796159
bfo-6bd6714d37eff8e4dc621a9e7d4c1ec29e0ee776e3f389d1d1e9a5ceb8fd861e,903,18.83320949254324,39.78186345306861,14.639441190071214,18.83320949254324,5.478130235513502e-06,0.015496778195872784,0.0003535012353066057
bfo-6bd6714d37eff8e4dc621a9e7d4c1ec29e0ee776e3f389d1d1e9a5ceb8fd861e,904,18.833209518111392,39.78186243635943,14.639441278728649,18.833209518111392,5.478128183402347e-06,0.015496775228716455,0.00035350117056941286
bfo-6bd6714d37eff8e4dc621a9e7d4c1ec29e0ee776e3f389d1d1e9a5ceb8fd861e,905,18.83320955737214,39.781863246052076,14.639441217088793,18.83320955737214,5.4781291122253885e-06,0.015496777786823025,0.00035350117215228216
bfo-6bd6714d37eff8e4dc621a9e7d4c1ec29e0ee776e3f389d1d1e9a5ceb8fd861e,906,18.833210882776534,39.781864706942685,14.63944167607877,18.833210882776534,5.478122713131093e-06,0.015496775487586698,0.00035350081167009266
bfo-6bd6714d37eff8e4dc621a9e7d4c1ec29e0ee776e3f389d1d1e9a5ceb8fd861e,907,18.833209497280965,39.78186385738309,14.63944116252229,18.833209497280965,5.478131193665535e-06,0.015496779516229565,0.0003535012670166962
bfo-6bd6714d37eff8e4dc621a9e7d4c1ec29e0ee776e3f389d1d1e9a5ceb8fd861e,908,18.833209467131084,39.781863796246526,14.639441124527131,18.833209467131084,5.478130439621328e-06,0.015496779500463504,0.00035350121871821687
bfo-6bd6714d37eff8e4dc621a9e7d4c1ec29e0ee776e3f389d1d1e9a5ceb8fd861e,909,18.833209037792173,39.78186376721261,14.639440931217644,18.833209037792173,5.478133666435662e-06,0.015496781609890424,0.00035350137882432205
bfo-6bd6714d37eff8e4dc621a9e7d4c1ec29e0ee776e3f389d1d1e9a5ceb8fd861e,910,18.833208932427244,39.78186264791117,14.63944097113881,18.833208932427244,5.478132830073331e-06,0.015496779209811214,0.0003535013796031277
bfo-6bd6714d37eff8e4dc621a9e7d4c1ec29e0ee776e3f389d1d1e9a5ceb8fd861e,911,18.833209018289512,39.781863469252556,14.639440962778064,18.833209018289512,5.478134047455527e-06,0.015496781276348567,0.0003535014110198704
bfo-6bd6714d37eff8e4dc621a9e7d4c1ec29e0ee776e3f389d1d1e9a5ceb8fd861e,912,18.833208961933302,39.78186330611118,14.639440930761896,18.833208961933302,5.478134002621045e-06,0.015496780413660868,0.0003535014278057337
bfo-6bd6714d37eff8e4dc621a9e7d4c1ec29e0ee776e3f389d1d1e9a5ceb8fd861e,913,18.83320908683432,39.781862212285375,14.639441088001638,18.83320908683432,5.47813000503898e-06,0.01549677682056901,0.00035350125180662144
bfo-6bd6714d37eff8e4dc621a9e7d4c1ec29e0ee776e3f389d1d1e9a5ceb8fd861e,914,18.8332089402048,39.78186239388563,14.639440992915686,18.8332089402048,5.478132617007673e-06,0.01549677862038422,0.00035350137929968377
bfo-6bd6714d37eff8e4dc621a9e7d4c1ec29e0ee776e3f389d1d1e9a5ceb8fd861e,915,18.833208860005595,39.78186141138022,14.639441064716616,18.833208860005595,5.478131275479169e-06,0.01549677533432185,0.00035350136769075744
bfo-6bd6714d37eff8e4dc621a9e7d4c1ec29e0ee776e3f389d1d1e9a5ceb8fd861e,916,18.833207194365947,39.781859376240774,14.63944052195132,18.833207194365947,5.478140031126573e-06,0.015496776617893261,0.0003535019034088206
bfo-6bd6714d37eff8e4dc621a9e7d4c1ec29e0ee776e3f389d1d1e9a5ceb8fd861e,917,18.833203863089,39.78185530596822,14.639439436421712,18.833203863089,5.478157542447937e-06,0.015496779185038773,0.00035350297484633295
bfo-6bd6714d37eff8e4dc621a9e7d4c1ec29e0ee776e3f389d1d1e9a5ceb8fd861e,918,18.83319720183839,39.781847078521544,14.639437274197046,18.83319720183839,5.478192471382428e-06,0.015496784036982368,0.0003535051181141179
bfo-6bd6714d37eff8e4dc621a9e7d4c1ec29e0ee776e3f389d1d1e9a5ceb8fd861e,919,18.83318394116503,39.78182999445172,14.639433036857644,18.83318394116503,5.478261311938402e-06,0.015496791452870102,0.0003535093911923164
bfo-6bd6714d37eff8e4dc621a9e7d4c1ec29e0ee776e3f389d1d1e9a5ceb8fd861e,920,1000000.0,39.78179499349067,14.639424703076646,18.833157515388287,5.478397997008778e-06,0.01549680245892415,0.0003535179603360002
bfo-6bd6714d37eff8e4dc621a9e7d4c1ec29e0ee776e3f389d1d1e9a5ceb8fd861e,921,1000000.0,39.78182892061713,14.63943322940163,18.833184309877126,5.4782550378800045e-06,0.01549678032821138,0.0003535092401037021
bfo-6bd6714d37eff8e4dc621a9e7d4c1ec29e0ee776e3f389d1d1e9a5ceb8fd861e,922,1000000.000000002,39.7818297968951,14.639433039160053,18.833183963546308,5.478260681241086e-06,0.015496791097544788,0.00035350935859934424
bfo-6bd6714d37eff8e4dc621a9e7d4c1ec29e0ee776e3f389d1d1e9a5ceb8fd861e,923,1000000.0,39.78183045449078,14.639433048841784,18.833184057861196,5.47826196623617e-06,0.01549679381781803,0.00035350937946514643
bfo-6bd6714d37eff8e4dc621a9e7d4c1ec29e0ee776e3f389d1d1e9a5ceb8fd861e,924,18.83318395604828,39.781830394936456,14.639433005741681,18.83318395604828,5.478261777362195e-06,0.015496792742546091,0.00035350939180607045
bfo-6bd6714d37eff8e4dc621a9e7d4c1ec29e0ee776e3f389d1d1e9a5ceb8fd861e,925,18.833184008742712,39.78183022528471,14.639432999640256,18.833184008742712,5.478260517346227e-06,0.015496793552482256,0.00035350929202181483
bfo-6bd6714d37eff8e4dc621a9e7d4c1ec29e0ee776e3f389d1d1e9a5ceb8fd861e,926,1000000.0000000001,39.781829780556414,14.639433065479336,18.833183939487398,5.478261109347969e-06,0.015496790718178758,0.0003535093948788769
bfo-6bd6714d37eff8e4dc621a9e7d4c1ec29e0ee776e3f389d1d1e9a5ceb8fd861e,927,18.83318394682316,39.781830353421604,14.639432994918224,18.83318394682316,5.47826170123736e-06,0.015496792516422794,0.0003535093920520487
bfo-6bd6714d37eff8e4dc621a9e7d4c1ec29e0ee776e3f389d1d1e9a5ceb8fd861e,928,18.8331839483334,39.7818297973613,14.639433050988943,18.8331839483334,5.47826099077492e-06,0.015496790900142707,0.0003535093830764969
bfo-6bd6714d37eff8e4dc621a9e7d4c1ec29e0ee776e3f389d1d1e9a5ceb8fd861e,929,1000000.0,39.78182983553488,14.639433048529348,18.833183949495858,5.478260679615729e-06,0.01549679071029788,0.00035350936732825154
bfo-6bd6714d37eff8e4dc621a9e7d4c1ec29e0ee776e3f389d1d1e9a5ceb8fd861e,930,18.833183952698533,39.78183034461178,14.639433012301987,18.833183952698533,5.478262101722587e-06,0.015496792511143921,0.0003535094180155736
bfo-6bd6714d37eff8e4dc621a9e7d4c1ec29e0ee776e3f389d1d1e9a5ceb8fd861e,931,18.83318394116617,39.78183020325224,14.639433018080831,18.83318394116617,5.4782623740078e-06,0.01549679279764178,0.0003535094290504712
bfo-6bd6714d37eff8e4dc621a9e7d4c1ec29e0ee776e3f389d1d1e9a5ceb8fd861e,932,18.833183941975985,39.78182993451687,14.639433039466207,18.833183941975985,5.4782606902335524e-06,0.015496791435106709,0.0003535093514792361
bfo-6bd6714d37eff8e4dc621a9e7d4c1ec29e0ee776e3f389d1d1e9a5ceb8fd861e,933,18.83318394116417,39.78183027423739,14.639432996176435,18.83318394116417,5.478261383556191e-06,0.015496792548548318,0.00035350937081940703
bfo-6bd6714d37eff8e4dc621a9e7d4c1ec29e0ee776e3f389d1d1e9a5ceb8fd861e,934,1000000.0,39.78183134685243,14.639432925609487,18.833183941173996,5.4782636243389655e-06,0.015496795307495636,0.00035350945247945474
bfo-6bd6714d37eff8e4dc621a9e7d4c1ec29e0ee776e3f389d1d1e9a5ceb8fd861e,935,18.83318395330054,39.7818301873053,14.639433020513463,18.83318395330054,5.478261449032902e-06,0.01549679210653983,0.0003535093851275846
bfo-6bd6714d37eff8e4dc621a9e7d4c1ec29e0ee776e3f389d1d1e9a5ceb8fd861e,936,18.833183952215816,39.78183137435945,14.63943289416726,18.833183952215816,5.478262148004503e-06,0.01549679569412831,0.00035350934839259706
bfo-6bd6714d37eff8e4dc621a9e7d4c1ec29e0ee776e3f389d1d1e9a5ceb8fd861e,937,1000000.0000000009,39.7818296671509,14.639433041814753,18.833183925020638,5.47826067885022e-06,0.015496791342799214,0.00035350935285037344
bfo-6bd6714d37eff8e4dc621a9e7d4c1ec29e0ee776e3f389d1d1e9a5ceb8fd861e,938,1000000.0,39.781829284621956,14.639433087296728,18.833183967992547,5.478258923741013e-06,0.015496790433988225,0.0003535092603256646
bfo-6bd6714d37eff8e4dc621a9e7d4c1ec29e0ee776e3f389d1d1e9a5ceb8fd861e,939,18.83318394576782,39.781829670352735,14.63943306902364,18.83318394576782,5.478260560033148e-06,0.015496790421378687,0.00035350936620240933
bfo-6bd6714d37eff8e4dc621a9e7d4c1ec29e0ee776e3f389d1d1e9a5ceb8fd861e,940,1000000.0,39.781829439095915,14.63943308458247,18.833183964437843,5.478258895625956e-06,0.015496789778969199,0.00035350927345356
bfo-6bd6714d37eff8e4dc621a9e7d4c1ec29e0ee776e3f389d1d1e9a5ceb8fd861e,941,1000000.0000000003,39.781830344367954,14.6394329832691,18.833183945296682,5.478261447752197e-06,0.015496793265883725,0.0003535093585982475
bfo-6bd6714d37eff8e4dc621a9e7d4c1ec29e0ee776e3f389d1d1e9a5ceb8fd861e,942,1000000.0,39.78183041606525,14.639432964890284,18.833183960483286,5.47826163959642e-06,0.015496794324679979,0.0003535093468248344
bfo-6bd6714d37eff8e4dc621a9e7d4c1ec29e0ee776e3f389d1d1e9a5ceb8fd861e,943,1000000.0000000017,39.78183072904317,14.639432966156475,18.83318391178537,5.478262566579366e-06,0.01549679370096895,0.0003535094208705142
bfo-6bd6714d37eff8e4dc621a9e7d4c1ec29e0ee776e3f389d1d1e9a5ceb8fd861e,944,1000000.0,39.7818318824767,14.639432869684041,18.833183964877364,5.478264087569597e-06,0.015496797251427726,0.000353509438026937
bfo-6bd6714d37eff8e4dc621a9e7d4c1ec29e0ee776e3f389d1d1e9a5ceb8fd861e,945,1000000.000000001,39.78183050641364,14.63943297397495,18.83318394409475,5.4782618636238075e-06,0.01549679319689256,0.00035350938700803706
bfo-6bd6714d37eff8e4dc621a9e7d4c1ec29e0ee776e3f389d1d1e9a5ceb8fd861e,946,1000000.0,39.78182949468934,14.639433160752136,18.833184113029073,5.478258139653166e-06,0.01549678872469967,0.0003535092487207756
bfo-6bd6714d37eff8e4dc621a9e7d4c1ec29e0ee776e3f389d1d1e9a5ceb8fd861e,947,1000000.0000000006,39.7818303462259,14.639432997208834,18.833183944949223,5.478261126376543e-06,0.01549679236567845,0.00035350935839532395
bfo-6bd6714d37eff8e4dc621a9e7d4c1ec29e0ee776e3f389d1d1e9a5ceb8fd861e,948,18.83318402247813,39.78183018256709,14.639433020345395,18.83318402247813,5.478260722833238e-06,0.01549679217564804,0.000353509336689814
bfo-6bd6714d37eff8e4dc621a9e7d4c1ec29e0ee776e3f389d1d1e9a5ceb8fd861e,949,1000000.0000000009,39.781829850085,14.639433015088356,18.833183932204864,5.4782608396949055e-06,0.015496791699616744,0.00035350935508995647
bfo-6bd6714d37eff8e4dc621a9e7d4c1ec29e0ee776e3f389d1d1e9a5ceb8fd861e,950,1000000.0,39.78183077235016,14.639432984435185,18.833184031951472,5.478260265363261e-06,0.01549679336398327,0.0003535092800614809
bfo-6bd6714d37eff8e4dc621a9e7d4c1ec29e0ee776e3f389d1d1e9a5ceb8fd861e,951,1000000.0000000009,39.781830247396016,14.639432991425322,18.83318393201499,5.478261561024594e-06,0.015496792391862732,0.0003535093858456279
bfo-6bd6714d37eff8e4dc621a9e7d4c1ec29e0ee776e3f389d1d1e9a5ceb8fd861e,952,1000000.0,39.781831088264994,14.6394329595148,18.833184030078257,5.4782628665698206e-06,0.015496794785101948,0.00035350941549774033
bfo-6bd6714d37eff8e4dc621a9e7d4c1ec29e0ee776e3f389d1d1e9a5ceb8fd861e,953,1000000.0000000003,39.78182965820974,14.63943303473108,18.83318393871435,5.478260068420105e-06,0.015496790720997642,0.00035350932764402905
bfo-6bd6714d37eff8e4dc621a9e7d4c1ec29e0ee776e3f389d1d1e9a5ceb8fd861e,954,18.833183989328674,39.78183051825491,14.639432981874947,18.833183989328674,5.478261662733353e-06,0.015496793665832448,0.0003535093633473292
bfo-6bd6714d37eff8e4dc621a9e7d4c1ec29e0ee776e3f389d1d1e9a5ceb8fd861e,955,1000000.0000000002,39.78183079571206,14.639432971444174,18.83318393027798,5.478262391128203e-06,0.015496794553604793,0.00035350939009860425
bfo-6bd6714d37eff8e4dc621a9e7d4c1ec29e0ee776e3f389d1d1e9a5ceb8fd861e,956,1000000.0,39.78183142353305,14.639432897870625,18.833183917886004,5.478263116049421e-06,0.01549679517929086,0.00035350942260437804
bfo-6bd6714d37eff8e4dc621a9e7d4c1ec29e0ee776e3f389d1d1e9a5ceb8fd861e,957,18.833183941242712,39.78183031038102,14.63943299577536,18.833183941242712,5.478261713231243e-06,0.015496792866077379,0.0003535093848497651
bfo-6bd6714d37eff8e4dc621a9e7d4c1ec29e0ee776e3f389d1d1e9a5ceb8fd861e,958,18.833183981637987,39.781830450245415,14.639433017924466,18.833183981637987,5.478262726331047e-06,0.01549679246471298,0.00035350945938040677
bfo-6bd6714d37eff8e4dc621a9e7d4c1ec29e0ee776e3f389d1d1e9a5ceb8fd861e,959,1000000.0000000005,39.78183135632815,14.639432917305554,18.833183936121493,5.478263397791901e-06,0.015496795474949303,0.00035350943404057687
bfo-6bd6714d37eff8e4dc621a9e7d4c1ec29e0ee776e3f389d1d1e9a5ceb8fd861e,960,18.833183963709747,39.78183030572297,14.639433027316976,18.833183963709747,5.4782616422164865e-06,0.015496792584682792,0.00035350938668633037
bfo-6bd6714d37eff8e4dc621a9e7d4c1ec29e0ee776e3f389d1d1e9a5ceb8fd861e,961,1000000.0000000006,39.78182991015344,14.639433025412156,18.83318393493577,5.478261041314797e-06,0.01549679145700835,0.00035350937363471324
bfo-6bd6714d37eff8e4dc621a9e7d4c1ec29e0ee776e3f389d1d1e9a5ceb8fd861e,962,1000000.0,39.781831089273666,14.639432909164922,18.83318397206559,5.478261356283556e-06,0.01549679491508294,0.0003535093150746672
bfo-6bd6714d37eff8e4dc621a9e7d4c1ec29e0ee776e3f389d1d1e9a5ceb8fd861e,963,1000000.0000000001,39.781830264972704,14.63943301785636,18.833183965510706,5.4782612608352975e-06,0.015496792299937142,0.0003535093685715539
bfo-6bd6714d37eff8e4dc621a9e7d4c1ec29e0ee776e3f389d1d1e9a5ceb8fd861e,964,18.83318401018774,39.7818289920281,14.639433134425733,18.83318401018774,5.478259665814315e-06,0.015496787969792616,0.0003535093644239637
bfo-6bd6714d37eff8e4dc621a9e7d4c1ec29e0ee776e3f389d1d1e9a5ceb8fd861e,965,1000000.0000000006,39.78183075599515,14.639433065976108,18.833184210037786,5.47825994658132e-06,0.015496792627903488,0.00035350927628193066
bfo-6bd6714d37eff8e4dc621a9e7d4c1ec29e0ee776e3f389d1d1e9a5ceb8fd861e,966,1000000.0,39.78182824497878,14.639432493060722,18.83318238501236,5.478269127262496e-06,0.015496793229853395,0.00035350985497496523
bfo-6bd6714d37eff8e4dc621a9e7d4c1ec29e0ee776e3f389d1d1e9a5ceb8fd861e,967,1000000.0,39.78183031644911,14.63943298675334,18.833183916569947,5.4782617554861546e-06,0.015496793140520302,0.00035350938131592193
bfo-6bd6714d37eff8e4dc621a9e7d4c1ec29e0ee776e3f389d1d1e9a5ceb8fd861e,968,1000000.0,39.781830090988755,14.63943306815364,18.833184073141428,5.478260139260155e-06,0.015496790944063832,0.0003535093271267653
bfo-6bd6714d37eff8e4dc621a9e7d4c1ec29e0ee776e3f389d1d1e9a5ceb8fd861e,969,18.83318392400017,39.78183022764959,14.639432993402108,18.83318392400017,5.478261392105242e-06,0.015496792391748747,0.00035350937494794976
bfo-6bd6714d37eff8e4dc621a9e7d4c1ec29e0ee776e3f389d1d1e9a5ceb8fd861e,970,1000000.0,39.78183047092365,14.639432995955787,18.833184028357344,5.478261216212543e-06,0.015496793630609513,0.00035350933533707224
bfo-6bd6714d37eff8e4dc621a9e7d4c1ec29e0ee776e3f389d1d1e9a5ceb8fd861e,971,18.833183944332095,39.78183030730646,14.639432981482846,18.833183944332095,5.4782611646766996e-06,0.015496792990702214,0.00035350934660891155
bfo-6bd6714d37eff8e4dc621a9e7d4c1ec29e0ee776e3f389d1d1e9a5ceb8fd861e,972,1000000.0,39.7818300089318,14.639433082694737,18.833184036783077,5.478261075452667e-06,0.015496791099726185,0.0003535093839878543
bfo-6bd6714d37eff8e4dc621a9e7d4c1ec29e0ee776e3f389d1d1e9a5ceb8fd861e,973,1000000.0000000001,39.78183012233341,14.639433004811583,18.833183895279053,5.478261605634964e-06,0.015496791935578532,0.00035350939913296627
bfo-6bd6714d37eff8e4dc621a9e7d4c1ec29e0ee776e3f389d1d1e9a5ceb8fd861e,974,18.833183911519964,39.781829531076944,14.639433071294915,18.833183911519964,5.478261008423764e-06,0.015496789668154525,0.0003535094123192134
bfo-6bd6714d37eff8e4dc621a9e7d4c1ec29e0ee776e3f389d1d1e9a5ceb8fd861e,975,18.8331839897121,39.78182913177299,14.639433149564033,18.8331839897121,5.478260506194837e-06,0.015496788486537405,0.00035350940686542834
