run_id,evaluation_index,training_objective,expected_energy,cvar_0.10,cvar_0.25,p_opt,p_feas,p_opt_given_feas
bfo-b4468b73aaba908259595c434d8a9488f707d56ab07b766e04c057f61e6a0ac2,0,33.802987852345744,61.521479780742396,26.75343967110482,33.802987852345744,0.0002146925877941621,0.004247124422897168,0.050550105534160436
bfo-b4468b73aaba908259595c434d8a9488f707d56ab07b766e04c057f61e6a0ac2,1,33.802987852345744,61.521479780742396,26.75343967110482,33.802987852345744,0.0002146925877941621,0.004247124422897168,0.050550105534160436
bfo-b4468b73aaba908259595c434d8a9488f707d56ab07b766e04c057f61e6a0ac2,2,42.146901361022124,88.72871023535697,31.51237081276017,42.146901361022124,8.532312127424683e-05,0.0017741194878717434,0.04809322137405837
bfo-b4468b73aaba908259595c434d8a9488f707d56ab07b766e04c057f61e6a0ac2,3,42.15386804250715,88.74504764541547,31.532304976679946,42.15386804250715,8.333703589899659e-05,0.0017529408630709634,0.04754127058969867
bfo-b4468b73aaba908259595c434d8a9488f707d56ab07b766e04c057f61e6a0ac2,4,42.158311757941796,88.73866613977667,31.54063076920729,42.158311757941796,8.54264425386387e-05,0.0017419221259758972,0.049041481972553314
bfo-b4468b73aaba908259595c434d8a9488f707d56ab07b766e04c057f61e6a0ac2,5,42.158889927905236,88.73742271315454,31.54213484195479,42.158889927905236,8.500799605259902e-05,0.0017409418894726956,0.04882873837813543
bfo-b4468b73aaba908259595c434d8a9488f707d56ab07b766e04c057f61e6a0ac2,6,42.158986553426786,88.73727185974573,31.542135995304346,42.158986553426786,8.511376152877686e-05,0.0017412320951659802,0.0488813419905768
bfo-b4468b73aaba908259595c434d8a9488f707d56ab07b766e04c057f61e6a0ac2,7,42.15910855976626,88.73721375534289,31.542141554781445,42.15910855976626,8.549608119831588e-05,0.0017411061894097117,0.04910446112841725
bfo-b4468b73aaba908259595c434d8a9488f707d56ab07b766e04c057f61e6a0ac2,8,42.158971463001016,88.73735158198517,31.542136666798974,42.158971463001016,8.506676369996541e-05,0.0017411290224349698,0.0488572429750206
bfo-b4468b73aaba908259595c434d8a9488f707d56ab07b766e04c057f61e6a0ac2,9,42.15724385360509,88.7358913631492,31.541577874417648,42.15724385360509,8.488197903913457e-05,0.0017397339273778649,0.04879020734341204
bfo-b4468b73aaba908259595c434d8a9488f707d56ab07b766e04c057f61e6a0ac2,10,42.15692317321855,88.73546141565582,31.54145287731082,42.15692317321855,8.482102165444676e-05,0.001739854773141438,0.04875178259924307
bfo-b4468b73aaba908259595c434d8a9488f707d56ab07b766e04c057f61e6a0ac2,11,42.14786123432256,88.7189398679016,31.535353226122766,42.14786123432256,8.436224648972573e-05,0.001740821736592675,0.04846116332097775
bfo-b4468b73aaba908259595c434d8a9488f707d56ab07b766e04c057f61e6a0ac2,12,42.14764073938214,88.71472200364212,31.535087927252928,42.14764073938214,8.69957736998631e-05,0.0017434357610627523,0.04989904167552051
bfo-b4468b73aaba908259595c434d8a9488f707d56ab07b766e04c057f61e6a0ac2,13,42.14856701389837,88.7149720361665,31.53582440402577,42.14856701389837,8.597025450966419e-05,0.0017433070547440777,0.049314464870495726
bfo-b4468b73aaba908259595c434d8a9488f707d56ab07b766e04c057f61e6a0ac2,14,42.14813079537834,88.71495144493689,31.53541243210786,42.14813079537834,8.679373237340366e-05,0.0017428725814425741,0.04979924137745317
bfo-b4468b73aaba908259595c434d8a9488f707d56ab07b766e04c057f61e6a0ac2,15,42.1370336025122,88.7029041644931,31.521315427618497,42.1370336025122,8.318979977099018e-05,0.0017698780720214254,0.04700312472710443
bfo-b4468b73aaba908259595c434d8a9488f707d56ab07b766e04c057f61e6a0ac2,16,42.13356262988361,88.69625619199593,31.51396150975467,42.13356262988361,8.604007730752548e-05,0.0017584083825276638,0.048930656929561056
bfo-b4468b73aaba908259595c434d8a9488f707d56ab07b766e04c057f61e6a0ac2,17,42.13370128513205,88.69598416067826,31.514001980603553,42.13370128513205,8.590836127615373e-05,0.0017594021565561938,0.048828155038930066
bfo-b4468b73aaba908259595c434d8a9488f707d56ab07b766e04c057f61e6a0ac2,18,45.95311566498868,85.96005237351322,35.13187346393364,45.95311566498868,6.0083151152024396e-05,0.0012087110734624908,0.049708447677168505
bfo-b4468b73aaba908259595c434d8a9488f707d56ab07b766e04c057f61e6a0ac2,19,33.80302807340522,61.522100921743174,26.752832342557443,33.80302807340522,0.00021421910809991406,0.004248556683322865,0.05042161940331459
bfo-b4468b73aaba908259595c434d8a9488f707d56ab07b766e04c057f61e6a0ac2,20,33.80300769835516,61.52200817436929,26.75295255365949,33.80300769835516,0.00021440308997573715,0.004249040249275123,0.05045918075553976
bfo-b4468b73aaba908259595c434d8a9488f707d56ab07b766e04c057f61e6a0ac2,21,33.80316317626963,61.521940198508375,26.75301681610796,33.80316317626963,0.000214255229670193,0.004251168786747617,0.050399135018609854
bfo-b4468b73aaba908259595c434d8a9488f707d56ab07b766e04c057f61e6a0ac2,22,33.80316206976733,61.52194043204513,26.753011715864385,33.80316206976733,0.00021425790495485623,0.004251153913214688,0.05039994065819089
bfo-b4468b73aaba908259595c434d8a9488f707d56ab07b766e04c057f61e6a0ac2,23,33.803048449107415,61.52152537243083,26.753462078515135,33.803048449107415,0.00021464199538354502,0.0042475454516594366,0.05053318388851811
bfo-b4468b73aaba908259595c434d8a9488f707d56ab07b766e04c057f61e6a0ac2,24,1000000.1903417911,61.519637885382636,26.753126630034362,33.80265282862431,0.0002149195971341446,0.004239122401552903,0.05069907796373463
bfo-b4468b73aaba908259595c434d8a9488f707d56ab07b766e04c057f61e6a0ac2,25,33.80643842485701,61.526082101193595,26.756953227205003,33.80643842485701,0.00021527759686789074,0.0042424701730407665,0.05074345560185559
bfo-b4468b73aaba908259595c434d8a9488f707d56ab07b766e04c057f61e6a0ac2,26,1000000.5,61.52146717037185,26.753289580864845,33.80295216710179,0.00021472915064289192,0.0042471004995374585,0.05055899917279508
bfo-b4468b73aaba908259595c434d8a9488f707d56ab07b766e04c057f61e6a0ac2,27,33.80298427403662,61.52148352942372,26.753468572873736,33.80298427403662,0.00021464939518224915,0.004247284667041989,0.05053802888416735
bfo-b4468b73aaba908259595c434d8a9488f707d56ab07b766e04c057f61e6a0ac2,28,33.80298639692067,61.521486895457116,26.75348164250311,33.80298639692067,0.0002146281513025022,0.00424739744315552,0.05053168538497976
bfo-b4468b73aaba908259595c434d8a9488f707d56ab07b766e04c057f61e6a0ac2,29,1000000.5,61.52148689545713,26.753481642503115,33.80298639692066,0.0002146281513025022,0.004247397443155519,0.05053168538497977
bfo-b4468b73aaba908259595c434d8a9488f707d56ab07b766e04c057f61e6a0ac2,30,1000000.1969568934,61.52114620640455,26.753425688067917,33.80292398912691,0.00021411604545211913,0.004247000049903641,0.050415833043603836
bfo-b4468b73aaba908259595c434d8a9488f707d56ab07b766e04c057f61e6a0ac2,31,1000000.3479981067,61.52146183344229,26.75350980087526,33.80302121546967,0.00021464037809888165,0.004247281504111309,0.050535943494942066
bfo-b4468b73aaba908259595c434d8a9488f707d56ab07b766e04c057f61e6a0ac2,32,33.80453174396473,61.52549781253091,26.75420154316335,33.80453174396473,0.0002152311190108685,0.00424690985785589,0.05067946488497659
bfo-b4468b73aaba908259595c434d8a9488f707d56ab07b766e04c057f61e6a0ac2,33,33.80278918547286,61.522121197007316,26.753382035644517,33.80278918547286,0.00021541005719597202,0.004247931918980274,0.05070939490190363
bfo-b4468b73aaba908259595c434d8a9488f707d56ab07b766e04c057f61e6a0ac2,34,1000000.4937530106,61.52222504378902,26.753385777742203,33.802737026761136,0.0002157604320558203,0.004248395663307836,0.05078633186623382
bfo-b4468b73aaba908259595c434d8a9488f707d56ab07b766e04c057f61e6a0ac2,35,33.80273702676112,61.522225043789014,26.7533857777422,33.80273702676112,0.0002157604320558203,0.004248395663307835,0.050786331866233825
bfo-b4468b73aaba908259595c434d8a9488f707d56ab07b766e04c057f61e6a0ac2,36,1000000.3661044571,61.52270704913497,26.752906662730894,33.802493325548205,0.00021496692942830057,0.0042501356419095675,0.050578839721858115
bfo-b4468b73aaba908259595c434d8a9488f707d56ab07b766e04c057f61e6a0ac2,37,33.80261109844935,61.52149803808722,26.754173890855117,33.80261109844935,0.00021575834324733578,0.004251592739023677,0.050747650702047696
bfo-b4468b73aaba908259595c434d8a9488f707d56ab07b766e04c057f61e6a0ac2,38,33.802655956809545,61.52153508043982,26.75421879337937,33.802655956809545,0.0002156797433283913,0.0042523636087827155,0.05071996733368056
bfo-b4468b73aaba908259595c434d8a9488f707d56ab07b766e04c057f61e6a0ac2,39,1000000.1515670948,61.521273709514375,26.75433589643769,33.803267126203316,0.00021584841234372176,0.004256132667374777,0.05071468142858881
bfo-b4468b73aaba908259595c434d8a9488f707d56ab07b766e04c057f61e6a0ac2,40,33.260977523105495,65.8354393528717,26.352962177389067,33.260977523105495,0.00024050136360629417,0.0047097846608906285,0.051064195270620914
bfo-b4468b73aaba908259595c434d8a9488f707d56ab07b766e04c057f61e6a0ac2,41,33.260985742906804,65.83547045944027,26.35297953345328,33.260985742906804,0.00024048099320167417,0.004709671118661073,0.05106110111358291
bfo-b4468b73aaba908259595c434d8a9488f707d56ab07b766e04c057f61e6a0ac2,42,33.260993850527655,65.83544103031339,26.35300311573604,33.260993850527655,0.00024039554467789845,0.004709998019473913,0.05103941523626153
bfo-b4468b73aaba908259595c434d8a9488f707d56ab07b766e04c057f61e6a0ac2,43,33.260948893026196,65.83545654433891,26.35283372694598,33.260948893026196,0.00024058923464681599,0.004709487852059741,0.05108607182022816
bfo-b4468b73aaba908259595c434d8a9488f707d56ab07b766e04c057f61e6a0ac2,44,33.260386101068,65.83444147479412,26.353030062914513,33.260386101068,0.00024097850176563155,0.004704943346634902,0.05121815163576532
bfo-b4468b73aaba908259595c434d8a9488f707d56ab07b766e04c057f61e6a0ac2,45,33.259136163070025,65.8338839820567,26.351800091072413,33.259136163070025,0.000241644244380628,0.004701660018507808,0.05139551635579979
bfo-b4468b73aaba908259595c434d8a9488f707d56ab07b766e04c057f61e6a0ac2,46,33.25355059383543,65.83669722582586,26.348702226044182,33.25355059383543,0.0002422545208385141,0.004703978099751762,0.05149992531880587
bfo-b4468b73aaba908259595c434d8a9488f707d56ab07b766e04c057f61e6a0ac2,47,1000000.0,65.84106827819144,26.347399886715447,33.2515930004787,0.00024266769946529996,0.004704778480111583,0.05157898517244209
bfo-b4468b73aaba908259595c434d8a9488f707d56ab07b766e04c057f61e6a0ac2,48,46.110908688265226,85.99657759121733,35.46086146607989,46.110908688265226,5.515609721221585e-05,0.0011257175432527325,0.04899639127311074
bfo-b4468b73aaba908259595c434d8a9488f707d56ab07b766e04c057f61e6a0ac2,49,44.75227339122681,86.0276957587214,34.107288037360455,44.75227339122681,6.711185551728203e-05,0.0010603459585638326,0.06329241411754002
bfo-b4468b73aaba908259595c434d8a9488f707d56ab07b766e04c057f61e6a0ac2,50,1000000.028689163,96.57433391055511,32.49894073867532,48.27879691770691,0.00011078705221458001,0.0022145242396481167,0.05002747327443291
bfo-b4468b73aaba908259595c434d8a9488f707d56ab07b766e04c057f61e6a0ac2,51,1000000.0,86.05462882416094,35.38694487731836,46.16468339486511,5.272366879954192e-05,0.0009871018095879691,0.053412594615290555
bfo-b4468b73aaba908259595c434d8a9488f707d56ab07b766e04c057f61e6a0ac2,52,1000000.0252033005,91.52738245929982,33.1670683973044,47.23606126350933,9.823312077373514e-05,0.0018521224462574575,0.05303813523357087
bfo-b4468b73aaba908259595c434d8a9488f707d56ab07b766e04c057f61e6a0ac2,53,46.231394053405864,86.0815976605193,35.727436342753585,46.231394053405864,6.455253895892063e-05,0.0013426143651520696,0.048079732076759925
bfo-b4468b73aaba908259595c434d8a9488f707d56ab07b766e04c057f61e6a0ac2,54,1000000.0275841843,90.49162717234643,33.370855086497016,47.14874786104364,9.178507824420394e-05,0.0017883729377084585,0.05132323147419869
bfo-b4468b73aaba908259595c434d8a9488f707d56ab07b766e04c057f61e6a0ac2,55,46.91360044447635,87.30482557518567,34.24024424529758,46.91360044447635,7.204060404187082e-05,0.0015559861194681171,0.04629900173305947
bfo-b4468b73aaba908259595c434d8a9488f707d56ab07b766e04c057f61e6a0ac2,56,1000000.0299110475,89.21458650913861,33.655185782401695,47.05881195945927,8.436653502754276e-05,0.0017071140969982354,0.049420560216737505
bfo-b4468b73aaba908259595c434d8a9488f707d56ab07b766e04c057f61e6a0ac2,57,48.578798288852134,104.12656505131979,30.83766904168132,48.578798288852134,0.00015960815937431804,0.0029756432676322974,0.05363820358120997
bfo-b4468b73aaba908259595c434d8a9488f707d56ab07b766e04c057f61e6a0ac2,58,1000000.0320718066,88.0407399705156,34.00450778541462,47.0048176317689,7.707722981482894e-05,0.001638033262214532,0.04705474033575161
bfo-b4468b73aaba908259595c434d8a9488f707d56ab07b766e04c057f61e6a0ac2,59,75.8442405426837,119.33919591774361,54.9038489965951,75.8442405426837,6.147603951685003e-05,0.001165931013733829,0.05272699567359174
bfo-b4468b73aaba908259595c434d8a9488f707d56ab07b766e04c057f61e6a0ac2,60,1000000.0348424632,87.39797239805333,34.22955233049021,46.93531922211063,7.630302984434248e-05,0.0015822476458855924,0.04822445465016652
bfo-b4468b73aaba908259595c434d8a9488f707d56ab07b766e04c057f61e6a0ac2,61,37.98763134976644,71.87075772126283,29.227890541898507,37.98763134976644,0.00014702144604270405,0.0029607295415855616,0.0496571686058057
bfo-b4468b73aaba908259595c434d8a9488f707d56ab07b766e04c057f61e6a0ac2,62,1000000.038597342,87.07379876607638,34.362828769435026,46.875194214292804,7.494661234947684e-05,0.0015524647961110121,0.04827588524855518
bfo-b4468b73aaba908259595c434d8a9488f707d56ab07b766e04c057f61e6a0ac2,63,1000000.0,85.99931594243834,34.188813056915414,45.009762518719455,5.4641295257551035e-05,0.0011533767990440833,0.047375060173602976
bfo-b4468b73aaba908259595c434d8a9488f707d56ab07b766e04c057f61e6a0ac2,64,1000000.0437032745,86.58905750283697,34.46830534642308,46.65306970581028,6.160331046442492e-05,0.0015210878717986263,0.040499508020914954
bfo-b4468b73aaba908259595c434d8a9488f707d56ab07b766e04c057f61e6a0ac2,65,1000000.0,79.5396383388025,31.99830198374894,41.985611204625435,8.403933411436167e-05,0.0019777191116973412,0.042493058603370853
bfo-b4468b73aaba908259595c434d8a9488f707d56ab07b766e04c057f61e6a0ac2,66,1000000.0462333902,86.45072942833484,34.581004817252925,46.547552360881305,6.651512121579238e-05,0.0014484966464175324,0.04592010715406188
bfo-b4468b73aaba908259595c434d8a9488f707d56ab07b766e04c057f61e6a0ac2,67,1000000.0,86.0072961392289,35.38444365134527,46.13154915475053,5.969970036637035e-05,0.0013574146021993836,0.043980446556004686
bfo-b4468b73aaba908259595c434d8a9488f707d56ab07b766e04c057f61e6a0ac2,68,1000000.051252147,86.26326833530109,34.65025192896482,46.32825254247513,6.412457326434306e-05,0.0013507273216408831,0.04747410690297106
bfo-b4468b73aaba908259595c434d8a9488f707d56ab07b766e04c057f61e6a0ac2,69,45.99560987747449,86.0049531257676,35.139862178694884,45.99560987747449,6.364151045403158e-05,0.0011432605942395626,0.05566667020161103
bfo-b4468b73aaba908259595c434d8a9488f707d56ab07b766e04c057f61e6a0ac2,70,1000000.0579101541,86.03727048275785,34.8367270311405,45.919554440983546,5.818845442835811e-05,0.0012256625024800458,0.04747510371788129
bfo-b4468b73aaba908259595c434d8a9488f707d56ab07b766e04c057f61e6a0ac2,71,35.70407964788815,83.61210561650304,28.053402168559778,35.70407964788815,0.0001631342143422526,0.0030431348305934814,0.05360729097581183
bfo-b4468b73aaba908259595c434d8a9488f707d56ab07b766e04c057f61e6a0ac2,72,1000000.0651931582,85.97936216796424,34.78991209661132,45.861599343570546,5.8058970973047617e-05,0.0011640071731395224,0.04987853366612239
bfo-b4468b73aaba908259595c434d8a9488f707d56ab07b766e04c057f61e6a0ac2,73,1000000.0,86.050863611717,35.202997089929724,46.046781126113814,5.926792086627817e-05,0.0011890582076190211,0.04984442349963396
bfo-b4468b73aaba908259595c434d8a9488f707d56ab07b766e04c057f61e6a0ac2,74,1000000.0739929178,85.91618466985813,35.12168838949022,45.7711268319986,6.045661046919858e-05,0.0012732167453193594,0.04748336109421364
bfo-b4468b73aaba908259595c434d8a9488f707d56ab07b766e04c057f61e6a0ac2,75,46.15666808713852,85.97186584371869,34.88735477034394,46.15666808713852,5.765434238546743e-05,0.001170096232620263,0.04927316299135396
bfo-b4468b73aaba908259595c434d8a9488f707d56ab07b766e04c057f61e6a0ac2,76,1000000.0843847037,85.99442053962129,35.57915862042987,46.028302807079676,7.432804845412932e-05,0.0014101478823510705,0.052709399761822005
bfo-b4468b73aaba908259595c434d8a9488f707d56ab07b766e04c057f61e6a0ac2,77,45.954899501391075,85.96596634314942,35.27921215912846,45.954899501391075,6.494921213446592e-05,0.0011945753205536839,0.0543701272050071
bfo-b4468b73aaba908259595c434d8a9488f707d56ab07b766e04c057f61e6a0ac2,78,1000000.0960233317,86.03727975932881,35.420695375673795,46.216608698732756,6.911555933876558e-05,0.001359509633654598,0.05083859476079691
bfo-b4468b73aaba908259595c434d8a9488f707d56ab07b766e04c057f61e6a0ac2,79,1000000.0,86.16738406219403,33.69738708990764,44.55017475505385,6.583665801218455e-05,0.0012801439155787461,0.05142910668947729
bfo-b4468b73aaba908259595c434d8a9488f707d56ab07b766e04c057f61e6a0ac2,80,1000000.1109247446,86.24778862234385,33.4961066490672,44.25474126438979,5.32031490322833e-05,0.0013391742660256764,0.039728323924694664
bfo-b4468b73aaba908259595c434d8a9488f707d56ab07b766e04c057f61e6a0ac2,81,1000000.0,86.36422113779611,33.170884077070575,43.801597839706304,6.113851721753968e-05,0.001428850795751064,0.0427885944420129
bfo-b4468b73aaba908259595c434d8a9488f707d56ab07b766e04c057f61e6a0ac2,82,1000000.1302958179,86.04100158043869,34.03403060387059,44.85193612168063,5.9910933561870327e-05,0.0011593183321935321,0.051677724657828515
bfo-b4468b73aaba908259595c434d8a9488f707d56ab07b766e04c057f61e6a0ac2,83,42.64460424096317,86.83389501692835,32.40385756069066,42.64460424096317,6.313974222340377e-05,0.001504701346381991,0.04196164400013423
bfo-b4468b73aaba908259595c434d8a9488f707d56ab07b766e04c057f61e6a0ac2,84,1000000.1568026401,85.95673661228801,34.61658231109297,45.383520719859064,6.269547874632498e-05,0.0010723335557222549,0.05846639640414623
bfo-b4468b73aaba908259595c434d8a9488f707d56ab07b766e04c057f61e6a0ac2,85,1000000.0,113.77892748002033,52.015659685112404,69.08744324557492,2.769835673485161e-05,0.0007265172683815067,0.03812484291881515
bfo-b4468b73aaba908259595c434d8a9488f707d56ab07b766e04c057f61e6a0ac2,86,1000000.1521750393,85.96922564888317,35.311215932769514,46.025004209295126,6.231185012278611e-05,0.0012155742851771136,0.05126124407420074
bfo-b4468b73aaba908259595c434d8a9488f707d56ab07b766e04c057f61e6a0ac2,87,46.8201850958692,87.19658081712942,34.195411056950036,46.8201850958692,8.390493091206206e-05,0.001541286282143243,0.05443825192253555
bfo-b4468b73aaba908259595c434d8a9488f707d56ab07b766e04c057f61e6a0ac2,88,1000000.1959790699,86.01668789615924,35.171771733637044,46.32020155101689,5.592940552061538e-05,0.0011918383569259785,0.04692700582725832
bfo-b4468b73aaba908259595c434d8a9488f707d56ab07b766e04c057f61e6a0ac2,89,1000000.0,85.92890845443287,35.04833665480545,45.97003067366994,6.080271790297399e-05,0.0011615172741349857,0.05234766564126691
bfo-b4468b73aaba908259595c434d8a9488f707d56ab07b766e04c057f61e6a0ac2,90,1000000.1875687011,85.98543434498646,35.36167794390442,45.988757601759374,6.39623952249401e-05,0.001189023906918442,0.05379403631228034
bfo-b4468b73aaba908259595c434d8a9488f707d56ab07b766e04c057f61e6a0ac2,91,1000000.0,86.0643168831638,35.20345135822527,46.096620478529175,5.321595613704199e-05,0.001139612161802319,0.04669654986208633
bfo-b4468b73aaba908259595c434d8a9488f707d56ab07b766e04c057f61e6a0ac2,92,1000000.1522124062,118.91486473608884,43.389892807791426,73.47108809555867,0.00012085023802388661,0.0022197199027510044,0.05444391333974668
bfo-b4468b73aaba908259595c434d8a9488f707d56ab07b766e04c057f61e6a0ac2,93,1000000.0,86.06372015428921,35.203458146412764,46.090849418783414,5.817068705628427e-05,0.001221615204042643,0.04761784796373057
bfo-b4468b73aaba908259595c434d8a9488f707d56ab07b766e04c057f61e6a0ac2,94,1000000.0056235,85.9402094309484,35.39937484333377,45.86317851652843,6.0287748715602375e-05,0.0012646565753796424,0.047671241259710645
bfo-b4468b73aaba908259595c434d8a9488f707d56ab07b766e04c057f61e6a0ac2,95,1000000.0,85.97401103458574,34.99898102016477,46.00924591718944,7.173029404612304e-05,0.0013552119575187002,0.05292920686551222
bfo-b4468b73aaba908259595c434d8a9488f707d56ab07b766e04c057f61e6a0ac2,96,1000000.0000000356,68.91094806714537,26.369095003343006,33.375967468759356,0.00024450994655244137,0.004734426024766022,0.05164510867281429
bfo-b4468b73aaba908259595c434d8a9488f707d56ab07b766e04c057f61e6a0ac2,97,1000000.0,86.1004026665527,35.511148881205024,46.39421242511632,7.301722295540526e-05,0.001392252261683847,0.052445397263779794
bfo-b4468b73aaba908259595c434d8a9488f707d56ab07b766e04c057f61e6a0ac2,98,1000000.0,65.83669511588509,26.348664761904097,33.25353204686094,0.00024232089177268494,0.004703533325298105,0.051518906110296754
bfo-b4468b73aaba908259595c434d8a9488f707d56ab07b766e04c057f61e6a0ac2,99,1000000.0,90.2556688540114,29.634027609089475,38.727123833250914,0.00011124024823710723,0.002362594907326642,0.04708392788460694
bfo-b4468b73aaba908259595c434d8a9488f707d56ab07b766e04c057f61e6a0ac2,100,1000000.0,65.83669190816224,26.348680130747333,33.2535415110173,0.0002422765340633324,0.004703875002807103,0.0515057338723394
bfo-b4468b73aaba908259595c434d8a9488f707d56ab07b766e04c057f61e6a0ac2,101,1000000.0,88.24174217118123,33.90743701291028,47.00323064885897,8.295679058755031e-05,0.0016468942418423616,0.05037165622411036
bfo-b4468b73aaba908259595c434d8a9488f707d56ab07b766e04c057f61e6a0ac2,102,1000000.0,65.83674422430511,26.348610835175673,33.2535249114073,0.00024229784594900108,0.004703964875106222,0.05150928044366609
bfo-b4468b73aaba908259595c434d8a9488f707d56ab07b766e04c057f61e6a0ac2,103,1000000.0,86.0306896774911,35.1589411311692,46.03136151350995,6.270663113773332e-05,0.0012306333664421972,0.05095476268372303
bfo-b4468b73aaba908259595c434d8a9488f707d56ab07b766e04c057f61e6a0ac2,104,1000000.0,105.39925809472737,46.08783856253468,60.58440016928438,2.1796362618990176e-05,0.00045055327402037895,0.04837688210429985
bfo-b4468b73aaba908259595c434d8a9488f707d56ab07b766e04c057f61e6a0ac2,105,1000000.0,65.8366251102585,26.34865832960932,33.253493542312874,0.00024229189377901865,0.004703686952878945,0.05151105849651009
bfo-b4468b73aaba908259595c434d8a9488f707d56ab07b766e04c057f61e6a0ac2,106,1000000.0,68.48182688175658,28.02222868218375,36.065396028795156,0.00018803938354149447,0.0035206915842196027,0.053409785845577075
bfo-b4468b73aaba908259595c434d8a9488f707d56ab07b766e04c057f61e6a0ac2,107,1000000.0,65.83668263784962,26.348626114209903,33.253493897053914,0.00024228240722871247,0.0047038991631788325,0.05150671790017311
bfo-b4468b73aaba908259595c434d8a9488f707d56ab07b766e04c057f61e6a0ac2,108,33.47625338754981,76.39160984691868,26.627064362334096,33.47625338754981,0.00020797060733914016,0.004144535958808212,0.050179467473831126
bfo-b4468b73aaba908259595c434d8a9488f707d56ab07b766e04c057f61e6a0ac2,109,1000000.0058460878,68.19169836803492,27.89080555985817,35.87399870328332,0.0001832263062602026,0.0036119398819226883,0.05072795014591122
bfo-b4468b73aaba908259595c434d8a9488f707d56ab07b766e04c057f61e6a0ac2,110,1000000.0,66.09658711065764,26.90373805660588,34.25510140095462,0.0002203508096019552,0.00427747339681453,0.051514244312086725
bfo-b4468b73aaba908259595c434d8a9488f707d56ab07b766e04c057f61e6a0ac2,111,1000000.0026541082,68.4511293268063,27.97151333143541,36.002924422469455,0.00018078614722535596,0.0035305154857404306,0.0512067282966303
bfo-b4468b73aaba908259595c434d8a9488f707d56ab07b766e04c057f61e6a0ac2,112,71.413380958666,115.84772424961798,53.15744435186951,71.413380958666,4.719375618934934e-05,0.000799715852211035,0.05901315580886534
bfo-b4468b73aaba908259595c434d8a9488f707d56ab07b766e04c057f61e6a0ac2,113,1000000.0014304158,66.30877381820562,27.041189523912145,34.46857196911659,0.00021911604108593597,0.004149382390829163,0.05280690484690432
bfo-b4468b73aaba908259595c434d8a9488f707d56ab07b766e04c057f61e6a0ac2,114,45.13421890371015,84.6940076951316,34.46221157300087,45.13421890371015,6.205088471221994e-05,0.0013560200331832124,0.045759563423674154
bfo-b4468b73aaba908259595c434d8a9488f707d56ab07b766e04c057f61e6a0ac2,115,60.45406835058341,105.25217566941448,46.04096922804864,60.45406835058341,2.0963178656628444e-05,0.00044872853029078374,0.04671683933946421
bfo-b4468b73aaba908259595c434d8a9488f707d56ab07b766e04c057f61e6a0ac2,116,38.00372575137184,85.9147232365943,29.526185178130213,38.00372575137184,0.0001124381449830057,0.0022097990428051758,0.05088161538900561
bfo-b4468b73aaba908259595c434d8a9488f707d56ab07b766e04c057f61e6a0ac2,117,33.020834530269816,66.3363608986601,26.209678874723316,33.020834530269816,0.0002483684268714592,0.00482524820825782,0.051472673767622386
bfo-b4468b73aaba908259595c434d8a9488f707d56ab07b766e04c057f61e6a0ac2,118,33.449458891426794,76.55880142612841,26.60060748604407,33.449458891426794,0.00020899781988370224,0.004194212204074236,0.049830053825288774
bfo-b4468b73aaba908259595c434d8a9488f707d56ab07b766e04c057f61e6a0ac2,119,32.67633968728807,67.73877442914171,26.02001522327604,32.67633968728807,0.0002528000140991315,0.004952531557066022,0.05104460439801725
bfo-b4468b73aaba908259595c434d8a9488f707d56ab07b766e04c057f61e6a0ac2,120,65.85503996140832,111.1657183477641,49.53971989556924,65.85503996140832,3.109888514218709e-05,0.0005878671272858453,0.05290121474519109
bfo-b4468b73aaba908259595c434d8a9488f707d56ab07b766e04c057f61e6a0ac2,121,32.61225617399622,68.66783203063014,25.992824565487727,32.61225617399622,0.00026136654258062693,0.00493220750331242,0.052991797771098616
bfo-b4468b73aaba908259595c434d8a9488f707d56ab07b766e04c057f61e6a0ac2,122,33.62620737968884,65.7548966668162,26.551003167765106,33.62620737968884,0.00023445495919227673,0.004572850188503061,0.05127107810829604
bfo-b4468b73aaba908259595c434d8a9488f707d56ab07b766e04c057f61e6a0ac2,123,33.09539103187521,74.53861389472087,26.366834057935645,33.09539103187521,0.00022871958128476146,0.004449908204428884,0.051398718979668495
bfo-b4468b73aaba908259595c434d8a9488f707d56ab07b766e04c057f61e6a0ac2,124,42.367942314361684,80.08303215691453,32.34416350750587,42.367942314361684,9.394716965425734e-05,0.0017674188267977177,0.0531550123999045
bfo-b4468b73aaba908259595c434d8a9488f707d56ab07b766e04c057f61e6a0ac2,125,33.456321841885405,76.5374341543927,26.606476098394904,33.456321841885405,0.0002165138740634394,0.004177267262128021,0.05183146312576155
bfo-b4468b73aaba908259595c434d8a9488f707d56ab07b766e04c057f61e6a0ac2,126,41.584189372846545,87.02547872212497,31.77512089807781,41.584189372846545,7.483184320224865e-05,0.001486709747998128,0.05033386194111568
bfo-b4468b73aaba908259595c434d8a9488f707d56ab07b766e04c057f61e6a0ac2,127,32.67160830685862,70.97760617188288,26.06218906995695,32.67160830685862,0.0002515385077131541,0.004817711638110883,0.0522112003805581
bfo-b4468b73aaba908259595c434d8a9488f707d56ab07b766e04c057f61e6a0ac2,128,1000000.0,111.85736602468023,50.24319528719809,66.70460440630735,2.9513800991699394e-05,0.0005989017610931942,0.04927987010394981
bfo-b4468b73aaba908259595c434d8a9488f707d56ab07b766e04c057f61e6a0ac2,129,1000000.0051326766,70.0944850544447,26.023624401306233,32.62272240356992,0.00025402258188946664,0.0048653209630527845,0.052210857992414574
bfo-b4468b73aaba908259595c434d8a9488f707d56ab07b766e04c057f61e6a0ac2,130,1000000.0,85.9272625199032,34.92549608683943,45.92628304951448,5.380519195476216e-05,0.0011498484330319833,0.04679329067126324
bfo-b4468b73aaba908259595c434d8a9488f707d56ab07b766e04c057f61e6a0ac2,131,33.59618486421529,77.11481685105802,26.69332205721247,33.59618486421529,0.00021233430250523495,0.004088464939911891,0.051934969634302615
bfo-b4468b73aaba908259595c434d8a9488f707d56ab07b766e04c057f61e6a0ac2,132,41.380726752639916,78.31328651145077,31.60612572934446,41.380726752639916,0.00010211161913238644,0.001978276552311329,0.05161645322696861
bfo-b4468b73aaba908259595c434d8a9488f707d56ab07b766e04c057f61e6a0ac2,133,1000000.00097122,79.83692825944902,27.20011593594393,34.36489822081818,0.00017546096914484218,0.0037036089083302207,0.0473756742376854
bfo-b4468b73aaba908259595c434d8a9488f707d56ab07b766e04c057f61e6a0ac2,134,47.460957954886204,93.88938082310263,32.68996312397759,47.460957954886204,0.00010111804135261616,0.0021440716111089967,0.04716169032260727
bfo-b4468b73aaba908259595c434d8a9488f707d56ab07b766e04c057f61e6a0ac2,135,32.69969091425329,71.1929207412152,26.08442390028645,32.69969091425329,0.0002493774485130296,0.004779773135733837,0.05217349054679408
bfo-b4468b73aaba908259595c434d8a9488f707d56ab07b766e04c057f61e6a0ac2,136,32.65366261986272,67.96956870025602,25.989680388361442,32.65366261986272,0.00025722468195963445,0.0050664708765210086,0.050769991228344497
bfo-b4468b73aaba908259595c434d8a9488f707d56ab07b766e04c057f61e6a0ac2,137,33.170310528349674,75.051386471192,26.41904145548314,33.170310528349674,0.00022788479480423168,0.004386579030564871,0.05195045916564425
bfo-b4468b73aaba908259595c434d8a9488f707d56ab07b766e04c057f61e6a0ac2,138,1000000.0,68.39458322409442,27.85758033109723,35.871855728473115,0.00018556022214297871,0.003671758293369712,0.050537156129817865
bfo-b4468b73aaba908259595c434d8a9488f707d56ab07b766e04c057f61e6a0ac2,139,32.7998621904814,72.33469622067129,26.159344516347222,32.7998621904814,0.0002455016450433308,0.004683394820184773,0.05241959187067749
bfo-b4468b73aaba908259595c434d8a9488f707d56ab07b766e04c057f61e6a0ac2,140,32.63607717744394,68.06950931834388,25.978781096784072,32.63607717744394,0.00027055023797517693,0.005099053354698099,0.05305891489170257
bfo-b4468b73aaba908259595c434d8a9488f707d56ab07b766e04c057f61e6a0ac2,141,34.34298584244776,79.80152315706316,27.17093193406237,34.34298584244776,0.0001891885555871116,0.003657992958901962,0.05171922355036498
bfo-b4468b73aaba908259595c434d8a9488f707d56ab07b766e04c057f61e6a0ac2,142,33.34183548968358,76.02507952413814,26.54158142901717,33.34183548968358,0.00021625311615267097,0.004198598209110588,0.0515060278174322
bfo-b4468b73aaba908259595c434d8a9488f707d56ab07b766e04c057f61e6a0ac2,143,32.76136614052169,67.08635888426255,26.05929281972145,32.76136614052169,0.00025745792479438446,0.0049461536682021325,0.05205214840968888
bfo-b4468b73aaba908259595c434d8a9488f707d56ab07b766e04c057f61e6a0ac2,144,32.775267070352186,72.15106573882548,26.14195812556292,32.775267070352186,0.0002455928915413303,0.0046860063710989,0.05240985011374133
bfo-b4468b73aaba908259595c434d8a9488f707d56ab07b766e04c057f61e6a0ac2,145,32.75391331878862,67.21186349198125,26.057616947662485,32.75391331878862,0.00025800166436307285,0.0049248617191865,0.052387595647191115
bfo-b4468b73aaba908259595c434d8a9488f707d56ab07b766e04c057f61e6a0ac2,146,36.414362344850154,69.21995507203022,28.229026734074395,36.414362344850154,0.00018350178884350024,0.0033958231092034484,0.054037499287335936
bfo-b4468b73aaba908259595c434d8a9488f707d56ab07b766e04c057f61e6a0ac2,147,32.596539083332175,69.00732261670228,25.987043550550062,32.596539083332175,0.0002550342188359795,0.004897564612855257,0.052073681308166704
bfo-b4468b73aaba908259595c434d8a9488f707d56ab07b766e04c057f61e6a0ac2,148,33.53635453305653,76.94245556908021,26.65271495090418,33.53635453305653,0.000207559778234515,0.00411979525548148,0.050381090652102695
bfo-b4468b73aaba908259595c434d8a9488f707d56ab07b766e04c057f61e6a0ac2,149,32.600759715632755,69.82900436519901,26.000230953424424,32.600759715632755,0.00024754563482563813,0.004855312658306136,0.05098448900137338
bfo-b4468b73aaba908259595c434d8a9488f707d56ab07b766e04c057f61e6a0ac2,150,33.259072847880255,65.98548125987429,26.33203243191451,33.259072847880255,0.00023746332133344516,0.004719310616524234,0.05031737485173981
bfo-b4468b73aaba908259595c434d8a9488f707d56ab07b766e04c057f61e6a0ac2,151,33.94063770272324,78.58729847922012,26.9098438078523,33.94063770272324,0.00020185709920632922,0.003843155682587051,0.05252378927060469
bfo-b4468b73aaba908259595c434d8a9488f707d56ab07b766e04c057f61e6a0ac2,152,50.4232353964193,101.45388366662156,32.101036298782546,50.4232353964193,0.0001280058623446994,0.0024948497919001023,0.05130804377894385
bfo-b4468b73aaba908259595c434d8a9488f707d56ab07b766e04c057f61e6a0ac2,153,32.60172311192777,68.90972239074792,25.99732690037665,32.60172311192777,0.0002544619702925131,0.0048781256834778165,0.05216388154048066
bfo-b4468b73aaba908259595c434d8a9488f707d56ab07b766e04c057f61e6a0ac2,154,1000000.0,98.26667981989107,41.499084106728574,54.4674582276684,3.079297370938359e-05,0.0005341386055087215,0.057649781146329813
bfo-b4468b73aaba908259595c434d8a9488f707d56ab07b766e04c057f61e6a0ac2,155,1000000.0174533414,78.00150984847141,26.80667165640477,33.78046667508797,0.00021152997116139426,0.003955831895615688,0.05347294241593944
bfo-b4468b73aaba908259595c434d8a9488f707d56ab07b766e04c057f61e6a0ac2,156,46.24477116111442,86.06118571955433,35.46574758043814,46.24477116111442,6.0546410543011444e-05,0.0013139435574391477,0.04607991736038899
bfo-b4468b73aaba908259595c434d8a9488f707d56ab07b766e04c057f61e6a0ac2,157,36.01765170919465,83.70586533370499,28.22744911462901,36.01765170919465,0.00015082586529533175,0.0029055261466759113,0.051910001039875406
bfo-b4468b73aaba908259595c434d8a9488f707d56ab07b766e04c057f61e6a0ac2,158,45.97330478269886,85.992569468949,35.23904277714764,45.97330478269886,5.528286111454456e-05,0.00124675649490165,0.044341345997083045
bfo-b4468b73aaba908259595c434d8a9488f707d56ab07b766e04c057f61e6a0ac2,159,35.79806635475575,68.27321046670741,27.83536945876098,35.79806635475575,0.00018895404954138425,0.003594818556558233,0.05256288921638745
bfo-b4468b73aaba908259595c434d8a9488f707d56ab07b766e04c057f61e6a0ac2,160,1000000.0,77.47140090717795,26.690414908210922,33.59780017335606,0.0002083067102671108,0.004111864243890644,0.0506599191781709
bfo-b4468b73aaba908259595c434d8a9488f707d56ab07b766e04c057f61e6a0ac2,161,1000000.0078995634,72.66809677415061,29.475655984745394,38.33233165521625,0.00014287338562598678,0.0027440037820133526,0.05206748859549915
bfo-b4468b73aaba908259595c434d8a9488f707d56ab07b766e04c057f61e6a0ac2,162,1000000.0,70.62656620908183,28.753479424664086,37.231031015510894,0.00016087079365314212,0.0031037113523378567,0.05183175089138586
bfo-b4468b73aaba908259595c434d8a9488f707d56ab07b766e04c057f61e6a0ac2,163,32.611379684121026,68.49708700840708,25.98839975600467,32.611379684121026,0.00025613833449085997,0.004912077254666292,0.052144606285973616
bfo-b4468b73aaba908259595c434d8a9488f707d56ab07b766e04c057f61e6a0ac2,164,1000000.0,85.4197645920764,29.014494542608126,37.248100988025605,0.0001281348409109551,0.002455165639101523,0.05218989662866352
bfo-b4468b73aaba908259595c434d8a9488f707d56ab07b766e04c057f61e6a0ac2,165,32.63946546235813,68.07287248333567,25.996990004599752,32.63946546235813,0.00025623285711602297,0.004915247721161873,0.052130202108196966
bfo-b4468b73aaba908259595c434d8a9488f707d56ab07b766e04c057f61e6a0ac2,166,1000000.0,120.10691698837633,51.586498485239076,75.82598751324505,7.975760553168426e-05,0.0016247525071612526,0.04908907983224827
bfo-b4468b73aaba908259595c434d8a9488f707d56ab07b766e04c057f61e6a0ac2,167,1000000.0170308664,74.16053486344737,26.29958378135234,32.99790182173423,0.00023578304140140345,0.004483069753388747,0.05259410501546966
bfo-b4468b73aaba908259595c434d8a9488f707d56ab07b766e04c057f61e6a0ac2,168,1000000.0,66.14391200702515,26.844686709474825,34.15030148853328,0.0002199164269538188,0.004301646304048554,0.05112378178253322
bfo-b4468b73aaba908259595c434d8a9488f707d56ab07b766e04c057f61e6a0ac2,169,39.74298421219225,75.29321864079259,30.441901084920147,39.74298421219225,0.00012460399483060742,0.002335742486921345,0.0533466319717647
bfo-b4468b73aaba908259595c434d8a9488f707d56ab07b766e04c057f61e6a0ac2,170,1000000.0,114.90127895393641,51.83049488774772,69.93544781866093,4.08774174363771e-05,0.0007881205821658329,0.0518669583835026
bfo-b4468b73aaba908259595c434d8a9488f707d56ab07b766e04c057f61e6a0ac2,171,1000000.0000491415,68.42578957278533,25.989052827023105,32.61462707193521,0.0002570940554330506,0.004914855078502534,0.05230959027816999
bfo-b4468b73aaba908259595c434d8a9488f707d56ab07b766e04c057f61e6a0ac2,172,60.5429802777339,105.54122036300859,45.980441404808396,60.5429802777339,2.243095263030697e-05,0.0004580391593452082,0.04897169198889726
bfo-b4468b73aaba908259595c434d8a9488f707d56ab07b766e04c057f61e6a0ac2,173,1000000.0015812798,67.73557289371013,26.008791242792945,32.67039546043309,0.0002574185360522933,0.004925673048541987,0.052260581146060824
bfo-b4468b73aaba908259595c434d8a9488f707d56ab07b766e04c057f61e6a0ac2,174,38.95313334309545,86.65263272110924,30.107444770182212,38.95313334309545,0.0001048546169468448,0.0020519154204588458,0.051100847482006544
bfo-b4468b73aaba908259595c434d8a9488f707d56ab07b766e04c057f61e6a0ac2,175,1000000.0,67.93907384742853,26.000451484654075,32.65215324252198,0.00025849292503603294,0.00491809649582866,0.05255954722630528
bfo-b4468b73aaba908259595c434d8a9488f707d56ab07b766e04c057f61e6a0ac2,176,32.59514605081759,69.10501628293261,25.9877478936034,32.59514605081759,0.0002555708039953956,0.004895829017485755,0.05220174215288335
bfo-b4468b73aaba908259595c434d8a9488f707d56ab07b766e04c057f61e6a0ac2,177,33.21202419166394,75.43605828924886,26.449149106627726,33.21202419166394,0.00022576468535331456,0.004323071363312746,0.05222321502005286
bfo-b4468b73aaba908259595c434d8a9488f707d56ab07b766e04c057f61e6a0ac2,178,32.60105331052706,68.78183215684922,25.98714274470946,32.60105331052706,0.0002565086006002664,0.00490459503398132,0.05229964937432251
bfo-b4468b73aaba908259595c434d8a9488f707d56ab07b766e04c057f61e6a0ac2,179,32.605866805863826,68.62219068925434,25.987600314165597,32.605866805863826,0.0002564599204792879,0.004908367123513659,0.052249539210445374
bfo-b4468b73aaba908259595c434d8a9488f707d56ab07b766e04c057f61e6a0ac2,180,32.683345174967236,67.66874516969887,26.017828664734044,32.683345174967236,0.00025571166544556805,0.0049082851394401505,0.05209796460087791
bfo-b4468b73aaba908259595c434d8a9488f707d56ab07b766e04c057f61e6a0ac2,181,32.59560527821261,69.15597851616918,25.989522075513232,32.59560527821261,0.0002551295427678738,0.004890096365830432,0.05217270247486175
bfo-b4468b73aaba908259595c434d8a9488f707d56ab07b766e04c057f61e6a0ac2,182,32.60422724788283,68.67380083309965,25.987395590255318,32.60422724788283,0.0002557776487975505,0.004906293874105624,0.05213255776371052
bfo-b4468b73aaba908259595c434d8a9488f707d56ab07b766e04c057f61e6a0ac2,183,32.61543129841042,68.4377041900873,25.989560128082292,32.61543129841042,0.0002553107919763111,0.004907581638278815,0.052023748313202514
bfo-b4468b73aaba908259595c434d8a9488f707d56ab07b766e04c057f61e6a0ac2,184,32.60516614035265,68.63483104015461,25.986446943940287,32.60516614035265,0.0002559403116160995,0.004911407243226407,0.05211140085544339
bfo-b4468b73aaba908259595c434d8a9488f707d56ab07b766e04c057f61e6a0ac2,185,32.61008894183397,70.16137919873447,26.01008187769319,32.61008894183397,0.00025325330025001495,0.0048432446149309265,0.052290008121678735
bfo-b4468b73aaba908259595c434d8a9488f707d56ab07b766e04c057f61e6a0ac2,186,32.59885877203077,68.87078672003108,25.986410371456316,32.59885877203077,0.00025553583758353425,0.004904328960610488,0.05210413894253237
bfo-b4468b73aaba908259595c434d8a9488f707d56ab07b766e04c057f61e6a0ac2,187,32.64230394301178,68.04883496687924,25.99832167411464,32.64230394301178,0.00025609981201683916,0.004917579371368463,0.05207842978761556
bfo-b4468b73aaba908259595c434d8a9488f707d56ab07b766e04c057f61e6a0ac2,188,32.60005531204232,68.85590980542182,25.987296631279023,32.60005531204232,0.00025579793330999764,0.004902299897044869,0.05217916869267707
bfo-b4468b73aaba908259595c434d8a9488f707d56ab07b766e04c057f61e6a0ac2,189,32.61435462685758,68.44138338386566,25.9897566170614,32.61435462685758,0.0002566425358190461,0.004910776661158548,0.05226108893302818
bfo-b4468b73aaba908259595c434d8a9488f707d56ab07b766e04c057f61e6a0ac2,190,32.6205663940157,70.42585867670358,26.019869973205882,32.6205663940157,0.00025285964714165854,0.004827289177248325,0.052381292658708056
bfo-b4468b73aaba908259595c434d8a9488f707d56ab07b766e04c057f61e6a0ac2,191,1000000.0,71.04032997705754,26.050957889350308,32.65721262930697,0.00025087562528352864,0.004781765634818377,0.05246506090904589
bfo-b4468b73aaba908259595c434d8a9488f707d56ab07b766e04c057f61e6a0ac2,192,32.5963073250284,69.59490022243153,25.995032192173397,32.5963073250284,0.00025471342200214205,0.004875134106660401,0.05224746979865702
bfo-b4468b73aaba908259595c434d8a9488f707d56ab07b766e04c057f61e6a0ac2,193,32.67563448063227,67.72311374733553,26.013272954296028,32.67563448063227,0.00025674565706180585,0.0049136824335554476,0.05225117018317962
bfo-b4468b73aaba908259595c434d8a9488f707d56ab07b766e04c057f61e6a0ac2,194,32.790534578636134,67.03378548824682,26.074826623900677,32.790534578636134,0.00025443814595636793,0.004879014910507724,0.05214949136728307
bfo-b4468b73aaba908259595c434d8a9488f707d56ab07b766e04c057f61e6a0ac2,195,33.192084835210444,66.15061599477706,26.305581343311445,33.192084835210444,0.0002451916544969574,0.004713602004791327,0.05201789507211739
bfo-b4468b73aaba908259595c434d8a9488f707d56ab07b766e04c057f61e6a0ac2,196,32.67617022799852,67.70929271400902,26.014237705107377,32.67617022799852,0.0002563562213348993,0.004910114135737266,0.05220982939460872
bfo-b4468b73aaba908259595c434d8a9488f707d56ab07b766e04c057f61e6a0ac2,197,33.8833301679299,66.07699968156331,26.683555200052073,33.8833301679299,0.000229216624099125,0.004401640468749719,0.052075271873405354
bfo-b4468b73aaba908259595c434d8a9488f707d56ab07b766e04c057f61e6a0ac2,198,32.5987533808761,68.94517254045218,25.98823667076872,32.5987533808761,0.0002558309585807816,0.004898109347281971,0.05223055273822047
bfo-b4468b73aaba908259595c434d8a9488f707d56ab07b766e04c057f61e6a0ac2,199,32.82439917734967,72.83737988009572,26.176343625926307,32.82439917734967,0.00024308039747163935,0.004628386416270527,0.05251946912148906
bfo-b4468b73aaba908259595c434d8a9488f707d56ab07b766e04c057f61e6a0ac2,200,32.60255710021287,69.93861747146858,26.002903936912094,32.60255710021287,0.0002540313134612797,0.004859309340852465,0.05227724675307771
bfo-b4468b73aaba908259595c434d8a9488f707d56ab07b766e04c057f61e6a0ac2,201,33.786163502172,78.02737217929041,26.81151021710815,33.786163502172,0.00020742494752328138,0.003951645253186507,0.05249078149310573
bfo-b4468b73aaba908259595c434d8a9488f707d56ab07b766e04c057f61e6a0ac2,202,32.611509170577065,68.4952539706568,25.989084327545175,32.611509170577065,0.0002567529607514893,0.004910257212848042,0.052289106175472166
bfo-b4468b73aaba908259595c434d8a9488f707d56ab07b766e04c057f61e6a0ac2,203,32.807694935588046,66.955097323021,26.08423231516309,32.807694935588046,0.0002543536629161689,0.00487166984801699,0.05221077594568593
bfo-b4468b73aaba908259595c434d8a9488f707d56ab07b766e04c057f61e6a0ac2,204,32.600625102208795,68.7740856478332,25.986640405143113,32.600625102208795,0.00025668900421436296,0.004906407635123386,0.052317097009390204
bfo-b4468b73aaba908259595c434d8a9488f707d56ab07b766e04c057f61e6a0ac2,205,32.6195864122931,70.3937364059874,26.01946786979647,32.6195864122931,0.000253550861464593,0.004830938343691558,0.05248480593748218
bfo-b4468b73aaba908259595c434d8a9488f707d56ab07b766e04c057f61e6a0ac2,206,32.59500630602517,69.16063935928261,25.988745718416205,32.59500630602517,0.0002555367980050057,0.004892827841501631,0.052226811627727396
bfo-b4468b73aaba908259595c434d8a9488f707d56ab07b766e04c057f61e6a0ac2,207,32.83156823202749,72.86672483062459,26.182514197271004,32.83156823202749,0.0002425945644871247,0.00461885294579621,0.052522686332310935
bfo-b4468b73aaba908259595c434d8a9488f707d56ab07b766e04c057f61e6a0ac2,208,32.6105028072463,68.51615398100307,25.988987075126342,32.6105028072463,0.0002563833832314411,0.004908422300939428,0.05223335880907631
bfo-b4468b73aaba908259595c434d8a9488f707d56ab07b766e04c057f61e6a0ac2,209,32.81995779296664,66.89662987241422,26.091591941932037,32.81995779296664,0.00025469216182132375,0.004868395931027891,0.0523154167059599
bfo-b4468b73aaba908259595c434d8a9488f707d56ab07b766e04c057f61e6a0ac2,210,32.603674080744376,68.67511333830063,25.987253421673543,32.603674080744376,0.00025653542944363415,0.004907510144871278,0.05227404974633282
bfo-b4468b73aaba908259595c434d8a9488f707d56ab07b766e04c057f61e6a0ac2,211,32.66589848966995,67.78707811067996,26.01013532984144,32.66589848966995,0.00025699877510412404,0.004909083296272537,0.052351683520885255
bfo-b4468b73aaba908259595c434d8a9488f707d56ab07b766e04c057f61e6a0ac2,212,32.59640092859366,69.00182531707118,25.987397430844155,32.59640092859366,0.0002558505909992062,0.004898026949416625,0.05223543962527177
bfo-b4468b73aaba908259595c434d8a9488f707d56ab07b766e04c057f61e6a0ac2,213,32.64329593505463,70.81393934373625,26.038422424911804,32.64329593505463,0.0002496758000136383,0.00479901781650427,0.05202643740037387
bfo-b4468b73aaba908259595c434d8a9488f707d56ab07b766e04c057f61e6a0ac2,214,32.601424180222764,68.74807693158816,25.986251887784633,32.601424180222764,0.00025546301780889145,0.004907939377707682,0.05205097254648831
bfo-b4468b73aaba908259595c434d8a9488f707d56ab07b766e04c057f61e6a0ac2,215,32.64266542418833,70.82077545374291,26.03857136181969,32.64266542418833,0.0002520017721285538,0.004800986592059756,0.05248958048442249
bfo-b4468b73aaba908259595c434d8a9488f707d56ab07b766e04c057f61e6a0ac2,216,32.60412560771413,68.6561636242692,25.987418030181345,32.60412560771413,0.0002567446485954496,0.004907822415818551,0.05231335342695533
bfo-b4468b73aaba908259595c434d8a9488f707d56ab07b766e04c057f61e6a0ac2,217,34.20489703942867,66.2662392777028,26.87008713594486,34.20489703942867,0.00022224814826502797,0.004262816748704191,0.05213645375034873
bfo-b4468b73aaba908259595c434d8a9488f707d56ab07b766e04c057f61e6a0ac2,218,32.59500428443077,69.07479767301922,25.987712980667926,32.59500428443077,0.0002566316939166345,0.004896637257759914,0.05240978255228915
bfo-b4468b73aaba908259595c434d8a9488f707d56ab07b766e04c057f61e6a0ac2,219,32.650367551760965,70.94093256444448,26.045351777294005,32.650367551760965,0.00025139003369579994,0.00478797866360964,0.05250441811832927
bfo-b4468b73aaba908259595c434d8a9488f707d56ab07b766e04c057f61e6a0ac2,220,32.59576342977023,68.93435961088845,25.986599622129393,32.59576342977023,0.0002582544230666477,0.004902371928926442,0.05267948389285147
bfo-b4468b73aaba908259595c434d8a9488f707d56ab07b766e04c057f61e6a0ac2,221,32.64657177947314,67.97610826376884,25.999828918452124,32.64657177947314,0.00025824276131428895,0.00491362131882263,0.05255650457332504
bfo-b4468b73aaba908259595c434d8a9488f707d56ab07b766e04c057f61e6a0ac2,222,32.59408044787792,69.20617541074759,25.98891667223003,32.59408044787792,0.0002563355244731461,0.004891745816159669,0.052401644342670646
bfo-b4468b73aaba908259595c434d8a9488f707d56ab07b766e04c057f61e6a0ac2,223,34.9365356766782,81.51682521090085,27.538266895655408,34.9365356766782,0.00017811335935592976,0.0033475823378068398,0.05320656562927748
bfo-b4468b73aaba908259595c434d8a9488f707d56ab07b766e04c057f61e6a0ac2,224,32.59356350604023,69.21330799815615,25.987845197584516,32.59356350604023,0.0002563828747186384,0.004893870365243745,0.05238857092322447
bfo-b4468b73aaba908259595c434d8a9488f707d56ab07b766e04c057f61e6a0ac2,225,34.709622240369136,66.79639894769085,27.168575045604094,34.709622240369136,0.0002111502541578722,0.004043752496558119,0.05221641392186958
bfo-b4468b73aaba908259595c434d8a9488f707d56ab07b766e04c057f61e6a0ac2,226,32.59335856940958,69.27474428639144,25.988529409277252,32.59335856940958,0.00025620367909463414,0.004891385095254269,0.05237855415293486
bfo-b4468b73aaba908259595c434d8a9488f707d56ab07b766e04c057f61e6a0ac2,227,34.95246393871425,81.57956189953633,27.54695988791785,34.95246393871425,0.00017765323655263498,0.0033413486322823507,0.05316812344460048
bfo-b4468b73aaba908259595c434d8a9488f707d56ab07b766e04c057f61e6a0ac2,228,32.593563502802006,69.19217741766872,25.987510663125292,32.593563502802006,0.0002572840160328165,0.004895170062342705,0.05255874928882182
bfo-b4468b73aaba908259595c434d8a9488f707d56ab07b766e04c057f61e6a0ac2,229,34.64706259944038,66.72787273976434,27.133702530043706,34.64706259944038,0.00021249507583644053,0.004069211616507213,0.052220207711594656
bfo-b4468b73aaba908259595c434d8a9488f707d56ab07b766e04c057f61e6a0ac2,230,32.690837165824306,67.61870881396031,26.021397363188974,32.690837165824306,0.0002566864992153483,0.004908267245019417,0.05229676511111262
bfo-b4468b73aaba908259595c434d8a9488f707d56ab07b766e04c057f61e6a0ac2,231,32.79432784890176,67.05614219454259,26.076010328047843,32.79432784890176,0.0002548139062926554,0.004878224440738129,0.052234969790381204
bfo-b4468b73aaba908259595c434d8a9488f707d56ab07b766e04c057f61e6a0ac2,232,33.25132066976883,75.66778970184319,26.476475639831726,33.25132066976883,0.00022636605663459811,0.004297764891428262,0.052670646802033566
bfo-b4468b73aaba908259595c434d8a9488f707d56ab07b766e04c057f61e6a0ac2,233,32.59334659769011,69.28747048272037,25.98866067895939,32.59334659769011,0.00025609062994377173,0.00489082670225123,0.05236141976281722
bfo-b4468b73aaba908259595c434d8a9488f707d56ab07b766e04c057f61e6a0ac2,234,32.68666960080498,67.64724400901898,26.019137340677787,32.68666960080498,0.00025674031250101886,0.004908408445436027,0.052306224177358966
bfo-b4468b73aaba908259595c434d8a9488f707d56ab07b766e04c057f61e6a0ac2,235,32.593324314262375,69.31873583981832,25.989087918684135,32.593324314262375,0.00025605132986108276,0.004889413861817917,0.052368512279277815
bfo-b4468b73aaba908259595c434d8a9488f707d56ab07b766e04c057f61e6a0ac2,236,32.60008343978252,68.8000050078534,25.986079603947875,32.60008343978252,0.0002568585028562741,0.004906285334278447,0.0523529483826993
bfo-b4468b73aaba908259595c434d8a9488f707d56ab07b766e04c057f61e6a0ac2,237,32.59337205678946,69.30286645354076,25.988885131605855,32.59337205678946,0.00025600577894617125,0.004889918918465572,0.05235378811281075
bfo-b4468b73aaba908259595c434d8a9488f707d56ab07b766e04c057f61e6a0ac2,238,32.5952391136388,69.62553165035155,25.994164020180026,32.5952391136388,0.0002554960955934224,0.0048765148609599025,0.05239317481401668
bfo-b4468b73aaba908259595c434d8a9488f707d56ab07b766e04c057f61e6a0ac2,239,32.59334239955391,69.30069297070332,25.98886792816027,32.59334239955391,0.00025609114843180993,0.004890109463636873,0.0523692057071765
bfo-b4468b73aaba908259595c434d8a9488f707d56ab07b766e04c057f61e6a0ac2,240,32.59539996793642,69.03057501293308,25.98647861289877,32.59539996793642,0.0002565437381187536,0.004899584859985433,0.05236030101528159
bfo-b4468b73aaba908259595c434d8a9488f707d56ab07b766e04c057f61e6a0ac2,241,32.59341216665614,69.38714781580308,25.990033923383614,32.59341216665614,0.0002559201647765354,0.004886579275959758,0.05237204807779792
bfo-b4468b73aaba908259595c434d8a9488f707d56ab07b766e04c057f61e6a0ac2,242,32.617144501000524,70.39508329464951,26.016738561934122,32.617144501000524,0.00025326313921832577,0.004833051035774427,0.05240233081415081
bfo-b4468b73aaba908259595c434d8a9488f707d56ab07b766e04c057f61e6a0ac2,243,32.593601466489666,69.42749277217908,25.99071865978983,32.593601466489666,0.00025582161943778057,0.004884733192326492,0.05237166685780402
bfo-b4468b73aaba908259595c434d8a9488f707d56ab07b766e04c057f61e6a0ac2,244,32.59939730434167,69.85052317674877,25.999525055014942,32.59939730434167,0.00025493442455692836,0.004864791202874778,0.052403980751790244
bfo-b4468b73aaba908259595c434d8a9488f707d56ab07b766e04c057f61e6a0ac2,245,32.59331451179846,69.34080519020056,25.989356926093087,32.59331451179846,0.0002559970906317727,0.004888590081626462,0.05236624187287166
bfo-b4468b73aaba908259595c434d8a9488f707d56ab07b766e04c057f61e6a0ac2,246,32.593653902120025,69.20724909500095,25.987664620018943,32.593653902120025,0.0002561202803165028,0.004893805758137975,0.05233560402159341
bfo-b4468b73aaba908259595c434d8a9488f707d56ab07b766e04c057f61e6a0ac2,247,32.59336529790932,69.34348741636353,25.98945924028736,32.59336529790932,0.000255968475365587,0.00488831109364657,0.05236337672908625
bfo-b4468b73aaba908259595c434d8a9488f707d56ab07b766e04c057f61e6a0ac2,248,32.593431729015194,69.29872107865083,25.988933857970252,32.593431729015194,0.0002561282452932033,0.004890050201797366,0.052377426554652114
bfo-b4468b73aaba908259595c434d8a9488f707d56ab07b766e04c057f61e6a0ac2,249,32.593515856560316,69.21358592870017,25.987799865114606,32.593515856560316,0.0002563035201127187,0.004893584732000138,0.05237541273919266
bfo-b4468b73aaba908259595c434d8a9488f707d56ab07b766e04c057f61e6a0ac2,250,32.593448304863635,69.24123437574868,25.988066007842136,32.593448304863635,0.0002561555201929919,0.004892459797947548,0.052357204917749665
bfo-b4468b73aaba908259595c434d8a9488f707d56ab07b766e04c057f61e6a0ac2,251,32.59331623649247,69.35638815864701,25.989528743139186,32.59331623649247,0.0002559366084099745,0.004888097213066891,0.05235914861222547
bfo-b4468b73aaba908259595c434d8a9488f707d56ab07b766e04c057f61e6a0ac2,252,32.593645133024644,69.20892134221603,25.98776685356091,32.593645133024644,0.00025621004679074596,0.004893628238755173,0.05235584606972922
bfo-b4468b73aaba908259595c434d8a9488f707d56ab07b766e04c057f61e6a0ac2,253,32.5933601470622,69.27157656146798,25.988464811339426,32.5933601470622,0.0002561316013305867,0.004891222267806238,0.052365561674927584
bfo-b4468b73aaba908259595c434d8a9488f707d56ab07b766e04c057f61e6a0ac2,254,32.59403588667242,69.51311733988763,25.992117169345203,32.59403588667242,0.00025574421887862255,0.004881373724412675,0.05239185387498548
bfo-b4468b73aaba908259595c434d8a9488f707d56ab07b766e04c057f61e6a0ac2,255,32.59338603457498,69.35787400268714,25.989622399023816,32.59338603457498,0.0002559194748015373,0.004887871978913633,0.05235805600178943
bfo-b4468b73aaba908259595c434d8a9488f707d56ab07b766e04c057f61e6a0ac2,256,32.59493885927343,69.06650493930195,25.986637648307944,32.59493885927343,0.0002564820031081431,0.0048987296906381735,0.052356839283926766
bfo-b4468b73aaba908259595c434d8a9488f707d56ab07b766e04c057f61e6a0ac2,257,32.59338437952712,69.40336051894761,25.990221909810412,32.59338437952712,0.00025592287653008507,0.004886084070211628,0.05237791099222745
bfo-b4468b73aaba908259595c434d8a9488f707d56ab07b766e04c057f61e6a0ac2,258,32.596239479373985,69.681693981157,25.995575919854215,32.596239479373985,0.00025528763750921484,0.004873037694204883,0.05238778222725594
bfo-b4468b73aaba908259595c434d8a9488f707d56ab07b766e04c057f61e6a0ac2,259,32.59336142128881,69.36997583443767,25.989735706398033,32.59336142128881,0.00025590048912518446,0.004887446428636554,0.052358730241176835
bfo-b4468b73aaba908259595c434d8a9488f707d56ab07b766e04c057f61e6a0ac2,260,32.61482915766371,68.43900372450831,25.988973117952575,32.61482915766371,0.0002571331686159613,0.00491297743382924,0.05233754318621983
bfo-b4468b73aaba908259595c434d8a9488f707d56ab07b766e04c057f61e6a0ac2,261,32.59331854528831,69.32174568370257,25.989077382746956,32.59331854528831,0.00025597969875546867,0.00488939521743534,0.05235406167262933
bfo-b4468b73aaba908259595c434d8a9488f707d56ab07b766e04c057f61e6a0ac2,262,32.593502239629984,69.26255790154019,25.98850401544095,32.593502239629984,0.00025613447674548254,0.004891225923805108,0.05236611040575771
bfo-b4468b73aaba908259595c434d8a9488f707d56ab07b766e04c057f61e6a0ac2,263,32.59351087421879,69.42147237348095,25.99053352293663,32.59351087421879,0.0002558342860141588,0.004885257214935179,0.05236864196874297
bfo-b4468b73aaba908259595c434d8a9488f707d56ab07b766e04c057f61e6a0ac2,264,32.593927821715546,69.4861436051143,25.99160398224025,32.593927821715546,0.0002556422507487069,0.004882411362817024,0.05235983446532206
bfo-b4468b73aaba908259595c434d8a9488f707d56ab07b766e04c057f61e6a0ac2,265,32.59340055126052,69.34058115834071,25.989400790075123,32.59340055126052,0.0002559696506559375,0.0048884968522857255,0.05236162738577876
bfo-b4468b73aaba908259595c434d8a9488f707d56ab07b766e04c057f61e6a0ac2,266,32.615874073102965,70.36521853346214,26.015602856839035,32.615874073102965,0.0002533260360392323,0.004834982846710503,0.05239440222866221
bfo-b4468b73aaba908259595c434d8a9488f707d56ab07b766e04c057f61e6a0ac2,267,32.59335195161697,69.35672141735259,25.98965977172246,32.59335195161697,0.00025602074981147965,0.004887723040179734,0.05238037174096205
bfo-b4468b73aaba908259595c434d8a9488f707d56ab07b766e04c057f61e6a0ac2,268,32.593300613551854,69.2694205429292,25.988297646005236,32.593300613551854,0.0002560973124814239,0.004891909517217802,0.05235119569976742
bfo-b4468b73aaba908259595c434d8a9488f707d56ab07b766e04c057f61e6a0ac2,269,32.59348549339305,69.22935147357155,25.987879583666402,32.59348549339305,0.0002561326282674396,0.0048932214168106915,0.052344377343623655
bfo-b4468b73aaba908259595c434d8a9488f707d56ab07b766e04c057f61e6a0ac2,270,32.59321212098244,69.29188092417397,25.988546919618674,32.59321212098244,0.0002561300111107508,0.004891161122725516,0.052365891182915424
bfo-b4468b73aaba908259595c434d8a9488f707d56ab07b766e04c057f61e6a0ac2,271,32.61760741318696,68.38984541767037,25.989595857705147,32.61760741318696,0.00025717680479849306,0.004914097995637381,0.05233448845074081
bfo-b4468b73aaba908259595c434d8a9488f707d56ab07b766e04c057f61e6a0ac2,272,32.59364117496539,69.2014568984477,25.987632232203723,32.59364117496539,0.0002562995120420876,0.004894334275766849,0.05236657277601464
bfo-b4468b73aaba908259595c434d8a9488f707d56ab07b766e04c057f61e6a0ac2,273,32.61430563487773,70.33100925226742,26.014159821385388,32.61430563487773,0.00025347078029290944,0.004837811287218751,0.05239368905574432
bfo-b4468b73aaba908259595c434d8a9488f707d56ab07b766e04c057f61e6a0ac2,274,32.5932183351288,69.2899100920657,25.988528173379777,32.5932183351288,0.0002561245552004102,0.004891209299065199,0.05236425994883522
bfo-b4468b73aaba908259595c434d8a9488f707d56ab07b766e04c057f61e6a0ac2,275,32.601922300767086,68.73313074185387,25.98610458296787,32.601922300767086,0.0002569623577132968,0.004908539409277858,0.052350065118678756
bfo-b4468b73aaba908259595c434d8a9488f707d56ab07b766e04c057f61e6a0ac2,276,32.59327069972136,69.29699855833458,25.988674105329146,32.59327069972136,0.00025608959491364627,0.004890743068227685,0.052362103537458654
bfo-b4468b73aaba908259595c434d8a9488f707d56ab07b766e04c057f61e6a0ac2,277,32.59326223864654,69.25904475656353,25.98817815922753,32.59326223864654,0.0002562594627069039,0.004892483724821326,0.05237819420978503
bfo-b4468b73aaba908259595c434d8a9488f707d56ab07b766e04c057f61e6a0ac2,278,32.593301345576855,69.29615040844989,25.988684712832082,32.593301345576855,0.0002561123085652262,0.004890739809516431,0.052366782642348154
bfo-b4468b73aaba908259595c434d8a9488f707d56ab07b766e04c057f61e6a0ac2,279,32.5933249603987,69.2537628755938,25.988133396542292,32.5933249603987,0.00025623141857969347,0.004892584831258554,0.05237137983640873
bfo-b4468b73aaba908259595c434d8a9488f707d56ab07b766e04c057f61e6a0ac2,280,32.593131559935216,69.34758181354303,25.989286950235762,32.593131559935216,0.00025617814163581134,0.004888966617970718,0.052399241323137564
bfo-b4468b73aaba908259595c434d8a9488f707d56ab07b766e04c057f61e6a0ac2,281,32.59897049179218,69.84149257345368,25.99907717650635,32.59897049179218,0.00025510522640562585,0.00486601059496575,0.052425949641283394
bfo-b4468b73aaba908259595c434d8a9488f707d56ab07b766e04c057f61e6a0ac2,282,32.59325091489743,69.36511598263552,25.989562234996896,32.59325091489743,0.0002560467118277445,0.004888142350828208,0.05238118971399471
bfo-b4468b73aaba908259595c434d8a9488f707d56ab07b766e04c057f61e6a0ac2,283,32.59353980732058,69.22373616713236,25.98801337219115,32.59353980732058,0.0002564599356176468,0.004893134520067588,0.052412198063605316
bfo-b4468b73aaba908259595c434d8a9488f707d56ab07b766e04c057f61e6a0ac2,284,32.59306381132911,69.3463403759217,25.989144639375937,32.59306381132911,0.0002561873719986487,0.0048892659798525666,0.052397920885125154
bfo-b4468b73aaba908259595c434d8a9488f707d56ab07b766e04c057f61e6a0ac2,285,32.61140817411523,68.50301730610957,25.987963438615477,32.61140817411523,0.00025727280309687786,0.004912820942061809,0.052367632798134466
bfo-b4468b73aaba908259595c434d8a9488f707d56ab07b766e04c057f61e6a0ac2,286,32.59307361909118,69.35364156437207,25.98924536019684,32.59307361909118,0.0002561664304649139,0.004888954967063313,0.05239697076178784
bfo-b4468b73aaba908259595c434d8a9488f707d56ab07b766e04c057f61e6a0ac2,287,32.61650820677866,70.39219085659902,26.01615574189644,32.61650820677866,0.00025345725643682285,0.004834404312848143,0.05242781530771491
bfo-b4468b73aaba908259595c434d8a9488f707d56ab07b766e04c057f61e6a0ac2,288,32.59308393961657,69.3538052276769,25.989257531362643,32.59308393961657,0.00025608022246731296,0.004888900796079445,0.052379917930155444
bfo-b4468b73aaba908259595c434d8a9488f707d56ab07b766e04c057f61e6a0ac2,289,32.61315974500254,68.4697141843777,25.98839972514502,32.61315974500254,0.0002572964103299386,0.004913271066848543,0.052367639975331746
bfo-b4468b73aaba908259595c434d8a9488f707d56ab07b766e04c057f61e6a0ac2,290,32.59918736337703,69.8588795657434,25.99936206951827,32.59918736337703,0.00025500578964971995,0.00486540298986232,0.05241205922326612
bfo-b4468b73aaba908259595c434d8a9488f707d56ab07b766e04c057f61e6a0ac2,291,32.59306616307099,69.34756991371921,25.989159181418486,32.59306616307099,0.00025617607197726214,0.0048892102736227214,0.05239620667561211
bfo-b4468b73aaba908259595c434d8a9488f707d56ab07b766e04c057f61e6a0ac2,292,32.593855218294976,69.14664754094636,25.986941622025366,32.593855218294976,0.00025654174332970415,0.004896774214289291,0.05238994736189571
bfo-b4468b73aaba908259595c434d8a9488f707d56ab07b766e04c057f61e6a0ac2,293,32.59307175401246,69.35611747491122,25.989276764859223,32.59307175401246,0.0002561680176494794,0.004888880050136028,0.05239809834204294
bfo-b4468b73aaba908259595c434d8a9488f707d56ab07b766e04c057f61e6a0ac2,294,32.59318746692041,69.25342967821089,25.987989214410188,32.59318746692041,0.00025636201270986923,0.004892903042814019,0.05239466436727706
bfo-b4468b73aaba908259595c434d8a9488f707d56ab07b766e04c057f61e6a0ac2,295,32.593069363702426,69.34436288352626,25.989125628999478,32.593069363702426,0.00025618758422530383,0.0048893158100018095,0.052397430270557425
bfo-b4468b73aaba908259595c434d8a9488f707d56ab07b766e04c057f61e6a0ac2,296,32.59309602548512,69.37105673859803,25.989492290937253,32.59309602548512,0.000256147872355252,0.004888263213154126,0.05240058916344113
bfo-b4468b73aaba908259595c434d8a9488f707d56ab07b766e04c057f61e6a0ac2,297,32.59308626391795,69.36546186853656,25.98940994360805,32.59308626391795,0.0002561500752548084,0.004888486319481736,0.05239864827564143
bfo-b4468b73aaba908259595c434d8a9488f707d56ab07b766e04c057f61e6a0ac2,298,32.593073259254304,69.3535452421391,25.989243389693257,32.593073259254304,0.00025617959356452125,0.004888979342779385,0.05239940192074593
bfo-b4468b73aaba908259595c434d8a9488f707d56ab07b766e04c057f61e6a0ac2,299,32.59306475852952,69.34009857807672,25.989058821136542,32.59306475852952,0.00025619397139038723,0.00488950996155479,0.052396655984912124
bfo-b4468b73aaba908259595c434d8a9488f707d56ab07b766e04c057f61e6a0ac2,300,32.593405378462286,69.45418237747191,25.990760822347493,32.593405378462286,0.00025597446408994764,0.004884799803651687,0.052402242544022176
bfo-b4468b73aaba908259595c434d8a9488f707d56ab07b766e04c057f61e6a0ac2,301,32.59306741533952,69.3491152099283,25.98918742634579,32.59306741533952,0.00025618419594616653,0.004889139859032555,0.05239862293423108
bfo-b4468b73aaba908259595c434d8a9488f707d56ab07b766e04c057f61e6a0ac2,302,32.59311361232287,69.37741455788847,25.989587459817837,32.59311361232287,0.0002561241662110788,0.004887978890487225,0.052398787300316836
bfo-b4468b73aaba908259595c434d8a9488f707d56ab07b766e04c057f61e6a0ac2,303,32.59306839337698,69.3492623722482,25.989191874568014,32.59306839337698,0.00025618743947201163,0.004889138390127118,0.052399302091620845
bfo-b4468b73aaba908259595c434d8a9488f707d56ab07b766e04c057f61e6a0ac2,304,32.59306847339065,69.33358315517961,25.9889774697917,32.59306847339065,0.0002562076698127854,0.004889760500764258,0.05239677276069876
bfo-b4468b73aaba908259595c434d8a9488f707d56ab07b766e04c057f61e6a0ac2,305,32.59305424768779,69.34207168346882,25.989084749432703,32.59305424768779,0.00025620216507317195,0.004889446182534498,0.05239901524805551
bfo-b4468b73aaba908259595c434d8a9488f707d56ab07b766e04c057f61e6a0ac2,306,32.593040942905795,69.31867247775436,25.98876710987405,32.593040942905795,0.0002562565386921383,0.0048903947388150605,0.05239997022290047
bfo-b4468b73aaba908259595c434d8a9488f707d56ab07b766e04c057f61e6a0ac2,307,32.59304519037542,69.33796146204178,25.98903281819681,32.59304519037542,0.0002562239265759016,0.004889590137456708,0.052401923141389306
bfo-b4468b73aaba908259595c434d8a9488f707d56ab07b766e04c057f61e6a0ac2,308,32.593033330444854,69.32562733058181,25.988851360170713,32.593033330444854,0.0002562437088660041,0.004890138500243408,0.052400092319113155
bfo-b4468b73aaba908259595c434d8a9488f707d56ab07b766e04c057f61e6a0ac2,309,32.593034140113346,69.33983641819388,25.98904286283961,32.593034140113346,0.000256218622911086,0.004889561243142661,0.052401148113323755
bfo-b4468b73aaba908259595c434d8a9488f707d56ab07b766e04c057f61e6a0ac2,310,32.593034746173274,69.32946856029744,25.988905329010272,32.593034746173274,0.00025623732293882844,0.004889984951899406,0.05240043179259657
bfo-b4468b73aaba908259595c434d8a9488f707d56ab07b766e04c057f61e6a0ac2,311,32.59315489997327,69.25680336767766,25.988005454839296,32.59315489997327,0.00025637374071200086,0.004892817281306707,0.05239797972662737
bfo-b4468b73aaba908259595c434d8a9488f707d56ab07b766e04c057f61e6a0ac2,312,32.5930298253103,69.32669924751502,25.988861313466373,32.5930298253103,0.00025623910124253964,0.0048900997993669764,0.05239956478510108
bfo-b4468b73aaba908259595c434d8a9488f707d56ab07b766e04c057f61e6a0ac2,313,32.59305440201809,69.31254001842947,25.988702249947302,32.59305440201809,0.0002562729077313877,0.004890594100613957,0.05240118121829322
bfo-b4468b73aaba908259595c434d8a9488f707d56ab07b766e04c057f61e6a0ac2,314,32.59303224562445,69.32100780933212,25.98878686880209,32.59303224562445,0.00025624712279166765,0.004890332568314778,0.05239871096946094
bfo-b4468b73aaba908259595c434d8a9488f707d56ab07b766e04c057f61e6a0ac2,315,32.59325732764157,69.43186762525671,25.99037625290624,32.59325732764157,0.00025603875129753156,0.00488580910562527,0.052404575324635924
bfo-b4468b73aaba908259595c434d8a9488f707d56ab07b766e04c057f61e6a0ac2,316,32.59302786010662,69.32658833576349,25.98886085027339,32.59302786010662,0.0002562451814055308,0.004890111614113977,0.05240068154394448
bfo-b4468b73aaba908259595c434d8a9488f707d56ab07b766e04c057f61e6a0ac2,317,32.5930360931929,69.32404595667455,25.988837737927682,32.5930360931929,0.0002562492535921315,0.0048901695412988146,0.05240089355349272
bfo-b4468b73aaba908259595c434d8a9488f707d56ab07b766e04c057f61e6a0ac2,318,32.59302750974042,69.32411492096338,25.988826455770102,32.59302750974042,0.0002562494955215218,0.004890223466329454,0.052400365195143066
bfo-b4468b73aaba908259595c434d8a9488f707d56ab07b766e04c057f61e6a0ac2,319,32.59302767289503,69.32953484748693,25.988905422146882,32.59302767289503,0.00025624935879891664,0.004889987791729603,0.05240286268859589
bfo-b4468b73aaba908259595c434d8a9488f707d56ab07b766e04c057f61e6a0ac2,320,32.59302964388438,69.31940935776214,25.98876683295077,32.59302964388438,0.0002562599716934315,0.0048904084298946,0.052400525511721835
bfo-b4468b73aaba908259595c434d8a9488f707d56ab07b766e04c057f61e6a0ac2,321,32.59326986969684,69.22608530810345,25.98766864661473,32.59326986969684,0.0002564331353902833,0.004894007710116444,0.05239737053544241
bfo-b4468b73aaba908259595c434d8a9488f707d56ab07b766e04c057f61e6a0ac2,322,32.5930209551687,69.3240221151096,25.98882243375816,32.5930209551687,0.00025625136593248775,0.004890228817175812,0.052400690338346406
bfo-b4468b73aaba908259595c434d8a9488f707d56ab07b766e04c057f61e6a0ac2,323,32.59303049904655,69.32221818588441,25.98880406743956,32.59303049904655,0.00025625007538900767,0.0048902784330414634,0.05239989479078297
bfo-b4468b73aaba908259595c434d8a9488f707d56ab07b766e04c057f61e6a0ac2,324,32.59301778245188,69.32320056280597,25.988810158617337,32.59301778245188,0.0002562557104857048,0.004890257398173989,0.05240127249362991
bfo-b4468b73aaba908259595c434d8a9488f707d56ab07b766e04c057f61e6a0ac2,325,32.59303702219894,69.33007884855368,25.9889069142762,32.59303702219894,0.00025622230683507527,0.004889962832311409,0.05239759802304325
bfo-b4468b73aaba908259595c434d8a9488f707d56ab07b766e04c057f61e6a0ac2,326,32.59302675435169,69.31791940632436,25.988746510132778,32.59302675435169,0.0002562609977514657,0.004890453809815072,0.05240024908059728
bfo-b4468b73aaba908259595c434d8a9488f707d56ab07b766e04c057f61e6a0ac2,327,32.5932974972347,69.4421075892439,25.990536341646752,32.5932974972347,0.0002560268008074461,0.004885379968472495,0.05240673242607527
bfo-b4468b73aaba908259595c434d8a9488f707d56ab07b766e04c057f61e6a0ac2,328,32.59301398952148,69.3213307244295,25.98878014107891,32.59301398952148,0.00025626143314598455,0.004890342587865729,0.05240152986047213
bfo-b4468b73aaba908259595c434d8a9488f707d56ab07b766e04c057f61e6a0ac2,329,32.59312572565639,69.26020260195936,25.988031115643196,32.59312572565639,0.0002563757797791147,0.004892714589862982,0.05239949624494536
bfo-b4468b73aaba908259595c434d8a9488f707d56ab07b766e04c057f61e6a0ac2,330,32.59301582418713,69.3159022822561,25.98871372751514,32.59301582418713,0.00025627683529939324,0.004890546842981576,0.05240249066772076
bfo-b4468b73aaba908259595c434d8a9488f707d56ab07b766e04c057f61e6a0ac2,331,32.59327570350776,69.22186292702355,25.98761322092836,32.59327570350776,0.00025644732406019245,0.004894176092973028,0.052398466910170034
bfo-b4468b73aaba908259595c434d8a9488f707d56ab07b766e04c057f61e6a0ac2,332,32.5930138337139,69.32669619738843,25.98885376040075,32.5930138337139,0.00025625344042250355,0.004890130802030614,0.05240216484927049
bfo-b4468b73aaba908259595c434d8a9488f707d56ab07b766e04c057f61e6a0ac2,333,32.59302658974268,69.34066881697592,25.989040752080975,32.59302658974268,0.00025621611721108825,0.004889573305593791,0.05240050638324018
bfo-b4468b73aaba908259595c434d8a9488f707d56ab07b766e04c057f61e6a0ac2,334,32.593010851805566,69.32215149647442,25.9887842587108,32.593010851805566,0.0002562580195180963,0.004890343707678492,0.052400819826986196
bfo-b4468b73aaba908259595c434d8a9488f707d56ab07b766e04c057f61e6a0ac2,335,32.59304547729864,69.29484020371083,25.988453043329677,32.59304547729864,0.000256313076920864,0.004891394468925674,0.05240081914251327
bfo-b4468b73aaba908259595c434d8a9488f707d56ab07b766e04c057f61e6a0ac2,336,32.59300978430017,69.32608355305939,25.988835353811925,32.59300978430017,0.00025624955894383794,0.004890184720544688,0.05240079334166663
bfo-b4468b73aaba908259595c434d8a9488f707d56ab07b766e04c057f61e6a0ac2,337,32.59329087231814,69.44250863623301,25.990530742977704,32.59329087231814,0.0002560271210459923,0.00488540331928914,0.05240654748710614
bfo-b4468b73aaba908259595c434d8a9488f707d56ab07b766e04c057f61e6a0ac2,338,32.59301199908786,69.32777761475623,25.988858248340907,32.59301199908786,0.00025624323814956503,0.004890108532352713,0.052400317181975124
bfo-b4468b73aaba908259595c434d8a9488f707d56ab07b766e04c057f61e6a0ac2,339,32.59322734561445,69.2312021955598,25.987702287270533,32.59322734561445,0.0002564265349488293,0.004893864462176481,0.052397555537283313
bfo-b4468b73aaba908259595c434d8a9488f707d56ab07b766e04c057f61e6a0ac2,340,32.59300201284431,69.33232398824825,25.988911847662283,32.59300201284431,0.00025623895764742284,0.004889951855820597,0.05240112074772619
bfo-b4468b73aaba908259595c434d8a9488f707d56ab07b766e04c057f61e6a0ac2,341,32.59302400134802,69.35997673221766,25.989287725237933,32.59302400134802,0.0002561835793873355,0.0048888315818045305,0.05240180094172417
bfo-b4468b73aaba908259595c434d8a9488f707d56ab07b766e04c057f61e6a0ac2,342,32.59299840603305,69.33659233859991,25.988968345578158,32.59299840603305,0.00025624060204632417,0.00488978639178053,0.052403230226385954
bfo-b4468b73aaba908259595c434d8a9488f707d56ab07b766e04c057f61e6a0ac2,343,32.59299154775761,69.3396900381577,25.989001591906806,32.59299154775761,0.00025623189204306327,0.004889681501297122,0.052402573045931676
bfo-b4468b73aaba908259595c434d8a9488f707d56ab07b766e04c057f61e6a0ac2,344,32.593349893738925,69.45706216671744,25.990752457734747,32.593349893738925,0.00025600522812604763,0.0048848224347598865,0.052408297649540164
bfo-b4468b73aaba908259595c434d8a9488f707d56ab07b766e04c057f61e6a0ac2,345,32.59298274156023,69.33809886559382,25.988975467884696,32.59298274156023,0.00025624337336932685,0.004889764145215916,0.05240403540118232
bfo-b4468b73aaba908259595c434d8a9488f707d56ab07b766e04c057f61e6a0ac2,346,32.5931681615023,69.23852832255193,25.98776263158274,32.5931681615023,0.00025642791040027745,0.0048936426015861595,0.052400212127702656
bfo-b4468b73aaba908259595c434d8a9488f707d56ab07b766e04c057f61e6a0ac2,347,32.59297803772772,69.33878214698547,25.988984500625037,32.59297803772772,0.00025625356141013015,0.004889741315450274,0.052406363625093516
bfo-b4468b73aaba908259595c434d8a9488f707d56ab07b766e04c057f61e6a0ac2,348,32.59304366164741,69.27541500196561,25.988176427983802,32.59304366164741,0.00025636931306337383,0.004892233242001033,0.05240333000936665
bfo-b4468b73aaba908259595c434d8a9488f707d56ab07b766e04c057f61e6a0ac2,349,32.59297414170012,69.34276258296028,25.989026963311947,32.59297414170012,0.0002562461770265219,0.004889602755578043,0.05240633847692374
bfo-b4468b73aaba908259595c434d8a9488f707d56ab07b766e04c057f61e6a0ac2,350,32.59300982732927,69.3683399204613,25.9893923804223,32.59300982732927,0.0002561931400042582,0.004888538004577618,0.05240690361092813
bfo-b4468b73aaba908259595c434d8a9488f707d56ab07b766e04c057f61e6a0ac2,351,32.59297286206096,69.34268161529764,25.98902499586965,32.59297286206096,0.00025625571779463926,0.004889611871663173,0.05240819200389321
bfo-b4468b73aaba908259595c434d8a9488f707d56ab07b766e04c057f61e6a0ac2,352,32.59331428008222,69.45550931092296,25.990704415210814,32.59331428008222,0.0002560403179394838,0.004884951986638339,0.052414090996149625
bfo-b4468b73aaba908259595c434d8a9488f707d56ab07b766e04c057f61e6a0ac2,353,32.5929726635719,69.34204542794333,25.989016710493306,32.5929726635719,0.00025625751177429945,0.004889637624205341,0.052408282876779885
bfo-b4468b73aaba908259595c434d8a9488f707d56ab07b766e04c057f61e6a0ac2,354,32.59298166166813,69.34133379371181,25.989011113483958,32.59298166166813,0.0002562527848471062,0.004889644455884238,0.05240724293127888
bfo-b4468b73aaba908259595c434d8a9488f707d56ab07b766e04c057f61e6a0ac2,355,32.59297203297192,69.34151841820166,25.989007592782798,32.59297203297192,0.0002562546943019497,0.004889659863939097,0.05240746829688714
bfo-b4468b73aaba908259595c434d8a9488f707d56ab07b766e04c057f61e6a0ac2,356,32.59315596515505,69.23879407118429,25.987751774264034,32.59315596515505,0.0002564457377313177,0.004893665337578988,0.05240361161643871
bfo-b4468b73aaba908259595c434d8a9488f707d56ab07b766e04c057f61e6a0ac2,357,32.592970927512084,69.34038092351447,25.988993705439256,32.592970927512084,0.0002562548427928626,0.004889699969379415,0.052407068817636605
bfo-b4468b73aaba908259595c434d8a9488f707d56ab07b766e04c057f61e6a0ac2,358,32.59299370241407,69.36516615713165,25.989334794775065,32.59299370241407,0.00025621624820252833,0.004888709801623631,0.05240978879896577
bfo-b4468b73aaba908259595c434d8a9488f707d56ab07b766e04c057f61e6a0ac2,359,32.59297068791969,69.34692624376166,25.989081470731048,32.59297068791969,0.00025624449440943877,0.004889440984210774,0.05240772825296721
bfo-b4468b73aaba908259595c434d8a9488f707d56ab07b766e04c057f61e6a0ac2,360,32.59333922488923,69.46061465015244,25.990787432993983,32.59333922488923,0.0002560267434318473,0.004884731950416122,0.05241367305938595
bfo-b4468b73aaba908259595c434d8a9488f707d56ab07b766e04c057f61e6a0ac2,361,32.59297014099739,69.33521183518589,25.98893174630806,32.59297014099739,0.00025627030583253953,0.004889893637495298,0.05240815543869505
bfo-b4468b73aaba908259595c434d8a9488f707d56ab07b766e04c057f61e6a0ac2,362,32.592972043520355,69.34014688435403,25.988999300376857,32.592972043520355,0.0002562660059878234,0.00488971768773998,0.05240916190935947
bfo-b4468b73aaba908259595c434d8a9488f707d56ab07b766e04c057f61e6a0ac2,363,32.59296471969279,69.33322425211662,25.988900658554236,32.59296471969279,0.00025627880974233284,0.0048899923404094655,0.05240883664060571
bfo-b4468b73aaba908259595c434d8a9488f707d56ab07b766e04c057f61e6a0ac2,364,32.59319102593144,69.23002864635129,25.987662743754143,32.59319102593144,0.00025646915572828145,0.004893991395528028,0.05240490532178596
bfo-b4468b73aaba908259595c434d8a9488f707d56ab07b766e04c057f61e6a0ac2,365,32.59296696218012,69.32715715385945,25.988817155710773,32.59296696218012,0.00025628509647185435,0.004890231370432725,0.05240756051368103
bfo-b4468b73aaba908259595c434d8a9488f707d56ab07b766e04c057f61e6a0ac2,366,32.59297825205498,69.33528857230795,25.988938966108456,32.59297825205498,0.0002562750697171932,0.0048898895280405225,0.052409173713968915
bfo-b4468b73aaba908259595c434d8a9488f707d56ab07b766e04c057f61e6a0ac2,367,32.59296687303252,69.3257727591166,25.988802195691978,32.59296687303252,0.00025629114640789385,0.004890287555865566,0.05240819552635307
bfo-b4468b73aaba908259595c434d8a9488f707d56ab07b766e04c057f61e6a0ac2,368,32.59297453170792,69.34494947284877,25.98907401363298,32.59297453170792,0.00025626129209985605,0.004889492190694781,0.052410614866621186
bfo-b4468b73aaba908259595c434d8a9488f707d56ab07b766e04c057f61e6a0ac2,369,32.592954400912525,69.32759300516824,25.988822250715486,32.592954400912525,0.00025629861126069984,0.004890230485331182,0.052410333629365216
bfo-b4468b73aaba908259595c434d8a9488f707d56ab07b766e04c057f61e6a0ac2,370,32.5932440762192,69.44473000305717,25.99053001978544,32.5932440762192,0.0002560760320016543,0.004885425761871797,0.052416318348381084
bfo-b4468b73aaba908259595c434d8a9488f707d56ab07b766e04c057f61e6a0ac2,371,32.59295614483369,69.31591214058709,25.98866443351603,32.59295614483369,0.00025631853132844696,0.00489071172391738,0.05240924957301307
bfo-b4468b73aaba908259595c434d8a9488f707d56ab07b766e04c057f61e6a0ac2,372,32.593040304262985,69.26899177454686,25.98808942174142,32.593040304262985,0.00025640515877416403,0.004892517963401337,0.05240760702203086
bfo-b4468b73aaba908259595c434d8a9488f707d56ab07b766e04c057f61e6a0ac2,373,32.59295343330457,69.33439752545223,25.98891249983915,32.59295343330457,0.00025628669011820455,0.004889956878698653,0.05241082824975938
bfo-b4468b73aaba908259595c434d8a9488f707d56ab07b766e04c057f61e6a0ac2,374,32.59297143634437,69.3085602632652,25.988591557349604,32.59297143634437,0.00025633944248104135,0.004890957366120439,0.0524108928564169
bfo-b4468b73aaba908259595c434d8a9488f707d56ab07b766e04c057f61e6a0ac2,375,32.59294835689521,69.33929585295584,25.988967604037683,32.59294835689521,0.00025627330693970077,0.004889792661425181,0.05240985143631985
bfo-b4468b73aaba908259595c434d8a9488f707d56ab07b766e04c057f61e6a0ac2,376,32.59295791301766,69.34006388122376,25.98897889653628,32.59295791301766,0.0002562632466055534,0.004889749975001507,0.0524082515293585
bfo-b4468b73aaba908259595c434d8a9488f707d56ab07b766e04c057f61e6a0ac2,377,32.59294404724509,69.33856298070741,25.988952577160493,32.59294404724509,0.00025627511898053125,0.004889843801234352,0.052409673886891696
bfo-b4468b73aaba908259595c434d8a9488f707d56ab07b766e04c057f61e6a0ac2,378,32.59313646861917,69.23705950132907,25.98771776769344,32.59313646861917,0.00025646375832389084,0.004893796873182211,0.052405885444347065
bfo-b4468b73aaba908259595c434d8a9488f707d56ab07b766e04c057f61e6a0ac2,379,32.59294513172483,69.34791339793247,25.989074806036268,32.59294513172483,0.0002562578129698227,0.004889486836437958,0.05240996070591923
bfo-b4468b73aaba908259595c434d8a9488f707d56ab07b766e04c057f61e6a0ac2,380,32.59329060953712,69.45538599604076,25.990690224464277,32.59329060953712,0.00025605291599566213,0.0048850156612216125,0.05241598671387475
bfo-b4468b73aaba908259595c434d8a9488f707d56ab07b766e04c057f61e6a0ac2,381,32.592940888687785,69.3373634035543,25.988933596154208,32.592940888687785,0.0002562788672194149,0.004889895489470517,0.05240988642216667
bfo-b4468b73aaba908259595c434d8a9488f707d56ab07b766e04c057f61e6a0ac2,382,32.59295225737119,69.34813457045313,25.989087760970467,32.59295225737119,0.0002562693441353819,0.004889444698144474,0.05241277076569353
bfo-b4468b73aaba908259595c434d8a9488f707d56ab07b766e04c057f61e6a0ac2,383,32.59293968144504,69.33466028153552,25.988893575677025,32.59293968144504,0.0002562789485158445,0.004890013690050289,0.052408636204290246
bfo-b4468b73aaba908259595c434d8a9488f707d56ab07b766e04c057f61e6a0ac2,384,32.59293382398663,69.33802081271533,25.988933783730257,32.59293382398663,0.0002562759616104772,0.004889887545921574,0.05240937735351909
bfo-b4468b73aaba908259595c434d8a9488f707d56ab07b766e04c057f61e6a0ac2,385,32.593277396404524,69.4551569715274,25.99067380200154,32.593277396404524,0.0002560536504145167,0.004885048366010926,0.05241578613552339
bfo-b4468b73aaba908259595c434d8a9488f707d56ab07b766e04c057f61e6a0ac2,386,32.592932687713436,69.34023061228837,25.98896427355259,32.592932687713436,0.0002562778580884784,0.004889799395500479,0.05241071000260286
bfo-b4468b73aaba908259595c434d8a9488f707d56ab07b766e04c057f61e6a0ac2,387,32.59314331620346,69.2336218298014,25.987672300540606,32.59314331620346,0.0002564737427456808,0.004893942626447575,0.052406364831426404
bfo-b4468b73aaba908259595c434d8a9488f707d56ab07b766e04c057f61e6a0ac2,388,32.59292993402077,69.33893545456021,25.988945285787423,32.59292993402077,0.0002562820337978307,0.004889858904790028,0.05241092612033874
bfo-b4468b73aaba908259595c434d8a9488f707d56ab07b766e04c057f61e6a0ac2,389,32.592977904270896,69.28280553928093,25.988225452039668,32.592977904270896,0.0002563880475005805,0.004892067859104742,0.05240893112784825
bfo-b4468b73aaba908259595c434d8a9488f707d56ab07b766e04c057f61e6a0ac2,390,32.59292125340267,69.33640881730645,25.98890954620583,32.59292125340267,0.00025629605954860095,0.004889968589011935,0.05241261878951824
bfo-b4468b73aaba908259595c434d8a9488f707d56ab07b766e04c057f61e6a0ac2,391,32.59324212144432,69.45106242944777,25.990603358532994,32.59324212144432,0.0002560792035189065,0.0048852408595165125,0.05241895146685775
bfo-b4468b73aaba908259595c434d8a9488f707d56ab07b766e04c057f61e6a0ac2,392,32.59292391655416,69.34131576718357,25.98897630943068,32.59292391655416,0.0002562866441960798,0.0048897693974216715,0.052412828370028516
bfo-b4468b73aaba908259595c434d8a9488f707d56ab07b766e04c057f61e6a0ac2,393,32.592929042349255,69.33691584292137,25.988933648568874,32.592929042349255,0.0002563067363511989,0.004889918990667624,0.052415333840981515
bfo-b4468b73aaba908259595c434d8a9488f707d56ab07b766e04c057f61e6a0ac2,394,32.59291979035227,69.33374566555173,25.9888720310979,32.59291979035227,0.0002563007904735821,0.0048900885780490105,0.05241230018288093
bfo-b4468b73aaba908259595c434d8a9488f707d56ab07b766e04c057f61e6a0ac2,395,32.59318505790956,69.22252572715757,25.98754985628367,32.59318505790956,0.0002565052651161115,0.004894386186831921,0.05240805594912492
bfo-b4468b73aaba908259595c434d8a9488f707d56ab07b766e04c057f61e6a0ac2,396,32.59291535254483,69.3334067566818,25.988866672649944,32.59291535254483,0.0002563030995551936,0.0048900951630993904,0.05241270179959978
bfo-b4468b73aaba908259595c434d8a9488f707d56ab07b766e04c057f61e6a0ac2,397,32.59294174158912,69.36111310788993,25.989250278165223,32.59294174158912,0.000256241523066683,0.00488896163301719,0.052412258941894226
bfo-b4468b73aaba908259595c434d8a9488f707d56ab07b766e04c057f61e6a0ac2,398,32.592909945238496,69.32877403363574,25.988804832336687,32.592909945238496,0.00025631741499643093,0.004890279798821886,0.052413650249251625
bfo-b4468b73aaba908259595c434d8a9488f707d56ab07b766e04c057f61e6a0ac2,399,32.593207586340384,69.4461438223654,25.990522004158574,32.593207586340384,0.0002560949298904264,0.0048854522785388215,0.05241990204579815
bfo-b4468b73aaba908259595c434d8a9488f707d56ab07b766e04c057f61e6a0ac2,400,32.59290303064317,69.3277618555821,25.9887871134974,32.59290303064317,0.00025632591940893235,0.004890332492257094,0.052414824516487456
bfo-b4468b73aaba908259595c434d8a9488f707d56ab07b766e04c057f61e6a0ac2,401,32.59319326097115,69.2176702663313,25.98749413729795,32.59319326097115,0.00025652730957588136,0.004894570422396622,0.052410587127740826
bfo-b4468b73aaba908259595c434d8a9488f707d56ab07b766e04c057f61e6a0ac2,402,32.592906386669405,69.33567501809998,25.98889240773862,32.592906386669405,0.0002563070621476303,0.004890022163019492,0.05241429457844538
bfo-b4468b73aaba908259595c434d8a9488f707d56ab07b766e04c057f61e6a0ac2,403,32.592912850192356,69.32877909265065,25.988805089417568,32.592912850192356,0.00025630897618668543,0.0048902641274782945,0.052412092579312945
bfo-b4468b73aaba908259595c434d8a9488f707d56ab07b766e04c057f61e6a0ac2,404,32.59290576171513,69.3186580752884,25.98867007593089,32.59290576171513,0.0002563465807253527,0.004890694692995124,0.05241516733655741
bfo-b4468b73aaba908259595c434d8a9488f707d56ab07b766e04c057f61e6a0ac2,405,32.593213034389386,69.44848512765353,25.990555176168446,32.593213034389386,0.0002560959432968743,0.0048853631436966815,0.052421065899123785
bfo-b4468b73aaba908259595c434d8a9488f707d56ab07b766e04c057f61e6a0ac2,406,32.592903427606664,69.3203146846579,25.98868248642642,32.592903427606664,0.00025633524475041514,0.004890649206274862,0.052413336949525775
bfo-b4468b73aaba908259595c434d8a9488f707d56ab07b766e04c057f61e6a0ac2,407,32.59291367453178,69.32155287489884,25.98871970683635,32.59291367453178,0.0002563383358691753,0.004890525236356226,0.052415297637880054
bfo-b4468b73aaba908259595c434d8a9488f707d56ab07b766e04c057f61e6a0ac2,408,32.592897967884426,69.32881923673212,25.98879906599854,32.592897967884426,0.00025632971730767123,0.004890304404402075,0.05241590218329405
bfo-b4468b73aaba908259595c434d8a9488f707d56ab07b766e04c057f61e6a0ac2,409,32.59321517858796,69.44965160679146,25.9905725995055,32.59321517858796,0.00025609911721267156,0.004885326441191885,0.05242210941183092
bfo-b4468b73aaba908259595c434d8a9488f707d56ab07b766e04c057f61e6a0ac2,410,32.59289255734452,69.33384872808237,25.988862253296976,32.59289255734452,0.0002563243651224673,0.004890114997313695,0.05241683789916493
bfo-b4468b73aaba908259595c434d8a9488f707d56ab07b766e04c057f61e6a0ac2,411,32.59291115295621,69.3097610354614,25.988551969953946,32.59291115295621,0.00025635881558226686,0.004891072749429085,0.05241361736281484
bfo-b4468b73aaba908259595c434d8a9488f707d56ab07b766e04c057f61e6a0ac2,412,32.59288496236949,69.33193021662643,25.988830827441774,32.59288496236949,0.00025633047867069936,0.004890209144381798,0.05241707892293096
bfo-b4468b73aaba908259595c434d8a9488f707d56ab07b766e04c057f61e6a0ac2,413,32.59314401900785,69.22352982051791,25.987543312679986,32.59314401900785,0.0002565303902025228,0.0048943929736291105,0.05241311672043975
bfo-b4468b73aaba908259595c434d8a9488f707d56ab07b766e04c057f61e6a0ac2,414,32.59288028781592,69.33451723072577,25.988864997276863,32.59288028781592,0.0002563371479548641,0.004890110702049926,0.052419497956847486
bfo-b4468b73aaba908259595c434d8a9488f707d56ab07b766e04c057f61e6a0ac2,415,32.593220688818306,69.45404750454819,25.990633565563666,32.593220688818306,0.0002561077045806499,0.004885176757529729,0.052425473486890785
bfo-b4468b73aaba908259595c434d8a9488f707d56ab07b766e04c057f61e6a0ac2,416,32.59287525867275,69.33304931382237,25.988843379601203,32.59287525867275,0.0002563430002230069,0.0048901803962164165,0.05241994762020276
bfo-b4468b73aaba908259595c434d8a9488f707d56ab07b766e04c057f61e6a0ac2,417,32.59313250818371,69.22401629678205,25.98754675578392,32.59313250818371,0.00025654417199159554,0.004894388382205094,0.052415981723954105
bfo-b4468b73aaba908259595c434d8a9488f707d56ab07b766e04c057f61e6a0ac2,418,32.592871148901814,69.33719418957548,25.988890065629153,32.592871148901814,0.00025634193750055667,0.004890034030312575,0.05242129930211776
bfo-b4468b73aaba908259595c434d8a9488f707d56ab07b766e04c057f61e6a0ac2,419,32.59322340708345,69.4564598353108,25.99066202438432,32.59322340708345,0.000256112690268841,0.004885104322069916,0.052427271432418654
bfo-b4468b73aaba908259595c434d8a9488f707d56ab07b766e04c057f61e6a0ac2,420,32.59287382585564,69.32035483698012,25.988668672081793,32.59287382585564,0.00025636918441476997,0.004890698603179195,0.0524197472009658
bfo-b4468b73aaba908259595c434d8a9488f707d56ab07b766e04c057f61e6a0ac2,421,32.59308871008128,69.23216488758518,25.9876239421131,32.59308871008128,0.00025653833462214933,0.00489410691042934,0.05241780355788024
bfo-b4468b73aaba908259595c434d8a9488f707d56ab07b766e04c057f61e6a0ac2,422,32.592871045390126,69.33632775131304,25.988878773952962,32.592871045390126,0.0002563441726628791,0.004890068846236953,0.05242138315908235
bfo-b4468b73aaba908259595c434d8a9488f707d56ab07b766e04c057f61e6a0ac2,423,32.59293014498256,69.27857302278974,25.98814413556613,32.59293014498256,0.0002564531875219517,0.004892334802158512,0.05241938622205574
bfo-b4468b73aaba908259595c434d8a9488f707d56ab07b766e04c057f61e6a0ac2,424,32.59287055529193,69.33561999238812,25.988867378345073,32.59287055529193,0.00025634158547167455,0.004890098217641154,0.052420539233121274
bfo-b4468b73aaba908259595c434d8a9488f707d56ab07b766e04c057f61e6a0ac2,425,32.59288914295072,69.30496440652657,25.988478857154387,32.59288914295072,0.00025638871067106683,0.00489129004650255,0.052417400774340525
bfo-b4468b73aaba908259595c434d8a9488f707d56ab07b766e04c057f61e6a0ac2,426,32.59287005217875,69.33352565018961,25.98883877069835,32.59287005217875,0.00025634299668710205,0.004890171203248758,0.05242004544069991
bfo-b4468b73aaba908259595c434d8a9488f707d56ab07b766e04c057f61e6a0ac2,427,32.593208757009144,69.45419795911218,25.990621579508286,32.593208757009144,0.00025611262857177104,0.004885196808361366,0.052426266252654515
bfo-b4468b73aaba908259595c434d8a9488f707d56ab07b766e04c057f61e6a0ac2,428,32.59286371145597,69.32818968958256,25.9887628803876,32.59286371145597,0.0002563525476423587,0.004890392155223878,0.052419630063516465
bfo-b4468b73aaba908259595c434d8a9488f707d56ab07b766e04c057f61e6a0ac2,429,32.59309219292447,69.2300835973933,25.987594004910612,32.59309219292447,0.0002565369479745271,0.004894184936298419,0.05241668455801175
bfo-b4468b73aaba908259595c434d8a9488f707d56ab07b766e04c057f61e6a0ac2,430,32.59286305527423,69.32192439409579,25.98867292565397,32.59286305527423,0.0002563612845905496,0.004890654610393692,0.052418603441291234
bfo-b4468b73aaba908259595c434d8a9488f707d56ab07b766e04c057f61e6a0ac2,431,32.593137959929635,69.4426194687031,25.990420789798087,32.593137959929635,0.0002561324351586417,0.004885713314098501,0.05242477785578022
bfo-b4468b73aaba908259595c434d8a9488f707d56ab07b766e04c057f61e6a0ac2,432,32.592863171636026,69.32034146201386,25.988653851263763,32.592863171636026,0.0002563622692384685,0.004890711839481665,0.05241819139065014
bfo-b4468b73aaba908259595c434d8a9488f707d56ab07b766e04c057f61e6a0ac2,433,32.59310209387483,69.22730529746605,25.987555734562566,32.59310209387483,0.0002565399796302842,0.004894305699273188,0.05241601064444765
bfo-b4468b73aaba908259595c434d8a9488f707d56ab07b766e04c057f61e6a0ac2,434,32.59285722260748,69.32855329396725,25.988758629558426,32.59285722260748,0.00025635083808591715,0.004890395515396695,0.052419244471911125
bfo-b4468b73aaba908259595c434d8a9488f707d56ab07b766e04c057f61e6a0ac2,435,32.59286801873946,69.33352457511745,25.988829953551537,32.59286801873946,0.00025633387792963624,0.004890192043913447,0.052417957337418046
bfo-b4468b73aaba908259595c434d8a9488f707d56ab07b766e04c057f61e6a0ac2,436,32.59285617880495,69.34271416091408,25.98894133704948,32.59285617880495,0.0002563225942938773,0.004889839806576913,0.05241942567302907
bfo-b4468b73aaba908259595c434d8a9488f707d56ab07b766e04c057f61e6a0ac2,437,32.592858465597274,69.35106346766769,25.989066084583182,32.592858465597274,0.000256313371996085,0.004889488835139073,0.05242130223389591
bfo-b4468b73aaba908259595c434d8a9488f707d56ab07b766e04c057f61e6a0ac2,438,32.59285811041083,69.33125788803608,25.988796425377014,32.59285811041083,0.0002563478340143564,0.004890280502225064,0.052419863011481424
bfo-b4468b73aaba908259595c434d8a9488f707d56ab07b766e04c057f61e6a0ac2,439,32.59324342901924,69.46296600702244,25.990746730155596,32.59324342901924,0.00025609078041964714,0.004884851968938253,0.052425494579584925
bfo-b4468b73aaba908259595c434d8a9488f707d56ab07b766e04c057f61e6a0ac2,440,32.59284722029977,69.33289571116939,25.98880309305372,32.59284722029977,0.00025634501136180717,0.004890252944596982,0.05241958120899066
bfo-b4468b73aaba908259595c434d8a9488f707d56ab07b766e04c057f61e6a0ac2,441,32.593065561821426,69.23263374366857,25.987599884527263,32.593065561821426,0.00025653320267110687,0.004894135858365985,0.052416444924100684
bfo-b4468b73aaba908259595c434d8a9488f707d56ab07b766e04c057f61e6a0ac2,442,32.59284240114299,69.33290769926887,25.988803516882,32.59284240114299,0.0002563510920745385,0.004890261101398111,0.0524207372079271
bfo-b4468b73aaba908259595c434d8a9488f707d56ab07b766e04c057f61e6a0ac2,443,32.59316555965314,69.45164092759586,25.99055200119733,32.59316555965314,0.0002561253316631783,0.00488537482881466,0.052426956096083645
bfo-b4468b73aaba908259595c434d8a9488f707d56ab07b766e04c057f61e6a0ac2,444,32.592833206307915,69.3290939636113,25.98874858733501,32.592833206307915,0.0002563650046423936,0.004890428334945861,0.0524217894801707
bfo-b4468b73aaba908259595c434d8a9488f707d56ab07b766e04c057f61e6a0ac2,445,32.59306006800938,69.23073322342351,25.987575181311993,32.59306006800938,0.00025654942245139484,0.004894231434397028,0.05241873538066593
bfo-b4468b73aaba908259595c434d8a9488f707d56ab07b766e04c057f61e6a0ac2,446,32.592829270870865,69.32415887495424,25.988682825396687,32.592829270870865,0.0002563786373754855,0.004890630341889869,0.05242241172462321
bfo-b4468b73aaba908259595c434d8a9488f707d56ab07b766e04c057f61e6a0ac2,447,32.592922000743044,69.2664424688391,25.987967925912073,32.592922000743044,0.00025648558410949204,0.004892873582231598,0.05242023522555658
bfo-b4468b73aaba908259595c434d8a9488f707d56ab07b766e04c057f61e6a0ac2,448,32.59283069430108,69.33796937901592,25.98886981606693,32.59283069430108,0.00025635471213838155,0.004890065515892697,0.05242357414337897
bfo-b4468b73aaba908259595c434d8a9488f707d56ab07b766e04c057f61e6a0ac2,449,32.59310987042575,69.44376241565399,25.99041947215848,32.59310987042575,0.0002561528269211994,0.004885734361381879,0.05242872575019598
bfo-b4468b73aaba908259595c434d8a9488f707d56ab07b766e04c057f61e6a0ac2,450,32.59283027297709,69.31645707942334,25.988578785515205,32.59283027297709,0.00025638760179099183,0.0048909446391874264,0.052420875864501226
bfo-b4468b73aaba908259595c434d8a9488f707d56ab07b766e04c057f61e6a0ac2,451,32.59304216645293,69.23347763045032,25.987603794205274,32.59304216645293,0.00025655026613019235,0.0048941357058907755,0.0524199330683451
bfo-b4468b73aaba908259595c434d8a9488f707d56ab07b766e04c057f61e6a0ac2,452,32.592829226999086,69.32303413891768,25.98866951589488,32.592829226999086,0.0002563843454362023,0.0048906744307469574,0.052423106274331256
bfo-b4468b73aaba908259595c434d8a9488f707d56ab07b766e04c057f61e6a0ac2,453,32.5928535153501,69.31204925166664,25.988553373872982,32.5928535153501,0.0002564098250870809,0.004891025147288154,0.052424556686086185
bfo-b4468b73aaba908259595c434d8a9488f707d56ab07b766e04c057f61e6a0ac2,454,32.59283461188863,69.3155276318741,25.988573705545832,32.59283461188863,0.0002563989539703472,0.004890960192881438,0.05242303021470585
bfo-b4468b73aaba908259595c434d8a9488f707d56ab07b766e04c057f61e6a0ac2,455,32.59282829606686,69.32162085068057,25.98864946770105,32.59282829606686,0.0002563855567647343,0.004890729732398273,0.05242276118149146
bfo-b4468b73aaba908259595c434d8a9488f707d56ab07b766e04c057f61e6a0ac2,456,32.59309944636081,69.44244420948947,25.9903961950707,32.59309944636081,0.00025615751456901367,0.004885794632210368,0.052429038437320934
bfo-b4468b73aaba908259595c434d8a9488f707d56ab07b766e04c057f61e6a0ac2,457,32.59282942367841,69.31841653568948,25.98860413599665,32.59282942367841,0.00025638650040288503,0.004890866544774601,0.052421487696655354
bfo-b4468b73aaba908259595c434d8a9488f707d56ab07b766e04c057f61e6a0ac2,458,32.5930432670346,69.23278170126727,25.987595614906507,32.5930432670346,0.000256553720144818,0.004894163347377649,0.052420342750162295
bfo-b4468b73aaba908259595c434d8a9488f707d56ab07b766e04c057f61e6a0ac2,459,32.59282495792734,69.32139650861657,25.988643967812006,32.59282495792734,0.0002563877581990876,0.00489074267934066,0.052423072528864315
bfo-b4468b73aaba908259595c434d8a9488f707d56ab07b766e04c057f61e6a0ac2,460,32.59292460982502,69.26356298859103,25.987931031126905,32.59292460982502,0.00025649595190857104,0.004892991099875298,0.05242109512831692
bfo-b4468b73aaba908259595c434d8a9488f707d56ab07b766e04c057f61e6a0ac2,461,32.592822285498634,69.32188476927143,25.98864192526109,32.592822285498634,0.0002563797180379149,0.0048907384571552455,0.052421473829340925
bfo-b4468b73aaba908259595c434d8a9488f707d56ab07b766e04c057f61e6a0ac2,462,32.59281342186819,69.32032763094205,25.98861088468307,32.59281342186819,0.00025638324544698246,0.0048908313018649376,0.05242119991937162
bfo-b4468b73aaba908259595c434d8a9488f707d56ab07b766e04c057f61e6a0ac2,463,32.59308086260998,69.44211250233906,25.99036862428867,32.59308086260998,0.00025615316714595854,0.004885857796446322,0.05242747083885022
bfo-b4468b73aaba908259595c434d8a9488f707d56ab07b766e04c057f61e6a0ac2,464,32.59281056704925,69.32210236118696,25.988634656525992,32.59281056704925,0.00025638607582699604,0.004890761414416676,0.052422527721601275
bfo-b4468b73aaba908259595c434d8a9488f707d56ab07b766e04c057f61e6a0ac2,465,32.5930146908957,69.23565738747415,25.987606845273607,32.5930146908957,0.00025655017728047863,0.004894104688995825,0.052420247130659105
bfo-b4468b73aaba908259595c434d8a9488f707d56ab07b766e04c057f61e6a0ac2,466,32.592826144532616,69.30181995818396,25.988373401018656,32.592826144532616,0.00025642818446032495,0.0048915675370074145,0.052422496984924336
bfo-b4468b73aaba908259595c434d8a9488f707d56ab07b766e04c057f61e6a0ac2,467,32.59288026029786,69.27428780189257,25.98803760389983,32.59288026029786,0.00025647344052452393,0.004892626725269166,0.05242039806550216
bfo-b4468b73aaba908259595c434d8a9488f707d56ab07b766e04c057f61e6a0ac2,468,32.59280832668166,69.32213025496475,25.988633418659905,32.59280832668166,0.00025638780808530636,0.004890767990704756,0.05242281142196669
bfo-b4468b73aaba908259595c434d8a9488f707d56ab07b766e04c057f61e6a0ac2,469,32.59309928002885,69.44660613171516,25.9904399210261,32.59309928002885,0.00025615152824474323,0.004885673227811958,0.05242911596841698
bfo-b4468b73aaba908259595c434d8a9488f707d56ab07b766e04c057f61e6a0ac2,470,32.59280478763178,69.31648677387506,25.98855785917091,32.59280478763178,0.0002564057440730345,0.00489100391503718,0.05242394987350677
bfo-b4468b73aaba908259595c434d8a9488f707d56ab07b766e04c057f61e6a0ac2,471,32.59290035817616,69.26458209943858,25.987919087461382,32.59290035817616,0.00025649908675023464,0.004893033496359866,0.05242128159168645
bfo-b4468b73aaba908259595c434d8a9488f707d56ab07b766e04c057f61e6a0ac2,472,32.592807804291084,69.31107817865816,25.988486707409677,32.592807804291084,0.00025641602701636796,0.004891228813899721,0.0524236417416609
bfo-b4468b73aaba908259595c434d8a9488f707d56ab07b766e04c057f61e6a0ac2,473,32.59279689888533,69.31200345279383,25.988493761146778,32.59279689888533,0.0002564247259045388,0.004891202094170703,0.05242570659882236
bfo-b4468b73aaba908259595c434d8a9488f707d56ab07b766e04c057f61e6a0ac2,474,32.593040428944605,69.43848054988635,25.990300627215692,32.593040428944605,0.00025618587153954076,0.004886051937871477,0.05243208111519659
bfo-b4468b73aaba908259595c434d8a9488f707d56ab07b766e04c057f61e6a0ac2,475,32.59279219595389,69.31298085567893,25.988499385270995,32.59279219595389,0.00025642176833042267,0.004891192015129652,0.05242520995643751
bfo-b4468b73aaba908259595c434d8a9488f707d56ab07b766e04c057f61e6a0ac2,476,32.5929601837331,69.24282318938282,25.987668821680945,32.5929601837331,0.00025655670474006634,0.004893899308928695,0.05242378082278693
bfo-b4468b73aaba908259595c434d8a9488f707d56ab07b766e04c057f61e6a0ac2,477,32.59279266348159,69.30996132772452,25.98846033600243,32.59279266348159,0.00025643249713795766,0.004891316438709687,0.052426069822136406
bfo-b4468b73aaba908259595c434d8a9488f707d56ab07b766e04c057f61e6a0ac2,478,32.59281233797374,69.30445795280377,25.98840065778992,32.59281233797374,0.0002564274560112432,0.004891473116704407,0.052423359976270144
bfo-b4468b73aaba908259595c434d8a9488f707d56ab07b766e04c057f61e6a0ac2,479,32.59279007138805,69.31038891097042,25.988465201107033,32.59279007138805,0.0002564281906847817,0.004891287502656408,0.05242549953269322
bfo-b4468b73aaba908259595c434d8a9488f707d56ab07b766e04c057f61e6a0ac2,480,32.592900367336,69.25816433195968,25.987829922084433,32.592900367336,0.0002565229992718502,0.004893327050111393,0.052423023567576714
bfo-b4468b73aaba908259595c434d8a9488f707d56ab07b766e04c057f61e6a0ac2,481,32.59278499671068,69.32038654147611,25.988592962352488,32.59278499671068,0.000256407476507903,0.004890892639604524,0.05242549681659666
bfo-b4468b73aaba908259595c434d8a9488f707d56ab07b766e04c057f61e6a0ac2,482,32.592812354779326,69.30344682195232,25.988380068285906,32.592812354779326,0.0002564242419814566,0.0048915634152013904,0.05242173518277886
bfo-b4468b73aaba908259595c434d8a9488f707d56ab07b766e04c057f61e6a0ac2,483,32.59277753471107,69.32097838437431,25.98859501018916,32.59277753471107,0.00025641247853434607,0.004890889852095514,0.05242654941911757
bfo-b4468b73aaba908259595c434d8a9488f707d56ab07b766e04c057f61e6a0ac2,484,32.5930818471697,69.44908287275376,25.99045788113518,32.5930818471697,0.0002561687250736179,0.004885639508511206,0.05243299769198072
bfo-b4468b73aaba908259595c434d8a9488f707d56ab07b766e04c057f61e6a0ac2,485,32.59278282879139,69.30835822749142,25.988431143098207,32.59278282879139,0.0002564407823959691,0.004891392969714395,0.05242694340523258
bfo-b4468b73aaba908259595c434d8a9488f707d56ab07b766e04c057f61e6a0ac2,486,32.59292808908718,69.2489169492473,25.98772967060882,32.59292808908718,0.0002565503595333433,0.004893679919569766,0.052424834429281225
bfo-b4468b73aaba908259595c434d8a9488f707d56ab07b766e04c057f61e6a0ac2,487,32.59277416488516,69.32344435337308,25.988621841635993,32.59277416488516,0.0002564052069489442,0.004890805130508436,0.05242597079763204
bfo-b4468b73aaba908259595c434d8a9488f707d56ab07b766e04c057f61e6a0ac2,488,32.59282278890757,69.28446186972025,25.988132559148653,32.59282278890757,0.0002564764909548122,0.004892320344590209,0.0524243043974863
bfo-b4468b73aaba908259595c434d8a9488f707d56ab07b766e04c057f61e6a0ac2,489,32.592770765162186,69.3290956486332,25.988699590324956,32.592770765162186,0.0002564018661207208,0.004890575580232136,0.052427748414134605
bfo-b4468b73aaba908259595c434d8a9488f707d56ab07b766e04c057f61e6a0ac2,490,32.59277323802191,69.3163751102716,25.988529585439426,32.59277323802191,0.00025642253786889934,0.004891085044846247,0.05242651385485367
bfo-b4468b73aaba908259595c434d8a9488f707d56ab07b766e04c057f61e6a0ac2,491,32.59277219902897,69.32388928397772,25.988630752356933,32.59277219902897,0.00025640966205689745,0.004890783597613437,0.052427112535099296
bfo-b4468b73aaba908259595c434d8a9488f707d56ab07b766e04c057f61e6a0ac2,492,32.592789081783046,69.32534920056592,25.9886636423927,32.592789081783046,0.00025640026193792274,0.004890684078431434,0.05242625731412134
bfo-b4468b73aaba908259595c434d8a9488f707d56ab07b766e04c057f61e6a0ac2,493,32.592765892054686,69.3339242478348,25.988763212083388,32.592765892054686,0.00025640440669106733,0.0048903883233745804,0.0524302754170935
bfo-b4468b73aaba908259595c434d8a9488f707d56ab07b766e04c057f61e6a0ac2,494,32.59314805194373,69.46245590505072,25.990674970297327,32.59314805194373,0.00025615712981351266,0.004885079698713322,0.05243663268809754
bfo-b4468b73aaba908259595c434d8a9488f707d56ab07b766e04c057f61e6a0ac2,495,32.592767838723404,69.34478783028749,25.988904252766403,32.592767838723404,0.00025638873845354037,0.004889965010660388,0.05243161002064413
bfo-b4468b73aaba908259595c434d8a9488f707d56ab07b766e04c057f61e6a0ac2,496,32.59285519087283,69.26794088459044,25.987935428841748,32.59285519087283,0.00025652376861236,0.004892982863220203,0.05242686839159188
bfo-b4468b73aaba908259595c434d8a9488f707d56ab07b766e04c057f61e6a0ac2,497,32.59276479366659,69.33299549649487,25.988751435642452,32.59276479366659,0.00025640675153992164,0.004890426536066841,0.052430345216092036
bfo-b4468b73aaba908259595c434d8a9488f707d56ab07b766e04c057f61e6a0ac2,498,32.59277706047831,69.3341123065866,25.98877389901244,32.59277706047831,0.00025639647806736493,0.004890350674489837,0.05242905777797055
bfo-b4468b73aaba908259595c434d8a9488f707d56ab07b766e04c057f61e6a0ac2,499,32.59276141992244,69.32942493882956,25.988697352011048,32.59276141992244,0.0002564171444582996,0.004890582659785762,0.0524307965524771
bfo-b4468b73aaba908259595c434d8a9488f707d56ab07b766e04c057f61e6a0ac2,500,32.59276126997834,69.33269884504404,25.988733554527908,32.59276126997834,0.00025640371073095867,0.004890468524747366,0.05242927327585737
bfo-b4468b73aaba908259595c434d8a9488f707d56ab07b766e04c057f61e6a0ac2,501,32.59312523042563,69.4596952499274,25.990613794242353,32.59312523042563,0.0002561594561464162,0.004885234609397997,0.05243544612036197
bfo-b4468b73aaba908259595c434d8a9488f707d56ab07b766e04c057f61e6a0ac2,502,32.59276367622446,69.34310228469363,25.988872843266666,32.59276367622446,0.0002563876932546443,0.004890056113342919,0.052430419470048506
bfo-b4468b73aaba908259595c434d8a9488f707d56ab07b766e04c057f61e6a0ac2,503,32.59288154385081,69.25803130342788,25.987816200034757,32.59288154385081,0.0002565467491037857,0.004893380038066195,0.05242730936654776
bfo-b4468b73aaba908259595c434d8a9488f707d56ab07b766e04c057f61e6a0ac2,504,32.59276145018994,69.33226670138826,25.988726285841366,32.59276145018994,0.00025640043409720143,0.0048904853317107404,0.05242842309221486
bfo-b4468b73aaba908259595c434d8a9488f707d56ab07b766e04c057f61e6a0ac2,505,32.592770319423266,69.336980311306,25.988797175439135,32.592770319423266,0.0002563937685059371,0.004890271585248447,0.052429351629335166
bfo-b4468b73aaba908259595c434d8a9488f707d56ab07b766e04c057f61e6a0ac2,506,32.592759730640324,69.33610272192924,25.98877542736089,32.592759730640324,0.0002563934846484683,0.004890331638573289,0.052428649751710674
bfo-b4468b73aaba908259595c434d8a9488f707d56ab07b766e04c057f61e6a0ac2,507,32.59278033816882,69.35527126267182,25.989040928401835,32.59278033816882,0.00025635637818044465,0.004889564550138414,0.05242928599300069
bfo-b4468b73aaba908259595c434d8a9488f707d56ab07b766e04c057f61e6a0ac2,508,32.59275491865274,69.33788714245638,25.988795921356314,32.59275491865274,0.00025639287157101505,0.004890262685565,0.05242926363195815
bfo-b4468b73aaba908259595c434d8a9488f707d56ab07b766e04c057f61e6a0ac2,509,32.59275895169614,69.34928271666223,25.98894762885161,32.59275895169614,0.0002563698527169252,0.004889803042745228,0.0524294844753081
bfo-b4468b73aaba908259595c434d8a9488f707d56ab07b766e04c057f61e6a0ac2,510,32.5927560428008,69.33295720196173,25.988724765373558,32.5927560428008,0.00025639875151186274,0.004890467232386058,0.05242827307254359
bfo-b4468b73aaba908259595c434d8a9488f707d56ab07b766e04c057f61e6a0ac2,511,32.59283719634884,69.2701669987921,25.98794298401892,32.59283719634884,0.00025651716213657895,0.004892925569355892,0.052426132075895665
bfo-b4468b73aaba908259595c434d8a9488f707d56ab07b766e04c057f61e6a0ac2,512,32.59274998201337,69.3352000091985,25.988752637247366,32.59274998201337,0.0002563954870422525,0.004890381748697357,0.05242852198819614
bfo-b4468b73aaba908259595c434d8a9488f707d56ab07b766e04c057f61e6a0ac2,513,32.592761679235856,69.30791554885681,25.98839860165281,32.592761679235856,0.00025645619280194266,0.004891461703886705,0.05242935717929985
bfo-b4468b73aaba908259595c434d8a9488f707d56ab07b766e04c057f61e6a0ac2,514,32.59275278332641,69.34962849318555,25.988942487468915,32.59275278332641,0.00025636961060831966,0.004889814285409392,0.05242931441656082
bfo-b4468b73aaba908259595c434d8a9488f707d56ab07b766e04c057f61e6a0ac2,515,32.59309618852661,69.45726284503382,25.990557391582957,32.59309618852661,0.00025616228709970414,0.004885357815434043,0.052434703204425406
bfo-b4468b73aaba908259595c434d8a9488f707d56ab07b766e04c057f61e6a0ac2,516,32.59275235152705,69.34847369592408,25.988924819330173,32.59275235152705,0.00025636603211004683,0.004889862654944821,0.05242806397656168
bfo-b4468b73aaba908259595c434d8a9488f707d56ab07b766e04c057f61e6a0ac2,517,32.59276948888453,69.34911940765137,25.988956161461132,32.59276948888453,0.000256363275180326,0.004889778659287617,0.05242840076071565
bfo-b4468b73aaba908259595c434d8a9488f707d56ab07b766e04c057f61e6a0ac2,518,32.59274271719367,69.33214434354926,25.988700966845187,32.59274271719367,0.00025639758447444183,0.0048905344077920425,0.052427314296352966
bfo-b4468b73aaba908259595c434d8a9488f707d56ab07b766e04c057f61e6a0ac2,519,32.59278431080519,69.29126273255676,25.988187522808346,32.59278431080519,0.00025647512584388613,0.00489210795593792,0.05242630133142973
bfo-b4468b73aaba908259595c434d8a9488f707d56ab07b766e04c057f61e6a0ac2,520,32.59273802594892,69.32914981450503,25.98866189456965,32.59273802594892,0.0002564095606659649,0.004890661966701047,0.052428395667452714
bfo-b4468b73aaba908259595c434d8a9488f707d56ab07b766e04c057f61e6a0ac2,521,32.59288101038593,69.25204208383637,25.9877244456844,32.59288101038593,0.000256555855710901,0.004893658423331662,0.05242618783683612
bfo-b4468b73aaba908259595c434d8a9488f707d56ab07b766e04c057f61e6a0ac2,522,32.59272909128494,69.3264583998725,25.98862330370044,32.59272909128494,0.00025642152745598905,0.004890780172638316,0.05242957532431135
bfo-b4468b73aaba908259595c434d8a9488f707d56ab07b766e04c057f61e6a0ac2,523,32.593015003573164,69.44610075343147,25.99036173036531,32.593015003573164,0.00025619384330270706,0.004885886340975824,0.05243548978086528
bfo-b4468b73aaba908259595c434d8a9488f707d56ab07b766e04c057f61e6a0ac2,524,32.592733752759756,69.34287894524371,25.988846818508495,32.592733752759756,0.00025639397897378365,0.004890110842112285,0.05243111807728149
bfo-b4468b73aaba908259595c434d8a9488f707d56ab07b766e04c057f61e6a0ac2,525,32.592842926350166,69.25986585885194,25.987802634852336,32.592842926350166,0.0002565430157189085,0.004893382198887233,0.052426523269988395
bfo-b4468b73aaba908259595c434d8a9488f707d56ab07b766e04c057f61e6a0ac2,526,32.59272806381138,69.3247876448303,25.988599788393014,32.59272806381138,0.00025642067730998863,0.004890848022387094,0.05242867415553765
bfo-b4468b73aaba908259595c434d8a9488f707d56ab07b766e04c057f61e6a0ac2,527,32.59273310014776,69.31619855249254,25.98849813975054,32.59273310014776,0.00025644618910404066,0.0048911362516753315,0.052430800515156716
bfo-b4468b73aaba908259595c434d8a9488f707d56ab07b766e04c057f61e6a0ac2,528,32.59272590846182,69.32742509678154,25.988632057223537,32.59272590846182,0.0002564137984997077,0.0048907496172602965,0.05242832256118352
bfo-b4468b73aaba908259595c434d8a9488f707d56ab07b766e04c057f61e6a0ac2,529,32.592739731463936,69.34718188315598,25.988900718866507,32.592739731463936,0.000256369069866419,0.004889941319415561,0.052427841791986965
bfo-b4468b73aaba908259595c434d8a9488f707d56ab07b766e04c057f61e6a0ac2,530,32.592723726805005,69.32791873441465,25.98863952942493,32.592723726805005,0.0002564178389200806,0.004890725598870554,0.052429406176313954
bfo-b4468b73aaba908259595c434d8a9488f707d56ab07b766e04c057f61e6a0ac2,531,32.59283879069403,69.25950781680774,25.987801065049847,32.59283879069403,0.00025654817614136684,0.004893392580014248,0.052427466618797186
bfo-b4468b73aaba908259595c434d8a9488f707d56ab07b766e04c057f61e6a0ac2,532,32.59272095374192,69.32956325548558,25.988652738967907,32.59272095374192,0.0002564076684919885,0.004890675502413567,0.052427863669435915
bfo-b4468b73aaba908259595c434d8a9488f707d56ab07b766e04c057f61e6a0ac2,533,32.59302506401585,69.44944065208975,25.990405494472835,32.59302506401585,0.00025617946888430995,0.004885759363314127,0.05243391043936665
bfo-b4468b73aaba908259595c434d8a9488f707d56ab07b766e04c057f61e6a0ac2,534,32.59271656363796,69.32596730208388,25.98859988212731,32.59271656363796,0.0002564147986566154,0.004890834696572956,0.05242761503190593
bfo-b4468b73aaba908259595c434d8a9488f707d56ab07b766e04c057f61e6a0ac2,535,32.59284833480496,69.25415903258849,25.987720485560377,32.59284833480496,0.00025654788079053,0.004893637951963428,0.05242477749862916
bfo-b4468b73aaba908259595c434d8a9488f707d56ab07b766e04c057f61e6a0ac2,536,32.59271463050356,69.3210219690005,25.98853411048254,32.59271463050356,0.0002564298501947485,0.0048910425211372965,0.052428464705950216
bfo-b4468b73aaba908259595c434d8a9488f707d56ab07b766e04c057f61e6a0ac2,537,32.59274280305981,69.30584391479394,25.98834382347989,32.59274280305981,0.00025643793014437806,0.0048916364599975275,0.052423750669424785
bfo-b4468b73aaba908259595c434d8a9488f707d56ab07b766e04c057f61e6a0ac2,538,32.59271369550063,69.32781839113885,25.988624784787973,32.59271369550063,0.0002564169549055879,0.004890761439495283,0.05242884120965214
bfo-b4468b73aaba908259595c434d8a9488f707d56ab07b766e04c057f61e6a0ac2,539,32.59300696432533,69.44732948934767,25.99036668363125,32.59300696432533,0.0002561894827277687,0.004885865649896033,0.052434819351453145
bfo-b4468b73aaba908259595c434d8a9488f707d56ab07b766e04c057f61e6a0ac2,540,32.59270916667286,69.32326686604293,25.988561973390592,32.59270916667286,0.0002564310003899609,0.004890952926367779,0.052429660283072284
bfo-b4468b73aaba908259595c434d8a9488f707d56ab07b766e04c057f61e6a0ac2,541,32.592839430157994,69.25573426257708,25.98774407365671,32.592839430157994,0.000256557750961255,0.0048935716558713305,0.05242750469453856
bfo-b4468b73aaba908259595c434d8a9488f707d56ab07b766e04c057f61e6a0ac2,542,32.59270371401894,69.32125872085984,25.988531974429318,32.59270371401894,0.00025644107232462583,0.0048910545222337655,0.052430630482423676
bfo-b4468b73aaba908259595c434d8a9488f707d56ab07b766e04c057f61e6a0ac2,543,32.59284693430739,69.25094829481289,25.987678652190883,32.59284693430739,0.0002565692711485182,0.004893787729339075,0.052427543926832486
bfo-b4468b73aaba908259595c434d8a9488f707d56ab07b766e04c057f61e6a0ac2,544,32.59269754316043,69.32162305983861,25.98853032168105,32.59269754316043,0.00025644235478909796,0.0048910634395505324,0.052430797097300356
bfo-b4468b73aaba908259595c434d8a9488f707d56ab07b766e04c057f61e6a0ac2,545,32.59295759109896,69.44115717233666,25.990254181276384,32.59295759109896,0.0002562163560480901,0.0048861848260239975,0.05243689405351031
bfo-b4468b73aaba908259595c434d8a9488f707d56ab07b766e04c057f61e6a0ac2,546,32.59269744279655,69.31991282902015,25.98850695619813,32.59269744279655,0.00025644268127807053,0.004891124361498748,0.05243021079093783
bfo-b4468b73aaba908259595c434d8a9488f707d56ab07b766e04c057f61e6a0ac2,547,32.59270733809822,69.31112735818257,25.988390879261303,32.59270733809822,0.0002564583169159473,0.004891483287730329,0.052429560080321805
bfo-b4468b73aaba908259595c434d8a9488f707d56ab07b766e04c057f61e6a0ac2,548,32.59269689643737,69.32722993398431,25.98860195612947,32.59269689643737,0.000256427091449458,0.004890833801956821,0.052430138056799566
bfo-b4468b73aaba908259595c434d8a9488f707d56ab07b766e04c057f61e6a0ac2,549,32.59281015661709,69.26060972914313,25.987786579981485,32.59281015661709,0.00025655353197287696,0.00489342860461561,0.05242817515124037
bfo-b4468b73aaba908259595c434d8a9488f707d56ab07b766e04c057f61e6a0ac2,550,32.59268735484549,69.33134029836359,25.988648434594783,32.59268735484549,0.0002564236565183308,0.0048906931328911,0.0524309437437036
bfo-b4468b73aaba908259595c434d8a9488f707d56ab07b766e04c057f61e6a0ac2,551,32.59300035023825,69.45085535800868,25.990402132721506,32.59300035023825,0.00025619597841887025,0.004885784174386407,0.052437023264754676
bfo-b4468b73aaba908259595c434d8a9488f707d56ab07b766e04c057f61e6a0ac2,552,32.59268857674144,69.33626190820215,25.988714790181298,32.59268857674144,0.0002564160050708235,0.004890497000905553,0.05243148191755235
bfo-b4468b73aaba908259595c434d8a9488f707d56ab07b766e04c057f61e6a0ac2,553,32.592810091751886,69.25690889655291,25.98772880057072,32.592810091751886,0.000256560664514476,0.004893604330658286,0.052427750013856064
bfo-b4468b73aaba908259595c434d8a9488f707d56ab07b766e04c057f61e6a0ac2,554,32.59268137163818,69.32279450537519,25.98852981411837,32.59268137163818,0.0002564455706826224,0.004891052152056291,0.052431575601746105
bfo-b4468b73aaba908259595c434d8a9488f707d56ab07b766e04c057f61e6a0ac2,555,32.592741363496096,69.28348922722077,25.98804882003339,32.592741363496096,0.0002565167783256725,0.004892543772098645,0.05243014478246359
bfo-b4468b73aaba908259595c434d8a9488f707d56ab07b766e04c057f61e6a0ac2,556,32.59268110964656,69.33264384568119,25.98865721177337,32.59268110964656,0.00025642222417040107,0.00489066614685046,0.05243094017683755
bfo-b4468b73aaba908259595c434d8a9488f707d56ab07b766e04c057f61e6a0ac2,557,32.5926825416697,69.31843793832425,25.988470317123053,32.5926825416697,0.0002564555709040644,0.004891236388621941,0.0524316451972419
bfo-b4468b73aaba908259595c434d8a9488f707d56ab07b766e04c057f61e6a0ac2,558,32.592676303727636,69.34099764569311,25.988762131627844,32.592676303727636,0.00025640795685919366,0.004890353990889936,0.05243136945440898
bfo-b4468b73aaba908259595c434d8a9488f707d56ab07b766e04c057f61e6a0ac2,559,32.592691643464285,69.35556632556933,25.98895951164593,32.592691643464285,0.00025637216403245395,0.004889763795428871,0.05243037798106321
bfo-b4468b73aaba908259595c434d8a9488f707d56ab07b766e04c057f61e6a0ac2,560,32.59267667769189,69.34761181830905,25.988853705744432,32.59267667769189,0.0002564048075930557,0.004890088942181291,0.052433567287772646
bfo-b4468b73aaba908259595c434d8a9488f707d56ab07b766e04c057f61e6a0ac2,561,32.59302754331216,69.4585718817983,25.99051023981845,32.59302754331216,0.0002561831736290892,0.004885508654574086,0.05243735949361919
bfo-b4468b73aaba908259595c434d8a9488f707d56ab07b766e04c057f61e6a0ac2,562,32.59267619795758,69.34825903258717,25.988859468764225,32.59267619795758,0.00025640467118166684,0.004890069010667961,0.052433753107022744
bfo-b4468b73aaba908259595c434d8a9488f707d56ab07b766e04c057f61e6a0ac2,563,32.592743689331655,69.27396361213877,25.98791642515816,32.592743689331655,0.0002565460242377843,0.0048929955765951915,0.05243128063816947
bfo-b4468b73aaba908259595c434d8a9488f707d56ab07b766e04c057f61e6a0ac2,564,32.59267167717694,69.33863282529066,25.988732992110606,32.59267167717694,0.0002564198997323712,0.004890448156490673,0.05243280196970231
bfo-b4468b73aaba908259595c434d8a9488f707d56ab07b766e04c057f61e6a0ac2,565,32.5927741440784,69.26247215907813,25.987778957269548,32.5927741440784,0.00025656047037632824,0.0048934397656915695,0.05242947347080906
bfo-b4468b73aaba908259595c434d8a9488f707d56ab07b766e04c057f61e6a0ac2,566,32.59266751823292,69.33617466544558,25.988693178021023,32.59266751823292,0.0002564282775128845,0.004890560638830569,0.05243330907235241
bfo-b4468b73aaba908259595c434d8a9488f707d56ab07b766e04c057f61e6a0ac2,567,32.5929474466213,69.44627005769223,25.990301732072776,32.5929474466213,0.00025622158775012786,0.004886062809720264,0.05243927426401566
bfo-b4468b73aaba908259595c434d8a9488f707d56ab07b766e04c057f61e6a0ac2,568,32.59266738320499,69.3328472654555,25.988652936029982,32.59266738320499,0.00025643874251069437,0.004890686295833674,0.052434101677948944
bfo-b4468b73aaba908259595c434d8a9488f707d56ab07b766e04c057f61e6a0ac2,569,32.59268474350936,69.35282947598773,25.988926824542993,32.59268474350936,0.0002564002317480438,0.0048898910017451825,0.05243475399687551
bfo-b4468b73aaba908259595c434d8a9488f707d56ab07b766e04c057f61e6a0ac2,570,32.59266297173027,69.33432323599405,25.988668466340016,32.59266297173027,0.00025643623188521884,0.004890640676636357,0.05243407742267182
bfo-b4468b73aaba908259595c434d8a9488f707d56ab07b766e04c057f61e6a0ac2,571,32.592935364100555,69.44474521960697,25.990277131857706,32.592935364100555,0.00025622922437961137,0.004886134119393724,0.05244007186839245
bfo-b4468b73aaba908259595c434d8a9488f707d56ab07b766e04c057f61e6a0ac2,572,32.592664734365684,69.32727687262494,25.988577075536654,32.592664734365684,0.00025645012361928535,0.004890920529194831,0.05243391751889772
bfo-b4468b73aaba908259595c434d8a9488f707d56ab07b766e04c057f61e6a0ac2,573,32.59269797741475,69.29630873183096,25.98819009894413,32.59269797741475,0.0002565067052877549,0.0048920977595492314,0.05243286579608131
bfo-b4468b73aaba908259595c434d8a9488f707d56ab07b766e04c057f61e6a0ac2,574,32.592656607540064,69.32379222488586,25.98852018828662,32.592656607540064,0.00025645853376421267,0.004891086835605478,0.05243385414817832
bfo-b4468b73aaba908259595c434d8a9488f707d56ab07b766e04c057f61e6a0ac2,575,32.592801360079925,69.2510771496074,25.987637115117085,32.592801360079925,0.0002565911246486382,0.004893910351737028,0.052430695743653055
bfo-b4468b73aaba908259595c434d8a9488f707d56ab07b766e04c057f61e6a0ac2,576,32.59265498617134,69.33814339321593,25.988707567040716,32.59265498617134,0.0002564268689362618,0.00489052173058795,0.05243343820198782
bfo-b4468b73aaba908259595c434d8a9488f707d56ab07b766e04c057f61e6a0ac2,577,32.59265843226747,69.31524295439289,25.988404560960394,32.59265843226747,0.00025647636089953953,0.004891438400768993,0.05243373009853673
bfo-b4468b73aaba908259595c434d8a9488f707d56ab07b766e04c057f61e6a0ac2,578,32.59265424159536,69.32823694835456,25.98857433267323,32.59265424159536,0.00025643939434276007,0.0048909129386637,0.05243180517803793
bfo-b4468b73aaba908259595c434d8a9488f707d56ab07b766e04c057f61e6a0ac2,579,32.59278248162411,69.2567272536336,25.987702577479777,32.59278248162411,0.00025657481064363157,0.004893693613656083,0.05242968418121794
bfo-b4468b73aaba908259595c434d8a9488f707d56ab07b766e04c057f61e6a0ac2,580,32.59265232404852,69.33148612701535,25.98861577633822,32.59265232404852,0.0002564335054254523,0.004890783471919685,0.05243198904587763
bfo-b4468b73aaba908259595c434d8a9488f707d56ab07b766e04c057f61e6a0ac2,581,32.59294554828133,69.44779454592054,25.99031494866982,32.59294554828133,0.0002562121067785333,0.004886018743688445,0.05243780677458461
bfo-b4468b73aaba908259595c434d8a9488f707d56ab07b766e04c057f61e6a0ac2,582,32.59264692891537,69.33096019020459,25.988605305137902,32.59264692891537,0.00025643722694537415,0.0048908071383545,0.05243249625084415
bfo-b4468b73aaba908259595c434d8a9488f707d56ab07b766e04c057f61e6a0ac2,583,32.592768798952314,69.25826106647193,25.98770944793677,32.592768798952314,0.0002565702747692595,0.004893641433603152,0.052429316338436484
bfo-b4468b73aaba908259595c434d8a9488f707d56ab07b766e04c057f61e6a0ac2,584,32.592645249938144,69.33635447062932,25.988682272662665,32.592645249938144,0.00025643055232780695,0.004890584644406107,0.05243351684365885
bfo-b4468b73aaba908259595c434d8a9488f707d56ab07b766e04c057f61e6a0ac2,585,32.59295837043311,69.45184740750437,25.990381428329886,32.59295837043311,0.00025621064304853964,0.004885843331340338,0.052439389819372934
bfo-b4468b73aaba908259595c434d8a9488f707d56ab07b766e04c057f61e6a0ac2,586,32.592647485326964,69.32632003297456,25.988551104163328,32.592647485326964,0.0002564465974189996,0.0048909835439441,0.05243252100827976
bfo-b4468b73aaba908259595c434d8a9488f707d56ab07b766e04c057f61e6a0ac2,587,32.59274848772666,69.2635893782223,25.987779536140614,32.59274848772666,0.000256569923249689,0.004893431437097176,0.05243149445287587
bfo-b4468b73aaba908259595c434d8a9488f707d56ab07b766e04c057f61e6a0ac2,588,32.592649843443816,69.32405922013804,25.98852461709752,32.592649843443816,0.000256454578513151,0.004891070180467027,0.05243322402882865
bfo-b4468b73aaba908259595c434d8a9488f707d56ab07b766e04c057f61e6a0ac2,589,32.59266018341429,69.32333873563351,25.988511994057095,32.59266018341429,0.0002564345947872049,0.004891100540135154,0.052428812837308575
bfo-b4468b73aaba908259595c434d8a9488f707d56ab07b766e04c057f61e6a0ac2,590,32.59264897251359,69.34161363157602,25.98875197861001,32.59264897251359,0.00025641728727526406,0.004890390527408773,0.052432885643414986
bfo-b4468b73aaba908259595c434d8a9488f707d56ab07b766e04c057f61e6a0ac2,591,32.59266148262639,69.34022555352885,25.988761488730898,32.59266148262639,0.0002564346256087685,0.004890358352225993,0.05243677602727101
bfo-b4468b73aaba908259595c434d8a9488f707d56ab07b766e04c057f61e6a0ac2,592,32.59264644052588,69.33334411018632,25.988640612036036,32.59264644052588,0.00025643301032777973,0.00489070287090569,0.05243275191655467
bfo-b4468b73aaba908259595c434d8a9488f707d56ab07b766e04c057f61e6a0ac2,593,32.592668863965066,69.35463602807911,25.988933351232404,32.592668863965066,0.00025638278542731876,0.004889826065736642,0.05243188243929802
bfo-b4468b73aaba908259595c434d8a9488f707d56ab07b766e04c057f61e6a0ac2,594,32.59264849437547,69.3236666518078,25.98851204487085,32.59264849437547,0.00025644694899268155,0.004891095703077737,0.052431390543291045
bfo-b4468b73aaba908259595c434d8a9488f707d56ab07b766e04c057f61e6a0ac2,595,32.59266233937602,69.343297434336,25.988782653035052,32.59266233937602,0.000256414816437871,0.004890287911628126,0.05243348061944734
bfo-b4468b73aaba908259595c434d8a9488f707d56ab07b766e04c057f61e6a0ac2,596,32.592644714093666,69.3399740380786,25.98872842168949,32.592644714093666,0.0002564217874339457,0.0048904464803593214,0.05243320593810186
bfo-b4468b73aaba908259595c434d8a9488f707d56ab07b766e04c057f61e6a0ac2,597,32.592972364756584,69.45490418783817,25.990428441714883,32.592972364756584,0.0002562033759531174,0.004885720355257212,0.05243922233032296
bfo-b4468b73aaba908259595c434d8a9488f707d56ab07b766e04c057f61e6a0ac2,598,32.59264328820462,69.3387265491716,25.9887127589652,32.59264328820462,0.00025642794210630854,0.004890492164542313,0.05243397463459731
bfo-b4468b73aaba908259595c434d8a9488f707d56ab07b766e04c057f61e6a0ac2,599,32.59267373683163,69.30745156966478,25.988307352880867,32.59267373683163,0.00025646688850676676,0.004891734730957683,0.052428617374466
bfo-b4468b73aaba908259595c434d8a9488f707d56ab07b766e04c057f61e6a0ac2,600,32.59264059158774,69.33886001304026,25.98870599275437,32.59264059158774,0.0002564205512560145,0.004890502262643639,0.052432355100762655
bfo-b4468b73aaba908259595c434d8a9488f707d56ab07b766e04c057f61e6a0ac2,601,32.59274877882631,69.26239785768988,25.987753401940086,32.59274877882631,0.0002565612602417142,0.004893491915389726,0.052429076143938255
bfo-b4468b73aaba908259595c434d8a9488f707d56ab07b766e04c057f61e6a0ac2,602,32.59263496053736,69.3371901250147,25.988677892416042,32.59263496053736,0.00025642410439576915,0.004890585611464496,0.05243218803790298
bfo-b4468b73aaba908259595c434d8a9488f707d56ab07b766e04c057f61e6a0ac2,603,32.592938900969415,69.45088091303332,25.99034722647384,32.592938900969415,0.0002562082137333513,0.004885925091577504,0.05243801510076571
bfo-b4468b73aaba908259595c434d8a9488f707d56ab07b766e04c057f61e6a0ac2,604,32.59263049736727,69.33099728758768,25.988594281644996,32.59263049736727,0.0002564417135337007,0.0048908443714604614,0.052433014436140055
bfo-b4468b73aaba908259595c434d8a9488f707d56ab07b766e04c057f61e6a0ac2,605,32.592734025726116,69.2630871959607,25.98775704199139,32.592734025726116,0.0002565742934496157,0.004893495479608022,0.052431701330634066
bfo-b4468b73aaba908259595c434d8a9488f707d56ab07b766e04c057f61e6a0ac2,606,32.59263261503595,69.33820446917358,25.988692088495092,32.59263261503595,0.00025642797005571717,0.004890545432749458,0.052433409234592
bfo-b4468b73aaba908259595c434d8a9488f707d56ab07b766e04c057f61e6a0ac2,607,32.59289724843659,69.4436911905405,25.990229502205924,32.59289724843659,0.00025622904251227795,0.004886245264066225,0.05243884182331237
bfo-b4468b73aaba908259595c434d8a9488f707d56ab07b766e04c057f61e6a0ac2,608,32.59263520984157,69.33725642111793,25.988682172492528,32.59263520984157,0.0002564265450067145,0.004890578371177404,0.05243276470487884
bfo-b4468b73aaba908259595c434d8a9488f707d56ab07b766e04c057f61e6a0ac2,609,32.59264453653152,69.33150395712885,25.98860603221148,32.59264453653152,0.00025643205547264434,0.004890807259930259,0.052431437561148334
bfo-b4468b73aaba908259595c434d8a9488f707d56ab07b766e04c057f61e6a0ac2,610,32.5926261783468,69.33110639742742,25.988595906011984,32.5926261783468,0.0002564517286429627,0.004890842399626816,0.05243508330232244
bfo-b4468b73aaba908259595c434d8a9488f707d56ab07b766e04c057f61e6a0ac2,611,32.5926370028223,69.34441886040912,25.988783838940822,32.5926370028223,0.00025643285565122545,0.004890283936604907,0.05243721202602699
bfo-b4468b73aaba908259595c434d8a9488f707d56ab07b766e04c057f61e6a0ac2,612,32.592620487657975,69.33101592620665,25.988591623204602,32.592620487657975,0.0002564581568403049,0.004890864343237884,0.052436162371766515
bfo-b4468b73aaba908259595c434d8a9488f707d56ab07b766e04c057f61e6a0ac2,613,32.59263425127073,69.34998992667809,25.98885493622077,32.59263425127073,0.00025642146644133695,0.004890065418823838,0.05243722618807247
bfo-b4468b73aaba908259595c434d8a9488f707d56ab07b766e04c057f61e6a0ac2,614,32.592614917554315,69.32733754597808,25.988536784406804,32.592614917554315,0.0002564669233483792,0.004891033962358851,0.052436136269372824
bfo-b4468b73aaba908259595c434d8a9488f707d56ab07b766e04c057f61e6a0ac2,615,32.59275247655708,69.25438012575803,25.987647981842777,32.59275247655708,0.0002566006067652332,0.004893862355255069,0.05243314750969516
bfo-b4468b73aaba908259595c434d8a9488f707d56ab07b766e04c057f61e6a0ac2,616,32.59261436615394,69.32567209695829,25.98851376395735,32.59261436615394,0.0002564671663866299,0.004891093206439656,0.052435550818979076
bfo-b4468b73aaba908259595c434d8a9488f707d56ab07b766e04c057f61e6a0ac2,617,32.59285067021214,69.43770157536846,25.990123185388303,32.59285067021214,0.0002562576929871569,0.0048865390922110535,0.05244155181232896
bfo-b4468b73aaba908259595c434d8a9488f707d56ab07b766e04c057f61e6a0ac2,618,32.59261440330977,69.33215949601095,25.988599416934832,32.59261440330977,0.0002564518121081075,0.004890832917350144,0.05243520202833942
bfo-b4468b73aaba908259595c434d8a9488f707d56ab07b766e04c057f61e6a0ac2,619,32.59272797459273,69.25917961791765,25.987699994136605,32.59272797459273,0.00025659767891788796,0.004893689954223982,0.05243439639987941
bfo-b4468b73aaba908259595c434d8a9488f707d56ab07b766e04c057f61e6a0ac2,620,32.59261002352657,69.3249577258656,25.988500278112532,32.59261002352657,0.0002564716946255353,0.004891130765198433,0.05243607397503924
bfo-b4468b73aaba908259595c434d8a9488f707d56ab07b766e04c057f61e6a0ac2,621,32.592654466589295,69.29377065505022,25.98812026719898,32.592654466589295,0.0002565251452203304,0.004892297287283908,0.0524344965476837
bfo-b4468b73aaba908259595c434d8a9488f707d56ab07b766e04c057f61e6a0ac2,622,32.59260833404031,69.31618315783757,25.988381218130087,32.59260833404031,0.00025649147753113965,0.004891493275200303,0.052436232271143524
bfo-b4468b73aaba908259595c434d8a9488f707d56ab07b766e04c057f61e6a0ac2,623,32.59259702210819,69.32859200259423,25.988538019229818,32.59259702210819,0.00025647375907059925,0.004891024477676563,0.05243763555900967
bfo-b4468b73aaba908259595c434d8a9488f707d56ab07b766e04c057f61e6a0ac2,624,32.59286212089063,69.44309499044522,25.990196079554376,32.59286212089063,0.0002562579494786832,0.004886356272659014,0.05244356636713987
bfo-b4468b73aaba908259595c434d8a9488f707d56ab07b766e04c057f61e6a0ac2,625,32.592598356958845,69.31913884818519,25.98841689042888,32.592598356958845,0.0002564981824477797,0.004891398335359637,0.05243862079143486
bfo-b4468b73aaba908259595c434d8a9488f707d56ab07b766e04c057f61e6a0ac2,626,32.59272361377266,69.25739443619122,25.987665384995424,32.59272361377266,0.00025660358706580325,0.004893791450813029,0.05243451619156604
bfo-b4468b73aaba908259595c434d8a9488f707d56ab07b766e04c057f61e6a0ac2,627,32.59259911965408,69.33829011396473,25.988664748124616,32.59259911965408,0.00025645063494907186,0.004890643391873685,0.052436993336130666
bfo-b4468b73aaba908259595c434d8a9488f707d56ab07b766e04c057f61e6a0ac2,628,32.59270376859593,69.26149897529399,25.98771268080184,32.59270376859593,0.00025660512893878817,0.004893645916833816,0.05243639063792573
bfo-b4468b73aaba908259595c434d8a9488f707d56ab07b766e04c057f61e6a0ac2,629,32.59259083727073,69.33700769071021,25.988644569453758,32.59259083727073,0.0002564646846780871,0.004890710079042739,0.05243915107073471
bfo-b4468b73aaba908259595c434d8a9488f707d56ab07b766e04c057f61e6a0ac2,630,32.59263428830344,69.30095145642218,25.988183667620202,32.59263428830344,0.00025650862078200703,0.004892127541114506,0.05243293814935377
bfo-b4468b73aaba908259595c434d8a9488f707d56ab07b766e04c057f61e6a0ac2,631,32.59259025482402,69.33742904668574,25.988648013503976,32.59259025482402,0.00025646472575577224,0.004890697645189821,0.05243929278842552
bfo-b4468b73aaba908259595c434d8a9488f707d56ab07b766e04c057f61e6a0ac2,632,32.592576926677594,69.32738834810355,25.988506145856967,32.592576926677594,0.0002564955159178708,0.004891134331584258,0.05244090604127629
bfo-b4468b73aaba908259595c434d8a9488f707d56ab07b766e04c057f61e6a0ac2,633,32.5928276833195,69.44133616359242,25.99014858966294,32.5928276833195,0.00025628517404224923,0.004886504376765796,0.05244754824344909
bfo-b4468b73aaba908259595c434d8a9488f707d56ab07b766e04c057f61e6a0ac2,634,32.592581876629175,69.31269183805742,25.988314540135214,32.592581876629175,0.0002565227810886898,0.004891711031203615,0.05244029736269435
bfo-b4468b73aaba908259595c434d8a9488f707d56ab07b766e04c057f61e6a0ac2,635,32.59268173642997,69.26430715937778,25.987728863668636,32.59268173642997,0.0002566110146827736,0.004893591264013406,0.05243817900564052
bfo-b4468b73aaba908259595c434d8a9488f707d56ab07b766e04c057f61e6a0ac2,636,32.592583737808596,69.31494781589679,25.98834893270003,32.592583737808596,0.00025651584481724315,0.004891618994908203,0.052439866041132044
bfo-b4468b73aaba908259595c434d8a9488f707d56ab07b766e04c057f61e6a0ac2,637,32.592682656430895,69.26178200174434,25.98769914418121,32.592682656430895,0.00025662485635966477,0.004893697692083416,0.05243986705080074
bfo-b4468b73aaba908259595c434d8a9488f707d56ab07b766e04c057f61e6a0ac2,638,32.592577184080795,69.32635754530051,25.98849099146899,32.592577184080795,0.0002564993230207978,0.004891182419434331,0.05244116882691571
bfo-b4468b73aaba908259595c434d8a9488f707d56ab07b766e04c057f61e6a0ac2,639,32.59258757699354,69.33295222785489,25.98859802403112,32.59258757699354,0.00025647820567892694,0.004890886050911296,0.052440028863714495
bfo-b4468b73aaba908259595c434d8a9488f707d56ab07b766e04c057f61e6a0ac2,640,32.59257830803487,69.32397005717058,25.98846556392953,32.59257830803487,0.00025650610181486675,0.004891262688147099,0.052441694132775364
bfo-b4468b73aaba908259595c434d8a9488f707d56ab07b766e04c057f61e6a0ac2,641,32.59261561309748,69.29666628368534,25.98812884247465,32.59261561309748,0.0002565496874570455,0.004892288660754532,0.05243960551940902
bfo-b4468b73aaba908259595c434d8a9488f707d56ab07b766e04c057f61e6a0ac2,642,32.59258069803857,69.34011323940133,25.988678449843288,32.59258069803857,0.0002564679928259373,0.0048906171564367575,0.052440823851523204
bfo-b4468b73aaba908259595c434d8a9488f707d56ab07b766e04c057f61e6a0ac2,643,32.592587235096865,69.33163167015482,25.98857330501649,32.592587235096865,0.0002564872105911648,0.004890927663583346,0.05244142384294619
bfo-b4468b73aaba908259595c434d8a9488f707d56ab07b766e04c057f61e6a0ac2,644,32.5925730580486,69.33102932694244,25.988547598889557,32.5925730580486,0.0002564873591438425,0.0048910006817202535,0.052440671313427674
bfo-b4468b73aaba908259595c434d8a9488f707d56ab07b766e04c057f61e6a0ac2,645,32.592596355601856,69.35319367666507,25.98885583166201,32.592596355601856,0.0002564366790925034,0.004890073638683775,0.052440248969650806
bfo-b4468b73aaba908259595c434d8a9488f707d56ab07b766e04c057f61e6a0ac2,646,32.592575688836945,69.34481178466588,25.98872996492742,32.592575688836945,0.00025645657465281563,0.004890455677113392,0.052440220622588275
bfo-b4468b73aaba908259595c434d8a9488f707d56ab07b766e04c057f61e6a0ac2,647,32.59259219468485,69.30458107876967,25.988215321197945,32.59259219468485,0.00025653472601878914,0.004892016826870777,0.05243946108478206
bfo-b4468b73aaba908259595c434d8a9488f707d56ab07b766e04c057f61e6a0ac2,648,32.59256734872451,69.32836041147206,25.98850890963109,32.59256734872451,0.00025649205883248807,0.004891117763427794,0.052440376870569
bfo-b4468b73aaba908259595c434d8a9488f707d56ab07b766e04c057f61e6a0ac2,649,32.592826526588496,69.44287620020532,25.990163390532565,32.592826526588496,0.0002562811884959933,0.004886460450117207,0.052447204088154675
bfo-b4468b73aaba908259595c434d8a9488f707d56ab07b766e04c057f61e6a0ac2,650,32.59256839854302,69.31885541984505,25.988372880643688,32.59256839854302,0.00025649926681244674,0.004891528582419808,0.05243744618692552
bfo-b4468b73aaba908259595c434d8a9488f707d56ab07b766e04c057f61e6a0ac2,651,32.59262512090878,69.29329886434688,25.98807557727893,32.59262512090878,0.0002565399717239458,0.004892468979951864,0.05243568692518717
bfo-b4468b73aaba908259595c434d8a9488f707d56ab07b766e04c057f61e6a0ac2,652,32.59256116504443,69.32862902989643,25.98851136243245,32.59256116504443,0.0002565003321381357,0.004891110778236504,0.05244214326108909
bfo-b4468b73aaba908259595c434d8a9488f707d56ab07b766e04c057f61e6a0ac2,653,32.5926552587759,69.26546698248313,25.98772902959105,32.5926552587759,0.00025662434899614736,0.0048935864773341055,0.05244095515319255
bfo-b4468b73aaba908259595c434d8a9488f707d56ab07b766e04c057f61e6a0ac2,654,32.59256502045177,69.31873117694103,25.988380669819808,32.59256502045177,0.0002565125526416253,0.004891499453064363,0.05244047456264739
bfo-b4468b73aaba908259595c434d8a9488f707d56ab07b766e04c057f61e6a0ac2,655,32.592561068689996,69.32784535790913,25.988490519137535,32.592561068689996,0.0002564981542954916,0.004891174184432337,0.05244101817348392
bfo-b4468b73aaba908259595c434d8a9488f707d56ab07b766e04c057f61e6a0ac2,656,32.592820851864225,69.44362333870748,25.99016342514974,32.592820851864225,0.0002562877726717119,0.004886464030181987,0.052448513094276665
bfo-b4468b73aaba908259595c434d8a9488f707d56ab07b766e04c057f61e6a0ac2,657,32.59255910496296,69.32993853371062,25.9885165836205,32.59255910496296,0.0002564943979147955,0.004891090904436808,0.052441143075489395
bfo-b4468b73aaba908259595c434d8a9488f707d56ab07b766e04c057f61e6a0ac2,658,32.59265819370315,69.26616466170995,25.987725594985516,32.59265819370315,0.0002566124821606589,0.0048935843696779925,0.05243855276118281
bfo-b4468b73aaba908259595c434d8a9488f707d56ab07b766e04c057f61e6a0ac2,659,32.592555225008404,69.32789042520136,25.988490580833194,32.592555225008404,0.0002565006192324874,0.004891172167654301,0.0524415437527932
bfo-b4468b73aaba908259595c434d8a9488f707d56ab07b766e04c057f61e6a0ac2,660,32.5926566855176,69.26371588992686,25.98769788718356,32.5926566855176,0.00025662551816709426,0.004893686160941146,0.05244012585346103
bfo-b4468b73aaba908259595c434d8a9488f707d56ab07b766e04c057f61e6a0ac2,661,32.592552871353575,69.3370978245159,25.98860701780844,32.592552871353575,0.0002564790929463328,0.004890814352006876,0.0524409790449499
bfo-b4468b73aaba908259595c434d8a9488f707d56ab07b766e04c057f61e6a0ac2,662,32.59285926943138,69.45258676216632,25.99030264937025,32.59285926943138,0.0002562681485172877,0.004886089302978651,0.052448519178939654
bfo-b4468b73aaba908259595c434d8a9488f707d56ab07b766e04c057f61e6a0ac2,663,32.59255245498666,69.32747146600843,25.988479810048236,32.59255245498666,0.0002564957975558964,0.0048911840435554715,0.05244043063434717
bfo-b4468b73aaba908259595c434d8a9488f707d56ab07b766e04c057f61e6a0ac2,664,32.5925552390912,69.32809630941429,25.988494091859984,32.5925552390912,0.00025648412489867763,0.004891148943118287,0.05243842047777829
bfo-b4468b73aaba908259595c434d8a9488f707d56ab07b766e04c057f61e6a0ac2,665,32.59255151525022,69.33457672646392,25.98857585767247,32.59255151525022,0.00025648602987832426,0.004890895752529938,0.052441524591001654
bfo-b4468b73aaba908259595c434d8a9488f707d56ab07b766e04c057f61e6a0ac2,666,32.592598426478354,69.30026690010378,25.988147973387605,32.592598426478354,0.00025653418209933083,0.004892218838262983,0.05243718455375049
bfo-b4468b73aaba908259595c434d8a9488f707d56ab07b766e04c057f61e6a0ac2,667,32.59255256132454,69.34370569646758,25.988695302217383,32.59255256132454,0.00025646902509168145,0.0048905334040341706,0.05244193299653607
bfo-b4468b73aaba908259595c434d8a9488f707d56ab07b766e04c057f61e6a0ac2,668,32.59284600118249,69.45020150119038,25.99026717132795,32.59284600118249,0.00025627372432187413,0.004886170533164997,0.052448788388045446
bfo-b4468b73aaba908259595c434d8a9488f707d56ab07b766e04c057f61e6a0ac2,669,32.592549963956,69.33850062454695,25.98862760863118,32.592549963956,0.0002564795297686936,0.004890745244408038,0.052441809366772105
bfo-b4468b73aaba908259595c434d8a9488f707d56ab07b766e04c057f61e6a0ac2,670,32.5926288159016,69.27317816249051,25.987805130563334,32.5926288159016,0.000256600199180802,0.004893309347541433,0.05243898984431196
bfo-b4468b73aaba908259595c434d8a9488f707d56ab07b766e04c057f61e6a0ac2,671,32.592548418842036,69.33637711057793,25.988600280182467,32.592548418842036,0.0002564874177620012,0.004890825947156656,0.052442556846888706
bfo-b4468b73aaba908259595c434d8a9488f707d56ab07b766e04c057f61e6a0ac2,672,32.59263381134933,69.26920918440811,25.987759001536727,32.59263381134933,0.0002566175092386369,0.0048934676352552055,0.05244083099473768
bfo-b4468b73aaba908259595c434d8a9488f707d56ab07b766e04c057f61e6a0ac2,673,32.59254324583013,69.34092964109169,25.988659519600205,32.59254324583013,0.00025648325431551337,0.004890648628047418,0.05244360693683975
bfo-b4468b73aaba908259595c434d8a9488f707d56ab07b766e04c057f61e6a0ac2,674,32.592858386371084,69.45474510595288,25.990337537153184,32.592858386371084,0.00025627577254769935,0.004885991550332758,0.05245112888708246
bfo-b4468b73aaba908259595c434d8a9488f707d56ab07b766e04c057f61e6a0ac2,675,32.592540586765736,69.33882386464023,25.988623692545797,32.592540586765736,0.000256479966767768,0.004890744369039534,0.052441908105317035
bfo-b4468b73aaba908259595c434d8a9488f707d56ab07b766e04c057f61e6a0ac2,676,32.59256268740637,69.30846313126463,25.98824254236528,32.59256268740637,0.00025653749695054613,0.004891895445350744,0.05244132868668713
bfo-b4468b73aaba908259595c434d8a9488f707d56ab07b766e04c057f61e6a0ac2,677,32.59254076735041,69.33518809280943,25.988575605866266,32.59254076735041,0.0002564843182425005,0.004890887548501161,0.052441262592737695
bfo-b4468b73aaba908259595c434d8a9488f707d56ab07b766e04c057f61e6a0ac2,678,32.592558642485045,69.34991543819967,25.988788633363917,32.592558642485045,0.0002564632582682079,0.004890258585945243,0.05244370083113629
bfo-b4468b73aaba908259595c434d8a9488f707d56ab07b766e04c057f61e6a0ac2,679,32.592540706666945,69.32591392310069,25.988447040938553,32.592540706666945,0.0002564966782722372,0.0048912775678107805,0.05243960799939616
bfo-b4468b73aaba908259595c434d8a9488f707d56ab07b766e04c057f61e6a0ac2,680,32.592549510676164,69.33552399270891,25.9885770772917,32.592549510676164,0.0002564655751998242,0.004890863312823602,0.05243769019824866
bfo-b4468b73aaba908259595c434d8a9488f707d56ab07b766e04c057f61e6a0ac2,681,32.592537142247295,69.3386850505424,25.988618614624894,32.592537142247295,0.0002564843500943196,0.004890758786968121,0.05244264975360181
bfo-b4468b73aaba908259595c434d8a9488f707d56ab07b766e04c057f61e6a0ac2,682,32.59283695597264,69.45192338626512,25.990279742066285,32.59283695597264,0.0002562763984152268,0.00488613163074531,0.05244975325728903
bfo-b4468b73aaba908259595c434d8a9488f707d56ab07b766e04c057f61e6a0ac2,683,32.59253198924431,69.33312163452872,25.988544228961743,32.59253198924431,0.000256503581707563,0.004890986563927952,0.05244413951151094
bfo-b4468b73aaba908259595c434d8a9488f707d56ab07b766e04c057f61e6a0ac2,684,32.592630811311594,69.26724361627218,25.987725170484936,32.592630811311594,0.00025662236293191946,0.004893559290180519,0.05244084064677857
bfo-b4468b73aaba908259595c434d8a9488f707d56ab07b766e04c057f61e6a0ac2,685,32.59252935870697,69.32478941838133,25.988433441781623,32.59252935870697,0.00025652668279306165,0.0048913276207820265,0.05244520561312311
bfo-b4468b73aaba908259595c434d8a9488f707d56ab07b766e04c057f61e6a0ac2,686,32.59264430574558,69.26012539770065,25.98764186273211,32.59264430574558,0.00025664950439397403,0.0048938497064937945,0.052443274678709115
bfo-b4468b73aaba908259595c434d8a9488f707d56ab07b766e04c057f61e6a0ac2,687,32.59253012696692,69.32222564641401,25.9883977134458,32.59253012696692,0.0002565283877539104,0.0048914330091966215,0.05244442421507131
bfo-b4468b73aaba908259595c434d8a9488f707d56ab07b766e04c057f61e6a0ac2,688,32.592543992151015,69.33050127538087,25.98852130016745,32.592543992151015,0.0002565049402345937,0.004891043535267129,0.05244380639531242
bfo-b4468b73aaba908259595c434d8a9488f707d56ab07b766e04c057f61e6a0ac2,689,32.59252638616312,69.32663531170633,25.98845488255284,32.59252638616312,0.00025652092418698865,0.004891251834093784,0.05244484088898175
bfo-b4468b73aaba908259595c434d8a9488f707d56ab07b766e04c057f61e6a0ac2,690,32.59276669970206,69.4398243649203,25.99008317594457,32.59276669970206,0.0002563143174673253,0.00488665319042622,0.05245191493627753
bfo-b4468b73aaba908259595c434d8a9488f707d56ab07b766e04c057f61e6a0ac2,691,32.592528177171125,69.31965334200967,25.98836242950246,32.592528177171125,0.0002565359579753618,0.004891530037957036,0.05244493154180955
bfo-b4468b73aaba908259595c434d8a9488f707d56ab07b766e04c057f61e6a0ac2,692,32.59253626209894,69.32481696386287,25.98843664948646,32.59253626209894,0.00025651478432606346,0.0048913022095322285,0.05244304549945092
bfo-b4468b73aaba908259595c434d8a9488f707d56ab07b766e04c057f61e6a0ac2,693,32.59252603757823,69.31671351440427,25.988321396602785,32.59252603757823,0.0002565421927763542,0.004891658664285087,0.05244482707867919
bfo-b4468b73aaba908259595c434d8a9488f707d56ab07b766e04c057f61e6a0ac2,694,32.59259468774975,69.28598001922103,25.987953440377407,32.59259468774975,0.0002565825688801903,0.004892824490980318,0.05244058301154838
bfo-b4468b73aaba908259595c434d8a9488f707d56ab07b766e04c057f61e6a0ac2,695,32.592517387384795,69.32569489394011,25.988434538580634,32.592517387384795,0.0002565292911169906,0.004891318867079978,0.05244583272693764
bfo-b4468b73aaba908259595c434d8a9488f707d56ab07b766e04c057f61e6a0ac2,696,32.59275174528187,69.43905738527465,25.990061880854384,32.59275174528187,0.0002563238855672272,0.004886718645860695,0.0524531703465979
bfo-b4468b73aaba908259595c434d8a9488f707d56ab07b766e04c057f61e6a0ac2,697,32.59252041619532,69.31395185439108,25.9882837821133,32.59252041619532,0.0002565602652887755,0.004891784311874609,0.052447174472918974
bfo-b4468b73aaba908259595c434d8a9488f707d56ab07b766e04c057f61e6a0ac2,698,32.592614684868664,69.26714238774716,25.98771097155419,32.592614684868664,0.00025663397309380387,0.004893602659261781,0.05244274841319424
bfo-b4468b73aaba908259595c434d8a9488f707d56ab07b766e04c057f61e6a0ac2,699,32.59251322872798,69.33380751927305,25.988535831280476,32.59251322872798,0.0002565146885747377,0.004891012043920354,0.05244613717391918
bfo-b4468b73aaba908259595c434d8a9488f707d56ab07b766e04c057f61e6a0ac2,700,32.59259005287547,69.27225831383561,25.98776413055023,32.59259005287547,0.0002566338588899479,0.004893433113830245,0.0524445420873593
bfo-b4468b73aaba908259595c434d8a9488f707d56ab07b766e04c057f61e6a0ac2,701,32.59250730503919,69.32704663616087,25.988442809230843,32.59250730503919,0.0002565331501912481,0.00489129747792203,0.0524468510347547
bfo-b4468b73aaba908259595c434d8a9488f707d56ab07b766e04c057f61e6a0ac2,702,32.59250807414458,69.31415826855087,25.988271040553247,32.59250807414458,0.00025656429179597636,0.004891817276126471,0.05244764416039959
bfo-b4468b73aaba908259595c434d8a9488f707d56ab07b766e04c057f61e6a0ac2,703,32.592502256739394,69.32515622736362,25.988409281742285,32.592502256739394,0.000256539759794309,0.004891384756190008,0.05244726648617449
bfo-b4468b73aaba908259595c434d8a9488f707d56ab07b766e04c057f61e6a0ac2,704,32.59272778237291,69.43803905767349,25.99002480454644,32.59272778237291,0.0002563367527991194,0.00488681379180622,0.05245478213819449
bfo-b4468b73aaba908259595c434d8a9488f707d56ab07b766e04c057f61e6a0ac2,705,32.59249931506751,69.31993982967296,25.988336220999255,32.59249931506751,0.00025654903136561026,0.004891608873303019,0.052446758931561435
bfo-b4468b73aaba908259595c434d8a9488f707d56ab07b766e04c057f61e6a0ac2,706,32.592603495667134,69.26422344710929,25.987653804910295,32.592603495667134,0.00025664823815094205,0.004893776883289116,0.052443796329849905
bfo-b4468b73aaba908259595c434d8a9488f707d56ab07b766e04c057f61e6a0ac2,707,32.59251013286705,69.30503256734215,25.988144309634386,32.59251013286705,0.0002565771071684791,0.004892209204064842,0.05244606198673886
bfo-b4468b73aaba908259595c434d8a9488f707d56ab07b766e04c057f61e6a0ac2,708,32.59255186115803,69.29594334730916,25.988047960488405,32.59255186115803,0.0002565779327624113,0.004892511179324153,0.05244299366074309
bfo-b4468b73aaba908259595c434d8a9488f707d56ab07b766e04c057f61e6a0ac2,709,32.592493376476135,69.33709975736224,25.98855629819352,32.592493376476135,0.00025651675863739643,0.004890945539873817,0.05244727354784948
bfo-b4468b73aaba908259595c434d8a9488f707d56ab07b766e04c057f61e6a0ac2,710,32.59278873242713,69.45111360835408,25.99022694453401,32.59278873242713,0.0002563085049986268,0.004886282957784917,0.052454699658821706
bfo-b4468b73aaba908259595c434d8a9488f707d56ab07b766e04c057f61e6a0ac2,711,32.592496639934,69.34698066009749,25.988685236744864,32.592496639934,0.0002564998231347573,0.004890557591173609,0.05244797108568634
bfo-b4468b73aaba908259595c434d8a9488f707d56ab07b766e04c057f61e6a0ac2,712,32.59250386601312,69.31993165631252,25.988333433157873,32.59250386601312,0.0002565437382836785,0.00489163097609414,0.052445439882409746
bfo-b4468b73aaba908259595c434d8a9488f707d56ab07b766e04c057f61e6a0ac2,713,32.59250210538577,69.35035322561669,25.9887362333671,32.59250210538577,0.0002564916389374312,0.004890420215621568,0.052447770872146075
bfo-b4468b73aaba908259595c434d8a9488f707d56ab07b766e04c057f61e6a0ac2,714,32.592591800955745,69.2657748140992,25.987667527080553,32.592591800955745,0.000256652794143878,0.004893737936560784,0.05244514468714035
bfo-b4468b73aaba908259595c434d8a9488f707d56ab07b766e04c057f61e6a0ac2,715,32.59249401150644,69.323086054036,25.988369504205526,32.59249401150644,0.00025654547113759487,0.004891510987580108,0.05244708062375449
bfo-b4468b73aaba908259595c434d8a9488f707d56ab07b766e04c057f61e6a0ac2,716,32.59250278304809,69.3327443487135,25.988507527620772,32.59250278304809,0.00025651891124933257,0.004891094843928068,0.05244611266693832
bfo-b4468b73aaba908259595c434d8a9488f707d56ab07b766e04c057f61e6a0ac2,717,32.59249231632946,69.34263731544767,25.988622632744573,32.59249231632946,0.00025650204764634784,0.004890742081041473,0.052446447470754026
bfo-b4468b73aaba908259595c434d8a9488f707d56ab07b766e04c057f61e6a0ac2,718,32.59280434333048,69.45415954941299,25.99027020353356,32.59280434333048,0.00025629657411209753,0.004886166914691174,0.052453503653650056
bfo-b4468b73aaba908259595c434d8a9488f707d56ab07b766e04c057f61e6a0ac2,719,32.592490002593856,69.3467750046066,25.988671518216275,32.592490002593856,0.00025648887451916333,0.0048905904610913875,0.05244537986971927
bfo-b4468b73aaba908259595c434d8a9488f707d56ab07b766e04c057f61e6a0ac2,720,32.59249272266477,69.32263800655298,25.988346991562175,32.59249272266477,0.0002565332954485704,0.004891568665242767,0.05244397309014137
bfo-b4468b73aaba908259595c434d8a9488f707d56ab07b766e04c057f61e6a0ac2,721,32.59247988698334,69.33238666960081,25.98847184496828,32.59247988698334,0.00025651523249122676,0.004891184263559932,0.05244440173769455
bfo-b4468b73aaba908259595c434d8a9488f707d56ab07b766e04c057f61e6a0ac2,722,32.59247982892248,69.34324535569581,25.98861611816967,32.59247982892248,0.0002564945632122759,0.004890753365857286,0.05244479613363527
bfo-b4468b73aaba908259595c434d8a9488f707d56ab07b766e04c057f61e6a0ac2,723,32.59277343147935,69.45073254201674,25.99019756623417,32.59277343147935,0.0002562969124346675,0.004886358125986466,0.05245152029926702
bfo-b4468b73aaba908259595c434d8a9488f707d56ab07b766e04c057f61e6a0ac2,724,32.592477488188294,69.34286731311116,25.98861546621132,32.592477488188294,0.0002565033465259284,0.004890752682371039,0.05244659936506449
bfo-b4468b73aaba908259595c434d8a9488f707d56ab07b766e04c057f61e6a0ac2,725,32.59252335676564,69.28685587893224,25.987896278063964,32.59252335676564,0.00025660286587196704,0.004892961413046968,0.052443263743658694
bfo-b4468b73aaba908259595c434d8a9488f707d56ab07b766e04c057f61e6a0ac2,726,32.592478577568,69.34564543576505,25.988649078984476,32.592478577568,0.00025649938216417925,0.004890657221824479,0.052446812469202485
bfo-b4468b73aaba908259595c434d8a9488f707d56ab07b766e04c057f61e6a0ac2,727,32.59256210134676,69.26900085734367,25.98768633397105,32.59256210134676,0.0002566449544235953,0.004893650715802001,0.05244447741128471
bfo-b4468b73aaba908259595c434d8a9488f707d56ab07b766e04c057f61e6a0ac2,728,32.59247737832708,69.34392332079395,25.988628908284504,32.59247737832708,0.0002565008723090203,0.004890708416292938,0.05244656816065984
bfo-b4468b73aaba908259595c434d8a9488f707d56ab07b766e04c057f61e6a0ac2,729,32.592508128895105,69.31332301447179,25.988242152237646,32.592508128895105,0.0002565423293064467,0.0048918792537041515,0.052442490094617884
bfo-b4468b73aaba908259595c434d8a9488f707d56ab07b766e04c057f61e6a0ac2,730,32.59247582716206,69.34418436233318,25.98862926330803,32.59247582716206,0.0002565057013496165,0.004890703253097902,0.052447610921218524
bfo-b4468b73aaba908259595c434d8a9488f707d56ab07b766e04c057f61e6a0ac2,731,32.59275182415581,69.4480214623575,25.990150766320998,32.59275182415581,0.00025631531341972275,0.004886469152082988,0.05245409424317383
bfo-b4468b73aaba908259595c434d8a9488f707d56ab07b766e04c057f61e6a0ac2,732,32.59246980903741,69.33953891049418,25.988566433529023,32.59246980903741,0.0002565159836181783,0.004890892896195126,0.05244767960830529
bfo-b4468b73aaba908259595c434d8a9488f707d56ab07b766e04c057f61e6a0ac2,733,32.59247778252998,69.31449581950069,25.988226637222997,32.59247778252998,0.0002565541865990404,0.004891921956937032,0.052444456158020174
bfo-b4468b73aaba908259595c434d8a9488f707d56ab07b766e04c057f61e6a0ac2,734,32.592470931932304,69.34546631406167,25.9886424298608,32.592470931932304,0.00025650083099116705,0.004890658746348402,0.052447092364128395
bfo-b4468b73aaba908259595c434d8a9488f707d56ab07b766e04c057f61e6a0ac2,735,32.59249236275599,69.30789256152761,25.988169527874398,32.59249236275599,0.00025657834837391195,0.004892094049535472,0.052447550226119494
bfo-b4468b73aaba908259595c434d8a9488f707d56ab07b766e04c057f61e6a0ac2,736,32.592468714815524,69.32880460100876,25.988424103886175,32.592468714815524,0.0002565350696202002,0.004891307567083823,0.052447135270445755
bfo-b4468b73aaba908259595c434d8a9488f707d56ab07b766e04c057f61e6a0ac2,737,32.59247934678968,69.30922392142071,25.988168779304,32.59247934678968,0.00025657703001267666,0.004892098853059729,0.05244722924030907
bfo-b4468b73aaba908259595c434d8a9488f707d56ab07b766e04c057f61e6a0ac2,738,32.59247399476647,69.32011022622343,25.988313994987458,32.59247399476647,0.00025655109792913625,0.004891648846562271,0.05244675281821057
bfo-b4468b73aaba908259595c434d8a9488f707d56ab07b766e04c057f61e6a0ac2,739,32.59266247564688,69.43101900482363,25.989875023884114,32.59266247564688,0.00025634882757887814,0.004887193660720484,0.05245317566177365
bfo-b4468b73aaba908259595c434d8a9488f707d56ab07b766e04c057f61e6a0ac2,740,32.592467759694685,69.33513711169775,25.988509960967725,32.592467759694685,0.000256526868923353,0.004891050088345127,0.0524482195622225
bfo-b4468b73aaba908259595c434d8a9488f707d56ab07b766e04c057f61e6a0ac2,741,32.592545806760654,69.27124893848395,25.987710489059648,32.592545806760654,0.0002566529200341048,0.004893553864211562,0.05244714315113728
bfo-b4468b73aaba908259595c434d8a9488f707d56ab07b766e04c057f61e6a0ac2,742,32.592468058187826,69.334051518234,25.9884919959824,32.592468058187826,0.00025652031355203757,0.00489109123865115,0.05244643803103128
bfo-b4468b73aaba908259595c434d8a9488f707d56ab07b766e04c057f61e6a0ac2,743,32.592485340902044,69.34959886759623,25.988716385556014,32.592485340902044,0.000256498099908042,0.004890427236335479,0.05244901672440433
bfo-b4468b73aaba908259595c434d8a9488f707d56ab07b766e04c057f61e6a0ac2,744,32.59246640512093,69.33989549684105,25.988573041500857,32.59246640512093,0.0002565191827150721,0.004890867157211959,0.05244860971879289
bfo-b4468b73aaba908259595c434d8a9488f707d56ab07b766e04c057f61e6a0ac2,745,32.59247613179566,69.35641636704378,25.988799655325842,32.59247613179566,0.0002564960450121331,0.004890222543436373,0.0524507919085197
bfo-b4468b73aaba908259595c434d8a9488f707d56ab07b766e04c057f61e6a0ac2,746,32.59246212282875,69.34196620922353,25.98860168676408,32.59246212282875,0.0002565255277622207,0.004890793079903355,0.0524507014652294
bfo-b4468b73aaba908259595c434d8a9488f707d56ab07b766e04c057f61e6a0ac2,747,32.59271159975914,69.44259391325858,25.990062572317257,32.59271159975914,0.00025633812992005,0.004886705586311179,0.052456225445239396
bfo-b4468b73aaba908259595c434d8a9488f707d56ab07b766e04c057f61e6a0ac2,748,32.592462063653805,69.34242234816782,25.98860987272264,32.592462063653805,0.000256528609352489,0.004890768055103615,0.05245159992504577
bfo-b4468b73aaba908259595c434d8a9488f707d56ab07b766e04c057f61e6a0ac2,749,32.59250496290423,69.37251256800847,25.989038150026396,32.59250496290423,0.0002564715105133628,0.004889522483266093,0.05245328381066068
bfo-b4468b73aaba908259595c434d8a9488f707d56ab07b766e04c057f61e6a0ac2,750,32.59246094982525,69.33733145897168,25.98853865523303,32.59246094982525,0.00025653675543378646,0.00489098420185986,0.052450947467022085
bfo-b4468b73aaba908259595c434d8a9488f707d56ab07b766e04c057f61e6a0ac2,751,32.59247982129214,69.33363723421223,25.988502010893416,32.59247982129214,0.00025653340688232187,0.004891086166009091,0.05244916940231329
bfo-b4468b73aaba908259595c434d8a9488f707d56ab07b766e04c057f61e6a0ac2,752,32.5924585486194,69.3283549503549,25.988411059255323,32.5924585486194,0.0002565458988353352,0.004891358648290907,0.05244880150527811
bfo-b4468b73aaba908259595c434d8a9488f707d56ab07b766e04c057f61e6a0ac2,753,32.59256594959742,69.26209006398969,25.987598299010006,32.59256594959742,0.00025667722076139037,0.004893938309278102,0.05244798862191879
bfo-b4468b73aaba908259595c434d8a9488f707d56ab07b766e04c057f61e6a0ac2,754,32.59245682280279,69.32668810173661,25.98838513696636,32.59245682280279,0.0002565496648439243,0.004891438121193244,0.05244871926977176
bfo-b4468b73aaba908259595c434d8a9488f707d56ab07b766e04c057f61e6a0ac2,755,32.59260498924087,69.41950531925362,25.989685043139467,32.59260498924087,0.00025637697206772704,0.004887716701863013,0.052453320784734886
bfo-b4468b73aaba908259595c434d8a9488f707d56ab07b766e04c057f61e6a0ac2,756,32.592453368991194,69.33266944495125,25.988465545024017,32.592453368991194,0.0002565465198945411,0.004891193302670937,0.05245070149945793
bfo-b4468b73aaba908259595c434d8a9488f707d56ab07b766e04c057f61e6a0ac2,757,32.592520835282315,69.2790916131535,25.98779269814041,32.592520835282315,0.0002566412136435537,0.004893288115910538,0.05244759915302844
bfo-b4468b73aaba908259595c434d8a9488f707d56ab07b766e04c057f61e6a0ac2,758,32.59245190800651,69.33439427758472,25.98848568739438,32.59245190800651,0.00025654200875402735,0.004891131848816867,0.052450438197875045
bfo-b4468b73aaba908259595c434d8a9488f707d56ab07b766e04c057f61e6a0ac2,759,32.5924685043139,69.3469151692338,25.988657663474275,32.5924685043139,0.00025649853991452696,0.00489060826515846,0.05244716526201188
bfo-b4468b73aaba908259595c434d8a9488f707d56ab07b766e04c057f61e6a0ac2,760,32.59245017106733,69.3230843179382,25.988333295768744,32.59245017106733,0.0002565666339645724,0.004891589642373574,0.05245056366585917
bfo-b4468b73aaba908259595c434d8a9488f707d56ab07b766e04c057f61e6a0ac2,761,32.592461750471806,69.31655394761188,25.988248726576533,32.592461750471806,0.00025657028013850865,0.004891828088767491,0.052448752385154285
bfo-b4468b73aaba908259595c434d8a9488f707d56ab07b766e04c057f61e6a0ac2,762,32.59244749618112,69.3213839136744,25.988308866945033,32.59244749618112,0.0002565718610589136,0.00489165822930072,0.05245089681901008
bfo-b4468b73aaba908259595c434d8a9488f707d56ab07b766e04c057f61e6a0ac2,763,32.592587575640216,69.41798518367898,25.98965532014058,32.592587575640216,0.00025639405575505336,0.004887788769940513,0.05245604256302054
bfo-b4468b73aaba908259595c434d8a9488f707d56ab07b766e04c057f61e6a0ac2,764,32.59244633074378,69.31847262383573,25.98826910976449,32.59244633074378,0.00025657794387046374,0.004891782241272182,0.05245081060757455
bfo-b4468b73aaba908259595c434d8a9488f707d56ab07b766e04c057f61e6a0ac2,765,32.592546723465716,69.26178253127262,25.987577770247157,32.592546723465716,0.00025669354322845837,0.004893991354279044,0.05245075535411792
bfo-b4468b73aaba908259595c434d8a9488f707d56ab07b766e04c057f61e6a0ac2,766,32.59244659260259,69.32455207170256,25.988350522607895,32.59244659260259,0.0002565625424735273,0.004891535859904514,0.052450303917129126
bfo-b4468b73aaba908259595c434d8a9488f707d56ab07b766e04c057f61e6a0ac2,767,32.59246941203941,69.3060908737093,25.988119675982183,32.59246941203941,0.0002565875377497309,0.004892232328930326,0.052447946151779154
bfo-b4468b73aaba908259595c434d8a9488f707d56ab07b766e04c057f61e6a0ac2,768,32.59244249814997,69.32765272205822,25.988386252635216,32.59244249814997,0.0002565546547625726,0.004891432892096846,0.05244979547344734
bfo-b4468b73aaba908259595c434d8a9488f707d56ab07b766e04c057f61e6a0ac2,769,32.59245687404204,69.30677893552313,25.98812664923458,32.59245687404204,0.0002565983644317617,0.004892256819991554,0.05244989661687562
bfo-b4468b73aaba908259595c434d8a9488f707d56ab07b766e04c057f61e6a0ac2,770,32.59244200596663,69.33814125180305,25.988524772031262,32.59244200596663,0.0002565345834620327,0.004891009469915756,0.0524502324192906
bfo-b4468b73aaba908259595c434d8a9488f707d56ab07b766e04c057f61e6a0ac2,771,32.59245831146428,69.34390429489864,25.988610256571246,32.59245831146428,0.0002565114836980461,0.0048907501750436845,0.05244829004085348
bfo-b4468b73aaba908259595c434d8a9488f707d56ab07b766e04c057f61e6a0ac2,772,32.59243783604529,69.34144458433892,25.988563395232294,32.59243783604529,0.0002565312512903006,0.004890893040152964,0.05245079971781135
bfo-b4468b73aaba908259595c434d8a9488f707d56ab07b766e04c057f61e6a0ac2,773,32.59267301573656,69.43936011204516,25.98998064069594,32.59267301573656,0.0002563478387455817,0.004886918611025245,0.05245592553296105
bfo-b4468b73aaba908259595c434d8a9488f707d56ab07b766e04c057f61e6a0ac2,774,32.592427402984576,69.33605093608908,25.988478986494567,32.592427402984576,0.00025654302594369893,0.004891140455999691,0.05245055386397907
bfo-b4468b73aaba908259595c434d8a9488f707d56ab07b766e04c057f61e6a0ac2,775,32.59249919379854,69.27758004313365,25.987744277297587,32.59249919379854,0.0002566471723015328,0.004893426486769003,0.05244733378450934
bfo-b4468b73aaba908259595c434d8a9488f707d56ab07b766e04c057f61e6a0ac2,776,32.59242740352097,69.3440116344427,25.988588162116468,32.59242740352097,0.00025652858257384583,0.004890813067382864,0.05245111171487025
bfo-b4468b73aaba908259595c434d8a9488f707d56ab07b766e04c057f61e6a0ac2,777,32.59248786824891,69.28291663092836,25.98781653401615,32.59248786824891,0.000256642062320387,0.004893207255219603,0.052448639294120615
bfo-b4468b73aaba908259595c434d8a9488f707d56ab07b766e04c057f61e6a0ac2,778,32.59243309771374,69.32008861615115,25.988268119452837,32.59243309771374,0.00025656962078671425,0.0048917699102653854,0.052449241377502766
bfo-b4468b73aaba908259595c434d8a9488f707d56ab07b766e04c057f61e6a0ac2,779,32.59245955103968,69.31584561852534,25.98823265943718,32.59245955103968,0.00025656682511541074,0.004891898908263554,0.052447286815761815
bfo-b4468b73aaba908259595c434d8a9488f707d56ab07b766e04c057f61e6a0ac2,780,32.59242747299084,69.32596973460255,25.98834521748087,32.59242747299084,0.00025655936353720675,0.004891545493159153,0.052449550739333016
bfo-b4468b73aaba908259595c434d8a9488f707d56ab07b766e04c057f61e6a0ac2,781,32.5924644613225,69.3691077823284,25.98894277368568,32.5924644613225,0.00025648168808219357,0.004889781567342129,0.052452585979542186
bfo-b4468b73aaba908259595c434d8a9488f707d56ab07b766e04c057f61e6a0ac2,782,32.59242848388184,69.34843152727092,25.988638188932633,32.59242848388184,0.0002565129372678014,0.0048906588887702405,0.05244956622446055
bfo-b4468b73aaba908259595c434d8a9488f707d56ab07b766e04c057f61e6a0ac2,783,32.592476397669195,69.28208015790896,25.98779457734166,32.592476397669195,0.00025665498577660524,0.004893269936395977,0.052450608511828485
bfo-b4468b73aaba908259595c434d8a9488f707d56ab07b766e04c057f61e6a0ac2,784,32.59242344040837,69.33639891106554,25.988479863922493,32.59242344040837,0.0002565420496326131,0.0048911372255955685,0.0524503888973132
bfo-b4468b73aaba908259595c434d8a9488f707d56ab07b766e04c057f61e6a0ac2,785,32.592653268479424,69.43933864928974,25.98995823291391,32.592653268479424,0.0002563531447215931,0.004886979082163603,0.05245636218440665
bfo-b4468b73aaba908259595c434d8a9488f707d56ab07b766e04c057f61e6a0ac2,786,32.59242338431283,69.34539769267923,25.988594298957256,32.59242338431283,0.000256520722834026,0.0048907963815139795,0.052449683614638296
bfo-b4468b73aaba908259595c434d8a9488f707d56ab07b766e04c057f61e6a0ac2,787,32.5924380368514,69.30934437974686,25.988132577926,32.5924380368514,0.00025658021839014696,0.004892188450742918,0.05244692042702958
bfo-b4468b73aaba908259595c434d8a9488f707d56ab07b766e04c057f61e6a0ac2,788,32.59243424583484,69.35833227573703,25.988776789100392,32.59243424583484,0.0002564991190405744,0.004890257424123509,0.05245104639589546
bfo-b4468b73aaba908259595c434d8a9488f707d56ab07b766e04c057f61e6a0ac2,789,32.592437521168854,69.36269656201796,25.988824451268332,32.592437521168854,0.0002564797355942652,0.0048901213376708165,0.05244854225159727
bfo-b4468b73aaba908259595c434d8a9488f707d56ab07b766e04c057f61e6a0ac2,790,32.59242343512043,69.34708639535258,25.988616095372,32.59242343512043,0.00025652205079128884,0.004890735926998332,0.052450603471598224
bfo-b4468b73aaba908259595c434d8a9488f707d56ab07b766e04c057f61e6a0ac2,791,32.592427150512314,69.34777120813749,25.9886236105629,32.592427150512314,0.0002565043448355363,0.004890703490586174,0.052447331008568875
bfo-b4468b73aaba908259595c434d8a9488f707d56ab07b766e04c057f61e6a0ac2,792,32.592421939257044,69.34659998789817,25.98861298358745,32.592421939257044,0.0002565239050510614,0.004890736109070338,0.05245098065612522
bfo-b4468b73aaba908259595c434d8a9488f707d56ab07b766e04c057f61e6a0ac2,793,32.59264398935247,69.43839548883346,25.98993937407232,32.59264398935247,0.00025635377232864756,0.004887024895807209,0.052455998852918594
bfo-b4468b73aaba908259595c434d8a9488f707d56ab07b766e04c057f61e6a0ac2,794,32.59243338947757,69.35762477275838,25.988767820366476,32.59243338947757,0.00025650089981399843,0.004890277831624451,0.052451191659348737
bfo-b4468b73aaba908259595c434d8a9488f707d56ab07b766e04c057f61e6a0ac2,795,32.59242162460767,69.34328015512928,25.98857836078259,32.59242162460767,0.0002565380074223419,0.004890832283620893,0.05245283267665351
bfo-b4468b73aaba908259595c434d8a9488f707d56ab07b766e04c057f61e6a0ac2,796,32.5926137357287,69.43168372681981,25.989843915231326,32.5926137357287,0.0002563773699686453,0.004887270738485842,0.05245818856519402
bfo-b4468b73aaba908259595c434d8a9488f707d56ab07b766e04c057f61e6a0ac2,797,32.592414374723205,69.3298207198201,25.988392833355658,32.592414374723205,0.000256561976211231,0.004891390906813899,0.05245174247959412
bfo-b4468b73aaba908259595c434d8a9488f707d56ab07b766e04c057f61e6a0ac2,798,32.59248076620257,69.27985309598671,25.98776784790291,32.59248076620257,0.0002566533038493048,0.004893339224918347,0.052449522105957706
bfo-b4468b73aaba908259595c434d8a9488f707d56ab07b766e04c057f61e6a0ac2,799,32.59241303875303,69.32846296520607,25.98837207368135,32.59241303875303,0.00025656996627128787,0.004891449718873295,0.05245274530398048
bfo-b4468b73aaba908259595c434d8a9488f707d56ab07b766e04c057f61e6a0ac2,800,32.59249331351674,69.27374026160118,25.98769850433991,32.59249331351674,0.0002566742925395906,0.004893578869935341,0.05245124261029476
bfo-b4468b73aaba908259595c434d8a9488f707d56ab07b766e04c057f61e6a0ac2,801,32.59242054161821,69.31487133601196,25.988195514488527,32.59242054161821,0.000256592652479223,0.004891977868943464,0.05245171980605058
bfo-b4468b73aaba908259595c434d8a9488f707d56ab07b766e04c057f61e6a0ac2,802,32.59246879386958,69.27963821530582,25.987759397861677,32.59246879386958,0.00025667441859972897,0.0048933771438369605,0.05245343063798005
bfo-b4468b73aaba908259595c434d8a9488f707d56ab07b766e04c057f61e6a0ac2,803,32.59240963688725,69.32564475769348,25.988333412989707,32.59240963688725,0.000256574365144268,0.004891562118401264,0.05245243930953607
bfo-b4468b73aaba908259595c434d8a9488f707d56ab07b766e04c057f61e6a0ac2,804,32.592554435724686,69.41960266317182,25.989645674571175,32.592554435724686,0.00025640220390761164,0.004887803463631224,0.052457551907606065
bfo-b4468b73aaba908259595c434d8a9488f707d56ab07b766e04c057f61e6a0ac2,805,32.59240738439321,69.33694325426977,25.98847851383221,32.59240738439321,0.00025655147655615396,0.004891125332129271,0.052452443790572116
bfo-b4468b73aaba908259595c434d8a9488f707d56ab07b766e04c057f61e6a0ac2,806,32.592426896095134,69.29891086131687,25.98798926626515,32.592426896095134,0.0002566178222453271,0.004892619043586812,0.05244999047732906
bfo-b4468b73aaba908259595c434d8a9488f707d56ab07b766e04c057f61e6a0ac2,807,32.59241060213022,69.3495189258075,25.988645735744154,32.59241060213022,0.0002565278295834152,0.004890623763222098,0.05245298800380558
bfo-b4468b73aaba908259595c434d8a9488f707d56ab07b766e04c057f61e6a0ac2,808,32.592419930749855,69.35964282250146,25.988778964388665,32.592419930749855,0.0002565072753532653,0.004890246133487333,0.052452835368911134
bfo-b4468b73aaba908259595c434d8a9488f707d56ab07b766e04c057f61e6a0ac2,809,32.59240704029988,69.34181011687751,25.988546217441513,32.59240704029988,0.0002565490682430949,0.004890936128386648,0.052453980487314526
bfo-b4468b73aaba908259595c434d8a9488f707d56ab07b766e04c057f61e6a0ac2,810,32.59242590778959,69.3582635463436,25.988778790983364,32.59242590778959,0.00025651120910107994,0.004890245853888904,0.05245364277485002
bfo-b4468b73aaba908259595c434d8a9488f707d56ab07b766e04c057f61e6a0ac2,811,32.59239886911861,69.34586079894189,25.988595158958898,32.59239886911861,0.0002565478660734411,0.004890796789642983,0.05245522909819537
bfo-b4468b73aaba908259595c434d8a9488f707d56ab07b766e04c057f61e6a0ac2,812,32.59240884692795,69.35878414033567,25.98877428863988,32.59240884692795,0.0002565271105844981,0.004890277366315942,0.052456556421819296
bfo-b4468b73aaba908259595c434d8a9488f707d56ab07b766e04c057f61e6a0ac2,813,32.59239490412914,69.34733483181068,25.988616232116367,32.59239490412914,0.00025655597800896694,0.004890744475891965,0.0524574488145134
bfo-b4468b73aaba908259595c434d8a9488f707d56ab07b766e04c057f61e6a0ac2,814,32.59239280833547,69.34248619391491,25.98855097433831,32.59239280833547,0.0002565716260348458,0.004890920397039778,0.052458761379583156
bfo-b4468b73aaba908259595c434d8a9488f707d56ab07b766e04c057f61e6a0ac2,815,32.59258084173476,69.4301820199252,25.989806221515938,32.59258084173476,0.0002564123888981634,0.004887379281130564,0.05246418870909673
bfo-b4468b73aaba908259595c434d8a9488f707d56ab07b766e04c057f61e6a0ac2,816,32.592392719267174,69.34290276567063,25.988558606742423,32.592392719267174,0.0002565748195342345,0.0048908970389556165,0.05245966486119743
bfo-b4468b73aaba908259595c434d8a9488f707d56ab07b766e04c057f61e6a0ac2,817,32.592415678381165,69.29920199721204,25.987997803728124,32.592415678381165,0.00025666223801270867,0.004892624836642284,0.052459006480629955
bfo-b4468b73aaba908259595c434d8a9488f707d56ab07b766e04c057f61e6a0ac2,818,32.59239152278268,69.33687209353837,25.98847491305836,32.59239152278268,0.00025658465336602434,0.004891150445911051,0.05245895749956462
bfo-b4468b73aaba908259595c434d8a9488f707d56ab07b766e04c057f61e6a0ac2,819,32.592446990984115,69.28420287159904,25.98780824583802,32.592446990984115,0.0002566793605744636,0.0048932181281156955,0.052456145189935965
bfo-b4468b73aaba908259595c434d8a9488f707d56ab07b766e04c057f61e6a0ac2,820,32.59238808977468,69.33857043849031,25.98849801964609,32.59238808977468,0.00025659130760428045,0.004891087459205204,0.05246099354068313
bfo-b4468b73aaba908259595c434d8a9488f707d56ab07b766e04c057f61e6a0ac2,821,32.59242708900971,69.36860571429196,25.988920666648507,32.59242708900971,0.0002565294509876197,0.004889846955269708,0.05246165234500073
bfo-b4468b73aaba908259595c434d8a9488f707d56ab07b766e04c057f61e6a0ac2,822,32.59238802294705,69.32797539607473,25.988350711056757,32.59238802294705,0.0002566026306578466,0.004891522509209633,0.052458642513598115
bfo-b4468b73aaba908259595c434d8a9488f707d56ab07b766e04c057f61e6a0ac2,823,32.592429063638534,69.3067821615771,25.98809881171614,32.592429063638534,0.0002566340645048452,0.004892313290594929,0.05245658837879478
bfo-b4468b73aaba908259595c434d8a9488f707d56ab07b766e04c057f61e6a0ac2,824,32.59238382313795,69.32595832818934,25.98832413915718,32.59238382313795,0.0002566125609734475,0.004891614771456564,0.05245968314406668
bfo-b4468b73aaba908259595c434d8a9488f707d56ab07b766e04c057f61e6a0ac2,825,32.59244835277425,69.2768673634682,25.987711483484976,32.59244835277425,0.0002567176500966579,0.004893548952343944,0.052460423426170806
bfo-b4468b73aaba908259595c434d8a9488f707d56ab07b766e04c057f61e6a0ac2,826,32.59238183748012,69.3251655321159,25.988309552538706,32.59238183748012,0.00025661476888602257,0.004891660182441291,0.05245964750518571
bfo-b4468b73aaba908259595c434d8a9488f707d56ab07b766e04c057f61e6a0ac2,827,32.592479986080725,69.40823130906338,25.989453682078125,32.592479986080725,0.0002564696765010345,0.004888359272452211,0.05246539016605019
bfo-b4468b73aaba908259595c434d8a9488f707d56ab07b766e04c057f61e6a0ac2,828,32.59237833510496,69.32839302004666,25.988354525048706,32.59237833510496,0.0002566180356637312,0.004891519254938085,0.05246182674322916
bfo-b4468b73aaba908259595c434d8a9488f707d56ab07b766e04c057f61e6a0ac2,829,32.5923841512362,69.31819181626071,25.98822336012143,32.5923841512362,0.0002566354008834245,0.004891912575481816,0.05246115847811281
bfo-b4468b73aaba908259595c434d8a9488f707d56ab07b766e04c057f61e6a0ac2,830,32.59237734137973,69.32932866124264,25.988364595906273,32.59237734137973,0.0002566141578518458,0.00489148708358801,0.05246137901760826
bfo-b4468b73aaba908259595c434d8a9488f707d56ab07b766e04c057f61e6a0ac2,831,32.59239141961153,69.31879159434047,25.988234531727485,32.59239141961153,0.0002566217905615428,0.0048918700817254185,0.052458831954717275
bfo-b4468b73aaba908259595c434d8a9488f707d56ab07b766e04c057f61e6a0ac2,832,32.592378851354106,69.33863328368399,25.988488119443495,32.592378851354106,0.0002565936894211332,0.004891098960791602,0.05246135714653475
bfo-b4468b73aaba908259595c434d8a9488f707d56ab07b766e04c057f61e6a0ac2,833,32.5923814950681,69.32221772032139,25.98828328829425,32.5923814950681,0.00025662322869510364,0.004891740724434008,0.05246051316932703
bfo-b4468b73aaba908259595c434d8a9488f707d56ab07b766e04c057f61e6a0ac2,834,32.59237968550936,69.31886784228672,25.988225803803207,32.59237968550936,0.00025663573490657273,0.00489190627738163,0.05246129430017122
bfo-b4468b73aaba908259595c434d8a9488f707d56ab07b766e04c057f61e6a0ac2,835,32.59239235362274,69.34119051193856,25.988530565635852,32.59239235362274,0.00025657905868117526,0.004890985356581798,0.05245958431175772
bfo-b4468b73aaba908259595c434d8a9488f707d56ab07b766e04c057f61e6a0ac2,836,32.59237350936216,69.32903196708794,25.988357941082842,32.59237350936216,0.00025661698381416857,0.0048915012973862965,0.052461804303576116
bfo-b4468b73aaba908259595c434d8a9488f707d56ab07b766e04c057f61e6a0ac2,837,32.59248599275752,69.41204153355156,25.98951053139368,32.59248599275752,0.00025647204208375444,0.004888192352804145,0.05246766566717194
bfo-b4468b73aaba908259595c434d8a9488f707d56ab07b766e04c057f61e6a0ac2,838,32.59237187250702,69.325056176705,25.988303809106096,32.59237187250702,0.00025662498315952076,0.004891668204483276,0.05246164957065581
bfo-b4468b73aaba908259595c434d8a9488f707d56ab07b766e04c057f61e6a0ac2,839,32.592437560133106,69.27883034016885,25.98772822865396,32.592437560133106,0.00025670792192166586,0.004893474454253912,0.05245923409255951
bfo-b4468b73aaba908259595c434d8a9488f707d56ab07b766e04c057f61e6a0ac2,840,32.59237180297376,69.31878432660997,25.988219963143017,32.59237180297376,0.0002566408036526068,0.0048919220570297324,0.05246216122430075
bfo-b4468b73aaba908259595c434d8a9488f707d56ab07b766e04c057f61e6a0ac2,841,32.592431372117304,69.27610788863882,25.98768907428145,32.592431372117304,0.00025673579140763746,0.004893608245042348,0.052463494941127176
bfo-b4468b73aaba908259595c434d8a9488f707d56ab07b766e04c057f61e6a0ac2,842,32.59236864934577,69.33073659605209,25.98837671876496,32.59236864934577,0.000256616566978352,0.004891447813182329,0.05246229271562027
bfo-b4468b73aaba908259595c434d8a9488f707d56ab07b766e04c057f61e6a0ac2,843,32.59238040189377,69.31673740787593,25.988204931845367,32.59238040189377,0.0002566541683440315,0.004891977711669331,0.05246429633802466
bfo-b4468b73aaba908259595c434d8a9488f707d56ab07b766e04c057f61e6a0ac2,844,32.59237302879799,69.34616280901088,25.98858341278641,32.59237302879799,0.0002565893706492841,0.004890832121999394,0.052463336350295584
bfo-b4468b73aaba908259595c434d8a9488f707d56ab07b766e04c057f61e6a0ac2,845,32.592401431663305,69.30220197132624,25.988023949933922,32.592401431663305,0.0002566603708546585,0.004892534782245514,0.05245959043276536
bfo-b4468b73aaba908259595c434d8a9488f707d56ab07b766e04c057f61e6a0ac2,846,32.59237437260012,69.32753943281249,25.988345334433145,32.59237437260012,0.00025662723929337694,0.0048915444919888,0.0524634376143715
bfo-b4468b73aaba908259595c434d8a9488f707d56ab07b766e04c057f61e6a0ac2,847,32.59238669417859,69.34401070502177,25.988572707930263,32.59238669417859,0.000256591877019801,0.004890877692049757,0.05246335998892335
bfo-b4468b73aaba908259595c434d8a9488f707d56ab07b766e04c057f61e6a0ac2,848,32.592368977103234,69.33032345764092,25.988366541139882,32.592368977103234,0.00025661020705995674,0.004891477748032902,0.052460671453151766
bfo-b4468b73aaba908259595c434d8a9488f707d56ab07b766e04c057f61e6a0ac2,849,32.59250469232634,69.41832378778167,25.989602264621066,32.59250469232634,0.0002564616520985862,0.004887944682096571,0.05246819855346295
bfo-b4468b73aaba908259595c434d8a9488f707d56ab07b766e04c057f61e6a0ac2,850,32.59237358781991,69.35244705250719,25.98866900833645,32.59237358781991,0.00025657554139553446,0.0048905828987182475,0.05246318214190363
bfo-b4468b73aaba908259595c434d8a9488f707d56ab07b766e04c057f61e6a0ac2,851,32.592386862373814,69.3508810260128,25.98865570424466,32.592386862373814,0.00025657435152527723,0.004890612900015927,0.05246261701154913
bfo-b4468b73aaba908259595c434d8a9488f707d56ab07b766e04c057f61e6a0ac2,852,32.59237278200404,69.32237401122578,25.988273945766952,32.59237278200404,0.0002566368593704125,0.004891766187784586,0.05246302654678592
bfo-b4468b73aaba908259595c434d8a9488f707d56ab07b766e04c057f61e6a0ac2,853,32.59238640914273,69.32480735248703,25.98830409045738,32.59238640914273,0.0002566119108958857,0.004891640995979382,0.05245926900743623
bfo-b4468b73aaba908259595c434d8a9488f707d56ab07b766e04c057f61e6a0ac2,854,32.59237867333084,69.3150428679087,25.988172280818905,32.59237867333084,0.00025664341196731625,0.004892073662048916,0.052461068597202586
bfo-b4468b73aaba908259595c434d8a9488f707d56ab07b766e04c057f61e6a0ac2,855,32.59236559658181,69.34420739568267,25.988553096783473,32.59236559658181,0.00025658950493853054,0.0048909006636054415,0.05246262858043402
bfo-b4468b73aaba908259595c434d8a9488f707d56ab07b766e04c057f61e6a0ac2,856,32.59238514122911,69.35685890088845,25.9887395873814,32.59238514122911,0.0002565663560559916,0.004890354422491085,0.05246375495322483
bfo-b4468b73aaba908259595c434d8a9488f707d56ab07b766e04c057f61e6a0ac2,857,32.59236602304587,69.33946596302127,25.988492357236606,32.59236602304587,0.0002565992554232458,0.004891082910973409,0.05246266728530639
bfo-b4468b73aaba908259595c434d8a9488f707d56ab07b766e04c057f61e6a0ac2,858,32.59259264592753,69.4398160919275,25.989935518010643,32.59259264592753,0.0002564164257260313,0.004887024671450371,0.05246882161737318
bfo-b4468b73aaba908259595c434d8a9488f707d56ab07b766e04c057f61e6a0ac2,859,32.59236551447802,69.34122768979046,25.98851519955475,32.59236551447802,0.00025659607573088483,0.004891010022915725,0.052462798998297235
bfo-b4468b73aaba908259595c434d8a9488f707d56ab07b766e04c057f61e6a0ac2,860,32.59239764266057,69.31641756813478,25.988211488768485,32.59239764266057,0.00025663396789221075,0.004891944736844852,0.05246052065128835
bfo-b4468b73aaba908259595c434d8a9488f707d56ab07b766e04c057f61e6a0ac2,861,32.59236418030511,69.33154876148973,25.98838925069578,32.59236418030511,0.00025661815780948224,0.0048913859424812595,0.052463281537605926
bfo-b4468b73aaba908259595c434d8a9488f707d56ab07b766e04c057f61e6a0ac2,862,32.592424894184056,69.2826988221762,25.98777651611705,32.592424894184056,0.00025670408046730525,0.004893294973645059,0.052460373194319024
bfo-b4468b73aaba908259595c434d8a9488f707d56ab07b766e04c057f61e6a0ac2,863,32.59237182429266,69.34956197935433,25.98863067382891,32.59237182429266,0.00025658838979183935,0.0048906705533033725,0.05246486897763505
bfo-b4468b73aaba908259595c434d8a9488f707d56ab07b766e04c057f61e6a0ac2,864,32.592431128092336,69.27617072053698,25.98769638852841,32.592431128092336,0.0002567327194431407,0.0048935612510955465,0.05246337100320644
bfo-b4468b73aaba908259595c434d8a9488f707d56ab07b766e04c057f61e6a0ac2,865,32.592361824797216,69.32140573249234,25.988249446286787,32.592361824797216,0.00025663848896712526,0.0048918039418632195,0.05246295477438437
bfo-b4468b73aaba908259595c434d8a9488f707d56ab07b766e04c057f61e6a0ac2,866,32.592468570578916,69.41150399959392,25.989491488378917,32.592468570578916,0.00025647869238397316,0.004888214797170508,0.052468785236776665
bfo-b4468b73aaba908259595c434d8a9488f707d56ab07b766e04c057f61e6a0ac2,867,32.592373184988396,69.30894259745776,25.988095167145282,32.592373184988396,0.00025666388878135403,0.004892278048556994,0.05246306244941629
bfo-b4468b73aaba908259595c434d8a9488f707d56ab07b766e04c057f61e6a0ac2,868,32.59240364504069,69.2884222557092,25.987838826997688,32.59240364504069,0.00025670360403929823,0.004893102421212922,0.052462340237641195
bfo-b4468b73aaba908259595c434d8a9488f707d56ab07b766e04c057f61e6a0ac2,869,32.592361474092854,69.3146109498611,25.988155131778566,32.592361474092854,0.0002566549510617397,0.00489209115450072,0.05246323973861717
bfo-b4468b73aaba908259595c434d8a9488f707d56ab07b766e04c057f61e6a0ac2,870,32.592349545798555,69.3234020929475,25.988257168046296,32.592349545798555,0.0002566410101140696,0.004891778548276974,0.05246374249800535
bfo-b4468b73aaba908259595c434d8a9488f707d56ab07b766e04c057f61e6a0ac2,871,32.592495869730264,69.4219466562615,25.989630011707803,32.592495869730264,0.000256462905629938,0.004887839628767242,0.05246958270081793
bfo-b4468b73aaba908259595c434d8a9488f707d56ab07b766e04c057f61e6a0ac2,872,32.59234479405727,69.3327524558234,25.988378516001298,32.59234479405727,0.0002566232827845052,0.004891402696045743,0.05246414959699841
bfo-b4468b73aaba908259595c434d8a9488f707d56ab07b766e04c057f61e6a0ac2,873,32.59237506451849,69.30418038693531,25.988019593643042,32.59237506451849,0.00025667050010288556,0.0048924845540685175,0.052462199372595296
bfo-b4468b73aaba908259595c434d8a9488f707d56ab07b766e04c057f61e6a0ac2,874,32.592348037414055,69.32676385524168,25.98829964571389,32.592348037414055,0.0002566328250652037,0.0048916319462874,0.05246364155831066
bfo-b4468b73aaba908259595c434d8a9488f707d56ab07b766e04c057f61e6a0ac2,875,32.59234391708533,69.32000614763133,25.9882110623614,32.59234391708533,0.00025665727463121114,0.004891920266030932,0.0524655474075113
bfo-b4468b73aaba908259595c434d8a9488f707d56ab07b766e04c057f61e6a0ac2,876,32.59237009236907,69.29963642063697,25.987956476824774,32.59237009236907,0.00025669961437048807,0.004892720914503855,0.05246561552479611
bfo-b4468b73aaba908259595c434d8a9488f707d56ab07b766e04c057f61e6a0ac2,877,32.592348789410934,69.31239230762232,25.98811748255189,32.592348789410934,0.00025668207492539623,0.004892216082539261,0.05246744432273068
bfo-b4468b73aaba908259595c434d8a9488f707d56ab07b766e04c057f61e6a0ac2,878,32.59237546511443,69.30417472119981,25.98802385525687,32.59237546511443,0.0002566821250896102,0.004892506450439,0.052464340658473406
bfo-b4468b73aaba908259595c434d8a9488f707d56ab07b766e04c057f61e6a0ac2,879,32.592343363400275,69.32046694484944,25.98821900531158,32.592343363400275,0.0002566604113393221,0.004891895358747031,0.05246645574304782
bfo-b4468b73aaba908259595c434d8a9488f707d56ab07b766e04c057f61e6a0ac2,880,32.592485778724836,69.42211378316316,25.989630325674725,32.592485778724836,0.0002564780561213338,0.004887842195901058,0.052472654771141373
bfo-b4468b73aaba908259595c434d8a9488f707d56ab07b766e04c057f61e6a0ac2,881,32.592349559648014,69.31318711123512,25.98812301411233,32.592349559648014,0.0002566726569145295,0.0048921944975790655,0.0524657507058531
bfo-b4468b73aaba908259595c434d8a9488f707d56ab07b766e04c057f61e6a0ac2,882,32.592400148238774,69.27774116536537,25.987688174399892,32.592400148238774,0.00025675098712739445,0.004893573209874073,0.05246697578966055
bfo-b4468b73aaba908259595c434d8a9488f707d56ab07b766e04c057f61e6a0ac2,883,32.5923408206566,69.31857403964923,25.988195081202175,32.5923408206566,0.00025667328289152814,0.0048919744825651175,0.05246823829648043
bfo-b4468b73aaba908259595c434d8a9488f707d56ab07b766e04c057f61e6a0ac2,884,32.59241498451229,69.27528642221142,25.987663199150166,32.59241498451229,0.0002567441935416142,0.004893653570402262,0.05246472596557537
bfo-b4468b73aaba908259595c434d8a9488f707d56ab07b766e04c057f61e6a0ac2,885,32.59235121103708,69.30792954488983,25.988053036004256,32.59235121103708,0.0002566843598435913,0.00489240550121928,0.05246587998063952
bfo-b4468b73aaba908259595c434d8a9488f707d56ab07b766e04c057f61e6a0ac2,886,32.59237547537015,69.29613723291205,25.987922333052403,32.59237547537015,0.00025670655008861896,0.004892825981450459,0.052465906423371164
bfo-b4468b73aaba908259595c434d8a9488f707d56ab07b766e04c057f61e6a0ac2,887,32.59234000281225,69.32087949417836,25.98822220612946,32.59234000281225,0.0002566636250591932,0.004891892346251277,0.0524671450008253
bfo-b4468b73aaba908259595c434d8a9488f707d56ab07b766e04c057f61e6a0ac2,888,32.59234959207108,69.31260826493123,25.988112284279126,32.59234959207108,0.0002566642962210301,0.0048922231450238465,0.05246373450526223
bfo-b4468b73aaba908259595c434d8a9488f707d56ab07b766e04c057f61e6a0ac2,889,32.592343503488074,69.30898747822614,25.98806669908308,32.592343503488074,0.00025669114309605955,0.004892373090128113,0.052467614052986666
bfo-b4468b73aaba908259595c434d8a9488f707d56ab07b766e04c057f61e6a0ac2,890,32.592356238288176,69.30539661201956,25.988027690907302,32.592356238288176,0.0002566916338826647,0.004892507008223586,0.052466278219163255
bfo-b4468b73aaba908259595c434d8a9488f707d56ab07b766e04c057f61e6a0ac2,891,32.592332486787896,69.32281120587757,25.988242058698255,32.592332486787896,0.00025666671055938326,0.004891836784589923,0.052468371669293
bfo-b4468b73aaba908259595c434d8a9488f707d56ab07b766e04c057f61e6a0ac2,892,32.59232991595397,69.31576004326621,25.98814424118194,32.59232991595397,0.0002566862813246485,0.004892145996364884,0.05246905581218949
bfo-b4468b73aaba908259595c434d8a9488f707d56ab07b766e04c057f61e6a0ac2,893,32.59247663165952,69.4229633881334,25.9896350028831,32.59247663165952,0.0002564957594433759,0.004887857817088381,0.05247610897081419
bfo-b4468b73aaba908259595c434d8a9488f707d56ab07b766e04c057f61e6a0ac2,894,32.59233025638454,69.31079491023722,25.9880796580594,32.59233025638454,0.0002566986353085516,0.004892355680313215,0.05246933217498967
bfo-b4468b73aaba908259595c434d8a9488f707d56ab07b766e04c057f61e6a0ac2,895,32.59237384025458,69.28934181566201,25.987803595279573,32.59237384025458,0.0002567049004465347,0.004893199758024977,0.052461561583610365
bfo-b4468b73aaba908259595c434d8a9488f707d56ab07b766e04c057f61e6a0ac2,896,32.59232768585017,69.31720309701385,25.988156862742304,32.59232768585017,0.0002566861377711813,0.004892101359145488,0.05246950521401648
bfo-b4468b73aaba908259595c434d8a9488f707d56ab07b766e04c057f61e6a0ac2,897,32.59236977113674,69.2894425607267,25.98782095820827,32.59236977113674,0.00025675346291208955,0.004893172506052115,0.05247177829813364
bfo-b4468b73aaba908259595c434d8a9488f707d56ab07b766e04c057f61e6a0ac2,898,32.59232956528475,69.31326026752623,25.988102806100216,32.59232956528475,0.00025669424394962273,0.004892268956687899,0.052469364669477735
bfo-b4468b73aaba908259595c434d8a9488f707d56ab07b766e04c057f61e6a0ac2,899,32.592392271366464,69.28186616290395,25.98772629114267,32.592392271366464,0.00025675250433562416,0.00489345782536993,0.05246852297459302
bfo-b4468b73aaba908259595c434d8a9488f707d56ab07b766e04c057f61e6a0ac2,900,32.59232379521927,69.31968429682259,25.98819140451911,32.59232379521927,0.0002566894522833561,0.0048919873523510125,0.052471405544414415
bfo-b4468b73aaba908259595c434d8a9488f707d56ab07b766e04c057f61e6a0ac2,901,32.59232916633647,69.32032070022686,25.988214112430942,32.59232916633647,0.0002566985628470505,0.0048919301186731426,0.052473881805301804
bfo-b4468b73aaba908259595c434d8a9488f707d56ab07b766e04c057f61e6a0ac2,902,32.592319978589444,69.33004955140228,25.988327518856355,32.592319978589444,0.000256668090921783,0.004891566325365143,0.05247155488638364
bfo-b4468b73aaba908259595c434d8a9488f707d56ab07b766e04c057f61e6a0ac2,903,32.59234619134755,69.29779866008067,25.987918017653055,32.59234619134755,0.00025672861157711167,0.004892833552233879,0.05247033418087547
bfo-b4468b73aaba908259595c434d8a9488f707d56ab07b766e04c057f61e6a0ac2,904,32.59232055758657,69.32295549303463,25.98823461752667,32.59232055758657,0.00025668542654757334,0.00489185689011027,0.05247198197202111
bfo-b4468b73aaba908259595c434d8a9488f707d56ab07b766e04c057f61e6a0ac2,905,32.59232907962739,69.33280723578255,25.988372593401955,32.59232907962739,0.00025666377160184857,0.004891431022245215,0.05247212327733845
bfo-b4468b73aaba908259595c434d8a9488f707d56ab07b766e04c057f61e6a0ac2,906,32.592321193792735,69.31596381226913,25.98814232812065,32.592321193792735,0.0002566981227045757,0.004892133444984585,0.052471610922171924
bfo-b4468b73aaba908259595c434d8a9488f707d56ab07b766e04c057f61e6a0ac2,907,32.59232877117773,69.30535924383251,25.988009833086725,32.59232877117773,0.00025672418761396695,0.004892542373740605,0.05247255271448735
bfo-b4468b73aaba908259595c434d8a9488f707d56ab07b766e04c057f61e6a0ac2,908,32.59231287318663,69.32724061411466,25.98828207643566,32.59231287318663,0.00025667430698736796,0.004891695907537254,0.052471435640935364
bfo-b4468b73aaba908259595c434d8a9488f707d56ab07b766e04c057f61e6a0ac2,909,32.59252570192165,69.43743617083176,25.989851630250595,32.59252570192165,0.0002564784154454716,0.00488724868310032,0.0524791006302486
bfo-b4468b73aaba908259595c434d8a9488f707d56ab07b766e04c057f61e6a0ac2,910,32.59231276291999,69.3247667206018,25.988253046406953,32.59231276291999,0.00025668350532318527,0.004891798966117373,0.052472210550981675
bfo-b4468b73aaba908259595c434d8a9488f707d56ab07b766e04c057f61e6a0ac2,911,32.592360806605264,69.30239416410106,25.9879848037569,32.592360806605264,0.0002567059301425111,0.0048926263546407054,0.052467920404145094
bfo-b4468b73aaba908259595c434d8a9488f707d56ab07b766e04c057f61e6a0ac2,912,32.59231328399347,69.32163096764349,25.988207273153456,32.59231328399347,0.0002566828719509186,0.004891937024381747,0.052470600228824216
bfo-b4468b73aaba908259595c434d8a9488f707d56ab07b766e04c057f61e6a0ac2,913,32.59236657804938,69.2872066545248,25.98778013416935,32.59236657804938,0.000256750162952819,0.004893280631913204,0.052469944453693296
bfo-b4468b73aaba908259595c434d8a9488f707d56ab07b766e04c057f61e6a0ac2,914,32.59231283998093,69.31777010223911,25.988159481773042,32.59231283998093,0.0002566977562690399,0.004892088394564409,0.05247201922071898
bfo-b4468b73aaba908259595c434d8a9488f707d56ab07b766e04c057f61e6a0ac2,915,32.59232967751365,69.2981828305947,25.987907333811798,32.59232967751365,0.0002567392769611626,0.00489287401157881,0.05247208008086828
bfo-b4468b73aaba908259595c434d8a9488f707d56ab07b766e04c057f61e6a0ac2,916,32.592312976122194,69.31844045024002,25.988168632996146,32.592312976122194,0.0002566993941631733,0.0048920546848904315,0.05247271559658018
bfo-b4468b73aaba908259595c434d8a9488f707d56ab07b766e04c057f61e6a0ac2,917,32.592337797088575,69.30448713578701,25.988001800002028,32.592337797088575,0.0002567157071652558,0.004892555764723406,0.05247067575933268
bfo-b4468b73aaba908259595c434d8a9488f707d56ab07b766e04c057f61e6a0ac2,918,32.59230663504166,69.32842204150096,25.988293942097204,32.59230663504166,0.00025667439257174207,0.004891673798463453,0.05247169029389639
bfo-b4468b73aaba908259595c434d8a9488f707d56ab07b766e04c057f61e6a0ac2,919,32.59234049037786,69.29729990743635,25.987912196592795,32.59234049037786,0.00025673249187536647,0.004892848639095996,0.0524709654461742
bfo-b4468b73aaba908259595c434d8a9488f707d56ab07b766e04c057f61e6a0ac2,920,32.59232267020753,69.3094336524466,25.988051332737314,32.59232267020753,0.00025671223569258023,0.004892414711616836,0.052471478978065304
bfo-b4468b73aaba908259595c434d8a9488f707d56ab07b766e04c057f61e6a0ac2,921,32.59258213870342,69.45030578459802,25.990053972160652,32.59258213870342,0.0002564541458795382,0.0048867297851079225,0.05247970670714596
bfo-b4468b73aaba908259595c434d8a9488f707d56ab07b766e04c057f61e6a0ac2,922,32.59231972758543,69.30868967472472,25.98804230667313,32.59231972758543,0.00025671229376569046,0.004892444605970524,0.052471170231014996
bfo-b4468b73aaba908259595c434d8a9488f707d56ab07b766e04c057f61e6a0ac2,923,32.592356280525784,69.29043491965814,25.987820976160013,32.592356280525784,0.00025674739249794136,0.004893142556079682,0.052470858871449644
bfo-b4468b73aaba908259595c434d8a9488f707d56ab07b766e04c057f61e6a0ac2,924,32.59230427779673,69.32830317642384,25.988287100081042,32.59230427779673,0.00025667275716711275,0.004891685744543638,0.05247122782844641
bfo-b4468b73aaba908259595c434d8a9488f707d56ab07b766e04c057f61e6a0ac2,925,32.5923314394175,69.30132016922494,25.987945210352486,32.5923314394175,0.0002567159636282579,0.0048927393044340085,0.052468759861293034
bfo-b4468b73aaba908259595c434d8a9488f707d56ab07b766e04c057f61e6a0ac2,926,32.59231048041175,69.31730870678732,25.988143670855084,32.59231048041175,0.0002566924163291433,0.004892130401958348,0.0524704771210489
bfo-b4468b73aaba908259595c434d8a9488f707d56ab07b766e04c057f61e6a0ac2,927,32.59235354485381,69.28833578755192,25.987789784725045,32.59235354485381,0.0002567542304307377,0.00489321840078389,0.052471443005610754
bfo-b4468b73aaba908259595c434d8a9488f707d56ab07b766e04c057f61e6a0ac2,928,32.59230716263329,69.31532395210435,25.98811198871971,32.59230716263329,0.0002566980043163344,0.004892214081881437,0.05247072184903528
bfo-b4468b73aaba908259595c434d8a9488f707d56ab07b766e04c057f61e6a0ac2,929,32.59233453581226,69.29690313107167,25.98787921575525,32.59233453581226,0.00025671982443453174,0.00489293160315846,0.05246748682708241
bfo-b4468b73aaba908259595c434d8a9488f707d56ab07b766e04c057f61e6a0ac2,930,32.59231623608055,69.30552515170714,25.987986450197063,32.59231623608055,0.0002567114840904478,0.004892601380815839,0.052469323394509056
bfo-b4468b73aaba908259595c434d8a9488f707d56ab07b766e04c057f61e6a0ac2,931,32.592328286827616,69.30822928315474,25.988023745567165,32.592328286827616,0.00025668196369195206,0.004892484393365292,0.05246454419763485
bfo-b4468b73aaba908259595c434d8a9488f707d56ab07b766e04c057f61e6a0ac2,932,32.59230001772856,69.33702135102173,25.98839585694231,32.59230001772856,0.00025665764255173966,0.004891358174238317,0.05247165171904559
bfo-b4468b73aaba908259595c434d8a9488f707d56ab07b766e04c057f61e6a0ac2,933,32.59271128620713,69.47301681964163,25.99041877627121,32.59271128620713,0.0002564024426386209,0.004885773955575642,0.052479391181414474
bfo-b4468b73aaba908259595c434d8a9488f707d56ab07b766e04c057f61e6a0ac2,934,32.592298947391406,69.33691065901111,25.988393595525256,32.592298947391406,0.0002566588320109433,0.004891355177082357,0.05247192704661404
bfo-b4468b73aaba908259595c434d8a9488f707d56ab07b766e04c057f61e6a0ac2,935,32.59241228933814,69.26329973552608,25.98746931700142,32.59241228933814,0.00025678473583932656,0.004894254810690404,0.05246656452754315
bfo-b4468b73aaba908259595c434d8a9488f707d56ab07b766e04c057f61e6a0ac2,936,32.592303505295085,69.34386321745171,25.988485699569466,32.592303505295085,0.00025663784738346016,0.004891069174587814,0.05247070491598349
bfo-b4468b73aaba908259595c434d8a9488f707d56ab07b766e04c057f61e6a0ac2,937,32.592302284373375,69.31936673644387,25.988165328303836,32.592302284373375,0.0002566924692364356,0.004892031727702778,0.05247154628675608
bfo-b4468b73aaba908259595c434d8a9488f707d56ab07b766e04c057f61e6a0ac2,938,32.592292657364176,69.3330948416629,25.988340347733924,32.592292657364176,0.00025667453501540197,0.00489151887341351,0.05247338130707928
bfo-b4468b73aaba908259595c434d8a9488f707d56ab07b766e04c057f61e6a0ac2,939,32.59233334544403,69.29805263574673,25.98790970254999,32.59233334544403,0.0002567491968442836,0.004892861338823378,0.05247424340580761
bfo-b4468b73aaba908259595c434d8a9488f707d56ab07b766e04c057f61e6a0ac2,940,32.59228956265058,69.33492448652638,25.988362761755702,32.59228956265058,0.00025667200771298455,0.004891447486198834,0.05247363044112849
bfo-b4468b73aaba908259595c434d8a9488f707d56ab07b766e04c057f61e6a0ac2,941,32.592309824546646,69.30228743291094,25.987937963339593,32.592309824546646,0.0002567292153573653,0.004892739920261229,0.052471461704765666
bfo-b4468b73aaba908259595c434d8a9488f707d56ab07b766e04c057f61e6a0ac2,942,32.5922896475344,69.34881917921646,25.98854150961908,32.5922896475344,0.0002566468482671111,0.004890914287833176,0.05247420689942482
bfo-b4468b73aaba908259595c434d8a9488f707d56ab07b766e04c057f61e6a0ac2,943,32.59267964813385,69.46872488928032,25.990351895262915,32.59267964813385,0.00025642557674913197,0.0048859429295428,0.05248231108035616
bfo-b4468b73aaba908259595c434d8a9488f707d56ab07b766e04c057f61e6a0ac2,944,32.59228648606862,69.33425792230364,25.98834973501875,32.59228648606862,0.0002566737121763625,0.004891479735973108,0.0524736329353923
bfo-b4468b73aaba908259595c434d8a9488f707d56ab07b766e04c057f61e6a0ac2,945,32.59238166174546,69.26900465890549,25.987526927914903,32.59238166174546,0.0002567865961175118,0.004894058344651203,0.0524690508436946
bfo-b4468b73aaba908259595c434d8a9488f707d56ab07b766e04c057f61e6a0ac2,946,32.59228221330089,69.33447425881859,25.988351543167,32.59228221330089,0.00025668177066043654,0.00489147747215488,0.052475304674634134
bfo-b4468b73aaba908259595c434d8a9488f707d56ab07b766e04c057f61e6a0ac2,947,32.592279782245164,69.34864420325204,25.988527784907813,32.592279782245164,0.0002566540144427893,0.004890944774227223,0.052475345008028855
bfo-b4468b73aaba908259595c434d8a9488f707d56ab07b766e04c057f61e6a0ac2,948,32.592748197079054,69.4822041323309,25.99055765885171,32.592748197079054,0.00025640591794694076,0.004885406579168476,0.052484048930597396
bfo-b4468b73aaba908259595c434d8a9488f707d56ab07b766e04c057f61e6a0ac2,949,32.592280879148035,69.34917959208954,25.98853888785979,32.592280879148035,0.00025665661812651093,0.0048909147678140395,0.052476199302328434
bfo-b4468b73aaba908259595c434d8a9488f707d56ab07b766e04c057f61e6a0ac2,950,32.59228485496441,69.33184893135284,25.98831631607804,32.59228485496441,0.0002566873672593241,0.0048916019533490045,0.052475113410154865
bfo-b4468b73aaba908259595c434d8a9488f707d56ab07b766e04c057f61e6a0ac2,951,32.592271679277864,69.34260224056572,25.988443220808843,32.592271679277864,0.0002566696924321298,0.0048911958870487895,0.05247585628532189
bfo-b4468b73aaba908259595c434d8a9488f707d56ab07b766e04c057f61e6a0ac2,952,32.59230970091006,69.28771244463883,25.98773976694945,32.59230970091006,0.0002567840837289817,0.004893386053613686,0.05247574602035554
bfo-b4468b73aaba908259595c434d8a9488f707d56ab07b766e04c057f61e6a0ac2,953,32.59226619546322,69.34008011399914,25.988407647621266,32.59226619546322,0.000256679815502166,0.004891309035587208,0.052476711987459054
bfo-b4468b73aaba908259595c434d8a9488f707d56ab07b766e04c057f61e6a0ac2,954,32.59235395570428,69.27230161219299,25.987546643113262,32.59235395570428,0.0002567954712243021,0.004893988549332919,0.052471612598951604
bfo-b4468b73aaba908259595c434d8a9488f707d56ab07b766e04c057f61e6a0ac2,955,32.59226397610972,69.33962912953945,25.98839805189772,32.59226397610972,0.00025668353658804966,0.004891343848678177,0.05247709924490692
bfo-b4468b73aaba908259595c434d8a9488f707d56ab07b766e04c057f61e6a0ac2,956,32.59228943785964,69.30618848805503,25.987966699773263,32.59228943785964,0.0002567427562735257,0.004892662182581659,0.052475063000988344
bfo-b4468b73aaba908259595c434d8a9488f707d56ab07b766e04c057f61e6a0ac2,957,32.592261169313275,69.34078487356425,25.988406105432524,32.592261169313275,0.00025667641338857766,0.00489131452608076,0.05247595754064983
bfo-b4468b73aaba908259595c434d8a9488f707d56ab07b766e04c057f61e6a0ac2,958,32.59267769240735,69.47357456124935,25.99039608178882,32.59267769240735,0.0002564318790873388,0.0048858410245129266,0.05248469563393186
bfo-b4468b73aaba908259595c434d8a9488f707d56ab07b766e04c057f61e6a0ac2,959,32.592270677711255,69.34674187250482,25.988489935927692,32.592270677711255,0.0002566620267420109,0.0048910661026140955,0.05247568144802509
bfo-b4468b73aaba908259595c434d8a9488f707d56ab07b766e04c057f61e6a0ac2,960,32.592295140473844,69.31413019673354,25.98807596215133,32.592295140473844,0.00025670856201964596,0.00489231235429423,0.05247182588297329
bfo-b4468b73aaba908259595c434d8a9488f707d56ab07b766e04c057f61e6a0ac2,961,32.592267508144786,69.34563403407708,25.98847288714631,32.592267508144786,0.0002566639720160963,0.004891105466804038,0.05247565683424253
bfo-b4468b73aaba908259595c434d8a9488f707d56ab07b766e04c057f61e6a0ac2,962,32.5922667799178,69.32674013963745,25.988221777188752,32.5922667799178,0.00025669359195088604,0.004891853780915853,0.05247368450633205
bfo-b4468b73aaba908259595c434d8a9488f707d56ab07b766e04c057f61e6a0ac2,963,32.59225423534251,69.33163818402423,25.9882801845763,32.59225423534251,0.0002566960408015717,0.004891693371492677,0.052475905848375394
bfo-b4468b73aaba908259595c434d8a9488f707d56ab07b766e04c057f61e6a0ac2,964,32.59227689642971,69.30763441722675,25.987982832483876,32.59227689642971,0.000256749009538616,0.004892592030679725,0.05247709351783947
bfo-b4468b73aaba908259595c434d8a9488f707d56ab07b766e04c057f61e6a0ac2,965,32.59225815992292,69.33850975405335,25.98837154989342,32.59225815992292,0.00025667978673069486,0.0048914212136451415,0.05247550262378942
bfo-b4468b73aaba908259595c434d8a9488f707d56ab07b766e04c057f61e6a0ac2,966,32.592267149739264,69.32864981329676,25.988252178322558,32.592267149739264,0.0002566984287993092,0.00489177020484549,0.052475569793740386
bfo-b4468b73aaba908259595c434d8a9488f707d56ab07b766e04c057f61e6a0ac2,967,32.592253421199935,69.33182637137176,25.988277186761454,32.592253421199935,0.0002566983480466844,0.004891697075587927,0.05247633777809762
bfo-b4468b73aaba908259595c434d8a9488f707d56ab07b766e04c057f61e6a0ac2,968,32.59227595222855,69.30845555384082,25.98798406761232,32.59227595222855,0.0002567429650776206,0.004892598677561687,0.052475786795080644
bfo-b4468b73aaba908259595c434d8a9488f707d56ab07b766e04c057f61e6a0ac2,969,32.59225475136521,69.33651260714832,25.988342885852486,32.59225475136521,0.00025668888462949437,0.00489149827416952,0.0524765358673412
bfo-b4468b73aaba908259595c434d8a9488f707d56ab07b766e04c057f61e6a0ac2,970,32.592577481129034,69.45835203638757,25.990133453408845,32.592577481129034,0.0002564695299034401,0.004886519893342552,0.05248510913725267
bfo-b4468b73aaba908259595c434d8a9488f707d56ab07b766e04c057f61e6a0ac2,971,32.592248903601586,69.32979125158786,25.988243662811623,32.592248903601586,0.00025670355638247405,0.004891805785918034,0.052476236305505554
bfo-b4468b73aaba908259595c434d8a9488f707d56ab07b766e04c057f61e6a0ac2,972,32.59237572919499,69.26102751821666,25.987392978154336,32.59237572919499,0.0002568193422688058,0.004894490789185027,0.05247110543884961
bfo-b4468b73aaba908259595c434d8a9488f707d56ab07b766e04c057f61e6a0ac2,973,32.59225387083456,69.33532772976702,25.988321487412065,32.59225387083456,0.0002566879495259146,0.004891571271681176,0.05247556158732897
bfo-b4468b73aaba908259595c434d8a9488f707d56ab07b766e04c057f61e6a0ac2,974,32.59225921261157,69.3134003633391,25.98803522108982,32.59225921261157,0.00025673238553396887,0.004892451843587458,0.05247519929510769
bfo-b4468b73aaba908259595c434d8a9488f707d56ab07b766e04c057f61e6a0ac2,975,32.59224597454487,69.33322800507244,25.988291888277892,32.59224597454487,0.0002567049225765919,0.004891653889930528,0.0524781450921986
bfo-b4468b73aaba908259595c434d8a9488f707d56ab07b766e04c057f61e6a0ac2,976,32.59224441606723,69.34161884784717,25.988405853529358,32.59224441606723,0.00025668614085684594,0.004891330473468108,0.05247777516755014
bfo-b4468b73aaba908259595c434d8a9488f707d56ab07b766e04c057f61e6a0ac2,977,32.59260748905968,69.46458596313224,25.990238293437574,32.59260748905968,0.0002564632041800159,0.004886269108118462,0.052486508316520304
bfo-b4468b73aaba908259595c434d8a9488f707d56ab07b766e04c057f61e6a0ac2,978,32.59224355596284,69.34356748588152,25.988424591728727,32.59224355596284,0.0002566815594569756,0.00489127559095453,0.05247742734669431
bfo-b4468b73aaba908259595c434d8a9488f707d56ab07b766e04c057f61e6a0ac2,979,32.592331291345914,69.27249219198201,25.987524206537124,32.592331291345914,0.00025680297865129757,0.004894066862410895,0.05247230695266643
bfo-b4468b73aaba908259595c434d8a9488f707d56ab07b766e04c057f61e6a0ac2,980,32.5922421502351,69.34408556947653,25.988431419313383,32.5922421502351,0.000256681822959399,0.004891253177985014,0.052477721683820276
bfo-b4468b73aaba908259595c434d8a9488f707d56ab07b766e04c057f61e6a0ac2,981,32.5922662550455,69.34902703583107,25.988509412434137,32.5922662550455,0.00025666726556169083,0.004891013502553632,0.05247731690531688
bfo-b4468b73aaba908259595c434d8a9488f707d56ab07b766e04c057f61e6a0ac2,982,32.59224427571121,69.34614271936579,25.988459729173172,32.59224427571121,0.00025667924958037145,0.004891174470186516,0.05247804001777582
bfo-b4468b73aaba908259595c434d8a9488f707d56ab07b766e04c057f61e6a0ac2,983,32.592266687844614,69.30677086671398,25.98796318864686,32.592266687844614,0.00025676550481004755,0.004892697857010583,0.05247932987362726
bfo-b4468b73aaba908259595c434d8a9488f707d56ab07b766e04c057f61e6a0ac2,984,32.592235592019,69.34249317071401,25.98840448591042,32.592235592019,0.0002566854395273414,0.004891332130150855,0.05247761401134395
bfo-b4468b73aaba908259595c434d8a9488f707d56ab07b766e04c057f61e6a0ac2,985,32.59261259210109,69.46749955503631,25.990270387824975,32.59261259210109,0.0002564598493950991,0.004886188165903497,0.05248669119718141
bfo-b4468b73aaba908259595c434d8a9488f707d56ab07b766e04c057f61e6a0ac2,986,32.59223184854121,69.3376896357247,25.988342089063806,32.59223184854121,0.00025670096488764933,0.00489152858469428,0.05247868032313525
bfo-b4468b73aaba908259595c434d8a9488f707d56ab07b766e04c057f61e6a0ac2,987,32.59229259365931,69.2788111155814,25.98759552853865,32.59229259365931,0.0002568176700657054,0.00489386552440939,0.052477467716422206
bfo-b4468b73aaba908259595c434d8a9488f707d56ab07b766e04c057f61e6a0ac2,988,32.59223327164624,69.33836899372054,25.988349435353307,32.59223327164624,0.00025669621880578295,0.0048914998778230865,0.052478018034832916
bfo-b4468b73aaba908259595c434d8a9488f707d56ab07b766e04c057f61e6a0ac2,989,32.592245612216736,69.31890920622982,25.988099715689643,32.592245612216736,0.0002567227817090496,0.004892249279939728,0.05247540896203319
bfo-b4468b73aaba908259595c434d8a9488f707d56ab07b766e04c057f61e6a0ac2,990,32.59223103841223,69.33700377296519,25.988335677052476,32.59223103841223,0.00025671229443315107,0.004891550525438886,0.0524807610793549
bfo-b4468b73aaba908259595c434d8a9488f707d56ab07b766e04c057f61e6a0ac2,991,32.5922453200312,69.3252597657888,25.98818212000688,32.5922453200312,0.0002567169933582458,0.004892008609573738,0.052476807349816725
bfo-b4468b73aaba908259595c434d8a9488f707d56ab07b766e04c057f61e6a0ac2,992,32.59223526902606,69.34148985084425,25.988395382701327,32.59223526902606,0.00025669723109116445,0.004891372213284906,0.05247959466138724
bfo-b4468b73aaba908259595c434d8a9488f707d56ab07b766e04c057f61e6a0ac2,993,32.59257996969712,69.4621086816015,25.99018765003617,32.59257996969712,0.00025648620529837937,0.004886412402540885,0.05248967630423686
bfo-b4468b73aaba908259595c434d8a9488f707d56ab07b766e04c057f61e6a0ac2,994,32.592232864222176,69.33871703110624,25.98836099725481,32.592232864222176,0.000256712546707425,0.004891472964356755,0.05248164480884207
bfo-b4468b73aaba908259595c434d8a9488f707d56ab07b766e04c057f61e6a0ac2,995,32.59234238015093,69.26557642128088,25.98744415795589,32.59234238015093,0.00025683296447518567,0.004894340569476274,0.05247549916671787
bfo-b4468b73aaba908259595c434d8a9488f707d56ab07b766e04c057f61e6a0ac2,996,32.592235268039474,69.3403258840062,25.9883840246786,32.592235268039474,0.0002567069716653328,0.004891410706968945,0.05248117302838513
bfo-b4468b73aaba908259595c434d8a9488f707d56ab07b766e04c057f61e6a0ac2,997,32.59223820858437,69.33179683656354,25.98826154718385,32.59223820858437,0.00025670890629729315,0.004891757712651886,0.05247784566953294
bfo-b4468b73aaba908259595c434d8a9488f707d56ab07b766e04c057f61e6a0ac2,998,32.59223160552698,69.34194991086827,25.988394980517498,32.59223160552698,0.00025669838632161844,0.0048913685983416905,0.05247986962353365
bfo-b4468b73aaba908259595c434d8a9488f707d56ab07b766e04c057f61e6a0ac2,999,32.592239861459404,69.33466296355783,25.988314129974352,32.592239861459404,0.0002567151131177032,0.004891625554720637,0.05248053233959449
bfo-b4468b73aaba908259595c434d8a9488f707d56ab07b766e04c057f61e6a0ac2,1000,32.592233648537935,69.34477196185708,25.9884381431079,32.592233648537935,0.00025669586422928176,0.004891249823267848,0.05248062836786019
bfo-b4468b73aaba908259595c434d8a9488f707d56ab07b766e04c057f61e6a0ac2,1001,32.59223860163041,69.30887345538613,25.98796307318734,32.59223860163041,0.0002567605204379754,0.004892674486785881,0.052478561803249606
bfo-b4468b73aaba908259595c434d8a9488f707d56ab07b766e04c057f61e6a0ac2,1002,32.592236809496896,69.34979384833508,25.98851012531995,32.592236809496896,0.00025668809806302496,0.004891018102819388,0.052481526885999295
bfo-b4468b73aaba908259595c434d8a9488f707d56ab07b766e04c057f61e6a0ac2,1003,32.59224527234564,69.32783290950678,25.98823738938033,32.59224527234564,0.00025672913551454574,0.004891855210396404,0.052480935038496795
bfo-b4468b73aaba908259595c434d8a9488f707d56ab07b766e04c057f61e6a0ac2,1004,32.5922267645844,69.32367879996144,25.988156505689243,32.5922267645844,0.000256743917014637,0.004892092812997238,0.052481407616086856
bfo-b4468b73aaba908259595c434d8a9488f707d56ab07b766e04c057f61e6a0ac2,1005,32.59226672569383,69.2967757068741,25.987823073188554,32.59226672569383,0.00025677969989479517,0.004893119721350767,0.052477706354568825
bfo-b4468b73aaba908259595c434d8a9488f707d56ab07b766e04c057f61e6a0ac2,1006,32.59223564551559,69.31356101784962,25.988029181198318,32.59223564551559,0.00025676156892433705,0.004892479154576245,0.052480871315347705
bfo-b4468b73aaba908259595c434d8a9488f707d56ab07b766e04c057f61e6a0ac2,1007,32.592230458424986,69.327947584817,25.988207895428918,32.592230458424986,0.000256722000509527,0.004891924548594204,0.05247873264588707
bfo-b4468b73aaba908259595c434d8a9488f707d56ab07b766e04c057f61e6a0ac2,1008,32.59222136243868,69.325527565232,25.988179288363327,32.59222136243868,0.00025674918229297327,0.004892026656690756,0.05248319363546824
bfo-b4468b73aaba908259595c434d8a9488f707d56ab07b766e04c057f61e6a0ac2,1009,32.59249666274955,69.44892957951933,25.98996662747264,32.59249666274955,0.00025652771107828224,0.004887001728241287,0.05249183964798808
bfo-b4468b73aaba908259595c434d8a9488f707d56ab07b766e04c057f61e6a0ac2,1010,32.59221481599308,69.33232301790727,25.988261350174906,32.59221481599308,0.0002567354530787681,0.004891764572095874,0.05248319891420489
bfo-b4468b73aaba908259595c434d8a9488f707d56ab07b766e04c057f61e6a0ac2,1011,32.59232487079221,69.26551060212486,25.98743048668956,32.59232487079221,0.00025685001457053383,0.00489437566170535,0.05247860653202077
bfo-b4468b73aaba908259595c434d8a9488f707d56ab07b766e04c057f61e6a0ac2,1012,32.59221170911836,69.33993988459198,25.988355442190194,32.59221170911836,0.0002567207027071935,0.004891478339678286,0.05248325452547707
bfo-b4468b73aaba908259595c434d8a9488f707d56ab07b766e04c057f61e6a0ac2,1013,32.592570110211966,69.46397329236812,25.990197592100696,32.592570110211966,0.00025649512192317384,0.004886380724230408,0.052491841385030664
bfo-b4468b73aaba908259595c434d8a9488f707d56ab07b766e04c057f61e6a0ac2,1014,32.59221887758591,69.34713790440293,25.988455359321495,32.59221887758591,0.0002567009111240445,0.004891176784094048,0.05248244388933717
bfo-b4468b73aaba908259595c434d8a9488f707d56ab07b766e04c057f61e6a0ac2,1015,32.59225941775772,69.29871722674054,25.98784015409905,32.59225941775772,0.0002567877299304527,0.004893066623447058,0.052479916929794715
bfo-b4468b73aaba908259595c434d8a9488f707d56ab07b766e04c057f61e6a0ac2,1016,32.59221049745829,69.33837245952596,25.98833058269329,32.59221049745829,0.00025672018356399473,0.004891550044104871,0.05248237905147983
bfo-b4468b73aaba908259595c434d8a9488f707d56ab07b766e04c057f61e6a0ac2,1017,32.592273919971895,69.27813728113227,25.987566978134108,32.592273919971895,0.00025683904243875826,0.0048939406044283505,0.052481029746530614
bfo-b4468b73aaba908259595c434d8a9488f707d56ab07b766e04c057f61e6a0ac2,1018,32.59220650806349,69.33500554370383,25.988280501849246,32.59220650806349,0.0002567273977370769,0.004891701731836787,0.05248222639295675
bfo-b4468b73aaba908259595c434d8a9488f707d56ab07b766e04c057f61e6a0ac2,1019,32.592219188404165,69.33483054720918,25.988290542126848,32.592219188404165,0.000256715856380353,0.0048916697410126535,0.05248021022923938
bfo-b4468b73aaba908259595c434d8a9488f707d56ab07b766e04c057f61e6a0ac2,1020,32.59220846051144,69.32756502538712,25.98818278304906,32.59220846051144,0.00025673777887216695,0.00489199133905064,0.05248124149827104
bfo-b4468b73aaba908259595c434d8a9488f707d56ab07b766e04c057f61e6a0ac2,1021,32.59253556609943,69.45914227685822,25.990107060867544,32.59253556609943,0.00025650390682469714,0.0048866201400359415,0.05249106733776334
bfo-b4468b73aaba908259595c434d8a9488f707d56ab07b766e04c057f61e6a0ac2,1022,32.59220834522015,69.3448184239327,25.98840678592491,32.59220834522015,0.0002567034670613546,0.00489132930854905,0.05248132989383665
bfo-b4468b73aaba908259595c434d8a9488f707d56ab07b766e04c057f61e6a0ac2,1023,32.59232522948099,69.26350272212642,25.98739415154059,32.59232522948099,0.00025685128473885895,0.004894485621962681,0.05247768704975008
bfo-b4468b73aaba908259595c434d8a9488f707d56ab07b766e04c057f61e6a0ac2,1024,32.59220359260435,69.34085681842473,25.98835345616204,32.59220359260435,0.00025671715062042775,0.004891486762577743,0.052482437974572284
bfo-b4468b73aaba908259595c434d8a9488f707d56ab07b766e04c057f61e6a0ac2,1025,32.59256300184137,69.46439288472877,25.990189599279233,32.59256300184137,0.00025649391432975205,0.004886410381700856,0.052491275659182754
bfo-b4468b73aaba908259595c434d8a9488f707d56ab07b766e04c057f61e6a0ac2,1026,32.59220781670038,69.35138670627668,25.988493481734718,32.59220781670038,0.00025669296016354507,0.004891071464622862,0.05248194838701626
bfo-b4468b73aaba908259595c434d8a9488f707d56ab07b766e04c057f61e6a0ac2,1027,32.59221129180828,69.3230801848307,25.988119471625346,32.59221129180828,0.0002567404351563625,0.004892190339809422,0.052479649670859684
bfo-b4468b73aaba908259595c434d8a9488f707d56ab07b766e04c057f61e6a0ac2,1028,32.5922009124416,69.33795544835873,25.988312604678136,32.5922009124416,0.0002567218011873808,0.004891601677652182,0.05248215576510297
bfo-b4468b73aaba908259595c434d8a9488f707d56ab07b766e04c057f61e6a0ac2,1029,32.5922144307497,69.34077331437636,25.988359092320923,32.5922144307497,0.0002567066824160939,0.004891457630704635,0.052480610443131695
bfo-b4468b73aaba908259595c434d8a9488f707d56ab07b766e04c057f61e6a0ac2,1030,32.59219540530089,69.33401623510696,25.98825565073711,32.59219540530089,0.00025673090037983454,0.004891777946079854,0.052482124742716935
bfo-b4468b73aaba908259595c434d8a9488f707d56ab07b766e04c057f61e6a0ac2,1031,32.592200582828525,69.34440875455866,25.988394880507276,32.592200582828525,0.0002566987530808255,0.0048913452026118544,0.052480195620573836
bfo-b4468b73aaba908259595c434d8a9488f707d56ab07b766e04c057f61e6a0ac2,1032,32.59219908241144,69.34570742120569,25.98841307708778,32.59219908241144,0.0002567100437720042,0.004891302282926717,0.05248296443833797
bfo-b4468b73aaba908259595c434d8a9488f707d56ab07b766e04c057f61e6a0ac2,1033,32.59250106655618,69.45459929955202,25.99002215494875,32.59250106655618,0.0002565132847197597,0.0048868496936545665,0.05249052064212959
bfo-b4468b73aaba908259595c434d8a9488f707d56ab07b766e04c057f61e6a0ac2,1034,32.592192712614356,69.33015710503474,25.98820174767549,32.592192712614356,0.00025674220886142513,0.004891935973566791,0.05248274103518779
bfo-b4468b73aaba908259595c434d8a9488f707d56ab07b766e04c057f61e6a0ac2,1035,32.592324533659564,69.25940627707732,25.9873334608003,32.592324533659564,0.0002568664054449212,0.004894681277328135,0.052478678567838666
bfo-b4468b73aaba908259595c434d8a9488f707d56ab07b766e04c057f61e6a0ac2,1036,32.59218977612656,69.33071759864153,25.98820513874608,32.59218977612656,0.00025674346924119736,0.00489192789290065,0.05248308537290444
bfo-b4468b73aaba908259595c434d8a9488f707d56ab07b766e04c057f61e6a0ac2,1037,32.59220660854296,69.36003622512193,25.988604081518478,32.59220660854296,0.0002566897274091767,0.004890723288447297,0.05248502363965686
bfo-b4468b73aaba908259595c434d8a9488f707d56ab07b766e04c057f61e6a0ac2,1038,32.59218359760378,69.33133607401065,25.98821170661095,32.59218359760378,0.0002567519786300849,0.004891903854084291,0.05248508275887732
bfo-b4468b73aaba908259595c434d8a9488f707d56ab07b766e04c057f61e6a0ac2,1039,32.59244845623115,69.44681730748806,25.98988789141978,32.59244845623115,0.0002565439671040472,0.004887203683863512,0.05249299675213043
bfo-b4468b73aaba908259595c434d8a9488f707d56ab07b766e04c057f61e6a0ac2,1040,32.592181788021584,69.33480410475293,25.988258456973846,32.592181788021584,0.00025674408950188685,0.004891772072010235,0.05248488394848288
bfo-b4468b73aaba908259595c434d8a9488f707d56ab07b766e04c057f61e6a0ac2,1041,32.592250303382905,69.27640836196801,25.987522065519435,32.592250303382905,0.00025685892338567164,0.004894084775354138,0.052483545989880254
bfo-b4468b73aaba908259595c434d8a9488f707d56ab07b766e04c057f61e6a0ac2,1042,32.59218038072322,69.34678149767868,25.98840998665187,32.59218038072322,0.00025671456323645694,0.004891309766846135,0.05248380811546593
bfo-b4468b73aaba908259595c434d8a9488f707d56ab07b766e04c057f61e6a0ac2,1043,32.592266207124126,69.27291076714324,25.987477202726435,32.592266207124126,0.0002568505635023137,0.004894199409995802,0.052480608570571914
bfo-b4468b73aaba908259595c434d8a9488f707d56ab07b766e04c057f61e6a0ac2,1044,32.59217052066787,69.34938398494693,25.988439438333877,32.59217052066787,0.0002567131448657626,0.004891228300474594,0.052484392282579374
bfo-b4468b73aaba908259595c434d8a9488f707d56ab07b766e04c057f61e6a0ac2,1045,32.5925401607175,69.46650708798947,25.99019536356118,32.5925401607175,0.0002564998134895594,0.004886404876871571,0.052492542053489966
bfo-b4468b73aaba908259595c434d8a9488f707d56ab07b766e04c057f61e6a0ac2,1046,32.59217720568952,69.35749825085105,25.988549318188603,32.59217720568952,0.0002567003478971086,0.004890902025542249,0.05248527706270062
bfo-b4468b73aaba908259595c434d8a9488f707d56ab07b766e04c057f61e6a0ac2,1047,32.59217566378326,69.3365063131167,25.988268118132225,32.59217566378326,0.0002567245099563862,0.0048917143332273885,0.05248150085391597
bfo-b4468b73aaba908259595c434d8a9488f707d56ab07b766e04c057f61e6a0ac2,1048,32.59217008985652,69.3505640207719,25.988448310366444,32.59217008985652,0.0002567098693944312,0.004891203468088013,0.05248398907739161
bfo-b4468b73aaba908259595c434d8a9488f707d56ab07b766e04c057f61e6a0ac2,1049,32.59219597254325,69.30820843427539,25.98790527802075,32.59219597254325,0.0002567824486614799,0.004892852712311642,0.052481131920311244
bfo-b4468b73aaba908259595c434d8a9488f707d56ab07b766e04c057f61e6a0ac2,1050,32.592167660367416,69.35285941543881,25.988479792499344,32.592167660367416,0.0002567109604913828,0.004891111335604913,0.052485200780986487
bfo-b4468b73aaba908259595c434d8a9488f707d56ab07b766e04c057f61e6a0ac2,1051,32.59217632833041,69.31890626294332,25.9880333463308,32.59217632833041,0.0002567581483012867,0.004892442087529116,0.05248056976612269
bfo-b4468b73aaba908259595c434d8a9488f707d56ab07b766e04c057f61e6a0ac2,1052,32.59216553956648,69.35169312753308,25.988463306587086,32.59216553956648,0.00025671198461366996,0.004891154816835399,0.05248494358225281
bfo-b4468b73aaba908259595c434d8a9488f707d56ab07b766e04c057f61e6a0ac2,1053,32.592507560761376,69.46141935521042,25.990105670818213,32.592507560761376,0.0002565090248259311,0.004886636537435847,0.05249193854727089
bfo-b4468b73aaba908259595c434d8a9488f707d56ab07b766e04c057f61e6a0ac2,1054,32.592159937870186,69.35257304297755,25.988463657007788,32.592159937870186,0.00025670948350016464,0.004891148399145769,0.05248450109283098
bfo-b4468b73aaba908259595c434d8a9488f707d56ab07b766e04c057f61e6a0ac2,1055,32.59224962259211,69.27094903244864,25.987432648457176,32.59224962259211,0.00025685866225582846,0.004894335922749745,0.05248079950170638
bfo-b4468b73aaba908259595c434d8a9488f707d56ab07b766e04c057f61e6a0ac2,1056,32.592158202311,69.35450884539627,25.988492235901752,32.592158202311,0.00025671166309955895,0.004891071419402241,0.05248577276570065
bfo-b4468b73aaba908259595c434d8a9488f707d56ab07b766e04c057f61e6a0ac2,1057,32.59217838613815,69.29303368675266,25.987687030767905,32.59217838613815,0.0002568324685041905,0.004893535387626968,0.05248403212809641
bfo-b4468b73aaba908259595c434d8a9488f707d56ab07b766e04c057f61e6a0ac2,1058,32.59215743511854,69.35552031195296,25.98850595284734,32.59215743511854,0.00025671106638995735,0.004891029145075916,0.052486104411870724
bfo-b4468b73aaba908259595c434d8a9488f707d56ab07b766e04c057f61e6a0ac2,1059,32.59245382545695,69.45528863377146,25.989988278208312,32.59245382545695,0.0002565320631792926,0.004886952699522626,0.05249325683147117
bfo-b4468b73aaba908259595c434d8a9488f707d56ab07b766e04c057f61e6a0ac2,1060,32.592158748544676,69.35832226201146,25.988542069764407,32.592158748544676,0.00025670539494460277,0.004890918227250555,0.05248613512168869
bfo-b4468b73aaba908259595c434d8a9488f707d56ab07b766e04c057f61e6a0ac2,1061,32.59217177156703,69.356002462475,25.98852643571064,32.59217177156703,0.00025670899469153283,0.004890975480251443,0.052486256724872296
bfo-b4468b73aaba908259595c434d8a9488f707d56ab07b766e04c057f61e6a0ac2,1062,32.59217861397134,69.36899205554448,25.98869781813683,32.59217861397134,0.0002566865174629828,0.0048904766063983555,0.0524870146862889
bfo-b4468b73aaba908259595c434d8a9488f707d56ab07b766e04c057f61e6a0ac2,1063,32.592256389241314,69.2658092026721,25.98737214470566,32.592256389241314,0.00025687605676031353,0.004894539519626858,0.052482170330886785
bfo-b4468b73aaba908259595c434d8a9488f707d56ab07b766e04c057f61e6a0ac2,1064,32.59215498210698,69.35482122182482,25.988499066594954,32.59215498210698,0.0002567189701519483,0.004891054544971147,0.05248744780732408
bfo-b4468b73aaba908259595c434d8a9488f707d56ab07b766e04c057f61e6a0ac2,1065,32.59215986908671,69.35440416813108,25.988495677151732,32.59215986908671,0.00025671523770236313,0.004891076612577512,0.05248644787984187
bfo-b4468b73aaba908259595c434d8a9488f707d56ab07b766e04c057f61e6a0ac2,1066,32.59215153086682,69.352414754006,25.988467957246332,32.59215153086682,0.0002567311704382964,0.004891151758794397,0.052488898954461634
bfo-b4468b73aaba908259595c434d8a9488f707d56ab07b766e04c057f61e6a0ac2,1067,32.59215464120256,69.3524946301704,25.988473844985435,32.59215464120256,0.00025673693178117525,0.004891139834577713,0.05249020483245726
bfo-b4468b73aaba908259595c434d8a9488f707d56ab07b766e04c057f61e6a0ac2,1068,32.59215171557592,69.35100615347625,25.988445895352847,32.59215171557592,0.0002567247181960124,0.00489121134567962,0.05248694036146606
bfo-b4468b73aaba908259595c434d8a9488f707d56ab07b766e04c057f61e6a0ac2,1069,32.59216632925717,69.35472659301954,25.98849647712769,32.59216632925717,0.0002567221692107318,0.004891053203980684,0.052488116261297915
bfo-b4468b73aaba908259595c434d8a9488f707d56ab07b766e04c057f61e6a0ac2,1070,32.592149532194036,69.34730432424487,25.98839446555314,32.592149532194036,0.0002567352465362236,0.0048913741581994,0.052487345730004895
bfo-b4468b73aaba908259595c434d8a9488f707d56ab07b766e04c057f61e6a0ac2,1071,32.59217801370438,69.36898186002917,25.988691798259627,32.59217801370438,0.0002566754832847473,0.004890472114338832,0.052484806637006776
bfo-b4468b73aaba908259595c434d8a9488f707d56ab07b766e04c057f61e6a0ac2,1072,32.592147207754905,69.34133067438432,25.98831462569449,32.592147207754905,0.0002567475331163662,0.004891605666062484,0.05248737339922089
bfo-b4468b73aaba908259595c434d8a9488f707d56ab07b766e04c057f61e6a0ac2,1073,32.59231718927262,69.42732647713203,25.989544570259685,32.59231718927262,0.0002565999440389618,0.004888147768106027,0.05249430995380579
bfo-b4468b73aaba908259595c434d8a9488f707d56ab07b766e04c057f61e6a0ac2,1074,32.592146665688986,69.3438909742674,25.988342244887477,32.592146665688986,0.0002567382784023434,0.004891519315220951,0.05248640797623968
bfo-b4468b73aaba908259595c434d8a9488f707d56ab07b766e04c057f61e6a0ac2,1075,32.59228381671735,69.25606352912476,25.987254400417584,32.59228381671735,0.000256901353758973,0.004894941418991439,0.05248302926818384
bfo-b4468b73aaba908259595c434d8a9488f707d56ab07b766e04c057f61e6a0ac2,1076,32.592143202569495,69.34059751691038,25.988294513179138,32.592143202569495,0.0002567424646368414,0.004891656250021634,0.05248579448641877
bfo-b4468b73aaba908259595c434d8a9488f707d56ab07b766e04c057f61e6a0ac2,1077,32.592149941722866,69.34602105809371,25.988369869973376,32.592149941722866,0.0002567246623302256,0.004891438930083033,0.05248448687590334
bfo-b4468b73aaba908259595c434d8a9488f707d56ab07b766e04c057f61e6a0ac2,1078,32.592138247015534,69.33442770265995,25.988212112233946,32.592138247015534,0.00025676280717917046,0.004891900325883235,0.05248733417985409
bfo-b4468b73aaba908259595c434d8a9488f707d56ab07b766e04c057f61e6a0ac2,1079,32.5923142630568,69.4273591537968,25.989538308021977,32.5923142630568,0.00025659832859802935,0.004888152398323503,0.05249392974859688
bfo-b4468b73aaba908259595c434d8a9488f707d56ab07b766e04c057f61e6a0ac2,1080,32.59213587364516,69.3228109351011,25.98805527288116,32.59213587364516,0.00025678601075290356,0.004892372564591982,0.05248701061962545
bfo-b4468b73aaba908259595c434d8a9488f707d56ab07b766e04c057f61e6a0ac2,1081,32.592352119920896,69.2365397968608,25.987032287993127,32.592352119920896,0.00025694522308529277,0.004895690962428434,0.05248395477925325
bfo-b4468b73aaba908259595c434d8a9488f707d56ab07b766e04c057f61e6a0ac2,1082,32.59213137736028,69.33231042126945,25.988175540790483,32.59213137736028,0.00025676600520157416,0.0048920057083611706,0.05248685723377685
bfo-b4468b73aaba908259595c434d8a9488f707d56ab07b766e04c057f61e6a0ac2,1083,32.59215675595368,69.31039087997542,25.987908607559763,32.59215675595368,0.0002568026175305553,0.004892835112189013,0.0524854428245108
bfo-b4468b73aaba908259595c434d8a9488f707d56ab07b766e04c057f61e6a0ac2,1084,32.592124847396974,69.33725423930511,25.98823383185635,32.592124847396974,0.00025676071776086455,0.004891831445944165,0.0524876461092595
bfo-b4468b73aaba908259595c434d8a9488f707d56ab07b766e04c057f61e6a0ac2,1085,32.5923348393149,69.43427725549247,25.989633907788637,32.5923348393149,0.0002565841750598444,0.004887893496508395,0.0524938146142366
bfo-b4468b73aaba908259595c434d8a9488f707d56ab07b766e04c057f61e6a0ac2,1086,32.59211974784029,69.33061142166002,25.988137383898863,32.59211974784029,0.00025677294325788743,0.0048921234314375246,0.052487012410158275
bfo-b4468b73aaba908259595c434d8a9488f707d56ab07b766e04c057f61e6a0ac2,1087,32.592302512601044,69.24518279063413,25.987107023440252,32.592302512601044,0.0002569314302633593,0.004895425078212614,0.052483987837307164
bfo-b4468b73aaba908259595c434d8a9488f707d56ab07b766e04c057f61e6a0ac2,1088,32.59211824752673,69.34223547905202,25.98829136231645,32.59211824752673,0.00025675399919014114,0.004891661343893119,0.05248809783422143
bfo-b4468b73aaba908259595c434d8a9488f707d56ab07b766e04c057f61e6a0ac2,1089,32.59213967001902,69.36225923086789,25.98856917282874,32.59213967001902,0.00025671577579890534,0.004890850791857557,0.05248898130899717
bfo-b4468b73aaba908259595c434d8a9488f707d56ab07b766e04c057f61e6a0ac2,1090,32.59211261498004,69.3459330451269,25.988335893952154,32.59211261498004,0.0002567516778782653,0.004891532864482845,0.05248900191237092
bfo-b4468b73aaba908259595c434d8a9488f707d56ab07b766e04c057f61e6a0ac2,1091,32.592364047173675,69.44392060378672,25.989771412497568,32.592364047173675,0.00025657288833552,0.004887536941241487,0.05249533485272189
bfo-b4468b73aaba908259595c434d8a9488f707d56ab07b766e04c057f61e6a0ac2,1092,32.592120965136786,69.35908122804594,25.988512042063995,32.592120965136786,0.0002567266756683478,0.004891021719682618,0.05248937550925597
bfo-b4468b73aaba908259595c434d8a9488f707d56ab07b766e04c057f61e6a0ac2,1093,32.59211891413652,69.32733232326751,25.988104063071845,32.59211891413652,0.0002567914526393822,0.004892220902791109,0.052489750103654885
bfo-b4468b73aaba908259595c434d8a9488f707d56ab07b766e04c057f61e6a0ac2,1094,32.592109028400166,69.34676601150763,25.988344689591056,32.592109028400166,0.000256752380106655,0.004891504458901633,0.05248945028342214
bfo-b4468b73aaba908259595c434d8a9488f707d56ab07b766e04c057f61e6a0ac2,1095,32.592239799549176,69.25813788317119,25.98724359336757,32.592239799549176,0.00025691758841647457,0.0048949570192986566,0.05248617861271546
bfo-b4468b73aaba908259595c434d8a9488f707d56ab07b766e04c057f61e6a0ac2,1096,32.5921067997263,69.34530873933905,25.988324683622547,32.5921067997263,0.0002567618360497015,0.004891569667637807,0.05249068366508509
bfo-b4468b73aaba908259595c434d8a9488f707d56ab07b766e04c057f61e6a0ac2,1097,32.59212095408065,69.36126146570987,25.988544667044383,32.59212095408065,0.00025673137076908433,0.004890922825254466,0.052491396806230946
bfo-b4468b73aaba908259595c434d8a9488f707d56ab07b766e04c057f61e6a0ac2,1098,32.592100996497436,69.34123287941368,25.988266757745574,32.592100996497436,0.0002567739453417958,0.004891739083686721,0.0524913412078951
bfo-b4468b73aaba908259595c434d8a9488f707d56ab07b766e04c057f61e6a0ac2,1099,32.59229739259817,69.43242965929414,25.989581585695394,32.59229739259817,0.0002566120303128708,0.004888046619167238,0.05249786884327814
bfo-b4468b73aaba908259595c434d8a9488f707d56ab07b766e04c057f61e6a0ac2,1100,32.59210799073903,69.322776139758,25.98802645883112,32.59210799073903,0.00025680229095854094,0.004892464586870187,0.05248935100066259
