run_id,evaluation_index,training_objective,expected_energy,cvar_0.10,cvar_0.25,p_opt,p_feas,p_opt_given_feas
bfo-22d07ac0da0ea6fe26e8c5c2a6394b06a3a67be078fe535859e00d8c30c957f3,0,61.52287744777955,61.52287744777955,26.751785429778316,33.80251247434465,0.00021416025451896693,0.004244002372831121,0.05046186022184132
bfo-22d07ac0da0ea6fe26e8c5c2a6394b06a3a67be078fe535859e00d8c30c957f3,1,61.52287744777955,61.52287744777955,26.751785429778316,33.80251247434465,0.00021416025451896693,0.004244002372831121,0.05046186022184132
bfo-22d07ac0da0ea6fe26e8c5c2a6394b06a3a67be078fe535859e00d8c30c957f3,2,87.70196111584062,87.70196111584062,31.613410486176186,41.66604392119038,7.716845185628725e-05,0.001638899067356799,0.04708554260192716
bfo-22d07ac0da0ea6fe26e8c5c2a6394b06a3a67be078fe535859e00d8c30c957f3,3,87.71434374510085,87.71434374510085,31.632574150870767,41.673974079013234,7.539141040278834e-05,0.0016171155103813296,0.04662091849271201
bfo-22d07ac0da0ea6fe26e8c5c2a6394b06a3a67be078fe535859e00d8c30c957f3,4,87.70782202332246,87.70782202332246,31.6410074277909,41.678786259450135,7.735833550094285e-05,0.0016065210820326121,0.048152704851571
bfo-22d07ac0da0ea6fe26e8c5c2a6394b06a3a67be078fe535859e00d8c30c957f3,5,87.70660468215227,87.70660468215227,31.642674926106466,41.67962912243934,7.690576205797903e-05,0.0016055376966685965,0.04790031540060025
bfo-22d07ac0da0ea6fe26e8c5c2a6394b06a3a67be078fe535859e00d8c30c957f3,6,87.70647048619674,87.70647048619674,31.642670629382426,41.67967053616091,7.698580145428091e-05,0.0016058039235513986,0.047942217804536794
bfo-22d07ac0da0ea6fe26e8c5c2a6394b06a3a67be078fe535859e00d8c30c957f3,7,87.7064233655113,87.7064233655113,31.64268487451806,41.67977873606173,7.734520717050373e-05,0.001605753017722646,0.04816756145985534
bfo-22d07ac0da0ea6fe26e8c5c2a6394b06a3a67be078fe535859e00d8c30c957f3,8,87.70654222318566,87.70654222318566,31.642670942106356,41.6796692517219,7.694618142208599e-05,0.001605696418751961,0.04792075296642497
bfo-22d07ac0da0ea6fe26e8c5c2a6394b06a3a67be078fe535859e00d8c30c957f3,9,87.70510880368994,87.70510880368994,31.642089298326848,41.67818460289303,7.673136914206198e-05,0.0016043824392578895,0.04782610882823813
bfo-22d07ac0da0ea6fe26e8c5c2a6394b06a3a67be078fe535859e00d8c30c957f3,10,87.70467841216166,87.70467841216166,31.64197934281832,41.677898071392626,7.667536485454461e-05,0.0016044863862586277,0.04778810559641937
bfo-22d07ac0da0ea6fe26e8c5c2a6394b06a3a67be078fe535859e00d8c30c957f3,11,87.68577659632258,87.68577659632258,31.63661651050217,41.67001382477703,7.630915210886692e-05,0.0016051590794756612,0.04753993114115141
bfo-22d07ac0da0ea6fe26e8c5c2a6394b06a3a67be078fe535859e00d8c30c957f3,12,87.68105673153892,87.68105673153892,31.635878923582315,41.66869097309001,7.883259195852797e-05,0.0016077019035985447,0.04903433390361467
bfo-22d07ac0da0ea6fe26e8c5c2a6394b06a3a67be078fe535859e00d8c30c957f3,13,87.68123465395959,87.68123465395959,31.63649313643039,41.66900899561384,7.784759248059914e-05,0.001607651646651857,0.04842317217335413
bfo-22d07ac0da0ea6fe26e8c5c2a6394b06a3a67be078fe535859e00d8c30c957f3,14,87.68140742883546,87.68140742883546,31.636142097221505,41.66900488564846,7.865317743746387e-05,0.0016071639240744344,0.04893911334076282
bfo-22d07ac0da0ea6fe26e8c5c2a6394b06a3a67be078fe535859e00d8c30c957f3,15,87.66332856320474,87.66332856320474,31.62162560565057,41.65664469971616,7.640546817138572e-05,0.0016196427075222748,0.04717427357066337
bfo-22d07ac0da0ea6fe26e8c5c2a6394b06a3a67be078fe535859e00d8c30c957f3,16,87.66083617892829,87.66083617892829,31.615841515899422,41.65301772879461,7.846244205295842e-05,0.001613409484439799,0.04863144961627755
bfo-22d07ac0da0ea6fe26e8c5c2a6394b06a3a67be078fe535859e00d8c30c957f3,17,87.66058862904356,87.66058862904356,31.61588298680264,41.65326814263675,7.833575495206495e-05,0.0016142210229856686,0.04852851860842134
bfo-22d07ac0da0ea6fe26e8c5c2a6394b06a3a67be078fe535859e00d8c30c957f3,18,85.9614443705162,85.9614443705162,35.13025259714249,45.95243843909682,6.0008561916769393e-05,0.00120478602871087,0.04980848091422425
bfo-22d07ac0da0ea6fe26e8c5c2a6394b06a3a67be078fe535859e00d8c30c957f3,19,61.52304936867317,61.52304936867317,26.751693052830188,33.802402265810535,0.00021404469600375407,0.004241982141366899,0.05045865090200078
bfo-22d07ac0da0ea6fe26e8c5c2a6394b06a3a67be078fe535859e00d8c30c957f3,20,61.52296016516763,61.52296016516763,26.751646335253536,33.8023967331684,0.0002142332797222313,0.004241963108142047,0.05050333401321449
bfo-22d07ac0da0ea6fe26e8c5c2a6394b06a3a67be078fe535859e00d8c30c957f3,21,61.52290786928237,61.52290786928237,26.751744451841983,33.802514163761174,0.00021413401136689827,0.004244246153457097,0.050452778567632826
bfo-22d07ac0da0ea6fe26e8c5c2a6394b06a3a67be078fe535859e00d8c30c957f3,22,61.522907781851856,61.522907781851856,26.751740053535435,33.80251246777951,0.00021413658043055428,0.004244221394667059,0.05045367819398413
bfo-22d07ac0da0ea6fe26e8c5c2a6394b06a3a67be078fe535859e00d8c30c957f3,23,1000000.1903417911,61.52102778979331,26.75148034096385,33.80218647651672,0.00021438525652665768,0.004236143503349325,0.050608591601571815
bfo-22d07ac0da0ea6fe26e8c5c2a6394b06a3a67be078fe535859e00d8c30c957f3,24,61.5274601509997,61.5274601509997,26.755291849716237,33.80594987236941,0.0002147522292869128,0.004239425518177987,0.0506559741092488
bfo-22d07ac0da0ea6fe26e8c5c2a6394b06a3a67be078fe535859e00d8c30c957f3,25,1000000.5,61.522865221265604,26.751636136158385,33.80247836334756,0.0002141958055291478,0.0042439870828115435,0.05047041881834571
bfo-22d07ac0da0ea6fe26e8c5c2a6394b06a3a67be078fe535859e00d8c30c957f3,26,61.52288144831562,61.52288144831562,26.751814098093735,33.80250908489967,0.00021411692514938997,0.004244165327066889,0.05044971358299197
bfo-22d07ac0da0ea6fe26e8c5c2a6394b06a3a67be078fe535859e00d8c30c957f3,27,61.52288070324642,61.52288070324642,26.751806932666852,33.80251080000127,0.0002141289837946468,0.0042441306700143865,0.0504529668013075
bfo-22d07ac0da0ea6fe26e8c5c2a6394b06a3a67be078fe535859e00d8c30c957f3,28,1000000.5,61.52288070324643,26.751806932666852,33.802510800001265,0.0002141289837946468,0.0042441306700143865,0.0504529668013075
bfo-22d07ac0da0ea6fe26e8c5c2a6394b06a3a67be078fe535859e00d8c30c957f3,29,1000000.1969568934,61.522541015196666,26.751755093822254,33.80245485756552,0.0002136258130434527,0.00424369714952558,0.0503395519322897
bfo-22d07ac0da0ea6fe26e8c5c2a6394b06a3a67be078fe535859e00d8c30c957f3,30,1000000.3479981067,61.52285744752159,26.75182579784605,33.80254979034778,0.00021415052545270847,0.0042439982934904304,0.050459616296542546
bfo-22d07ac0da0ea6fe26e8c5c2a6394b06a3a67be078fe535859e00d8c30c957f3,31,61.52689399652333,61.52689399652333,26.75251560931205,33.80405551571175,0.00021474073856653445,0.004243602400152427,0.05060340680333792
bfo-22d07ac0da0ea6fe26e8c5c2a6394b06a3a67be078fe535859e00d8c30c957f3,32,61.52352969732873,61.52352969732873,26.751707307989363,33.80232910760601,0.00021492825642344164,0.004244569697455371,0.05063605306146618
bfo-22d07ac0da0ea6fe26e8c5c2a6394b06a3a67be078fe535859e00d8c30c957f3,33,1000000.4937530106,61.52297983873628,26.75180065584458,33.80246902730819,0.0002145135185514571,0.0042443981961019575,0.050540384912156844
bfo-22d07ac0da0ea6fe26e8c5c2a6394b06a3a67be078fe535859e00d8c30c957f3,34,61.522979838736305,61.522979838736305,26.751800655844573,33.80246902730819,0.00021451351855145714,0.004244398196101958,0.050540384912156844
bfo-22d07ac0da0ea6fe26e8c5c2a6394b06a3a67be078fe535859e00d8c30c957f3,35,1000000.3661044571,61.52271724584851,26.751345594055834,33.80223838475177,0.00021370949932004635,0.004244526967479238,0.05034942667520976
bfo-22d07ac0da0ea6fe26e8c5c2a6394b06a3a67be078fe535859e00d8c30c957f3,36,61.52239026930174,61.52239026930174,26.752825973638295,33.80259833307623,0.000214722260420611,0.004245187514501217,0.05058015922433041
bfo-22d07ac0da0ea6fe26e8c5c2a6394b06a3a67be078fe535859e00d8c30c957f3,37,61.522419973948175,61.522419973948175,26.75285740473515,33.802638748414125,0.0002146403643960406,0.004245888864504985,0.05055251591496022
bfo-22d07ac0da0ea6fe26e8c5c2a6394b06a3a67be078fe535859e00d8c30c957f3,38,61.52206168565518,61.52206168565518,26.752855423915513,33.80316789306095,0.00021468037696769547,0.004249130656641864,0.050523364498600704
bfo-22d07ac0da0ea6fe26e8c5c2a6394b06a3a67be078fe535859e00d8c30c957f3,39,65.83536377685348,65.83536377685348,26.351074310331473,33.26143018058054,0.00023896420704395938,0.004709052114139538,0.050745712991036654
bfo-22d07ac0da0ea6fe26e8c5c2a6394b06a3a67be078fe535859e00d8c30c957f3,40,61.52205760896733,61.52205760896733,26.752919198612403,33.8031937714101,0.00021464246155825594,0.004249540198897088,0.050509573156635526
bfo-22d07ac0da0ea6fe26e8c5c2a6394b06a3a67be078fe535859e00d8c30c957f3,41,61.52205151136909,61.52205151136909,26.752972816884263,33.803221767330065,0.00021454502936114046,0.004249970596369885,0.050481532635636164
bfo-22d07ac0da0ea6fe26e8c5c2a6394b06a3a67be078fe535859e00d8c30c957f3,42,61.52206521625388,61.52206521625388,26.752883966938494,33.80321486920452,0.00021458845024675222,0.004249907908263687,0.05049249416193185
bfo-22d07ac0da0ea6fe26e8c5c2a6394b06a3a67be078fe535859e00d8c30c957f3,43,61.521519892615146,61.521519892615146,26.753447758906557,33.803050048604014,0.0002146538324896903,0.0042474732243904575,0.05053683005158782
bfo-22d07ac0da0ea6fe26e8c5c2a6394b06a3a67be078fe535859e00d8c30c957f3,44,1000000.0,61.520384929617435,26.747580766666864,33.791450215589464,0.00021518196675827939,0.004253643250883003,0.05058768544202909
bfo-22d07ac0da0ea6fe26e8c5c2a6394b06a3a67be078fe535859e00d8c30c957f3,45,1000000.00000187,86.00868694796107,35.29399477423151,46.11501634955901,6.778367580883356e-05,0.0010563740404490097,0.0641663588969133
bfo-22d07ac0da0ea6fe26e8c5c2a6394b06a3a67be078fe535859e00d8c30c957f3,46,85.94290107373496,85.94290107373496,35.270470727829256,45.862762608374425,6.430750921701197e-05,0.0012268407793788738,0.05241715982865327
bfo-22d07ac0da0ea6fe26e8c5c2a6394b06a3a67be078fe535859e00d8c30c957f3,47,1000000.0731148758,86.3979771469104,34.911547281989044,46.759139985679276,6.488608952650126e-05,0.0014119050599139399,0.04595641121256147
bfo-22d07ac0da0ea6fe26e8c5c2a6394b06a3a67be078fe535859e00d8c30c957f3,48,85.99180592241139,85.99180592241139,35.1595143409869,45.95983442102752,6.491114062079843e-05,0.0011628039963587342,0.05582294249423342
bfo-22d07ac0da0ea6fe26e8c5c2a6394b06a3a67be078fe535859e00d8c30c957f3,49,1000000.0679008797,86.26781844523379,34.907003447889274,46.57134588964158,6.912676775690767e-05,0.001346293584186014,0.051345983200761204
bfo-22d07ac0da0ea6fe26e8c5c2a6394b06a3a67be078fe535859e00d8c30c957f3,50,1000000.0,85.96588050200589,35.140134241696934,45.91114533238,6.380567132723504e-05,0.0011999233899479176,0.053174787542065095
bfo-22d07ac0da0ea6fe26e8c5c2a6394b06a3a67be078fe535859e00d8c30c957f3,51,1000000.0694521005,86.23365850579336,34.897198368423844,46.490608725451395,6.64601558522105e-05,0.001324450072962632,0.050179434626438806
bfo-22d07ac0da0ea6fe26e8c5c2a6394b06a3a67be078fe535859e00d8c30c957f3,52,86.24461317048149,86.24461317048149,33.42506531909085,43.6669646965954,5.830272357230506e-05,0.0011468750944173959,0.050836158057754675
bfo-22d07ac0da0ea6fe26e8c5c2a6394b06a3a67be078fe535859e00d8c30c957f3,53,1000000.0573970679,86.1315197117315,34.86120146312237,46.26380029627695,6.177826833119455e-05,0.0012832681081147454,0.04814135716499124
bfo-22d07ac0da0ea6fe26e8c5c2a6394b06a3a67be078fe535859e00d8c30c957f3,54,85.94324766803679,85.94324766803679,35.02205648259293,45.90146674501308,6.399130047865677e-05,0.0011774100337090983,0.054349206008607064
bfo-22d07ac0da0ea6fe26e8c5c2a6394b06a3a67be078fe535859e00d8c30c957f3,55,1000000.0451950928,86.03393962235815,34.852356166000895,46.0064633382707,6.106971496395685e-05,0.0012647314739462033,0.04828670450764358
bfo-22d07ac0da0ea6fe26e8c5c2a6394b06a3a67be078fe535859e00d8c30c957f3,56,1000000.0,86.05236387921573,35.047688584635644,46.196693704665684,6.735889099342153e-05,0.0011038047841857648,0.06102427889285662
bfo-22d07ac0da0ea6fe26e8c5c2a6394b06a3a67be078fe535859e00d8c30c957f3,57,1000000.0148188525,86.04315368888874,34.84734257101946,46.049265531763695,6.408616905975348e-05,0.0012653971805792915,0.05064510182519548
bfo-22d07ac0da0ea6fe26e8c5c2a6394b06a3a67be078fe535859e00d8c30c957f3,58,86.01314733130809,86.01314733130809,35.280204174113955,46.051321813921156,5.953837823186138e-05,0.0011767375163642577,0.05059614179363968
bfo-22d07ac0da0ea6fe26e8c5c2a6394b06a3a67be078fe535859e00d8c30c957f3,59,1000000.0253102263,86.00794146051008,34.859811953592,45.942804593141496,6.553029720283898e-05,0.001262752584759451,0.05189480345852725
bfo-22d07ac0da0ea6fe26e8c5c2a6394b06a3a67be078fe535859e00d8c30c957f3,60,1000000.0,85.95992496468872,34.634956280327856,45.35946542526406,5.334270410222096e-05,0.0011751865374686483,0.045390840008362535
bfo-22d07ac0da0ea6fe26e8c5c2a6394b06a3a67be078fe535859e00d8c30c957f3,61,1000000.0173023607,85.98353804153463,34.98901024874976,45.80737801227667,6.444278978624974e-05,0.0012991094302528439,0.049605359091040795
bfo-22d07ac0da0ea6fe26e8c5c2a6394b06a3a67be078fe535859e00d8c30c957f3,62,1000000.0,85.91236940928646,35.15600018254022,45.89019864459427,6.021174849305854e-05,0.0010984621395445408,0.05481458698068952
bfo-22d07ac0da0ea6fe26e8c5c2a6394b06a3a67be078fe535859e00d8c30c957f3,63,1000000.0188111697,85.96332943602536,35.19169897865637,45.82163899625104,6.703623629928554e-05,0.0013408149551146654,0.049996635287792315
bfo-22d07ac0da0ea6fe26e8c5c2a6394b06a3a67be078fe535859e00d8c30c957f3,64,1000000.0,85.95390923106305,34.786531615727604,45.493819060751825,5.3240928690412446e-05,0.001177996342691521,0.04519617486143123
bfo-22d07ac0da0ea6fe26e8c5c2a6394b06a3a67be078fe535859e00d8c30c957f3,65,1000000.0209416358,85.9816399030121,35.40998189311344,45.92726072412357,7.09988738473786e-05,0.0013581367664795418,0.052276674632273194
bfo-22d07ac0da0ea6fe26e8c5c2a6394b06a3a67be078fe535859e00d8c30c957f3,66,1000000.0,85.94121779400066,34.24505297060937,44.962041768579994,5.949046235236413e-05,0.0011682822155821134,0.05092131127128573
bfo-22d07ac0da0ea6fe26e8c5c2a6394b06a3a67be078fe535859e00d8c30c957f3,67,1000000.0069544596,86.03198826220088,35.63460443530251,46.11948105260964,7.20807184115563e-05,0.00130586973183887,0.055197480004422275
bfo-22d07ac0da0ea6fe26e8c5c2a6394b06a3a67be078fe535859e00d8c30c957f3,68,1000000.0,85.58661396081263,31.811506957280343,41.23950104862117,8.45611741042442e-05,0.0016217613735193062,0.05214156378675
bfo-22d07ac0da0ea6fe26e8c5c2a6394b06a3a67be078fe535859e00d8c30c957f3,69,85.97286343506782,85.97286343506782,35.29114295869513,45.95501569877395,6.477843220766597e-05,0.0011619964074566919,0.05574753225739237
bfo-22d07ac0da0ea6fe26e8c5c2a6394b06a3a67be078fe535859e00d8c30c957f3,70,1000000.0,79.64005715411878,29.051667797154835,37.03404149354948,0.00011541058605432968,0.0024539431547646066,0.04703066810257892
bfo-22d07ac0da0ea6fe26e8c5c2a6394b06a3a67be078fe535859e00d8c30c957f3,71,1000000.009104708,86.05084641910683,35.267002267221045,46.14322791643353,5.179067537123052e-05,0.0011411339957867535,0.0453852707591307
bfo-22d07ac0da0ea6fe26e8c5c2a6394b06a3a67be078fe535859e00d8c30c957f3,72,1000000.0,87.177059821826,34.81716076298733,47.351091451313295,7.88178092912548e-05,0.001442180060732871,0.054651850651160745
bfo-22d07ac0da0ea6fe26e8c5c2a6394b06a3a67be078fe535859e00d8c30c957f3,73,1000000.0000003407,85.92219007866635,35.114662123144655,45.935891502652446,5.958207751929778e-05,0.0011457097236095878,0.052004514137824476
bfo-22d07ac0da0ea6fe26e8c5c2a6394b06a3a67be078fe535859e00d8c30c957f3,74,1000000.0,86.03140791547031,35.05763436460089,46.08434782804464,6.812342601244015e-05,0.0012208960931831994,0.05579789008483461
bfo-22d07ac0da0ea6fe26e8c5c2a6394b06a3a67be078fe535859e00d8c30c957f3,75,1000000.0000008483,85.94049623753077,35.117673972831454,45.97820346783782,6.0931463309367864e-05,0.0012257890760778805,0.04970795098315641
bfo-22d07ac0da0ea6fe26e8c5c2a6394b06a3a67be078fe535859e00d8c30c957f3,76,1000000.0,92.69213344562792,26.792218090844976,34.42747263252477,0.00024039099068512106,0.00433024604188915,0.05551439533912628
bfo-22d07ac0da0ea6fe26e8c5c2a6394b06a3a67be078fe535859e00d8c30c957f3,77,1000000.000014513,85.95408628796882,35.24359568672639,46.022503724374594,6.0520176513056264e-05,0.0011727950467371813,0.051603369814213235
bfo-22d07ac0da0ea6fe26e8c5c2a6394b06a3a67be078fe535859e00d8c30c957f3,78,1000000.0,89.10978444894008,32.198930120272635,44.341435736147204,9.713465462790699e-05,0.0018174816862854923,0.05344464010882415
bfo-22d07ac0da0ea6fe26e8c5c2a6394b06a3a67be078fe535859e00d8c30c957f3,79,1000000.0006978307,63.99373101545481,26.64230208157789,33.44929520438104,0.00020760282610145754,0.004180956171012341,0.0496543894769388
bfo-22d07ac0da0ea6fe26e8c5c2a6394b06a3a67be078fe535859e00d8c30c957f3,80,1000000.0,85.98312458539844,35.09876755112118,45.93706857758737,5.848495359295075e-05,0.0012092472326784588,0.048364761160881654
bfo-22d07ac0da0ea6fe26e8c5c2a6394b06a3a67be078fe535859e00d8c30c957f3,81,83.61835154408706,83.61835154408706,30.454852641569307,39.161969943058345,8.962469137708706e-05,0.0018325006176532028,0.048908409914679964
bfo-22d07ac0da0ea6fe26e8c5c2a6394b06a3a67be078fe535859e00d8c30c957f3,82,1000000.0,86.02988285292261,35.211254325103766,46.018890027363874,5.527701156959963e-05,0.001225804045074111,0.04509449270601618
bfo-22d07ac0da0ea6fe26e8c5c2a6394b06a3a67be078fe535859e00d8c30c957f3,83,61.547380325170025,61.547380325170025,26.793892495418493,33.86603435185876,0.00021907994456856988,0.004209033115166952,0.052049945575179925
bfo-22d07ac0da0ea6fe26e8c5c2a6394b06a3a67be078fe535859e00d8c30c957f3,84,1000000.0,86.00449101095941,35.187183161288424,45.98966307320625,5.864630704112884e-05,0.001190357150736586,0.049267824370894775
bfo-22d07ac0da0ea6fe26e8c5c2a6394b06a3a67be078fe535859e00d8c30c957f3,85,77.4562678849205,77.4562678849205,28.516609168044305,36.20493771585712,0.00013809562062118405,0.0026901259225590346,0.05133425891447413
bfo-22d07ac0da0ea6fe26e8c5c2a6394b06a3a67be078fe535859e00d8c30c957f3,86,1000000.0,86.0360836180504,35.266358747966166,46.07381005042795,5.7812889685330644e-05,0.00105376542280252,0.05486314926862525
bfo-22d07ac0da0ea6fe26e8c5c2a6394b06a3a67be078fe535859e00d8c30c957f3,87,1000000.0000000002,61.52019147512591,26.75175904418901,33.80170136209293,0.0002143842088278579,0.004250653902249279,0.05043558326741544
bfo-22d07ac0da0ea6fe26e8c5c2a6394b06a3a67be078fe535859e00d8c30c957f3,88,1000000.0,85.96118658445425,34.91976975651891,45.91141734979428,5.5520615465738565e-05,0.0011928495167969047,0.046544526098166276
bfo-22d07ac0da0ea6fe26e8c5c2a6394b06a3a67be078fe535859e00d8c30c957f3,89,1000000.0,61.52107725674487,26.75331438826421,33.8029157364682,0.00021447269909568548,0.004247285095465254,0.05049642166113924
bfo-22d07ac0da0ea6fe26e8c5c2a6394b06a3a67be078fe535859e00d8c30c957f3,90,1000000.0,85.98408908483884,35.48487640431893,45.95254540863523,7.113800462841856e-05,0.0013638984928408052,0.05215784385848854
bfo-22d07ac0da0ea6fe26e8c5c2a6394b06a3a67be078fe535859e00d8c30c957f3,91,1000000.0,61.52097586100747,26.753280072813975,33.80288634660518,0.0002144382831379069,0.004247230364358877,0.050488969220363104
bfo-22d07ac0da0ea6fe26e8c5c2a6394b06a3a67be078fe535859e00d8c30c957f3,92,1000000.0,91.16950378302732,31.31539770008412,43.160447492628506,0.00011175628127743506,0.0021552742521583567,0.05185246432815636
bfo-22d07ac0da0ea6fe26e8c5c2a6394b06a3a67be078fe535859e00d8c30c957f3,93,1000000.0,61.519451172227505,26.753433801765556,33.80238398363051,0.0002147844742051853,0.00424817069406335,0.05055928531905229
bfo-22d07ac0da0ea6fe26e8c5c2a6394b06a3a67be078fe535859e00d8c30c957f3,94,1000000.0,85.95076430895645,35.051832312955675,45.790420669433885,5.85017347429523e-05,0.0011952114339147362,0.04894676630672668
bfo-22d07ac0da0ea6fe26e8c5c2a6394b06a3a67be078fe535859e00d8c30c957f3,95,1000000.0,61.521040625759426,26.753581159495212,33.80301286291424,0.00021443275023466988,0.004247789505414,0.05048102076653413
bfo-22d07ac0da0ea6fe26e8c5c2a6394b06a3a67be078fe535859e00d8c30c957f3,96,1000000.0,100.95240448374258,28.71346756860115,38.95670782681137,0.0001774991034595891,0.0033894951091045216,0.0523674169001775
bfo-22d07ac0da0ea6fe26e8c5c2a6394b06a3a67be078fe535859e00d8c30c957f3,97,1000000.0,61.52130940818843,26.753759194991265,33.803063201533156,0.0002145968098790304,0.004248281878925285,0.05051378792532438
bfo-22d07ac0da0ea6fe26e8c5c2a6394b06a3a67be078fe535859e00d8c30c957f3,98,86.07099143086079,86.07099143086079,34.79468329238124,46.10030546481529,6.357024585888935e-05,0.001211181004129186,0.052486164860713815
bfo-22d07ac0da0ea6fe26e8c5c2a6394b06a3a67be078fe535859e00d8c30c957f3,99,1000000.0,61.52151636165365,26.753453954002733,33.80303940150358,0.0002146946450832937,0.004247255231571435,0.05054903305254372
bfo-22d07ac0da0ea6fe26e8c5c2a6394b06a3a67be078fe535859e00d8c30c957f3,100,1000000.0,104.03855520476377,28.24651212856365,38.30255763488898,0.00019861009861823134,0.003734899297942816,0.053176828282258067
bfo-22d07ac0da0ea6fe26e8c5c2a6394b06a3a67be078fe535859e00d8c30c957f3,101,87.81817738937433,87.81817738937433,35.965777574075645,47.123252885157335,6.368521632905901e-05,0.0011175947262372595,0.0569841775680847
bfo-22d07ac0da0ea6fe26e8c5c2a6394b06a3a67be078fe535859e00d8c30c957f3,102,1000000.0,61.52148479424327,26.753461255599976,33.80313032232288,0.00021465805435247454,0.004248028433163204,0.050531218830057116
bfo-22d07ac0da0ea6fe26e8c5c2a6394b06a3a67be078fe535859e00d8c30c957f3,103,1000000.0,86.08941196971408,34.840485986465296,46.23307879431324,5.981756292122516e-05,0.0012486474951605847,0.04790588468968354
bfo-22d07ac0da0ea6fe26e8c5c2a6394b06a3a67be078fe535859e00d8c30c957f3,104,1000000.0000000047,61.49054794692964,26.79310514209968,33.863283862467846,0.0002127793170754951,0.004211427582945566,0.050524273036810126
bfo-22d07ac0da0ea6fe26e8c5c2a6394b06a3a67be078fe535859e00d8c30c957f3,105,1000000.0,61.8335902977273,26.588830356387863,33.468214190081476,0.00022723884850536753,0.004365129337981193,0.05205775841007774
bfo-22d07ac0da0ea6fe26e8c5c2a6394b06a3a67be078fe535859e00d8c30c957f3,106,1000000.0,61.52152084873836,26.753448338032392,33.80305053193402,0.00021465295857548542,0.004247467216744685,0.050536695781727134
bfo-22d07ac0da0ea6fe26e8c5c2a6394b06a3a67be078fe535859e00d8c30c957f3,107,1000000.0,86.11068697992641,33.678366857188884,44.09548373309207,5.6925201883518625e-05,0.0012322548313681398,0.046195965667520315
bfo-22d07ac0da0ea6fe26e8c5c2a6394b06a3a67be078fe535859e00d8c30c957f3,108,1000000.0,61.52151993878661,26.753449258779114,33.803050971088254,0.0002146494241876605,0.004247481602967639,0.05053569250016028
bfo-22d07ac0da0ea6fe26e8c5c2a6394b06a3a67be078fe535859e00d8c30c957f3,109,119.79328305488522,119.79328305488522,69.71319876753307,83.04003046540039,4.32146989710868e-05,0.0007180544965429036,0.060183035102691164
bfo-22d07ac0da0ea6fe26e8c5c2a6394b06a3a67be078fe535859e00d8c30c957f3,110,1000000.0,61.521520030026494,26.753451271662996,33.803051006353556,0.00021465094673016487,0.004247489320480327,0.050535959135946946
bfo-22d07ac0da0ea6fe26e8c5c2a6394b06a3a67be078fe535859e00d8c30c957f3,111,82.34273256084006,82.34273256084006,29.89088137225807,38.30769995609727,0.00010407283770252366,0.001985063481522498,0.052427964481368716
bfo-22d07ac0da0ea6fe26e8c5c2a6394b06a3a67be078fe535859e00d8c30c957f3,112,1000000.0013203543,65.28988474535186,26.713113598802302,33.55245078662072,0.00020417285457888473,0.004100708690929694,0.04978965100117745
bfo-22d07ac0da0ea6fe26e8c5c2a6394b06a3a67be078fe535859e00d8c30c957f3,113,87.61687149101675,87.61687149101675,34.79962096162341,47.57712233071376,8.20983903057278e-05,0.0015487670249090966,0.05300887027249724
bfo-22d07ac0da0ea6fe26e8c5c2a6394b06a3a67be078fe535859e00d8c30c957f3,114,1000000.0030909252,62.379541902515896,26.58015055271455,33.420975687938515,0.00021857210164796638,0.004315853610615894,0.05064400263955547
bfo-22d07ac0da0ea6fe26e8c5c2a6394b06a3a67be078fe535859e00d8c30c957f3,115,1000000.0,85.9608204207105,32.283243105782155,41.957689002445264,7.165751265520675e-05,0.001398031968616474,0.05125599003728129
bfo-22d07ac0da0ea6fe26e8c5c2a6394b06a3a67be078fe535859e00d8c30c957f3,116,1000000.0035135463,62.7146419951908,27.271360542694918,34.712493160618735,0.0001989766197862999,0.003915291543012507,0.05082038402514546
bfo-22d07ac0da0ea6fe26e8c5c2a6394b06a3a67be078fe535859e00d8c30c957f3,117,1000000.0,109.24327841405383,40.63907591167466,65.24638323824875,9.66239868019418e-05,0.001889628716983808,0.051133847582593525
bfo-22d07ac0da0ea6fe26e8c5c2a6394b06a3a67be078fe535859e00d8c30c957f3,118,1000000.0013071824,71.16473709155926,29.58894976200287,38.39587612864976,0.00013586662569345075,0.00269515115613949,0.05041150489238788
bfo-22d07ac0da0ea6fe26e8c5c2a6394b06a3a67be078fe535859e00d8c30c957f3,119,1000000.0,63.26346082447637,26.65797635906538,33.51159658292191,0.00021923027478203274,0.004214628006880152,0.052016518284449115
bfo-22d07ac0da0ea6fe26e8c5c2a6394b06a3a67be078fe535859e00d8c30c957f3,120,1000000.004514205,109.42966598823395,54.33304473706906,67.58101750219878,4.228187242628185e-06,8.649262013284815e-05,0.048884948058388215
bfo-22d07ac0da0ea6fe26e8c5c2a6394b06a3a67be078fe535859e00d8c30c957f3,121,86.06857128764393,86.06857128764393,34.065591904689484,44.62860283271007,5.038145012112835e-05,0.0012030723009056252,0.04187732531386783
bfo-22d07ac0da0ea6fe26e8c5c2a6394b06a3a67be078fe535859e00d8c30c957f3,122,119.08261215851721,119.08261215851721,69.5910135534154,81.95923870509422,2.7817503503701797e-05,0.00046118494103198086,0.0603174584179946
bfo-22d07ac0da0ea6fe26e8c5c2a6394b06a3a67be078fe535859e00d8c30c957f3,123,1000000.0,78.16189239570167,28.652107520850734,36.42631601462691,0.00012766475598475314,0.002566467597757979,0.04974337338070382
bfo-22d07ac0da0ea6fe26e8c5c2a6394b06a3a67be078fe535859e00d8c30c957f3,124,1000000.0,61.52149282404125,26.75346451047519,33.80303626003318,0.00021466307479665203,0.00424732886051203,0.05054072379287665
bfo-22d07ac0da0ea6fe26e8c5c2a6394b06a3a67be078fe535859e00d8c30c957f3,125,1000000.0,61.83629316476873,26.970628145476105,34.180223272217695,0.00020743325078474026,0.0041022191809422775,0.05056610620622493
bfo-22d07ac0da0ea6fe26e8c5c2a6394b06a3a67be078fe535859e00d8c30c957f3,126,1000000.0000745951,61.76123225729255,26.941058378511,34.12683543525495,0.0002106888466022068,0.004131395021947556,0.050997022914281195
bfo-22d07ac0da0ea6fe26e8c5c2a6394b06a3a67be078fe535859e00d8c30c957f3,127,1000000.0,67.238601849954,26.87146140998162,33.799412792958805,0.00019783930985739829,0.003890106574784992,0.05085704107433945
bfo-22d07ac0da0ea6fe26e8c5c2a6394b06a3a67be078fe535859e00d8c30c957f3,128,1000000.006513641,62.456090888839,27.198761045669027,34.57955368665506,0.00020058274330086515,0.003962843247449409,0.0506158661284333
bfo-22d07ac0da0ea6fe26e8c5c2a6394b06a3a67be078fe535859e00d8c30c957f3,129,1000000.0041281682,69.4175658074343,29.12538353727646,37.656956185571076,0.00015043262169316682,0.0029068314132643476,0.05175140911396448
bfo-22d07ac0da0ea6fe26e8c5c2a6394b06a3a67be078fe535859e00d8c30c957f3,130,1000000.002636478,74.27827970214014,30.4988015313759,39.74308525199039,0.00012390033461597458,0.002320919124750785,0.05338416720112068
bfo-22d07ac0da0ea6fe26e8c5c2a6394b06a3a67be078fe535859e00d8c30c957f3,131,93.43945438498706,93.43945438498706,39.250312494779386,51.26404875206785,3.559800200648513e-05,0.000704514862642407,0.05052839037769701
bfo-22d07ac0da0ea6fe26e8c5c2a6394b06a3a67be078fe535859e00d8c30c957f3,132,1000000.0001700107,62.11373995294838,27.084714880189768,34.371950807902046,0.0001994786529425249,0.0041286126580489906,0.04831614623707281
bfo-22d07ac0da0ea6fe26e8c5c2a6394b06a3a67be078fe535859e00d8c30c957f3,133,1000000.0,61.5217617749825,26.77305336799736,33.857273049239254,0.00021320107109963946,0.004244308836179753,0.050232223744476376
bfo-22d07ac0da0ea6fe26e8c5c2a6394b06a3a67be078fe535859e00d8c30c957f3,134,1000000.0000671122,107.73683468697561,52.12618388118315,65.46278150289717,4.006945882302386e-06,0.00010732326829907855,0.03733529499992676
bfo-22d07ac0da0ea6fe26e8c5c2a6394b06a3a67be078fe535859e00d8c30c957f3,135,75.9671540015876,75.9671540015876,28.157692190634318,35.722193878442035,0.00014346230290534552,0.0028704899782925363,0.04997833261577234
bfo-22d07ac0da0ea6fe26e8c5c2a6394b06a3a67be078fe535859e00d8c30c957f3,136,1000000.0028158361,91.38710373608677,37.99859514113334,49.67948727053343,4.228673321144025e-05,0.000842280186588338,0.050205067013060066
bfo-22d07ac0da0ea6fe26e8c5c2a6394b06a3a67be078fe535859e00d8c30c957f3,137,1000000.0,96.09112790452784,40.976815690057244,53.436048122262804,2.830244994521133e-05,0.0005712167626773376,0.04954765300050989
bfo-22d07ac0da0ea6fe26e8c5c2a6394b06a3a67be078fe535859e00d8c30c957f3,138,1000000.0159331425,63.55260212504724,26.607106817251104,33.42008357501609,0.00021410950303843445,0.004241564269499608,0.05047890104555546
bfo-22d07ac0da0ea6fe26e8c5c2a6394b06a3a67be078fe535859e00d8c30c957f3,139,1000000.0,75.21950066424849,30.782152428890477,40.16973966664096,0.00011432254660531293,0.0022328704158924716,0.05119981248872364
bfo-22d07ac0da0ea6fe26e8c5c2a6394b06a3a67be078fe535859e00d8c30c957f3,140,1000000.0014236297,74.20171929537428,27.830167515931105,35.21393590449658,0.00015598155109173865,0.003069161604269327,0.05082220202245527
bfo-22d07ac0da0ea6fe26e8c5c2a6394b06a3a67be078fe535859e00d8c30c957f3,141,1000000.0,62.3180187457554,27.14706441774797,34.49412016439051,0.00020002339607958264,0.00400185827962044,0.049982628594872194
bfo-22d07ac0da0ea6fe26e8c5c2a6394b06a3a67be078fe535859e00d8c30c957f3,142,1000000.0000231013,73.9338369214864,27.783575686744165,35.14095379852136,0.00016166398395599366,0.003104558183048457,0.052073104907072815
bfo-22d07ac0da0ea6fe26e8c5c2a6394b06a3a67be078fe535859e00d8c30c957f3,143,86.28186629319234,86.28186629319234,35.254309036568046,46.1362638107356,5.7819122645308985e-05,0.0011947661298571549,0.04839367404248544
bfo-22d07ac0da0ea6fe26e8c5c2a6394b06a3a67be078fe535859e00d8c30c957f3,144,1000000.000013746,61.64826857409135,26.648730206188603,33.58992672682719,0.00021934080201381053,0.0043183843096733215,0.05079233025242334
bfo-22d07ac0da0ea6fe26e8c5c2a6394b06a3a67be078fe535859e00d8c30c957f3,145,1000000.0,115.59271168380278,63.801645305666824,76.3282317865459,7.321016588485885e-06,0.00015605400407118133,0.04691335305402692
bfo-22d07ac0da0ea6fe26e8c5c2a6394b06a3a67be078fe535859e00d8c30c957f3,146,1000000.0013401434,64.96145629221144,27.91228104122322,35.77668185603398,0.00018026122138451323,0.003518484933538633,0.051232625629924124
bfo-22d07ac0da0ea6fe26e8c5c2a6394b06a3a67be078fe535859e00d8c30c957f3,147,116.05429056759756,116.05429056759756,64.55240910714927,77.0024437932689,1.0111517392794827e-05,0.00017143781057969528,0.05898067269177091
bfo-22d07ac0da0ea6fe26e8c5c2a6394b06a3a67be078fe535859e00d8c30c957f3,148,1000000.0,61.52141635111991,26.753455491552796,33.80301337757524,0.00021467485155266954,0.004247539028865363,0.050540995643309064
bfo-22d07ac0da0ea6fe26e8c5c2a6394b06a3a67be078fe535859e00d8c30c957f3,149,61.522559282944165,61.522559282944165,26.73099619102038,33.76006379486517,0.00021741159570376267,0.004264063239419444,0.05098695387392131
bfo-22d07ac0da0ea6fe26e8c5c2a6394b06a3a67be078fe535859e00d8c30c957f3,150,1000000.0004215043,75.1297785393465,30.74497060419868,40.123466886924994,0.00010890231915742935,0.0022436606744330326,0.04853778487914564
bfo-22d07ac0da0ea6fe26e8c5c2a6394b06a3a67be078fe535859e00d8c30c957f3,151,69.19576504252564,69.19576504252564,29.05188668151919,37.558002379310196,0.00014672854176000548,0.0029356028379282128,0.04998242264391542
bfo-22d07ac0da0ea6fe26e8c5c2a6394b06a3a67be078fe535859e00d8c30c957f3,152,61.69835331777837,61.69835331777837,26.63618309089439,33.562558064207415,0.00022091322664523878,0.0043063174988181826,0.05129980005094046
bfo-22d07ac0da0ea6fe26e8c5c2a6394b06a3a67be078fe535859e00d8c30c957f3,153,1000000.0,61.729673736515856,26.915766567411474,34.085454020909154,0.00020993037183194427,0.004152743981113574,0.05055220663414234
bfo-22d07ac0da0ea6fe26e8c5c2a6394b06a3a67be078fe535859e00d8c30c957f3,154,1000000.0,61.52150530776931,26.753471215128936,33.80305260411859,0.0002146490685440629,0.004247541555519316,0.050534895477395585
bfo-22d07ac0da0ea6fe26e8c5c2a6394b06a3a67be078fe535859e00d8c30c957f3,155,1000000.0,61.551732045437454,26.791517478695532,33.873883694711964,0.0002152290773544341,0.004225123432616766,0.050940305244795
bfo-22d07ac0da0ea6fe26e8c5c2a6394b06a3a67be078fe535859e00d8c30c957f3,156,61.525627964578604,61.525627964578604,26.764313369479105,33.82671330263485,0.00021518024336340653,0.004238707627298153,0.05076553097873543
bfo-22d07ac0da0ea6fe26e8c5c2a6394b06a3a67be078fe535859e00d8c30c957f3,157,1000000.0,61.53390590731276,26.7017019869263,33.70782752599868,0.00021469688652246628,0.004283818987678882,0.0501181042289549
bfo-22d07ac0da0ea6fe26e8c5c2a6394b06a3a67be078fe535859e00d8c30c957f3,158,1000000.0000421284,61.654415807044955,26.647127279098648,33.58061139781221,0.00021409002409651198,0.004314038902260035,0.049626354547789235
bfo-22d07ac0da0ea6fe26e8c5c2a6394b06a3a67be078fe535859e00d8c30c957f3,159,1000000.0,68.37638519342863,28.757375823815163,37.19036875583776,0.00015696155181292083,0.003161089127827111,0.04965426328260919
bfo-22d07ac0da0ea6fe26e8c5c2a6394b06a3a67be078fe535859e00d8c30c957f3,160,1000000.0,114.48346438873389,61.940875016348514,74.6412423123224,6.774489118771336e-06,0.00011742795469398723,0.05769059962276781
bfo-22d07ac0da0ea6fe26e8c5c2a6394b06a3a67be078fe535859e00d8c30c957f3,161,1000000.0008484701,66.19415179345202,26.772660257060707,33.646603855979905,0.0002029457369732882,0.004017211008393043,0.05051906323797269
bfo-22d07ac0da0ea6fe26e8c5c2a6394b06a3a67be078fe535859e00d8c30c957f3,162,1000000.0,63.67450052426325,27.55789237877055,35.18869717823921,0.00018669498540418202,0.0037417673276117546,0.049894867600798476
bfo-22d07ac0da0ea6fe26e8c5c2a6394b06a3a67be078fe535859e00d8c30c957f3,163,1000000.0001916335,62.82577070152455,27.308221221462805,34.77224095053581,0.00019641873414281706,0.0038894194086137803,0.05050078520917914
bfo-22d07ac0da0ea6fe26e8c5c2a6394b06a3a67be078fe535859e00d8c30c957f3,164,1000000.0,62.127347449377076,26.59382672765063,33.456625880124996,0.00021843784123071162,0.0043282399536790205,0.050468052503659974
bfo-22d07ac0da0ea6fe26e8c5c2a6394b06a3a67be078fe535859e00d8c30c957f3,165,1000000.0004032032,62.10287296513445,27.08081772126417,34.37396432868281,0.00020474251039305453,0.004044278181494191,0.05062522932520205
bfo-22d07ac0da0ea6fe26e8c5c2a6394b06a3a67be078fe535859e00d8c30c957f3,166,1000000.0,61.73347681823019,26.633924405037757,33.552897476615186,0.00021798877956415202,0.004316811532890782,0.05049763648545814
bfo-22d07ac0da0ea6fe26e8c5c2a6394b06a3a67be078fe535859e00d8c30c957f3,167,1000000.0002381508,61.522629626933266,26.73068692838851,33.755722965400984,0.00021478903247880006,0.004263356744324978,0.05038026263336024
bfo-22d07ac0da0ea6fe26e8c5c2a6394b06a3a67be078fe535859e00d8c30c957f3,168,61.576264218745195,61.576264218745195,26.826630886958313,33.92770340425954,0.00021151583369634675,0.004207252803043346,0.05027409656566044
bfo-22d07ac0da0ea6fe26e8c5c2a6394b06a3a67be078fe535859e00d8c30c957f3,169,1000000.0003501063,61.63071635469438,26.86495649887881,33.992546890593054,0.0002117512753901512,0.004178610638436973,0.050675043384601555
bfo-22d07ac0da0ea6fe26e8c5c2a6394b06a3a67be078fe535859e00d8c30c957f3,170,61.52401635668065,61.52401635668065,26.71582328201889,33.72862820783215,0.00021538423317435065,0.004272886743868096,0.050407194499934437
bfo-22d07ac0da0ea6fe26e8c5c2a6394b06a3a67be078fe535859e00d8c30c957f3,171,1000000.0002150476,61.54356246202,26.695253892788532,33.685669011551916,0.00021761985539610722,0.004283036912873938,0.05080970811668379
bfo-22d07ac0da0ea6fe26e8c5c2a6394b06a3a67be078fe535859e00d8c30c957f3,172,1000000.0,61.55103638651248,26.79478299510487,33.878484694136795,0.00021391755934948426,0.004226117295536654,0.05061798913518322
bfo-22d07ac0da0ea6fe26e8c5c2a6394b06a3a67be078fe535859e00d8c30c957f3,173,1000000.0000072389,61.52738314474627,26.713843291157055,33.72321196725068,0.00021578257252029205,0.00427374241606368,0.05049030837919288
bfo-22d07ac0da0ea6fe26e8c5c2a6394b06a3a67be078fe535859e00d8c30c957f3,174,1000000.0,61.9084673655549,26.606063960259334,33.492525344421956,0.00021749122535378803,0.0043256929673227374,0.050278932646576145
bfo-22d07ac0da0ea6fe26e8c5c2a6394b06a3a67be078fe535859e00d8c30c957f3,175,1000000.000114384,61.540930612106465,26.78545897440901,33.86100920513322,0.0002135453991342271,0.004228672352368169,0.050499395871764816
bfo-22d07ac0da0ea6fe26e8c5c2a6394b06a3a67be078fe535859e00d8c30c957f3,176,63.498267985839895,63.498267985839895,27.507430992829374,35.11193881584964,0.0001895656975700725,0.0037654647843436144,0.05034324005850903
bfo-22d07ac0da0ea6fe26e8c5c2a6394b06a3a67be078fe535859e00d8c30c957f3,177,61.88324256336216,61.88324256336216,26.99294642348411,34.22041973618886,0.00020730480132672652,0.004102388099030413,0.05053271322031242
bfo-22d07ac0da0ea6fe26e8c5c2a6394b06a3a67be078fe535859e00d8c30c957f3,178,1000000.0,64.30313237457639,27.73928902302367,35.477182377317725,0.00018335730508059532,0.0036306715583221726,0.05050231124881191
bfo-22d07ac0da0ea6fe26e8c5c2a6394b06a3a67be078fe535859e00d8c30c957f3,179,61.566467858660175,61.566467858660175,26.679997154745955,33.6539409677896,0.00021691034674720173,0.00429161825086423,0.05054278690876597
bfo-22d07ac0da0ea6fe26e8c5c2a6394b06a3a67be078fe535859e00d8c30c957f3,180,1000000.0,61.58222850843656,26.827429878455582,33.92888053271624,0.00021069472463305984,0.00420712596214143,0.05008044126299848
bfo-22d07ac0da0ea6fe26e8c5c2a6394b06a3a67be078fe535859e00d8c30c957f3,181,1000000.0000610292,61.603402041723,26.845099535144243,33.96013044644556,0.00021157019402652551,0.004193087819612965,0.05045689552146182
bfo-22d07ac0da0ea6fe26e8c5c2a6394b06a3a67be078fe535859e00d8c30c957f3,182,1000000.0,62.77670742529016,27.29655567455373,34.74842337808593,0.0001974810288448294,0.0038950290194387084,0.05070078499011731
bfo-22d07ac0da0ea6fe26e8c5c2a6394b06a3a67be078fe535859e00d8c30c957f3,183,1000000.0000084154,61.52649181303134,26.764544913770393,33.82513814265924,0.00021416558296456767,0.004240238851086663,0.05050790544727984
bfo-22d07ac0da0ea6fe26e8c5c2a6394b06a3a67be078fe535859e00d8c30c957f3,184,1000000.0,61.51854197310796,26.738036950995358,33.772362252299025,0.00021559617921716409,0.004257249028782005,0.050642134805735324
bfo-22d07ac0da0ea6fe26e8c5c2a6394b06a3a67be078fe535859e00d8c30c957f3,185,1000000.0000868343,61.55260227463207,26.793978976367033,33.8771617600871,0.00021310402621980455,0.00422297911329934,0.05046296003422808
bfo-22d07ac0da0ea6fe26e8c5c2a6394b06a3a67be078fe535859e00d8c30c957f3,186,1000000.0,61.521731094313175,26.754417832066302,33.806364907419436,0.0002167031182147412,0.004243854599183066,0.05106280461551537
bfo-22d07ac0da0ea6fe26e8c5c2a6394b06a3a67be078fe535859e00d8c30c957f3,187,1000000.0000771045,62.22815924440268,27.124378045928836,34.45182106392948,0.00020427463730819228,0.004015490441976979,0.05087165322889427
bfo-22d07ac0da0ea6fe26e8c5c2a6394b06a3a67be078fe535859e00d8c30c957f3,188,1000000.0,61.55543868360631,26.68899625248968,33.6718066733886,0.00021556774049878325,0.004287690255597628,0.05027595923407879
bfo-22d07ac0da0ea6fe26e8c5c2a6394b06a3a67be078fe535859e00d8c30c957f3,189,1000000.0001134215,61.544897980160684,26.790986248335383,33.87124422327547,0.0002137883604458335,0.004225718724103584,0.05059218902251596
bfo-22d07ac0da0ea6fe26e8c5c2a6394b06a3a67be078fe535859e00d8c30c957f3,190,1000000.0,61.87059292696246,26.989935147640598,34.21223161731084,0.0002066808047544357,0.004103803516454284,0.050363231067409725
bfo-22d07ac0da0ea6fe26e8c5c2a6394b06a3a67be078fe535859e00d8c30c957f3,191,1000000.0000063491,61.664901836481164,26.8861294093506,34.03103336084372,0.0002106384191512294,0.004167950567681021,0.05053764811525227
bfo-22d07ac0da0ea6fe26e8c5c2a6394b06a3a67be078fe535859e00d8c30c957f3,192,63.41805283820028,63.41805283820028,27.48649603994532,35.07494715739155,0.00019091786528249003,0.0037807258692679913,0.050497674754571606
bfo-22d07ac0da0ea6fe26e8c5c2a6394b06a3a67be078fe535859e00d8c30c957f3,193,1000000.0006990543,61.528517167192376,26.711011833287927,33.71732132629075,0.00021627284773925777,0.004274585110278383,0.05059505008315836
bfo-22d07ac0da0ea6fe26e8c5c2a6394b06a3a67be078fe535859e00d8c30c957f3,194,1000000.0,61.52498797872597,26.76265292612244,33.820684903145384,0.00021384367469872014,0.004238575226520781,0.0504517823255087
bfo-22d07ac0da0ea6fe26e8c5c2a6394b06a3a67be078fe535859e00d8c30c957f3,195,1000000.0008045362,61.721219204128715,26.917888840081478,34.08773904032111,0.0002099947436304387,0.0041483750205697405,0.05062096425448003
bfo-22d07ac0da0ea6fe26e8c5c2a6394b06a3a67be078fe535859e00d8c30c957f3,196,1000000.0,62.4404843888679,27.193883112523835,34.573474612824874,0.00020266347074174136,0.003968008121873126,0.051074358851380744
bfo-22d07ac0da0ea6fe26e8c5c2a6394b06a3a67be078fe535859e00d8c30c957f3,197,1000000.0000947602,61.57014370284817,26.680316591118185,33.653737927608475,0.00021616496694645205,0.004293511119873409,0.05034689812398239
bfo-22d07ac0da0ea6fe26e8c5c2a6394b06a3a67be078fe535859e00d8c30c957f3,198,1000000.0,61.746634471418794,26.93224782187685,34.1135906383166,0.00021016249722597105,0.0041376723684537365,0.050792445247304474
bfo-22d07ac0da0ea6fe26e8c5c2a6394b06a3a67be078fe535859e00d8c30c957f3,199,1000000.0000188387,61.626041038290424,26.657236086871468,33.60531865431978,0.00021712187461532843,0.004304107909906896,0.050445267442196885
bfo-22d07ac0da0ea6fe26e8c5c2a6394b06a3a67be078fe535859e00d8c30c957f3,200,65.09987561250489,65.09987561250489,26.690574628417423,33.52705409361626,0.00020780064522606738,0.004121720367905791,0.050415997854713526
bfo-22d07ac0da0ea6fe26e8c5c2a6394b06a3a67be078fe535859e00d8c30c957f3,201,1000000.0001441715,61.76618514640947,26.93876176972804,34.12506472769444,0.00020824407716499668,0.004136117866539113,0.05034771345605884
bfo-22d07ac0da0ea6fe26e8c5c2a6394b06a3a67be078fe535859e00d8c30c957f3,202,1000000.0,61.58989843606129,26.668634058844482,33.63140595988169,0.00021721578324582477,0.004298101966235251,0.0505376058902777
bfo-22d07ac0da0ea6fe26e8c5c2a6394b06a3a67be078fe535859e00d8c30c957f3,203,1000000.0003782681,61.9663699850754,27.028783156006266,34.28302085233519,0.00020638659963779707,0.004079458009865873,0.05059167152564533
bfo-22d07ac0da0ea6fe26e8c5c2a6394b06a3a67be078fe535859e00d8c30c957f3,204,61.549451618377255,61.549451618377255,26.692297313437944,33.67830596469765,0.00021649292061356226,0.004284348172572405,0.0505311220968243
bfo-22d07ac0da0ea6fe26e8c5c2a6394b06a3a67be078fe535859e00d8c30c957f3,205,1000000.000830073,61.532951233788964,26.70598294177175,33.70703079878688,0.0002162711300551745,0.004276645057536613,0.050570278137542855
bfo-22d07ac0da0ea6fe26e8c5c2a6394b06a3a67be078fe535859e00d8c30c957f3,206,1000000.0,61.82027519723063,26.618545467385058,33.51934411721727,0.00021856539298286903,0.004319964549114557,0.05059425615602965
bfo-22d07ac0da0ea6fe26e8c5c2a6394b06a3a67be078fe535859e00d8c30c957f3,207,1000000.0008622279,61.53998029667825,26.785596423694987,33.8626243897372,0.00021397089309231485,0.00422715301394703,0.050618203880091694
bfo-22d07ac0da0ea6fe26e8c5c2a6394b06a3a67be078fe535859e00d8c30c957f3,208,1000000.0,62.15993931430922,27.10118930422416,34.411270739987174,0.00020538792356009138,0.004029810564764667,0.05096714107505091
bfo-22d07ac0da0ea6fe26e8c5c2a6394b06a3a67be078fe535859e00d8c30c957f3,209,1000000.0002468259,61.518476958998235,26.73930514902458,33.774767222099996,0.0002153154845693802,0.004255783794473349,0.05059361447096853
bfo-22d07ac0da0ea6fe26e8c5c2a6394b06a3a67be078fe535859e00d8c30c957f3,210,61.519107938109755,61.519107938109755,26.726805850621002,33.75053904833594,0.0002150853174075375,0.0042647404835251665,0.0504333893793583
bfo-22d07ac0da0ea6fe26e8c5c2a6394b06a3a67be078fe535859e00d8c30c957f3,211,61.70470054743576,61.70470054743576,26.908585451205365,34.072771105845206,0.0002089721177632164,0.0041545200368679645,0.050299942209631895
bfo-22d07ac0da0ea6fe26e8c5c2a6394b06a3a67be078fe535859e00d8c30c957f3,212,1000000.0000837492,61.75273856304658,26.932455057872755,34.11473836314715,0.0002083206519513068,0.004142067464741748,0.05029388191394302
bfo-22d07ac0da0ea6fe26e8c5c2a6394b06a3a67be078fe535859e00d8c30c957f3,213,1000000.0,61.58199188950144,26.670882521397314,33.6362318809905,0.00021662469562432537,0.004294575935095302,0.05044146358062201
bfo-22d07ac0da0ea6fe26e8c5c2a6394b06a3a67be078fe535859e00d8c30c957f3,214,1000000.0000437491,61.53421601576579,26.702109839021436,33.70024218332993,0.00021527608297808572,0.004279972823888055,0.05029846960161829
bfo-22d07ac0da0ea6fe26e8c5c2a6394b06a3a67be078fe535859e00d8c30c957f3,215,61.83640971764372,61.83640971764372,26.973583801799865,34.18642282221267,0.0002073125189444247,0.004115665692420686,0.050371564271171634
bfo-22d07ac0da0ea6fe26e8c5c2a6394b06a3a67be078fe535859e00d8c30c957f3,216,1000000.0000497669,61.524754682847544,26.71437786500153,33.72516447269276,0.00021543154662499335,0.004272562503627931,0.05042209363632843
bfo-22d07ac0da0ea6fe26e8c5c2a6394b06a3a67be078fe535859e00d8c30c957f3,217,62.51205126693634,62.51205126693634,26.582360180575282,33.41921680949271,0.00021704917401784853,0.004308262653127041,0.05037974503720403
bfo-22d07ac0da0ea6fe26e8c5c2a6394b06a3a67be078fe535859e00d8c30c957f3,218,1000000.0002958627,61.5520410515705,26.68898788974813,33.67262137923237,0.00021595243612181043,0.004286900814933052,0.05037495511199107
bfo-22d07ac0da0ea6fe26e8c5c2a6394b06a3a67be078fe535859e00d8c30c957f3,219,1000000.0,62.76324759156914,27.2908033179324,34.7402200002949,0.00019608396635928174,0.003909086569511097,0.05016107033511044
bfo-22d07ac0da0ea6fe26e8c5c2a6394b06a3a67be078fe535859e00d8c30c957f3,220,1000000.0000473848,61.51918568047488,26.72573992455741,33.74836721531118,0.0002151244639677088,0.004264861229528058,0.05044114037715457
bfo-22d07ac0da0ea6fe26e8c5c2a6394b06a3a67be078fe535859e00d8c30c957f3,221,61.51804326130768,61.51804326130768,26.731247883729935,33.75956689737275,0.0002137419611048021,0.004262627901159915,0.05014323700331437
bfo-22d07ac0da0ea6fe26e8c5c2a6394b06a3a67be078fe535859e00d8c30c957f3,222,61.52766910782868,61.52766910782868,26.770377165662598,33.836635950106704,0.00021139031279498248,0.004236403334453149,0.049898533285492645
bfo-22d07ac0da0ea6fe26e8c5c2a6394b06a3a67be078fe535859e00d8c30c957f3,223,1000000.0000183722,62.14553246940409,27.094335344649725,34.3990803745084,0.00020223284120880327,0.004030347926365241,0.05017751442396847
bfo-22d07ac0da0ea6fe26e8c5c2a6394b06a3a67be078fe535859e00d8c30c957f3,224,1000000.0,63.987108931875156,26.621570059200213,33.43802838335848,0.0002114141204012753,0.00422935949911542,0.04998726649874361
bfo-22d07ac0da0ea6fe26e8c5c2a6394b06a3a67be078fe535859e00d8c30c957f3,225,61.76960907464991,61.76960907464991,26.625435679384104,33.53627716994173,0.00021657730268774547,0.004320588270246788,0.05012680892997351
bfo-22d07ac0da0ea6fe26e8c5c2a6394b06a3a67be078fe535859e00d8c30c957f3,226,1000000.0000136002,61.53505781918951,26.701571208760992,33.69930096570629,0.00021462150787214293,0.004281543155022394,0.05012713876780261
bfo-22d07ac0da0ea6fe26e8c5c2a6394b06a3a67be078fe535859e00d8c30c957f3,227,61.51807578054391,61.51807578054391,26.732993559223946,33.76258941519752,0.00021374898307677858,0.00426128079231723,0.0501607365236649
bfo-22d07ac0da0ea6fe26e8c5c2a6394b06a3a67be078fe535859e00d8c30c957f3,228,1000000.0000037907,61.51789011235549,26.743118493653583,33.78355526528021,0.00021336669150871025,0.004254925803829805,0.05014580778744992
bfo-22d07ac0da0ea6fe26e8c5c2a6394b06a3a67be078fe535859e00d8c30c957f3,229,61.517651682811255,61.517651682811255,26.74356490657015,33.78440432459037,0.00021338367666451718,0.004254670337806546,0.05015281084609838
bfo-22d07ac0da0ea6fe26e8c5c2a6394b06a3a67be078fe535859e00d8c30c957f3,230,61.5193307915132,61.5193307915132,26.75138560741816,33.80018628733925,0.00021312480892727602,0.004249554456683227,0.05015227151451066
bfo-22d07ac0da0ea6fe26e8c5c2a6394b06a3a67be078fe535859e00d8c30c957f3,231,1000000.0000178057,61.51718152753476,26.736136012541607,33.769612801621314,0.0002136457761595527,0.004259497106147964,0.05015751175207658
bfo-22d07ac0da0ea6fe26e8c5c2a6394b06a3a67be078fe535859e00d8c30c957f3,232,61.51976150233158,61.51976150233158,26.724605201612647,33.74577195164973,0.00021393171089342032,0.004266752010294612,0.050139241834832746
bfo-22d07ac0da0ea6fe26e8c5c2a6394b06a3a67be078fe535859e00d8c30c957f3,233,1000000.0000080481,61.517110780481985,26.73990002822195,33.777210012673365,0.00021357630416841042,0.0042569611636687574,0.050171071794402965
bfo-22d07ac0da0ea6fe26e8c5c2a6394b06a3a67be078fe535859e00d8c30c957f3,234,61.51768737440832,61.51768737440832,26.737488616063068,33.771931099087986,0.00021350919012884368,0.0042586973907820565,0.050134858276379056
bfo-22d07ac0da0ea6fe26e8c5c2a6394b06a3a67be078fe535859e00d8c30c957f3,235,1000000.0000240116,61.520623886484955,26.721698423516752,33.740294411617896,0.00021408457990040923,0.0042685349355242735,0.05015411215654365
bfo-22d07ac0da0ea6fe26e8c5c2a6394b06a3a67be078fe535859e00d8c30c957f3,236,61.51819396191173,61.51819396191173,26.731320983537337,33.75942655709832,0.0002137021642215792,0.004262577173522499,0.05013449739960496
bfo-22d07ac0da0ea6fe26e8c5c2a6394b06a3a67be078fe535859e00d8c30c957f3,237,1000000.0000225797,61.521049223116094,26.755987834832784,33.8092970716201,0.00021298092389643512,0.004246320100205797,0.05015658708492396
bfo-22d07ac0da0ea6fe26e8c5c2a6394b06a3a67be078fe535859e00d8c30c957f3,238,1000000.0,61.52364087925895,26.76205889490558,33.82121962284449,0.00021260388254676246,0.004243105866206559,0.050105721905269254
bfo-22d07ac0da0ea6fe26e8c5c2a6394b06a3a67be078fe535859e00d8c30c957f3,239,1000000.0001512849,61.517341634912924,26.736708172087972,33.77062811000579,0.0002136055437297372,0.0042590856236311685,0.050152911353687116
bfo-22d07ac0da0ea6fe26e8c5c2a6394b06a3a67be078fe535859e00d8c30c957f3,240,61.51972243154481,61.51972243154481,26.752843061935128,33.803042453174555,0.0002131103146808572,0.004248669651168336,0.05015930448305254
bfo-22d07ac0da0ea6fe26e8c5c2a6394b06a3a67be078fe535859e00d8c30c957f3,241,1000000.0000381294,61.517467407996776,26.73592648300707,33.76904819090331,0.00021359251723842987,0.004259663812515807,0.050143045704886195
bfo-22d07ac0da0ea6fe26e8c5c2a6394b06a3a67be078fe535859e00d8c30c957f3,242,1000000.0,61.52018655505871,26.754246675087437,33.80571095325556,0.00021308460388417205,0.004247664973480231,0.05016511547274545
bfo-22d07ac0da0ea6fe26e8c5c2a6394b06a3a67be078fe535859e00d8c30c957f3,243,1000000.0000113327,61.51783855440461,26.744547393993344,33.78636826194687,0.00021332909068084847,0.004254075182792079,0.05014699588379962
bfo-22d07ac0da0ea6fe26e8c5c2a6394b06a3a67be078fe535859e00d8c30c957f3,244,61.54559558953657,61.54559558953657,26.793513038590024,33.876799837108436,0.00021182039287834839,0.004224089937425385,0.05014580560930351
bfo-22d07ac0da0ea6fe26e8c5c2a6394b06a3a67be078fe535859e00d8c30c957f3,245,1000000.0000273405,61.517915860388555,26.744981283282716,33.78731710429203,0.00021334753350522225,0.0042539103784428964,0.050153274170133336
bfo-22d07ac0da0ea6fe26e8c5c2a6394b06a3a67be078fe535859e00d8c30c957f3,246,61.54901460034007,61.54901460034007,26.69028204410693,33.6756764519443,0.00021509001471807978,0.004287416287324573,0.05016774679752405
bfo-22d07ac0da0ea6fe26e8c5c2a6394b06a3a67be078fe535859e00d8c30c957f3,247,1000000.0000195141,61.518352636097134,26.729523608677404,33.75609296232655,0.00021380817977758424,0.004263501074259795,0.05014849909817471
bfo-22d07ac0da0ea6fe26e8c5c2a6394b06a3a67be078fe535859e00d8c30c957f3,248,61.517321334966155,61.517321334966155,26.744091688182145,33.78528660553432,0.0002133097373535883,0.0042543193999178925,0.05013956811933423
bfo-22d07ac0da0ea6fe26e8c5c2a6394b06a3a67be078fe535859e00d8c30c957f3,249,61.52136144795331,61.52136144795331,26.757642130880974,33.81223389571017,0.00021282266459815536,0.0042457712962485575,0.05012579570317398
bfo-22d07ac0da0ea6fe26e8c5c2a6394b06a3a67be078fe535859e00d8c30c957f3,250,1000000.0000491353,61.51713687229257,26.736057720742778,33.76904745359505,0.0002135145955903276,0.00425952369133114,0.050126401697181855
bfo-22d07ac0da0ea6fe26e8c5c2a6394b06a3a67be078fe535859e00d8c30c957f3,251,61.52548497236715,61.52548497236715,26.766993672493342,33.831048349894296,0.00021264853293185605,0.004239175648330979,0.05016270864255853
bfo-22d07ac0da0ea6fe26e8c5c2a6394b06a3a67be078fe535859e00d8c30c957f3,252,1000000.0000098366,61.517301623363196,26.744574909802783,33.786154232053576,0.0002132735540622039,0.004253847722840615,0.050136621702994356
bfo-22d07ac0da0ea6fe26e8c5c2a6394b06a3a67be078fe535859e00d8c30c957f3,253,1000000.0000111106,61.52086230246765,26.75674410744855,33.8105524046552,0.00021291440735300536,0.00424604487745868,0.05014417263541447
bfo-22d07ac0da0ea6fe26e8c5c2a6394b06a3a67be078fe535859e00d8c30c957f3,254,61.51752493788669,61.51752493788669,26.745387435572983,33.787882102157695,0.00021323341308590154,0.004253543333808852,0.0501307724764522
bfo-22d07ac0da0ea6fe26e8c5c2a6394b06a3a67be078fe535859e00d8c30c957f3,255,1000000.0000756595,61.51693184706561,26.73738046891361,33.77173865199819,0.00021355965265885268,0.004258519850866022,0.05014879820635865
bfo-22d07ac0da0ea6fe26e8c5c2a6394b06a3a67be078fe535859e00d8c30c957f3,256,1000000.0,61.522348741836375,26.717035690419024,33.730725731965904,0.00021417399271629885,0.004271413778295748,0.050141242181822095
bfo-22d07ac0da0ea6fe26e8c5c2a6394b06a3a67be078fe535859e00d8c30c957f3,257,1000000.000091452,61.52246494440904,26.76044598260056,33.817999456615674,0.00021281046530191724,0.004243555627244872,0.050149092882301724
bfo-22d07ac0da0ea6fe26e8c5c2a6394b06a3a67be078fe535859e00d8c30c957f3,258,61.51881805311666,61.51881805311666,26.751414149474567,33.80004174134223,0.0002130997486154205,0.004249817111216682,0.0501432751195291
bfo-22d07ac0da0ea6fe26e8c5c2a6394b06a3a67be078fe535859e00d8c30c957f3,259,1000000.0000033611,61.5185275238679,26.727497310286292,33.75170248339226,0.0002137545179988564,0.004264899327890439,0.05011947564647124
bfo-22d07ac0da0ea6fe26e8c5c2a6394b06a3a67be078fe535859e00d8c30c957f3,260,1000000.0000071961,61.51874111694417,26.750713465254925,33.79863418335494,0.0002130520932710102,0.004250021019956116,0.05012965636419607
bfo-22d07ac0da0ea6fe26e8c5c2a6394b06a3a67be078fe535859e00d8c30c957f3,261,1000000.000011545,61.51896765087213,26.751901179399418,33.800961427657946,0.00021307514934750587,0.004249146034063685,0.05014540513302405
bfo-22d07ac0da0ea6fe26e8c5c2a6394b06a3a67be078fe535859e00d8c30c957f3,262,1000000.0000163215,61.51915079449928,26.752414941925284,33.80202161690734,0.0002130843176451338,0.00424892504057191,0.05015017106925765
bfo-22d07ac0da0ea6fe26e8c5c2a6394b06a3a67be078fe535859e00d8c30c957f3,263,1000000.0000097224,61.51689464311582,26.740784945850667,33.778686447098394,0.00021340004675756707,0.004256402474534646,0.050136247226220815
bfo-22d07ac0da0ea6fe26e8c5c2a6394b06a3a67be078fe535859e00d8c30c957f3,264,1000000.0000088098,61.52330439958055,26.761947713774713,33.821010826736305,0.00021269968817135104,0.004242817911595917,0.05013170317538916
bfo-22d07ac0da0ea6fe26e8c5c2a6394b06a3a67be078fe535859e00d8c30c957f3,265,1000000.0000175316,61.51722834564349,26.74451937276312,33.786187968601936,0.00021329394388352706,0.004253940952727333,0.050140316063103256
bfo-22d07ac0da0ea6fe26e8c5c2a6394b06a3a67be078fe535859e00d8c30c957f3,266,1000000.0000216749,61.51714906029581,26.742894747157706,33.78289449874819,0.00021334331066789883,0.004255082678831892,0.05013846422520419
bfo-22d07ac0da0ea6fe26e8c5c2a6394b06a3a67be078fe535859e00d8c30c957f3,267,1000000.0000242266,61.517353783945765,26.744392468170666,33.78591447832732,0.00021327736153187315,0.004254187295889802,0.05013351474626701
bfo-22d07ac0da0ea6fe26e8c5c2a6394b06a3a67be078fe535859e00d8c30c957f3,268,1000000.0000237022,61.52398011438487,26.763316139811437,33.823735602380935,0.00021265837766137115,0.0042416309522606025,0.05013599251203917
bfo-22d07ac0da0ea6fe26e8c5c2a6394b06a3a67be078fe535859e00d8c30c957f3,269,1000000.0000423228,61.518983001527005,26.725041757743206,33.746890736587225,0.00021401514524212607,0.0042664777162148134,0.050162021104378035
bfo-22d07ac0da0ea6fe26e8c5c2a6394b06a3a67be078fe535859e00d8c30c957f3,270,1000000.0,61.51941096467116,26.723464696304024,33.74376294313968,0.00021401087773425883,0.004267522141702133,0.05014874454732155
bfo-22d07ac0da0ea6fe26e8c5c2a6394b06a3a67be078fe535859e00d8c30c957f3,271,1000000.0000672936,61.518845559620196,26.725376337683613,33.747605249768505,0.00021390674069686315,0.0042669865913317045,0.05013063343845755
bfo-22d07ac0da0ea6fe26e8c5c2a6394b06a3a67be078fe535859e00d8c30c957f3,272,61.5187748151247,61.5187748151247,26.75020590201414,33.79744072457672,0.00021303762797834528,0.0042502720202805926,0.050123292570879045
bfo-22d07ac0da0ea6fe26e8c5c2a6394b06a3a67be078fe535859e00d8c30c957f3,273,1000000.0001492385,61.518843278876545,26.75094944529763,33.798978960875004,0.00021307204615032325,0.004249719968715778,0.05013790266625767
bfo-22d07ac0da0ea6fe26e8c5c2a6394b06a3a67be078fe535859e00d8c30c957f3,274,1000000.0,61.52013592486598,26.722233111634246,33.74108360936768,0.00021407431831713827,0.004267908738627596,0.05015906651883489
bfo-22d07ac0da0ea6fe26e8c5c2a6394b06a3a67be078fe535859e00d8c30c957f3,275,61.51814157197593,61.51814157197593,26.728627416637956,33.75404471005072,0.00021380563455497458,0.004264343775413366,0.05013799210741382
bfo-22d07ac0da0ea6fe26e8c5c2a6394b06a3a67be078fe535859e00d8c30c957f3,276,1000000.0,61.51684828098173,26.74118814329362,33.779277650905385,0.00021335579953872001,0.004255828898148526,0.050132607453166
bfo-22d07ac0da0ea6fe26e8c5c2a6394b06a3a67be078fe535859e00d8c30c957f3,277,1000000.0000411725,61.51860820575168,26.726569093118222,33.74999353194747,0.00021385489845883964,0.004265754451424813,0.05013296027562241
bfo-22d07ac0da0ea6fe26e8c5c2a6394b06a3a67be078fe535859e00d8c30c957f3,278,1000000.0,61.5260268978198,26.76682800922219,33.830620479775575,0.00021259659423098824,0.004239317999836628,0.05014877257124404
bfo-22d07ac0da0ea6fe26e8c5c2a6394b06a3a67be078fe535859e00d8c30c957f3,279,61.517068616645304,61.517068616645304,26.73455553352614,33.76605338926655,0.0002136524636698283,0.0042602778710874555,0.050149889311161884
bfo-22d07ac0da0ea6fe26e8c5c2a6394b06a3a67be078fe535859e00d8c30c957f3,280,61.518452712368884,61.518452712368884,26.72724103415471,33.75121299261464,0.00021389202914820133,0.004264937313661786,0.05015127150006295
bfo-22d07ac0da0ea6fe26e8c5c2a6394b06a3a67be078fe535859e00d8c30c957f3,281,1000000.0000046144,61.51706374465992,26.734668697070994,33.766283168512444,0.00021364819786792613,0.004260202503185647,0.050149775206264645
bfo-22d07ac0da0ea6fe26e8c5c2a6394b06a3a67be078fe535859e00d8c30c957f3,282,61.5170982242051,61.5170982242051,26.734178983510034,33.765287160476625,0.0002136625019830693,0.004260525880469993,0.05014932615771353
bfo-22d07ac0da0ea6fe26e8c5c2a6394b06a3a67be078fe535859e00d8c30c957f3,283,1000000.0000049393,61.51725707743461,26.732866504722743,33.76264910104026,0.00021371285112544805,0.004261333185880435,0.050151640766689494
bfo-22d07ac0da0ea6fe26e8c5c2a6394b06a3a67be078fe535859e00d8c30c957f3,284,61.51695735184859,61.51695735184859,26.736099359328005,33.769154817545605,0.00021360098782458872,0.0042593196759032614,0.05014908578781211
bfo-22d07ac0da0ea6fe26e8c5c2a6394b06a3a67be078fe535859e00d8c30c957f3,285,61.516885188269704,61.516885188269704,26.738636044140772,33.774276084702194,0.000213519014450418,0.004257687669371523,0.05014905531620067
bfo-22d07ac0da0ea6fe26e8c5c2a6394b06a3a67be078fe535859e00d8c30c957f3,286,61.51690985966985,61.51690985966985,26.739831157419676,33.77666205151736,0.00021347213422442314,0.004256967362299575,0.05014652828089981
bfo-22d07ac0da0ea6fe26e8c5c2a6394b06a3a67be078fe535859e00d8c30c957f3,287,1000000.0000032027,61.516897061843025,26.739630669333273,33.776276187379324,0.00021349062384612834,0.00425704795556761,0.05014992221708781
bfo-22d07ac0da0ea6fe26e8c5c2a6394b06a3a67be078fe535859e00d8c30c957f3,288,61.51697287411656,61.51697287411656,26.735730822079365,33.76842560173941,0.00021361384503064038,0.004259537456753262,0.05014954022577438
bfo-22d07ac0da0ea6fe26e8c5c2a6394b06a3a67be078fe535859e00d8c30c957f3,289,1000000.0000066173,61.51691588919584,26.736279993564427,33.76952140688934,0.00021359710708904813,0.004259193952939251,0.050149654946247686
bfo-22d07ac0da0ea6fe26e8c5c2a6394b06a3a67be078fe535859e00d8c30c957f3,290,61.517110650439655,61.517110650439655,26.742382609557275,33.78182283938969,0.00021338436742662773,0.004255289275641596,0.05014567837916365
bfo-22d07ac0da0ea6fe26e8c5c2a6394b06a3a67be078fe535859e00d8c30c957f3,291,1000000.0000055268,61.51688063370786,26.73807251382734,33.77312775487207,0.00021353471392224124,0.004258050294634235,0.050148471517897794
bfo-22d07ac0da0ea6fe26e8c5c2a6394b06a3a67be078fe535859e00d8c30c957f3,292,61.51710945202433,61.51710945202433,26.74240826519814,33.78189220159833,0.00021340303042457988,0.004255254178021591,0.05015047785554329
bfo-22d07ac0da0ea6fe26e8c5c2a6394b06a3a67be078fe535859e00d8c30c957f3,293,1000000.0000036762,61.516889465513785,26.73933973299062,33.775694988391656,0.0002134979839831541,0.0042572307252400285,0.050149498056889265
bfo-22d07ac0da0ea6fe26e8c5c2a6394b06a3a67be078fe535859e00d8c30c957f3,294,61.51690839828132,61.51690839828132,26.736934410075943,33.77085472450537,0.00021357338587896574,0.004258783303182055,0.050148920636414886
bfo-22d07ac0da0ea6fe26e8c5c2a6394b06a3a67be078fe535859e00d8c30c957f3,295,1000000.0000029042,61.51690280226893,26.737701067834653,33.77237974220817,0.0002135458809761574,0.004258286421773752,0.050148313153441364
bfo-22d07ac0da0ea6fe26e8c5c2a6394b06a3a67be078fe535859e00d8c30c957f3,296,61.51692022750493,61.51692022750493,26.740217083179825,33.77746909996343,0.0002134702073268429,0.004256678787682154,0.050149475206956284
bfo-22d07ac0da0ea6fe26e8c5c2a6394b06a3a67be078fe535859e00d8c30c957f3,297,1000000.0000034198,61.51689875378606,26.73849561563123,33.77398952481077,0.00021351921600484326,0.004257788919070126,0.050147910115627456
bfo-22d07ac0da0ea6fe26e8c5c2a6394b06a3a67be078fe535859e00d8c30c957f3,298,61.517023415785346,61.517023415785346,26.74160964603469,33.78025519340532,0.00021342202339846869,0.004255769392368515,0.05014886938685612
bfo-22d07ac0da0ea6fe26e8c5c2a6394b06a3a67be078fe535859e00d8c30c957f3,299,1000000.0000037675,61.51692337768746,26.736776867489567,33.770529096626184,0.00021357854814830379,0.004258878886985791,0.050149007242481926
bfo-22d07ac0da0ea6fe26e8c5c2a6394b06a3a67be078fe535859e00d8c30c957f3,300,61.51687906260087,61.51687906260087,26.73830753332603,33.77361265994914,0.00021353333246948547,0.004257895658149022,0.050149968344295213
bfo-22d07ac0da0ea6fe26e8c5c2a6394b06a3a67be078fe535859e00d8c30c957f3,301,61.516949527028366,61.516949527028366,26.740596592648064,33.778233313492976,0.00021345841051127054,0.0042564398228280235,0.050149519174793954
bfo-22d07ac0da0ea6fe26e8c5c2a6394b06a3a67be078fe535859e00d8c30c957f3,302,1000000.000001364,61.516900917515386,26.736809235385522,33.77059869999366,0.00021358174041132794,0.004258876024141951,0.05014979050825011
bfo-22d07ac0da0ea6fe26e8c5c2a6394b06a3a67be078fe535859e00d8c30c957f3,303,61.51689851417903,61.51689851417903,26.73909687638173,33.77518169000782,0.00021350493700040017,0.00425736999306165,0.05014949072980617
bfo-22d07ac0da0ea6fe26e8c5c2a6394b06a3a67be078fe535859e00d8c30c957f3,304,1000000.0000037227,61.516876931947465,26.737690286466478,33.772368275162,0.00021355310743938696,0.004258272383996527,0.05015017551295308
bfo-22d07ac0da0ea6fe26e8c5c2a6394b06a3a67be078fe535859e00d8c30c957f3,305,1000000.0,61.51693656932884,26.736874767628816,33.77072064625408,0.00021357846924455626,0.004258817367280825,0.050149713130554385
bfo-22d07ac0da0ea6fe26e8c5c2a6394b06a3a67be078fe535859e00d8c30c957f3,306,1000000.0000039786,61.51689913149452,26.738156331768515,33.77329524373474,0.00021353099314811325,0.004257995934544143,0.05014823791065307
bfo-22d07ac0da0ea6fe26e8c5c2a6394b06a3a67be078fe535859e00d8c30c957f3,307,1000000.0,61.51696075403908,26.741699132123813,33.78046189689874,0.00021343876771531066,0.004255689573026616,0.050153744546624565
bfo-22d07ac0da0ea6fe26e8c5c2a6394b06a3a67be078fe535859e00d8c30c957f3,308,1000000.000003972,61.516884262482876,26.737487276876834,33.771964362692344,0.00021356104835243916,0.004258412529002411,0.05015038982201864
bfo-22d07ac0da0ea6fe26e8c5c2a6394b06a3a67be078fe535859e00d8c30c957f3,309,61.51704886473185,61.51704886473185,26.74189322475606,33.7808239503883,0.0002134132669377017,0.004255610694932255,0.05014868187821843
bfo-22d07ac0da0ea6fe26e8c5c2a6394b06a3a67be078fe535859e00d8c30c957f3,310,1000000.0000000414,61.51686183503398,26.73857422894893,33.77416498088404,0.00021352876715911859,0.004257737590942378,0.05015075790799443
bfo-22d07ac0da0ea6fe26e8c5c2a6394b06a3a67be078fe535859e00d8c30c957f3,311,1000000.0,61.51691630671158,26.73760828360786,33.77220821284407,0.00021354202204738087,0.004258366916261303,0.05014645901740737
bfo-22d07ac0da0ea6fe26e8c5c2a6394b06a3a67be078fe535859e00d8c30c957f3,312,1000000.0000005519,61.516910931835014,26.737567541558416,33.77212922394023,0.00021355873929846186,0.0042583636995509495,0.050150422642617855
bfo-22d07ac0da0ea6fe26e8c5c2a6394b06a3a67be078fe535859e00d8c30c957f3,313,61.5168771121687,61.5168771121687,26.739536768687596,33.776090987536605,0.00021349369450763235,0.004257134601322722,0.05014962280997607
bfo-22d07ac0da0ea6fe26e8c5c2a6394b06a3a67be078fe535859e00d8c30c957f3,314,61.51720670668178,61.51720670668178,26.743698744478383,33.7844520113119,0.00021335605044914063,0.004254463719749531,0.05014875305170104
bfo-22d07ac0da0ea6fe26e8c5c2a6394b06a3a67be078fe535859e00d8c30c957f3,315,1000000.0000017327,61.51686345473061,26.739283868769398,33.7755730303761,0.0002134991632170963,0.004257276388017334,0.0501492371550078
bfo-22d07ac0da0ea6fe26e8c5c2a6394b06a3a67be078fe535859e00d8c30c957f3,316,61.51733734990659,61.51733734990659,26.74470769413163,33.786484335919155,0.00021332807878644909,0.004253776624438435,0.050150277652299555
bfo-22d07ac0da0ea6fe26e8c5c2a6394b06a3a67be078fe535859e00d8c30c957f3,317,1000000.000000564,61.516918835754765,26.74032191184679,33.777664569379496,0.00021346977091841405,0.004256626331930973,0.05014999069029764
bfo-22d07ac0da0ea6fe26e8c5c2a6394b06a3a67be078fe535859e00d8c30c957f3,318,61.516879123918045,61.516879123918045,26.738730042229,33.77447993000031,0.0002135100298257349,0.004257702015056305,0.050146776141380904
bfo-22d07ac0da0ea6fe26e8c5c2a6394b06a3a67be078fe535859e00d8c30c957f3,319,1000000.0000012021,61.51684712587165,26.73799286738415,33.77298958873681,0.00021354367217646467,0.00425812406612267,0.05014970650465608
bfo-22d07ac0da0ea6fe26e8c5c2a6394b06a3a67be078fe535859e00d8c30c957f3,320,61.51698176488939,61.51698176488939,26.741592427364832,33.78024841260327,0.00021343264762555344,0.0042558387022875715,0.0501505490588331
bfo-22d07ac0da0ea6fe26e8c5c2a6394b06a3a67be078fe535859e00d8c30c957f3,321,61.51685134188123,61.51685134188123,26.738780713705257,33.774575286041845,0.00021351988496170175,0.004257606195387378,0.05015021943387478
bfo-22d07ac0da0ea6fe26e8c5c2a6394b06a3a67be078fe535859e00d8c30c957f3,322,1000000.0,61.51693981022025,26.740765764120894,33.77855378857102,0.00021345366355042552,0.004256300930012211,0.05015004038960496
bfo-22d07ac0da0ea6fe26e8c5c2a6394b06a3a67be078fe535859e00d8c30c957f3,323,1000000.0000013508,61.51686111059081,26.739518115769293,33.776064394015016,0.0002134982782015354,0.004257139078499435,0.05015064677586002
bfo-22d07ac0da0ea6fe26e8c5c2a6394b06a3a67be078fe535859e00d8c30c957f3,324,61.516856051795635,61.516856051795635,26.738932356970075,33.77489055337248,0.00021351114042792712,0.004257505749656801,0.050149348699091795
bfo-22d07ac0da0ea6fe26e8c5c2a6394b06a3a67be078fe535859e00d8c30c957f3,325,61.51685706270362,61.51685706270362,26.7371842987191,33.77136418909353,0.00021356697778078323,0.004258638350090246,0.050149122847272874
bfo-22d07ac0da0ea6fe26e8c5c2a6394b06a3a67be078fe535859e00d8c30c957f3,326,61.51692510927966,61.51692510927966,26.740987104614884,33.77903335042647,0.00021345196084503749,0.004256199684440938,0.050150833295095947
bfo-22d07ac0da0ea6fe26e8c5c2a6394b06a3a67be078fe535859e00d8c30c957f3,327,1000000.0000071679,61.516892525444035,26.736289463110225,33.76955791136914,0.00021360927691463507,0.004259198361416572,0.05015246034316902
bfo-22d07ac0da0ea6fe26e8c5c2a6394b06a3a67be078fe535859e00d8c30c957f3,328,61.5168491782349,61.5168491782349,26.739193862036466,33.77542509243449,0.00021350649672500306,0.004257346151546648,0.05015013793215721
bfo-22d07ac0da0ea6fe26e8c5c2a6394b06a3a67be078fe535859e00d8c30c957f3,329,61.51690279142387,61.51690279142387,26.74049980153699,33.77807223703673,0.0002134535379237758,0.0042565351227212165,0.05014725164239084
bfo-22d07ac0da0ea6fe26e8c5c2a6394b06a3a67be078fe535859e00d8c30c957f3,330,61.51687171650042,61.51687171650042,26.739708355207814,33.776457674272116,0.00021349105785492878,0.004257025445047646,0.050150289353635594
bfo-22d07ac0da0ea6fe26e8c5c2a6394b06a3a67be078fe535859e00d8c30c957f3,331,61.51733464773038,61.51733464773038,26.74464927104352,33.786398632187556,0.0002133317074543211,0.004253828083445654,0.050150524014952604
bfo-22d07ac0da0ea6fe26e8c5c2a6394b06a3a67be078fe535859e00d8c30c957f3,332,61.51684594553416,61.51684594553416,26.738988947720433,33.77501342577814,0.00021351125749339244,0.004257478949587451,0.050149691876710666
bfo-22d07ac0da0ea6fe26e8c5c2a6394b06a3a67be078fe535859e00d8c30c957f3,333,61.51690123160422,61.51690123160422,26.740656225395842,33.77835929777054,0.00021345179063217515,0.0042564156584923235,0.050148248610612074
bfo-22d07ac0da0ea6fe26e8c5c2a6394b06a3a67be078fe535859e00d8c30c957f3,334,61.51687895368771,61.51687895368771,26.73700866655911,33.77101062959619,0.0002135661261084601,0.004258741479371078,0.05014770845869684
bfo-22d07ac0da0ea6fe26e8c5c2a6394b06a3a67be078fe535859e00d8c30c957f3,335,61.51702377506236,61.51702377506236,26.74197166403774,33.78101622688755,0.0002134107184295019,0.004255583492696248,0.050148403572805804
bfo-22d07ac0da0ea6fe26e8c5c2a6394b06a3a67be078fe535859e00d8c30c957f3,336,61.51684082300011,61.51684082300011,26.737302889630605,33.77162184776498,0.00021356742366495022,0.004258573759645736,0.050149988169446796
bfo-22d07ac0da0ea6fe26e8c5c2a6394b06a3a67be078fe535859e00d8c30c957f3,337,61.51711682354542,61.51711682354542,26.733296074038506,33.7635491863352,0.00021371301842159298,0.004261131221736088,0.05015405705683035
bfo-22d07ac0da0ea6fe26e8c5c2a6394b06a3a67be078fe535859e00d8c30c957f3,338,61.51685114291374,61.51685114291374,26.73927954846171,33.77559695921605,0.00021350286367225163,0.004257238054043464,0.05015055793496669
bfo-22d07ac0da0ea6fe26e8c5c2a6394b06a3a67be078fe535859e00d8c30c957f3,339,61.516962087911196,61.516962087911196,26.73522835125261,33.767427227556915,0.00021362424514300666,0.004259937910481874,0.050147267315180655
bfo-22d07ac0da0ea6fe26e8c5c2a6394b06a3a67be078fe535859e00d8c30c957f3,340,61.51684808387749,61.51684808387749,26.738566795647678,33.77416380197558,0.0002135239297511995,0.004257788707912059,0.05014901969053032
bfo-22d07ac0da0ea6fe26e8c5c2a6394b06a3a67be078fe535859e00d8c30c957f3,341,61.51696662099656,61.51696662099656,26.73448772422309,33.765971261835794,0.00021366060747740568,0.004260384167025054,0.050150549598582526
bfo-22d07ac0da0ea6fe26e8c5c2a6394b06a3a67be078fe535859e00d8c30c957f3,342,61.51684587965536,61.51684587965536,26.737563027930218,33.77214464803632,0.0002135601899275386,0.004258412501708498,0.05015018856013998
bfo-22d07ac0da0ea6fe26e8c5c2a6394b06a3a67be078fe535859e00d8c30c957f3,343,61.51686451607358,61.51686451607358,26.737247794659762,33.77151528843757,0.0002135713384737322,0.004258643178412668,0.050150089952672915
bfo-22d07ac0da0ea6fe26e8c5c2a6394b06a3a67be078fe535859e00d8c30c957f3,344,61.516828229213274,61.516828229213274,26.737789119877817,33.77260333035586,0.00021355572774175508,0.004258271747630211,0.0501507983516087
bfo-22d07ac0da0ea6fe26e8c5c2a6394b06a3a67be078fe535859e00d8c30c957f3,345,61.51686509409858,61.51686509409858,26.736145581815407,33.76929031800581,0.00021360081049877222,0.004259328070505889,0.050148945317894336
bfo-22d07ac0da0ea6fe26e8c5c2a6394b06a3a67be078fe535859e00d8c30c957f3,346,61.5168308114758,61.5168308114758,26.737440404543655,33.77189538097661,0.00021357185354558834,0.004258484585406087,0.050152078576849474
bfo-22d07ac0da0ea6fe26e8c5c2a6394b06a3a67be078fe535859e00d8c30c957f3,347,61.51691474516883,61.51691474516883,26.74027438167516,33.777598591304276,0.00021347423324460563,0.004256666243240313,0.050150568789274416
bfo-22d07ac0da0ea6fe26e8c5c2a6394b06a3a67be078fe535859e00d8c30c957f3,348,61.51682375169972,61.51682375169972,26.737877540486494,33.77278179031037,0.00021355539292600964,0.004258205927574044,0.050151494915530066
bfo-22d07ac0da0ea6fe26e8c5c2a6394b06a3a67be078fe535859e00d8c30c957f3,349,61.51693848701085,61.51693848701085,26.735195363703735,33.76738412808429,0.0002136379527278479,0.004259953547447491,0.05015030101815476
bfo-22d07ac0da0ea6fe26e8c5c2a6394b06a3a67be078fe535859e00d8c30c957f3,350,61.51684363739764,61.51684363739764,26.73704535607,33.771104042230405,0.00021358257287800407,0.004258728757428512,0.050151720159554984
bfo-22d07ac0da0ea6fe26e8c5c2a6394b06a3a67be078fe535859e00d8c30c957f3,351,61.51683077060788,61.51683077060788,26.73804703704852,33.77311896790495,0.00021354705979864932,0.004258080905376706,0.05015101040682484
bfo-22d07ac0da0ea6fe26e8c5c2a6394b06a3a67be078fe535859e00d8c30c957f3,352,61.51682923102304,61.51682923102304,26.739422300410535,33.77590218752758,0.00021350425159363513,0.004257214263198407,0.050151164210661854
bfo-22d07ac0da0ea6fe26e8c5c2a6394b06a3a67be078fe535859e00d8c30c957f3,353,61.51687791649759,61.51687791649759,26.735884081082684,33.76876504342738,0.00021362056593763647,0.004259520708476191,0.05015131526712485
bfo-22d07ac0da0ea6fe26e8c5c2a6394b06a3a67be078fe535859e00d8c30c957f3,354,61.51684127159657,61.51684127159657,26.736979582068663,33.77097240804717,0.00021358281068155344,0.00425877166084881,0.05015127076312528
bfo-22d07ac0da0ea6fe26e8c5c2a6394b06a3a67be078fe535859e00d8c30c957f3,355,61.51680099166133,61.51680099166133,26.73790806582553,33.77283428162645,0.00021355567907985906,0.004258152610970407,0.05015219006704201
bfo-22d07ac0da0ea6fe26e8c5c2a6394b06a3a67be078fe535859e00d8c30c957f3,356,61.516829786010426,61.516829786010426,26.739057461868338,33.775113490638354,0.00021350367788054142,0.004257416418792895,0.05014864811863437
bfo-22d07ac0da0ea6fe26e8c5c2a6394b06a3a67be078fe535859e00d8c30c957f3,357,1000000.0000031195,61.51685333916528,26.73620173533087,33.76938680881199,0.00021361015242442395,0.004259240993313663,0.05015216390895895
bfo-22d07ac0da0ea6fe26e8c5c2a6394b06a3a67be078fe535859e00d8c30c957f3,358,61.51684380718958,61.51684380718958,26.740359651137453,33.77777635623493,0.000213473349741166,0.00425656569663947,0.05015154586001146
bfo-22d07ac0da0ea6fe26e8c5c2a6394b06a3a67be078fe535859e00d8c30c957f3,359,1000000.0000010335,61.51690983414111,26.735543144663282,33.76806480661469,0.00021363117033630457,0.0042596550121400826,0.05015222353158939
bfo-22d07ac0da0ea6fe26e8c5c2a6394b06a3a67be078fe535859e00d8c30c957f3,360,61.51697175645219,61.51697175645219,26.74179204085487,33.780655451877465,0.00021342684034895032,0.0042556656575752,0.05015122369142059
bfo-22d07ac0da0ea6fe26e8c5c2a6394b06a3a67be078fe535859e00d8c30c957f3,361,1000000.0000030625,61.51686271410878,26.735912782668482,33.76881515809603,0.00021362033473644275,0.004259431408891856,0.05015231241674548
bfo-22d07ac0da0ea6fe26e8c5c2a6394b06a3a67be078fe535859e00d8c30c957f3,362,61.516925966767715,61.516925966767715,26.742004815536422,33.78109361116099,0.00021342420062456233,0.004255550990398213,0.05015195473068251
bfo-22d07ac0da0ea6fe26e8c5c2a6394b06a3a67be078fe535859e00d8c30c957f3,363,61.5168759189073,61.5168759189073,26.73632312142639,33.76963068933107,0.00021360123778873228,0.004259176805497706,0.05015082668393052
bfo-22d07ac0da0ea6fe26e8c5c2a6394b06a3a67be078fe535859e00d8c30c957f3,364,61.51685486450794,61.51685486450794,26.740847856036456,33.778755314970375,0.0002134665094295676,0.004256253121923404,0.050153621815871206
bfo-22d07ac0da0ea6fe26e8c5c2a6394b06a3a67be078fe535859e00d8c30c957f3,365,61.516805348534,61.516805348534,26.73771528269802,33.772449710270045,0.00021355911179728973,0.004258289816222913,0.05015138025215857
bfo-22d07ac0da0ea6fe26e8c5c2a6394b06a3a67be078fe535859e00d8c30c957f3,366,61.516844981828974,61.516844981828974,26.740435059507625,33.77790977698277,0.00021347147438435554,0.004256526643636387,0.05015156540920534
bfo-22d07ac0da0ea6fe26e8c5c2a6394b06a3a67be078fe535859e00d8c30c957f3,367,61.51680382778923,61.51680382778923,26.737232261628332,33.77146239891785,0.00021357289085673168,0.004258598077970692,0.05015098559348044
bfo-22d07ac0da0ea6fe26e8c5c2a6394b06a3a67be078fe535859e00d8c30c957f3,368,61.516842505042646,61.516842505042646,26.73847099433581,33.77396195409911,0.00021353510803910793,0.00425777645997515,0.050151789330986664
bfo-22d07ac0da0ea6fe26e8c5c2a6394b06a3a67be078fe535859e00d8c30c957f3,369,61.516818510700745,61.516818510700745,26.738771263468454,33.77457544503353,0.00021352220176970303,0.004257593070524454,0.050150918190826815
bfo-22d07ac0da0ea6fe26e8c5c2a6394b06a3a67be078fe535859e00d8c30c957f3,370,61.51706849210475,61.51706849210475,26.73339129355739,33.76372539536954,0.00021369779484934414,0.0042610180331159675,0.050151816581980695
bfo-22d07ac0da0ea6fe26e8c5c2a6394b06a3a67be078fe535859e00d8c30c957f3,371,61.516805737409804,61.516805737409804,26.738102768367817,33.77321357555142,0.0002135450718064364,0.004258039219191847,0.050151034505259
bfo-22d07ac0da0ea6fe26e8c5c2a6394b06a3a67be078fe535859e00d8c30c957f3,372,61.516936373392625,61.516936373392625,26.741709801898836,33.780500388082125,0.00021344005774570082,0.004255676709453757,0.0501541992772983
bfo-22d07ac0da0ea6fe26e8c5c2a6394b06a3a67be078fe535859e00d8c30c957f3,373,61.51679532005003,61.51679532005003,26.73791515997419,33.77285033600567,0.00021355520321300335,0.004258160809139715,0.050151981755745
bfo-22d07ac0da0ea6fe26e8c5c2a6394b06a3a67be078fe535859e00d8c30c957f3,374,61.51692300093816,61.51692300093816,26.74160694000692,33.78025318565302,0.00021343611243408028,0.004255762123806377,0.05015226561657113
bfo-22d07ac0da0ea6fe26e8c5c2a6394b06a3a67be078fe535859e00d8c30c957f3,375,61.51681113552486,61.51681113552486,26.737503920168663,33.77201587189389,0.00021356053510806285,0.0042584299009858564,0.05015006471249464
bfo-22d07ac0da0ea6fe26e8c5c2a6394b06a3a67be078fe535859e00d8c30c957f3,376,61.51690102065339,61.51690102065339,26.740935257363024,33.77891112617851,0.00021344303748742168,0.004256254924884352,0.0501480858769805
bfo-22d07ac0da0ea6fe26e8c5c2a6394b06a3a67be078fe535859e00d8c30c957f3,377,61.516781178075284,61.516781178075284,26.738161919025398,33.77335064608611,0.0002135520195665444,0.004257981522822559,0.05015334576299045
bfo-22d07ac0da0ea6fe26e8c5c2a6394b06a3a67be078fe535859e00d8c30c957f3,378,61.517053667747334,61.517053667747334,26.733334803576113,33.76362370983404,0.00021372426693192566,0.0042610650695847335,0.05015747552354426
bfo-22d07ac0da0ea6fe26e8c5c2a6394b06a3a67be078fe535859e00d8c30c957f3,379,61.51678830668193,61.51678830668193,26.738094947245415,33.77321524992396,0.00021355163645459842,0.00425802542893459,0.050152738638771274
bfo-22d07ac0da0ea6fe26e8c5c2a6394b06a3a67be078fe535859e00d8c30c957f3,380,61.5170057830976,61.5170057830976,26.74258130002756,33.78224948737255,0.00021341103584411383,0.004255148903441357,0.05015359995311031
bfo-22d07ac0da0ea6fe26e8c5c2a6394b06a3a67be078fe535859e00d8c30c957f3,381,61.51678274720761,61.51678274720761,26.738016181071313,33.77305518927845,0.00021355579114971793,0.0042580688599519155,0.05015320281883124
bfo-22d07ac0da0ea6fe26e8c5c2a6394b06a3a67be078fe535859e00d8c30c957f3,382,61.51678680953964,61.51678680953964,26.737208652415276,33.77143633458158,0.00021357642561640414,0.004258589364088806,0.05015191824255689
bfo-22d07ac0da0ea6fe26e8c5c2a6394b06a3a67be078fe535859e00d8c30c957f3,383,61.516787369043456,61.516787369043456,26.73809153457711,33.773202310418604,0.00021355373745417176,0.0042580043768298955,0.05015348002370151
bfo-22d07ac0da0ea6fe26e8c5c2a6394b06a3a67be078fe535859e00d8c30c957f3,384,61.51678266259839,61.51678266259839,26.73795833260769,33.77293799543296,0.00021355956835276274,0.00425810950821658,0.050153611113258494
bfo-22d07ac0da0ea6fe26e8c5c2a6394b06a3a67be078fe535859e00d8c30c957f3,385,61.51679054984547,61.51679054984547,26.73715957206351,33.771331208279314,0.00021358358338385649,0.004258617405526852,0.05015326878311886
bfo-22d07ac0da0ea6fe26e8c5c2a6394b06a3a67be078fe535859e00d8c30c957f3,386,61.51678283897236,61.51678283897236,26.73799097394855,33.77300634200345,0.00021355751118221184,0.004258091556648193,0.050153339434137516
bfo-22d07ac0da0ea6fe26e8c5c2a6394b06a3a67be078fe535859e00d8c30c957f3,387,61.51678225682615,61.51678225682615,26.7379949656221,33.773013267234575,0.00021355639650351996,0.0042580921949796485,0.05015307013674011
bfo-22d07ac0da0ea6fe26e8c5c2a6394b06a3a67be078fe535859e00d8c30c957f3,388,61.516780367733425,61.516780367733425,26.738191956077078,33.773410841094574,0.00021355092938657764,0.004257960203269186,0.05015334084677847
bfo-22d07ac0da0ea6fe26e8c5c2a6394b06a3a67be078fe535859e00d8c30c957f3,389,61.51677833094469,61.51677833094469,26.737790767759424,33.7726055688024,0.00021356412452242424,0.004258219405429779,0.05015338670668365
bfo-22d07ac0da0ea6fe26e8c5c2a6394b06a3a67be078fe535859e00d8c30c957f3,390,61.516775037723605,61.516775037723605,26.73809251114119,33.77321495884939,0.00021355512550928833,0.004258022486272968,0.05015359270594467
bfo-22d07ac0da0ea6fe26e8c5c2a6394b06a3a67be078fe535859e00d8c30c957f3,391,61.51677888289479,61.51677888289479,26.737437591391306,33.771896995847804,0.00021357809087659194,0.004258440829725582,0.050154058590114334
bfo-22d07ac0da0ea6fe26e8c5c2a6394b06a3a67be078fe535859e00d8c30c957f3,392,61.51677469452856,61.51677469452856,26.73791911944229,33.77286612770054,0.00021356068082803304,0.0042581345442052835,0.050153577490560694
bfo-22d07ac0da0ea6fe26e8c5c2a6394b06a3a67be078fe535859e00d8c30c957f3,393,61.51677803482798,61.51677803482798,26.737729953741198,33.772485814187256,0.00021356675133265182,0.00425825843491125,0.05015354389525279
bfo-22d07ac0da0ea6fe26e8c5c2a6394b06a3a67be078fe535859e00d8c30c957f3,394,61.51677615521159,61.51677615521159,26.737790696563668,33.77260725309126,0.00021356437686162786,0.004258216215837311,0.050153483533159154
bfo-22d07ac0da0ea6fe26e8c5c2a6394b06a3a67be078fe535859e00d8c30c957f3,395,61.51677160597109,61.51677160597109,26.738110400099416,33.77325330126802,0.00021355529203251247,0.004258012286540319,0.05015375195312752
bfo-22d07ac0da0ea6fe26e8c5c2a6394b06a3a67be078fe535859e00d8c30c957f3,396,61.51677150723201,61.51677150723201,26.73840513424592,33.77384889180855,0.00021354642155314016,0.0042578230522688195,0.050153897644795276
bfo-22d07ac0da0ea6fe26e8c5c2a6394b06a3a67be078fe535859e00d8c30c957f3,397,61.51677274191721,61.51677274191721,26.73879533078485,33.77463319428223,0.0002135345879803253,0.004257569308372364,0.050154107311985933
bfo-22d07ac0da0ea6fe26e8c5c2a6394b06a3a67be078fe535859e00d8c30c957f3,398,61.51677292348546,61.51677292348546,26.738435497973423,33.77390979849375,0.0002135457644042269,0.0042578027461420195,0.05015398249665746
bfo-22d07ac0da0ea6fe26e8c5c2a6394b06a3a67be078fe535859e00d8c30c957f3,399,61.51677545615086,61.51677545615086,26.737988831952375,33.773010103740866,0.00021355990316445167,0.004258089908020988,0.05015392060232633
bfo-22d07ac0da0ea6fe26e8c5c2a6394b06a3a67be078fe535859e00d8c30c957f3,400,61.5167701856279,61.5167701856279,26.738550809402625,33.774143532583615,0.00021354249726311447,0.00425773067741219,0.05015406408770403
bfo-22d07ac0da0ea6fe26e8c5c2a6394b06a3a67be078fe535859e00d8c30c957f3,401,61.516768361868415,61.516768361868415,26.73887716118056,33.77480306117538,0.0002135326946097221,0.004257522525578642,0.05015421370687892
bfo-22d07ac0da0ea6fe26e8c5c2a6394b06a3a67be078fe535859e00d8c30c957f3,402,61.51677735384978,61.51677735384978,26.739388195132715,33.77583205897081,0.00021351558234861378,0.004257197740378145,0.05015402040724758
bfo-22d07ac0da0ea6fe26e8c5c2a6394b06a3a67be078fe535859e00d8c30c957f3,403,61.51676862044677,61.51676862044677,26.73887050331624,33.77478943787499,0.00021353281244015972,0.0042575266829919895,0.05015419240780868
bfo-22d07ac0da0ea6fe26e8c5c2a6394b06a3a67be078fe535859e00d8c30c957f3,404,61.51676380077902,61.51676380077902,26.73874169168012,33.77453114904392,0.00021353771515723527,0.004257614303850672,0.050154311761896206
bfo-22d07ac0da0ea6fe26e8c5c2a6394b06a3a67be078fe535859e00d8c30c957f3,405,61.51676073098113,61.51676073098113,26.73844541533115,33.77393369531315,0.00021354708696013608,0.0042578029660470616,0.0501542905256588
bfo-22d07ac0da0ea6fe26e8c5c2a6394b06a3a67be078fe535859e00d8c30c957f3,406,61.51675834546371,61.51675834546371,26.738736437130196,33.7745212308253,0.00021353914012684795,0.00425761491881097,0.050154639205013715
bfo-22d07ac0da0ea6fe26e8c5c2a6394b06a3a67be078fe535859e00d8c30c957f3,407,61.51676024317115,61.51676024317115,26.738838014501553,33.77472636989868,0.00021353590651583017,0.00425754898295614,0.05015465643981058
bfo-22d07ac0da0ea6fe26e8c5c2a6394b06a3a67be078fe535859e00d8c30c957f3,408,61.51675620616762,61.51675620616762,26.73853629364308,33.77411857350247,0.00021354576804372147,0.0042577501186680305,0.05015460327449321
bfo-22d07ac0da0ea6fe26e8c5c2a6394b06a3a67be078fe535859e00d8c30c957f3,409,61.516751581407966,61.516751581407966,26.737899501304476,33.77283756066498,0.00021356712276857778,0.004258159027583092,0.05015480196609691
bfo-22d07ac0da0ea6fe26e8c5c2a6394b06a3a67be078fe535859e00d8c30c957f3,410,61.51675733721433,61.51675733721433,26.737354029854803,33.77174064165918,0.00021358520085440496,0.004258513722418345,0.05015486969785157
bfo-22d07ac0da0ea6fe26e8c5c2a6394b06a3a67be078fe535859e00d8c30c957f3,411,61.51675118931951,61.51675118931951,26.737836465784042,33.77271072707328,0.00021356956638979467,0.004258197767176818,0.050154919538035254
bfo-22d07ac0da0ea6fe26e8c5c2a6394b06a3a67be078fe535859e00d8c30c957f3,412,61.516744809932376,61.516744809932376,26.73810749163625,33.77325737020652,0.00021356088560103942,0.004258029719786612,0.050154860265217184
bfo-22d07ac0da0ea6fe26e8c5c2a6394b06a3a67be078fe535859e00d8c30c957f3,413,61.51674242835463,61.51674242835463,26.738228736648992,33.77350207780384,0.00021355857246686417,0.004257952627385735,0.050155225094174714
bfo-22d07ac0da0ea6fe26e8c5c2a6394b06a3a67be078fe535859e00d8c30c957f3,414,61.51674050012775,61.51674050012775,26.73819049990739,33.77342448187944,0.00021355995319141633,0.004257977729331734,0.050155253683051404
bfo-22d07ac0da0ea6fe26e8c5c2a6394b06a3a67be078fe535859e00d8c30c957f3,415,61.51673816866612,61.51673816866612,26.738250379769312,33.77354605597387,0.000213558779355604,0.004257941149578228,0.05015540888270806
bfo-22d07ac0da0ea6fe26e8c5c2a6394b06a3a67be078fe535859e00d8c30c957f3,416,61.51673601099002,61.51673601099002,26.738309968325222,33.77366766514561,0.00021355854859014044,0.004257906407071063,0.05015576393024653
bfo-22d07ac0da0ea6fe26e8c5c2a6394b06a3a67be078fe535859e00d8c30c957f3,417,61.51673538928426,61.51673538928426,26.738434764590576,33.7739198474881,0.00021355591219556738,0.004257826770361463,0.05015608283599518
bfo-22d07ac0da0ea6fe26e8c5c2a6394b06a3a67be078fe535859e00d8c30c957f3,418,61.51673102380825,61.51673102380825,26.73843951694711,33.77392973983476,0.0002135561503434477,0.004257825316222214,0.05015615589719095
bfo-22d07ac0da0ea6fe26e8c5c2a6394b06a3a67be078fe535859e00d8c30c957f3,419,61.51672373567709,61.51672373567709,26.73808715191726,33.77322285442316,0.00021356884782101803,0.004258060562983303,0.05015636688628646
bfo-22d07ac0da0ea6fe26e8c5c2a6394b06a3a67be078fe535859e00d8c30c957f3,420,61.51671828402157,61.51671828402157,26.738044938941144,33.773139002962864,0.00021357094420650931,0.0042580805070800585,0.05015662429383321
bfo-22d07ac0da0ea6fe26e8c5c2a6394b06a3a67be078fe535859e00d8c30c957f3,421,61.51671372446833,61.51671372446833,26.738014588500707,33.77307984262683,0.00021357281169252597,0.004258102945121714,0.05015679856617961
bfo-22d07ac0da0ea6fe26e8c5c2a6394b06a3a67be078fe535859e00d8c30c957f3,422,61.51672016965657,61.51672016965657,26.737459544840974,33.771963045001264,0.00021359106272350836,0.004258462384130074,0.05015685086699224
bfo-22d07ac0da0ea6fe26e8c5c2a6394b06a3a67be078fe535859e00d8c30c957f3,423,61.516712646351344,61.516712646351344,26.737959617738344,33.77296916752261,0.00021357486330159393,0.0042581371213772385,0.0501568778115149
bfo-22d07ac0da0ea6fe26e8c5c2a6394b06a3a67be078fe535859e00d8c30c957f3,424,61.51670540095169,61.51670540095169,26.73787243736407,33.77279515668933,0.00021357831725656086,0.004258193517723572,0.05015702465554917
bfo-22d07ac0da0ea6fe26e8c5c2a6394b06a3a67be078fe535859e00d8c30c957f3,425,61.51670073986377,61.51670073986377,26.73863961760001,33.77434118538761,0.0002135547437424721,0.004257698008555106,0.050157325229119316
bfo-22d07ac0da0ea6fe26e8c5c2a6394b06a3a67be078fe535859e00d8c30c957f3,426,61.516697788677064,61.516697788677064,26.738560056367156,33.77418143310036,0.00021355813985691425,0.004257749579115204,0.05015751534670892
bfo-22d07ac0da0ea6fe26e8c5c2a6394b06a3a67be078fe535859e00d8c30c957f3,427,61.51669358137008,61.51669358137008,26.738390399896662,33.77384055731421,0.00021356410429887782,0.00425785897361419,0.05015762748891578
bfo-22d07ac0da0ea6fe26e8c5c2a6394b06a3a67be078fe535859e00d8c30c957f3,428,61.51669042188812,61.51669042188812,26.738362801569444,33.773784798340536,0.00021356451653998585,0.004257876991315096,0.050157512059554335
bfo-22d07ac0da0ea6fe26e8c5c2a6394b06a3a67be078fe535859e00d8c30c957f3,429,61.516687765269374,61.516687765269374,26.738465420548263,33.773993111087655,0.00021356265716728499,0.004257811416195767,0.050157847845242784
bfo-22d07ac0da0ea6fe26e8c5c2a6394b06a3a67be078fe535859e00d8c30c957f3,430,61.51667859136555,61.51667859136555,26.73817243342384,33.773405702141794,0.00021357350726448193,0.004258001561743419,0.05015815616024228
bfo-22d07ac0da0ea6fe26e8c5c2a6394b06a3a67be078fe535859e00d8c30c957f3,431,61.51667499889908,61.51667499889908,26.737456045959277,33.77196612627931,0.0002136007110744365,0.004258456686487353,0.05015918366675416
bfo-22d07ac0da0ea6fe26e8c5c2a6394b06a3a67be078fe535859e00d8c30c957f3,432,61.51666949387662,61.51666949387662,26.73767741476677,33.77241231952999,0.00021359327231179444,0.004258319628977163,0.050159051203748875
bfo-22d07ac0da0ea6fe26e8c5c2a6394b06a3a67be078fe535859e00d8c30c957f3,433,61.516660412763315,61.516660412763315,26.73801646624544,33.77309584435185,0.00021358277720496686,0.004258104427194018,0.05015912147220693
bfo-22d07ac0da0ea6fe26e8c5c2a6394b06a3a67be078fe535859e00d8c30c957f3,434,61.516654003117225,61.516654003117225,26.738186634581815,33.77344037418069,0.00021357771119430275,0.0042579996956418845,0.05015916544402344
bfo-22d07ac0da0ea6fe26e8c5c2a6394b06a3a67be078fe535859e00d8c30c957f3,435,61.51664885159022,61.51664885159022,26.73826772496949,33.7736051598889,0.00021357603276275113,0.004257950612063015,0.050159349466778254
bfo-22d07ac0da0ea6fe26e8c5c2a6394b06a3a67be078fe535859e00d8c30c957f3,436,61.51664684586973,61.51664684586973,26.73817884944326,33.77342571141907,0.00021357874525386957,0.0042580044730341,0.05015935201723287
bfo-22d07ac0da0ea6fe26e8c5c2a6394b06a3a67be078fe535859e00d8c30c957f3,437,61.516645411459514,61.516645411459514,26.738181704506445,33.77343142574085,0.00021357871551629134,0.004258003105536742,0.05015936114245006
bfo-22d07ac0da0ea6fe26e8c5c2a6394b06a3a67be078fe535859e00d8c30c957f3,438,61.516639073393804,61.516639073393804,26.73840859081939,33.77388999550818,0.00021357250689921478,0.004257859565378382,0.05015959395087172
bfo-22d07ac0da0ea6fe26e8c5c2a6394b06a3a67be078fe535859e00d8c30c957f3,439,61.51663527465591,61.51663527465591,26.738540590765027,33.77415729730544,0.00021356885519226322,0.004257776837382829,0.05015971088882614
bfo-22d07ac0da0ea6fe26e8c5c2a6394b06a3a67be078fe535859e00d8c30c957f3,440,61.516629126509876,61.516629126509876,26.738521856473465,33.77412031206732,0.00021356912200780426,0.00425779227045304,0.05015959174191464
bfo-22d07ac0da0ea6fe26e8c5c2a6394b06a3a67be078fe535859e00d8c30c957f3,441,61.51663176984134,61.51663176984134,26.73890130055224,33.774883800012205,0.0002135571865629052,0.004257542137517189,0.05015973528037525
bfo-22d07ac0da0ea6fe26e8c5c2a6394b06a3a67be078fe535859e00d8c30c957f3,442,1000000.0000000756,61.5166295849487,26.738637933335262,33.77435477093485,0.00021356525157284015,0.004257717708019749,0.05015956111194809
bfo-22d07ac0da0ea6fe26e8c5c2a6394b06a3a67be078fe535859e00d8c30c957f3,443,61.51662918465864,61.51662918465864,26.738289834167567,33.773651621146676,0.00021357685629658905,0.0042579412679634755,0.05015965295330163
bfo-22d07ac0da0ea6fe26e8c5c2a6394b06a3a67be078fe535859e00d8c30c957f3,444,1000000.0000001034,61.51663001252847,26.73848707804043,33.77405063006626,0.00021357060391113714,0.0042578154828035,0.050159666329766484
bfo-22d07ac0da0ea6fe26e8c5c2a6394b06a3a67be078fe535859e00d8c30c957f3,445,61.5166274353908,61.5166274353908,26.738591423830105,33.77425969429465,0.00021356615768913448,0.004257745835486217,0.050159442564458784
bfo-22d07ac0da0ea6fe26e8c5c2a6394b06a3a67be078fe535859e00d8c30c957f3,446,61.516621448594485,61.516621448594485,26.738752575709874,33.7745855699345,0.00021356246907866137,0.004257645640929237,0.050159756609535755
bfo-22d07ac0da0ea6fe26e8c5c2a6394b06a3a67be078fe535859e00d8c30c957f3,447,61.51661784185114,61.51661784185114,26.738814459661402,33.77471242300642,0.00021356216035969927,0.004257608984075868,0.05016011596143647
bfo-22d07ac0da0ea6fe26e8c5c2a6394b06a3a67be078fe535859e00d8c30c957f3,448,61.5166077785159,61.5166077785159,26.738690897316076,33.77446565523109,0.00021356767368569735,0.004257689624102484,0.0501604608463486
bfo-22d07ac0da0ea6fe26e8c5c2a6394b06a3a67be078fe535859e00d8c30c957f3,449,61.516597683586596,61.516597683586596,26.738561933676287,33.77420889678193,0.00021357298082726807,0.004257777888327783,0.05016066747228743
bfo-22d07ac0da0ea6fe26e8c5c2a6394b06a3a67be078fe535859e00d8c30c957f3,450,61.51659094594436,61.51659094594436,26.738556111105282,33.774198855324286,0.00021357374889415575,0.004257785534575267,0.05016075778355536
bfo-22d07ac0da0ea6fe26e8c5c2a6394b06a3a67be078fe535859e00d8c30c957f3,451,61.51659158794858,61.51659158794858,26.739016917555876,33.77512759934211,0.00021356010305199818,0.004257491488430666,0.05016101702900117
bfo-22d07ac0da0ea6fe26e8c5c2a6394b06a3a67be078fe535859e00d8c30c957f3,452,61.516591484494086,61.516591484494086,26.738225545061386,33.7735325750301,0.0002135841771010639,0.004257999401559593,0.05016068743993568
bfo-22d07ac0da0ea6fe26e8c5c2a6394b06a3a67be078fe535859e00d8c30c957f3,453,61.51658220161991,61.51658220161991,26.738234368411046,33.77355344478885,0.0002135849150403716,0.004257995413494445,0.05016090772749027
bfo-22d07ac0da0ea6fe26e8c5c2a6394b06a3a67be078fe535859e00d8c30c957f3,454,61.516575724814686,61.516575724814686,26.737893780056126,33.772870090594125,0.00021359714443142504,0.004258217214117006,0.05016116691353826
bfo-22d07ac0da0ea6fe26e8c5c2a6394b06a3a67be078fe535859e00d8c30c957f3,455,61.51657904969251,61.51657904969251,26.73743966371201,33.771956053121656,0.000213611336474491,0.00425851223563474,0.05016102447399727
bfo-22d07ac0da0ea6fe26e8c5c2a6394b06a3a67be078fe535859e00d8c30c957f3,456,1000000.000000027,61.51657545135066,26.737949954119944,33.77298292352911,0.00021359514070220842,0.004258181598354478,0.05016111590561324
bfo-22d07ac0da0ea6fe26e8c5c2a6394b06a3a67be078fe535859e00d8c30c957f3,457,61.51657649611644,61.51657649611644,26.73778146223127,33.77264447690156,0.0002136011505238656,0.004258288416489399,0.05016126894945312
bfo-22d07ac0da0ea6fe26e8c5c2a6394b06a3a67be078fe535859e00d8c30c957f3,458,61.516576587437115,61.516576587437115,26.73788495563879,33.77285119758254,0.0002135973985273097,0.004258221378406992,0.050161177530703406
bfo-22d07ac0da0ea6fe26e8c5c2a6394b06a3a67be078fe535859e00d8c30c957f3,459,61.5165718234898,61.5165718234898,26.73817784917475,33.773443877424974,0.00021358897722258466,0.004258035890574169,0.05016138489940805
bfo-22d07ac0da0ea6fe26e8c5c2a6394b06a3a67be078fe535859e00d8c30c957f3,460,61.51656983360179,61.51656983360179,26.737881856864718,33.77284850545534,0.0002135988812566985,0.004258228212874033,0.050161445225250824
bfo-22d07ac0da0ea6fe26e8c5c2a6394b06a3a67be078fe535859e00d8c30c957f3,461,61.51656152607977,61.51656152607977,26.738121874408066,33.77333351916442,0.00021359234990508881,0.004258070678842182,0.050161767151119016
bfo-22d07ac0da0ea6fe26e8c5c2a6394b06a3a67be078fe535859e00d8c30c957f3,462,61.5165568078829,61.5165568078829,26.73824771390853,33.77358955686202,0.00021358924044329343,0.004257994419985294,0.050161935262477655
bfo-22d07ac0da0ea6fe26e8c5c2a6394b06a3a67be078fe535859e00d8c30c957f3,463,61.5165564109964,61.5165564109964,26.738047407168672,33.77318639350587,0.00021359560317299418,0.004258123801082768,0.05016190537219244
bfo-22d07ac0da0ea6fe26e8c5c2a6394b06a3a67be078fe535859e00d8c30c957f3,464,61.51654677985781,61.51654677985781,26.7384383244971,33.77397637851476,0.00021358493195405433,0.00425787440343837,0.05016233728772686
bfo-22d07ac0da0ea6fe26e8c5c2a6394b06a3a67be078fe535859e00d8c30c957f3,465,61.5165438365453,61.5165438365453,26.738657128169745,33.7744180111123,0.0002135795420017922,0.004257731360716168,0.05016275662019862
bfo-22d07ac0da0ea6fe26e8c5c2a6394b06a3a67be078fe535859e00d8c30c957f3,466,61.51653810289544,61.51653810289544,26.738827013464395,33.7747625003155,0.00021357580053605227,0.0042576230900775785,0.050163153481996146
bfo-22d07ac0da0ea6fe26e8c5c2a6394b06a3a67be078fe535859e00d8c30c957f3,467,61.51653624330241,61.51653624330241,26.739150180273644,33.775414687372205,0.00021356706532134866,0.004257414861623178,0.05016355517674974
bfo-22d07ac0da0ea6fe26e8c5c2a6394b06a3a67be078fe535859e00d8c30c957f3,468,61.516524334162455,61.516524334162455,26.738978951408026,33.775072999034734,0.00021357323342573563,0.004257529267069075,0.050163655967716124
bfo-22d07ac0da0ea6fe26e8c5c2a6394b06a3a67be078fe535859e00d8c30c957f3,469,61.516512803434104,61.516512803434104,26.73874465763435,33.77460422935492,0.0002135817428365792,0.004257687070913292,0.050163795337538744
bfo-22d07ac0da0ea6fe26e8c5c2a6394b06a3a67be078fe535859e00d8c30c957f3,470,61.516507721852776,61.516507721852776,26.738752389722677,33.77462108957895,0.00021358135036227686,0.004257685526886799,0.05016372134896647
bfo-22d07ac0da0ea6fe26e8c5c2a6394b06a3a67be078fe535859e00d8c30c957f3,471,61.51650331671808,61.51650331671808,26.738029360182544,33.77316565198072,0.00021360481334204519,0.00425815425495355,0.05016370956819067
bfo-22d07ac0da0ea6fe26e8c5c2a6394b06a3a67be078fe535859e00d8c30c957f3,472,61.51650008664139,61.51650008664139,26.73756299259285,33.77222916330926,0.00021362051625666055,0.004258459463651535,0.050163801740990555
bfo-22d07ac0da0ea6fe26e8c5c2a6394b06a3a67be078fe535859e00d8c30c957f3,473,61.51649886858546,61.51649886858546,26.737622511128748,33.772349381360016,0.00021361879377013098,0.0042584305668784475,0.050163737652935296
bfo-22d07ac0da0ea6fe26e8c5c2a6394b06a3a67be078fe535859e00d8c30c957f3,474,61.51650072500331,61.51650072500331,26.73745814411132,33.77201804776059,0.00021362378015291118,0.004258533547599081,0.05016369549873575
bfo-22d07ac0da0ea6fe26e8c5c2a6394b06a3a67be078fe535859e00d8c30c957f3,475,61.5164998592456,61.5164998592456,26.737558523722846,33.77222183873849,0.00021362131398523467,0.004258471675345986,0.0501638452175166
bfo-22d07ac0da0ea6fe26e8c5c2a6394b06a3a67be078fe535859e00d8c30c957f3,476,61.51648964673931,61.51648964673931,26.73782621722311,33.77276114492245,0.00021361363916805502,0.004258304129433753,0.05016401663083192
bfo-22d07ac0da0ea6fe26e8c5c2a6394b06a3a67be078fe535859e00d8c30c957f3,477,61.516479179250986,61.516479179250986,26.738134687162887,33.773384261070206,0.0002136050843696775,0.004258107288098536,0.05016432652289115
bfo-22d07ac0da0ea6fe26e8c5c2a6394b06a3a67be078fe535859e00d8c30c957f3,478,61.51647142820514,61.51647142820514,26.738407971821285,33.77393639239199,0.00021359801025228216,0.004257933217263063,0.05016471592045773
bfo-22d07ac0da0ea6fe26e8c5c2a6394b06a3a67be078fe535859e00d8c30c957f3,479,61.51646703600004,61.51646703600004,26.73856271934519,33.77424852611842,0.00021359446951746045,0.004257833164174028,0.05016506313931523
bfo-22d07ac0da0ea6fe26e8c5c2a6394b06a3a67be078fe535859e00d8c30c957f3,480,61.51645985551865,61.51645985551865,26.73886145701788,33.77485281413946,0.00021358625914339455,0.004257645530973013,0.05016534551540814
bfo-22d07ac0da0ea6fe26e8c5c2a6394b06a3a67be078fe535859e00d8c30c957f3,481,61.516461793137154,61.516461793137154,26.73905334993271,33.77524054168962,0.00021358139865117784,0.004257521251502,0.05016566824553818
bfo-22d07ac0da0ea6fe26e8c5c2a6394b06a3a67be078fe535859e00d8c30c957f3,482,61.516458595194514,61.516458595194514,26.738756797797897,33.774641228350575,0.0002135893586387475,0.004257712882391635,0.0501652799375167
bfo-22d07ac0da0ea6fe26e8c5c2a6394b06a3a67be078fe535859e00d8c30c957f3,483,61.51645994828243,61.51645994828243,26.73882084882879,33.774771007498664,0.0002135864049235258,0.004257668573302766,0.050165108262018185
bfo-22d07ac0da0ea6fe26e8c5c2a6394b06a3a67be078fe535859e00d8c30c957f3,484,61.516457652424265,61.516457652424265,26.738720099057435,33.77456829181781,0.0002135906885182759,0.004257736584875925,0.05016531301560079
bfo-22d07ac0da0ea6fe26e8c5c2a6394b06a3a67be078fe535859e00d8c30c957f3,485,61.516458912140976,61.516458912140976,26.73889702019109,33.7749261015422,0.0002135854468278233,0.004257628522872999,0.05016535512208057
bfo-22d07ac0da0ea6fe26e8c5c2a6394b06a3a67be078fe535859e00d8c30c957f3,486,61.51645762737745,61.51645762737745,26.738733894485865,33.77459600715995,0.0002135898877674029,0.004257728314124352,0.050165222393089674
bfo-22d07ac0da0ea6fe26e8c5c2a6394b06a3a67be078fe535859e00d8c30c957f3,487,61.51645876249454,61.51645876249454,26.738840616174652,33.77481309164818,0.000213586402992668,0.004257660880842187,0.05016519844352176
bfo-22d07ac0da0ea6fe26e8c5c2a6394b06a3a67be078fe535859e00d8c30c957f3,488,61.51645964025411,61.51645964025411,26.73886459061647,33.77485972853189,0.00021358572008559835,0.004257643875522399,0.050165238411207444
bfo-22d07ac0da0ea6fe26e8c5c2a6394b06a3a67be078fe535859e00d8c30c957f3,489,61.51646044942784,61.51646044942784,26.739139179622995,33.77541096434936,0.00021357636878493295,0.00425746595709769,0.05016513835627419
bfo-22d07ac0da0ea6fe26e8c5c2a6394b06a3a67be078fe535859e00d8c30c957f3,490,61.51645705846731,61.51645705846731,26.73871159908872,33.774551555710545,0.00021359034426503265,0.00425774245854296,0.05016516295777207
bfo-22d07ac0da0ea6fe26e8c5c2a6394b06a3a67be078fe535859e00d8c30c957f3,491,61.516459270056075,61.516459270056075,26.738791062276363,33.77471212923308,0.00021358818284081938,0.004257691898214042,0.050165251020256395
bfo-22d07ac0da0ea6fe26e8c5c2a6394b06a3a67be078fe535859e00d8c30c957f3,492,1000000.0000001974,61.51645664708575,26.738673608203495,33.77447505087529,0.00021359182822416238,0.004257764783224102,0.05016524845753093
bfo-22d07ac0da0ea6fe26e8c5c2a6394b06a3a67be078fe535859e00d8c30c957f3,493,61.51645798337711,61.51645798337711,26.738787594650965,33.77470458914861,0.00021358737567549597,0.004257697795938628,0.050164991953922766
bfo-22d07ac0da0ea6fe26e8c5c2a6394b06a3a67be078fe535859e00d8c30c957f3,494,61.516456556971,61.516456556971,26.73867918727894,33.7744861754385,0.00021359155047931757,0.0042577631611820516,0.05016520233596547
bfo-22d07ac0da0ea6fe26e8c5c2a6394b06a3a67be078fe535859e00d8c30c957f3,495,61.51645161796645,61.51645161796645,26.738118074499724,33.77335679294303,0.00021361054439007638,0.004258127123919885,0.05016537509886127
bfo-22d07ac0da0ea6fe26e8c5c2a6394b06a3a67be078fe535859e00d8c30c957f3,496,61.51644674143728,61.51644674143728,26.73800883558127,33.773137610168845,0.00021361537998897787,0.004258199698546989,0.05016565570230751
bfo-22d07ac0da0ea6fe26e8c5c2a6394b06a3a67be078fe535859e00d8c30c957f3,497,61.516445095507464,61.516445095507464,26.737906197968847,33.772932400050564,0.0002136195938460951,0.004258263641186681,0.05016589197999121
bfo-22d07ac0da0ea6fe26e8c5c2a6394b06a3a67be078fe535859e00d8c30c957f3,498,61.51644354529628,61.51644354529628,26.738049094370357,33.77322056852038,0.00021361543815955346,0.004258169105160383,0.05016602978511998
bfo-22d07ac0da0ea6fe26e8c5c2a6394b06a3a67be078fe535859e00d8c30c957f3,499,61.5164423239932,61.5164423239932,26.73809245520998,33.77330697483641,0.00021361394312476804,0.004258140040355006,0.05016602110318542
bfo-22d07ac0da0ea6fe26e8c5c2a6394b06a3a67be078fe535859e00d8c30c957f3,500,61.51644402914638,61.51644402914638,26.738458925278884,33.774044248571876,0.00021360139301396393,0.0042579063893366095,0.05016582646084041
bfo-22d07ac0da0ea6fe26e8c5c2a6394b06a3a67be078fe535859e00d8c30c957f3,501,61.51644223027179,61.51644223027179,26.738073786515823,33.77326991362007,0.00021361456789363597,0.004258153976719524,0.050166003639493646
bfo-22d07ac0da0ea6fe26e8c5c2a6394b06a3a67be078fe535859e00d8c30c957f3,502,61.51644049318683,61.51644049318683,26.737875571495298,33.772871936066274,0.00021362261234966247,0.004258276635868448,0.05016644774796213
bfo-22d07ac0da0ea6fe26e8c5c2a6394b06a3a67be078fe535859e00d8c30c957f3,503,61.516438736464806,61.516438736464806,26.73808866493366,33.77330040001903,0.00021361595596803762,0.004258140471827776,0.05016648872467669
bfo-22d07ac0da0ea6fe26e8c5c2a6394b06a3a67be078fe535859e00d8c30c957f3,504,61.51644416893637,61.51644416893637,26.737498535954373,33.77211106691234,0.00021363404048115847,0.004258523718802171,0.05016622064071749
bfo-22d07ac0da0ea6fe26e8c5c2a6394b06a3a67be078fe535859e00d8c30c957f3,505,1000000.0000005201,61.51643883118487,26.738084506887663,33.77329189405195,0.00021361601882455625,0.00425814271586725,0.050166477048444666
bfo-22d07ac0da0ea6fe26e8c5c2a6394b06a3a67be078fe535859e00d8c30c957f3,506,61.516438548399165,61.516438548399165,26.73809698117946,33.77331741224291,0.00021361583028628374,0.004258135983477661,0.0501665120877191
bfo-22d07ac0da0ea6fe26e8c5c2a6394b06a3a67be078fe535859e00d8c30c957f3,507,61.516438698783645,61.516438698783645,26.73796401583374,33.773050206236796,0.00021362095410591383,0.004258226880444959,0.0501666444986585
bfo-22d07ac0da0ea6fe26e8c5c2a6394b06a3a67be078fe535859e00d8c30c957f3,508,61.51643833545026,61.51643833545026,26.73808831603653,33.77330094328219,0.00021361566682070782,0.004258143032218814,0.0501663906553646
bfo-22d07ac0da0ea6fe26e8c5c2a6394b06a3a67be078fe535859e00d8c30c957f3,509,61.51643945333329,61.51643945333329,26.73799420132883,33.77311135192091,0.0002136197073110112,0.0042582070432757415,0.05016658540555098
bfo-22d07ac0da0ea6fe26e8c5c2a6394b06a3a67be078fe535859e00d8c30c957f3,510,61.51643705631868,61.51643705631868,26.738159358416784,33.77344615444231,0.00021361383815077603,0.0042580967549207685,0.05016650641015103
bfo-22d07ac0da0ea6fe26e8c5c2a6394b06a3a67be078fe535859e00d8c30c957f3,511,61.5164387199994,61.5164387199994,26.738487850865535,33.77410793624963,0.00021360257229149397,0.004257890096043112,0.050166295388882017
bfo-22d07ac0da0ea6fe26e8c5c2a6394b06a3a67be078fe535859e00d8c30c957f3,512,61.51643890506315,61.51643890506315,26.738435911851422,33.77400304719365,0.00021360448709738147,0.004257919435747144,0.05016639941659675
bfo-22d07ac0da0ea6fe26e8c5c2a6394b06a3a67be078fe535859e00d8c30c957f3,513,61.51643559438482,61.51643559438482,26.738460930388825,33.77405386948299,0.00021360524837792366,0.004257899297927299,0.05016681547210486
bfo-22d07ac0da0ea6fe26e8c5c2a6394b06a3a67be078fe535859e00d8c30c957f3,514,61.5164311807348,61.5164311807348,26.738387850915945,33.77390766668719,0.00021360803701271557,0.004257946830781433,0.05016691036828037
bfo-22d07ac0da0ea6fe26e8c5c2a6394b06a3a67be078fe535859e00d8c30c957f3,515,61.51642638695863,61.51642638695863,26.73857508830796,33.77428702995872,0.00021360301510503808,0.004257827023864885,0.05016714251372941
bfo-22d07ac0da0ea6fe26e8c5c2a6394b06a3a67be078fe535859e00d8c30c957f3,516,61.516424626609705,61.516424626609705,26.738743644909047,33.77462861853957,0.00021359829565773694,0.004257717139450247,0.05016732879660404
bfo-22d07ac0da0ea6fe26e8c5c2a6394b06a3a67be078fe535859e00d8c30c957f3,517,61.516422890580074,61.516422890580074,26.738906667794822,33.774957679505626,0.00021359348842339525,0.004257614490463737,0.050167409215137924
bfo-22d07ac0da0ea6fe26e8c5c2a6394b06a3a67be078fe535859e00d8c30c957f3,518,61.516416731016875,61.516416731016875,26.738766330927998,33.77467580345546,0.0002135993574684471,0.004257704049390285,0.05016773241884558
bfo-22d07ac0da0ea6fe26e8c5c2a6394b06a3a67be078fe535859e00d8c30c957f3,519,61.51641177702841,61.51641177702841,26.738829288903325,33.774804199733545,0.0002135989769906714,0.004257657253776832,0.0501681944457118
bfo-22d07ac0da0ea6fe26e8c5c2a6394b06a3a67be078fe535859e00d8c30c957f3,520,61.516415410935295,61.516415410935295,26.739048483522403,33.77524641674207,0.0002135923507707085,0.0042575176939104184,0.050168282583114655
bfo-22d07ac0da0ea6fe26e8c5c2a6394b06a3a67be078fe535859e00d8c30c957f3,521,1000000.0000002572,61.516413313355116,26.73889996857515,33.77494588377151,0.00021359654793348193,0.004257611505414361,0.050168162985714734
bfo-22d07ac0da0ea6fe26e8c5c2a6394b06a3a67be078fe535859e00d8c30c957f3,522,61.516409055487074,61.516409055487074,26.73868797679991,33.77452091315975,0.00021360383282556105,0.004257748705128121,0.0501682573629327
bfo-22d07ac0da0ea6fe26e8c5c2a6394b06a3a67be078fe535859e00d8c30c957f3,523,61.51640419167524,61.51640419167524,26.73845452301511,33.77405002088166,0.00021361165478391185,0.004257899380091991,0.05016831909712644
bfo-22d07ac0da0ea6fe26e8c5c2a6394b06a3a67be078fe535859e00d8c30c957f3,524,61.51640090757758,61.51640090757758,26.738464272331044,33.774072975160855,0.0002136123364219254,0.004257891367455613,0.05016857359364095
bfo-22d07ac0da0ea6fe26e8c5c2a6394b06a3a67be078fe535859e00d8c30c957f3,525,61.51639803179032,61.51639803179032,26.738500504277642,33.77414687142499,0.00021361250557215422,0.004257868698195757,0.05016888042195173
bfo-22d07ac0da0ea6fe26e8c5c2a6394b06a3a67be078fe535859e00d8c30c957f3,526,61.51639010702995,61.51639010702995,26.7384822068429,33.7741133000748,0.000213614318454347,0.004257880934836128,0.05016916201358466
bfo-22d07ac0da0ea6fe26e8c5c2a6394b06a3a67be078fe535859e00d8c30c957f3,527,61.51638778222066,61.51638778222066,26.73826385059673,33.77367395314108,0.00021362158876835102,0.00425802224201197,0.05016920453365507
bfo-22d07ac0da0ea6fe26e8c5c2a6394b06a3a67be078fe535859e00d8c30c957f3,528,61.51638664696941,61.51638664696941,26.738666255186025,33.7744838511402,0.00021360891031690482,0.004257764225250126,0.0501692670181511
bfo-22d07ac0da0ea6fe26e8c5c2a6394b06a3a67be078fe535859e00d8c30c957f3,529,61.51637530989672,61.51637530989672,26.738060484684755,33.773266462402326,0.00021362957785031427,0.004258155180974176,0.05016951444250567
bfo-22d07ac0da0ea6fe26e8c5c2a6394b06a3a67be078fe535859e00d8c30c957f3,530,61.51637349854723,61.51637349854723,26.737607517908483,33.77235609914725,0.0002136456055732658,0.004258448228241406,0.05016982574929509
bfo-22d07ac0da0ea6fe26e8c5c2a6394b06a3a67be078fe535859e00d8c30c957f3,531,61.51636777703511,61.51636777703511,26.737720153116864,33.77258311738302,0.00021364304430054393,0.00425837268799264,0.0501701142558411
bfo-22d07ac0da0ea6fe26e8c5c2a6394b06a3a67be078fe535859e00d8c30c957f3,532,61.51636158455487,61.51636158455487,26.737744572459263,33.77263393931332,0.00021364335896949797,0.004258356871147624,0.050170374497504534
bfo-22d07ac0da0ea6fe26e8c5c2a6394b06a3a67be078fe535859e00d8c30c957f3,533,61.51635652410542,61.51635652410542,26.73792629785979,33.773001718639534,0.00021363927591338888,0.004258239030304126,0.05017080403260749
bfo-22d07ac0da0ea6fe26e8c5c2a6394b06a3a67be078fe535859e00d8c30c957f3,534,61.516356730735765,61.516356730735765,26.73781345908169,33.77277675512026,0.0002136438955903979,0.0042583176077280365,0.05017096310586953
bfo-22d07ac0da0ea6fe26e8c5c2a6394b06a3a67be078fe535859e00d8c30c957f3,535,61.51635583586912,61.51635583586912,26.738043671142382,33.77323821566522,0.00021363544417050612,0.004258162292059222,0.050170808324732336
bfo-22d07ac0da0ea6fe26e8c5c2a6394b06a3a67be078fe535859e00d8c30c957f3,536,61.5163488932038,61.5163488932038,26.737918692903644,33.77298872864851,0.0002136400094461162,0.004258244931542813,0.05017090676573925
bfo-22d07ac0da0ea6fe26e8c5c2a6394b06a3a67be078fe535859e00d8c30c957f3,537,61.516350381758464,61.516350381758464,26.737310882563325,33.7717665517795,0.0002136606120653286,0.00425863094613833,0.05017119698035191
bfo-22d07ac0da0ea6fe26e8c5c2a6394b06a3a67be078fe535859e00d8c30c957f3,538,1000000.0000013413,61.516350184203624,26.737855836351166,33.77286178861732,0.00021364127641792578,0.004258285238185314,0.05017072940585114
bfo-22d07ac0da0ea6fe26e8c5c2a6394b06a3a67be078fe535859e00d8c30c957f3,539,61.51634660027881,61.51634660027881,26.73804444499134,33.773242676089396,0.00021363747362046576,0.004258164279981315,0.050171261504594465
bfo-22d07ac0da0ea6fe26e8c5c2a6394b06a3a67be078fe535859e00d8c30c957f3,540,61.51634508766833,61.51634508766833,26.7381089241491,33.77337328383756,0.000213636294555817,0.00425812095542316,0.05017149507782981
bfo-22d07ac0da0ea6fe26e8c5c2a6394b06a3a67be078fe535859e00d8c30c957f3,541,61.51633980086938,61.51633980086938,26.73833408711553,33.77382881657652,0.00021363005743325772,0.004257980250928531,0.050171688181661185
bfo-22d07ac0da0ea6fe26e8c5c2a6394b06a3a67be078fe535859e00d8c30c957f3,542,61.51634464136076,61.51634464136076,26.73912402079701,33.7754201046614,0.00021360632340059325,0.004257471616116798,0.05017210745269083
bfo-22d07ac0da0ea6fe26e8c5c2a6394b06a3a67be078fe535859e00d8c30c957f3,543,61.51634124180801,61.51634124180801,26.738277027530373,33.77371495020645,0.00021363201892718347,0.004258017358422627,0.050171711607658404
bfo-22d07ac0da0ea6fe26e8c5c2a6394b06a3a67be078fe535859e00d8c30c957f3,544,61.516337189234456,61.516337189234456,26.738666644586367,33.77449886453142,0.00021361959609103462,0.00425776332498897,0.05017178734132387
bfo-22d07ac0da0ea6fe26e8c5c2a6394b06a3a67be078fe535859e00d8c30c957f3,545,61.51633627311761,61.51633627311761,26.7386434239872,33.774450941680136,0.0002136208578168572,0.004257779722770723,0.0501718904513559
bfo-22d07ac0da0ea6fe26e8c5c2a6394b06a3a67be078fe535859e00d8c30c957f3,546,61.51633687839973,61.51633687839973,26.738747217116305,33.774661221230296,0.00021361748637262762,0.0042577176416762124,0.050171830156527
bfo-22d07ac0da0ea6fe26e8c5c2a6394b06a3a67be078fe535859e00d8c30c957f3,547,61.516336098878895,61.516336098878895,26.73863686644428,33.77443820762798,0.00021362131666469142,0.0042577860463616475,0.05017192370368975
bfo-22d07ac0da0ea6fe26e8c5c2a6394b06a3a67be078fe535859e00d8c30c957f3,548,61.51633534673088,61.51633534673088,26.7386103854862,33.77438480977796,0.0002136219554822604,0.00425780016623725,0.05017190735633907
bfo-22d07ac0da0ea6fe26e8c5c2a6394b06a3a67be078fe535859e00d8c30c957f3,549,61.516335266415425,61.516335266415425,26.73864281001123,33.77445035004689,0.00021362130241084517,0.004257776970844143,0.05017202729820129
bfo-22d07ac0da0ea6fe26e8c5c2a6394b06a3a67be078fe535859e00d8c30c957f3,550,61.516325355275995,61.516325355275995,26.7380385216737,33.77323582298522,0.00021364192742489858,0.004258162720926753,0.05017232581905682
bfo-22d07ac0da0ea6fe26e8c5c2a6394b06a3a67be078fe535859e00d8c30c957f3,551,61.516324506710475,61.516324506710475,26.737618501425118,33.77239225242107,0.00021365717959219647,0.0042584318553631866,0.05017273654927945
bfo-22d07ac0da0ea6fe26e8c5c2a6394b06a3a67be078fe535859e00d8c30c957f3,552,61.51632327927946,61.51632327927946,26.737625293285774,33.77240714326075,0.00021365687700156737,0.004258425347172792,0.05017274217180211
bfo-22d07ac0da0ea6fe26e8c5c2a6394b06a3a67be078fe535859e00d8c30c957f3,553,61.5163197739135,61.5163197739135,26.737488042175965,33.77213333666103,0.00021366267816425312,0.004258508953362026,0.05017311939559733
bfo-22d07ac0da0ea6fe26e8c5c2a6394b06a3a67be078fe535859e00d8c30c957f3,554,61.516318251468384,61.516318251468384,26.737524091940713,33.772205612342134,0.000213660392756188,0.004258485856434704,0.05017285485012015
bfo-22d07ac0da0ea6fe26e8c5c2a6394b06a3a67be078fe535859e00d8c30c957f3,555,61.51631041109628,61.51631041109628,26.73780947883755,33.772781961967425,0.00021365155765390754,0.004258304246386377,0.05017291985071606
bfo-22d07ac0da0ea6fe26e8c5c2a6394b06a3a67be078fe535859e00d8c30c957f3,556,61.51629818978897,61.51629818978897,26.73805448295481,33.773277407053214,0.00021364538913742342,0.004258145736112503,0.05017333890795202
bfo-22d07ac0da0ea6fe26e8c5c2a6394b06a3a67be078fe535859e00d8c30c957f3,557,61.51628794519395,61.51628794519395,26.738357211348877,33.77389473432145,0.00021363783623276392,0.004257949113620818,0.05017388196335053
bfo-22d07ac0da0ea6fe26e8c5c2a6394b06a3a67be078fe535859e00d8c30c957f3,558,61.51628167382436,61.51628167382436,26.738048186966168,33.773275295187275,0.00021364868564653752,0.004258148173934175,0.05017408434830108
bfo-22d07ac0da0ea6fe26e8c5c2a6394b06a3a67be078fe535859e00d8c30c957f3,559,61.516271112554634,61.516271112554634,26.738471888176907,33.77413161485592,0.00021363740321752854,0.004257874786898322,0.05017465611598085
bfo-22d07ac0da0ea6fe26e8c5c2a6394b06a3a67be078fe535859e00d8c30c957f3,560,61.51626375491324,61.51626375491324,26.738748963166156,33.774690156748704,0.0002136301167920992,0.00425769223012515,0.05017509609561887
bfo-22d07ac0da0ea6fe26e8c5c2a6394b06a3a67be078fe535859e00d8c30c957f3,561,61.51624331095904,61.51624331095904,26.738256675404422,33.773703659615094,0.00021364785573373905,0.004258015731387313,0.05017545007146556
bfo-22d07ac0da0ea6fe26e8c5c2a6394b06a3a67be078fe535859e00d8c30c957f3,562,61.51622991754216,61.51622991754216,26.73789228081038,33.77297399110973,0.0002136627560945336,0.0042582535873903786,0.05017614656093658
bfo-22d07ac0da0ea6fe26e8c5c2a6394b06a3a67be078fe535859e00d8c30c957f3,563,61.516211081504295,61.516211081504295,26.73805475829946,33.77330446190835,0.00021365914439090542,0.0042581472305377975,0.050176551636971135
bfo-22d07ac0da0ea6fe26e8c5c2a6394b06a3a67be078fe535859e00d8c30c957f3,564,61.51618978232953,61.51618978232953,26.738182514948473,33.773568255669744,0.00021365878964252875,0.0042580598653486216,0.050177497827413896
bfo-22d07ac0da0ea6fe26e8c5c2a6394b06a3a67be078fe535859e00d8c30c957f3,565,61.51616742354757,61.51616742354757,26.738309365603083,33.773831847123674,0.0002136586911477234,0.00425797685539968,0.050178452914034936
bfo-22d07ac0da0ea6fe26e8c5c2a6394b06a3a67be078fe535859e00d8c30c957f3,566,61.51615522858461,61.51615522858461,26.737610756393135,33.77242660740586,0.00021368170782051695,0.004258428100505474,0.05017854071439013
bfo-22d07ac0da0ea6fe26e8c5c2a6394b06a3a67be078fe535859e00d8c30c957f3,567,61.516128180566774,61.516128180566774,26.73795745437174,33.77313168470938,0.00021367484864319054,0.004258199332654183,0.05017962569403829
bfo-22d07ac0da0ea6fe26e8c5c2a6394b06a3a67be078fe535859e00d8c30c957f3,568,61.516102856580126,61.516102856580126,26.739088913169127,33.7754222471302,0.00021364780737678188,0.0042574542972894204,0.05018205539230435
bfo-22d07ac0da0ea6fe26e8c5c2a6394b06a3a67be078fe535859e00d8c30c957f3,569,61.51607818629266,61.51607818629266,26.739077152138027,33.77540277601128,0.000213652006047005,0.004257463030322368,0.050182938648049194
bfo-22d07ac0da0ea6fe26e8c5c2a6394b06a3a67be078fe535859e00d8c30c957f3,570,61.516054422681265,61.516054422681265,26.739107882336057,33.77546706066436,0.0002136515692520068,0.00425744285395369,0.05018307387346339
bfo-22d07ac0da0ea6fe26e8c5c2a6394b06a3a67be078fe535859e00d8c30c957f3,571,61.51600643663299,61.51600643663299,26.739028149698967,33.775318477101735,0.00021365938580322291,0.004257491043179997,0.05018434181922244
bfo-22d07ac0da0ea6fe26e8c5c2a6394b06a3a67be078fe535859e00d8c30c957f3,572,61.515910857959554,61.515910857959554,26.7379052842436,33.773085570098466,0.00021371024413289276,0.00425821955387628,0.05018769967799128
bfo-22d07ac0da0ea6fe26e8c5c2a6394b06a3a67be078fe535859e00d8c30c957f3,573,61.51577283797936,61.51577283797936,26.736219985916065,33.76973867222154,0.00021378787242590564,0.004259320922737252,0.05019294772663312
bfo-22d07ac0da0ea6fe26e8c5c2a6394b06a3a67be078fe535859e00d8c30c957f3,574,61.515740192909384,61.515740192909384,26.735249105806815,33.7677836184371,0.0002138307003269109,0.004259907565743574,0.050196089240632714
bfo-22d07ac0da0ea6fe26e8c5c2a6394b06a3a67be078fe535859e00d8c30c957f3,575,61.51573504484777,61.51573504484777,26.7348966522808,33.767098982489294,0.00021385141083365175,0.00426018417734772,0.05019769144506566
bfo-22d07ac0da0ea6fe26e8c5c2a6394b06a3a67be078fe535859e00d8c30c957f3,576,61.51580878515927,61.51580878515927,26.73393351061728,33.76515789091814,0.0002138843477882844,0.004260812122736281,0.050198023669470904
bfo-22d07ac0da0ea6fe26e8c5c2a6394b06a3a67be078fe535859e00d8c30c957f3,577,61.51574064605596,61.51574064605596,26.734818267500422,33.766940818742455,0.0002138538432709038,0.004260236327224895,0.05019764793428902
bfo-22d07ac0da0ea6fe26e8c5c2a6394b06a3a67be078fe535859e00d8c30c957f3,578,61.51570475199394,61.51570475199394,26.735279367876647,33.76787072376728,0.00021384139799032002,0.004259930707770831,0.050198327780364434
bfo-22d07ac0da0ea6fe26e8c5c2a6394b06a3a67be078fe535859e00d8c30c957f3,579,61.515820344079735,61.515820344079735,26.73394564407838,33.76518203123987,0.00021388297118660023,0.0042607799218630895,0.050198079954591204
bfo-22d07ac0da0ea6fe26e8c5c2a6394b06a3a67be078fe535859e00d8c30c957f3,580,61.51569210263581,61.51569210263581,26.735462135336743,33.768239277129176,0.0002138353702530459,0.004259814298899778,0.05019828453749149
bfo-22d07ac0da0ea6fe26e8c5c2a6394b06a3a67be078fe535859e00d8c30c957f3,581,61.51567726273905,61.51567726273905,26.735664090768534,33.76864976762189,0.00021382988155277022,0.004259689650896882,0.05019846492989181
bfo-22d07ac0da0ea6fe26e8c5c2a6394b06a3a67be078fe535859e00d8c30c957f3,582,61.515664944456326,61.515664944456326,26.73586391993413,33.76905184962561,0.00021382309485692345,0.004259556472936252,0.05019844113242339
bfo-22d07ac0da0ea6fe26e8c5c2a6394b06a3a67be078fe535859e00d8c30c957f3,583,61.51562095274704,61.51562095274704,26.73679131135148,33.770921791048465,0.00021379472462065808,0.004258958801015981,0.050198824315853215
bfo-22d07ac0da0ea6fe26e8c5c2a6394b06a3a67be078fe535859e00d8c30c957f3,584,61.51562180551059,61.51562180551059,26.736783903553818,33.77090565277865,0.0002137948119277579,0.0042589644796577905,0.050198777883429635
bfo-22d07ac0da0ea6fe26e8c5c2a6394b06a3a67be078fe535859e00d8c30c957f3,585,61.51562061309201,61.51562061309201,26.736809389002598,33.770957764132476,0.0002137942231123955,0.004258946255258571,0.05019885443457317
bfo-22d07ac0da0ea6fe26e8c5c2a6394b06a3a67be078fe535859e00d8c30c957f3,586,61.51561325453104,61.51561325453104,26.737031537005134,33.771405245364114,0.0002137880294715121,0.004258800391956766,0.05019911942228506
bfo-22d07ac0da0ea6fe26e8c5c2a6394b06a3a67be078fe535859e00d8c30c957f3,587,61.51560640286722,61.51560640286722,26.73723553578761,33.77181393193519,0.00021378137107375817,0.004258665855782612,0.05019914177663786
bfo-22d07ac0da0ea6fe26e8c5c2a6394b06a3a67be078fe535859e00d8c30c957f3,588,61.51560016928447,61.51560016928447,26.73757942981056,33.772507861343485,0.0002137696807594972,0.004258442099127756,0.05019903424383368
bfo-22d07ac0da0ea6fe26e8c5c2a6394b06a3a67be078fe535859e00d8c30c957f3,589,61.51559556184586,61.51559556184586,26.738055389939607,33.77346802153635,0.00021375353477987293,0.004258138345418479,0.05019882339188436
bfo-22d07ac0da0ea6fe26e8c5c2a6394b06a3a67be078fe535859e00d8c30c957f3,590,61.515594789087615,61.515594789087615,26.738150395050926,33.77365867349807,0.00021375088634059222,0.00425808062387049,0.05019888189582891
bfo-22d07ac0da0ea6fe26e8c5c2a6394b06a3a67be078fe535859e00d8c30c957f3,591,61.515595703502875,61.515595703502875,26.738481376034503,33.774325049452656,0.00021374093962044173,0.004257870270262359,0.050199025816554894
bfo-22d07ac0da0ea6fe26e8c5c2a6394b06a3a67be078fe535859e00d8c30c957f3,592,61.51559544600486,61.51559544600486,26.7382344424954,33.77382751695502,0.00021374746647213278,0.0042580289427718646,0.050198688018543346
bfo-22d07ac0da0ea6fe26e8c5c2a6394b06a3a67be078fe535859e00d8c30c957f3,593,61.51559291029156,61.51559291029156,26.738168319201847,33.77369670782075,0.00021375142785737432,0.0042580701147261,0.05019913296357823
bfo-22d07ac0da0ea6fe26e8c5c2a6394b06a3a67be078fe535859e00d8c30c957f3,594,61.51559322174911,61.51559322174911,26.738219592251944,33.77380041564226,0.0002137498080409891,0.00425803759128581,0.05019913597720083
bfo-22d07ac0da0ea6fe26e8c5c2a6394b06a3a67be078fe535859e00d8c30c957f3,595,1000000.0000000622,61.515592976693725,26.738263401225332,33.77388868833825,0.0002137486027771212,0.004258010940851162,0.0501991671102643
bfo-22d07ac0da0ea6fe26e8c5c2a6394b06a3a67be078fe535859e00d8c30c957f3,596,61.515593435148844,61.515593435148844,26.737978244016556,33.773312900215785,0.0002137570736255242,0.004258188375367143,0.05019906466845633
bfo-22d07ac0da0ea6fe26e8c5c2a6394b06a3a67be078fe535859e00d8c30c957f3,597,1000000.0000001229,61.51559247451817,26.73832823989572,33.77401989211643,0.00021374631335485423,0.004257967082812728,0.050199146493555724
bfo-22d07ac0da0ea6fe26e8c5c2a6394b06a3a67be078fe535859e00d8c30c957f3,598,61.51559563964915,61.51559563964915,26.737848728688224,33.77305077176297,0.00021376164465765915,0.004258275933828012,0.050199105924424295
bfo-22d07ac0da0ea6fe26e8c5c2a6394b06a3a67be078fe535859e00d8c30c957f3,599,1000000.0000000015,61.51559283394765,26.73812050952656,33.77360018543038,0.00021375305693996312,0.004258102935872611,0.05019912861645248
bfo-22d07ac0da0ea6fe26e8c5c2a6394b06a3a67be078fe535859e00d8c30c957f3,600,61.515593230738126,61.515593230738126,26.738263961225577,33.77388979175137,0.00021374816852693244,0.004258004450651746,0.050199141641154306
bfo-22d07ac0da0ea6fe26e8c5c2a6394b06a3a67be078fe535859e00d8c30c957f3,601,1000000.0000002466,61.5155924706732,26.73821624331403,33.77379343661845,0.00021375037055461465,0.00425803626803429,0.050199283683718336
bfo-22d07ac0da0ea6fe26e8c5c2a6394b06a3a67be078fe535859e00d8c30c957f3,602,61.51559395755773,61.51559395755773,26.738072493732442,33.77350328950179,0.00021375354132993244,0.004258137786585789,0.050198831518160396
bfo-22d07ac0da0ea6fe26e8c5c2a6394b06a3a67be078fe535859e00d8c30c957f3,603,61.51559393797542,61.51559393797542,26.738029488012657,33.773417276220584,0.00021375563442626948,0.0042581606997594435,0.05019905294751915
bfo-22d07ac0da0ea6fe26e8c5c2a6394b06a3a67be078fe535859e00d8c30c957f3,604,61.51559081809797,61.51559081809797,26.738227959420623,33.77381650910681,0.00021374909183813297,0.004258034091127447,0.0501990090411738
bfo-22d07ac0da0ea6fe26e8c5c2a6394b06a3a67be078fe535859e00d8c30c957f3,605,61.51560360535953,61.51560360535953,26.739155527263534,33.77568384855893,0.00021371850411088555,0.004257437904843465,0.05019885407318546
bfo-22d07ac0da0ea6fe26e8c5c2a6394b06a3a67be078fe535859e00d8c30c957f3,606,1000000.0000004362,61.515590278340085,26.73824619253434,33.77385290722125,0.0002137486822768099,0.004258022415665921,0.05019905050062572
bfo-22d07ac0da0ea6fe26e8c5c2a6394b06a3a67be078fe535859e00d8c30c957f3,607,61.51559192027561,61.51559192027561,26.73819149646873,33.773743718292025,0.00021374991135835828,0.004258057438580799,0.050198926257227904
bfo-22d07ac0da0ea6fe26e8c5c2a6394b06a3a67be078fe535859e00d8c30c957f3,608,61.5155906610031,61.5155906610031,26.738158165147208,33.77367575544314,0.00021375057157971958,0.004258079083881997,0.05019882613003229
bfo-22d07ac0da0ea6fe26e8c5c2a6394b06a3a67be078fe535859e00d8c30c957f3,609,61.51559135186898,61.51559135186898,26.7383560523512,33.77407405793215,0.00021374377596246108,0.004257948790528894,0.050198766231735546
bfo-22d07ac0da0ea6fe26e8c5c2a6394b06a3a67be078fe535859e00d8c30c957f3,610,61.515591758748705,61.515591758748705,26.737991414420023,33.77334034186793,0.00021375572348231913,0.00425818578547208,0.05019877813025513
bfo-22d07ac0da0ea6fe26e8c5c2a6394b06a3a67be078fe535859e00d8c30c957f3,611,61.51559016842684,61.51559016842684,26.738315584031813,33.77399321564097,0.00021374534389761519,0.004257979578817189,0.05019877149269721
bfo-22d07ac0da0ea6fe26e8c5c2a6394b06a3a67be078fe535859e00d8c30c957f3,612,61.51559034096717,61.51559034096717,26.738575789869387,33.77451635944779,0.0002137369747028668,0.004257811442751972,0.05019878817478145
bfo-22d07ac0da0ea6fe26e8c5c2a6394b06a3a67be078fe535859e00d8c30c957f3,613,61.51559024702071,61.51559024702071,26.738319016545482,33.77400039215972,0.0002137452559421346,0.004257976885267225,0.05019878259125877
bfo-22d07ac0da0ea6fe26e8c5c2a6394b06a3a67be078fe535859e00d8c30c957f3,614,61.51559025535287,61.51559025535287,26.738464827982284,33.77429497598109,0.0002137411240022445,0.0042578825024781755,0.05019892490641598
bfo-22d07ac0da0ea6fe26e8c5c2a6394b06a3a67be078fe535859e00d8c30c957f3,615,1000000.0000009584,61.515589902349134,26.738324123892518,33.77401137868879,0.00021374510780991537,0.0042579730552398075,0.05019879295546113
bfo-22d07ac0da0ea6fe26e8c5c2a6394b06a3a67be078fe535859e00d8c30c957f3,616,61.51559070696954,61.51559070696954,26.73829850521105,33.77395689108242,0.00021374581604617664,0.004257992625260445,0.05019872856945181
bfo-22d07ac0da0ea6fe26e8c5c2a6394b06a3a67be078fe535859e00d8c30c957f3,617,1000000.0000007275,61.51558990452531,26.738340129116985,33.77404294863472,0.00021374462053709085,0.004257962870645451,0.050198798587618956
bfo-22d07ac0da0ea6fe26e8c5c2a6394b06a3a67be078fe535859e00d8c30c957f3,618,61.51559074094303,61.51559074094303,26.73826649988472,33.77389376006852,0.0002137467903278808,0.0042580129892183,0.050198717305256775
bfo-22d07ac0da0ea6fe26e8c5c2a6394b06a3a67be078fe535859e00d8c30c957f3,619,61.51558990929509,61.51558990929509,26.738370148899293,33.774103957201966,0.0002137439176971292,0.0042579423314818305,0.05019887566742666
bfo-22d07ac0da0ea6fe26e8c5c2a6394b06a3a67be078fe535859e00d8c30c957f3,620,61.51559165821686,61.51559165821686,26.73823559080829,33.77383304954003,0.00021374768040687009,0.00425803005669748,0.050198725128927896
bfo-22d07ac0da0ea6fe26e8c5c2a6394b06a3a67be078fe535859e00d8c30c957f3,621,1000000.0000002859,61.515589705560075,26.738416560468558,33.77419733005236,0.00021374203307743568,0.004257911986064003,0.050198790810379805
bfo-22d07ac0da0ea6fe26e8c5c2a6394b06a3a67be078fe535859e00d8c30c957f3,622,61.51559046827492,61.51559046827492,26.738277345948315,33.77391724635774,0.000213747685950757,0.004258003002637351,0.050199045378400274
bfo-22d07ac0da0ea6fe26e8c5c2a6394b06a3a67be078fe535859e00d8c30c957f3,623,61.51558799187422,61.51558799187422,26.738282231998824,33.77392805441745,0.00021374725887265912,0.004257999995722181,0.05019898052780678
bfo-22d07ac0da0ea6fe26e8c5c2a6394b06a3a67be078fe535859e00d8c30c957f3,624,61.51559651906411,61.51559651906411,26.738540370369048,33.774446402446806,0.00021373898396275095,0.0042578317204768745,0.05019902100283388
bfo-22d07ac0da0ea6fe26e8c5c2a6394b06a3a67be078fe535859e00d8c30c957f3,625,61.515585183275945,61.515585183275945,26.73824062389971,33.77384429563164,0.00021374891146032092,0.0042580255648528255,0.05019906719787601
bfo-22d07ac0da0ea6fe26e8c5c2a6394b06a3a67be078fe535859e00d8c30c957f3,626,61.51558024211592,61.51558024211592,26.738507441584993,33.774384488547675,0.0002137419590442409,0.004257848529046592,0.05019952156261921
bfo-22d07ac0da0ea6fe26e8c5c2a6394b06a3a67be078fe535859e00d8c30c957f3,627,61.515580066006,61.515580066006,26.73849437125487,33.774357134814075,0.0002137422089535425,0.004257855647240232,0.05019949633381335
bfo-22d07ac0da0ea6fe26e8c5c2a6394b06a3a67be078fe535859e00d8c30c957f3,628,61.51557836255801,61.51557836255801,26.738553111533296,33.774475960608264,0.0002137417247421998,0.004257813942232216,0.050199874311591654
bfo-22d07ac0da0ea6fe26e8c5c2a6394b06a3a67be078fe535859e00d8c30c957f3,629,61.51557749086931,61.51557749086931,26.738660256018996,33.77469174700379,0.0002137386814440155,0.004257743407019804,0.05019999117176047
bfo-22d07ac0da0ea6fe26e8c5c2a6394b06a3a67be078fe535859e00d8c30c957f3,630,61.515575321090935,61.515575321090935,26.73848564348353,33.774340108872444,0.0002137435650399497,0.0042578522194121554,0.05019985523815559
bfo-22d07ac0da0ea6fe26e8c5c2a6394b06a3a67be078fe535859e00d8c30c957f3,631,61.51556982748646,61.51556982748646,26.738511875892705,33.774393741935114,0.00021374396761398838,0.004257835699822909,0.0502001445529893
bfo-22d07ac0da0ea6fe26e8c5c2a6394b06a3a67be078fe535859e00d8c30c957f3,632,61.515570500847744,61.515570500847744,26.738616843862058,33.77460577574807,0.0002137405140621164,0.004257768395019661,0.05020012697546678
bfo-22d07ac0da0ea6fe26e8c5c2a6394b06a3a67be078fe535859e00d8c30c957f3,633,61.51556764600616,61.51556764600616,26.73847875810787,33.77432866573587,0.00021374561556720007,0.004257860288284759,0.05020024169306541
bfo-22d07ac0da0ea6fe26e8c5c2a6394b06a3a67be078fe535859e00d8c30c957f3,634,61.51556539667739,61.51556539667739,26.738483598877583,33.77433887475709,0.0002137452860244932,0.004257858553672891,0.05020018474782667
bfo-22d07ac0da0ea6fe26e8c5c2a6394b06a3a67be078fe535859e00d8c30c957f3,635,61.51556492534588,61.51556492534588,26.738483453251927,33.77433562670589,0.000213744867811875,0.004257851893772918,0.050200165046716524
bfo-22d07ac0da0ea6fe26e8c5c2a6394b06a3a67be078fe535859e00d8c30c957f3,636,61.51555542888155,61.51555542888155,26.738025610216436,33.77341642357154,0.00021376073728209148,0.004258147042238452,0.05020041232998856
bfo-22d07ac0da0ea6fe26e8c5c2a6394b06a3a67be078fe535859e00d8c30c957f3,637,61.51554893960545,61.51554893960545,26.73868149579687,33.77474005522097,0.00021374054453043417,0.0042577239683939914,0.0502006579376861
bfo-22d07ac0da0ea6fe26e8c5c2a6394b06a3a67be078fe535859e00d8c30c957f3,638,61.51554511418483,61.51554511418483,26.738397525670997,33.77416786625845,0.0002137488168189267,0.004257907862618987,0.050200432633939716
bfo-22d07ac0da0ea6fe26e8c5c2a6394b06a3a67be078fe535859e00d8c30c957f3,639,61.51554290022283,61.51554290022283,26.73859572574523,33.77456852937462,0.00021374365722253745,0.004257777200952718,0.050200761367858865
bfo-22d07ac0da0ea6fe26e8c5c2a6394b06a3a67be078fe535859e00d8c30c957f3,640,61.5155426121819,61.5155426121819,26.738745647300934,33.77487283573676,0.00021373950594883413,0.0042576801457988025,0.05020093070160241
bfo-22d07ac0da0ea6fe26e8c5c2a6394b06a3a67be078fe535859e00d8c30c957f3,641,61.515534862611986,61.515534862611986,26.73860659644657,33.77459424581256,0.0002137439734498128,0.004257772305909566,0.05020089335288017
bfo-22d07ac0da0ea6fe26e8c5c2a6394b06a3a67be078fe535859e00d8c30c957f3,642,61.51552535925355,61.51552535925355,26.738399324626258,33.77418151854131,0.00021375160041079796,0.004257909047142635,0.050201072414696304
bfo-22d07ac0da0ea6fe26e8c5c2a6394b06a3a67be078fe535859e00d8c30c957f3,643,61.515514131988226,61.515514131988226,26.73802521118205,33.773431035982384,0.00021376521126354503,0.004258153402675425,0.05020138803107351
bfo-22d07ac0da0ea6fe26e8c5c2a6394b06a3a67be078fe535859e00d8c30c957f3,644,61.51550847076687,61.51550847076687,26.737473781250305,33.77232299582321,0.00021378487525876112,0.004258508900070359,0.050201814831296696
bfo-22d07ac0da0ea6fe26e8c5c2a6394b06a3a67be078fe535859e00d8c30c957f3,645,61.51550632503975,61.51550632503975,26.73730380663058,33.771981999071215,0.00021379022206411734,0.004258622670537382,0.05020172919831375
bfo-22d07ac0da0ea6fe26e8c5c2a6394b06a3a67be078fe535859e00d8c30c957f3,646,61.51550405049598,61.51550405049598,26.737292832665187,33.771961980574474,0.00021379150565592288,0.0042586288643314905,0.05020195759403969
bfo-22d07ac0da0ea6fe26e8c5c2a6394b06a3a67be078fe535859e00d8c30c957f3,647,61.51550718828332,61.51550718828332,26.73703633334555,33.771447402019405,0.0002137990848694541,0.004258793018002673,0.0502018022396692
bfo-22d07ac0da0ea6fe26e8c5c2a6394b06a3a67be078fe535859e00d8c30c957f3,648,61.51550744192187,61.51550744192187,26.73716429544509,33.771702835864005,0.00021379523123489123,0.004258709865695985,0.05020187755851067
bfo-22d07ac0da0ea6fe26e8c5c2a6394b06a3a67be078fe535859e00d8c30c957f3,649,61.515491249874344,61.515491249874344,26.737826515613648,33.773037570010445,0.00021377546941161383,0.004258285109543673,0.05020224431015669
bfo-22d07ac0da0ea6fe26e8c5c2a6394b06a3a67be078fe535859e00d8c30c957f3,650,61.51548631982466,61.51548631982466,26.73801203912663,33.773410804453384,0.000213769552658924,0.0042581630015770585,0.0502022944118748
bfo-22d07ac0da0ea6fe26e8c5c2a6394b06a3a67be078fe535859e00d8c30c957f3,651,61.51548354976502,61.51548354976502,26.738279357789494,33.77394875060318,0.0002137610978863041,0.004257988646674644,0.05020236445516237
bfo-22d07ac0da0ea6fe26e8c5c2a6394b06a3a67be078fe535859e00d8c30c957f3,652,61.51547969839645,61.51547969839645,26.738585349760886,33.77456835120552,0.0002137537238376408,0.004257793630061492,0.05020293194307628
bfo-22d07ac0da0ea6fe26e8c5c2a6394b06a3a67be078fe535859e00d8c30c957f3,653,61.51547481047452,61.51547481047452,26.738763559877494,33.774928059141345,0.0002137494033769308,0.004257677214578187,0.05020328987013337
bfo-22d07ac0da0ea6fe26e8c5c2a6394b06a3a67be078fe535859e00d8c30c957f3,654,61.51547287499068,61.51547287499068,26.738879460633083,33.77516399229417,0.00021374724056707985,0.004257603259099933,0.0502036539243599
bfo-22d07ac0da0ea6fe26e8c5c2a6394b06a3a67be078fe535859e00d8c30c957f3,655,61.51547145258691,61.51547145258691,26.738744555590667,33.77489266649253,0.00021375047843579472,0.0042576888209134725,0.050203405515656094
bfo-22d07ac0da0ea6fe26e8c5c2a6394b06a3a67be078fe535859e00d8c30c957f3,656,61.515471316155704,61.515471316155704,26.73892121881334,33.77524678988583,0.00021374523712395615,0.004257573781294559,0.05020353095536132
bfo-22d07ac0da0ea6fe26e8c5c2a6394b06a3a67be078fe535859e00d8c30c957f3,657,61.515469099428465,61.515469099428465,26.73899244359346,33.775390598741325,0.00021374312270531942,0.004257523939849266,0.050203622040675314
bfo-22d07ac0da0ea6fe26e8c5c2a6394b06a3a67be078fe535859e00d8c30c957f3,658,61.51547231530836,61.51547231530836,26.739160253004183,33.77572802677101,0.00021373648344341504,0.004257421202977385,0.050203274060349155
bfo-22d07ac0da0ea6fe26e8c5c2a6394b06a3a67be078fe535859e00d8c30c957f3,659,61.515470290548286,61.515470290548286,26.73905779609064,33.775521838228585,0.00021374121541354322,0.004257483415109086,0.05020365191676658
bfo-22d07ac0da0ea6fe26e8c5c2a6394b06a3a67be078fe535859e00d8c30c957f3,660,61.515469256793644,61.515469256793644,26.73909783027799,33.775603961693605,0.0002137400897383418,0.004257455713494303,0.050203714171559714
bfo-22d07ac0da0ea6fe26e8c5c2a6394b06a3a67be078fe535859e00d8c30c957f3,661,61.51547110682706,61.51547110682706,26.739092463308786,33.77559264957242,0.0002137399978608009,0.004257458423950323,0.05020366062963927
bfo-22d07ac0da0ea6fe26e8c5c2a6394b06a3a67be078fe535859e00d8c30c957f3,662,61.515464521585244,61.515464521585244,26.738833321294766,33.77506951926237,0.00021374915656233344,0.004257625844419516,0.050203837625256605
bfo-22d07ac0da0ea6fe26e8c5c2a6394b06a3a67be078fe535859e00d8c30c957f3,663,61.5154737149944,61.5154737149944,26.739270021222215,33.77594842937589,0.0002137343618957317,0.004257345326143698,0.05020367048527215
bfo-22d07ac0da0ea6fe26e8c5c2a6394b06a3a67be078fe535859e00d8c30c957f3,664,61.51546378749532,61.51546378749532,26.738796930987796,33.77499699700734,0.00021375059970074392,0.004257649710753917,0.0502038951586025
bfo-22d07ac0da0ea6fe26e8c5c2a6394b06a3a67be078fe535859e00d8c30c957f3,665,61.51545492014077,61.51545492014077,26.73847613462664,33.77435173653836,0.00021376186544731107,0.004257852365058358,0.05020415155807809
bfo-22d07ac0da0ea6fe26e8c5c2a6394b06a3a67be078fe535859e00d8c30c957f3,666,61.51545211898833,61.51545211898833,26.738293872975767,33.773983139198606,0.00021376838902450307,0.004257967278574659,0.05020432874159178
bfo-22d07ac0da0ea6fe26e8c5c2a6394b06a3a67be078fe535859e00d8c30c957f3,667,61.515446496267174,61.515446496267174,26.73806694289991,33.77352831363937,0.00021377611663279838,0.004258110885524608,0.05020445037247091
bfo-22d07ac0da0ea6fe26e8c5c2a6394b06a3a67be078fe535859e00d8c30c957f3,668,61.51544437221424,61.51544437221424,26.737716401123482,33.772825244574825,0.00021378903893585168,0.0042583347093936635,0.05020484614895213
bfo-22d07ac0da0ea6fe26e8c5c2a6394b06a3a67be078fe535859e00d8c30c957f3,669,61.515452892365296,61.515452892365296,26.736923931700733,33.771230561893105,0.00021381589959486934,0.004258848211384422,0.05020509982565551
bfo-22d07ac0da0ea6fe26e8c5c2a6394b06a3a67be078fe535859e00d8c30c957f3,670,61.51544449372343,61.51544449372343,26.73770520260014,33.7728029351306,0.00021378960949059638,0.004258339292686546,0.05020492609824863
bfo-22d07ac0da0ea6fe26e8c5c2a6394b06a3a67be078fe535859e00d8c30c957f3,671,61.515446271537485,61.515446271537485,26.73760149895754,33.77259426701853,0.00021379228900985397,0.004258411719898323,0.05020470144088337
bfo-22d07ac0da0ea6fe26e8c5c2a6394b06a3a67be078fe535859e00d8c30c957f3,672,61.51544387455678,61.51544387455678,26.73777815145728,33.77295020288091,0.00021378712334563373,0.0042582970410770474,0.05020484040529985
bfo-22d07ac0da0ea6fe26e8c5c2a6394b06a3a67be078fe535859e00d8c30c957f3,673,61.515446164939476,61.515446164939476,26.73757193579479,33.77253509099188,0.00021379414462426835,0.00425843249713082,0.050204892238708776
bfo-22d07ac0da0ea6fe26e8c5c2a6394b06a3a67be078fe535859e00d8c30c957f3,674,61.51544419092434,61.51544419092434,26.73774230991673,33.77287783318605,0.0002137881025068549,0.0042583221387554665,0.05020477444887165
bfo-22d07ac0da0ea6fe26e8c5c2a6394b06a3a67be078fe535859e00d8c30c957f3,675,61.51543925520041,61.51543925520041,26.738144359222343,33.77368811837518,0.00021377523096416493,0.00425805636050023,0.05020488524934671
bfo-22d07ac0da0ea6fe26e8c5c2a6394b06a3a67be078fe535859e00d8c30c957f3,676,61.51543690575559,61.51543690575559,26.738309115070813,33.77402074372506,0.00021377052460379222,0.004257951828703011,0.050205012457575776
bfo-22d07ac0da0ea6fe26e8c5c2a6394b06a3a67be078fe535859e00d8c30c957f3,677,61.51543690953018,61.51543690953018,26.73834743451562,33.77409792975585,0.00021376998480804405,0.004257926206449087,0.05020518779406426
bfo-22d07ac0da0ea6fe26e8c5c2a6394b06a3a67be078fe535859e00d8c30c957f3,678,61.51543680505539,61.51543680505539,26.738274779931405,33.77395138882915,0.0002137711255670269,0.004257974295003822,0.05020488869974144
bfo-22d07ac0da0ea6fe26e8c5c2a6394b06a3a67be078fe535859e00d8c30c957f3,679,61.515438260587715,61.515438260587715,26.738351736060288,33.77410794041607,0.0002137684106074454,0.004257923154438786,0.05020485406942979
bfo-22d07ac0da0ea6fe26e8c5c2a6394b06a3a67be078fe535859e00d8c30c957f3,680,61.51543646582528,61.51543646582528,26.738371757812484,33.774146600546175,0.00021376775892611107,0.004257911355514194,0.05020484013817522
bfo-22d07ac0da0ea6fe26e8c5c2a6394b06a3a67be078fe535859e00d8c30c957f3,681,61.515445520597694,61.515445520597694,26.739198127074605,33.77581153491574,0.00021374149798323704,0.004257377604375751,0.05020496602498979
bfo-22d07ac0da0ea6fe26e8c5c2a6394b06a3a67be078fe535859e00d8c30c957f3,682,61.515435987322235,61.515435987322235,26.738233465594277,33.77386844505414,0.00021377232712281954,0.004258001536970717,0.05020484968516574
bfo-22d07ac0da0ea6fe26e8c5c2a6394b06a3a67be078fe535859e00d8c30c957f3,683,61.51543681077393,61.51543681077393,26.73792241982366,33.773242136394806,0.00021378230961707705,0.0042582003255710954,0.05020485023527053
bfo-22d07ac0da0ea6fe26e8c5c2a6394b06a3a67be078fe535859e00d8c30c957f3,684,61.51543603087409,61.51543603087409,26.73834313712599,33.774090211507485,0.00021376896424121544,0.004257931514382314,0.050204885522266623
bfo-22d07ac0da0ea6fe26e8c5c2a6394b06a3a67be078fe535859e00d8c30c957f3,685,61.51543646626564,61.51543646626564,26.738355861892096,33.77411619469214,0.00021376847754583196,0.0042579293067046735,0.050204797249504635
bfo-22d07ac0da0ea6fe26e8c5c2a6394b06a3a67be078fe535859e00d8c30c957f3,686,61.515436002540085,61.515436002540085,26.7382600514176,33.773922801836804,0.00021377129951660195,0.004257983029068346,0.05020482657099164
bfo-22d07ac0da0ea6fe26e8c5c2a6394b06a3a67be078fe535859e00d8c30c957f3,687,61.51543649617081,61.51543649617081,26.73817497883416,33.77374921943774,0.0002137737359011619,0.004258041523277795,0.050204709073997274
bfo-22d07ac0da0ea6fe26e8c5c2a6394b06a3a67be078fe535859e00d8c30c957f3,688,61.515436176563995,61.515436176563995,26.738180844105525,33.773762070192184,0.00021377392568548744,0.004258035475600829,0.05020482495048328
bfo-22d07ac0da0ea6fe26e8c5c2a6394b06a3a67be078fe535859e00d8c30c957f3,689,61.515436459849106,61.515436459849106,26.73815809400678,33.77371762085913,0.00021377551524825965,0.0042580509681187095,0.050205015592546996
bfo-22d07ac0da0ea6fe26e8c5c2a6394b06a3a67be078fe535859e00d8c30c957f3,690,61.51543669154083,61.51543669154083,26.73811758865101,33.77363553221443,0.00021377600971244848,0.004258076297537678,0.050204833068883466
bfo-22d07ac0da0ea6fe26e8c5c2a6394b06a3a67be078fe535859e00d8c30c957f3,691,61.515436682705456,61.515436682705456,26.73819075742579,33.77378198116815,0.00021377254171853853,0.004258035392818635,0.0502045009017716
bfo-22d07ac0da0ea6fe26e8c5c2a6394b06a3a67be078fe535859e00d8c30c957f3,692,61.515436409689315,61.515436409689315,26.738183213814406,33.77376687678522,0.0002137739464590007,0.004258033921645723,0.05020484815122784
bfo-22d07ac0da0ea6fe26e8c5c2a6394b06a3a67be078fe535859e00d8c30c957f3,693,61.51543599639071,61.51543599639071,26.73829992293311,33.77400340917043,0.0002137704259463919,0.004257961341814985,0.05020487711973232
bfo-22d07ac0da0ea6fe26e8c5c2a6394b06a3a67be078fe535859e00d8c30c957f3,694,61.51543615792917,61.51543615792917,26.738381469587534,33.77416728443027,0.00021376775684813892,0.0042579072139313535,0.05020488848341196
bfo-22d07ac0da0ea6fe26e8c5c2a6394b06a3a67be078fe535859e00d8c30c957f3,695,61.5154380602774,61.5154380602774,26.738286162346657,33.77397264610291,0.0002137716519940802,0.004257959687169382,0.050205184571907466
bfo-22d07ac0da0ea6fe26e8c5c2a6394b06a3a67be078fe535859e00d8c30c957f3,696,61.51543564483658,61.51543564483658,26.738320519389056,33.77404337298499,0.00021376942562946542,0.004257944929247588,0.050204835708676045
bfo-22d07ac0da0ea6fe26e8c5c2a6394b06a3a67be078fe535859e00d8c30c957f3,697,61.51543303082453,61.51543303082453,26.73748529062199,33.77236279507772,0.00021379740842660983,0.004258484447889305,0.05020504619491504
bfo-22d07ac0da0ea6fe26e8c5c2a6394b06a3a67be078fe535859e00d8c30c957f3,698,61.51544308696209,61.51544308696209,26.737119428187867,33.771622736383456,0.00021380717432350465,0.004258715945111312,0.05020461028140168
bfo-22d07ac0da0ea6fe26e8c5c2a6394b06a3a67be078fe535859e00d8c30c957f3,699,61.515432170851234,61.515432170851234,26.737507160742137,33.772407940485216,0.00021379719489103715,0.004258471058936968,0.05020515389962679
bfo-22d07ac0da0ea6fe26e8c5c2a6394b06a3a67be078fe535859e00d8c30c957f3,700,61.51544137248846,61.51544137248846,26.737217659358755,33.77182412322768,0.00021380545462763634,0.004258656780224621,0.05020490395480034
bfo-22d07ac0da0ea6fe26e8c5c2a6394b06a3a67be078fe535859e00d8c30c957f3,701,61.515433853123284,61.515433853123284,26.737459387594495,33.77231200373323,0.00021379821709942564,0.004258501762474927,0.05020503196297184
bfo-22d07ac0da0ea6fe26e8c5c2a6394b06a3a67be078fe535859e00d8c30c957f3,702,61.51543015896529,61.51543015896529,26.737598462393176,33.772593350699744,0.0002137953782570394,0.004258414691113687,0.050205391857016696
bfo-22d07ac0da0ea6fe26e8c5c2a6394b06a3a67be078fe535859e00d8c30c957f3,703,61.51542856079702,61.51542856079702,26.737645968397903,33.77268803596,0.00021379440063106547,0.004258384035097657,0.05020552370781245
bfo-22d07ac0da0ea6fe26e8c5c2a6394b06a3a67be078fe535859e00d8c30c957f3,704,61.51542602325657,61.51542602325657,26.73777638960292,33.77295230702397,0.000213790859165708,0.004258301461780546,0.050205665588625215
bfo-22d07ac0da0ea6fe26e8c5c2a6394b06a3a67be078fe535859e00d8c30c957f3,705,61.51541558695939,61.51541558695939,26.738377010892844,33.77416478585643,0.00021377404962380782,0.004257914449063461,0.05020628107519351
bfo-22d07ac0da0ea6fe26e8c5c2a6394b06a3a67be078fe535859e00d8c30c957f3,706,61.51541395900729,61.51541395900729,26.738517981953215,33.774450959955196,0.00021377025432304546,0.004257818547991672,0.05020652052537011
bfo-22d07ac0da0ea6fe26e8c5c2a6394b06a3a67be078fe535859e00d8c30c957f3,707,61.515413672257004,61.515413672257004,26.738685780806282,33.774789725649796,0.00021376504621302666,0.004257710067799425,0.050206576495122876
bfo-22d07ac0da0ea6fe26e8c5c2a6394b06a3a67be078fe535859e00d8c30c957f3,708,61.51541223586221,61.51541223586221,26.738785163387078,33.77498981141598,0.00021376208076822047,0.004257645853203076,0.050206637221225155
bfo-22d07ac0da0ea6fe26e8c5c2a6394b06a3a67be078fe535859e00d8c30c957f3,709,61.51540955636051,61.51540955636051,26.738980011210547,33.77538207645271,0.00021375637550129247,0.0042575164573222316,0.05020682307256064
bfo-22d07ac0da0ea6fe26e8c5c2a6394b06a3a67be078fe535859e00d8c30c957f3,710,61.51539870513103,61.51539870513103,26.738606474241386,33.774632796036634,0.0002137701248806057,0.004257760300188994,0.05020717696839742
bfo-22d07ac0da0ea6fe26e8c5c2a6394b06a3a67be078fe535859e00d8c30c957f3,711,61.51539190606746,61.51539190606746,26.738598281358843,33.77461937667172,0.00021377253508268057,0.0042577665774248714,0.050207669019745035
bfo-22d07ac0da0ea6fe26e8c5c2a6394b06a3a67be078fe535859e00d8c30c957f3,712,61.51538850342094,61.51538850342094,26.738716232509184,33.77485768264889,0.00021377153919418713,0.0042576863898335275,0.05020838070756673
bfo-22d07ac0da0ea6fe26e8c5c2a6394b06a3a67be078fe535859e00d8c30c957f3,713,61.515385051967996,61.515385051967996,26.738678956287334,33.7747845838718,0.00021377451690962807,0.004257711605065609,0.05020878273091348
bfo-22d07ac0da0ea6fe26e8c5c2a6394b06a3a67be078fe535859e00d8c30c957f3,714,61.515386350797556,61.515386350797556,26.738826249689918,33.77508209199821,0.00021377008809395293,0.004257617788308257,0.050208848873419754
bfo-22d07ac0da0ea6fe26e8c5c2a6394b06a3a67be078fe535859e00d8c30c957f3,715,61.51538482205946,61.51538482205946,26.738763434425945,33.77495386940319,0.00021377200439127842,0.004257656572283189,0.05020884159208786
bfo-22d07ac0da0ea6fe26e8c5c2a6394b06a3a67be078fe535859e00d8c30c957f3,716,61.51538020193191,61.51538020193191,26.73830941008938,33.77404062510092,0.00021378706033556524,0.004257948929380265,0.05020893014014649
bfo-22d07ac0da0ea6fe26e8c5c2a6394b06a3a67be078fe535859e00d8c30c957f3,717,61.51537675467253,61.51537675467253,26.738404404681745,33.77423309258896,0.00021378346312918544,0.004257891615705972,0.050208761148500834
bfo-22d07ac0da0ea6fe26e8c5c2a6394b06a3a67be078fe535859e00d8c30c957f3,718,61.51537388174586,61.51537388174586,26.738505851426783,33.77443823447788,0.00021378076876913324,0.00425782719024396,0.05020888805890788
bfo-22d07ac0da0ea6fe26e8c5c2a6394b06a3a67be078fe535859e00d8c30c957f3,719,61.51536824425658,61.51536824425658,26.738723541168934,33.774877770863206,0.00021377530193308076,0.004257683670140058,0.050209296531897714
bfo-22d07ac0da0ea6fe26e8c5c2a6394b06a3a67be078fe535859e00d8c30c957f3,720,61.51536617630545,61.51536617630545,26.738650945810292,33.77473299652385,0.00021377818412580239,0.0042577339181889195,0.05020938091329474
bfo-22d07ac0da0ea6fe26e8c5c2a6394b06a3a67be078fe535859e00d8c30c957f3,721,61.51536565499324,61.51536565499324,26.738730911855086,33.77489484136614,0.0002137761423714303,0.004257685004412061,0.050209478190590205
bfo-22d07ac0da0ea6fe26e8c5c2a6394b06a3a67be078fe535859e00d8c30c957f3,722,61.51536196515918,61.51536196515918,26.738992140604307,33.775425466658916,0.00021376913105379037,0.004257519145581239,0.050209787377152586
bfo-22d07ac0da0ea6fe26e8c5c2a6394b06a3a67be078fe535859e00d8c30c957f3,723,61.51535425560316,61.51535425560316,26.738700705256207,33.77483819798742,0.00021377915460811596,0.00425770620109519,0.05020993570508142
bfo-22d07ac0da0ea6fe26e8c5c2a6394b06a3a67be078fe535859e00d8c30c957f3,724,61.51535656802991,61.51535656802991,26.738937834450766,33.77531419922175,0.00021377189133618433,0.004257555682247095,0.0502100048221466
bfo-22d07ac0da0ea6fe26e8c5c2a6394b06a3a67be078fe535859e00d8c30c957f3,725,61.5153563702447,61.5153563702447,26.73881098057817,33.775059881931014,0.00021377569990862846,0.004257633526625909,0.05020998133628507
bfo-22d07ac0da0ea6fe26e8c5c2a6394b06a3a67be078fe535859e00d8c30c957f3,726,61.51534981585967,61.51534981585967,26.738709764765314,33.77485789296529,0.0002137798451688649,0.0042577006035714494,0.0502101639062037
bfo-22d07ac0da0ea6fe26e8c5c2a6394b06a3a67be078fe535859e00d8c30c957f3,727,61.51534400316916,61.51534400316916,26.738610496161552,33.774660419618606,0.00021378419484781083,0.0042577639541710515,0.05021043842469954
bfo-22d07ac0da0ea6fe26e8c5c2a6394b06a3a67be078fe535859e00d8c30c957f3,728,61.51534057735661,61.51534057735661,26.738469447314383,33.77437875866333,0.0002137889827248779,0.004257854693637064,0.05021049286730336
bfo-22d07ac0da0ea6fe26e8c5c2a6394b06a3a67be078fe535859e00d8c30c957f3,729,61.51533577395608,61.51533577395608,26.738215552265874,33.77387003135745,0.00021379773735002484,0.004258013348998773,0.05021067803845592
bfo-22d07ac0da0ea6fe26e8c5c2a6394b06a3a67be078fe535859e00d8c30c957f3,730,61.51533279532807,61.51533279532807,26.738209454814463,33.773857641013876,0.0002137992052593774,0.004258012577064789,0.05021103188162901
bfo-22d07ac0da0ea6fe26e8c5c2a6394b06a3a67be078fe535859e00d8c30c957f3,731,61.515330253674044,61.515330253674044,26.737949699939005,33.77333574034198,0.00021380868413309727,0.004258184213589277,0.050211234039796326
bfo-22d07ac0da0ea6fe26e8c5c2a6394b06a3a67be078fe535859e00d8c30c957f3,732,61.515330809326585,61.515330809326585,26.737708649456284,33.77285037109996,0.00021381627215124975,0.004258340209231203,0.050211176572444866
bfo-22d07ac0da0ea6fe26e8c5c2a6394b06a3a67be078fe535859e00d8c30c957f3,733,61.515329923780385,61.515329923780385,26.738047325540688,33.77353242561806,0.00021380537592919477,0.004258120041069808,0.05021121383780398
bfo-22d07ac0da0ea6fe26e8c5c2a6394b06a3a67be078fe535859e00d8c30c957f3,734,61.51532723017349,61.51532723017349,26.737837448464163,33.77311159092432,0.00021381328290786367,0.004258256729744805,0.05021145893208684
bfo-22d07ac0da0ea6fe26e8c5c2a6394b06a3a67be078fe535859e00d8c30c957f3,735,61.515319135038325,61.515319135038325,26.737984445680382,33.773410833782506,0.00021381060611851707,0.00425815993073397,0.05021197174284222
bfo-22d07ac0da0ea6fe26e8c5c2a6394b06a3a67be078fe535859e00d8c30c957f3,736,61.5153119446166,61.5153119446166,26.737966962120794,33.77337775988597,0.00021381269048693802,0.004258167253416639,0.05021237489330192
bfo-22d07ac0da0ea6fe26e8c5c2a6394b06a3a67be078fe535859e00d8c30c957f3,737,61.51530588013518,61.51530588013518,26.73812629776216,33.77369892150927,0.00021380832820334965,0.004258062962492884,0.05021258024756297
bfo-22d07ac0da0ea6fe26e8c5c2a6394b06a3a67be078fe535859e00d8c30c957f3,738,61.51530597720434,61.51530597720434,26.737750124979858,33.772943775983016,0.0002138216321662455,0.0042583074610899035,0.05021282143669316
bfo-22d07ac0da0ea6fe26e8c5c2a6394b06a3a67be078fe535859e00d8c30c957f3,739,61.51530640385539,61.51530640385539,26.738145461790978,33.773737784040854,0.0002138075760527518,0.004258054608937873,0.05021250211398389
bfo-22d07ac0da0ea6fe26e8c5c2a6394b06a3a67be078fe535859e00d8c30c957f3,740,61.515303455488,61.515303455488,26.73794763766855,33.77334099945017,0.00021381546283892497,0.004258176290035322,0.050212919399152296
bfo-22d07ac0da0ea6fe26e8c5c2a6394b06a3a67be078fe535859e00d8c30c957f3,741,61.515300063911184,61.515300063911184,26.73761383199383,33.77267037782074,0.00021382786326937743,0.004258392042249986,0.050213287350687
bfo-22d07ac0da0ea6fe26e8c5c2a6394b06a3a67be078fe535859e00d8c30c957f3,742,61.515291010648184,61.515291010648184,26.737811396552836,33.77306942416289,0.0002138227674200574,0.004258263121562749,0.05021361088217256
bfo-22d07ac0da0ea6fe26e8c5c2a6394b06a3a67be078fe535859e00d8c30c957f3,743,61.51528021927555,61.51528021927555,26.73819309663065,33.77384304517454,0.0002138120726659607,0.004258017167809423,0.05021399967157914
bfo-22d07ac0da0ea6fe26e8c5c2a6394b06a3a67be078fe535859e00d8c30c957f3,744,61.51527650556887,61.51527650556887,26.738098584264453,33.7736556532859,0.00021381536797308374,0.004258077219558125,0.05021406539810757
bfo-22d07ac0da0ea6fe26e8c5c2a6394b06a3a67be078fe535859e00d8c30c957f3,745,61.515269834907265,61.515269834907265,26.73843859364456,33.77434251820958,0.00021380647989133734,0.004257853727841722,0.05021461364284922
bfo-22d07ac0da0ea6fe26e8c5c2a6394b06a3a67be078fe535859e00d8c30c957f3,746,61.51526660416272,61.51526660416272,26.73878609878247,33.77504483108425,0.00021379683788818699,0.004257629655729034,0.050214991715050554
bfo-22d07ac0da0ea6fe26e8c5c2a6394b06a3a67be078fe535859e00d8c30c957f3,747,61.51526834093299,61.51526834093299,26.739180932975145,33.775840317221075,0.00021378564434543684,0.0042573736821968165,0.050215381665797976
bfo-22d07ac0da0ea6fe26e8c5c2a6394b06a3a67be078fe535859e00d8c30c957f3,748,61.51526600510361,61.51526600510361,26.738737427238405,33.774946331886255,0.0002137985136811768,0.004257662564385676,0.05021499718403003
bfo-22d07ac0da0ea6fe26e8c5c2a6394b06a3a67be078fe535859e00d8c30c957f3,749,61.51526003094613,61.51526003094613,26.73859569189301,33.77466540453891,0.00021380409925851466,0.004257759259202749,0.05021516864684095
bfo-22d07ac0da0ea6fe26e8c5c2a6394b06a3a67be078fe535859e00d8c30c957f3,750,61.515259123448786,61.515259123448786,26.738767364060774,33.77501238738647,0.00021379895965397073,0.00425764591279738,0.050215298320451324
bfo-22d07ac0da0ea6fe26e8c5c2a6394b06a3a67be078fe535859e00d8c30c957f3,751,61.515256624258384,61.515256624258384,26.73854981241537,33.77457497364915,0.00021380599332734642,0.0042577850141049395,0.05021530974886297
bfo-22d07ac0da0ea6fe26e8c5c2a6394b06a3a67be078fe535859e00d8c30c957f3,752,61.51525195141652,61.51525195141652,26.738257387477802,33.77398803521286,0.00021381633772619141,0.004257972499391537,0.05021552810797761
bfo-22d07ac0da0ea6fe26e8c5c2a6394b06a3a67be078fe535859e00d8c30c957f3,753,61.51525173810863,61.51525173810863,26.737444055170954,33.77234957629349,0.00021384236681284602,0.0042584965405582965,0.050215460967548635
bfo-22d07ac0da0ea6fe26e8c5c2a6394b06a3a67be078fe535859e00d8c30c957f3,754,61.515245097025385,61.515245097025385,26.737700965734128,33.772869479560505,0.00021383499422429706,0.00425833227320667,0.05021566672233212
bfo-22d07ac0da0ea6fe26e8c5c2a6394b06a3a67be078fe535859e00d8c30c957f3,755,61.51524825686973,61.51524825686973,26.73754108012862,33.772548632805524,0.00021384051809741284,0.004258437078107399,0.05021572801832995
bfo-22d07ac0da0ea6fe26e8c5c2a6394b06a3a67be078fe535859e00d8c30c957f3,756,61.51524558557592,61.51524558557592,26.737650743400422,33.772768508115504,0.00021383611794753945,0.004258365747462009,0.05021553587194478
bfo-22d07ac0da0ea6fe26e8c5c2a6394b06a3a67be078fe535859e00d8c30c957f3,757,61.51524329794177,61.51524329794177,26.737453126674836,33.772374384151675,0.00021384471046471937,0.004258493732255535,0.05021604443021108
bfo-22d07ac0da0ea6fe26e8c5c2a6394b06a3a67be078fe535859e00d8c30c957f3,758,61.515241990026965,61.515241990026965,26.73733135850272,33.772130019942445,0.00021384860615851795,0.004258571254572431,0.05021604509468018
bfo-22d07ac0da0ea6fe26e8c5c2a6394b06a3a67be078fe535859e00d8c30c957f3,759,61.515237195499985,61.515237195499985,26.73749619895539,33.772462228936746,0.00021384347881468416,0.004258465992633804,0.050216082313346094
bfo-22d07ac0da0ea6fe26e8c5c2a6394b06a3a67be078fe535859e00d8c30c957f3,760,61.51523873253681,61.51523873253681,26.73725555017644,33.771979861699066,0.0002138524705457212,0.004258616253528367,0.05021642191135189
bfo-22d07ac0da0ea6fe26e8c5c2a6394b06a3a67be078fe535859e00d8c30c957f3,761,61.51523667457492,61.51523667457492,26.73755697165533,33.77258416529749,0.00021384152403937498,0.0042584270790892356,0.05021608215141963
bfo-22d07ac0da0ea6fe26e8c5c2a6394b06a3a67be078fe535859e00d8c30c957f3,762,61.51524227810989,61.51524227810989,26.737224236193818,33.77191286133601,0.00021385234250349993,0.0042586382713921496,0.05021613221767989
bfo-22d07ac0da0ea6fe26e8c5c2a6394b06a3a67be078fe535859e00d8c30c957f3,763,61.51523514159106,61.51523514159106,26.73764303682593,33.77275796495072,0.00021383917198080184,0.004258369219429948,0.05021621211357236
bfo-22d07ac0da0ea6fe26e8c5c2a6394b06a3a67be078fe535859e00d8c30c957f3,764,61.51522969765577,61.51522969765577,26.738009742776168,33.77349694433259,0.0002138263349185982,0.004258135606630892,0.05021595239607251
bfo-22d07ac0da0ea6fe26e8c5c2a6394b06a3a67be078fe535859e00d8c30c957f3,765,61.51522468689239,61.51522468689239,26.738608486262383,33.77470516238488,0.00021380844822071102,0.004257751785550681,0.05021627821196671
bfo-22d07ac0da0ea6fe26e8c5c2a6394b06a3a67be078fe535859e00d8c30c957f3,766,61.515223941500835,61.515223941500835,26.738710481127534,33.77491256608258,0.0002138051237815387,0.004257690928124975,0.05021621517175164
bfo-22d07ac0da0ea6fe26e8c5c2a6394b06a3a67be078fe535859e00d8c30c957f3,767,61.5152212474963,61.5152212474963,26.738630558757855,33.77474949444642,0.00021380814538646297,0.004257742694729055,0.050216314304561055
bfo-22d07ac0da0ea6fe26e8c5c2a6394b06a3a67be078fe535859e00d8c30c957f3,768,61.51521575193313,61.51521575193313,26.73848565355751,33.774460523810916,0.0002138131594481941,0.0042578399142878314,0.05021634531883442
bfo-22d07ac0da0ea6fe26e8c5c2a6394b06a3a67be078fe535859e00d8c30c957f3,769,61.51521501161572,61.51521501161572,26.738522380453606,33.77453518908203,0.00021381208320539252,0.004257816542071966,0.05021636820015404
bfo-22d07ac0da0ea6fe26e8c5c2a6394b06a3a67be078fe535859e00d8c30c957f3,770,61.51521655785554,61.51521655785554,26.738847236006453,33.77519125431609,0.00021380192972255075,0.004257603879434287,0.05021649166454604
bfo-22d07ac0da0ea6fe26e8c5c2a6394b06a3a67be078fe535859e00d8c30c957f3,771,61.51521545590754,61.51521545590754,26.738582465840068,33.77465706784374,0.00021381040511874312,0.004257776919867935,0.05021644138307156
bfo-22d07ac0da0ea6fe26e8c5c2a6394b06a3a67be078fe535859e00d8c30c957f3,772,61.51521778110378,61.51521778110378,26.738938259884762,33.77537083136118,0.0002137993167459671,0.004257543426498866,0.050216590960713264
bfo-22d07ac0da0ea6fe26e8c5c2a6394b06a3a67be078fe535859e00d8c30c957f3,773,61.515214782405565,61.515214782405565,26.738497735670663,33.77448511936698,0.00021381285732559723,0.004257829449967442,0.05021639777686074
bfo-22d07ac0da0ea6fe26e8c5c2a6394b06a3a67be078fe535859e00d8c30c957f3,774,61.51521563583333,61.51521563583333,26.73865670524182,33.77480476494408,0.0002138078636893253,0.004257728411005446,0.05021641660766131
bfo-22d07ac0da0ea6fe26e8c5c2a6394b06a3a67be078fe535859e00d8c30c957f3,775,61.515215209359354,61.515215209359354,26.73855924010509,33.77460871418175,0.00021381051607272637,0.004257789541355167,0.05021631858409678
bfo-22d07ac0da0ea6fe26e8c5c2a6394b06a3a67be078fe535859e00d8c30c957f3,776,61.51521072420445,61.51521072420445,26.73833839878391,33.77416667225701,0.0002138195326817701,0.004257933830037993,0.050216734504740346
bfo-22d07ac0da0ea6fe26e8c5c2a6394b06a3a67be078fe535859e00d8c30c957f3,777,61.51520606727465,61.51520606727465,26.73849042141164,33.774475513806706,0.00021381659498148444,0.004257838495433649,0.050217168925217257
bfo-22d07ac0da0ea6fe26e8c5c2a6394b06a3a67be078fe535859e00d8c30c957f3,778,61.51519939324156,61.51519939324156,26.73828597329064,33.77406524290052,0.0002138242350058866,0.0042579708887227246,0.05021740180803069
bfo-22d07ac0da0ea6fe26e8c5c2a6394b06a3a67be078fe535859e00d8c30c957f3,779,61.51519664361305,61.51519664361305,26.738220121738475,33.773933977442326,0.00021382731323972418,0.004258012856495184,0.05021762978323361
bfo-22d07ac0da0ea6fe26e8c5c2a6394b06a3a67be078fe535859e00d8c30c957f3,780,61.51519348237576,61.51519348237576,26.73826852845096,33.77403208027723,0.0002138253218934829,0.0042579885326235415,0.0502174489797734
bfo-22d07ac0da0ea6fe26e8c5c2a6394b06a3a67be078fe535859e00d8c30c957f3,781,61.51518883096263,61.51518883096263,26.738086626693125,33.77366765815091,0.00021383148513425492,0.004258106861811178,0.05021750089270941
bfo-22d07ac0da0ea6fe26e8c5c2a6394b06a3a67be078fe535859e00d8c30c957f3,782,61.51518348250388,61.51518348250388,26.737829257936102,33.77315313287837,0.0002138412436924755,0.004258271192235891,0.05021785462663167
bfo-22d07ac0da0ea6fe26e8c5c2a6394b06a3a67be078fe535859e00d8c30c957f3,783,61.51518356741515,61.51518356741515,26.737444925680553,33.77238226110704,0.00021385461525254415,0.004258523868893288,0.05021801493580005
bfo-22d07ac0da0ea6fe26e8c5c2a6394b06a3a67be078fe535859e00d8c30c957f3,784,61.51518347168253,61.51518347168253,26.73782131003926,33.77313683791671,0.0002138414157235388,0.004258275099048743,0.05021784895280929
bfo-22d07ac0da0ea6fe26e8c5c2a6394b06a3a67be078fe535859e00d8c30c957f3,785,61.51518753086455,61.51518753086455,26.737177392683662,33.77183842984698,0.00021386176326225912,0.004258689019714499,0.05021774594769457
bfo-22d07ac0da0ea6fe26e8c5c2a6394b06a3a67be078fe535859e00d8c30c957f3,786,61.51518507660716,61.51518507660716,26.737680202217604,33.772851789143566,0.00021384574751714199,0.004258365249903426,0.05021780306938014
bfo-22d07ac0da0ea6fe26e8c5c2a6394b06a3a67be078fe535859e00d8c30c957f3,787,61.51518373971718,61.51518373971718,26.73778461976394,33.773061769414554,0.00021384265699126776,0.004258300264795839,0.050217843668551226
bfo-22d07ac0da0ea6fe26e8c5c2a6394b06a3a67be078fe535859e00d8c30c957f3,788,61.515182921220976,61.515182921220976,26.737880177288307,33.773255479865895,0.0002138397691202093,0.004258238584637666,0.05021789288455404
bfo-22d07ac0da0ea6fe26e8c5c2a6394b06a3a67be078fe535859e00d8c30c957f3,789,61.515183047812926,61.515183047812926,26.737926915287566,33.77335022265685,0.00021383741082699,0.004258207003877787,0.0502177114997595
bfo-22d07ac0da0ea6fe26e8c5c2a6394b06a3a67be078fe535859e00d8c30c957f3,790,61.51518259823662,61.51518259823662,26.737895781960976,33.77328735083626,0.00021384024079568016,0.004258227826079056,0.05021813052980367
bfo-22d07ac0da0ea6fe26e8c5c2a6394b06a3a67be078fe535859e00d8c30c957f3,791,61.515183065293485,61.515183065293485,26.737966550593548,33.77343160052063,0.00021383711464879437,0.004258183167177023,0.05021792305626872
bfo-22d07ac0da0ea6fe26e8c5c2a6394b06a3a67be078fe535859e00d8c30c957f3,792,61.51518327612224,61.51518327612224,26.73772349837924,33.77294037245589,0.0002138457345305003,0.004258340976667622,0.05021808626932594
bfo-22d07ac0da0ea6fe26e8c5c2a6394b06a3a67be078fe535859e00d8c30c957f3,793,61.51518153582475,61.51518153582475,26.73784763495061,33.77319182811227,0.00021384197904995278,0.004258258093794604,0.050218181786955675
bfo-22d07ac0da0ea6fe26e8c5c2a6394b06a3a67be078fe535859e00d8c30c957f3,794,61.51517931040783,61.51517931040783,26.738057546178037,33.773614709876504,0.0002138356660558494,0.0042581203570306835,0.050218323609096734
bfo-22d07ac0da0ea6fe26e8c5c2a6394b06a3a67be078fe535859e00d8c30c957f3,795,61.515179164712244,61.515179164712244,26.73808679182903,33.773673033531914,0.00021383541830328204,0.004258098959007886,0.0502185177850128
bfo-22d07ac0da0ea6fe26e8c5c2a6394b06a3a67be078fe535859e00d8c30c957f3,796,61.51518018749659,61.51518018749659,26.738299427168155,33.77410095942019,0.00021382792685408468,0.0042579593010476854,0.0502184055168098
bfo-22d07ac0da0ea6fe26e8c5c2a6394b06a3a67be078fe535859e00d8c30c957f3,797,61.51517891772474,61.51517891772474,26.73800637053627,33.77351126863686,0.00021383824585979023,0.004258154202029395,0.05021853031012287
bfo-22d07ac0da0ea6fe26e8c5c2a6394b06a3a67be078fe535859e00d8c30c957f3,798,61.51517860634899,61.51517860634899,26.738360973194546,33.77422598150861,0.00021382661029985912,0.004257929661247411,0.05021844589072336
bfo-22d07ac0da0ea6fe26e8c5c2a6394b06a3a67be078fe535859e00d8c30c957f3,799,61.515178385913146,61.515178385913146,26.738416584772786,33.774337792383704,0.00021382451321526853,0.004257894639182065,0.05021836643105474
bfo-22d07ac0da0ea6fe26e8c5c2a6394b06a3a67be078fe535859e00d8c30c957f3,800,61.51517905241427,61.51517905241427,26.73854744979889,33.77460280600346,0.0002138205920055741,0.004257815314335322,0.050218381075777856
bfo-22d07ac0da0ea6fe26e8c5c2a6394b06a3a67be078fe535859e00d8c30c957f3,801,61.515179741223335,61.515179741223335,26.73850800257011,33.77452163720749,0.00021382126408920585,0.0042578351267786385,0.05021830524729058
bfo-22d07ac0da0ea6fe26e8c5c2a6394b06a3a67be078fe535859e00d8c30c957f3,802,61.515177971758035,61.515177971758035,26.73857398922508,33.77465711483579,0.00021382064163919128,0.004257796767374447,0.05021861148413687
bfo-22d07ac0da0ea6fe26e8c5c2a6394b06a3a67be078fe535859e00d8c30c957f3,803,61.51517682949628,61.51517682949628,26.738400873820787,33.77430856557524,0.00021382611632613234,0.004257907911888984,0.05021858639288191
bfo-22d07ac0da0ea6fe26e8c5c2a6394b06a3a67be078fe535859e00d8c30c957f3,804,61.515176539899144,61.515176539899144,26.73862199103207,33.77475441534755,0.00021382029468190896,0.004257762819861641,0.050218930393322654
bfo-22d07ac0da0ea6fe26e8c5c2a6394b06a3a67be078fe535859e00d8c30c957f3,805,61.515177461399844,61.515177461399844,26.738943526093752,33.77540334820059,0.00021381138504473547,0.004257548035234046,0.05021937116746631
bfo-22d07ac0da0ea6fe26e8c5c2a6394b06a3a67be078fe535859e00d8c30c957f3,806,61.5151766008552,61.5151766008552,26.73873913985379,33.77499093733053,0.00021381672349804866,0.0042576861288835975,0.05021899619315369
bfo-22d07ac0da0ea6fe26e8c5c2a6394b06a3a67be078fe535859e00d8c30c957f3,807,61.515176953592075,61.515176953592075,26.73882566212985,33.775165851407316,0.00021381453099432007,0.004257633954861073,0.050219096629995956
bfo-22d07ac0da0ea6fe26e8c5c2a6394b06a3a67be078fe535859e00d8c30c957f3,808,61.51517348854984,61.51517348854984,26.738540274841,33.77459054077625,0.00021382317912639671,0.004257816803033625,0.05021897113423273
bfo-22d07ac0da0ea6fe26e8c5c2a6394b06a3a67be078fe535859e00d8c30c957f3,809,61.51518222649036,61.51518222649036,26.73912873002501,33.77577522135199,0.00021380456153380936,0.0042574391903685265,0.05021905233960659
bfo-22d07ac0da0ea6fe26e8c5c2a6394b06a3a67be078fe535859e00d8c30c957f3,810,61.5151746615837,61.5151746615837,26.738586600168198,33.77468312266391,0.00021382133816324044,0.004257786952545133,0.05021889083375265
bfo-22d07ac0da0ea6fe26e8c5c2a6394b06a3a67be078fe535859e00d8c30c957f3,811,61.515171959475616,61.515171959475616,26.738442307905537,33.77439466100431,0.00021382705399692508,0.00425788136887026,0.05021911966834803
bfo-22d07ac0da0ea6fe26e8c5c2a6394b06a3a67be078fe535859e00d8c30c957f3,812,61.515172021428775,61.515172021428775,26.737732637052332,33.77296604927882,0.00021385113228921619,0.004258336673238148,0.05021940459362465
bfo-22d07ac0da0ea6fe26e8c5c2a6394b06a3a67be078fe535859e00d8c30c957f3,813,61.5151714392839,61.5151714392839,26.738356400926538,33.77421999400747,0.00021382981037123964,0.00425793713460752,0.050219109303723815
bfo-22d07ac0da0ea6fe26e8c5c2a6394b06a3a67be078fe535859e00d8c30c957f3,814,61.51516838956541,61.51516838956541,26.7381203343552,33.77374585394751,0.00021383780859205972,0.004258091746485479,0.050219164199211075
bfo-22d07ac0da0ea6fe26e8c5c2a6394b06a3a67be078fe535859e00d8c30c957f3,815,61.515167943963945,61.515167943963945,26.737805956422775,33.773112687844296,0.00021384811827518575,0.0042582977602926494,0.05021915570800506
bfo-22d07ac0da0ea6fe26e8c5c2a6394b06a3a67be078fe535859e00d8c30c957f3,816,61.51516779564096,61.51516779564096,26.737772510085254,33.77304695155272,0.00021384967274681993,0.004258319870994519,0.05021925999581519
bfo-22d07ac0da0ea6fe26e8c5c2a6394b06a3a67be078fe535859e00d8c30c957f3,817,61.515169202539816,61.515169202539816,26.737529394518138,33.772557941365015,0.0002138584472565642,0.004258474545409802,0.05021949643613148
bfo-22d07ac0da0ea6fe26e8c5c2a6394b06a3a67be078fe535859e00d8c30c957f3,818,61.51516801248614,61.51516801248614,26.73769153103786,33.772884487071,0.0002138517874061482,0.004258373018470713,0.05021912981285694
bfo-22d07ac0da0ea6fe26e8c5c2a6394b06a3a67be078fe535859e00d8c30c957f3,819,61.515171353112706,61.515171353112706,26.737372773468262,33.77224233668929,0.0002138619009646756,0.0042585800225733335,0.05021906359186957
bfo-22d07ac0da0ea6fe26e8c5c2a6394b06a3a67be078fe535859e00d8c30c957f3,820,61.51517076010295,61.51517076010295,26.737671131131542,33.77284350558088,0.0002138525577183969,0.004258386563058011,0.050219150974594985
bfo-22d07ac0da0ea6fe26e8c5c2a6394b06a3a67be078fe535859e00d8c30c957f3,821,61.5151640804414,61.5151640804414,26.738020436842042,33.773547335874085,0.0002138425918737532,0.004258161222483985,0.05021946814616117
bfo-22d07ac0da0ea6fe26e8c5c2a6394b06a3a67be078fe535859e00d8c30c957f3,822,61.51516454798853,61.51516454798853,26.73819359457382,33.773895468345,0.00021383750900108085,0.004258050118363604,0.050219584799828514
bfo-22d07ac0da0ea6fe26e8c5c2a6394b06a3a67be078fe535859e00d8c30c957f3,823,61.51516587699595,61.51516587699595,26.737856068231462,33.77321525421893,0.0002138476651596277,0.004258267524586818,0.050219405879243686
bfo-22d07ac0da0ea6fe26e8c5c2a6394b06a3a67be078fe535859e00d8c30c957f3,824,61.515159491721526,61.515159491721526,26.737614557244303,33.77273006194944,0.0002138559953995773,0.004258421004613633,0.05021955207526045
bfo-22d07ac0da0ea6fe26e8c5c2a6394b06a3a67be078fe535859e00d8c30c957f3,825,61.51515915779969,61.51515915779969,26.73748081836404,33.77246217388222,0.00021386137508657953,0.004258505637355766,0.0502198173017736
bfo-22d07ac0da0ea6fe26e8c5c2a6394b06a3a67be078fe535859e00d8c30c957f3,826,61.51514853013481,61.51514853013481,26.73779399296873,33.77309432205103,0.00021385283941414664,0.004258306197390975,0.050220164896825015
bfo-22d07ac0da0ea6fe26e8c5c2a6394b06a3a67be078fe535859e00d8c30c957f3,827,61.51514286891589,61.51514286891589,26.737739575453656,33.77298734747818,0.00021385523124756086,0.004258345091761825,0.050220267883240424
bfo-22d07ac0da0ea6fe26e8c5c2a6394b06a3a67be078fe535859e00d8c30c957f3,828,61.51514132523204,61.51514132523204,26.737791170926027,33.77309007098187,0.00021385279756725724,0.004258309610536293,0.050220114816950705
bfo-22d07ac0da0ea6fe26e8c5c2a6394b06a3a67be078fe535859e00d8c30c957f3,829,61.51513812054075,61.51513812054075,26.737913513270865,33.77333818907133,0.00021384922645963528,0.004258232520899975,0.050220185349211126
bfo-22d07ac0da0ea6fe26e8c5c2a6394b06a3a67be078fe535859e00d8c30c957f3,830,61.51514047143313,61.51514047143313,26.737663274509462,33.77283420905499,0.00021385695596556605,0.004258392426841929,0.05022011466523407
bfo-22d07ac0da0ea6fe26e8c5c2a6394b06a3a67be078fe535859e00d8c30c957f3,831,61.515138205979405,61.515138205979405,26.737888256190615,33.773286674510835,0.00021384972798083084,0.004258248151413042,0.050220118785202245
bfo-22d07ac0da0ea6fe26e8c5c2a6394b06a3a67be078fe535859e00d8c30c957f3,832,61.51513070441503,61.51513070441503,26.738229134195155,33.77397536361561,0.00021384012913554815,0.0042580321786170406,0.050220411721970816
bfo-22d07ac0da0ea6fe26e8c5c2a6394b06a3a67be078fe535859e00d8c30c957f3,833,61.51512429223682,61.51512429223682,26.73804380425782,33.773601688401236,0.00021384691437833077,0.004258153199934231,0.05022057787437843
bfo-22d07ac0da0ea6fe26e8c5c2a6394b06a3a67be078fe535859e00d8c30c957f3,834,61.515121232586324,61.515121232586324,26.738072582497207,33.77366104735538,0.00021384780178211125,0.004258129770976294,0.050221062598822745
bfo-22d07ac0da0ea6fe26e8c5c2a6394b06a3a67be078fe535859e00d8c30c957f3,835,61.515119630161436,61.515119630161436,26.738569222008685,33.77466110172046,0.00021383306319200067,0.004257812845384969,0.05022133920793952
bfo-22d07ac0da0ea6fe26e8c5c2a6394b06a3a67be078fe535859e00d8c30c957f3,836,61.51511114706523,61.51511114706523,26.738285828093396,33.77409250359973,0.00021384303582039495,0.004257996423018265,0.05022151607840316
bfo-22d07ac0da0ea6fe26e8c5c2a6394b06a3a67be078fe535859e00d8c30c957f3,837,61.51510784904778,61.51510784904778,26.738273778024144,33.77407073125904,0.0002138443339017285,0.004258006787408775,0.050221698691059205
bfo-22d07ac0da0ea6fe26e8c5c2a6394b06a3a67be078fe535859e00d8c30c957f3,838,61.515103896868126,61.515103896868126,26.738165171749078,33.77385135483718,0.00021384788429590197,0.0042580732872125665,0.050221748164389096
bfo-22d07ac0da0ea6fe26e8c5c2a6394b06a3a67be078fe535859e00d8c30c957f3,839,61.515106299726305,61.515106299726305,26.737910999084747,33.773338233778546,0.00021385584756292467,0.004258238659203015,0.05022166784868525
bfo-22d07ac0da0ea6fe26e8c5c2a6394b06a3a67be078fe535859e00d8c30c957f3,840,61.51510320176148,61.51510320176148,26.738118722181888,33.7737590056086,0.00021384960561522976,0.004258103948973081,0.05022179077305135
bfo-22d07ac0da0ea6fe26e8c5c2a6394b06a3a67be078fe535859e00d8c30c957f3,841,61.51509517076594,61.51509517076594,26.737903875774126,33.77332843476152,0.0002138572874626087,0.004258244506953473,0.05022193702437515
bfo-22d07ac0da0ea6fe26e8c5c2a6394b06a3a67be078fe535859e00d8c30c957f3,842,61.51509034183675,61.51509034183675,26.737840348292096,33.773201184568585,0.00021386003258141038,0.004258286615504147,0.05022208505241517
bfo-22d07ac0da0ea6fe26e8c5c2a6394b06a3a67be078fe535859e00d8c30c957f3,843,61.51508473276962,61.51508473276962,26.737794864919227,33.77310975947013,0.00021386169097257083,0.00425831564840784,0.05022213208937024
bfo-22d07ac0da0ea6fe26e8c5c2a6394b06a3a67be078fe535859e00d8c30c957f3,844,61.51507967060863,61.51507967060863,26.737516546245967,33.77255148518682,0.00021387162322366338,0.004258495177209965,0.05022234717283054
bfo-22d07ac0da0ea6fe26e8c5c2a6394b06a3a67be078fe535859e00d8c30c957f3,845,61.515077244781565,61.515077244781565,26.737403405160034,33.772325363028976,0.00021387491745953181,0.004258571632577108,0.0502222190706943
bfo-22d07ac0da0ea6fe26e8c5c2a6394b06a3a67be078fe535859e00d8c30c957f3,846,61.515068124708925,61.515068124708925,26.737612042238734,33.772746102851016,0.00021386851966476928,0.004258442619607205,0.05022223821451804
bfo-22d07ac0da0ea6fe26e8c5c2a6394b06a3a67be078fe535859e00d8c30c957f3,847,61.515059527856444,61.515059527856444,26.73786722699906,33.773262617676345,0.00021386162587507467,0.004258279028411257,0.050222548698239104
bfo-22d07ac0da0ea6fe26e8c5c2a6394b06a3a67be078fe535859e00d8c30c957f3,848,61.5150511232859,61.5150511232859,26.73810927387611,33.773752183482564,0.00021385482222310108,0.004258127408955642,0.05022273917246445
bfo-22d07ac0da0ea6fe26e8c5c2a6394b06a3a67be078fe535859e00d8c30c957f3,849,61.51504484096276,61.51504484096276,26.737953767283525,33.77343950175305,0.00021386083304469154,0.004258227589806979,0.050222969189485156
bfo-22d07ac0da0ea6fe26e8c5c2a6394b06a3a67be078fe535859e00d8c30c957f3,850,61.515040220338534,61.515040220338534,26.738028937668656,33.77359015444294,0.00021385790796706264,0.004258178691306392,0.05022285898984946
bfo-22d07ac0da0ea6fe26e8c5c2a6394b06a3a67be078fe535859e00d8c30c957f3,851,61.51503727334331,61.51503727334331,26.737962410123142,33.77345688974095,0.0002138609620689065,0.00425822261880412,0.05022305811925053
bfo-22d07ac0da0ea6fe26e8c5c2a6394b06a3a67be078fe535859e00d8c30c957f3,852,61.51503055844552,61.51503055844552,26.73790536239892,33.773343213353094,0.00021386356287372366,0.004258264065664954,0.05022318005079555
bfo-22d07ac0da0ea6fe26e8c5c2a6394b06a3a67be078fe535859e00d8c30c957f3,853,61.51502293549592,61.51502293549592,26.73795112255342,33.773438322286296,0.00021386331058579727,0.0042582376979228495,0.050223431794359175
bfo-22d07ac0da0ea6fe26e8c5c2a6394b06a3a67be078fe535859e00d8c30c957f3,854,61.515014531738636,61.515014531738636,26.737903843605316,33.77334642022589,0.00021386600574246152,0.004258270174589277,0.050223681676818344
bfo-22d07ac0da0ea6fe26e8c5c2a6394b06a3a67be078fe535859e00d8c30c957f3,855,61.51500829176177,61.51500829176177,26.738089064508983,33.77372074249082,0.00021386097990353802,0.0042581527921095865,0.05022388588305832
bfo-22d07ac0da0ea6fe26e8c5c2a6394b06a3a67be078fe535859e00d8c30c957f3,856,61.51500027596413,61.51500027596413,26.73820164764989,33.773949711958615,0.00021385823855012492,0.004258081995157293,0.05022407712987806
bfo-22d07ac0da0ea6fe26e8c5c2a6394b06a3a67be078fe535859e00d8c30c957f3,857,61.51499551400835,61.51499551400835,26.738345483678806,33.77424214644821,0.0002138550355631394,0.004257988668858427,0.05022442570766029
bfo-22d07ac0da0ea6fe26e8c5c2a6394b06a3a67be078fe535859e00d8c30c957f3,858,61.514996440836725,61.514996440836725,26.73869146094733,33.77493951128138,0.0002138437910440524,0.004257761734435805,0.050224461673027083
bfo-22d07ac0da0ea6fe26e8c5c2a6394b06a3a67be078fe535859e00d8c30c957f3,859,1000000.0000000389,61.51499779969386,26.73849898975087,33.7745503948916,0.0002138499805012601,0.0042578886001119936,0.050224418857655245
bfo-22d07ac0da0ea6fe26e8c5c2a6394b06a3a67be078fe535859e00d8c30c957f3,860,61.51499260758575,61.51499260758575,26.738038695221686,33.77362603580514,0.00021386513449855163,0.004258188591584494,0.05022443931234415
bfo-22d07ac0da0ea6fe26e8c5c2a6394b06a3a67be078fe535859e00d8c30c957f3,861,61.51498459789995,61.51498459789995,26.738072804618746,33.773697843217036,0.00021386556612074082,0.004258172447632598,0.050224731090832864
bfo-22d07ac0da0ea6fe26e8c5c2a6394b06a3a67be078fe535859e00d8c30c957f3,862,61.5149778182801,61.5149778182801,26.738234003651414,33.77402452454961,0.00021386143406959773,0.004258071331528583,0.050224953369398986
bfo-22d07ac0da0ea6fe26e8c5c2a6394b06a3a67be078fe535859e00d8c30c957f3,863,61.51497430217296,61.51497430217296,26.738102407095738,33.77375985116562,0.000213865639071665,0.004258156061397398,0.050224941497677464
bfo-22d07ac0da0ea6fe26e8c5c2a6394b06a3a67be078fe535859e00d8c30c957f3,864,61.51496497771754,61.51496497771754,26.73810850027157,33.77377491288597,0.0002138667182183711,0.004258158978679906,0.050225160518706846
bfo-22d07ac0da0ea6fe26e8c5c2a6394b06a3a67be078fe535859e00d8c30c957f3,865,61.514955214840064,61.514955214840064,26.73788393288266,33.77332548325244,0.00021387555897954007,0.004258308222094794,0.05022547636871811
bfo-22d07ac0da0ea6fe26e8c5c2a6394b06a3a67be078fe535859e00d8c30c957f3,866,61.514948541688824,61.514948541688824,26.738510826382438,33.774592673217384,0.00021385779950660873,0.004257913280082288,0.050225964090672065
bfo-22d07ac0da0ea6fe26e8c5c2a6394b06a3a67be078fe535859e00d8c30c957f3,867,61.51493185638907,61.51493185638907,26.73826082603407,33.774094355426115,0.0002138699992350174,0.004258074840214478,0.05022692349490148
bfo-22d07ac0da0ea6fe26e8c5c2a6394b06a3a67be078fe535859e00d8c30c957f3,868,61.514911127598324,61.514911127598324,26.73805558208641,33.773688582415424,0.00021388014315388033,0.004258213148986559,0.050227674301551374
bfo-22d07ac0da0ea6fe26e8c5c2a6394b06a3a67be078fe535859e00d8c30c957f3,869,61.514900422951165,61.514900422951165,26.73785909791197,33.77328506789097,0.0002138886988242112,0.004258343020953825,0.050228151600690524
bfo-22d07ac0da0ea6fe26e8c5c2a6394b06a3a67be078fe535859e00d8c30c957f3,870,61.51488179095077,61.51488179095077,26.737627764002088,33.7728252646376,0.0002138986604847193,0.004258499379607726,0.05022864662350207
bfo-22d07ac0da0ea6fe26e8c5c2a6394b06a3a67be078fe535859e00d8c30c957f3,871,61.51491240976739,61.51491240976739,26.7362346592164,33.77002357447256,0.00021394247379409348,0.004259431070725038,0.05022794599600747
bfo-22d07ac0da0ea6fe26e8c5c2a6394b06a3a67be078fe535859e00d8c30c957f3,872,1000000.0000002736,61.514882750156374,26.737507144174195,33.772583195726035,0.00021390400789143046,0.004258579230889832,0.05022896048049695
bfo-22d07ac0da0ea6fe26e8c5c2a6394b06a3a67be078fe535859e00d8c30c957f3,873,61.51488090172596,61.51488090172596,26.73786914364863,33.77330964238258,0.00021388796136366658,0.004258339546277865,0.0502280194050336
bfo-22d07ac0da0ea6fe26e8c5c2a6394b06a3a67be078fe535859e00d8c30c957f3,874,61.5148772102801,61.5148772102801,26.73799149788996,33.77355907137687,0.00021388487700443282,0.004258260101517889,0.05022823216651137
bfo-22d07ac0da0ea6fe26e8c5c2a6394b06a3a67be078fe535859e00d8c30c957f3,875,61.51487418946936,61.51487418946936,26.73815188908936,33.77388311368129,0.00021388053541691068,0.004258158984542333,0.0502284053257111
bfo-22d07ac0da0ea6fe26e8c5c2a6394b06a3a67be078fe535859e00d8c30c957f3,876,61.51487299487805,61.51487299487805,26.7385721880391,33.77473080708758,0.00021386842591722776,0.004257886634522151,0.05022877410197408
bfo-22d07ac0da0ea6fe26e8c5c2a6394b06a3a67be078fe535859e00d8c30c957f3,877,61.514869527265496,61.514869527265496,26.738679287492815,33.77494724303722,0.00021386658919977092,0.00425781626045765,0.050229172918040285
bfo-22d07ac0da0ea6fe26e8c5c2a6394b06a3a67be078fe535859e00d8c30c957f3,878,61.51486063150267,61.51486063150267,26.738371392266384,33.77432842061582,0.0002138778645851644,0.00425800941972768,0.05022954237589332
bfo-22d07ac0da0ea6fe26e8c5c2a6394b06a3a67be078fe535859e00d8c30c957f3,879,61.51486032715202,61.51486032715202,26.738528986649683,33.77464449911066,0.0002138737549730352,0.004257905878025808,0.05022979866154263
bfo-22d07ac0da0ea6fe26e8c5c2a6394b06a3a67be078fe535859e00d8c30c957f3,880,61.514855807745775,61.514855807745775,26.73843463200919,33.77445458102859,0.00021387678571852038,0.004257963772818845,0.05022982747852978
bfo-22d07ac0da0ea6fe26e8c5c2a6394b06a3a67be078fe535859e00d8c30c957f3,881,61.51485278691787,61.51485278691787,26.7380973731132,33.77377786998883,0.00021388770785249638,0.004258181363400609,0.05022982573989859
bfo-22d07ac0da0ea6fe26e8c5c2a6394b06a3a67be078fe535859e00d8c30c957f3,882,61.51484672776461,61.51484672776461,26.738449588714968,33.77448914119834,0.00021387744969465072,0.004257950182679838,0.050230143735510324
bfo-22d07ac0da0ea6fe26e8c5c2a6394b06a3a67be078fe535859e00d8c30c957f3,883,61.51484313267476,61.51484313267476,26.738418038780196,33.7744264259982,0.0002138791345911311,0.004257966613287858,0.05023034561231114
bfo-22d07ac0da0ea6fe26e8c5c2a6394b06a3a67be078fe535859e00d8c30c957f3,884,61.51484125291702,61.51484125291702,26.738217823560788,33.77402364194144,0.0002138862687331189,0.004258097703256776,0.05023047464822836
bfo-22d07ac0da0ea6fe26e8c5c2a6394b06a3a67be078fe535859e00d8c30c957f3,885,61.5148402915048,61.5148402915048,26.738381317973474,33.77435347473443,0.000213881742547522,0.004257993693124778,0.050230638643939
bfo-22d07ac0da0ea6fe26e8c5c2a6394b06a3a67be078fe535859e00d8c30c957f3,886,61.51484261486445,61.51484261486445,26.73880351620732,33.77520531600798,0.0002138688380688185,0.0042577176705324935,0.05023086419022023
bfo-22d07ac0da0ea6fe26e8c5c2a6394b06a3a67be078fe535859e00d8c30c957f3,887,61.51483933849475,61.51483933849475,26.738302286506244,33.774193828581495,0.00021388439616127809,0.004258046290613577,0.05023064137014295
bfo-22d07ac0da0ea6fe26e8c5c2a6394b06a3a67be078fe535859e00d8c30c957f3,888,61.514836711615075,61.514836711615075,26.738121588911678,33.773829139509125,0.0002138911376027922,0.004258162801380426,0.0502308501528998
bfo-22d07ac0da0ea6fe26e8c5c2a6394b06a3a67be078fe535859e00d8c30c957f3,889,61.51484125150286,61.51484125150286,26.737401702963915,33.77237999090128,0.00021391561388374618,0.00425862484885768,0.05023114772392459
bfo-22d07ac0da0ea6fe26e8c5c2a6394b06a3a67be078fe535859e00d8c30c957f3,890,1000000.0000001134,61.51483702533371,26.73815562122885,33.7738976547048,0.00021389044576858123,0.004258139595388702,0.050230961427429756
bfo-22d07ac0da0ea6fe26e8c5c2a6394b06a3a67be078fe535859e00d8c30c957f3,891,61.51483616839489,61.51483616839489,26.73805353567529,33.77369212882971,0.00021389252065062922,0.004258209202405505,0.05023062759100684
bfo-22d07ac0da0ea6fe26e8c5c2a6394b06a3a67be078fe535859e00d8c30c957f3,892,61.51483594256478,61.51483594256478,26.737877600239727,33.77333959601607,0.00021389863710600195,0.004258326652636126,0.050230678516310516
bfo-22d07ac0da0ea6fe26e8c5c2a6394b06a3a67be078fe535859e00d8c30c957f3,893,61.5148355267677,61.5148355267677,26.737786689102123,33.773155144412705,0.00021390105312097738,0.004258380616181055,0.05023060933261652
bfo-22d07ac0da0ea6fe26e8c5c2a6394b06a3a67be078fe535859e00d8c30c957f3,894,61.51483058490573,61.51483058490573,26.73804565780808,33.77367789653001,0.0002138928381598548,0.004258215277169976,0.05023063049597828
bfo-22d07ac0da0ea6fe26e8c5c2a6394b06a3a67be078fe535859e00d8c30c957f3,895,61.51482962412116,61.51482962412116,26.738086481756056,33.77376024843741,0.00021389130211259714,0.0042581845420485,0.050230632327104285
bfo-22d07ac0da0ea6fe26e8c5c2a6394b06a3a67be078fe535859e00d8c30c957f3,896,61.51482945088698,61.51482945088698,26.738291544964127,33.77417282352333,0.0002138843462402118,0.0042580497341154905,0.050230589024494156
bfo-22d07ac0da0ea6fe26e8c5c2a6394b06a3a67be078fe535859e00d8c30c957f3,897,61.51482894422455,61.51482894422455,26.738352903069828,33.77429771419418,0.00021388339631671976,0.004258009698552098,0.05023083822224479
bfo-22d07ac0da0ea6fe26e8c5c2a6394b06a3a67be078fe535859e00d8c30c957f3,898,61.51482849198375,61.51482849198375,26.738544970318493,33.77468417912774,0.00021387768991986788,0.004257886803422791,0.05023094783730227
bfo-22d07ac0da0ea6fe26e8c5c2a6394b06a3a67be078fe535859e00d8c30c957f3,899,61.51482805745006,61.51482805745006,26.738517427574504,33.77462830605339,0.00021387896614579954,0.004257905771216791,0.05023102380320617
bfo-22d07ac0da0ea6fe26e8c5c2a6394b06a3a67be078fe535859e00d8c30c957f3,900,61.51482648743179,61.51482648743179,26.738252159902704,33.77409381280418,0.00021388703748050864,0.004258074299329683,0.050230931271955326
bfo-22d07ac0da0ea6fe26e8c5c2a6394b06a3a67be078fe535859e00d8c30c957f3,901,61.514826659743164,61.514826659743164,26.73845037521435,33.774493338828236,0.00021388133487300386,0.004257942447309509,0.050231147442622276
bfo-22d07ac0da0ea6fe26e8c5c2a6394b06a3a67be078fe535859e00d8c30c957f3,902,61.514826524885045,61.514826524885045,26.738371323201967,33.77433442100123,0.00021388324797477542,0.004258001051188549,0.05023090539516742
bfo-22d07ac0da0ea6fe26e8c5c2a6394b06a3a67be078fe535859e00d8c30c957f3,903,61.51481661863599,61.51481661863599,26.738054806347684,33.77369904022631,0.00021389459701534437,0.004258204235284843,0.05023117379926151
bfo-22d07ac0da0ea6fe26e8c5c2a6394b06a3a67be078fe535859e00d8c30c957f3,904,61.514815936529935,61.514815936529935,26.73826934061103,33.774130216850224,0.00021388766257732732,0.004258064684851479,0.050231191493697966
bfo-22d07ac0da0ea6fe26e8c5c2a6394b06a3a67be078fe535859e00d8c30c957f3,905,61.514809644700044,61.514809644700044,26.738499804426034,33.77459584765049,0.00021388132737527516,0.004257918525947279,0.05023142788475314
bfo-22d07ac0da0ea6fe26e8c5c2a6394b06a3a67be078fe535859e00d8c30c957f3,906,61.514809481940055,61.514809481940055,26.738550334763353,33.774698056012895,0.0002138809237827669,0.004257882212094511,0.050231761502288225
bfo-22d07ac0da0ea6fe26e8c5c2a6394b06a3a67be078fe535859e00d8c30c957f3,907,61.51480619282366,61.51480619282366,26.73814448740483,33.773880456857576,0.00021389379827350358,0.004258145579867359,0.0502316781475955
bfo-22d07ac0da0ea6fe26e8c5c2a6394b06a3a67be078fe535859e00d8c30c957f3,908,61.51480524080337,61.51480524080337,26.738094092644904,33.77378055732372,0.00021389554030939068,0.004258178441375125,0.05023169959977436
bfo-22d07ac0da0ea6fe26e8c5c2a6394b06a3a67be078fe535859e00d8c30c957f3,909,61.51480481707539,61.51480481707539,26.738046313137414,33.77368129234788,0.0002138963171191738,0.004258209615375737,0.05023151428403788
bfo-22d07ac0da0ea6fe26e8c5c2a6394b06a3a67be078fe535859e00d8c30c957f3,910,61.51480055589038,61.51480055589038,26.737636928450964,33.77285943518927,0.0002139100826506499,0.004258475856798748,0.05023160629386636
bfo-22d07ac0da0ea6fe26e8c5c2a6394b06a3a67be078fe535859e00d8c30c957f3,911,61.5147954087314,61.5147954087314,26.737790019619776,33.77316873044859,0.00021390598949798197,0.0042583748148646355,0.05023183697952186
bfo-22d07ac0da0ea6fe26e8c5c2a6394b06a3a67be078fe535859e00d8c30c957f3,912,61.51478544517648,61.51478544517648,26.738031159770127,33.77365763245707,0.0002138996012580869,0.004258217788507383,0.05023218911803576
bfo-22d07ac0da0ea6fe26e8c5c2a6394b06a3a67be078fe535859e00d8c30c957f3,913,61.514779853999045,61.514779853999045,26.738234344208394,33.77406959904182,0.00021389396194378116,0.004258085158023215,0.05023242936810589
bfo-22d07ac0da0ea6fe26e8c5c2a6394b06a3a67be078fe535859e00d8c30c957f3,914,61.514779745861965,61.514779745861965,26.738181419299888,33.77396355333223,0.00021389570140045586,0.004258118697869985,0.05023244220680173
bfo-22d07ac0da0ea6fe26e8c5c2a6394b06a3a67be078fe535859e00d8c30c957f3,915,61.514777415538965,61.514777415538965,26.738295655963913,33.774194797520224,0.0002138914533265913,0.0042580475615056,0.0502322837490715
bfo-22d07ac0da0ea6fe26e8c5c2a6394b06a3a67be078fe535859e00d8c30c957f3,916,61.51478100953065,61.51478100953065,26.738669093367378,33.77494745579345,0.00021387988560659724,0.004257808857779416,0.05023238307558561
bfo-22d07ac0da0ea6fe26e8c5c2a6394b06a3a67be078fe535859e00d8c30c957f3,917,61.514776676978165,61.514776676978165,26.738208211340222,33.77401866777887,0.00021389429319648443,0.004258104887609938,0.050232274413640074
bfo-22d07ac0da0ea6fe26e8c5c2a6394b06a3a67be078fe535859e00d8c30c957f3,918,61.51476902434922,61.51476902434922,26.738055908345704,33.77371425744264,0.00021390069651995038,0.004258200496158755,0.0502326503209293
bfo-22d07ac0da0ea6fe26e8c5c2a6394b06a3a67be078fe535859e00d8c30c957f3,919,61.514762281145856,61.514762281145856,26.737861160391997,33.77332231142472,0.0002139067837262927,0.0042583241256442745,0.050232621429194074
bfo-22d07ac0da0ea6fe26e8c5c2a6394b06a3a67be078fe535859e00d8c30c957f3,920,61.51475521397438,61.51475521397438,26.737888610352986,33.77337854296596,0.00021390724292075304,0.004258303498583811,0.05023297258917604
bfo-22d07ac0da0ea6fe26e8c5c2a6394b06a3a67be078fe535859e00d8c30c957f3,921,61.51475244630839,61.51475244630839,26.737813529648708,33.773226063289485,0.00021390917930939088,0.004258351865798423,0.05023285676024891
bfo-22d07ac0da0ea6fe26e8c5c2a6394b06a3a67be078fe535859e00d8c30c957f3,922,61.51474774095065,61.51474774095065,26.738226826950644,33.77405834657454,0.00021389630954599256,0.0042580800957251475,0.05023304041667309
bfo-22d07ac0da0ea6fe26e8c5c2a6394b06a3a67be078fe535859e00d8c30c957f3,923,61.51474043111797,61.51474043111797,26.737676957868768,33.77295374138898,0.00021391640881681073,0.004258432810884186,0.05023359961675546
bfo-22d07ac0da0ea6fe26e8c5c2a6394b06a3a67be078fe535859e00d8c30c957f3,924,61.51474813583865,61.51474813583865,26.73716819110848,33.771930308263016,0.00021393264029612071,0.004258763096952338,0.050233515090148
bfo-22d07ac0da0ea6fe26e8c5c2a6394b06a3a67be078fe535859e00d8c30c957f3,925,61.514740223751105,61.514740223751105,26.737769042841155,33.77313953535574,0.00021391283935343178,0.004258372072926772,0.050233477885461016
bfo-22d07ac0da0ea6fe26e8c5c2a6394b06a3a67be078fe535859e00d8c30c957f3,926,61.51473336040662,61.51473336040662,26.738037759530883,33.77368360052049,0.0002139053287943508,0.004258195861275028,0.0502337928463209
bfo-22d07ac0da0ea6fe26e8c5c2a6394b06a3a67be078fe535859e00d8c30c957f3,927,61.51473011763015,61.51473011763015,26.737868942295812,33.77334303581767,0.0002139112084403764,0.004258299271505181,0.050233953698788573
bfo-22d07ac0da0ea6fe26e8c5c2a6394b06a3a67be078fe535859e00d8c30c957f3,928,61.51472471148885,61.51472471148885,26.737869326744807,33.77334430249018,0.00021391216048970756,0.004258295250211746,0.0502342247121241
bfo-22d07ac0da0ea6fe26e8c5c2a6394b06a3a67be078fe535859e00d8c30c957f3,929,61.514715786974975,61.514715786974975,26.738186291639778,33.77398400695059,0.00021390374312979364,0.004258088123618427,0.05023469146712329
bfo-22d07ac0da0ea6fe26e8c5c2a6394b06a3a67be078fe535859e00d8c30c957f3,930,61.51471048913076,61.51471048913076,26.73788823512153,33.77338590693515,0.00021391368232820247,0.004258282436458958,0.05023473325693393
bfo-22d07ac0da0ea6fe26e8c5c2a6394b06a3a67be078fe535859e00d8c30c957f3,931,61.51470616088146,61.51470616088146,26.738249599329194,33.77411521346616,0.00021390362517209927,0.00425804451193073,0.050235178277905954
bfo-22d07ac0da0ea6fe26e8c5c2a6394b06a3a67be078fe535859e00d8c30c957f3,932,61.514706098613885,61.514706098613885,26.737941986681893,33.77349510630826,0.00021391263664190106,0.004258241631213702,0.05023496907124333
bfo-22d07ac0da0ea6fe26e8c5c2a6394b06a3a67be078fe535859e00d8c30c957f3,933,61.51470529026435,61.51470529026435,26.73795526025616,33.773522284139986,0.00021391140922068642,0.004258233733700998,0.05023477399272953
bfo-22d07ac0da0ea6fe26e8c5c2a6394b06a3a67be078fe535859e00d8c30c957f3,934,61.51470067532301,61.51470067532301,26.738256295898726,33.774130722870254,0.00021390165203437878,0.004258043252717726,0.050234729743023294
bfo-22d07ac0da0ea6fe26e8c5c2a6394b06a3a67be078fe535859e00d8c30c957f3,935,61.51469873630885,61.51469873630885,26.738493965666756,33.77461069285029,0.000213895162908202,0.004257891986812092,0.05023499035924266
bfo-22d07ac0da0ea6fe26e8c5c2a6394b06a3a67be078fe535859e00d8c30c957f3,936,61.514687312474166,61.514687312474166,26.738568298803884,33.774764291465495,0.00021389497361156996,0.004257841530158144,0.050235541200056244
bfo-22d07ac0da0ea6fe26e8c5c2a6394b06a3a67be078fe535859e00d8c30c957f3,937,61.51467469918597,61.51467469918597,26.73887838913216,33.775390846036174,0.0002138882847210379,0.004257640097937792,0.05023634684966344
bfo-22d07ac0da0ea6fe26e8c5c2a6394b06a3a67be078fe535859e00d8c30c957f3,938,61.51465215834424,61.51465215834424,26.738703475062138,33.775043743284314,0.00021389744506842548,0.004257746414018593,0.050237243900710014
bfo-22d07ac0da0ea6fe26e8c5c2a6394b06a3a67be078fe535859e00d8c30c957f3,939,61.514627882383095,61.514627882383095,26.7390246174581,33.775699049611354,0.00021389186851292617,0.00425754151863801,0.050238351775686335
bfo-22d07ac0da0ea6fe26e8c5c2a6394b06a3a67be078fe535859e00d8c30c957f3,940,61.51458087899872,61.51458087899872,26.738928343041948,33.77552085905645,0.00021390296425750896,0.004257589325050896,0.050240393783153786
bfo-22d07ac0da0ea6fe26e8c5c2a6394b06a3a67be078fe535859e00d8c30c957f3,941,61.51448766091132,61.51448766091132,26.737596315120918,33.77286396056836,0.000213958323374244,0.0042584295549785494,0.050243480750809734
bfo-22d07ac0da0ea6fe26e8c5c2a6394b06a3a67be078fe535859e00d8c30c957f3,942,61.51443217336925,61.51443217336925,26.73490605207267,33.7674959018252,0.00021407230435519444,0.0042601081755978785,0.05025043861125681
bfo-22d07ac0da0ea6fe26e8c5c2a6394b06a3a67be078fe535859e00d8c30c957f3,943,61.51433231935772,61.51433231935772,26.735403953941404,33.76851220020706,0.0002140716851565603,0.004259749049945119,0.050254529702710604
bfo-22d07ac0da0ea6fe26e8c5c2a6394b06a3a67be078fe535859e00d8c30c957f3,944,61.51415953802891,61.51415953802891,26.73867984927505,33.775142056490154,0.0002139791245967765,0.0042576668913552,0.05025736631281357
bfo-22d07ac0da0ea6fe26e8c5c2a6394b06a3a67be078fe535859e00d8c30c957f3,945,61.51675246041574,61.51675246041574,26.75309796707085,33.804057462150354,0.0002134971438444254,0.0042482011052454565,0.05025589386077093
bfo-22d07ac0da0ea6fe26e8c5c2a6394b06a3a67be078fe535859e00d8c30c957f3,946,61.51416130280005,61.51416130280005,26.737716111555414,33.773200659999105,0.00021401111456925223,0.00425829881068725,0.050257420646981986
bfo-22d07ac0da0ea6fe26e8c5c2a6394b06a3a67be078fe535859e00d8c30c957f3,947,61.51461051493579,61.51461051493579,26.7317874789659,33.7612519480154,0.00021420421393730874,0.004262129616375764,0.050257555076293994
bfo-22d07ac0da0ea6fe26e8c5c2a6394b06a3a67be078fe535859e00d8c30c957f3,948,61.514162537263914,61.514162537263914,26.73885850236362,33.775500980125976,0.000213974407621938,0.004257556557646009,0.05025756081564394
bfo-22d07ac0da0ea6fe26e8c5c2a6394b06a3a67be078fe535859e00d8c30c957f3,949,61.51417800123746,61.51417800123746,26.73946121596304,33.77671662161876,0.000213958146314862,0.004257144620219671,0.05025860415891195
bfo-22d07ac0da0ea6fe26e8c5c2a6394b06a3a67be078fe535859e00d8c30c957f3,950,61.51415797187478,61.51415797187478,26.738495842095848,33.77477057819037,0.00021398431375037246,0.004257787072584921,0.050257166481662896
bfo-22d07ac0da0ea6fe26e8c5c2a6394b06a3a67be078fe535859e00d8c30c957f3,951,61.51415947273691,61.51415947273691,26.73858907520723,33.77495959610447,0.00021397988767655362,0.0042577235293563285,0.05025687699100147
bfo-22d07ac0da0ea6fe26e8c5c2a6394b06a3a67be078fe535859e00d8c30c957f3,952,61.51415686587124,61.51415686587124,26.738408867983914,33.774596316946415,0.00021398732609047644,0.004257845247903917,0.050257187293460154
bfo-22d07ac0da0ea6fe26e8c5c2a6394b06a3a67be078fe535859e00d8c30c957f3,953,61.51415570532862,61.51415570532862,26.738508196275788,33.774798114096846,0.00021398536486632477,0.00425777946634917,0.05025750313221515
bfo-22d07ac0da0ea6fe26e8c5c2a6394b06a3a67be078fe535859e00d8c30c957f3,954,61.5141567135642,61.5141567135642,26.73865688240616,33.775098072633696,0.00021398050690971414,0.004257682655410669,0.05025750489830129
bfo-22d07ac0da0ea6fe26e8c5c2a6394b06a3a67be078fe535859e00d8c30c957f3,955,61.51415684907202,61.51415684907202,26.738581036632894,33.7749442702244,0.00021398240154794958,0.004257732407734388,0.0502573626184773
bfo-22d07ac0da0ea6fe26e8c5c2a6394b06a3a67be078fe535859e00d8c30c957f3,956,61.51415528283469,61.51415528283469,26.738535945221894,33.77485436905571,0.0002139844683130322,0.004257765370811808,0.05025745894312462
bfo-22d07ac0da0ea6fe26e8c5c2a6394b06a3a67be078fe535859e00d8c30c957f3,957,61.51415594604814,61.51415594604814,26.738566169094646,33.77491219863224,0.00021398307477894682,0.0042577452473172,0.05025736918238058
bfo-22d07ac0da0ea6fe26e8c5c2a6394b06a3a67be078fe535859e00d8c30c957f3,958,61.51415560836155,61.51415560836155,26.738556583694393,33.774895766086715,0.00021398350699573286,0.004257750131229109,0.050257413046913814
bfo-22d07ac0da0ea6fe26e8c5c2a6394b06a3a67be078fe535859e00d8c30c957f3,959,61.514154865976835,61.514154865976835,26.738491692636817,33.77476420703721,0.00021398495729730766,0.004257797780055053,0.05025719124090032
bfo-22d07ac0da0ea6fe26e8c5c2a6394b06a3a67be078fe535859e00d8c30c957f3,960,61.514150239445335,61.514150239445335,26.738069138745537,33.77391193018362,0.00021399949021060335,0.004258071592239179,0.050257372515915846
bfo-22d07ac0da0ea6fe26e8c5c2a6394b06a3a67be078fe535859e00d8c30c957f3,961,61.514154051209964,61.514154051209964,26.737682871830145,33.773133754147125,0.000214012030053117,0.004258316862876893,0.050257422579054335
bfo-22d07ac0da0ea6fe26e8c5c2a6394b06a3a67be078fe535859e00d8c30c957f3,962,61.51415024186679,61.51415024186679,26.7381540559961,33.77408266317746,0.00021399655560237142,0.004258015256031534,0.050257348256148804
bfo-22d07ac0da0ea6fe26e8c5c2a6394b06a3a67be078fe535859e00d8c30c957f3,963,61.51415411709303,61.51415411709303,26.737670679162246,33.773108255561695,0.00021401185610692258,0.004258323128859037,0.05025730777839406
bfo-22d07ac0da0ea6fe26e8c5c2a6394b06a3a67be078fe535859e00d8c30c957f3,964,61.5141500473534,61.5141500473534,26.73808149350127,33.77393740848566,0.00021399954924352944,0.004258063396487669,0.050257483113109666
bfo-22d07ac0da0ea6fe26e8c5c2a6394b06a3a67be078fe535859e00d8c30c957f3,965,61.514150436009444,61.514150436009444,26.73773838577372,33.77324645983701,0.00021401017199207617,0.004258283358036281,0.05025738167193447
bfo-22d07ac0da0ea6fe26e8c5c2a6394b06a3a67be078fe535859e00d8c30c957f3,966,61.514149436947946,61.514149436947946,26.73817579022352,33.77412710320332,0.00021399671072328116,0.004258003094936395,0.0502575282243842
bfo-22d07ac0da0ea6fe26e8c5c2a6394b06a3a67be078fe535859e00d8c30c957f3,967,61.514150533672606,61.514150533672606,26.737866143775886,33.773503118582745,0.00021400629730161406,0.004258201348051798,0.050257439658067296
bfo-22d07ac0da0ea6fe26e8c5c2a6394b06a3a67be078fe535859e00d8c30c957f3,968,61.51414954698117,61.51414954698117,26.73816011045595,33.7740952725774,0.00021399736042791514,0.004258013868545516,0.05025755364695746
bfo-22d07ac0da0ea6fe26e8c5c2a6394b06a3a67be078fe535859e00d8c30c957f3,969,61.51415013886421,61.51415013886421,26.73798949193345,33.77375354448611,0.00021400185879766982,0.004258122676002854,0.0502573258407284
bfo-22d07ac0da0ea6fe26e8c5c2a6394b06a3a67be078fe535859e00d8c30c957f3,970,61.51415015947093,61.51415015947093,26.73805620181269,33.77388579783308,0.0002140000176368757,0.004258079668571122,0.05025740105719709
bfo-22d07ac0da0ea6fe26e8c5c2a6394b06a3a67be078fe535859e00d8c30c957f3,971,61.514151218048575,61.514151218048575,26.737881228262776,33.77353245077261,0.00021400512954661613,0.004258190294150879,0.05025729588472763
bfo-22d07ac0da0ea6fe26e8c5c2a6394b06a3a67be078fe535859e00d8c30c957f3,972,61.514149618838005,61.514149618838005,26.73814113369508,33.774057425558425,0.00021399754008192775,0.004258028814393156,0.05025741943280536
bfo-22d07ac0da0ea6fe26e8c5c2a6394b06a3a67be078fe535859e00d8c30c957f3,973,61.51414902622747,61.51414902622747,26.738198754392084,33.7741747245218,0.00021399659350379327,0.00425798723613329,0.05025768787839889
bfo-22d07ac0da0ea6fe26e8c5c2a6394b06a3a67be078fe535859e00d8c30c957f3,974,61.51414895837031,61.51414895837031,26.73822597082599,33.77423024847045,0.0002139953979149217,0.004257968396042454,0.050257629463341856
bfo-22d07ac0da0ea6fe26e8c5c2a6394b06a3a67be078fe535859e00d8c30c957f3,975,61.51414957235633,61.51414957235633,26.738264750489435,33.77431018878277,0.00021399447093464028,0.004257943118104595,0.05025771011941066
bfo-22d07ac0da0ea6fe26e8c5c2a6394b06a3a67be078fe535859e00d8c30c957f3,976,61.514148197259914,61.514148197259914,26.738083846933154,33.77394351237053,0.00021399978507928523,0.004258060835577695,0.05025756872500195
bfo-22d07ac0da0ea6fe26e8c5c2a6394b06a3a67be078fe535859e00d8c30c957f3,977,61.51414830986618,61.51414830986618,26.737888132585933,33.77354853173129,0.00021400659300843837,0.004258186662061188,0.050257682434439795
bfo-22d07ac0da0ea6fe26e8c5c2a6394b06a3a67be078fe535859e00d8c30c957f3,978,61.51414789130322,61.51414789130322,26.7380342567315,33.773842849601365,0.0002140010313360891,0.00425809173931961,0.05025749665278085
bfo-22d07ac0da0ea6fe26e8c5c2a6394b06a3a67be078fe535859e00d8c30c957f3,979,61.51414882186158,61.51414882186158,26.738209341384334,33.77419679666971,0.00021399698828738844,0.004257977862562725,0.05025789123257472
bfo-22d07ac0da0ea6fe26e8c5c2a6394b06a3a67be078fe535859e00d8c30c957f3,980,61.51414788607437,61.51414788607437,26.73804469464333,33.7738641606999,0.00021400048726641726,0.004258084618107778,0.05025745292997853
bfo-22d07ac0da0ea6fe26e8c5c2a6394b06a3a67be078fe535859e00d8c30c957f3,981,61.51414811780043,61.51414811780043,26.737867545452197,33.7735093467899,0.00021400636231879775,0.004258203884423851,0.050257424991230426
bfo-22d07ac0da0ea6fe26e8c5c2a6394b06a3a67be078fe535859e00d8c30c957f3,982,61.51414794311488,61.51414794311488,26.737959485748892,33.77369319183179,0.00021400302725221553,0.004258140301307839,0.0502573922203754
bfo-22d07ac0da0ea6fe26e8c5c2a6394b06a3a67be078fe535859e00d8c30c957f3,983,61.514148232921215,61.514148232921215,26.737949060870463,33.77367396842793,0.0002140035104450403,0.004258152013777702,0.05025736745719957
bfo-22d07ac0da0ea6fe26e8c5c2a6394b06a3a67be078fe535859e00d8c30c957f3,984,61.51414725611741,61.51414725611741,26.737905950707745,33.773584634473096,0.00021400573117702197,0.004258171898406902,0.05025765428988138
bfo-22d07ac0da0ea6fe26e8c5c2a6394b06a3a67be078fe535859e00d8c30c957f3,985,61.51415685622557,61.51415685622557,26.738017828793446,33.77380680214999,0.00021400077455640756,0.004258101651795051,0.050257319354081904
bfo-22d07ac0da0ea6fe26e8c5c2a6394b06a3a67be078fe535859e00d8c30c957f3,986,61.51414582379999,61.51414582379999,26.737910501347784,33.773593968830234,0.00021400598093135873,0.004258167475004985,0.050257765150749076
bfo-22d07ac0da0ea6fe26e8c5c2a6394b06a3a67be078fe535859e00d8c30c957f3,987,61.51415058740974,61.51415058740974,26.738783196898677,33.775351011167956,0.00021397784757769972,0.004257601221744037,0.050257841548168335
bfo-22d07ac0da0ea6fe26e8c5c2a6394b06a3a67be078fe535859e00d8c30c957f3,988,61.514142696297185,61.514142696297185,26.737929312997995,33.77363284928293,0.00021400581612433033,0.004258156599566882,0.050257854806490185
bfo-22d07ac0da0ea6fe26e8c5c2a6394b06a3a67be078fe535859e00d8c30c957f3,989,61.51413597492229,61.51413597492229,26.737443811307248,33.77265788574595,0.0002140233734216384,0.004258475000007304,0.050258220001590075
bfo-22d07ac0da0ea6fe26e8c5c2a6394b06a3a67be078fe535859e00d8c30c957f3,990,61.51413549980809,61.51413549980809,26.7373285127488,33.772427047968655,0.00021402768512929232,0.004258545686407252,0.05025839826315403
bfo-22d07ac0da0ea6fe26e8c5c2a6394b06a3a67be078fe535859e00d8c30c957f3,991,61.51413258888851,61.51413258888851,26.737380827191767,33.77253209016411,0.00021402503915358447,0.004258514788330153,0.050258141580273315
bfo-22d07ac0da0ea6fe26e8c5c2a6394b06a3a67be078fe535859e00d8c30c957f3,992,61.51413683536296,61.51413683536296,26.736889613339745,33.77154380830453,0.0002140419492193864,0.004258835115139126,0.050258332016311025
bfo-22d07ac0da0ea6fe26e8c5c2a6394b06a3a67be078fe535859e00d8c30c957f3,993,61.51413800147317,61.51413800147317,26.737155356085267,33.77207771004624,0.0002140315347473887,0.004258661552579432,0.05025793482408851
bfo-22d07ac0da0ea6fe26e8c5c2a6394b06a3a67be078fe535859e00d8c30c957f3,994,61.51412766269585,61.51412766269585,26.737403272258675,33.77257900213862,0.00021402583992219377,0.004258498170021852,0.05025852574714046
bfo-22d07ac0da0ea6fe26e8c5c2a6394b06a3a67be078fe535859e00d8c30c957f3,995,61.51412423278752,61.51412423278752,26.737552916657567,33.77288020616445,0.00021402196740584782,0.004258405295828482,0.05025871248457795
bfo-22d07ac0da0ea6fe26e8c5c2a6394b06a3a67be078fe535859e00d8c30c957f3,996,61.514119474157,61.514119474157,26.73779023803164,33.773357868687704,0.000214014749040442,0.004258248570341101,0.050258867115241856
bfo-22d07ac0da0ea6fe26e8c5c2a6394b06a3a67be078fe535859e00d8c30c957f3,997,61.51411762323625,61.51411762323625,26.737448723512543,33.77267160367077,0.00021402741534349383,0.004258469716609645,0.050259231504853924
bfo-22d07ac0da0ea6fe26e8c5c2a6394b06a3a67be078fe535859e00d8c30c957f3,998,61.51410861056691,61.51410861056691,26.73768368466354,33.773146811854865,0.0002140206764795581,0.004258321067141163,0.05025940343743069
bfo-22d07ac0da0ea6fe26e8c5c2a6394b06a3a67be078fe535859e00d8c30c957f3,999,61.514107179466045,61.514107179466045,26.737563656792858,33.77290477123721,0.00021402419050077018,0.00425839762161734,0.05025932510724158
bfo-22d07ac0da0ea6fe26e8c5c2a6394b06a3a67be078fe535859e00d8c30c957f3,1000,61.51410646536671,61.51410646536671,26.737337981868173,33.77245221446248,0.00021403271431750194,0.004258543430238489,0.05025960585436969
bfo-22d07ac0da0ea6fe26e8c5c2a6394b06a3a67be078fe535859e00d8c30c957f3,1001,61.514100894341844,61.514100894341844,26.73760941628566,33.7729997106798,0.00021402470330446357,0.004258364930823835,0.05025983136279909
bfo-22d07ac0da0ea6fe26e8c5c2a6394b06a3a67be078fe535859e00d8c30c957f3,1002,61.51409623715723,61.51409623715723,26.73778684754686,33.77335717200622,0.0002140197425223059,0.004258255341668387,0.050259959854463035
bfo-22d07ac0da0ea6fe26e8c5c2a6394b06a3a67be078fe535859e00d8c30c957f3,1003,61.514094601303725,61.514094601303725,26.737857144369503,33.77349711413173,0.0002140167125478968,0.0042582071641583666,0.05025981693640712
bfo-22d07ac0da0ea6fe26e8c5c2a6394b06a3a67be078fe535859e00d8c30c957f3,1004,61.51409207224639,61.51409207224639,26.738700294925042,33.775196006822576,0.00021399089118240104,0.004257659639678314,0.05026021553910989
bfo-22d07ac0da0ea6fe26e8c5c2a6394b06a3a67be078fe535859e00d8c30c957f3,1005,61.514083125750304,61.514083125750304,26.738471041542805,33.77473675087638,0.00021399979023919253,0.0042578113561607765,0.05026051469601835
bfo-22d07ac0da0ea6fe26e8c5c2a6394b06a3a67be078fe535859e00d8c30c957f3,1006,61.514080197937076,61.514080197937076,26.73855523990453,33.77490659304529,0.0002139970777387965,0.004257761455435534,0.05026046667447845
bfo-22d07ac0da0ea6fe26e8c5c2a6394b06a3a67be078fe535859e00d8c30c957f3,1007,61.5140730038986,61.5140730038986,26.738384162439683,33.77456361363264,0.0002140045098837525,0.004257871354890776,0.050260914914194765
bfo-22d07ac0da0ea6fe26e8c5c2a6394b06a3a67be078fe535859e00d8c30c957f3,1008,61.51407011658036,61.51407011658036,26.73815242642171,33.77409818310933,0.00021401158410413616,0.004258020209138849,0.05026081925229244
bfo-22d07ac0da0ea6fe26e8c5c2a6394b06a3a67be078fe535859e00d8c30c957f3,1009,61.51406808626801,61.51406808626801,26.737884907308942,33.77356011174585,0.00021402058364429453,0.004258185569772365,0.05026098091251943
bfo-22d07ac0da0ea6fe26e8c5c2a6394b06a3a67be078fe535859e00d8c30c957f3,1010,61.514066263817384,61.514066263817384,26.73809575741574,33.77398573227453,0.00021401430688068726,0.00425804829336267,0.05026112719629953
bfo-22d07ac0da0ea6fe26e8c5c2a6394b06a3a67be078fe535859e00d8c30c957f3,1011,61.51406577009803,61.51406577009803,26.738223553881326,33.77424540640178,0.00021401126004829294,0.00425796671021077,0.05026137464510599
bfo-22d07ac0da0ea6fe26e8c5c2a6394b06a3a67be078fe535859e00d8c30c957f3,1012,61.51406310400503,61.51406310400503,26.738046782030125,33.77389114256995,0.0002140175355801016,0.00425807916544148,0.050261521043823094
bfo-22d07ac0da0ea6fe26e8c5c2a6394b06a3a67be078fe535859e00d8c30c957f3,1013,61.514055728726525,61.514055728726525,26.73787002368288,33.7735370697862,0.00021402529495080828,0.004258195077490316,0.05026197509883694
bfo-22d07ac0da0ea6fe26e8c5c2a6394b06a3a67be078fe535859e00d8c30c957f3,1014,61.514050283055255,61.514050283055255,26.737471242217445,33.77273656739067,0.00021403913205380535,0.0042584547907816295,0.050262159062282534
bfo-22d07ac0da0ea6fe26e8c5c2a6394b06a3a67be078fe535859e00d8c30c957f3,1015,61.51404351990055,61.51404351990055,26.737346162747453,33.7724862984402,0.0002140448279079794,0.004258535851236344,0.05026253984590445
bfo-22d07ac0da0ea6fe26e8c5c2a6394b06a3a67be078fe535859e00d8c30c957f3,1016,61.51404378508853,61.51404378508853,26.736942036133005,33.77167485069858,0.00021405988392518636,0.004258800555663281,0.05026295106506764
bfo-22d07ac0da0ea6fe26e8c5c2a6394b06a3a67be078fe535859e00d8c30c957f3,1017,61.51404132450033,61.51404132450033,26.737458233154044,33.77271206699942,0.00021404103689984588,0.004258462334786895,0.050262517329640086
bfo-22d07ac0da0ea6fe26e8c5c2a6394b06a3a67be078fe535859e00d8c30c957f3,1018,61.5140392322446,61.5140392322446,26.73738169127611,33.772558220494126,0.0002140437338870293,0.004258510954261017,0.05026257679878917
bfo-22d07ac0da0ea6fe26e8c5c2a6394b06a3a67be078fe535859e00d8c30c957f3,1019,61.51403617439803,61.51403617439803,26.73751596164398,33.77283033374137,0.00021404064825906901,0.0042584224122829825,0.05026289727427949
bfo-22d07ac0da0ea6fe26e8c5c2a6394b06a3a67be078fe535859e00d8c30c957f3,1020,61.51403882262088,61.51403882262088,26.737298084094377,33.772391342087516,0.0002140468368280699,0.0042585617266598695,0.050262706182717214
bfo-22d07ac0da0ea6fe26e8c5c2a6394b06a3a67be078fe535859e00d8c30c957f3,1021,61.51403704552646,61.51403704552646,26.737464196381215,33.77272609827063,0.00021404220352109243,0.0042584541094657395,0.05026288836724036
bfo-22d07ac0da0ea6fe26e8c5c2a6394b06a3a67be078fe535859e00d8c30c957f3,1022,61.514032974087854,61.514032974087854,26.737603186589357,33.77300628660842,0.00021403889286431766,0.0042583672828671775,0.050263135762259645
bfo-22d07ac0da0ea6fe26e8c5c2a6394b06a3a67be078fe535859e00d8c30c957f3,1023,61.51402831663848,61.51402831663848,26.73782554468633,33.7734556980122,0.00021403298555474807,0.00425822274775449,0.05026345455216385
bfo-22d07ac0da0ea6fe26e8c5c2a6394b06a3a67be078fe535859e00d8c30c957f3,1024,61.51402724254418,61.51402724254418,26.73804910820125,33.77390624507447,0.00021402614403241056,0.004258077941074028,0.050263557171625214
bfo-22d07ac0da0ea6fe26e8c5c2a6394b06a3a67be078fe535859e00d8c30c957f3,1025,61.514021346320405,61.514021346320405,26.73799279291969,33.77379463366929,0.0002140283760646897,0.004258114534808368,0.05026364939578165
bfo-22d07ac0da0ea6fe26e8c5c2a6394b06a3a67be078fe535859e00d8c30c957f3,1026,61.514017779453184,61.514017779453184,26.73828788618171,33.77438927317197,0.0002140200256149623,0.004257922183421373,0.05026395889719867
bfo-22d07ac0da0ea6fe26e8c5c2a6394b06a3a67be078fe535859e00d8c30c957f3,1027,61.514012901790466,61.514012901790466,26.738167976602657,33.77414914049233,0.00021402517174976137,0.004258000931124921,0.050264237892784606
bfo-22d07ac0da0ea6fe26e8c5c2a6394b06a3a67be078fe535859e00d8c30c957f3,1028,61.514005839710244,61.514005839710244,26.73810893969201,33.77403251651284,0.00021402871033004053,0.004258040164263444,0.05026460579830233
bfo-22d07ac0da0ea6fe26e8c5c2a6394b06a3a67be078fe535859e00d8c30c957f3,1029,61.5140070312046,61.5140070312046,26.7383335234594,33.774484139811,0.00021402171847748132,0.004257900946361827,0.05026460717935504
bfo-22d07ac0da0ea6fe26e8c5c2a6394b06a3a67be078fe535859e00d8c30c957f3,1030,61.51400572421847,61.51400572421847,26.738172017134893,33.77415917806374,0.000214027083703433,0.004257999493538128,0.05026470388928817
bfo-22d07ac0da0ea6fe26e8c5c2a6394b06a3a67be078fe535859e00d8c30c957f3,1031,61.514007417601235,61.514007417601235,26.738859732652433,33.77554515274214,0.00021400631881293534,0.004257548906757213,0.0502651463317974
bfo-22d07ac0da0ea6fe26e8c5c2a6394b06a3a67be078fe535859e00d8c30c957f3,1032,61.51400516587525,61.51400516587525,26.738185474141062,33.77418651388924,0.00021402700199922657,0.004257990451024879,0.05026479144585946
bfo-22d07ac0da0ea6fe26e8c5c2a6394b06a3a67be078fe535859e00d8c30c957f3,1033,61.514004124794944,61.514004124794944,26.73806744274468,33.77394709138517,0.0002140310232414909,0.0042580650576683286,0.05026485512616663
bfo-22d07ac0da0ea6fe26e8c5c2a6394b06a3a67be078fe535859e00d8c30c957f3,1034,61.51400304070547,61.51400304070547,26.738117424614373,33.774048449796524,0.0002140295108768245,0.0042580315723020215,0.050264895232120986
bfo-22d07ac0da0ea6fe26e8c5c2a6394b06a3a67be078fe535859e00d8c30c957f3,1035,61.51399955572674,61.51399955572674,26.73786150949071,33.773533570501314,0.00021403791568357794,0.00425819541582208,0.0502649349741635
bfo-22d07ac0da0ea6fe26e8c5c2a6394b06a3a67be078fe535859e00d8c30c957f3,1036,61.51399663060337,61.51399663060337,26.737718237750244,33.77324762072083,0.00021404441193413257,0.004258287750394985,0.050265370609179356
bfo-22d07ac0da0ea6fe26e8c5c2a6394b06a3a67be078fe535859e00d8c30c957f3,1037,61.51399393755988,61.51399393755988,26.737836355272126,33.773486788050114,0.00021404154420113123,0.0042582138492118365,0.05026556950415929
bfo-22d07ac0da0ea6fe26e8c5c2a6394b06a3a67be078fe535859e00d8c30c957f3,1038,61.51399174323522,61.51399174323522,26.737704992627076,33.77322279411375,0.00021404611634680688,0.004258299626984727,0.050265630673427146
bfo-22d07ac0da0ea6fe26e8c5c2a6394b06a3a67be078fe535859e00d8c30c957f3,1039,61.51399047609869,61.51399047609869,26.73761299265219,33.77303770832985,0.00021405000903227232,0.004258354568676367,0.0502658962705414
bfo-22d07ac0da0ea6fe26e8c5c2a6394b06a3a67be078fe535859e00d8c30c957f3,1040,61.51398969669012,61.51398969669012,26.737362278584513,33.77253374808975,0.0002140580899843361,0.004258516446497163,0.050265883124722764
bfo-22d07ac0da0ea6fe26e8c5c2a6394b06a3a67be078fe535859e00d8c30c957f3,1041,61.51398544855657,61.51398544855657,26.737548016136444,33.77290776330349,0.00021405354530770821,0.004258395521926562,0.050266243284716586
bfo-22d07ac0da0ea6fe26e8c5c2a6394b06a3a67be078fe535859e00d8c30c957f3,1042,61.51398403744216,61.51398403744216,26.73735889077863,33.77252747318064,0.00021406000030947762,0.004258518130515564,0.050266311836404495
bfo-22d07ac0da0ea6fe26e8c5c2a6394b06a3a67be078fe535859e00d8c30c957f3,1043,61.51398167569375,61.51398167569375,26.737366582203798,33.77254419499374,0.00021406007008779648,0.0042585110916155385,0.05026641130728843
bfo-22d07ac0da0ea6fe26e8c5c2a6394b06a3a67be078fe535859e00d8c30c957f3,1044,61.51397411483099,61.51397411483099,26.737727685277896,33.77327198300099,0.00021404791921019955,0.004258280909065875,0.05026627500184212
bfo-22d07ac0da0ea6fe26e8c5c2a6394b06a3a67be078fe535859e00d8c30c957f3,1045,61.51397623995274,61.51397623995274,26.737484923618872,33.77278240892629,0.00021405701180856465,0.0042584327599516445,0.0502666177617409
bfo-22d07ac0da0ea6fe26e8c5c2a6394b06a3a67be078fe535859e00d8c30c957f3,1046,61.51397487037686,61.51397487037686,26.737693502444486,33.77320268348769,0.00021404879624435663,0.004258303528584053,0.05026621395293795
bfo-22d07ac0da0ea6fe26e8c5c2a6394b06a3a67be078fe535859e00d8c30c957f3,1047,61.5139719583302,61.5139719583302,26.737838258348486,33.77349665531945,0.00021404506466351272,0.004258209351703316,0.05026644934164476
bfo-22d07ac0da0ea6fe26e8c5c2a6394b06a3a67be078fe535859e00d8c30c957f3,1048,61.51396592508097,61.51396592508097,26.738577629126134,33.774987823590386,0.00021402297359283785,0.004257727364643424,0.050266951183888645
bfo-22d07ac0da0ea6fe26e8c5c2a6394b06a3a67be078fe535859e00d8c30c957f3,1049,61.51397032932049,61.51397032932049,26.738930347825793,33.77569722053077,0.00021401231742777742,0.004257500629896924,0.05026712525300525
bfo-22d07ac0da0ea6fe26e8c5c2a6394b06a3a67be078fe535859e00d8c30c957f3,1050,61.51396592192512,61.51396592192512,26.738573372348704,33.774980378599096,0.00021402307390140359,0.004257729569721731,0.05026694870980059
bfo-22d07ac0da0ea6fe26e8c5c2a6394b06a3a67be078fe535859e00d8c30c957f3,1051,61.513965702910056,61.513965702910056,26.73862715993949,33.77508824156917,0.00021402155243719406,0.004257692766697876,0.050267025866965506
bfo-22d07ac0da0ea6fe26e8c5c2a6394b06a3a67be078fe535859e00d8c30c957f3,1052,61.51395352294537,61.51395352294537,26.738245777154365,33.7743229130338,0.00021403557842531804,0.004257945258717402,0.05026733915545707
bfo-22d07ac0da0ea6fe26e8c5c2a6394b06a3a67be078fe535859e00d8c30c957f3,1053,61.51394813458829,61.51394813458829,26.738288420539313,33.77441065895877,0.0002140351726624264,0.004257924596688839,0.05026748778709472
bfo-22d07ac0da0ea6fe26e8c5c2a6394b06a3a67be078fe535859e00d8c30c957f3,1054,61.513942168527294,61.513942168527294,26.738076540287068,33.773985102588625,0.000214042250708375,0.004258061982932999,0.05026752817744103
bfo-22d07ac0da0ea6fe26e8c5c2a6394b06a3a67be078fe535859e00d8c30c957f3,1055,61.5139406082696,61.5139406082696,26.737970676611074,33.77377154945464,0.0002140455364705878,0.00425813079820846,0.050267487452626866
bfo-22d07ac0da0ea6fe26e8c5c2a6394b06a3a67be078fe535859e00d8c30c957f3,1056,61.513937516472424,61.513937516472424,26.73801755633264,33.77386866746173,0.00021404579471349846,0.004258102366162811,0.05026788374427594
bfo-22d07ac0da0ea6fe26e8c5c2a6394b06a3a67be078fe535859e00d8c30c957f3,1057,61.51393656364294,61.51393656364294,26.737883966432474,33.77360026019139,0.00021405017192762995,0.004258189381780763,0.05026788447772484
bfo-22d07ac0da0ea6fe26e8c5c2a6394b06a3a67be078fe535859e00d8c30c957f3,1058,61.51393246673503,61.51393246673503,26.73772605367437,33.77328371078051,0.00021405704780009738,0.00425829034732211,0.05026830731133925
bfo-22d07ac0da0ea6fe26e8c5c2a6394b06a3a67be078fe535859e00d8c30c957f3,1059,61.5139287345466,61.5139287345466,26.73760369506039,33.77303895437263,0.00021406087728397124,0.0042583731900880765,0.0502682286705698
bfo-22d07ac0da0ea6fe26e8c5c2a6394b06a3a67be078fe535859e00d8c30c957f3,1060,61.513925448744516,61.513925448744516,26.73735367542222,33.77253741976425,0.00021406895694573545,0.004258536603376826,0.0502681970083311
bfo-22d07ac0da0ea6fe26e8c5c2a6394b06a3a67be078fe535859e00d8c30c957f3,1061,61.51392259312027,61.51392259312027,26.737217857364122,33.77226620058799,0.00021407476159819255,0.004258622535386694,0.050268545713867546
bfo-22d07ac0da0ea6fe26e8c5c2a6394b06a3a67be078fe535859e00d8c30c957f3,1062,61.513914905422695,61.513914905422695,26.73734904557112,33.77253251047168,0.00021407112538822848,0.0042585415088083264,0.050268648302581015
bfo-22d07ac0da0ea6fe26e8c5c2a6394b06a3a67be078fe535859e00d8c30c957f3,1063,61.513903927788036,61.513903927788036,26.73746646806985,33.77277119866049,0.00021406915418651138,0.004258471785162565,0.05026900845800471
bfo-22d07ac0da0ea6fe26e8c5c2a6394b06a3a67be078fe535859e00d8c30c957f3,1064,61.513883818501455,61.513883818501455,26.73753546977473,33.7729148885149,0.00021407131714886436,0.00425843698701726,0.05026992715907404
bfo-22d07ac0da0ea6fe26e8c5c2a6394b06a3a67be078fe535859e00d8c30c957f3,1065,61.51384362809966,61.51384362809966,26.738104132526647,33.774068679656814,0.0002140600997843533,0.004258081412212304,0.05027149062261294
bfo-22d07ac0da0ea6fe26e8c5c2a6394b06a3a67be078fe535859e00d8c30c957f3,1066,61.51380290807259,61.51380290807259,26.738721272431516,33.77533809603832,0.0002140486123508964,0.0042576959837975345,0.05027334341518242
bfo-22d07ac0da0ea6fe26e8c5c2a6394b06a3a67be078fe535859e00d8c30c957f3,1067,61.51409866063189,61.51409866063189,26.743707701840535,33.78538252894355,0.00021390216415105473,0.004254450767573304,0.05027726863861733
bfo-22d07ac0da0ea6fe26e8c5c2a6394b06a3a67be078fe535859e00d8c30c957f3,1068,61.51380274221473,61.51380274221473,26.73861623407458,33.775124609716904,0.00021405046601334697,0.0042577731311046465,0.05027286786363209
bfo-22d07ac0da0ea6fe26e8c5c2a6394b06a3a67be078fe535859e00d8c30c957f3,1069,61.513819085386075,61.513819085386075,26.737057501017254,33.77198593324817,0.0002140983392705067,0.004258783698269509,0.05027217967362424
bfo-22d07ac0da0ea6fe26e8c5c2a6394b06a3a67be078fe535859e00d8c30c957f3,1070,61.51379870480979,61.51379870480979,26.73795106705085,33.77378355097573,0.00021407238500624387,0.0042581996214823125,0.050272980140776864
bfo-22d07ac0da0ea6fe26e8c5c2a6394b06a3a67be078fe535859e00d8c30c957f3,1071,61.513811079762576,61.513811079762576,26.736839128748063,33.7715448359933,0.0002141088635675885,0.004258925840286865,0.05027297295065531
bfo-22d07ac0da0ea6fe26e8c5c2a6394b06a3a67be078fe535859e00d8c30c957f3,1072,61.51379869163103,61.51379869163103,26.737994129819267,33.77387078404332,0.00021407122369297878,0.004258172122067008,0.05027303207956376
bfo-22d07ac0da0ea6fe26e8c5c2a6394b06a3a67be078fe535859e00d8c30c957f3,1073,61.513797924189646,61.513797924189646,26.737730971252958,33.773341370844804,0.00021408078407610722,0.004258338768903329,0.050273309779729075
bfo-22d07ac0da0ea6fe26e8c5c2a6394b06a3a67be078fe535859e00d8c30c957f3,1074,61.51379876423661,61.51379876423661,26.737748680101085,33.77337644005909,0.0002140803778084047,0.004258330921846107,0.05027330701569684
bfo-22d07ac0da0ea6fe26e8c5c2a6394b06a3a67be078fe535859e00d8c30c957f3,1075,61.51379803850493,61.51379803850493,26.737792384226513,33.77346517028114,0.0002140785877392527,0.004258299234748596,0.050273260740421315
bfo-22d07ac0da0ea6fe26e8c5c2a6394b06a3a67be078fe535859e00d8c30c957f3,1076,61.513806118595085,61.513806118595085,26.73724985845614,33.77237058995534,0.0002140952256815598,0.0042586523704231175,0.05027299884077845
bfo-22d07ac0da0ea6fe26e8c5c2a6394b06a3a67be078fe535859e00d8c30c957f3,1077,61.513798895976464,61.513798895976464,26.737614871277458,33.7731062142345,0.00021408428416493154,0.004258413157110393,0.0502732535022979
bfo-22d07ac0da0ea6fe26e8c5c2a6394b06a3a67be078fe535859e00d8c30c957f3,1078,61.51379851524716,61.51379851524716,26.73752666969213,33.77293001563909,0.00021408875009062023,0.004258468836886594,0.05027364489231357
bfo-22d07ac0da0ea6fe26e8c5c2a6394b06a3a67be078fe535859e00d8c30c957f3,1079,61.51379874952913,61.51379874952913,26.73763708719691,33.77315158259149,0.00021408294636946984,0.004258399610670972,0.050273099272554654
bfo-22d07ac0da0ea6fe26e8c5c2a6394b06a3a67be078fe535859e00d8c30c957f3,1080,61.51379917906495,61.51379917906495,26.737617429901384,33.77311127887606,0.00021408382159534837,0.004258415209104111,0.05027312065240991
bfo-22d07ac0da0ea6fe26e8c5c2a6394b06a3a67be078fe535859e00d8c30c957f3,1081,61.51379769034053,61.51379769034053,26.737793928635877,33.773468260275976,0.00021407827652964703,0.0042582976858468145,0.05027320594358
bfo-22d07ac0da0ea6fe26e8c5c2a6394b06a3a67be078fe535859e00d8c30c957f3,1082,61.51379975805348,61.51379975805348,26.737808328167482,33.77349742575131,0.00021407762599740324,0.004258290481787251,0.05027313822601236
bfo-22d07ac0da0ea6fe26e8c5c2a6394b06a3a67be078fe535859e00d8c30c957f3,1083,61.51379754145204,61.51379754145204,26.737840354248004,33.77356051215454,0.0002140767717456925,0.004258264878256546,0.05027323989139482
bfo-22d07ac0da0ea6fe26e8c5c2a6394b06a3a67be078fe535859e00d8c30c957f3,1084,61.51379869289792,61.51379869289792,26.73781204789842,33.7735039375507,0.00021407778677955645,0.004258288652106893,0.05027319758458277
bfo-22d07ac0da0ea6fe26e8c5c2a6394b06a3a67be078fe535859e00d8c30c957f3,1085,61.51379748165121,61.51379748165121,26.737926054247616,33.773732103706635,0.000214073908209083,0.004258207038955461,0.05027325027897079
bfo-22d07ac0da0ea6fe26e8c5c2a6394b06a3a67be078fe535859e00d8c30c957f3,1086,61.51379900394541,61.51379900394541,26.737640576951797,33.773158062158736,0.0002140835012401138,0.004258392271234828,0.050273316219887586
bfo-22d07ac0da0ea6fe26e8c5c2a6394b06a3a67be078fe535859e00d8c30c957f3,1087,61.51379748423193,61.51379748423193,26.73801003727723,33.77390058468878,0.0002140714008037679,0.004258152087103704,0.05027331021174828
bfo-22d07ac0da0ea6fe26e8c5c2a6394b06a3a67be078fe535859e00d8c30c957f3,1088,61.5137958716916,61.5137958716916,26.737711274261894,33.77329992684131,0.00021408036066586809,0.004258345500292082,0.05027313087939534
bfo-22d07ac0da0ea6fe26e8c5c2a6394b06a3a67be078fe535859e00d8c30c957f3,1089,61.513796188436544,61.513796188436544,26.737982130546534,33.77384547861986,0.0002140713220206034,0.004258171407525733,0.05027306360712999
bfo-22d07ac0da0ea6fe26e8c5c2a6394b06a3a67be078fe535859e00d8c30c957f3,1090,61.513796256074556,61.513796256074556,26.737743730417776,33.77336494040872,0.0002140789400602664,0.004258324527003631,0.0502730448801428
bfo-22d07ac0da0ea6fe26e8c5c2a6394b06a3a67be078fe535859e00d8c30c957f3,1091,61.51379611442553,61.51379611442553,26.73772497744386,33.773327816108946,0.0002140792313908372,0.004258339806519863,0.05027293290757693
bfo-22d07ac0da0ea6fe26e8c5c2a6394b06a3a67be078fe535859e00d8c30c957f3,1092,61.51379585697613,61.51379585697613,26.737746382763373,33.77336958476624,0.0002140786523197475,0.004258321174360302,0.05027301688955086
bfo-22d07ac0da0ea6fe26e8c5c2a6394b06a3a67be078fe535859e00d8c30c957f3,1093,61.51379643553201,61.51379643553201,26.737891954387706,33.77366253663865,0.00021407320839041255,0.004258223800956268,0.05027288803898428
bfo-22d07ac0da0ea6fe26e8c5c2a6394b06a3a67be078fe535859e00d8c30c957f3,1094,61.51379811300207,61.51379811300207,26.737535349859584,33.77294476446524,0.00021408506401323133,0.004258454274221268,0.05027295122298348
bfo-22d07ac0da0ea6fe26e8c5c2a6394b06a3a67be078fe535859e00d8c30c957f3,1095,61.51379787160915,61.51379787160915,26.73756394200642,33.77300238466333,0.00021408452332746347,0.0042584407170729215,0.05027298430365762
bfo-22d07ac0da0ea6fe26e8c5c2a6394b06a3a67be078fe535859e00d8c30c957f3,1096,61.513795434843985,61.513795434843985,26.73786257761738,33.773603865943585,0.00021407497742420293,0.004258245382960479,0.050273048678883464
bfo-22d07ac0da0ea6fe26e8c5c2a6394b06a3a67be078fe535859e00d8c30c957f3,1097,61.51379558927468,61.51379558927468,26.73788626185758,33.77365165568297,0.0002140741259897703,0.004258229900458363,0.0502730315163883
bfo-22d07ac0da0ea6fe26e8c5c2a6394b06a3a67be078fe535859e00d8c30c957f3,1098,61.5137955614684,61.5137955614684,26.737839993412237,33.7735591749335,0.00021407610295440238,0.004258259394577838,0.050273147574568036
bfo-22d07ac0da0ea6fe26e8c5c2a6394b06a3a67be078fe535859e00d8c30c957f3,1099,61.513796163717956,61.513796163717956,26.737806956190745,33.773489369184475,0.0002140768237414791,0.004258280625762644,0.05027306618692813
bfo-22d07ac0da0ea6fe26e8c5c2a6394b06a3a67be078fe535859e00d8c30c957f3,1100,61.51379622755597,61.51379622755597,26.738064728752562,33.774010669479814,0.0002140684624726298,0.004258114910918436,0.05027305907685268
bfo-22d07ac0da0ea6fe26e8c5c2a6394b06a3a67be078fe535859e00d8c30c957f3,1101,61.513796880971995,61.513796880971995,26.737813284350207,33.77350433100262,0.00021407614905601742,0.0042582803870198594,0.05027291056468871
bfo-22d07ac0da0ea6fe26e8c5c2a6394b06a3a67be078fe535859e00d8c30c957f3,1102,61.513795177029664,61.513795177029664,26.737889929426,33.77365898097428,0.00021407370426300857,0.004258226944040746,0.050272967382022214
bfo-22d07ac0da0ea6fe26e8c5c2a6394b06a3a67be078fe535859e00d8c30c957f3,1103,61.51379679928704,61.51379679928704,26.73804450444694,33.773969935813504,0.00021406821817394076,0.0042581316579201264,0.050272803983355895
bfo-22d07ac0da0ea6fe26e8c5c2a6394b06a3a67be078fe535859e00d8c30c957f3,1104,61.51379508502155,61.51379508502155,26.737896886270686,33.77367381356779,0.0002140739040979055,0.004258223259905962,0.05027305780642254
bfo-22d07ac0da0ea6fe26e8c5c2a6394b06a3a67be078fe535859e00d8c30c957f3,1105,61.513795616153004,61.513795616153004,26.73785313985124,33.773584553667746,0.0002140741869090663,0.004258252520168451,0.05027277877372049
bfo-22d07ac0da0ea6fe26e8c5c2a6394b06a3a67be078fe535859e00d8c30c957f3,1106,61.513795179062726,61.513795179062726,26.737809290070096,33.7734975010935,0.00021407715409124906,0.004258278873358866,0.05027316445397298
bfo-22d07ac0da0ea6fe26e8c5c2a6394b06a3a67be078fe535859e00d8c30c957f3,1107,61.51379945615661,61.51379945615661,26.738210357486274,33.774302877797076,0.00021406416696609953,0.004258018326329157,0.050273190616031124
bfo-22d07ac0da0ea6fe26e8c5c2a6394b06a3a67be078fe535859e00d8c30c957f3,1108,61.5137998301416,61.5137998301416,26.737797957616575,33.77347419330554,0.0002140761761054319,0.004258285834820834,0.05027285260066134
bfo-22d07ac0da0ea6fe26e8c5c2a6394b06a3a67be078fe535859e00d8c30c957f3,1109,61.51378764258388,61.51378764258388,26.738465700539077,33.77482196660317,0.00021405786851705613,0.004257853187526013,0.05027366118309789
bfo-22d07ac0da0ea6fe26e8c5c2a6394b06a3a67be078fe535859e00d8c30c957f3,1110,61.51378579057973,61.51378579057973,26.738486419301736,33.77486215447589,0.00021405618883025965,0.004257840951861517,0.05027341116080788
bfo-22d07ac0da0ea6fe26e8c5c2a6394b06a3a67be078fe535859e00d8c30c957f3,1111,61.51378800793181,61.51378800793181,26.73887075185825,33.77563641857885,0.0002140447281160328,0.004257587137196324,0.05027371636062017
bfo-22d07ac0da0ea6fe26e8c5c2a6394b06a3a67be078fe535859e00d8c30c957f3,1112,61.51378819227011,61.51378819227011,26.738610901069315,33.775111702238185,0.00021405207570251764,0.004257759586786623,0.050273405846304506
bfo-22d07ac0da0ea6fe26e8c5c2a6394b06a3a67be078fe535859e00d8c30c957f3,1113,61.513785046558084,61.513785046558084,26.738416949534596,33.77472148293135,0.00021405852605150828,0.004257884906406181,0.05027344109969894
bfo-22d07ac0da0ea6fe26e8c5c2a6394b06a3a67be078fe535859e00d8c30c957f3,1114,61.51377891692468,61.51377891692468,26.73826480144853,33.77441587557358,0.00021406417120086862,0.004257985634296071,0.05027357759891964
bfo-22d07ac0da0ea6fe26e8c5c2a6394b06a3a67be078fe535859e00d8c30c957f3,1115,61.513779416816796,61.513779416816796,26.738229952298912,33.77434738403535,0.00021406490756626346,0.004258007259910311,0.05027349520554187
bfo-22d07ac0da0ea6fe26e8c5c2a6394b06a3a67be078fe535859e00d8c30c957f3,1116,61.51378144112056,61.51378144112056,26.738518575556245,33.77492756285926,0.00021405603563675086,0.00425782200123413,0.05027359893736909
bfo-22d07ac0da0ea6fe26e8c5c2a6394b06a3a67be078fe535859e00d8c30c957f3,1117,61.513769136485614,61.513769136485614,26.737940277368732,33.77376491688725,0.00021407635688502856,0.004258200013596879,0.05027390827144341
bfo-22d07ac0da0ea6fe26e8c5c2a6394b06a3a67be078fe535859e00d8c30c957f3,1118,61.513764779458484,61.513764779458484,26.737491238432018,33.77286291105659,0.00021409168558941358,0.00425848639038002,0.050274126993349016
bfo-22d07ac0da0ea6fe26e8c5c2a6394b06a3a67be078fe535859e00d8c30c957f3,1119,61.51375956385693,61.51375956385693,26.737329444421142,33.772537919317735,0.00021409878767190038,0.004258591390454109,0.05027455513854083
bfo-22d07ac0da0ea6fe26e8c5c2a6394b06a3a67be078fe535859e00d8c30c957f3,1120,61.513757117474626,61.513757117474626,26.737373656572785,33.772627328759924,0.0002140977351853275,0.004258563733515343,0.050274634497155905
bfo-22d07ac0da0ea6fe26e8c5c2a6394b06a3a67be078fe535859e00d8c30c957f3,1121,61.51376975604839,61.51376975604839,26.73671063957241,33.771290051898575,0.00021411831890028857,0.004258994222608182,0.0502743858546875
bfo-22d07ac0da0ea6fe26e8c5c2a6394b06a3a67be078fe535859e00d8c30c957f3,1122,61.51375791513546,61.51375791513546,26.737349671348387,33.77257850623809,0.00021409814265493628,0.004258581572902291,0.05027451957648542
bfo-22d07ac0da0ea6fe26e8c5c2a6394b06a3a67be078fe535859e00d8c30c957f3,1123,61.51375228629234,61.51375228629234,26.737575774460367,33.773035768420996,0.00021409306490096936,0.00425843650495283,0.0502750398302207
bfo-22d07ac0da0ea6fe26e8c5c2a6394b06a3a67be078fe535859e00d8c30c957f3,1124,61.51374526420033,61.51374526420033,26.737896197613512,33.7736855064567,0.00021408431743015624,0.004258231961945472,0.05027540052852049
bfo-22d07ac0da0ea6fe26e8c5c2a6394b06a3a67be078fe535859e00d8c30c957f3,1125,61.513743820804535,61.513743820804535,26.73791566066642,33.77372305698066,0.00021408434085100846,0.004258217427300168,0.050275577634546494
bfo-22d07ac0da0ea6fe26e8c5c2a6394b06a3a67be078fe535859e00d8c30c957f3,1126,61.51373881987239,61.51373881987239,26.73804901442813,33.77399469366816,0.00021408150315444852,0.0042581247608449255,0.05027600532586768
bfo-22d07ac0da0ea6fe26e8c5c2a6394b06a3a67be078fe535859e00d8c30c957f3,1127,61.5137391721492,61.5137391721492,26.738691557609886,33.77529119525491,0.00021406141836494185,0.004257712653357636,0.05027615430931743
bfo-22d07ac0da0ea6fe26e8c5c2a6394b06a3a67be078fe535859e00d8c30c957f3,1128,61.513738531642744,61.513738531642744,26.738016859302178,33.773929199503996,0.00021408245818605966,0.004258143986418946,0.05027600261260792
bfo-22d07ac0da0ea6fe26e8c5c2a6394b06a3a67be078fe535859e00d8c30c957f3,1129,61.513730158690755,61.513730158690755,26.737808521282552,33.77351302821995,0.00021409104550904209,0.004258279185152167,0.05027642298690466
bfo-22d07ac0da0ea6fe26e8c5c2a6394b06a3a67be078fe535859e00d8c30c957f3,1130,61.513725699240524,61.513725699240524,26.73802254672107,33.773945158766445,0.00021408620755073495,0.004258139322147951,0.05027693820096581
bfo-22d07ac0da0ea6fe26e8c5c2a6394b06a3a67be078fe535859e00d8c30c957f3,1131,61.51371943915724,61.51371943915724,26.738177749468523,33.77425976040697,0.00021408377293296655,0.004258039251652846,0.0502775480169342
bfo-22d07ac0da0ea6fe26e8c5c2a6394b06a3a67be078fe535859e00d8c30c957f3,1132,61.51372085828419,61.51372085828419,26.738390573181835,33.77468736710954,0.00021407612350969921,0.004257901048981259,0.05027738339784079
bfo-22d07ac0da0ea6fe26e8c5c2a6394b06a3a67be078fe535859e00d8c30c957f3,1133,61.51372031128534,61.51372031128534,26.73826965430063,33.774445389059935,0.00021408096558192424,0.004257978594802756,0.050277604928129334
bfo-22d07ac0da0ea6fe26e8c5c2a6394b06a3a67be078fe535859e00d8c30c957f3,1134,61.51371851397862,61.51371851397862,26.738298611863293,33.774504924963765,0.00021408068519522435,0.004257963478787518,0.05027771756656428
bfo-22d07ac0da0ea6fe26e8c5c2a6394b06a3a67be078fe535859e00d8c30c957f3,1135,61.51371701626694,61.51371701626694,26.73828996348835,33.774487247189484,0.0002140814599936453,0.004257969861161044,0.050277824168363315
bfo-22d07ac0da0ea6fe26e8c5c2a6394b06a3a67be078fe535859e00d8c30c957f3,1136,61.51370873219139,61.51370873219139,26.73806825968003,33.77404444716849,0.000214090345733463,0.00425811556525222,0.05027819054055707
bfo-22d07ac0da0ea6fe26e8c5c2a6394b06a3a67be078fe535859e00d8c30c957f3,1137,61.5137020091539,61.5137020091539,26.7377860532128,33.77347638036169,0.00021410138165675285,0.004258295921295969,0.05027865268499078
bfo-22d07ac0da0ea6fe26e8c5c2a6394b06a3a67be078fe535859e00d8c30c957f3,1138,61.51369849946751,61.51369849946751,26.73768154994261,33.77326685652503,0.00021410544235106235,0.0042583679114859,0.050278756275042746
bfo-22d07ac0da0ea6fe26e8c5c2a6394b06a3a67be078fe535859e00d8c30c957f3,1139,61.51369038705491,61.51369038705491,26.73765029403095,33.773206670901125,0.0002141079282908738,0.0042583924043394705,0.05027905086264228
bfo-22d07ac0da0ea6fe26e8c5c2a6394b06a3a67be078fe535859e00d8c30c957f3,1140,61.51368558397184,61.51368558397184,26.73748752624013,33.77288081327791,0.0002141140571460104,0.004258496966367655,0.05027925553006605
bfo-22d07ac0da0ea6fe26e8c5c2a6394b06a3a67be078fe535859e00d8c30c957f3,1141,61.513678247580614,61.513678247580614,26.73742179524297,33.77275227941442,0.0002141179968033727,0.00425853746645514,0.050279702477669455
bfo-22d07ac0da0ea6fe26e8c5c2a6394b06a3a67be078fe535859e00d8c30c957f3,1142,61.513678420478385,61.513678420478385,26.737258228790903,33.77242376485298,0.00021412401024473065,0.00425864646654579,0.05027982762288501
bfo-22d07ac0da0ea6fe26e8c5c2a6394b06a3a67be078fe535859e00d8c30c957f3,1143,61.513678249487484,61.513678249487484,26.737405649220285,33.77271969996349,0.00021411821494633993,0.0042585460002680185,0.05027965294559788
bfo-22d07ac0da0ea6fe26e8c5c2a6394b06a3a67be078fe535859e00d8c30c957f3,1144,61.513672376332096,61.513672376332096,26.737416325401515,33.772744199974326,0.0002141190714109758,0.004258541151402735,0.05027991131198683
bfo-22d07ac0da0ea6fe26e8c5c2a6394b06a3a67be078fe535859e00d8c30c957f3,1145,61.513672803934895,61.513672803934895,26.737191524718117,33.772290458324555,0.0002141265825112136,0.004258685611305982,0.050279969468220234
bfo-22d07ac0da0ea6fe26e8c5c2a6394b06a3a67be078fe535859e00d8c30c957f3,1146,61.51367417152794,61.51367417152794,26.737252036635724,33.772413045699494,0.00021412470376169738,0.004258645267349331,0.050280004630433334
bfo-22d07ac0da0ea6fe26e8c5c2a6394b06a3a67be078fe535859e00d8c30c957f3,1147,61.51366271364962,61.51366271364962,26.737837735743827,33.7735956905537,0.00021410761526428085,0.004258271646171208,0.050280403190527796
bfo-22d07ac0da0ea6fe26e8c5c2a6394b06a3a67be078fe535859e00d8c30c957f3,1148,61.51365489250868,61.51365489250868,26.738206265662637,33.774341803619365,0.0002140981775545489,0.0042580373367766666,0.050280953552328686
bfo-22d07ac0da0ea6fe26e8c5c2a6394b06a3a67be078fe535859e00d8c30c957f3,1149,61.513649428049106,61.513649428049106,26.738252198693655,33.774434032315476,0.0002140981123751507,0.004258005937745179,0.050281309022440226
bfo-22d07ac0da0ea6fe26e8c5c2a6394b06a3a67be078fe535859e00d8c30c957f3,1150,61.51364957838277,61.51364957838277,26.73837965333248,33.774689677158,0.00021409360410686975,0.00425792604600683,0.05028119365944627
bfo-22d07ac0da0ea6fe26e8c5c2a6394b06a3a67be078fe535859e00d8c30c957f3,1151,61.51364984756465,61.51364984756465,26.73826654214937,33.77446285279968,0.00021409760943289394,0.004257996274034442,0.05028130502097338
bfo-22d07ac0da0ea6fe26e8c5c2a6394b06a3a67be078fe535859e00d8c30c957f3,1152,61.51364654594948,61.51364654594948,26.73791974751105,33.773767034275174,0.00021410988361269777,0.0042582202505187915,0.05028154276111296
bfo-22d07ac0da0ea6fe26e8c5c2a6394b06a3a67be078fe535859e00d8c30c957f3,1153,61.51364194710938,61.51364194710938,26.737997723676248,33.773926855685644,0.00021410859341023498,0.004258166877728299,0.050281870006104686
bfo-22d07ac0da0ea6fe26e8c5c2a6394b06a3a67be078fe535859e00d8c30c957f3,1154,61.51364154469817,61.51364154469817,26.738392797035363,33.77472283126394,0.00021409653323187984,0.00425791380202768,0.05028202617204791
bfo-22d07ac0da0ea6fe26e8c5c2a6394b06a3a67be078fe535859e00d8c30c957f3,1155,61.51363508635524,61.51363508635524,26.738538337617932,33.775019778926215,0.00021409411348258145,0.004257822096280884,0.05028254084866252
bfo-22d07ac0da0ea6fe26e8c5c2a6394b06a3a67be078fe535859e00d8c30c957f3,1156,61.51362923036116,61.51362923036116,26.738621252688183,33.77518846866384,0.0002140940821788016,0.004257768819050293,0.05028316267921654
bfo-22d07ac0da0ea6fe26e8c5c2a6394b06a3a67be078fe535859e00d8c30c957f3,1157,61.51362716835743,61.51362716835743,26.73870470688705,33.775357642049414,0.00021409141531533043,0.004257719396295288,0.05028311999649739
bfo-22d07ac0da0ea6fe26e8c5c2a6394b06a3a67be078fe535859e00d8c30c957f3,1158,61.51362596863504,61.51362596863504,26.73884818649918,33.77564906651519,0.00021408748706924145,0.004257623643504916,0.05028332821193247
bfo-22d07ac0da0ea6fe26e8c5c2a6394b06a3a67be078fe535859e00d8c30c957f3,1159,61.51361888999945,61.51361888999945,26.73843839450829,33.774824162003725,0.00021410153267948872,0.004257888603636543,0.05028349790471987
bfo-22d07ac0da0ea6fe26e8c5c2a6394b06a3a67be078fe535859e00d8c30c957f3,1160,61.513615198532825,61.513615198532825,26.738409796114926,33.77476743111208,0.00021410315424846314,0.00425790782696895,0.05028365172500115
bfo-22d07ac0da0ea6fe26e8c5c2a6394b06a3a67be078fe535859e00d8c30c957f3,1161,61.51362437691394,61.51362437691394,26.738931267536216,33.77581926654941,0.0002140875191266634,0.004257569818763837,0.05028397142969756
bfo-22d07ac0da0ea6fe26e8c5c2a6394b06a3a67be078fe535859e00d8c30c957f3,1162,61.51361614621734,61.51361614621734,26.738473038065695,33.77489504534687,0.00021410087804291436,0.004257866879499348,0.05028360070949164
bfo-22d07ac0da0ea6fe26e8c5c2a6394b06a3a67be078fe535859e00d8c30c957f3,1163,61.51361277290813,61.51361277290813,26.73845246768176,33.774854107143454,0.00021410200756382007,0.0042578847152777615,0.050283655354875716
bfo-22d07ac0da0ea6fe26e8c5c2a6394b06a3a67be078fe535859e00d8c30c957f3,1164,61.51360456085961,61.51360456085961,26.737799180235406,33.77353696254206,0.00021412405283940237,0.004258303736053508,0.050283884408360055
bfo-22d07ac0da0ea6fe26e8c5c2a6394b06a3a67be078fe535859e00d8c30c957f3,1165,61.513603789281774,61.513603789281774,26.73771082541869,33.77335810879598,0.0002141266270636456,0.004258361418338387,0.0502838077908375
bfo-22d07ac0da0ea6fe26e8c5c2a6394b06a3a67be078fe535859e00d8c30c957f3,1166,61.513604691031674,61.513604691031674,26.737382833687317,33.772698227707146,0.00021413761609326683,0.004258575237255143,0.05028386353725403
bfo-22d07ac0da0ea6fe26e8c5c2a6394b06a3a67be078fe535859e00d8c30c957f3,1167,61.51360361015708,61.51360361015708,26.737720829136315,33.773377598000195,0.0002141262043716706,0.004258352482957725,0.05028381404043493
bfo-22d07ac0da0ea6fe26e8c5c2a6394b06a3a67be078fe535859e00d8c30c957f3,1168,61.513602282290556,61.513602282290556,26.73763024099463,33.77319567210362,0.00021413016833984552,0.00425841719285275,0.05028398079437536
bfo-22d07ac0da0ea6fe26e8c5c2a6394b06a3a67be078fe535859e00d8c30c957f3,1169,61.513602235649174,61.513602235649174,26.737334575547738,33.77260234405135,0.0002141404562809257,0.004258609003460266,0.05028413176859609
bfo-22d07ac0da0ea6fe26e8c5c2a6394b06a3a67be078fe535859e00d8c30c957f3,1170,61.51359878741677,61.51359878741677,26.737480973681375,33.77289705918661,0.0002141357035971427,0.00425851205838729,0.05028416044411448
bfo-22d07ac0da0ea6fe26e8c5c2a6394b06a3a67be078fe535859e00d8c30c957f3,1171,61.51360013391703,61.51360013391703,26.73728537016582,33.77250324884111,0.00021414220515302102,0.004258637320784821,0.05028420807469863
bfo-22d07ac0da0ea6fe26e8c5c2a6394b06a3a67be078fe535859e00d8c30c957f3,1172,61.513598193667804,61.513598193667804,26.737552505089905,33.7730405870062,0.00021413400657491717,0.004258463201204668,0.05028433884654474
bfo-22d07ac0da0ea6fe26e8c5c2a6394b06a3a67be078fe535859e00d8c30c957f3,1173,61.51359492667652,61.51359492667652,26.737569044541875,33.77307432593463,0.00021413405365173,0.004258452460111523,0.05028447673362593
bfo-22d07ac0da0ea6fe26e8c5c2a6394b06a3a67be078fe535859e00d8c30c957f3,1174,61.51359029283803,61.51359029283803,26.737488164924823,33.77291137417362,0.00021413870942939083,0.004258501406515511,0.05028499206358331
bfo-22d07ac0da0ea6fe26e8c5c2a6394b06a3a67be078fe535859e00d8c30c957f3,1175,61.513594756003656,61.513594756003656,26.737152316895248,33.77223438378098,0.00021414893647658128,0.0042587199530059695,0.050284813004768406
bfo-22d07ac0da0ea6fe26e8c5c2a6394b06a3a67be078fe535859e00d8c30c957f3,1176,61.513589650021665,61.513589650021665,26.737638299294705,33.773212786833966,0.00021413314851392,0.004258402512884558,0.05028485397188778
bfo-22d07ac0da0ea6fe26e8c5c2a6394b06a3a67be078fe535859e00d8c30c957f3,1177,61.51358837763607,61.51358837763607,26.73756482875768,33.77306691171194,0.0002141367206474463,0.0042584479720813645,0.05028515601255182
bfo-22d07ac0da0ea6fe26e8c5c2a6394b06a3a67be078fe535859e00d8c30c957f3,1178,61.51358001288313,61.51358001288313,26.737856497110116,33.773656114734905,0.00021412827053347367,0.004258256154425527,0.05028543675347809
bfo-22d07ac0da0ea6fe26e8c5c2a6394b06a3a67be078fe535859e00d8c30c957f3,1179,61.51357599804224,61.51357599804224,26.73827681436947,33.77450249260806,0.00021411573263379341,0.00425798738599434,0.05028566626056182
bfo-22d07ac0da0ea6fe26e8c5c2a6394b06a3a67be078fe535859e00d8c30c957f3,1180,61.513571901076766,61.513571901076766,26.73818273196475,33.77431349705636,0.00021411921025439893,0.004258048139508075,0.05028576550549186
bfo-22d07ac0da0ea6fe26e8c5c2a6394b06a3a67be078fe535859e00d8c30c957f3,1181,61.51357446537966,61.51357446537966,26.738792809503042,33.775544441696766,0.00021410078107475777,0.004257654535972107,0.050286085746474106
bfo-22d07ac0da0ea6fe26e8c5c2a6394b06a3a67be078fe535859e00d8c30c957f3,1182,61.51357132959578,61.51357132959578,26.738101426169532,33.774149818302625,0.00021412118515217886,0.0042581010051151846,0.050285604990336935
bfo-22d07ac0da0ea6fe26e8c5c2a6394b06a3a67be078fe535859e00d8c30c957f3,1183,61.513568312495345,61.513568312495345,26.738230384897424,33.77440924766613,0.00021411703095220412,0.004258021205858573,0.050285571771601895
bfo-22d07ac0da0ea6fe26e8c5c2a6394b06a3a67be078fe535859e00d8c30c957f3,1184,61.513569400951255,61.513569400951255,26.738365268871497,33.774680872579246,0.00021411210111465707,0.004257937390547363,0.050285403817817216
bfo-22d07ac0da0ea6fe26e8c5c2a6394b06a3a67be078fe535859e00d8c30c957f3,1185,61.51356871100189,61.51356871100189,26.738278863644105,33.774506747182556,0.0002141155805612851,0.004257988430839003,0.05028561820659886
bfo-22d07ac0da0ea6fe26e8c5c2a6394b06a3a67be078fe535859e00d8c30c957f3,1186,61.513562490528074,61.513562490528074,26.737920694160582,33.773787185986144,0.00021412835995046427,0.004258220756533708,0.050285875766753294
bfo-22d07ac0da0ea6fe26e8c5c2a6394b06a3a67be078fe535859e00d8c30c957f3,1187,61.51356382996899,61.51356382996899,26.73826124025035,33.774473011177825,0.00021411759961981983,0.004258000602743889,0.05028594864027045
bfo-22d07ac0da0ea6fe26e8c5c2a6394b06a3a67be078fe535859e00d8c30c957f3,1188,61.51356272027809,61.51356272027809,26.737844060900663,33.77363345505187,0.00021413137653427254,0.004258271433487156,0.05028598572893637
bfo-22d07ac0da0ea6fe26e8c5c2a6394b06a3a67be078fe535859e00d8c30c957f3,1189,61.513563416378766,61.513563416378766,26.7378129489279,33.773571335726004,0.00021413229895823844,0.004258287071889637,0.05028601767405412
bfo-22d07ac0da0ea6fe26e8c5c2a6394b06a3a67be078fe535859e00d8c30c957f3,1190,61.51356246559314,61.51356246559314,26.73781753572066,33.773579173553586,0.00021413153771102967,0.004258287069504029,0.050285838933815705
bfo-22d07ac0da0ea6fe26e8c5c2a6394b06a3a67be078fe535859e00d8c30c957f3,1191,61.51356362730718,61.51356362730718,26.737735177141815,33.77341363714228,0.0002141333692373514,0.0042583412707407255,0.050285628986261016
bfo-22d07ac0da0ea6fe26e8c5c2a6394b06a3a67be078fe535859e00d8c30c957f3,1192,61.51356244809247,61.51356244809247,26.737834206167967,33.77361240669749,0.00021413114926870094,0.004258274728277213,0.05028589345040516
bfo-22d07ac0da0ea6fe26e8c5c2a6394b06a3a67be078fe535859e00d8c30c957f3,1193,61.51356330685559,61.51356330685559,26.737640005669192,33.77322309191959,0.00021413768980877264,0.00425840357106612,0.050285907907775367
bfo-22d07ac0da0ea6fe26e8c5c2a6394b06a3a67be078fe535859e00d8c30c957f3,1194,61.513562270092955,61.513562270092955,26.737823405182954,33.773589819259996,0.00021413158395625683,0.004258281452135253,0.050285916129119104
bfo-22d07ac0da0ea6fe26e8c5c2a6394b06a3a67be078fe535859e00d8c30c957f3,1195,61.513566982237066,61.513566982237066,26.737418269614324,33.77277401973952,0.00021414500342465038,0.004258544765535576,0.05028595804785873
bfo-22d07ac0da0ea6fe26e8c5c2a6394b06a3a67be078fe535859e00d8c30c957f3,1196,61.51356516228243,61.51356516228243,26.737691682980255,33.773323713849166,0.00021413539335416658,0.004258367825840878,0.050285790732951155
bfo-22d07ac0da0ea6fe26e8c5c2a6394b06a3a67be078fe535859e00d8c30c957f3,1197,61.51355825487566,61.51355825487566,26.738032192280613,33.774010713326525,0.00021412581879350288,0.004258144528556107,0.05028617919319679
bfo-22d07ac0da0ea6fe26e8c5c2a6394b06a3a67be078fe535859e00d8c30c957f3,1198,61.51355539417814,61.51355539417814,26.738046936224578,33.7740414391208,0.00021412512358694944,0.004258134518776632,0.050286134137553715
bfo-22d07ac0da0ea6fe26e8c5c2a6394b06a3a67be078fe535859e00d8c30c957f3,1199,61.513555020687306,61.513555020687306,26.738365900418312,33.77468389177685,0.00021411463366769221,0.004257924188669383,0.05028615451572984
bfo-22d07ac0da0ea6fe26e8c5c2a6394b06a3a67be078fe535859e00d8c30c957f3,1200,61.513559877277075,61.513559877277075,26.73869752885299,33.77534966727711,0.00021410452425412127,0.004257706643072996,0.05028634948404795
bfo-22d07ac0da0ea6fe26e8c5c2a6394b06a3a67be078fe535859e00d8c30c957f3,1201,61.51355471738268,61.51355471738268,26.73832925085876,33.77461042726406,0.00021411572420875557,0.004257945814477171,0.05028615523493847
bfo-22d07ac0da0ea6fe26e8c5c2a6394b06a3a67be078fe535859e00d8c30c957f3,1202,61.51355237113803,61.51355237113803,26.738202399509298,33.77435589335625,0.0002141206734653254,0.004258026328503876,0.05028636672158861
bfo-22d07ac0da0ea6fe26e8c5c2a6394b06a3a67be078fe535859e00d8c30c957f3,1203,61.51354768186225,61.51354768186225,26.73769756123985,33.773339264412726,0.0002141374605072562,0.004258347741620568,0.0502865133380966
bfo-22d07ac0da0ea6fe26e8c5c2a6394b06a3a67be078fe535859e00d8c30c957f3,1204,61.5135480851429,61.5135480851429,26.737618089087842,33.77318020927691,0.00021413918823737002,0.004258397699356953,0.05028632912085841
bfo-22d07ac0da0ea6fe26e8c5c2a6394b06a3a67be078fe535859e00d8c30c957f3,1205,61.51354929181994,61.51354929181994,26.73762025985038,33.77318295110514,0.00021413927584587817,0.004258398175453313,0.05028634407187221
bfo-22d07ac0da0ea6fe26e8c5c2a6394b06a3a67be078fe535859e00d8c30c957f3,1206,61.513544505387394,61.513544505387394,26.73766962390183,33.7732806875067,0.00021413824292770405,0.004258363356022809,0.05028651268681382
bfo-22d07ac0da0ea6fe26e8c5c2a6394b06a3a67be078fe535859e00d8c30c957f3,1207,61.51354435133733,61.51354435133733,26.737464034795497,33.77286769584747,0.0002141460177214943,0.004258496522897695,0.05028676589731687
bfo-22d07ac0da0ea6fe26e8c5c2a6394b06a3a67be078fe535859e00d8c30c957f3,1208,61.51354078393704,61.51354078393704,26.737529253373115,33.77299964520278,0.00021414451636874972,0.004258451144960678,0.050286949193291054
bfo-22d07ac0da0ea6fe26e8c5c2a6394b06a3a67be078fe535859e00d8c30c957f3,1209,61.51353704683673,61.51353704683673,26.737311097235168,33.77256139070613,0.00021415201125169817,0.004258592636864861,0.05028703835109128
bfo-22d07ac0da0ea6fe26e8c5c2a6394b06a3a67be078fe535859e00d8c30c957f3,1210,61.513541133094385,61.513541133094385,26.73702806563199,33.771991730249574,0.0002141613379280781,0.0042587750116185935,0.050287074885105
bfo-22d07ac0da0ea6fe26e8c5c2a6394b06a3a67be078fe535859e00d8c30c957f3,1211,61.513535614021855,61.513535614021855,26.737368543426168,33.77267764674266,0.00021414989050357806,0.0042585566708615765,0.05028696505763583
bfo-22d07ac0da0ea6fe26e8c5c2a6394b06a3a67be078fe535859e00d8c30c957f3,1212,61.51352983699154,61.51352983699154,26.737514224269002,33.77297253098688,0.0002141451905204003,0.004258461897367776,0.050286980529934265
bfo-22d07ac0da0ea6fe26e8c5c2a6394b06a3a67be078fe535859e00d8c30c957f3,1213,61.513521323755,61.513521323755,26.737995391010728,33.773943424505795,0.00021413099638637405,0.004258153040763341,0.05028729459380532
bfo-22d07ac0da0ea6fe26e8c5c2a6394b06a3a67be078fe535859e00d8c30c957f3,1214,61.513517242958464,61.513517242958464,26.73804603757973,33.77404838869309,0.00021413099587423752,0.004258127412825056,0.05028759713232072
bfo-22d07ac0da0ea6fe26e8c5c2a6394b06a3a67be078fe535859e00d8c30c957f3,1215,61.513514670734935,61.513514670734935,26.737905712523084,33.77376655361689,0.0002141358868207209,0.004258221735192534,0.05028763181845879
bfo-22d07ac0da0ea6fe26e8c5c2a6394b06a3a67be078fe535859e00d8c30c957f3,1216,61.51350861037625,61.51350861037625,26.73828295958864,33.774526452650505,0.0002141253956607442,0.004257975476127246,0.05028807630792124
bfo-22d07ac0da0ea6fe26e8c5c2a6394b06a3a67be078fe535859e00d8c30c957f3,1217,61.513507708568184,61.513507708568184,26.73846655292551,33.77489561908133,0.00021411872121937902,0.004257858432821676,0.05028789110714583
bfo-22d07ac0da0ea6fe26e8c5c2a6394b06a3a67be078fe535859e00d8c30c957f3,1218,61.51350603076574,61.51350603076574,26.738444475699144,33.7748518770761,0.00021412015940890734,0.004257872496022611,0.050288062784623666
bfo-22d07ac0da0ea6fe26e8c5c2a6394b06a3a67be078fe535859e00d8c30c957f3,1219,61.51350469839216,61.51350469839216,26.738528612427615,33.775022322563096,0.00021411836057472284,0.004257818498486111,0.050288278058553626
bfo-22d07ac0da0ea6fe26e8c5c2a6394b06a3a67be078fe535859e00d8c30c957f3,1220,61.51350288970817,61.51350288970817,26.73862016086351,33.77520827898568,0.0002141166157254886,0.0042577574090714694,0.05028858977951566
bfo-22d07ac0da0ea6fe26e8c5c2a6394b06a3a67be078fe535859e00d8c30c957f3,1221,61.51349825955945,61.51349825955945,26.738497715179477,33.774963282909226,0.00021412032152053832,0.004257838232745485,0.05028850553170781
bfo-22d07ac0da0ea6fe26e8c5c2a6394b06a3a67be078fe535859e00d8c30c957f3,1222,61.51349809326856,61.51349809326856,26.738918150186343,33.77581308419626,0.00021410846695010132,0.004257566105401547,0.050288935426854156
bfo-22d07ac0da0ea6fe26e8c5c2a6394b06a3a67be078fe535859e00d8c30c957f3,1223,61.51349129177705,61.51349129177705,26.738890962260474,33.775760352573236,0.0002141104485933601,0.004257585026849373,0.05028917737241352
bfo-22d07ac0da0ea6fe26e8c5c2a6394b06a3a67be078fe535859e00d8c30c957f3,1224,61.51349385790627,61.51349385790627,26.739092749145982,33.77616613180531,0.00021410351186919324,0.004257451270314588,0.05028912799590842
bfo-22d07ac0da0ea6fe26e8c5c2a6394b06a3a67be078fe535859e00d8c30c957f3,1225,61.51349105705463,61.51349105705463,26.73887678999078,33.775731931654185,0.0002141108601581822,0.0042575970436317945,0.050289132100566854
bfo-22d07ac0da0ea6fe26e8c5c2a6394b06a3a67be078fe535859e00d8c30c957f3,1226,61.51348506712453,61.51348506712453,26.738758605366137,33.77549567422465,0.000214115882751828,0.004257676029990753,0.05028937881689721
bfo-22d07ac0da0ea6fe26e8c5c2a6394b06a3a67be078fe535859e00d8c30c957f3,1227,61.51349704526754,61.51349704526754,26.739313363291856,33.776615248589195,0.00021409886572630114,0.004257315998769357,0.05028963454631737
bfo-22d07ac0da0ea6fe26e8c5c2a6394b06a3a67be078fe535859e00d8c30c957f3,1228,61.513487930130864,61.513487930130864,26.738860941927054,33.77570127228978,0.00021411255168199162,0.0042576103191433005,0.050289372589897914
bfo-22d07ac0da0ea6fe26e8c5c2a6394b06a3a67be078fe535859e00d8c30c957f3,1229,61.51347984245575,61.51347984245575,26.73864668156091,33.77527049417996,0.00021411959782784138,0.004257747030999021,0.05028941275019836
bfo-22d07ac0da0ea6fe26e8c5c2a6394b06a3a67be078fe535859e00d8c30c957f3,1230,61.51347257104101,61.51347257104101,26.73833663865006,33.77464600047342,0.00021413049796587276,0.004257947406416492,0.050289606124112735
bfo-22d07ac0da0ea6fe26e8c5c2a6394b06a3a67be078fe535859e00d8c30c957f3,1231,61.51346781759363,61.51346781759363,26.737862355160193,33.77369130237398,0.00021414682635451172,0.004258255046774393,0.050289807445124
bfo-22d07ac0da0ea6fe26e8c5c2a6394b06a3a67be078fe535859e00d8c30c957f3,1232,61.5134701329548,61.5134701329548,26.737483759254403,33.77292618733797,0.00021415920550237847,0.0042585001592461485,0.050289819770792145
bfo-22d07ac0da0ea6fe26e8c5c2a6394b06a3a67be078fe535859e00d8c30c957f3,1233,61.51346848247445,61.51346848247445,26.737931007004125,33.773828765876694,0.0002141438948817085,0.004258209554454842,0.05028965628468802
bfo-22d07ac0da0ea6fe26e8c5c2a6394b06a3a67be078fe535859e00d8c30c957f3,1234,61.51346927081834,61.51346927081834,26.738006218196126,33.77397866676078,0.00021414136086124035,0.0042581615241244555,0.05028962843425042
bfo-22d07ac0da0ea6fe26e8c5c2a6394b06a3a67be078fe535859e00d8c30c957f3,1235,61.51346903322201,61.51346903322201,26.73793912515427,33.77384573256912,0.00021414405001296977,0.004258205873278412,0.050289736190725624
bfo-22d07ac0da0ea6fe26e8c5c2a6394b06a3a67be078fe535859e00d8c30c957f3,1236,61.51346868567215,61.51346868567215,26.73746476364264,33.772891007505606,0.00021415937460137963,0.004258510499538473,0.05028973736816891
bfo-22d07ac0da0ea6fe26e8c5c2a6394b06a3a67be078fe535859e00d8c30c957f3,1237,61.51346828999671,61.51346828999671,26.737911045304752,33.773788762136554,0.000214145729118577,0.004258221123575309,0.05028995040510598
bfo-22d07ac0da0ea6fe26e8c5c2a6394b06a3a67be078fe535859e00d8c30c957f3,1238,61.51346743756882,61.51346743756882,26.7373757268986,33.77271198962633,0.00021416272016718454,0.004258572014269456,0.05028979654437603
bfo-22d07ac0da0ea6fe26e8c5c2a6394b06a3a67be078fe535859e00d8c30c957f3,1239,61.51346986825605,61.51346986825605,26.73711745771032,33.77219224805448,0.000214172571771561,0.004258737806319135,0.05029015203842104
bfo-22d07ac0da0ea6fe26e8c5c2a6394b06a3a67be078fe535859e00d8c30c957f3,1240,61.513467583609696,61.513467583609696,26.737341662674268,33.772643160494965,0.0002141642185062876,0.00425859296191578,0.050289901012268434
bfo-22d07ac0da0ea6fe26e8c5c2a6394b06a3a67be078fe535859e00d8c30c957f3,1241,61.513467115841785,61.513467115841785,26.737435739690838,33.77283370910895,0.0002141596520415975,0.004258536458231105,0.05028949596701453
bfo-22d07ac0da0ea6fe26e8c5c2a6394b06a3a67be078fe535859e00d8c30c957f3,1242,61.51346912092691,61.51346912092691,26.73718535374621,33.77232861983686,0.00021416788360989922,0.004258703503516197,0.05028945627068698
bfo-22d07ac0da0ea6fe26e8c5c2a6394b06a3a67be078fe535859e00d8c30c957f3,1243,61.51347015199774,61.51347015199774,26.737257414916577,33.772474603957335,0.0002141649747243131,0.004258651065936708,0.05028939244103264
bfo-22d07ac0da0ea6fe26e8c5c2a6394b06a3a67be078fe535859e00d8c30c957f3,1244,61.51347115709345,61.51347115709345,26.737215874123052,33.772391874809244,0.00021416719153552043,0.004258674667879458,0.05028963427304056
bfo-22d07ac0da0ea6fe26e8c5c2a6394b06a3a67be078fe535859e00d8c30c957f3,1245,61.513468190298724,61.513468190298724,26.73737046521933,33.77270220744476,0.00021416207216427269,0.004258576404512533,0.05028959253551005
bfo-22d07ac0da0ea6fe26e8c5c2a6394b06a3a67be078fe535859e00d8c30c957f3,1246,61.513462259147936,61.513462259147936,26.737593176166474,33.77315103752643,0.0002141550080843084,0.0042584349123448275,0.05028960462997612
bfo-22d07ac0da0ea6fe26e8c5c2a6394b06a3a67be078fe535859e00d8c30c957f3,1247,61.51346001872413,61.51346001872413,26.73793767097771,33.77384382486209,0.00021414360329123327,0.004258212444082326,0.05028955368087152
bfo-22d07ac0da0ea6fe26e8c5c2a6394b06a3a67be078fe535859e00d8c30c957f3,1248,61.51345433646717,61.51345433646717,26.73821398934332,33.77440339142155,0.00021413626053182647,0.004258034321924542,0.05028993294611148
bfo-22d07ac0da0ea6fe26e8c5c2a6394b06a3a67be078fe535859e00d8c30c957f3,1249,61.51345413083218,61.51345413083218,26.738328622385552,33.774632609299026,0.00021413217335089884,0.004257958052539914,0.05028987385706322
bfo-22d07ac0da0ea6fe26e8c5c2a6394b06a3a67be078fe535859e00d8c30c957f3,1250,61.513453113429264,61.513453113429264,26.738738371986795,33.77545972736431,0.00021412097827476113,0.004257692713308189,0.050290378543638735
bfo-22d07ac0da0ea6fe26e8c5c2a6394b06a3a67be078fe535859e00d8c30c957f3,1251,61.513445848322526,61.513445848322526,26.73852949075023,33.77504022273408,0.00021412891067959739,0.004257824250597313,0.050290687937520694
bfo-22d07ac0da0ea6fe26e8c5c2a6394b06a3a67be078fe535859e00d8c30c957f3,1252,61.51344288624781,61.51344288624781,26.738328614186646,33.774636694974696,0.00021413436876092554,0.004257957600774492,0.0502903947944376
bfo-22d07ac0da0ea6fe26e8c5c2a6394b06a3a67be078fe535859e00d8c30c957f3,1253,61.513441341101796,61.513441341101796,26.738221232865904,33.77441936234457,0.0002141373041455968,0.004258024938796329,0.05029028886010465
bfo-22d07ac0da0ea6fe26e8c5c2a6394b06a3a67be078fe535859e00d8c30c957f3,1254,61.51344232667998,61.51344232667998,26.738572606551017,33.77512535813324,0.0002141258126632261,0.004257793173799401,0.05029032738857838
bfo-22d07ac0da0ea6fe26e8c5c2a6394b06a3a67be078fe535859e00d8c30c957f3,1255,61.513440686390226,61.513440686390226,26.73803004522775,33.77403454189803,0.00021414329928344612,0.00425814805978796,0.050290242677496204
bfo-22d07ac0da0ea6fe26e8c5c2a6394b06a3a67be078fe535859e00d8c30c957f3,1256,61.513439219774135,61.513439219774135,26.738104534182963,33.77418427095203,0.0002141408281292956,0.004258102176371438,0.05029020424112433
bfo-22d07ac0da0ea6fe26e8c5c2a6394b06a3a67be078fe535859e00d8c30c957f3,1257,61.5134370763843,61.5134370763843,26.73812437722283,33.77422473434701,0.00021414098828801808,0.004258094383846946,0.05029033388746867
bfo-22d07ac0da0ea6fe26e8c5c2a6394b06a3a67be078fe535859e00d8c30c957f3,1258,61.51343562693348,61.51343562693348,26.73815513284005,33.77428705829775,0.00021414110043024536,0.004258072224140263,0.050290621943004286
bfo-22d07ac0da0ea6fe26e8c5c2a6394b06a3a67be078fe535859e00d8c30c957f3,1259,61.51343355480881,61.51343355480881,26.738166381111416,33.77430970518503,0.0002141411739807025,0.004258061624642869,0.050290764403547794
bfo-22d07ac0da0ea6fe26e8c5c2a6394b06a3a67be078fe535859e00d8c30c957f3,1260,61.513430454810205,61.513430454810205,26.7380070830679,33.77398980777007,0.00021414688707523666,0.00425816505391032,0.05029088453924143
bfo-22d07ac0da0ea6fe26e8c5c2a6394b06a3a67be078fe535859e00d8c30c957f3,1261,61.51342816546729,61.51342816546729,26.737878797917965,33.77373213975143,0.00021414992910740452,0.004258251887667907,0.05029057339881479
bfo-22d07ac0da0ea6fe26e8c5c2a6394b06a3a67be078fe535859e00d8c30c957f3,1262,61.513425899438914,61.513425899438914,26.737663901342437,33.77330059775937,0.00021415804014782088,0.004258393076858151,0.05029081070783325
bfo-22d07ac0da0ea6fe26e8c5c2a6394b06a3a67be078fe535859e00d8c30c957f3,1263,61.51342472415487,61.51342472415487,26.737316238585613,33.77260025457604,0.0002141697762119531,0.004258617237608524,0.05029091939059135
bfo-22d07ac0da0ea6fe26e8c5c2a6394b06a3a67be078fe535859e00d8c30c957f3,1264,61.51342213250475,61.51342213250475,26.737370574051347,33.772710944974165,0.00021416817998778183,0.0042585831126464415,0.050290947557599684
bfo-22d07ac0da0ea6fe26e8c5c2a6394b06a3a67be078fe535859e00d8c30c957f3,1265,61.51342098609644,61.51342098609644,26.73726724454952,33.7725035794322,0.00021417149886992126,0.004258652629812397,0.05029090594772366
bfo-22d07ac0da0ea6fe26e8c5c2a6394b06a3a67be078fe535859e00d8c30c957f3,1266,61.513424258535196,61.513424258535196,26.736986216756026,33.77193721135483,0.00021418152030341792,0.0042588353011394214,0.05029110194660854
bfo-22d07ac0da0ea6fe26e8c5c2a6394b06a3a67be078fe535859e00d8c30c957f3,1267,61.51342000713469,61.51342000713469,26.737306052657203,33.77258203834379,0.0002141706949093415,0.004258626269699404,0.05029102845515927
bfo-22d07ac0da0ea6fe26e8c5c2a6394b06a3a67be078fe535859e00d8c30c957f3,1268,61.513415415015324,61.513415415015324,26.737383043349798,33.77273771894403,0.00021416804356054177,0.004258573998209236,0.050291023157188565
bfo-22d07ac0da0ea6fe26e8c5c2a6394b06a3a67be078fe535859e00d8c30c957f3,1269,61.513418870021,61.513418870021,26.73721434013985,33.772394912149075,0.00021417242254378422,0.004258680594001516,0.05029079260967651
bfo-22d07ac0da0ea6fe26e8c5c2a6394b06a3a67be078fe535859e00d8c30c957f3,1270,61.51341488649919,61.51341488649919,26.73738880289165,33.77274906484732,0.00021416769839776656,0.0042585709562584576,0.05029097802938392
bfo-22d07ac0da0ea6fe26e8c5c2a6394b06a3a67be078fe535859e00d8c30c957f3,1271,61.513412577768605,61.513412577768605,26.737448653422007,33.772869770249365,0.00021416587010982568,0.004258531413226682,0.05029101568785953
bfo-22d07ac0da0ea6fe26e8c5c2a6394b06a3a67be078fe535859e00d8c30c957f3,1272,61.513408945439934,61.513408945439934,26.73736935176431,33.772712627721106,0.00021416949532959941,0.004258581047410657,0.05029128081519566
bfo-22d07ac0da0ea6fe26e8c5c2a6394b06a3a67be078fe535859e00d8c30c957f3,1273,61.51339928799746,61.51339928799746,26.737767635480896,33.77351658188127,0.00021415766670600448,0.004258326483788473,0.050291509474744756
bfo-22d07ac0da0ea6fe26e8c5c2a6394b06a3a67be078fe535859e00d8c30c957f3,1274,61.513400725775185,61.513400725775185,26.737471769667536,33.772922646864345,0.00021416796151229768,0.004258523187088926,0.05029160394420683
bfo-22d07ac0da0ea6fe26e8c5c2a6394b06a3a67be078fe535859e00d8c30c957f3,1275,61.513399473369944,61.513399473369944,26.737746413839794,33.77347419601997,0.0002141582069337589,0.004258337971713537,0.050291500664420626
bfo-22d07ac0da0ea6fe26e8c5c2a6394b06a3a67be078fe535859e00d8c30c957f3,1276,61.51339419852862,61.51339419852862,26.738054563512417,33.774096277094216,0.00021414875299973523,0.0042581394846438626,0.05029162472765872
bfo-22d07ac0da0ea6fe26e8c5c2a6394b06a3a67be078fe535859e00d8c30c957f3,1277,61.51339311888122,61.51339311888122,26.738228536119834,33.774446637320395,0.0002141428240727668,0.004258028756584386,0.050291540126784696
bfo-22d07ac0da0ea6fe26e8c5c2a6394b06a3a67be078fe535859e00d8c30c957f3,1278,61.513401112896204,61.513401112896204,26.7388611054273,33.775722350996254,0.00021412341924393526,0.00425762486715422,0.050291753248579305
bfo-22d07ac0da0ea6fe26e8c5c2a6394b06a3a67be078fe535859e00d8c30c957f3,1279,61.51339320087202,61.51339320087202,26.738235240646386,33.77445919790809,0.00021414274386012983,0.00425802494332692,0.05029156632718403
bfo-22d07ac0da0ea6fe26e8c5c2a6394b06a3a67be078fe535859e00d8c30c957f3,1280,61.51339108277841,61.51339108277841,26.73820496185175,33.77440206052116,0.00021414398955834,0.00425804664085274,0.05029160261040596
bfo-22d07ac0da0ea6fe26e8c5c2a6394b06a3a67be078fe535859e00d8c30c957f3,1281,61.51338699694495,61.51338699694495,26.738022861883827,33.77403607535975,0.00021415029319319978,0.00425816126193874,0.05029172922767543
bfo-22d07ac0da0ea6fe26e8c5c2a6394b06a3a67be078fe535859e00d8c30c957f3,1282,61.5133825436909,61.5133825436909,26.737722495613994,33.773433210314025,0.00021416083106647692,0.0042583554712411565,0.05029191022515948
bfo-22d07ac0da0ea6fe26e8c5c2a6394b06a3a67be078fe535859e00d8c30c957f3,1283,61.51337860341623,61.51337860341623,26.73788158118552,33.77375330356375,0.00021415634041473702,0.004258253969638472,0.050292054429275625
bfo-22d07ac0da0ea6fe26e8c5c2a6394b06a3a67be078fe535859e00d8c30c957f3,1284,61.5133738487374,61.5133738487374,26.73810202545479,33.77420023699131,0.00021414940476098163,0.0042581115884339285,0.05029210726714249
bfo-22d07ac0da0ea6fe26e8c5c2a6394b06a3a67be078fe535859e00d8c30c957f3,1285,61.51337134622387,61.51337134622387,26.738434476241405,33.774868534753594,0.0002141385913042952,0.004257891345091911,0.05029216904539699
bfo-22d07ac0da0ea6fe26e8c5c2a6394b06a3a67be078fe535859e00d8c30c957f3,1286,61.5133750580851,61.5133750580851,26.738796312696838,33.775596754404724,0.00021412722729029755,0.0042576588271752225,0.05029224650965328
bfo-22d07ac0da0ea6fe26e8c5c2a6394b06a3a67be078fe535859e00d8c30c957f3,1287,61.51337144794439,61.51337144794439,26.73844035717349,33.7748805064239,0.00021413874954499403,0.004257886251764537,0.05029226636955167
bfo-22d07ac0da0ea6fe26e8c5c2a6394b06a3a67be078fe535859e00d8c30c957f3,1288,61.51337089093456,61.51337089093456,26.738466735944154,33.77493357912906,0.00021413775307753738,0.004257867895672615,0.050292249154834344
bfo-22d07ac0da0ea6fe26e8c5c2a6394b06a3a67be078fe535859e00d8c30c957f3,1289,61.513370777830396,61.513370777830396,26.738482329998323,33.774964763936104,0.00021413754967518873,0.00425785694030743,0.05029233078453955
bfo-22d07ac0da0ea6fe26e8c5c2a6394b06a3a67be078fe535859e00d8c30c957f3,1290,61.51337003046112,61.51337003046112,26.738270610214688,33.77453634777858,0.00021414335064201157,0.004257990635584683,0.050292114043742286
bfo-22d07ac0da0ea6fe26e8c5c2a6394b06a3a67be078fe535859e00d8c30c957f3,1291,61.51337652586224,61.51337652586224,26.738869219559334,33.775742711125105,0.0002141242784104745,0.004257601839199251,0.05029222705586438
bfo-22d07ac0da0ea6fe26e8c5c2a6394b06a3a67be078fe535859e00d8c30c957f3,1292,61.513370173081825,61.513370173081825,26.738288814536805,33.774572107798114,0.00021414240525293146,0.004257980705272319,0.050292009305672986
bfo-22d07ac0da0ea6fe26e8c5c2a6394b06a3a67be078fe535859e00d8c30c957f3,1293,61.513367755394626,61.513367755394626,26.738091156741806,33.77417440028409,0.0002141490371938604,0.0042581061946792495,0.05029208465055475
bfo-22d07ac0da0ea6fe26e8c5c2a6394b06a3a67be078fe535859e00d8c30c957f3,1294,61.51336834778364,61.51336834778364,26.737954404474262,33.77390032823245,0.00021415226825410521,0.004258192031434139,0.05029182964817576
bfo-22d07ac0da0ea6fe26e8c5c2a6394b06a3a67be078fe535859e00d8c30c957f3,1295,61.51336842430318,61.51336842430318,26.738144809218273,33.77428234673361,0.00021414655662068232,0.004258073417950905,0.05029188921870097
bfo-22d07ac0da0ea6fe26e8c5c2a6394b06a3a67be078fe535859e00d8c30c957f3,1296,61.51336627516883,61.51336627516883,26.737601552940248,33.77319012146198,0.00021416563474838552,0.004258417848620855,0.050292301592185444
bfo-22d07ac0da0ea6fe26e8c5c2a6394b06a3a67be078fe535859e00d8c30c957f3,1297,61.51335869306281,61.51335869306281,26.7379440978543,33.77388341537724,0.00021415612783346464,0.00425819954097555,0.05029264734371787
bfo-22d07ac0da0ea6fe26e8c5c2a6394b06a3a67be078fe535859e00d8c30c957f3,1298,61.51335661392393,61.51335661392393,26.737805108196035,33.77360350766487,0.00021416100047979522,0.00425828868618931,0.05029273876484059
bfo-22d07ac0da0ea6fe26e8c5c2a6394b06a3a67be078fe535859e00d8c30c957f3,1299,61.51335284837502,61.51335284837502,26.737481315059146,33.772952446095786,0.00021417285780795842,0.004258499164718614,0.05029303741148207
bfo-22d07ac0da0ea6fe26e8c5c2a6394b06a3a67be078fe535859e00d8c30c957f3,1300,61.51335252696067,61.51335252696067,26.73734011161768,33.77266839649315,0.00021417679565573507,0.004258593978657334,0.05029284236278885
bfo-22d07ac0da0ea6fe26e8c5c2a6394b06a3a67be078fe535859e00d8c30c957f3,1301,61.51335258085182,61.51335258085182,26.737218309135027,33.772424882292555,0.00021418081327013503,0.004258670571914828,0.05029288122979487
bfo-22d07ac0da0ea6fe26e8c5c2a6394b06a3a67be078fe535859e00d8c30c957f3,1302,61.51335296007655,61.51335296007655,26.73722165521002,33.7724304306612,0.00021418132323162433,0.004258670437530908,0.050293002563448506
bfo-22d07ac0da0ea6fe26e8c5c2a6394b06a3a67be078fe535859e00d8c30c957f3,1303,61.513362362873096,61.513362362873096,26.736806402415134,33.77159383926108,0.00021419340625434278,0.004258942829316177,0.050292623037800674
bfo-22d07ac0da0ea6fe26e8c5c2a6394b06a3a67be078fe535859e00d8c30c957f3,1304,61.513352405087886,61.513352405087886,26.73733892818323,33.77266529317119,0.00021417683546527964,0.004258592992597217,0.05029286335594568
bfo-22d07ac0da0ea6fe26e8c5c2a6394b06a3a67be078fe535859e00d8c30c957f3,1305,61.51334685899363,61.51334685899363,26.73758127379625,33.77315414510343,0.00021417081233713608,0.004258434093107254,0.050293325587402
bfo-22d07ac0da0ea6fe26e8c5c2a6394b06a3a67be078fe535859e00d8c30c957f3,1306,61.51334561358675,61.51334561358675,26.73757302791784,33.773137663711765,0.000214171353744632,0.004258440077480802,0.05029338204785331
bfo-22d07ac0da0ea6fe26e8c5c2a6394b06a3a67be078fe535859e00d8c30c957f3,1307,61.513343469473966,61.513343469473966,26.73755570116811,33.773103637410706,0.00021417260587454983,0.004258455631065451,0.050293492390095555
bfo-22d07ac0da0ea6fe26e8c5c2a6394b06a3a67be078fe535859e00d8c30c957f3,1308,61.51333628605795,61.51333628605795,26.738346554461973,33.77469938775618,0.00021414920026146657,0.00425794174986873,0.05029406526476523
bfo-22d07ac0da0ea6fe26e8c5c2a6394b06a3a67be078fe535859e00d8c30c957f3,1309,61.51333636637691,61.51333636637691,26.73847657675012,33.774962611615905,0.00021414637496447092,0.004257856916975197,0.05029440376700154
bfo-22d07ac0da0ea6fe26e8c5c2a6394b06a3a67be078fe535859e00d8c30c957f3,1310,61.51333585712974,61.51333585712974,26.738273891577702,33.774552712267244,0.00021415148480842771,0.004257990033862587,0.05029403148089632
bfo-22d07ac0da0ea6fe26e8c5c2a6394b06a3a67be078fe535859e00d8c30c957f3,1311,61.51333509847918,61.51333509847918,26.738274912758232,33.77455491655106,0.0002141523534542895,0.004257989997257273,0.05029423591700142
bfo-22d07ac0da0ea6fe26e8c5c2a6394b06a3a67be078fe535859e00d8c30c957f3,1312,61.513334091316025,61.513334091316025,26.73830415078138,33.77461570735613,0.0002141508020951434,0.004257970899883745,0.0502940971487124
bfo-22d07ac0da0ea6fe26e8c5c2a6394b06a3a67be078fe535859e00d8c30c957f3,1313,61.513327739886314,61.513327739886314,26.738511032592395,33.775035920079546,0.00021414592471884214,0.004257839414940708,0.05029450475924635
bfo-22d07ac0da0ea6fe26e8c5c2a6394b06a3a67be078fe535859e00d8c30c957f3,1314,61.513331523668896,61.513331523668896,26.739087612698373,33.776198277192826,0.00021412886885779935,0.0042574674844842,0.0502948923598747
bfo-22d07ac0da0ea6fe26e8c5c2a6394b06a3a67be078fe535859e00d8c30c957f3,1315,61.513327804058264,61.513327804058264,26.73851839579371,33.775050765353186,0.00021414592626622808,0.0042578322431574885,0.05029458983743885
bfo-22d07ac0da0ea6fe26e8c5c2a6394b06a3a67be078fe535859e00d8c30c957f3,1316,61.513326907756216,61.513326907756216,26.73846805026533,33.774949747210805,0.0002141465681306905,0.0042578641152032325,0.05029436410759413
bfo-22d07ac0da0ea6fe26e8c5c2a6394b06a3a67be078fe535859e00d8c30c957f3,1317,61.51332843366578,61.51332843366578,26.738547982519368,33.77511002692267,0.00021414402073120125,0.004257809255296727,0.05029441383847937
bfo-22d07ac0da0ea6fe26e8c5c2a6394b06a3a67be078fe535859e00d8c30c957f3,1318,61.51332648088793,61.51332648088793,26.738417799066315,33.77484882608974,0.00021414816663124282,0.004257898169992559,0.050294337271954315
bfo-22d07ac0da0ea6fe26e8c5c2a6394b06a3a67be078fe535859e00d8c30c957f3,1319,61.51332681429412,61.51332681429412,26.73852991195272,33.77507534338494,0.00021414458416465728,0.004257827172740218,0.05029433452246956
bfo-22d07ac0da0ea6fe26e8c5c2a6394b06a3a67be078fe535859e00d8c30c957f3,1320,61.513325803075354,61.513325803075354,26.738385462324498,33.77478393523213,0.00021415004194560072,0.00425791851952811,0.05029453733401507
bfo-22d07ac0da0ea6fe26e8c5c2a6394b06a3a67be078fe535859e00d8c30c957f3,1321,61.51332906200765,61.51332906200765,26.738622023668945,33.77526014853568,0.00021414303908695267,0.004257760908203554,0.05029475438002094
bfo-22d07ac0da0ea6fe26e8c5c2a6394b06a3a67be078fe535859e00d8c30c957f3,1322,61.51332235451033,61.51332235451033,26.73822333115784,33.774456961205374,0.00021415549945767704,0.00425802261337122,0.05029458950856132
bfo-22d07ac0da0ea6fe26e8c5c2a6394b06a3a67be078fe535859e00d8c30c957f3,1323,61.513322266841996,61.513322266841996,26.738345508018057,33.77470121347698,0.00021415210338749014,0.004257939521989864,0.05029477339485799
bfo-22d07ac0da0ea6fe26e8c5c2a6394b06a3a67be078fe535859e00d8c30c957f3,1324,61.51332032552321,61.51332032552321,26.738274665129385,33.774558394979394,0.00021415478736183744,0.004257984383142226,0.05029487383976725
bfo-22d07ac0da0ea6fe26e8c5c2a6394b06a3a67be078fe535859e00d8c30c957f3,1325,61.51331678805073,61.51331678805073,26.737742187401007,33.77348622580328,0.00021417265855602722,0.004258323501151567,0.05029506529931535
bfo-22d07ac0da0ea6fe26e8c5c2a6394b06a3a67be078fe535859e00d8c30c957f3,1326,61.51331430543554,61.51331430543554,26.73759336012872,33.77318785980259,0.00021417742027801938,0.004258422424942674,0.0502950151266176
bfo-22d07ac0da0ea6fe26e8c5c2a6394b06a3a67be078fe535859e00d8c30c957f3,1327,61.513316730859984,61.513316730859984,26.73730470823607,33.77260965737937,0.00021418731585259754,0.0042586106108273075,0.05029511627760398
bfo-22d07ac0da0ea6fe26e8c5c2a6394b06a3a67be078fe535859e00d8c30c957f3,1328,61.51331444627109,61.51331444627109,26.737621016282578,33.773242920335186,0.00021417619530962237,0.004258403153664674,0.05029495507613171
bfo-22d07ac0da0ea6fe26e8c5c2a6394b06a3a67be078fe535859e00d8c30c957f3,1329,61.51331408010681,61.51331408010681,26.737587339860116,33.77317726204428,0.00021417875061484096,0.004258427833821826,0.05029526364489808
bfo-22d07ac0da0ea6fe26e8c5c2a6394b06a3a67be078fe535859e00d8c30c957f3,1330,61.513314947935385,61.513314947935385,26.737598336862938,33.77319887663246,0.0002141783819720823,0.004258418786742504,0.05029528393000515
bfo-22d07ac0da0ea6fe26e8c5c2a6394b06a3a67be078fe535859e00d8c30c957f3,1331,61.51331323921647,61.51331323921647,26.737700344603734,33.773404477339305,0.0002141746579444012,0.0042583534191569,0.05029518146166578
bfo-22d07ac0da0ea6fe26e8c5c2a6394b06a3a67be078fe535859e00d8c30c957f3,1332,61.51331336515693,61.51331336515693,26.73734210792028,33.77268205308021,0.00021418700075064812,0.004258581062193526,0.05029539126356887
bfo-22d07ac0da0ea6fe26e8c5c2a6394b06a3a67be078fe535859e00d8c30c957f3,1333,61.513312787402505,61.513312787402505,26.73786740334109,33.77374024555277,0.0002141692928299541,0.004258246640301454,0.05029518271745585
bfo-22d07ac0da0ea6fe26e8c5c2a6394b06a3a67be078fe535859e00d8c30c957f3,1334,61.51331188892294,61.51331188892294,26.73813356570844,33.77427738219284,0.00021416109044871778,0.0042580752127265795,0.05029528125962428
bfo-22d07ac0da0ea6fe26e8c5c2a6394b06a3a67be078fe535859e00d8c30c957f3,1335,61.51331329110843,61.51331329110843,26.73777583901997,33.77355738250603,0.00021417337480799628,0.0042583107291730565,0.05029538435058912
bfo-22d07ac0da0ea6fe26e8c5c2a6394b06a3a67be078fe535859e00d8c30c957f3,1336,61.51331169451289,61.51331169451289,26.738149932960525,33.77431025050581,0.00021416047141528238,0.004258064070482803,0.050295267490185896
bfo-22d07ac0da0ea6fe26e8c5c2a6394b06a3a67be078fe535859e00d8c30c957f3,1337,61.51330582695219,61.51330582695219,26.7385328429951,33.775082237944325,0.00021414958971684392,0.004257816423555224,0.050295637109227846
bfo-22d07ac0da0ea6fe26e8c5c2a6394b06a3a67be078fe535859e00d8c30c957f3,1338,61.51330987398156,61.51330987398156,26.7389689018248,33.77596103348495,0.00021413664859484227,0.004257532659188787,0.05029594972869638
bfo-22d07ac0da0ea6fe26e8c5c2a6394b06a3a67be078fe535859e00d8c30c957f3,1339,61.5133057376158,61.5133057376158,26.7385334157706,33.77508326064388,0.00021414970615384906,0.004257815680913379,0.05029567322837
bfo-22d07ac0da0ea6fe26e8c5c2a6394b06a3a67be078fe535859e00d8c30c957f3,1340,61.513300303346774,61.513300303346774,26.737903870810495,33.773815245454486,0.00021416984380041341,0.004258228227680679,0.050295529583923894
bfo-22d07ac0da0ea6fe26e8c5c2a6394b06a3a67be078fe535859e00d8c30c957f3,1341,61.513298754010755,61.513298754010755,26.737884114098527,33.77377438764498,0.00021417013755518894,0.004258242246060009,0.05029543299312116
bfo-22d07ac0da0ea6fe26e8c5c2a6394b06a3a67be078fe535859e00d8c30c957f3,1342,61.513298233332584,61.513298233332584,26.738050364849713,33.774109694713,0.00021416392640282865,0.004258136929090846,0.050295218300684084
bfo-22d07ac0da0ea6fe26e8c5c2a6394b06a3a67be078fe535859e00d8c30c957f3,1343,61.513295231726865,61.513295231726865,26.737952533172308,33.77391339896045,0.0002141681774488249,0.004258196704271617,0.05029551059348238
bfo-22d07ac0da0ea6fe26e8c5c2a6394b06a3a67be078fe535859e00d8c30c957f3,1344,61.513292849288675,61.513292849288675,26.73802284079902,33.7740538699685,0.0002141653099731127,0.004258148729127437,0.05029540384724857
bfo-22d07ac0da0ea6fe26e8c5c2a6394b06a3a67be078fe535859e00d8c30c957f3,1345,61.513290465401944,61.513290465401944,26.738133335801894,33.77427576727348,0.00021416264001499125,0.0042580728158367305,0.05029567348366431
bfo-22d07ac0da0ea6fe26e8c5c2a6394b06a3a67be078fe535859e00d8c30c957f3,1346,61.513288501588704,61.513288501588704,26.73817164041778,33.77435236384956,0.00021416260948687593,0.004258047406769237,0.05029596644377669
bfo-22d07ac0da0ea6fe26e8c5c2a6394b06a3a67be078fe535859e00d8c30c957f3,1347,61.513285757502175,61.513285757502175,26.738094941083432,33.77419723760944,0.00021416616763808853,0.004258099230883355,0.050296189925489156
bfo-22d07ac0da0ea6fe26e8c5c2a6394b06a3a67be078fe535859e00d8c30c957f3,1348,61.51328154674836,61.51328154674836,26.737806357555467,33.773617654780836,0.0002141766150924811,0.004258285497169284,0.050296443306785336
bfo-22d07ac0da0ea6fe26e8c5c2a6394b06a3a67be078fe535859e00d8c30c957f3,1349,61.513273879983274,61.513273879983274,26.737853756601265,33.77371382638828,0.000214176825143836,0.004258254330455866,0.05029686076099343
bfo-22d07ac0da0ea6fe26e8c5c2a6394b06a3a67be078fe535859e00d8c30c957f3,1350,61.51327106881935,61.51327106881935,26.73783153104016,33.773669692421024,0.0002141786125701225,0.004258266701313764,0.050297134396031125
bfo-22d07ac0da0ea6fe26e8c5c2a6394b06a3a67be078fe535859e00d8c30c957f3,1351,61.5132713656366,61.5132713656366,26.737575680865138,33.77315409291791,0.0002141873383185168,0.004258433516440016,0.050297213163392085
bfo-22d07ac0da0ea6fe26e8c5c2a6394b06a3a67be078fe535859e00d8c30c957f3,1352,61.51327255799607,61.51327255799607,26.73771841259888,33.77344075162218,0.00021418175740409444,0.004258338074686363,0.050297029885272654
bfo-22d07ac0da0ea6fe26e8c5c2a6394b06a3a67be078fe535859e00d8c30c957f3,1353,61.51326587433286,61.51326587433286,26.737809701128107,33.77362746054985,0.0002141812183100254,0.004258280607496105,0.050297582064692835
bfo-22d07ac0da0ea6fe26e8c5c2a6394b06a3a67be078fe535859e00d8c30c957f3,1354,61.513265311855854,61.513265311855854,26.737725773098674,33.773457631454214,0.00021418468710911423,0.0042583282513347425,0.05029783390746816
bfo-22d07ac0da0ea6fe26e8c5c2a6394b06a3a67be078fe535859e00d8c30c957f3,1355,61.51326012096921,61.51326012096921,26.737826377138923,33.77365958897916,0.000214181857616948,0.004258260396073214,0.050297970930678025
bfo-22d07ac0da0ea6fe26e8c5c2a6394b06a3a67be078fe535859e00d8c30c957f3,1356,61.513254596068805,61.513254596068805,26.738120181409315,33.77425296720594,0.0002141730578371919,0.004258075801133264,0.05029808482512004
bfo-22d07ac0da0ea6fe26e8c5c2a6394b06a3a67be078fe535859e00d8c30c957f3,1357,61.513247752530404,61.513247752530404,26.738208718965744,33.774434479484356,0.00021417261675754423,0.004258022210954355,0.050298614273677426
bfo-22d07ac0da0ea6fe26e8c5c2a6394b06a3a67be078fe535859e00d8c30c957f3,1358,61.513241655411285,61.513241655411285,26.73834992366018,33.77472100710353,0.00021417031317364665,0.0042579304819690324,0.05029915685110152
bfo-22d07ac0da0ea6fe26e8c5c2a6394b06a3a67be078fe535859e00d8c30c957f3,1359,61.51323598399328,61.51323598399328,26.738135258667334,33.774289451412024,0.0002141783763118097,0.004258070250162329,0.05029939942950557
bfo-22d07ac0da0ea6fe26e8c5c2a6394b06a3a67be078fe535859e00d8c30c957f3,1360,61.513233042137784,61.513233042137784,26.73846846973376,33.77496163973347,0.00021416945764122735,0.004257852541562199,0.0502998766515876
bfo-22d07ac0da0ea6fe26e8c5c2a6394b06a3a67be078fe535859e00d8c30c957f3,1361,61.51322491067489,61.51322491067489,26.738345426270893,33.77471468121851,0.0002141742073964564,0.004257936201368373,0.050300003867513855
bfo-22d07ac0da0ea6fe26e8c5c2a6394b06a3a67be078fe535859e00d8c30c957f3,1362,61.51321910576482,61.51321910576482,26.73845311684091,33.77493295111873,0.00021417148036079054,0.0042578718152712445,0.05030012401797655
bfo-22d07ac0da0ea6fe26e8c5c2a6394b06a3a67be078fe535859e00d8c30c957f3,1363,61.51321558820793,61.51321558820793,26.738718838797148,33.77546887323554,0.00021416441197455268,0.004257699485810945,0.05030049976243491
bfo-22d07ac0da0ea6fe26e8c5c2a6394b06a3a67be078fe535859e00d8c30c957f3,1364,61.51320885440968,61.51320885440968,26.738628139637417,33.775287137185394,0.00021416813335386326,0.004257757327418751,0.050300690453793866
bfo-22d07ac0da0ea6fe26e8c5c2a6394b06a3a67be078fe535859e00d8c30c957f3,1365,61.513199392171586,61.513199392171586,26.73832396641755,33.774675035404904,0.00021417911215359118,0.0042579549377721095,0.05030093443535975
bfo-22d07ac0da0ea6fe26e8c5c2a6394b06a3a67be078fe535859e00d8c30c957f3,1366,61.51319611199679,61.51319611199679,26.738094492632996,33.77421315039156,0.00021418654758580908,0.004258104481143194,0.05030091406500795
bfo-22d07ac0da0ea6fe26e8c5c2a6394b06a3a67be078fe535859e00d8c30c957f3,1367,61.51319133570086,61.51319133570086,26.737735166240405,33.77349082866788,0.00021420006834990834,0.004258342235767968,0.0503012807544527
bfo-22d07ac0da0ea6fe26e8c5c2a6394b06a3a67be078fe535859e00d8c30c957f3,1368,61.513186255892464,61.513186255892464,26.737583588207045,33.77318544217901,0.00021420597078912452,0.004258438017314462,0.05030153542641233
bfo-22d07ac0da0ea6fe26e8c5c2a6394b06a3a67be078fe535859e00d8c30c957f3,1369,61.51318568069824,61.51318568069824,26.73733805445535,33.77269249244492,0.00021421438213113146,0.004258597611506552,0.0503016254816687
bfo-22d07ac0da0ea6fe26e8c5c2a6394b06a3a67be078fe535859e00d8c30c957f3,1370,61.51318517779574,61.51318517779574,26.737123494565182,33.77226257060366,0.00021422182828153064,0.004258739086249441,0.05030170290854567
bfo-22d07ac0da0ea6fe26e8c5c2a6394b06a3a67be078fe535859e00d8c30c957f3,1371,61.51317788780568,61.51317788780568,26.737202527675564,33.772422473376764,0.00021422019579642063,0.004258689868449855,0.05030190091639518
bfo-22d07ac0da0ea6fe26e8c5c2a6394b06a3a67be078fe535859e00d8c30c957f3,1372,61.5131827493468,61.5131827493468,26.737128814008397,33.772274395537835,0.00021422255263826647,0.004258738558076475,0.05030187923417007
bfo-22d07ac0da0ea6fe26e8c5c2a6394b06a3a67be078fe535859e00d8c30c957f3,1373,61.51317845476267,61.51317845476267,26.73717860277762,33.77237515138395,0.00021422130160800534,0.0042587034890558245,0.05030199969509952
bfo-22d07ac0da0ea6fe26e8c5c2a6394b06a3a67be078fe535859e00d8c30c957f3,1374,61.51317801270268,61.51317801270268,26.737094096750518,33.77220467188318,0.00021422418783559305,0.0042587599769494415,0.05030201020838988
bfo-22d07ac0da0ea6fe26e8c5c2a6394b06a3a67be078fe535859e00d8c30c957f3,1375,61.513179067118735,61.513179067118735,26.73715909579939,33.772334358308775,0.00021422107914627702,0.004258717875234532,0.05030177753544655
bfo-22d07ac0da0ea6fe26e8c5c2a6394b06a3a67be078fe535859e00d8c30c957f3,1376,61.51317056516962,61.51317056516962,26.737460976959294,33.77294257197362,0.00021421299562162968,0.004258521613167017,0.050302197588782877
bfo-22d07ac0da0ea6fe26e8c5c2a6394b06a3a67be078fe535859e00d8c30c957f3,1377,61.513166615300506,61.513166615300506,26.73776412141373,33.773551921799324,0.00021420374001224454,0.004258329353916468,0.05030229515132201
bfo-22d07ac0da0ea6fe26e8c5c2a6394b06a3a67be078fe535859e00d8c30c957f3,1378,61.51316407837031,61.51316407837031,26.738049676997075,33.77412714339008,0.00021419472055502837,0.004258143457955739,0.05030237301066873
bfo-22d07ac0da0ea6fe26e8c5c2a6394b06a3a67be078fe535859e00d8c30c957f3,1379,61.513160132173,61.513160132173,26.738432807339105,33.774898976356084,0.00021418370191162678,0.004257894675820467,0.05030272428482629
bfo-22d07ac0da0ea6fe26e8c5c2a6394b06a3a67be078fe535859e00d8c30c957f3,1380,61.51316195268272,61.51316195268272,26.738511986246063,33.7750564596586,0.00021418019116368158,0.004257842317612162,0.05030251831490929
bfo-22d07ac0da0ea6fe26e8c5c2a6394b06a3a67be078fe535859e00d8c30c957f3,1381,61.513160348546236,61.513160348546236,26.738442522553072,33.77491798326175,0.00021418370365498707,0.004257889216145322,0.05030278919489787
bfo-22d07ac0da0ea6fe26e8c5c2a6394b06a3a67be078fe535859e00d8c30c957f3,1382,61.51315313610003,61.51315313610003,26.738191176054443,33.77441443452623,0.00021419213774895806,0.004258053347502218,0.05030283095786096
bfo-22d07ac0da0ea6fe26e8c5c2a6394b06a3a67be078fe535859e00d8c30c957f3,1383,61.513151252446825,61.513151252446825,26.737656004195504,33.77333588847668,0.000214208978751915,0.0042583984915563955,0.05030270867713559
bfo-22d07ac0da0ea6fe26e8c5c2a6394b06a3a67be078fe535859e00d8c30c957f3,1384,61.51314344004347,61.51314344004347,26.737737042565783,33.773500391045346,0.0002142076663113566,0.00425834895120143,0.05030298567967782
bfo-22d07ac0da0ea6fe26e8c5c2a6394b06a3a67be078fe535859e00d8c30c957f3,1385,61.513135655511995,61.513135655511995,26.737904700345034,33.7738386341681,0.00021420393367392907,0.004258242299434168,0.050303368998610605
bfo-22d07ac0da0ea6fe26e8c5c2a6394b06a3a67be078fe535859e00d8c30c957f3,1386,61.51313749573036,61.51313749573036,26.737691704998085,33.77340688881051,0.00021421101774619854,0.004258381642116899,0.05030338653247419
bfo-22d07ac0da0ea6fe26e8c5c2a6394b06a3a67be078fe535859e00d8c30c957f3,1387,61.51313539001063,61.51313539001063,26.737902306954922,33.77383437943638,0.00021420383050579448,0.004258244947603278,0.05030331348748679
bfo-22d07ac0da0ea6fe26e8c5c2a6394b06a3a67be078fe535859e00d8c30c957f3,1388,61.513128930301605,61.513128930301605,26.73787116658329,33.77377327155715,0.00021420712119169972,0.004258269389415275,0.05030379752961417
bfo-22d07ac0da0ea6fe26e8c5c2a6394b06a3a67be078fe535859e00d8c30c957f3,1389,61.51312440968511,61.51312440968511,26.737909093491975,33.773850927572205,0.00021420730616900668,0.004258244067204028,0.05030414010760441
bfo-22d07ac0da0ea6fe26e8c5c2a6394b06a3a67be078fe535859e00d8c30c957f3,1390,61.513118243055885,61.513118243055885,26.73808249090721,33.774200346074274,0.00021420257164132635,0.004258128422450423,0.05030439441703342
bfo-22d07ac0da0ea6fe26e8c5c2a6394b06a3a67be078fe535859e00d8c30c957f3,1391,61.513112266563844,61.513112266563844,26.738240824575183,33.774521014010986,0.0002141993002920737,0.004258029015975755,0.05030480052822949
bfo-22d07ac0da0ea6fe26e8c5c2a6394b06a3a67be078fe535859e00d8c30c957f3,1392,61.51311005346006,61.51311005346006,26.738302158917595,33.77464510559901,0.00021419891682457836,0.004257984568342475,0.05030523558425214
bfo-22d07ac0da0ea6fe26e8c5c2a6394b06a3a67be078fe535859e00d8c30c957f3,1393,61.51310677099195,61.51310677099195,26.73832894320557,33.77469816202387,0.00021419753006795072,0.0042579700317300915,0.05030508164025718
bfo-22d07ac0da0ea6fe26e8c5c2a6394b06a3a67be078fe535859e00d8c30c957f3,1394,61.51309978295113,61.51309978295113,26.738263326702107,33.774565671639344,0.00021420068555144184,0.004258012067094719,0.05030532609495232
bfo-22d07ac0da0ea6fe26e8c5c2a6394b06a3a67be078fe535859e00d8c30c957f3,1395,61.513093001020835,61.513093001020835,26.73815046096805,33.77433991071471,0.000214205341237991,0.004258087744424771,0.050305525413011
bfo-22d07ac0da0ea6fe26e8c5c2a6394b06a3a67be078fe535859e00d8c30c957f3,1396,61.51308566157335,61.51308566157335,26.738101855296385,33.774244854703475,0.0002142082587054836,0.004258120287968398,0.05030582609672706
bfo-22d07ac0da0ea6fe26e8c5c2a6394b06a3a67be078fe535859e00d8c30c957f3,1397,61.513075006352906,61.513075006352906,26.738013501327035,33.77406972894136,0.00021421282569182568,0.004258180568206066,0.050306186471108634
bfo-22d07ac0da0ea6fe26e8c5c2a6394b06a3a67be078fe535859e00d8c30c957f3,1398,61.51306511745746,61.51306511745746,26.737857219531598,33.77375763038699,0.00021421960882231478,0.0042582837763335615,0.05030656012473661
bfo-22d07ac0da0ea6fe26e8c5c2a6394b06a3a67be078fe535859e00d8c30c957f3,1399,61.513056209999036,61.513056209999036,26.737665120595747,33.77337319069526,0.000214227399880174,0.004258411602211304,0.05030687962829384
bfo-22d07ac0da0ea6fe26e8c5c2a6394b06a3a67be078fe535859e00d8c30c957f3,1400,61.51304688953463,61.51304688953463,26.7376583191245,33.77336221978652,0.00021422905830801198,0.004258415340957549,0.05030722490771422
bfo-22d07ac0da0ea6fe26e8c5c2a6394b06a3a67be078fe535859e00d8c30c957f3,1401,61.513036538226444,61.513036538226444,26.737598616735703,33.77324514795863,0.0002142331693116533,0.0042584580243597665,0.0503076860417949
bfo-22d07ac0da0ea6fe26e8c5c2a6394b06a3a67be078fe535859e00d8c30c957f3,1402,61.5130242333793,61.5130242333793,26.737249070558605,33.772543643101706,0.00021424890120838038,0.004258688647835947,0.050308655768308154
bfo-22d07ac0da0ea6fe26e8c5c2a6394b06a3a67be078fe535859e00d8c30c957f3,1403,61.513009276487615,61.513009276487615,26.737171693789,33.77239133044452,0.0002142538753388631,0.004258735252527323,0.050309273207747605
bfo-22d07ac0da0ea6fe26e8c5c2a6394b06a3a67be078fe535859e00d8c30c957f3,1404,61.51299331990509,61.51299331990509,26.737328330171824,33.77270724109428,0.00021424953399352238,0.004258634934372197,0.050309438891856274
bfo-22d07ac0da0ea6fe26e8c5c2a6394b06a3a67be078fe535859e00d8c30c957f3,1405,61.51297496132473,61.51297496132473,26.737209235261076,33.7724721311527,0.00021425634087872866,0.004258717758000207,0.05031005881435504
bfo-22d07ac0da0ea6fe26e8c5c2a6394b06a3a67be078fe535859e00d8c30c957f3,1406,61.51296328243687,61.51296328243687,26.736995781024337,33.77204570920792,0.00021426589787201534,0.004258858247153913,0.05031064323758693
bfo-22d07ac0da0ea6fe26e8c5c2a6394b06a3a67be078fe535859e00d8c30c957f3,1407,61.5129512197196,61.5129512197196,26.73701222997679,33.77207942935481,0.00021426672340751584,0.004258845089218316,0.05031099251530728
bfo-22d07ac0da0ea6fe26e8c5c2a6394b06a3a67be078fe535859e00d8c30c957f3,1408,61.51293800228265,61.51293800228265,26.73701115215956,33.7720813281685,0.0002142698934364208,0.004258857228905557,0.050311593443925794
bfo-22d07ac0da0ea6fe26e8c5c2a6394b06a3a67be078fe535859e00d8c30c957f3,1409,61.51292117303107,61.51292117303107,26.7372834837996,33.772631234947355,0.00021426188454895715,0.004258677858952716,0.05031183189837419
bfo-22d07ac0da0ea6fe26e8c5c2a6394b06a3a67be078fe535859e00d8c30c957f3,1410,61.512908657377416,61.512908657377416,26.737444989444906,33.772958354209116,0.00021425652522934219,0.0042585780264541625,0.050311752866423226
bfo-22d07ac0da0ea6fe26e8c5c2a6394b06a3a67be078fe535859e00d8c30c957f3,1411,61.51289408951596,61.51289408951596,26.737295116800155,33.77265680753829,0.00021426386201007692,0.004258678567357977,0.05031228786609344
bfo-22d07ac0da0ea6fe26e8c5c2a6394b06a3a67be078fe535859e00d8c30c957f3,1412,61.51287350002965,61.51287350002965,26.73753299452553,33.77313850750303,0.00021425908587655195,0.004258524254939574,0.05031298944183004
bfo-22d07ac0da0ea6fe26e8c5c2a6394b06a3a67be078fe535859e00d8c30c957f3,1413,61.51285284658155,61.51285284658155,26.73759065931387,33.77326003981001,0.0002142601011264038,0.004258491099906602,0.05031361956611886
bfo-22d07ac0da0ea6fe26e8c5c2a6394b06a3a67be078fe535859e00d8c30c957f3,1414,61.51285029080252,61.51285029080252,26.738974595559192,33.77605156718802,0.00021421629265696874,0.00425758767674048,0.050314006174728566
bfo-22d07ac0da0ea6fe26e8c5c2a6394b06a3a67be078fe535859e00d8c30c957f3,1415,61.51287559556529,61.51287559556529,26.740036486066288,33.77818931114503,0.00021418547541728297,0.004256899927622155,0.05031489559514357
bfo-22d07ac0da0ea6fe26e8c5c2a6394b06a3a67be078fe535859e00d8c30c957f3,1416,61.512849415470434,61.512849415470434,26.738935672718434,33.77597353839861,0.00021421724279487627,0.004257612849500742,0.050313931859726484
bfo-22d07ac0da0ea6fe26e8c5c2a6394b06a3a67be078fe535859e00d8c30c957f3,1417,61.51284497116056,61.51284497116056,26.7388254967594,33.77575358197291,0.00021422214625857404,0.004257679874813131,0.050314291482042486
bfo-22d07ac0da0ea6fe26e8c5c2a6394b06a3a67be078fe535859e00d8c30c957f3,1418,61.512840147100434,61.512840147100434,26.738636045821117,33.77537156765202,0.00021422867047417467,0.004257802146843502,0.050314378894517654
bfo-22d07ac0da0ea6fe26e8c5c2a6394b06a3a67be078fe535859e00d8c30c957f3,1419,61.512835214270154,61.512835214270154,26.73840992272462,33.77491583499125,0.00021423584075988048,0.004257950145085844,0.05031431403844239
bfo-22d07ac0da0ea6fe26e8c5c2a6394b06a3a67be078fe535859e00d8c30c957f3,1420,61.51282982864655,61.51282982864655,26.73798830950716,33.774068273033706,0.00021424930365643885,0.004258224387025808,0.05031423527356271
bfo-22d07ac0da0ea6fe26e8c5c2a6394b06a3a67be078fe535859e00d8c30c957f3,1421,61.51282911096874,61.51282911096874,26.738003418795994,33.77409793612467,0.00021424871145300266,0.004258211256160818,0.05031425135214363
bfo-22d07ac0da0ea6fe26e8c5c2a6394b06a3a67be078fe535859e00d8c30c957f3,1422,61.51283337853273,61.51283337853273,26.738440842032933,33.77497795185582,0.00021423453741267618,0.004257929743976405,0.05031424901168199
bfo-22d07ac0da0ea6fe26e8c5c2a6394b06a3a67be078fe535859e00d8c30c957f3,1423,61.51282949391181,61.51282949391181,26.73780506031929,33.77369839658941,0.00021425521376974296,0.00425833799064762,0.0503142808861817
bfo-22d07ac0da0ea6fe26e8c5c2a6394b06a3a67be078fe535859e00d8c30c957f3,1424,61.5128275373061,61.5128275373061,26.738004547982783,33.77410219976112,0.00021424876688376165,0.004258213334312358,0.05031423981446901
bfo-22d07ac0da0ea6fe26e8c5c2a6394b06a3a67be078fe535859e00d8c30c957f3,1425,61.51282668377348,61.51282668377348,26.73771169875892,33.77351351779344,0.00021425843547400063,0.004258408134086702,0.05031420867317888
bfo-22d07ac0da0ea6fe26e8c5c2a6394b06a3a67be078fe535859e00d8c30c957f3,1426,61.5128266724365,61.5128266724365,26.73777032946415,33.773630796543685,0.00021425553315971798,0.00425836479767205,0.05031403915344373
bfo-22d07ac0da0ea6fe26e8c5c2a6394b06a3a67be078fe535859e00d8c30c957f3,1427,61.51282750549754,61.51282750549754,26.737513498397895,33.77311237969392,0.0002142637947445446,0.004258529115925824,0.050314037760890745
bfo-22d07ac0da0ea6fe26e8c5c2a6394b06a3a67be078fe535859e00d8c30c957f3,1428,61.51282731090214,61.51282731090214,26.737827162461663,33.77374423696758,0.0002142536506292158,0.004258327130153402,0.05031404212984866
bfo-22d07ac0da0ea6fe26e8c5c2a6394b06a3a67be078fe535859e00d8c30c957f3,1429,61.512833706007925,61.512833706007925,26.737245172389343,33.77257305531305,0.0002142724723349902,0.004258704916356496,0.05031399839703134
bfo-22d07ac0da0ea6fe26e8c5c2a6394b06a3a67be078fe535859e00d8c30c957f3,1430,61.51282510957867,61.51282510957867,26.737846975446466,33.773784889626924,0.00021425299471373912,0.0042583141040896935,0.05031404200736862
bfo-22d07ac0da0ea6fe26e8c5c2a6394b06a3a67be078fe535859e00d8c30c957f3,1431,61.51282335661175,61.51282335661175,26.73799950455199,33.774092785033055,0.00021424839734113056,0.004258213374546438,0.05031415255557764
bfo-22d07ac0da0ea6fe26e8c5c2a6394b06a3a67be078fe535859e00d8c30c957f3,1432,61.51281348730999,61.51281348730999,26.7381881610653,33.77447463213919,0.0002142441323614894,0.004258090939450298,0.050314597646697386
bfo-22d07ac0da0ea6fe26e8c5c2a6394b06a3a67be078fe535859e00d8c30c957f3,1433,61.5128118062287,61.5128118062287,26.73816415892802,33.77442583531383,0.00021424455912611424,0.004258103259133628,0.050314552298974864
bfo-22d07ac0da0ea6fe26e8c5c2a6394b06a3a67be078fe535859e00d8c30c957f3,1434,61.512809084136066,61.512809084136066,26.738111872388536,33.77432131649405,0.00021424582914645078,0.004258137471649957,0.050314446297910174
bfo-22d07ac0da0ea6fe26e8c5c2a6394b06a3a67be078fe535859e00d8c30c957f3,1435,61.51280577564275,61.51280577564275,26.73795660161862,33.774009687393296,0.0002142508014701535,0.004258241256614712,0.05031438769171153
bfo-22d07ac0da0ea6fe26e8c5c2a6394b06a3a67be078fe535859e00d8c30c957f3,1436,61.512805468610196,61.512805468610196,26.737867940225403,33.7738330143679,0.00021425488357809737,0.0042582998865969175,0.050314653566900916
bfo-22d07ac0da0ea6fe26e8c5c2a6394b06a3a67be078fe535859e00d8c30c957f3,1437,61.51279573657371,61.51279573657371,26.73798283830504,33.774066103371524,0.00021425280715503688,0.004258226177015308,0.05031503688355318
bfo-22d07ac0da0ea6fe26e8c5c2a6394b06a3a67be078fe535859e00d8c30c957f3,1438,61.5127925216031,61.5127925216031,26.738093818722714,33.774289778013795,0.00021425026337895095,0.004258154218032704,0.050315289773120525
bfo-22d07ac0da0ea6fe26e8c5c2a6394b06a3a67be078fe535859e00d8c30c957f3,1439,61.512782866139254,61.512782866139254,26.737811714498644,33.77372374769586,0.00021426111361789205,0.0042583372805054445,0.05031567475849641
bfo-22d07ac0da0ea6fe26e8c5c2a6394b06a3a67be078fe535859e00d8c30c957f3,1440,61.512777572554036,61.512777572554036,26.73765565789686,33.773411331963416,0.00021426740893019808,0.004258438988673216,0.050315951338064484
bfo-22d07ac0da0ea6fe26e8c5c2a6394b06a3a67be078fe535859e00d8c30c957f3,1441,61.51277104364078,61.51277104364078,26.737621503953697,33.77334476329772,0.00021427010324184245,0.004258462308925271,0.05031630849303415
bfo-22d07ac0da0ea6fe26e8c5c2a6394b06a3a67be078fe535859e00d8c30c957f3,1442,61.51276036435874,61.51276036435874,26.73794250720995,33.77399259878952,0.00021426139006704877,0.004258256251835599,0.050316697116263846
bfo-22d07ac0da0ea6fe26e8c5c2a6394b06a3a67be078fe535859e00d8c30c957f3,1443,61.512752610213674,61.512752610213674,26.737890973518876,33.77389124669649,0.00021426416986475947,0.0042582902519811726,0.05031694816131261
bfo-22d07ac0da0ea6fe26e8c5c2a6394b06a3a67be078fe535859e00d8c30c957f3,1444,61.512744408505206,61.512744408505206,26.737776017934358,33.7736610151421,0.00021426944723462355,0.004258366652513705,0.0503172847054259
bfo-22d07ac0da0ea6fe26e8c5c2a6394b06a3a67be078fe535859e00d8c30c957f3,1445,61.512734750062634,61.512734750062634,26.737739308577762,33.773588000378,0.00021427217717242983,0.004258389926692346,0.05031765076968027
bfo-22d07ac0da0ea6fe26e8c5c2a6394b06a3a67be078fe535859e00d8c30c957f3,1446,61.51272526955799,61.51272526955799,26.737931450560016,33.77397551099588,0.0002142665949082256,0.0042582696741841905,0.05031776080486854
bfo-22d07ac0da0ea6fe26e8c5c2a6394b06a3a67be078fe535859e00d8c30c957f3,1447,61.512714184949544,61.512714184949544,26.73816234734712,33.77444278017927,0.0002142607123239488,0.004258122036605536,0.05031812392459091
bfo-22d07ac0da0ea6fe26e8c5c2a6394b06a3a67be078fe535859e00d8c30c957f3,1448,61.512703357546364,61.512703357546364,26.738564941268045,33.77525303963149,0.0002142500960990352,0.004257861149449096,0.05031871368721264
bfo-22d07ac0da0ea6fe26e8c5c2a6394b06a3a67be078fe535859e00d8c30c957f3,1449,61.51268564575036,61.51268564575036,26.738630358591056,33.77538773975864,0.00021424978813173085,0.0042578202041009,0.05031912524755675
bfo-22d07ac0da0ea6fe26e8c5c2a6394b06a3a67be078fe535859e00d8c30c957f3,1450,61.5126703390757,61.5126703390757,26.73844853152995,33.77502609461702,0.00021425834102192716,0.004257943053145355,0.05031968214409395
bfo-22d07ac0da0ea6fe26e8c5c2a6394b06a3a67be078fe535859e00d8c30c957f3,1451,61.51264812082212,61.51264812082212,26.737982539212716,33.7740931480699,0.00021427553317445716,0.004258247896487818,0.05032011718979315
bfo-22d07ac0da0ea6fe26e8c5c2a6394b06a3a67be078fe535859e00d8c30c957f3,1452,61.51261472489438,61.51261472489438,26.73734254583897,33.772816695450004,0.00021430219894824377,0.004258689719707087,0.050321158161995304
bfo-22d07ac0da0ea6fe26e8c5c2a6394b06a3a67be078fe535859e00d8c30c957f3,1453,61.512582768811114,61.512582768811114,26.73824955934096,33.77464973429295,0.0002142762874145979,0.004258108203450641,0.05032194514008708
bfo-22d07ac0da0ea6fe26e8c5c2a6394b06a3a67be078fe535859e00d8c30c957f3,1454,61.512580659346256,61.512580659346256,26.73985978119424,33.77790027315389,0.00021423239125193161,0.004257060039707835,0.05032402391642908
bfo-22d07ac0da0ea6fe26e8c5c2a6394b06a3a67be078fe535859e00d8c30c957f3,1455,61.512547331498574,61.512547331498574,26.739128568787915,33.776429762849126,0.00021425732783159206,0.004257528975737401,0.050324338143695864
bfo-22d07ac0da0ea6fe26e8c5c2a6394b06a3a67be078fe535859e00d8c30c957f3,1456,61.51252309471596,61.51252309471596,26.738217905055247,33.77459907525269,0.00021428817868386103,0.004258119293352582,0.05032460669159498
bfo-22d07ac0da0ea6fe26e8c5c2a6394b06a3a67be078fe535859e00d8c30c957f3,1457,61.51252501284138,61.51252501284138,26.737118883170865,33.77238560253466,0.0002143243281483842,0.004258828910705734,0.050324709595546614
bfo-22d07ac0da0ea6fe26e8c5c2a6394b06a3a67be078fe535859e00d8c30c957f3,1458,61.51252235558786,61.51252235558786,26.737895094529254,33.77394892978387,0.00021429883709102508,0.004258326970020358,0.050324655339935194
bfo-22d07ac0da0ea6fe26e8c5c2a6394b06a3a67be078fe535859e00d8c30c957f3,1459,61.51251954033893,61.51251954033893,26.738044876860044,33.774252311377666,0.00021429430597329113,0.004258228657206675,0.05032475313663981
bfo-22d07ac0da0ea6fe26e8c5c2a6394b06a3a67be078fe535859e00d8c30c957f3,1460,61.51251799786946,61.51251799786946,26.73785951844838,33.77387958396352,0.00021430071584717313,0.004258349476394728,0.050324830555853725
bfo-22d07ac0da0ea6fe26e8c5c2a6394b06a3a67be078fe535859e00d8c30c957f3,1461,61.512518548359424,61.512518548359424,26.737867005779314,33.77389351069233,0.0002143005916247482,0.0042583482502941555,0.0503248158743111
bfo-22d07ac0da0ea6fe26e8c5c2a6394b06a3a67be078fe535859e00d8c30c957f3,1462,61.51252066387357,61.51252066387357,26.7376545234267,33.77346551908178,0.0002143065789242857,0.004258483507851646,0.05032462343206322
bfo-22d07ac0da0ea6fe26e8c5c2a6394b06a3a67be078fe535859e00d8c30c957f3,1463,61.51251654170581,61.51251654170581,26.738030691282795,33.774223602420484,0.0002142952770171369,0.0042582374177407315,0.05032487764170611
bfo-22d07ac0da0ea6fe26e8c5c2a6394b06a3a67be078fe535859e00d8c30c957f3,1464,61.51251574980976,61.51251574980976,26.737994851287283,33.77414989330074,0.00021429687681510142,0.004258259287112032,0.05032499487846791
bfo-22d07ac0da0ea6fe26e8c5c2a6394b06a3a67be078fe535859e00d8c30c957f3,1465,61.51251511532848,61.51251511532848,26.737999316713296,33.77415938492176,0.00021429726626794526,0.004258257230522554,0.05032511064195332
bfo-22d07ac0da0ea6fe26e8c5c2a6394b06a3a67be078fe535859e00d8c30c957f3,1466,61.51251645654817,61.51251645654817,26.738246591097337,33.77465682461143,0.0002142890113616087,0.004258092317031529,0.05032512106524674
bfo-22d07ac0da0ea6fe26e8c5c2a6394b06a3a67be078fe535859e00d8c30c957f3,1467,1000000.0000001135,61.51251517563658,26.738025638060833,33.77421257266067,0.00021429619040025215,0.0042582395295999,0.05032506718108157
bfo-22d07ac0da0ea6fe26e8c5c2a6394b06a3a67be078fe535859e00d8c30c957f3,1468,61.51251504641279,61.51251504641279,26.737946681261196,33.774053021638615,0.00021429941813282956,0.004258292625755701,0.05032519767116727
bfo-22d07ac0da0ea6fe26e8c5c2a6394b06a3a67be078fe535859e00d8c30c957f3,1469,61.51251488539,61.51251488539,26.737875945544815,33.77390952111989,0.0002143013664024813,0.004258335479240814,0.050325148745839876
bfo-22d07ac0da0ea6fe26e8c5c2a6394b06a3a67be078fe535859e00d8c30c957f3,1470,61.51251506740928,61.51251506740928,26.737808192558788,33.773774664525746,0.00021430473935372612,0.004258382033870815,0.050325390641131805
bfo-22d07ac0da0ea6fe26e8c5c2a6394b06a3a67be078fe535859e00d8c30c957f3,1471,1000000.0000001081,61.51251470075593,26.737906434780907,33.77397015213024,0.0002143004788589718,0.0042583131968291265,0.0503252036554161
bfo-22d07ac0da0ea6fe26e8c5c2a6394b06a3a67be078fe535859e00d8c30c957f3,1472,61.51251531870219,61.51251531870219,26.73781497564521,33.77378827391231,0.0002143031410772437,0.004258380035984259,0.050325038927088346
bfo-22d07ac0da0ea6fe26e8c5c2a6394b06a3a67be078fe535859e00d8c30c957f3,1473,1000000.0000000431,61.51251500476363,26.737838885971286,33.77383411205545,0.00021430271193252572,0.004258359005394796,0.0503251866883538
bfo-22d07ac0da0ea6fe26e8c5c2a6394b06a3a67be078fe535859e00d8c30c957f3,1474,61.512514749880765,61.512514749880765,26.73795007874139,33.77406036347429,0.0002142986746877556,0.004258288413294477,0.05032507286700217
bfo-22d07ac0da0ea6fe26e8c5c2a6394b06a3a67be078fe535859e00d8c30c957f3,1475,61.512515668964916,61.512515668964916,26.737737642795953,33.773631447730224,0.00021430447536415715,0.004258425636420553,0.050324813360904934
bfo-22d07ac0da0ea6fe26e8c5c2a6394b06a3a67be078fe535859e00d8c30c957f3,1476,61.51251502737314,61.51251502737314,26.737886201516265,33.7739310993104,0.0002143011919841241,0.0042583269546136605,0.05032520853100316
bfo-22d07ac0da0ea6fe26e8c5c2a6394b06a3a67be078fe535859e00d8c30c957f3,1477,61.51251211884532,61.51251211884532,26.73818794797255,33.774540666560654,0.00021429233724897036,0.004258138527444693,0.050325355990136635
bfo-22d07ac0da0ea6fe26e8c5c2a6394b06a3a67be078fe535859e00d8c30c957f3,1478,61.51251232764825,61.51251232764825,26.73835562362732,33.774878833138324,0.00021428714372015943,0.0042580316878201106,0.050325399017841325
bfo-22d07ac0da0ea6fe26e8c5c2a6394b06a3a67be078fe535859e00d8c30c957f3,1479,1000000.0000002219,61.512513236011394,26.73834438622178,33.77485581232836,0.00021428692395529357,0.004258039503602771,0.05032525503203603
bfo-22d07ac0da0ea6fe26e8c5c2a6394b06a3a67be078fe535859e00d8c30c957f3,1480,61.512511642715126,61.512511642715126,26.73787530836615,33.77391078408111,0.00021430315203394123,0.0042583363449463195,0.0503255578409795
bfo-22d07ac0da0ea6fe26e8c5c2a6394b06a3a67be078fe535859e00d8c30c957f3,1481,61.51251430758137,61.51251430758137,26.737616842489718,33.77338761906673,0.0002143095732883164,0.004258502554177315,0.050325101502661444
bfo-22d07ac0da0ea6fe26e8c5c2a6394b06a3a67be078fe535859e00d8c30c957f3,1482,61.512511517159645,61.512511517159645,26.73794619256076,33.774052901631414,0.0002143011015493758,0.0042582911843608556,0.05032561003259366
bfo-22d07ac0da0ea6fe26e8c5c2a6394b06a3a67be078fe535859e00d8c30c957f3,1483,61.512510271572125,61.512510271572125,26.737989030609175,33.77414147185297,0.00021429907783987874,0.0042582618986784105,0.050325480897825556
bfo-22d07ac0da0ea6fe26e8c5c2a6394b06a3a67be078fe535859e00d8c30c957f3,1484,61.512509955778796,61.512509955778796,26.73779433459258,33.7737494425983,0.00021430470956789434,0.004258389638992598,0.05032529376964014
bfo-22d07ac0da0ea6fe26e8c5c2a6394b06a3a67be078fe535859e00d8c30c957f3,1485,61.51251081209782,61.51251081209782,26.738079077791188,33.77432088527561,0.00021429446724013085,0.0042582048040231925,0.05032507291280668
bfo-22d07ac0da0ea6fe26e8c5c2a6394b06a3a67be078fe535859e00d8c30c957f3,1486,61.51251017026344,61.51251017026344,26.737822763323067,33.77380626650321,0.00021430365975937717,0.004258371223729181,0.05032526487244696
bfo-22d07ac0da0ea6fe26e8c5c2a6394b06a3a67be078fe535859e00d8c30c957f3,1487,61.51250833644936,61.51250833644936,26.73774108927493,33.77364378909608,0.00021430745877385108,0.004258424465199261,0.05032552779207818
bfo-22d07ac0da0ea6fe26e8c5c2a6394b06a3a67be078fe535859e00d8c30c957f3,1488,61.51250884814735,61.51250884814735,26.737636309068915,33.77343283163916,0.00021431044878676396,0.004258492559416472,0.050325425205422984
bfo-22d07ac0da0ea6fe26e8c5c2a6394b06a3a67be078fe535859e00d8c30c957f3,1489,61.51250916191684,61.51250916191684,26.737570881655,33.77330122034544,0.0002143129494130612,0.004258533799714365,0.05032552504982722
bfo-22d07ac0da0ea6fe26e8c5c2a6394b06a3a67be078fe535859e00d8c30c957f3,1490,61.51250900535141,61.51250900535141,26.73749700629749,33.77315128990635,0.00021431590771022174,0.004258584523461258,0.05032562029226363
bfo-22d07ac0da0ea6fe26e8c5c2a6394b06a3a67be078fe535859e00d8c30c957f3,1491,61.512508415532125,61.512508415532125,26.73770494309372,33.773570623104234,0.0002143086210014774,0.004258445906066393,0.05032554733081917
bfo-22d07ac0da0ea6fe26e8c5c2a6394b06a3a67be078fe535859e00d8c30c957f3,1492,61.51250729590794,61.51250729590794,26.737960436966194,33.774085721234464,0.0002143008721398317,0.004258284406437407,0.050325636262309084
bfo-22d07ac0da0ea6fe26e8c5c2a6394b06a3a67be078fe535859e00d8c30c957f3,1493,61.512498748178245,61.512498748178245,26.738081984190345,33.77433416663958,0.00021429912236764186,0.004258207103670515,0.050326138947755505
bfo-22d07ac0da0ea6fe26e8c5c2a6394b06a3a67be078fe535859e00d8c30c957f3,1494,61.51249860542143,61.51249860542143,26.737961445444853,33.77409143351021,0.00021430195022617958,0.004258288151227048,0.05032584517898991
bfo-22d07ac0da0ea6fe26e8c5c2a6394b06a3a67be078fe535859e00d8c30c957f3,1495,61.51249839880822,61.51249839880822,26.738133558136322,33.774437520981756,0.00021429501197377249,0.004258175267951992,0.050325549910217676
bfo-22d07ac0da0ea6fe26e8c5c2a6394b06a3a67be078fe535859e00d8c30c957f3,1496,61.51249740577417,61.51249740577417,26.738169805979304,33.77450963203173,0.00021429392459307447,0.004258153522514735,0.05032555154716898
bfo-22d07ac0da0ea6fe26e8c5c2a6394b06a3a67be078fe535859e00d8c30c957f3,1497,61.51249747908301,61.51249747908301,26.737898477549436,33.77396596820609,0.00021430276945758682,0.004258329097439599,0.0503255536511822
bfo-22d07ac0da0ea6fe26e8c5c2a6394b06a3a67be078fe535859e00d8c30c957f3,1498,61.5124979723898,61.5124979723898,26.73811128198718,33.774392228755545,0.00021429609163255053,0.004258192342875883,0.05032560165843048
bfo-22d07ac0da0ea6fe26e8c5c2a6394b06a3a67be078fe535859e00d8c30c957f3,1499,61.51249621360652,61.51249621360652,26.73813036470179,33.77443165742558,0.000214295942662864,0.00425817962389481,0.050325716994262186
bfo-22d07ac0da0ea6fe26e8c5c2a6394b06a3a67be078fe535859e00d8c30c957f3,1500,61.51249849934809,61.51249849934809,26.73847971776665,33.77513455779609,0.00021428547603809215,0.004257945118001525,0.0503260305380985
bfo-22d07ac0da0ea6fe26e8c5c2a6394b06a3a67be078fe535859e00d8c30c957f3,1501,61.512495567653644,61.512495567653644,26.738039796828843,33.774249444211414,0.00021429889908183673,0.004258238629523149,0.050325713922198534
bfo-22d07ac0da0ea6fe26e8c5c2a6394b06a3a67be078fe535859e00d8c30c957f3,1502,61.51249444188332,61.51249444188332,26.737447710862625,33.773058426921835,0.00021431966408468593,0.004258619411053302,0.05032609007708378
bfo-22d07ac0da0ea6fe26e8c5c2a6394b06a3a67be078fe535859e00d8c30c957f3,1503,61.512483623188075,61.512483623188075,26.73781077773456,33.77379350072968,0.00021430951391532226,0.004258386435343943,0.05032645983854043
bfo-22d07ac0da0ea6fe26e8c5c2a6394b06a3a67be078fe535859e00d8c30c957f3,1504,61.51247863837559,61.51247863837559,26.73784932118621,33.77387189585515,0.00021430878242183402,0.004258365741722877,0.050326532623082676
bfo-22d07ac0da0ea6fe26e8c5c2a6394b06a3a67be078fe535859e00d8c30c957f3,1505,61.512469907569546,61.512469907569546,26.737941440431047,33.77406024851833,0.0002143075732554309,0.004258310338476824,0.050326903447832694
bfo-22d07ac0da0ea6fe26e8c5c2a6394b06a3a67be078fe535859e00d8c30c957f3,1506,61.512468301925324,61.512468301925324,26.737816590575587,33.77381125294375,0.0002143121591358354,0.004258395809598138,0.05032697022967902
bfo-22d07ac0da0ea6fe26e8c5c2a6394b06a3a67be078fe535859e00d8c30c957f3,1507,61.51246187664087,61.51246187664087,26.738593309854476,33.77537948408854,0.00021428959900020948,0.0042578951976490025,0.050327588879719144
bfo-22d07ac0da0ea6fe26e8c5c2a6394b06a3a67be078fe535859e00d8c30c957f3,1508,61.51246551754687,61.51246551754687,26.738917374403538,33.776032714719534,0.00021427998714661944,0.004257686506036043,0.05032779816993071
bfo-22d07ac0da0ea6fe26e8c5c2a6394b06a3a67be078fe535859e00d8c30c957f3,1509,61.512464167050055,61.512464167050055,26.738653125495226,33.77549974515661,0.00021428750861533774,0.004257856705119639,0.050327552911228514
bfo-22d07ac0da0ea6fe26e8c5c2a6394b06a3a67be078fe535859e00d8c30c957f3,1510,61.51244930561114,61.51244930561114,26.738214203678208,33.77461809721313,0.00021430393737398437,0.004258142773239961,0.050328030032427376
bfo-22d07ac0da0ea6fe26e8c5c2a6394b06a3a67be078fe535859e00d8c30c957f3,1511,61.51244260916171,61.51244260916171,26.73782060152828,33.77382775694978,0.0002143176094100443,0.004258399522104982,0.05032820624216685
bfo-22d07ac0da0ea6fe26e8c5c2a6394b06a3a67be078fe535859e00d8c30c957f3,1512,61.51243891424483,61.51243891424483,26.73753428250839,33.77325254213762,0.00021432726613899967,0.00425858697271731,0.05032825853084366
bfo-22d07ac0da0ea6fe26e8c5c2a6394b06a3a67be078fe535859e00d8c30c957f3,1513,61.51243294066518,61.51243294066518,26.737361644613912,33.77290790507579,0.00021433509538108572,0.004258701315585782,0.05032874566635441
bfo-22d07ac0da0ea6fe26e8c5c2a6394b06a3a67be078fe535859e00d8c30c957f3,1514,61.51243531359262,61.51243531359262,26.73702188924299,33.77222473561682,0.00021434669216540556,0.004258919609195396,0.05032888897517847
bfo-22d07ac0da0ea6fe26e8c5c2a6394b06a3a67be078fe535859e00d8c30c957f3,1515,61.512432800376345,61.512432800376345,26.737352279378385,33.77288859034739,0.00021433494094345997,0.004258705565007057,0.05032865918334619
bfo-22d07ac0da0ea6fe26e8c5c2a6394b06a3a67be078fe535859e00d8c30c957f3,1516,61.51243379699991,61.51243379699991,26.737113389567995,33.77240627862334,0.00021434207356117683,0.004258860975766228,0.050328497403607717
bfo-22d07ac0da0ea6fe26e8c5c2a6394b06a3a67be078fe535859e00d8c30c957f3,1517,61.512432461182215,61.512432461182215,26.737360841733484,33.772904947061406,0.0002143349159163104,0.004258698511466989,0.050328736664309835
bfo-22d07ac0da0ea6fe26e8c5c2a6394b06a3a67be078fe535859e00d8c30c957f3,1518,61.51242445503379,61.51242445503379,26.737704739322485,33.773598463663404,0.0002143255908322466,0.0042584685300457985,0.050329264927065596
bfo-22d07ac0da0ea6fe26e8c5c2a6394b06a3a67be078fe535859e00d8c30c957f3,1519,61.512424217647194,61.512424217647194,26.73767982395371,33.77354804887425,0.00021432629619518893,0.00425848680219798,0.050329214613173474
bfo-22d07ac0da0ea6fe26e8c5c2a6394b06a3a67be078fe535859e00d8c30c957f3,1520,61.512421337935095,61.512421337935095,26.73788807173022,33.77396821715707,0.00021432039366595706,0.0042583542657400894,0.050329394947301036
bfo-22d07ac0da0ea6fe26e8c5c2a6394b06a3a67be078fe535859e00d8c30c957f3,1521,61.51241890429605,61.51241890429605,26.737857446931745,33.77390736198084,0.00021432250064857257,0.0042583742699709454,0.0503296533045309
bfo-22d07ac0da0ea6fe26e8c5c2a6394b06a3a67be078fe535859e00d8c30c957f3,1522,61.51241407893206,61.51241407893206,26.737942924226797,33.77408235607095,0.00021432065074447715,0.004258318563862942,0.050329877281434704
bfo-22d07ac0da0ea6fe26e8c5c2a6394b06a3a67be078fe535859e00d8c30c957f3,1523,61.51240680699367,61.51240680699367,26.737984009839728,33.77416680034015,0.0002143215134202266,0.004258291293998936,0.0503304021785129
bfo-22d07ac0da0ea6fe26e8c5c2a6394b06a3a67be078fe535859e00d8c30c957f3,1524,61.512399415368435,61.512399415368435,26.738158564647765,33.77452081253901,0.00021431777859193325,0.0042581773864969405,0.05033087143611114
bfo-22d07ac0da0ea6fe26e8c5c2a6394b06a3a67be078fe535859e00d8c30c957f3,1525,61.51239438172285,61.51239438172285,26.738381472645045,33.77497233673231,0.00021431327276751264,0.004258031910485038,0.05033153280034953
bfo-22d07ac0da0ea6fe26e8c5c2a6394b06a3a67be078fe535859e00d8c30c957f3,1526,61.51238690456687,61.51238690456687,26.738325869465697,33.7748629758491,0.00021431659745734096,0.004258073251366017,0.05033182493715599
bfo-22d07ac0da0ea6fe26e8c5c2a6394b06a3a67be078fe535859e00d8c30c957f3,1527,61.512380447377176,61.512380447377176,26.738338896545248,33.77489067038787,0.00021431699578685983,0.004258061832781383,0.05033205345608312
bfo-22d07ac0da0ea6fe26e8c5c2a6394b06a3a67be078fe535859e00d8c30c957f3,1528,61.512372180905714,61.512372180905714,26.7383134982025,33.77484023525831,0.00021431966993236003,0.0042580765051378954,0.050332508040603983
bfo-22d07ac0da0ea6fe26e8c5c2a6394b06a3a67be078fe535859e00d8c30c957f3,1529,61.512369004798494,61.512369004798494,26.738405482959354,33.77502584681122,0.0002143165434826428,0.004258014596819239,0.05033250558669725
bfo-22d07ac0da0ea6fe26e8c5c2a6394b06a3a67be078fe535859e00d8c30c957f3,1530,61.51236542404075,61.51236542404075,26.73819709671652,33.774606577389164,0.00021432369788058808,0.004258146086936679,0.05033263150320262
bfo-22d07ac0da0ea6fe26e8c5c2a6394b06a3a67be078fe535859e00d8c30c957f3,1531,61.512369361515184,61.512369361515184,26.73739464854326,33.77298990227156,0.00021434930370859418,0.004258666393723791,0.05033249470409127
bfo-22d07ac0da0ea6fe26e8c5c2a6394b06a3a67be078fe535859e00d8c30c957f3,1532,61.512365357640064,61.512365357640064,26.73806621657943,33.77434347993128,0.00021432821010228787,0.004258233153714869,0.050332662013893865
bfo-22d07ac0da0ea6fe26e8c5c2a6394b06a3a67be078fe535859e00d8c30c957f3,1533,61.512363521247124,61.512363521247124,26.73826055590697,33.77473633663231,0.000214323102004975,0.004258105520522011,0.0503329710764661
bfo-22d07ac0da0ea6fe26e8c5c2a6394b06a3a67be078fe535859e00d8c30c957f3,1534,61.51236564280406,61.51236564280406,26.738709166333535,33.77563738954051,0.00021430889015631405,0.004257816452592755,0.05033305041268577
bfo-22d07ac0da0ea6fe26e8c5c2a6394b06a3a67be078fe535859e00d8c30c957f3,1535,61.512363408080354,61.512363408080354,26.738261163047245,33.774737739869714,0.00021432329380923068,0.004258105382454156,0.05033301775300488
bfo-22d07ac0da0ea6fe26e8c5c2a6394b06a3a67be078fe535859e00d8c30c957f3,1536,61.512356992957265,61.512356992957265,26.738434842420162,33.775090193167145,0.0002143193221186165,0.004257991000904948,0.050333437077031716
bfo-22d07ac0da0ea6fe26e8c5c2a6394b06a3a67be078fe535859e00d8c30c957f3,1537,61.51235373569381,61.51235373569381,26.73870044298745,33.77562800255264,0.00021431261282597793,0.00425782024843186,0.05033387985434765
bfo-22d07ac0da0ea6fe26e8c5c2a6394b06a3a67be078fe535859e00d8c30c957f3,1538,61.51234853357879,61.51234853357879,26.738744530716907,33.77571908302083,0.00021431289852606391,0.004257789666952,0.050334308476886996
bfo-22d07ac0da0ea6fe26e8c5c2a6394b06a3a67be078fe535859e00d8c30c957f3,1539,61.512351322472334,61.512351322472334,26.738985975747507,33.776206416438015,0.00021430537278596987,0.004257631114047874,0.05033441532284898
bfo-22d07ac0da0ea6fe26e8c5c2a6394b06a3a67be078fe535859e00d8c30c957f3,1540,61.51234804047639,61.51234804047639,26.738717823306757,33.775665135977775,0.00021431399036111735,0.004257807617628765,0.05033435270156052
bfo-22d07ac0da0ea6fe26e8c5c2a6394b06a3a67be078fe535859e00d8c30c957f3,1541,61.51234585102491,61.51234585102491,26.738642576466884,33.775514855202445,0.00021431651138900873,0.00425785756987889,0.05033435427834302
bfo-22d07ac0da0ea6fe26e8c5c2a6394b06a3a67be078fe535859e00d8c30c957f3,1542,61.51234554441626,61.51234554441626,26.738778373877604,33.77578972479204,0.00021431354929973498,0.004257768899881557,0.050334706823965195
bfo-22d07ac0da0ea6fe26e8c5c2a6394b06a3a67be078fe535859e00d8c30c957f3,1543,61.51234401364437,61.51234401364437,26.738821889977842,33.77587941587562,0.00021431228803706355,0.004257739338103324,0.05033476007306081
bfo-22d07ac0da0ea6fe26e8c5c2a6394b06a3a67be078fe535859e00d8c30c957f3,1544,61.512335301087944,61.512335301087944,26.73845697002273,33.775146815422374,0.0002143253851341182,0.004257980946844182,0.05033497984366657
bfo-22d07ac0da0ea6fe26e8c5c2a6394b06a3a67be078fe535859e00d8c30c957f3,1545,61.512326223907586,61.512326223907586,26.737861928706778,33.7739509538958,0.00021434615971705878,0.004258367187328462,0.05033529291576461
bfo-22d07ac0da0ea6fe26e8c5c2a6394b06a3a67be078fe535859e00d8c30c957f3,1546,61.5123258069302,61.5123258069302,26.737687480479963,33.7736006699871,0.00021435250998131291,0.0042584872834263675,0.050335364582525056
bfo-22d07ac0da0ea6fe26e8c5c2a6394b06a3a67be078fe535859e00d8c30c957f3,1547,61.51232320139205,61.51232320139205,26.737641442034665,33.77351041231591,0.0002143540862219221,0.0042585182057780545,0.050335369220937363
bfo-22d07ac0da0ea6fe26e8c5c2a6394b06a3a67be078fe535859e00d8c30c957f3,1548,61.51231429400877,61.51231429400877,26.737756851927145,33.773743507159686,0.00021435217705911022,0.004258445277063668,0.05033578292378875
bfo-22d07ac0da0ea6fe26e8c5c2a6394b06a3a67be078fe535859e00d8c30c957f3,1549,61.512309664986944,61.512309664986944,26.73761143018354,33.77345270667196,0.00021435864895626047,0.004258542606706477,0.05033615223637359
bfo-22d07ac0da0ea6fe26e8c5c2a6394b06a3a67be078fe535859e00d8c30c957f3,1550,61.51230304441912,61.51230304441912,26.737492669988132,33.773216031038174,0.00021436419732452275,0.00425861938509679,0.05033654758504572
bfo-22d07ac0da0ea6fe26e8c5c2a6394b06a3a67be078fe535859e00d8c30c957f3,1551,61.51229771166054,61.51229771166054,26.73757018495511,33.77337306650924,0.00021436338606914052,0.004258566442159024,0.05033698287456137
bfo-22d07ac0da0ea6fe26e8c5c2a6394b06a3a67be078fe535859e00d8c30c957f3,1552,61.51228892616335,61.51228892616335,26.737601120495313,33.77343736219438,0.00021436381371533277,0.004258542959251805,0.05033736086884395
bfo-22d07ac0da0ea6fe26e8c5c2a6394b06a3a67be078fe535859e00d8c30c957f3,1553,61.51228004558037,61.51228004558037,26.73758877213836,33.7734142087123,0.00021436662586110834,0.004258548880878243,0.05033795122645144
bfo-22d07ac0da0ea6fe26e8c5c2a6394b06a3a67be078fe535859e00d8c30c957f3,1554,61.51226861358332,61.51226861358332,26.737981225319366,33.774206905116976,0.00021435637636046362,0.0042582965712832,0.05033852686682863
bfo-22d07ac0da0ea6fe26e8c5c2a6394b06a3a67be078fe535859e00d8c30c957f3,1555,61.51225896170796,61.51225896170796,26.738838211858717,33.775937530446406,0.00021433357604371325,0.004257741577822868,0.05033973343053608
bfo-22d07ac0da0ea6fe26e8c5c2a6394b06a3a67be078fe535859e00d8c30c957f3,1556,61.512241667111326,61.512241667111326,26.738847009444157,33.77596051388881,0.00021433773554838275,0.004257737038907675,0.05034076402317491
bfo-22d07ac0da0ea6fe26e8c5c2a6394b06a3a67be078fe535859e00d8c30c957f3,1557,61.51223469430607,61.51223469430607,26.738614269836535,33.77549703472134,0.00021434420823965774,0.004257883800918232,0.05034054902894095
bfo-22d07ac0da0ea6fe26e8c5c2a6394b06a3a67be078fe535859e00d8c30c957f3,1558,61.512230887529135,61.512230887529135,26.73843720316857,33.77513917268835,0.0002143509319995038,0.004257994381419113,0.05034082077113134
bfo-22d07ac0da0ea6fe26e8c5c2a6394b06a3a67be078fe535859e00d8c30c957f3,1559,61.5122302330623,61.5122302330623,26.738471187923526,33.775206401063166,0.00021435020665940113,0.004257966602270742,0.05034097884776498
bfo-22d07ac0da0ea6fe26e8c5c2a6394b06a3a67be078fe535859e00d8c30c957f3,1560,61.51222906149617,61.51222906149617,26.738465459379388,33.775197300979364,0.00021435161101154696,0.004257972732455908,0.050341236189155564
bfo-22d07ac0da0ea6fe26e8c5c2a6394b06a3a67be078fe535859e00d8c30c957f3,1561,61.5122314656825,61.5122314656825,26.73858099645282,33.77543121641404,0.00021434832559351298,0.004257899137625538,0.05034133469705593
bfo-22d07ac0da0ea6fe26e8c5c2a6394b06a3a67be078fe535859e00d8c30c957f3,1562,1000000.0000000843,61.51223035554027,26.738540484623265,33.77534829261827,0.00021434969011278096,0.004257923504809059,0.05034136707028351
bfo-22d07ac0da0ea6fe26e8c5c2a6394b06a3a67be078fe535859e00d8c30c957f3,1563,61.51222687834206,61.51222687834206,26.738315463641346,33.77489541225501,0.0002143554501147866,0.004258071135019434,0.050340974426630436
bfo-22d07ac0da0ea6fe26e8c5c2a6394b06a3a67be078fe535859e00d8c30c957f3,1564,61.512225349852784,61.512225349852784,26.73826068160178,33.77478453201409,0.00021435639124526938,0.004258107330071577,0.050340767535717826
bfo-22d07ac0da0ea6fe26e8c5c2a6394b06a3a67be078fe535859e00d8c30c957f3,1565,61.51222296665597,61.51222296665597,26.738015870078993,33.77429263140094,0.0002143642887073187,0.004258267068480146,0.05034073374449698
bfo-22d07ac0da0ea6fe26e8c5c2a6394b06a3a67be078fe535859e00d8c30c957f3,1566,61.512222304337584,61.512222304337584,26.73809886201803,33.77446155111183,0.0002143619146025906,0.004258211363883438,0.05034083475064871
bfo-22d07ac0da0ea6fe26e8c5c2a6394b06a3a67be078fe535859e00d8c30c957f3,1567,61.51222231336236,61.51222231336236,26.738377317150228,33.77502274493613,0.0002143523189560603,0.0042580321075710945,0.05034070047873197
bfo-22d07ac0da0ea6fe26e8c5c2a6394b06a3a67be078fe535859e00d8c30c957f3,1568,61.512222592396085,61.512222592396085,26.73814352281733,33.77455143847062,0.00021436020252882775,0.004258181373280089,0.05034078723699491
bfo-22d07ac0da0ea6fe26e8c5c2a6394b06a3a67be078fe535859e00d8c30c957f3,1569,61.512220460517,61.512220460517,26.738041493869748,33.77434782655395,0.0002143647066563042,0.004258245867352667,0.05034108253349256
bfo-22d07ac0da0ea6fe26e8c5c2a6394b06a3a67be078fe535859e00d8c30c957f3,1570,61.512211930121666,61.512211930121666,26.73771153105187,33.77368672531485,0.00021437756444441563,0.004258456278413334,0.050341614526166034
bfo-22d07ac0da0ea6fe26e8c5c2a6394b06a3a67be078fe535859e00d8c30c957f3,1571,61.51220568469637,61.51220568469637,26.737503151409864,33.77326840085682,0.00021438556493717957,0.004258590009623679,0.05034191233546906
bfo-22d07ac0da0ea6fe26e8c5c2a6394b06a3a67be078fe535859e00d8c30c957f3,1572,61.51221235987964,61.51221235987964,26.73710977713523,33.772475009221964,0.00021439765247775893,0.004258841163151842,0.05034178178157027
bfo-22d07ac0da0ea6fe26e8c5c2a6394b06a3a67be078fe535859e00d8c30c957f3,1573,61.51220595803702,61.51220595803702,26.737514402031593,33.773291151969694,0.00021438524197924736,0.004258582479819484,0.05034192551046584
bfo-22d07ac0da0ea6fe26e8c5c2a6394b06a3a67be078fe535859e00d8c30c957f3,1574,61.51220513407263,61.51220513407263,26.7374926369957,33.77324819495546,0.00021438626209574835,0.004258591623064244,0.05034205696893941
bfo-22d07ac0da0ea6fe26e8c5c2a6394b06a3a67be078fe535859e00d8c30c957f3,1575,61.51220032925123,61.51220032925123,26.737493338440007,33.77325081395585,0.00021438830331885024,0.004258591774923953,0.05034253449256207
bfo-22d07ac0da0ea6fe26e8c5c2a6394b06a3a67be078fe535859e00d8c30c957f3,1576,61.512202292032434,61.512202292032434,26.737311502620575,33.772884726859125,0.0002143954359718928,0.004258707040778491,0.05034284676522415
bfo-22d07ac0da0ea6fe26e8c5c2a6394b06a3a67be078fe535859e00d8c30c957f3,1577,1000000.0000003704,61.51219871758092,26.73762171776723,33.77351002247667,0.00021438428554716716,0.00425851108273361,0.05034254493698541
bfo-22d07ac0da0ea6fe26e8c5c2a6394b06a3a67be078fe535859e00d8c30c957f3,1578,61.51220474397019,61.51220474397019,26.737236740466948,33.772732673847585,0.0002143963308328804,0.004258753001245745,0.05034251358793676
bfo-22d07ac0da0ea6fe26e8c5c2a6394b06a3a67be078fe535859e00d8c30c957f3,1579,1000000.0000001201,61.51220146812889,26.73742146137096,33.77310576583899,0.00021439022451393022,0.004258636881825668,0.050342452400407904
bfo-22d07ac0da0ea6fe26e8c5c2a6394b06a3a67be078fe535859e00d8c30c957f3,1580,61.51219842467478,61.51219842467478,26.73763714296129,33.773540996959,0.00021438445856062694,0.004258501511494031,0.05034269871267778
bfo-22d07ac0da0ea6fe26e8c5c2a6394b06a3a67be078fe535859e00d8c30c957f3,1581,61.512196477954966,61.512196477954966,26.73799159668109,33.77425406323805,0.00021437261029216644,0.004258271172539228,0.050342639443587855
bfo-22d07ac0da0ea6fe26e8c5c2a6394b06a3a67be078fe535859e00d8c30c957f3,1582,61.51219227206468,61.51219227206468,26.73810547925753,33.774483405975204,0.00021436905895787226,0.0042581950760592615,0.05034270509660626
bfo-22d07ac0da0ea6fe26e8c5c2a6394b06a3a67be078fe535859e00d8c30c957f3,1583,61.51218785857048,61.51218785857048,26.738510782225394,33.77530330028656,0.0002143581868675627,0.004257937665040936,0.050343195164061154
bfo-22d07ac0da0ea6fe26e8c5c2a6394b06a3a67be078fe535859e00d8c30c957f3,1584,61.51218642177433,61.51218642177433,26.738519438980195,33.77532199260361,0.00021435779303750468,0.004257931347111666,0.05034317737013599
bfo-22d07ac0da0ea6fe26e8c5c2a6394b06a3a67be078fe535859e00d8c30c957f3,1585,61.512184454395964,61.512184454395964,26.73844140610138,33.77516561635693,0.00021436022639073914,0.004257983676957653,0.05034313014179998
bfo-22d07ac0da0ea6fe26e8c5c2a6394b06a3a67be078fe535859e00d8c30c957f3,1586,61.51218319608581,61.51218319608581,26.738426961095886,33.77513654456907,0.0002143605111734522,0.004257990939676191,0.050343111155082394
bfo-22d07ac0da0ea6fe26e8c5c2a6394b06a3a67be078fe535859e00d8c30c957f3,1587,61.51218143095096,61.51218143095096,26.738386618622172,33.7750558609251,0.0002143614490395622,0.004258019320566246,0.050342995862934614
bfo-22d07ac0da0ea6fe26e8c5c2a6394b06a3a67be078fe535859e00d8c30c957f3,1588,61.512180426784916,61.512180426784916,26.738055178468997,33.77438741864981,0.0002143713883453035,0.004258231557269718,0.05034282083117941
bfo-22d07ac0da0ea6fe26e8c5c2a6394b06a3a67be078fe535859e00d8c30c957f3,1589,61.51217964109172,61.51217964109172,26.738130592555624,33.774540431948154,0.000214369883062391,0.004258181579620737,0.050343058193747646
bfo-22d07ac0da0ea6fe26e8c5c2a6394b06a3a67be078fe535859e00d8c30c957f3,1590,61.51217803666313,61.51217803666313,26.738052969325306,33.77438539379618,0.00021437285424775324,0.004258232627322431,0.050343152431892975
bfo-22d07ac0da0ea6fe26e8c5c2a6394b06a3a67be078fe535859e00d8c30c957f3,1591,61.512177657678166,61.512177657678166,26.737830125471515,33.77393512268476,0.00021437869678489694,0.004258378323005589,0.05034280200674777
bfo-22d07ac0da0ea6fe26e8c5c2a6394b06a3a67be078fe535859e00d8c30c957f3,1592,61.51217568669111,61.51217568669111,26.73786990415083,33.774014909268324,0.00021437762704486804,0.004258356674970947,0.05034280672281419
bfo-22d07ac0da0ea6fe26e8c5c2a6394b06a3a67be078fe535859e00d8c30c957f3,1593,61.51218028155432,61.51218028155432,26.737104689363797,33.77247490313022,0.0002144024151561709,0.004258855075927565,0.050342735625835945
bfo-22d07ac0da0ea6fe26e8c5c2a6394b06a3a67be078fe535859e00d8c30c957f3,1594,1000000.0000001277,61.51217611181498,26.73794644872162,33.774169519773125,0.00021437474761865162,0.004258306816040123,0.05034271997760898
bfo-22d07ac0da0ea6fe26e8c5c2a6394b06a3a67be078fe535859e00d8c30c957f3,1595,61.512175264745345,61.512175264745345,26.737716872885553,33.773705788140546,0.00021438338308448748,0.004258456337330705,0.05034298020274355
bfo-22d07ac0da0ea6fe26e8c5c2a6394b06a3a67be078fe535859e00d8c30c957f3,1596,61.5121709911712,61.5121709911712,26.738007538671276,33.774291974299544,0.0002143747624402944,0.004258265609238014,0.05034321061965301
bfo-22d07ac0da0ea6fe26e8c5c2a6394b06a3a67be078fe535859e00d8c30c957f3,1597,61.51217017001253,61.51217017001253,26.73784639892813,33.77396653648326,0.00021438058330931222,0.004258365551809131,0.05034339600512559
bfo-22d07ac0da0ea6fe26e8c5c2a6394b06a3a67be078fe535859e00d8c30c957f3,1598,61.51216716968144,61.51216716968144,26.73798631260402,33.77424934223327,0.00021437657339869615,0.004258278097296742,0.05034348825991135
bfo-22d07ac0da0ea6fe26e8c5c2a6394b06a3a67be078fe535859e00d8c30c957f3,1599,61.512165578564506,61.512165578564506,26.738038005970676,33.77435412014568,0.00021437579793755413,0.00425824236844969,0.05034372855944377
bfo-22d07ac0da0ea6fe26e8c5c2a6394b06a3a67be078fe535859e00d8c30c957f3,1600,61.5121596453081,61.5121596453081,26.738074096106818,33.77442725636155,0.0002143755689700775,0.004258219064673097,0.050343950302738846
bfo-22d07ac0da0ea6fe26e8c5c2a6394b06a3a67be078fe535859e00d8c30c957f3,1601,61.51215687410837,61.51215687410837,26.738307102711477,33.774898154566515,0.0002143686276573603,0.004258066367234319,0.05034412551831504
bfo-22d07ac0da0ea6fe26e8c5c2a6394b06a3a67be078fe535859e00d8c30c957f3,1602,61.51215686253519,61.51215686253519,26.738440780140674,33.775169333948455,0.00021436389779906385,0.004257979577381247,0.05034404085397292
bfo-22d07ac0da0ea6fe26e8c5c2a6394b06a3a67be078fe535859e00d8c30c957f3,1603,61.51215595052611,61.51215595052611,26.73862635802176,33.77554562903141,0.00021435933698830313,0.0042578598667781424,0.05034438513602506
bfo-22d07ac0da0ea6fe26e8c5c2a6394b06a3a67be078fe535859e00d8c30c957f3,1604,61.51215365112127,61.51215365112127,26.738637106064616,33.77556786890723,0.0002143598488165661,0.004257850922317584,0.05034461110251559
bfo-22d07ac0da0ea6fe26e8c5c2a6394b06a3a67be078fe535859e00d8c30c957f3,1605,61.51215361025952,61.51215361025952,26.7387897710367,33.775873723766864,0.00021435503307087032,0.00425775111840659,0.05034466015267938
bfo-22d07ac0da0ea6fe26e8c5c2a6394b06a3a67be078fe535859e00d8c30c957f3,1606,61.5121696031104,61.5121696031104,26.739456896598423,33.77721630542133,0.0002143337711364532,0.004257312036481524,0.05034485828142172
bfo-22d07ac0da0ea6fe26e8c5c2a6394b06a3a67be078fe535859e00d8c30c957f3,1607,61.51215700249034,61.51215700249034,26.73896619946836,33.77622870277283,0.00021434949574423247,0.00425763582094663,0.050344722930430116
bfo-22d07ac0da0ea6fe26e8c5c2a6394b06a3a67be078fe535859e00d8c30c957f3,1608,61.51214628995783,61.51214628995783,26.738251222022182,33.77479059373892,0.00021437264321297027,0.004258103330488556,0.050344631535368146
bfo-22d07ac0da0ea6fe26e8c5c2a6394b06a3a67be078fe535859e00d8c30c957f3,1609,61.51214787494838,61.51214787494838,26.738299999292185,33.77488882004022,0.00021437089559445935,0.004258074739563718,0.05034455915079212
bfo-22d07ac0da0ea6fe26e8c5c2a6394b06a3a67be078fe535859e00d8c30c957f3,1610,61.51214698147764,61.51214698147764,26.738246381713896,33.77478108845487,0.00021437199107773904,0.004258104869179539,0.05034446019152288
bfo-22d07ac0da0ea6fe26e8c5c2a6394b06a3a67be078fe535859e00d8c30c957f3,1611,61.51214424405501,61.51214424405501,26.738291020835838,33.77486958949228,0.0002143717464383126,0.00425807785269318,0.050344722162072544
bfo-22d07ac0da0ea6fe26e8c5c2a6394b06a3a67be078fe535859e00d8c30c957f3,1612,61.51214457036748,61.51214457036748,26.738166902167777,33.774619507290176,0.00021437614769470709,0.004258160325670643,0.05034478067965741
bfo-22d07ac0da0ea6fe26e8c5c2a6394b06a3a67be078fe535859e00d8c30c957f3,1613,61.51214499359522,61.51214499359522,26.73827575531686,33.774837782900825,0.00021437222539889876,0.00425808498556317,0.05034475031046054
bfo-22d07ac0da0ea6fe26e8c5c2a6394b06a3a67be078fe535859e00d8c30c957f3,1614,61.51214361832784,61.51214361832784,26.73828795602332,33.774865699811954,0.00021437167965699812,0.00425808488034693,0.05034462338842152
bfo-22d07ac0da0ea6fe26e8c5c2a6394b06a3a67be078fe535859e00d8c30c957f3,1615,61.51214421735493,61.51214421735493,26.7382437502886,33.77477764017799,0.00021437329881256046,0.004258112375574824,0.050344678558094914
bfo-22d07ac0da0ea6fe26e8c5c2a6394b06a3a67be078fe535859e00d8c30c957f3,1616,61.51214292473269,61.51214292473269,26.73823957358011,33.7747693837221,0.00021437373429807174,0.004258117687079418,0.050344718030822584
bfo-22d07ac0da0ea6fe26e8c5c2a6394b06a3a67be078fe535859e00d8c30c957f3,1617,61.51214072903219,61.51214072903219,26.73731794895814,33.772914942335646,0.00021440406619667828,0.004258718744006336,0.05034473490376131
bfo-22d07ac0da0ea6fe26e8c5c2a6394b06a3a67be078fe535859e00d8c30c957f3,1618,61.512143492106084,61.512143492106084,26.73705245149741,33.77238193804356,0.00021441341898556328,0.004258892221286148,0.05034488027518394
bfo-22d07ac0da0ea6fe26e8c5c2a6394b06a3a67be078fe535859e00d8c30c957f3,1619,61.51214274718892,61.51214274718892,26.737212376714268,33.77270192641382,0.0002144068458376356,0.004258787313168963,0.05034457700544231
bfo-22d07ac0da0ea6fe26e8c5c2a6394b06a3a67be078fe535859e00d8c30c957f3,1620,61.5121407628954,61.5121407628954,26.737179112942844,33.77263539403497,0.00021440959123796607,0.004258806507142842,0.050344994748730595
bfo-22d07ac0da0ea6fe26e8c5c2a6394b06a3a67be078fe535859e00d8c30c957f3,1621,61.51213957059785,61.51213957059785,26.737388175435605,33.77305606986417,0.0002144011252643665,0.004258674043332514,0.050344572766736685
bfo-22d07ac0da0ea6fe26e8c5c2a6394b06a3a67be078fe535859e00d8c30c957f3,1622,61.51213544746574,61.51213544746574,26.737721394012794,33.7737282596954,0.0002143904429668965,0.004258459881669886,0.05034459615076302
bfo-22d07ac0da0ea6fe26e8c5c2a6394b06a3a67be078fe535859e00d8c30c957f3,1623,61.51213407986994,61.51213407986994,26.737948940719697,33.77418628352831,0.0002143836850397495,0.004258311417376294,0.05034476439767746
bfo-22d07ac0da0ea6fe26e8c5c2a6394b06a3a67be078fe535859e00d8c30c957f3,1624,61.51213570129689,61.51213570129689,26.738090798406297,33.77446982162722,0.0002143785378516412,0.004258225041848709,0.050344576847110155
bfo-22d07ac0da0ea6fe26e8c5c2a6394b06a3a67be078fe535859e00d8c30c957f3,1625,61.512134288534824,61.512134288534824,26.73801226074602,33.77431366772408,0.0002143822561024406,0.004258271720100475,0.05034489816384526
bfo-22d07ac0da0ea6fe26e8c5c2a6394b06a3a67be078fe535859e00d8c30c957f3,1626,61.5121367121416,61.5121367121416,26.738022124827573,33.774333780660676,0.00021438031322677047,0.004258268912621522,0.050344475096757414
bfo-22d07ac0da0ea6fe26e8c5c2a6394b06a3a67be078fe535859e00d8c30c957f3,1627,61.512135293894815,61.512135293894815,26.738151434208643,33.77459348277894,0.0002143766104253994,0.004258181139861846,0.05034464326060932
bfo-22d07ac0da0ea6fe26e8c5c2a6394b06a3a67be078fe535859e00d8c30c957f3,1628,61.51212799482102,61.51212799482102,26.737952324136565,33.77419489587602,0.0002143848332659559,0.004258307640451051,0.050345078694983086
bfo-22d07ac0da0ea6fe26e8c5c2a6394b06a3a67be078fe535859e00d8c30c957f3,1629,61.512128612579886,61.512128612579886,26.73783202093609,33.77395421132286,0.00021438963010961688,0.004258388569623433,0.050345248350263924
bfo-22d07ac0da0ea6fe26e8c5c2a6394b06a3a67be078fe535859e00d8c30c957f3,1630,61.512128508073616,61.512128508073616,26.73789307191516,33.774075582274456,0.0002143863410382491,0.004258344862494068,0.05034499270514348
bfo-22d07ac0da0ea6fe26e8c5c2a6394b06a3a67be078fe535859e00d8c30c957f3,1631,61.51213491926404,61.51213491926404,26.73748154708359,33.77324388093579,0.00021439876751276537,0.004258607216917301,0.050344809134091326
bfo-22d07ac0da0ea6fe26e8c5c2a6394b06a3a67be078fe535859e00d8c30c957f3,1632,61.51212806032048,61.51212806032048,26.737939359578927,33.77416895305674,0.00021438497952553178,0.0042583167636298675,0.05034500518058832
bfo-22d07ac0da0ea6fe26e8c5c2a6394b06a3a67be078fe535859e00d8c30c957f3,1633,61.51212483754183,61.51212483754183,26.738224916179444,33.77474527834016,0.00021437607888809677,0.0042581300628321,0.05034512232477801
bfo-22d07ac0da0ea6fe26e8c5c2a6394b06a3a67be078fe535859e00d8c30c957f3,1634,61.51212484895286,61.51212484895286,26.73825295553437,33.77480343660836,0.0002143758700321846,0.004258111115415591,0.05034529729768725
bfo-22d07ac0da0ea6fe26e8c5c2a6394b06a3a67be078fe535859e00d8c30c957f3,1635,61.51212456083885,61.51212456083885,26.738244359766927,33.774784254400906,0.00021437531769888293,0.004258116369064695,0.05034510546877585
bfo-22d07ac0da0ea6fe26e8c5c2a6394b06a3a67be078fe535859e00d8c30c957f3,1636,61.512122430899694,61.512122430899694,26.738778137284687,33.77586009620881,0.00021436005761331752,0.004257770377631224,0.05034561251576347
bfo-22d07ac0da0ea6fe26e8c5c2a6394b06a3a67be078fe535859e00d8c30c957f3,1637,61.51211624503354,61.51211624503354,26.73846885167425,33.77523720192895,0.00021437078621072266,0.004257973866952202,0.05034572613856042
bfo-22d07ac0da0ea6fe26e8c5c2a6394b06a3a67be078fe535859e00d8c30c957f3,1638,61.512116850818046,61.512116850818046,26.738655725539896,33.775613546076485,0.0002143642612327438,0.004257853218941109,0.0503456202480494
bfo-22d07ac0da0ea6fe26e8c5c2a6394b06a3a67be078fe535859e00d8c30c957f3,1639,61.51211613219084,61.51211613219084,26.73843481909414,33.77516874432879,0.00021437156332203682,0.004257996668695763,0.050345639041493064
bfo-22d07ac0da0ea6fe26e8c5c2a6394b06a3a67be078fe535859e00d8c30c957f3,1640,61.51211498433703,61.51211498433703,26.73837174018745,33.77504240195412,0.00021437433742982294,0.004258035996303356,0.050345825543967576
bfo-22d07ac0da0ea6fe26e8c5c2a6394b06a3a67be078fe535859e00d8c30c957f3,1641,61.512116720391106,61.512116720391106,26.73867034332859,33.7756439876674,0.00021436530654107797,0.004257848363420652,0.05034592316220066
bfo-22d07ac0da0ea6fe26e8c5c2a6394b06a3a67be078fe535859e00d8c30c957f3,1642,61.51211475749704,61.51211475749704,26.738205447472513,33.774706850763366,0.00021437913853866435,0.004258142474976874,0.050345694113917275
bfo-22d07ac0da0ea6fe26e8c5c2a6394b06a3a67be078fe535859e00d8c30c957f3,1643,61.51211424160722,61.51211424160722,26.738188415188393,33.774672836805024,0.00021437917124386702,0.0042581535829271785,0.050345570461198946
bfo-22d07ac0da0ea6fe26e8c5c2a6394b06a3a67be078fe535859e00d8c30c957f3,1644,61.51210924715056,61.51210924715056,26.737933347472243,33.774162276746665,0.0002143891349412359,0.00425832045409644,0.05034593738359846
bfo-22d07ac0da0ea6fe26e8c5c2a6394b06a3a67be078fe535859e00d8c30c957f3,1645,61.51210751136944,61.51210751136944,26.737480274361314,33.77325143636675,0.0002144043543177153,0.0042586152617140344,0.050346025912521734
bfo-22d07ac0da0ea6fe26e8c5c2a6394b06a3a67be078fe535859e00d8c30c957f3,1646,61.51211185452537,61.51211185452537,26.737040795725797,33.772365564978934,0.0002144192598361753,0.004258895587314106,0.050346211932234736
bfo-22d07ac0da0ea6fe26e8c5c2a6394b06a3a67be078fe535859e00d8c30c957f3,1647,61.51210715547344,61.51210715547344,26.737502256299212,33.77329626207201,0.0002144039642030697,0.004258600713347412,0.050346106299911965
bfo-22d07ac0da0ea6fe26e8c5c2a6394b06a3a67be078fe535859e00d8c30c957f3,1648,61.51210851224175,61.51210851224175,26.737389378906073,33.77306950195209,0.00021440718037334165,0.0042586757555322565,0.050345974354777966
bfo-22d07ac0da0ea6fe26e8c5c2a6394b06a3a67be078fe535859e00d8c30c957f3,1649,61.51210841361488,61.51210841361488,26.737399497894348,33.77308924548733,0.00021440746816582193,0.004258665602863129,0.05034616195779128
bfo-22d07ac0da0ea6fe26e8c5c2a6394b06a3a67be078fe535859e00d8c30c957f3,1650,61.512107834551685,61.512107834551685,26.737405058282484,33.773099449105665,0.00021440738407388314,0.00425865955516575,0.05034621370797466
bfo-22d07ac0da0ea6fe26e8c5c2a6394b06a3a67be078fe535859e00d8c30c957f3,1651,61.51210834680721,61.51210834680721,26.73739725627593,33.77308406499216,0.00021440661203820803,0.004258669388048273,0.05034591617746348
bfo-22d07ac0da0ea6fe26e8c5c2a6394b06a3a67be078fe535859e00d8c30c957f3,1652,61.51210488448347,61.51210488448347,26.73762536868835,33.773546344756674,0.00021439989180075045,0.004258521946548566,0.05034608122062554
bfo-22d07ac0da0ea6fe26e8c5c2a6394b06a3a67be078fe535859e00d8c30c957f3,1653,61.51210471580068,61.51210471580068,26.73760259894337,33.77350173273764,0.00021440093325513103,0.00425853285654967,0.05034619679530711
bfo-22d07ac0da0ea6fe26e8c5c2a6394b06a3a67be078fe535859e00d8c30c957f3,1654,61.51210501114658,61.51210501114658,26.737526066073517,33.77334914487592,0.0002144031321086222,0.004258584343565408,0.05034610443552182
bfo-22d07ac0da0ea6fe26e8c5c2a6394b06a3a67be078fe535859e00d8c30c957f3,1655,61.512103509170345,61.512103509170345,26.73765251444405,33.77360188448954,0.00021439956087166868,0.004258499858353125,0.05034626464789473
bfo-22d07ac0da0ea6fe26e8c5c2a6394b06a3a67be078fe535859e00d8c30c957f3,1656,61.51209583928988,61.51209583928988,26.73825124672986,33.77481023698276,0.00021438185144941247,0.004258111838196007,0.050346693463137776
bfo-22d07ac0da0ea6fe26e8c5c2a6394b06a3a67be078fe535859e00d8c30c957f3,1657,61.51209470164785,61.51209470164785,26.738125966129004,33.77455811098757,0.00021438654054030867,0.0042581963430011706,0.05034679551417992
bfo-22d07ac0da0ea6fe26e8c5c2a6394b06a3a67be078fe535859e00d8c30c957f3,1658,61.51209207145012,61.51209207145012,26.738235360983726,33.774778755883666,0.00021438416992359595,0.004258124934061926,0.05034708310427374
bfo-22d07ac0da0ea6fe26e8c5c2a6394b06a3a67be078fe535859e00d8c30c957f3,1659,61.51208510667158,61.51208510667158,26.738356545099215,33.77502444375173,0.00021438221475294296,0.004258043122328247,0.05034759127467956
bfo-22d07ac0da0ea6fe26e8c5c2a6394b06a3a67be078fe535859e00d8c30c957f3,1660,61.51207929202656,61.51207929202656,26.738282513499804,33.77487587243718,0.00021438485164474713,0.004258089093091531,0.05034766698342983
bfo-22d07ac0da0ea6fe26e8c5c2a6394b06a3a67be078fe535859e00d8c30c957f3,1661,61.5120770448252,61.5120770448252,26.738329215394128,33.774971230726095,0.00021438294932444254,0.0042580589898179875,0.05034757616958389
bfo-22d07ac0da0ea6fe26e8c5c2a6394b06a3a67be078fe535859e00d8c30c957f3,1662,61.51207402723257,61.51207402723257,26.73846085302012,33.775238190421106,0.00021437968735120127,0.004257970931694426,0.05034785130998782
bfo-22d07ac0da0ea6fe26e8c5c2a6394b06a3a67be078fe535859e00d8c30c957f3,1663,61.51207105341159,61.51207105341159,26.7384189946334,33.7751538705155,0.00021438082329516226,0.004257997974815923,0.05034779832285621
bfo-22d07ac0da0ea6fe26e8c5c2a6394b06a3a67be078fe535859e00d8c30c957f3,1664,61.51206971221398,61.51206971221398,26.738820899687394,33.775965549015886,0.0002143692059372288,0.004257739952534294,0.050348120910867725
bfo-22d07ac0da0ea6fe26e8c5c2a6394b06a3a67be078fe535859e00d8c30c957f3,1665,61.51206016648048,61.51206016648048,26.738308417001612,33.774933261190796,0.000214386380079527,0.0042580714000324095,0.05034823513713162
bfo-22d07ac0da0ea6fe26e8c5c2a6394b06a3a67be078fe535859e00d8c30c957f3,1666,61.51205697050335,61.51205697050335,26.73825660242299,33.7748292017505,0.0002143872843458673,0.004258104300092136,0.05034805848725416
bfo-22d07ac0da0ea6fe26e8c5c2a6394b06a3a67be078fe535859e00d8c30c957f3,1667,61.51205402340084,61.51205402340084,26.738146194279512,33.77460734943905,0.00021439158668970203,0.004258174457611496,0.05034823932741332
bfo-22d07ac0da0ea6fe26e8c5c2a6394b06a3a67be078fe535859e00d8c30c957f3,1668,61.512049677947864,61.512049677947864,26.737815568865457,33.773941060756684,0.000214402493975273,0.004258386968044903,0.05034828811570142
bfo-22d07ac0da0ea6fe26e8c5c2a6394b06a3a67be078fe535859e00d8c30c957f3,1669,61.51204916315202,61.51204916315202,26.73763393670621,33.77357601315135,0.00021440890627855212,0.004258502443199338,0.05034842861742506
bfo-22d07ac0da0ea6fe26e8c5c2a6394b06a3a67be078fe535859e00d8c30c957f3,1670,61.51204972422529,61.51204972422529,26.737492128541852,33.773290602972374,0.00021441390754755864,0.004258592559994497,0.05034853758064981
bfo-22d07ac0da0ea6fe26e8c5c2a6394b06a3a67be078fe535859e00d8c30c957f3,1671,61.512047060699494,61.512047060699494,26.737754962700375,33.77382102451101,0.0002144056715203031,0.0042584249337500385,0.05034858541735382
bfo-22d07ac0da0ea6fe26e8c5c2a6394b06a3a67be078fe535859e00d8c30c957f3,1672,61.51204519190353,61.51204519190353,26.737801870341443,33.77391594568644,0.0002144049438860636,0.004258397977029487,0.05034873326603098
bfo-22d07ac0da0ea6fe26e8c5c2a6394b06a3a67be078fe535859e00d8c30c957f3,1673,61.512044619403454,61.512044619403454,26.73769872455099,33.773708543580625,0.0002144083724152273,0.004258466741327385,0.0503487253603383
bfo-22d07ac0da0ea6fe26e8c5c2a6394b06a3a67be078fe535859e00d8c30c957f3,1674,61.51203913708944,61.51203913708944,26.73778180000037,33.77387790754938,0.00021440762923741275,0.004258411673025838,0.05034920193262203
bfo-22d07ac0da0ea6fe26e8c5c2a6394b06a3a67be078fe535859e00d8c30c957f3,1675,61.51203756840766,61.51203756840766,26.73780312386358,33.77392093199241,0.00021440724791583224,0.004258395080164841,0.05034930857273408
bfo-22d07ac0da0ea6fe26e8c5c2a6394b06a3a67be078fe535859e00d8c30c957f3,1676,61.51203606852574,61.51203606852574,26.73773738627469,33.77378949011984,0.0002144108831064701,0.004258440859131185,0.05034962095263537
bfo-22d07ac0da0ea6fe26e8c5c2a6394b06a3a67be078fe535859e00d8c30c957f3,1677,61.51203507379584,61.51203507379584,26.737672066399842,33.7736591631217,0.00021441331746170235,0.004258484676689794,0.05034967452985416
bfo-22d07ac0da0ea6fe26e8c5c2a6394b06a3a67be078fe535859e00d8c30c957f3,1678,61.51202428926572,61.51202428926572,26.738186224438344,33.77469841940038,0.00021439883200053572,0.004258152978442722,0.05035019481121248
bfo-22d07ac0da0ea6fe26e8c5c2a6394b06a3a67be078fe535859e00d8c30c957f3,1679,61.512012027968474,61.512012027968474,26.738674845177542,33.77568668877981,0.00021438695256070474,0.004257832271728759,0.05035119724752794
bfo-22d07ac0da0ea6fe26e8c5c2a6394b06a3a67be078fe535859e00d8c30c957f3,1680,61.51201697457268,61.51201697457268,26.739527870529596,33.77740977768259,0.00021436288660743873,0.004257283302814727,0.05035203705276355
bfo-22d07ac0da0ea6fe26e8c5c2a6394b06a3a67be078fe535859e00d8c30c957f3,1681,61.51201195848505,61.51201195848505,26.7386509702889,33.77563865988802,0.0002143873705565234,0.004257846695548817,0.050351124849244915
bfo-22d07ac0da0ea6fe26e8c5c2a6394b06a3a67be078fe535859e00d8c30c957f3,1682,61.512011848302286,61.512011848302286,26.738676347164418,33.77569130771353,0.00021438685479630606,0.0042578341708981535,0.050351151827757304
bfo-22d07ac0da0ea6fe26e8c5c2a6394b06a3a67be078fe535859e00d8c30c957f3,1683,61.512011007186594,61.512011007186594,26.738670441281567,33.775681694827966,0.00021438667123485405,0.004257836603550551,0.05035107994892993
bfo-22d07ac0da0ea6fe26e8c5c2a6394b06a3a67be078fe535859e00d8c30c957f3,1684,61.51201178704914,61.51201178704914,26.73880988293487,33.77596357772981,0.0002143833566290451,0.004257744616110921,0.05035138928197756
bfo-22d07ac0da0ea6fe26e8c5c2a6394b06a3a67be078fe535859e00d8c30c957f3,1685,61.51201085190764,61.51201085190764,26.738633324657062,33.77560807851029,0.00021438761748149887,0.004257864630122417,0.050350970757690586
bfo-22d07ac0da0ea6fe26e8c5c2a6394b06a3a67be078fe535859e00d8c30c957f3,1686,61.51201052782685,61.51201052782685,26.73857762312857,33.775495786311126,0.00021438846346484667,0.004257901070701472,0.05035073852233186
bfo-22d07ac0da0ea6fe26e8c5c2a6394b06a3a67be078fe535859e00d8c30c957f3,1687,61.512011393042144,61.512011393042144,26.73869896909644,33.77573854812667,0.00021438370336868904,0.0042578210692691,0.050350566611642576
bfo-22d07ac0da0ea6fe26e8c5c2a6394b06a3a67be078fe535859e00d8c30c957f3,1688,61.51201082240533,61.51201082240533,26.738596769317162,33.77553532395628,0.00021438767353055798,0.00425788993183672,0.050350684720043455
bfo-22d07ac0da0ea6fe26e8c5c2a6394b06a3a67be078fe535859e00d8c30c957f3,1689,61.5120066055864,61.5120066055864,26.738218275017424,33.77477164926607,0.0002144002040409094,0.0042581322853611735,0.050350761712590626
bfo-22d07ac0da0ea6fe26e8c5c2a6394b06a3a67be078fe535859e00d8c30c957f3,1690,61.512015928162455,61.512015928162455,26.738770736198944,33.775883445799565,0.00021438274280764,0.004257772830534228,0.050350911460145024
bfo-22d07ac0da0ea6fe26e8c5c2a6394b06a3a67be078fe535859e00d8c30c957f3,1691,61.51201012358624,61.51201012358624,26.738411199421666,33.775159732990744,0.0002143931988848159,0.004258007536855273,0.05035059168616567
bfo-22d07ac0da0ea6fe26e8c5c2a6394b06a3a67be078fe535859e00d8c30c957f3,1692,61.512008609114986,61.512008609114986,26.738469759294205,33.7752783811849,0.00021439318243272572,0.004257964442954903,0.05035109740933936
bfo-22d07ac0da0ea6fe26e8c5c2a6394b06a3a67be078fe535859e00d8c30c957f3,1693,61.51200563426585,61.51200563426585,26.738142800200144,33.77462050505342,0.00021440275432314503,0.004258179025939625,0.05035080794326963
bfo-22d07ac0da0ea6fe26e8c5c2a6394b06a3a67be078fe535859e00d8c30c957f3,1694,61.51200472949532,61.51200472949532,26.737442791240262,33.77321115569713,0.00021442579482459958,0.00425863342761564,0.05035084575115781
bfo-22d07ac0da0ea6fe26e8c5c2a6394b06a3a67be078fe535859e00d8c30c957f3,1695,61.51200581616149,61.51200581616149,26.73726685648481,33.77285598862861,0.00021443088828665885,0.004258748770595014,0.050350678060002
bfo-22d07ac0da0ea6fe26e8c5c2a6394b06a3a67be078fe535859e00d8c30c957f3,1696,61.51200532832692,61.51200532832692,26.73738047762048,33.77308521448338,0.0002144280153375168,0.004258675225785638,0.05035087297551769
bfo-22d07ac0da0ea6fe26e8c5c2a6394b06a3a67be078fe535859e00d8c30c957f3,1697,61.51201435682536,61.51201435682536,26.736950841784,33.77222192937871,0.00021444219142883791,0.00425895222835571,0.050350926690631
bfo-22d07ac0da0ea6fe26e8c5c2a6394b06a3a67be078fe535859e00d8c30c957f3,1698,61.5120059413255,61.5120059413255,26.7373953175725,33.77311563454119,0.00021442743752816176,0.00425866436069967,0.05035086575663661
bfo-22d07ac0da0ea6fe26e8c5c2a6394b06a3a67be078fe535859e00d8c30c957f3,1699,61.51200255668864,61.51200255668864,26.73751572161905,33.7733584210403,0.00021442304368808916,0.004258583975424176,0.050350784421653104
bfo-22d07ac0da0ea6fe26e8c5c2a6394b06a3a67be078fe535859e00d8c30c957f3,1700,61.5120012739124,61.5120012739124,26.73745548963997,33.773237311723506,0.00021442453488165116,0.00425862538995895,0.050350644925760434
bfo-22d07ac0da0ea6fe26e8c5c2a6394b06a3a67be078fe535859e00d8c30c957f3,1701,61.51199781601021,61.51199781601021,26.737638241515846,33.77360763696603,0.00021441973804631973,0.0042585068778737455,0.050350919746166664
bfo-22d07ac0da0ea6fe26e8c5c2a6394b06a3a67be078fe535859e00d8c30c957f3,1702,61.512000722548436,61.512000722548436,26.737749307170784,33.77382906344896,0.00021441453666219982,0.004258430494502047,0.05035060145727988
bfo-22d07ac0da0ea6fe26e8c5c2a6394b06a3a67be078fe535859e00d8c30c957f3,1703,61.511997623223365,61.511997623223365,26.73767611044464,33.77368340810186,0.00021441861133438973,0.004258481090050391,0.0503509600724451
bfo-22d07ac0da0ea6fe26e8c5c2a6394b06a3a67be078fe535859e00d8c30c957f3,1704,61.51199538447948,61.51199538447948,26.73817619791301,33.77468989738396,0.0002144029102409169,0.004258159513474537,0.050351075285568675
bfo-22d07ac0da0ea6fe26e8c5c2a6394b06a3a67be078fe535859e00d8c30c957f3,1705,61.51199405728533,61.51199405728533,26.73791810090978,33.77416938506528,0.00021441209756066368,0.004258327267515144,0.050351249232607545
bfo-22d07ac0da0ea6fe26e8c5c2a6394b06a3a67be078fe535859e00d8c30c957f3,1706,61.511985649536044,61.511985649536044,26.73791503984334,33.77416534713507,0.0002144134853144113,0.004258330614131244,0.05035153555313001
bfo-22d07ac0da0ea6fe26e8c5c2a6394b06a3a67be078fe535859e00d8c30c957f3,1707,61.51198352791935,61.51198352791935,26.738409513511385,33.775163447288364,0.0002143982502541728,0.00425800777262247,0.05035177522048693
bfo-22d07ac0da0ea6fe26e8c5c2a6394b06a3a67be078fe535859e00d8c30c957f3,1708,61.511980222402535,61.511980222402535,26.738390353214438,33.775125845854674,0.00021439961313698603,0.004258022264909848,0.05035192392107545
bfo-22d07ac0da0ea6fe26e8c5c2a6394b06a3a67be078fe535859e00d8c30c957f3,1709,61.51197530142584,61.51197530142584,26.738528041063994,33.77540387725949,0.00021439615063414453,0.00425793741332519,0.05035211413939365
bfo-22d07ac0da0ea6fe26e8c5c2a6394b06a3a67be078fe535859e00d8c30c957f3,1710,61.511963509840484,61.511963509840484,26.7382231692589,33.77479409736373,0.0002144080006568013,0.004258137700519635,0.050352528672484305
bfo-22d07ac0da0ea6fe26e8c5c2a6394b06a3a67be078fe535859e00d8c30c957f3,1711,61.51194225800097,61.51194225800097,26.738009964836564,33.77437298310136,0.00021441990310095587,0.004258281314584073,0.05035362562041049
bfo-22d07ac0da0ea6fe26e8c5c2a6394b06a3a67be078fe535859e00d8c30c957f3,1712,61.51192671753682,61.51192671753682,26.737254317171384,33.772861607018754,0.0002144474147217964,0.004258777996269969,0.05035421308873558
bfo-22d07ac0da0ea6fe26e8c5c2a6394b06a3a67be078fe535859e00d8c30c957f3,1713,61.51188251430011,61.51188251430011,26.73761115045726,33.7735943583314,0.00021444632410109752,0.004258556475591132,0.05035657630237959
bfo-22d07ac0da0ea6fe26e8c5c2a6394b06a3a67be078fe535859e00d8c30c957f3,1714,61.511799497907624,61.511799497907624,26.738105608929928,33.7746241251259,0.00021445165884854923,0.004258254764307913,0.05036139703196074
bfo-22d07ac0da0ea6fe26e8c5c2a6394b06a3a67be078fe535859e00d8c30c957f3,1715,61.511702737707495,61.511702737707495,26.737344400756058,33.77310121125325,0.00021449419386650024,0.0042587367447394385,0.05036568511342055
bfo-22d07ac0da0ea6fe26e8c5c2a6394b06a3a67be078fe535859e00d8c30c957f3,1716,61.511652941120104,61.511652941120104,26.74093793126542,33.78037309187169,0.00021441251905656618,0.00425646774077175,0.05037334525121775
bfo-22d07ac0da0ea6fe26e8c5c2a6394b06a3a67be078fe535859e00d8c30c957f3,1717,61.51156767718932,61.51156767718932,26.739900816423184,33.778302505809854,0.00021444421529398267,0.004257182855091186,0.05037232897748983
bfo-22d07ac0da0ea6fe26e8c5c2a6394b06a3a67be078fe535859e00d8c30c957f3,1718,61.511669949414774,61.511669949414774,26.742289909777778,33.783157654072596,0.00021439250797461175,0.004255603959673732,0.05037886749006803
bfo-22d07ac0da0ea6fe26e8c5c2a6394b06a3a67be078fe535859e00d8c30c957f3,1719,1000000.0000000421,61.51158175074144,26.740153009894918,33.77880666556522,0.00021443132616677074,0.004257025909136656,0.050371158349435174
bfo-22d07ac0da0ea6fe26e8c5c2a6394b06a3a67be078fe535859e00d8c30c957f3,1720,61.51154383478317,61.51154383478317,26.739396999756604,33.77729517774524,0.0002144699649130957,0.004257496213442121,0.05037466956187848
bfo-22d07ac0da0ea6fe26e8c5c2a6394b06a3a67be078fe535859e00d8c30c957f3,1721,61.511512035134956,61.511512035134956,26.7386323499385,33.77576471017083,0.00021449744178515985,0.004257996659636573,0.0503752019860597
bfo-22d07ac0da0ea6fe26e8c5c2a6394b06a3a67be078fe535859e00d8c30c957f3,1722,61.51149626744469,61.51149626744469,26.73748588378518,33.77345931138249,0.00021453700249624756,0.004258757844019966,0.05037548749044154
bfo-22d07ac0da0ea6fe26e8c5c2a6394b06a3a67be078fe535859e00d8c30c957f3,1723,61.51150326544439,61.51150326544439,26.737182884712,33.772849224221524,0.00021454497853645602,0.004258953146150513,0.05037505019992392
bfo-22d07ac0da0ea6fe26e8c5c2a6394b06a3a67be078fe535859e00d8c30c957f3,1724,61.511496573939375,61.511496573939375,26.737404268599143,33.77329462824032,0.00021453931997063465,0.0042588123961387015,0.050375386378876195
bfo-22d07ac0da0ea6fe26e8c5c2a6394b06a3a67be078fe535859e00d8c30c957f3,1725,61.511498190507,61.511498190507,26.737272786412042,33.77302959668978,0.00021454386777587555,0.004258890757648686,0.050375527334334404
bfo-22d07ac0da0ea6fe26e8c5c2a6394b06a3a67be078fe535859e00d8c30c957f3,1726,1000000.0000003839,61.51149634146515,26.737576584382218,33.7736427548892,0.0002145338656340932,0.00425869968564133,0.05037543885928785
bfo-22d07ac0da0ea6fe26e8c5c2a6394b06a3a67be078fe535859e00d8c30c957f3,1727,61.51149672776775,61.51149672776775,26.737304565159516,33.77309256680566,0.00021454327214381487,0.004258874080769383,0.05037558473789316
bfo-22d07ac0da0ea6fe26e8c5c2a6394b06a3a67be078fe535859e00d8c30c957f3,1728,61.51149649384437,61.51149649384437,26.737412681708616,33.77331296608896,0.00021453930881223894,0.004258806375807106,0.05037545497042715
bfo-22d07ac0da0ea6fe26e8c5c2a6394b06a3a67be078fe535859e00d8c30c957f3,1729,61.511497648087186,61.511497648087186,26.737331300885735,33.773147290841656,0.00021454282318978754,0.004258860186772888,0.05037564366543702
bfo-22d07ac0da0ea6fe26e8c5c2a6394b06a3a67be078fe535859e00d8c30c957f3,1730,1000000.0000004015,61.51149539710329,26.737640441280607,33.77377107051997,0.0002145321980586047,0.004258661117950618,0.05037550350140171
bfo-22d07ac0da0ea6fe26e8c5c2a6394b06a3a67be078fe535859e00d8c30c957f3,1731,61.51149973701804,61.51149973701804,26.737177001971453,33.7728361952937,0.0002145465996498309,0.004258951067548203,0.050375455422487704
bfo-22d07ac0da0ea6fe26e8c5c2a6394b06a3a67be078fe535859e00d8c30c957f3,1732,61.5114960354883,61.5114960354883,26.73747412447047,33.77343568556375,0.00021453769132664033,0.004258765906959233,0.05037555386081802
bfo-22d07ac0da0ea6fe26e8c5c2a6394b06a3a67be078fe535859e00d8c30c957f3,1733,61.51150100271602,61.51150100271602,26.737073606133084,33.77263039652116,0.0002145506922383325,0.004259028145694448,0.05037550466888247
bfo-22d07ac0da0ea6fe26e8c5c2a6394b06a3a67be078fe535859e00d8c30c957f3,1734,61.51149476373759,61.51149476373759,26.737530865440277,33.77354952057646,0.0002145359149440015,0.004258726923447007,0.05037559787241687
bfo-22d07ac0da0ea6fe26e8c5c2a6394b06a3a67be078fe535859e00d8c30c957f3,1735,61.51149631712256,61.51149631712256,26.737299652371675,33.77308369158905,0.00021454461915902862,0.004258878259046681,0.0503758515997245
bfo-22d07ac0da0ea6fe26e8c5c2a6394b06a3a67be078fe535859e00d8c30c957f3,1736,1000000.0000006703,61.51149589726369,26.73746392199324,33.77341382891155,0.00021453733840717974,0.0042587701279153505,0.05037542106368508
bfo-22d07ac0da0ea6fe26e8c5c2a6394b06a3a67be078fe535859e00d8c30c957f3,1737,61.51149282792038,61.51149282792038,26.737664797537967,33.773820981538464,0.00021453306624143474,0.004258640470513129,0.050375951604006944
bfo-22d07ac0da0ea6fe26e8c5c2a6394b06a3a67be078fe535859e00d8c30c957f3,1738,61.51149111895485,61.51149111895485,26.737559023646458,33.77360946868957,0.00021453791282672756,0.004258706665329034,0.05037630663161724
bfo-22d07ac0da0ea6fe26e8c5c2a6394b06a3a67be078fe535859e00d8c30c957f3,1739,61.51148860337476,61.51148860337476,26.737538100995113,33.773567100321635,0.0002145387459090353,0.00425871710109509,0.05037637880522015
bfo-22d07ac0da0ea6fe26e8c5c2a6394b06a3a67be078fe535859e00d8c30c957f3,1740,61.51148818300035,61.51148818300035,26.737772402290616,33.77403867498644,0.00021453193406699488,0.004258561738449382,0.050376617093523646
bfo-22d07ac0da0ea6fe26e8c5c2a6394b06a3a67be078fe535859e00d8c30c957f3,1741,61.51148744464701,61.51148744464701,26.73761606008246,33.77372419657502,0.00021453839835812688,0.004258665537177588,0.05037690715207263
bfo-22d07ac0da0ea6fe26e8c5c2a6394b06a3a67be078fe535859e00d8c30c957f3,1742,61.511487933452266,61.511487933452266,26.737354878559522,33.77319863775026,0.0002145466757205771,0.004258837077964447,0.050376821604812785
bfo-22d07ac0da0ea6fe26e8c5c2a6394b06a3a67be078fe535859e00d8c30c957f3,1743,1000000.0000000759,61.5114881858228,26.73758352424925,33.773658292759954,0.00021453943560926288,0.004258686276117222,0.050376905388030885
bfo-22d07ac0da0ea6fe26e8c5c2a6394b06a3a67be078fe535859e00d8c30c957f3,1744,61.51148604029278,61.51148604029278,26.73768114227788,33.77385602237033,0.00021453632333756943,0.004258624049025386,0.050376910680027615
bfo-22d07ac0da0ea6fe26e8c5c2a6394b06a3a67be078fe535859e00d8c30c957f3,1745,61.51148511657014,61.51148511657014,26.73766113939326,33.77381583809553,0.00021453725837934686,0.004258639518735128,0.05037694724700889
bfo-22d07ac0da0ea6fe26e8c5c2a6394b06a3a67be078fe535859e00d8c30c957f3,1746,61.511483886581324,61.511483886581324,26.737951668123447,33.774402233010356,0.0002145286166968725,0.004258455072895181,0.05037709991643089
bfo-22d07ac0da0ea6fe26e8c5c2a6394b06a3a67be078fe535859e00d8c30c957f3,1747,61.511483880072646,61.511483880072646,26.73799023692498,33.77447972129519,0.00021452695380561257,0.00425843155451575,0.05037698764422377
bfo-22d07ac0da0ea6fe26e8c5c2a6394b06a3a67be078fe535859e00d8c30c957f3,1748,61.511487887154274,61.511487887154274,26.73854217579728,33.77559101390063,0.00021450902964688495,0.004258075253262545,0.05037699356828599
bfo-22d07ac0da0ea6fe26e8c5c2a6394b06a3a67be078fe535859e00d8c30c957f3,1749,1000000.0000002432,61.511484184474185,26.73801086305148,33.77452143473406,0.00021452618031523669,0.004258417375338074,0.05037697374560556
bfo-22d07ac0da0ea6fe26e8c5c2a6394b06a3a67be078fe535859e00d8c30c957f3,1750,61.51148330334183,61.51148330334183,26.73794898900943,33.77439630196028,0.0002145285005998432,0.004258459908532124,0.05037701544871193
bfo-22d07ac0da0ea6fe26e8c5c2a6394b06a3a67be078fe535859e00d8c30c957f3,1751,61.511481276939904,61.511481276939904,26.73780601327222,33.77410884580101,0.00021453292755971393,0.004258549786691808,0.05037699177079967
bfo-22d07ac0da0ea6fe26e8c5c2a6394b06a3a67be078fe535859e00d8c30c957f3,1752,61.511485357877405,61.511485357877405,26.73736457786001,33.773219949019946,0.00021454675604406373,0.004258839671152105,0.05037680979101624
bfo-22d07ac0da0ea6fe26e8c5c2a6394b06a3a67be078fe535859e00d8c30c957f3,1753,1000000.0000000094,61.51148110089114,26.737858029644126,33.77421541072965,0.00021453115299632116,0.004258517969546364,0.050376951448950665
bfo-22d07ac0da0ea6fe26e8c5c2a6394b06a3a67be078fe535859e00d8c30c957f3,1754,61.51148183896471,61.51148183896471,26.737702009274937,33.7738957652613,0.00021453647535922015,0.004258613392066474,0.050377072443083926
bfo-22d07ac0da0ea6fe26e8c5c2a6394b06a3a67be078fe535859e00d8c30c957f3,1755,1000000.0000000743,61.51148278767435,26.7377350984555,33.77396578302489,0.00021453436416309776,0.004258597573260272,0.05037676382247497
bfo-22d07ac0da0ea6fe26e8c5c2a6394b06a3a67be078fe535859e00d8c30c957f3,1756,61.511478618788466,61.511478618788466,26.737947891604463,33.77439505552588,0.00021453005180701207,0.0042584541665495615,0.05037744764101485
bfo-22d07ac0da0ea6fe26e8c5c2a6394b06a3a67be078fe535859e00d8c30c957f3,1757,61.511480111248886,61.511480111248886,26.738249924339197,33.77500464084006,0.000214521424335435,0.004258260397393669,0.050377713976048996
bfo-22d07ac0da0ea6fe26e8c5c2a6394b06a3a67be078fe535859e00d8c30c957f3,1758,1000000.0000002402,61.511479862695936,26.737666958786583,33.77382903359435,0.0002145393386318957,0.004258636326369844,0.050377473489212864
bfo-22d07ac0da0ea6fe26e8c5c2a6394b06a3a67be078fe535859e00d8c30c957f3,1759,61.51148180319623,61.51148180319623,26.73851052033368,33.77552841671271,0.00021451143998957252,0.0042580891093691575,0.05037739570023999
bfo-22d07ac0da0ea6fe26e8c5c2a6394b06a3a67be078fe535859e00d8c30c957f3,1760,61.5114780003607,61.5114780003607,26.737984621924692,33.7744684410121,0.00021452834850725633,0.004258430884842796,0.05037732308180361
bfo-22d07ac0da0ea6fe26e8c5c2a6394b06a3a67be078fe535859e00d8c30c957f3,1761,61.51148009657575,61.51148009657575,26.73841293264357,33.7753308061164,0.00021451533946044692,0.004258155193159574,0.05037752964125185
bfo-22d07ac0da0ea6fe26e8c5c2a6394b06a3a67be078fe535859e00d8c30c957f3,1762,61.51147713087052,61.51147713087052,26.73794547479652,33.774389687422946,0.000214529928145875,0.004258456707073668,0.05037738854771544
bfo-22d07ac0da0ea6fe26e8c5c2a6394b06a3a67be078fe535859e00d8c30c957f3,1763,61.511477023959834,61.511477023959834,26.738349352819395,33.77520335983901,0.00021451680316760926,0.004258192512357898,0.050377431866936516
bfo-22d07ac0da0ea6fe26e8c5c2a6394b06a3a67be078fe535859e00d8c30c957f3,1764,61.511476435451414,61.511476435451414,26.738394417483224,33.775292357293715,0.00021451555589148028,0.004258161608992139,0.050377504564053835
bfo-22d07ac0da0ea6fe26e8c5c2a6394b06a3a67be078fe535859e00d8c30c957f3,1765,61.5114725492771,61.5114725492771,26.738196123146043,33.77489269133227,0.00021452163853988843,0.004258292211969909,0.050377387896696164
bfo-22d07ac0da0ea6fe26e8c5c2a6394b06a3a67be078fe535859e00d8c30c957f3,1766,61.511470655959926,61.511470655959926,26.738028016012667,33.7745561170432,0.00021452687649216909,0.00425840014700344,0.050377341040420506
bfo-22d07ac0da0ea6fe26e8c5c2a6394b06a3a67be078fe535859e00d8c30c957f3,1767,61.511470855072766,61.511470855072766,26.73810951987465,33.7747211065995,0.0002145243814529445,0.00425834826544696,0.050377368895267616
bfo-22d07ac0da0ea6fe26e8c5c2a6394b06a3a67be078fe535859e00d8c30c957f3,1768,1000000.0000005055,61.5114753893962,26.73791311721825,33.77432308771631,0.00021452935554958097,0.004258473951504645,0.05037705008710489
bfo-22d07ac0da0ea6fe26e8c5c2a6394b06a3a67be078fe535859e00d8c30c957f3,1769,61.511462147571365,61.511462147571365,26.738257942227992,33.775022397131025,0.00021452191251740969,0.0042582524121644325,0.050377923089902056
bfo-22d07ac0da0ea6fe26e8c5c2a6394b06a3a67be078fe535859e00d8c30c957f3,1770,61.511457142001284,61.511457142001284,26.738214022658713,33.774937385367195,0.00021452518169258093,0.004258278466402554,0.05037838257529796
bfo-22d07ac0da0ea6fe26e8c5c2a6394b06a3a67be078fe535859e00d8c30c957f3,1771,61.51145055684417,61.51145055684417,26.737839445582612,33.77418619079189,0.0002145386285188613,0.004258524435243977,0.05037863038739851
bfo-22d07ac0da0ea6fe26e8c5c2a6394b06a3a67be078fe535859e00d8c30c957f3,1772,61.51145171696662,61.51145171696662,26.73734702047606,33.773194823269264,0.00021455450230262792,0.004258842428676329,0.050378596037729574
bfo-22d07ac0da0ea6fe26e8c5c2a6394b06a3a67be078fe535859e00d8c30c957f3,1773,1000000.0000003646,61.5114505012794,26.737873492261443,33.77425467562988,0.00021453750600318946,0.004258503217523999,0.05037861780175593
bfo-22d07ac0da0ea6fe26e8c5c2a6394b06a3a67be078fe535859e00d8c30c957f3,1774,61.51145074842567,61.51145074842567,26.73777136296412,33.77404923973329,0.00021454087296857036,0.004258566860847468,0.05037865553809247
bfo-22d07ac0da0ea6fe26e8c5c2a6394b06a3a67be078fe535859e00d8c30c957f3,1775,61.51145093211174,61.51145093211174,26.737830410487476,33.774168023000186,0.000214539400192195,0.004258528850165605,0.050378759365185946
bfo-22d07ac0da0ea6fe26e8c5c2a6394b06a3a67be078fe535859e00d8c30c957f3,1776,61.51144421512933,61.51144421512933,26.737833902927115,33.77417657981138,0.00021454057176339893,0.004258528655949903,0.05037903677450862
bfo-22d07ac0da0ea6fe26e8c5c2a6394b06a3a67be078fe535859e00d8c30c957f3,1777,61.51144356327651,61.51144356327651,26.737634520645734,33.77377711686694,0.00021454848374040397,0.004258661995737926,0.05037931724920277
bfo-22d07ac0da0ea6fe26e8c5c2a6394b06a3a67be078fe535859e00d8c30c957f3,1778,61.511438398652956,61.511438398652956,26.73750151379935,33.77351133350464,0.00021455457573318174,0.004258749800370741,0.05037970902035708
bfo-22d07ac0da0ea6fe26e8c5c2a6394b06a3a67be078fe535859e00d8c30c957f3,1779,61.511429670148814,61.511429670148814,26.737957956370497,33.77443289162321,0.0002145414360378144,0.004258456678869794,0.050380091243467644
bfo-22d07ac0da0ea6fe26e8c5c2a6394b06a3a67be078fe535859e00d8c30c957f3,1780,61.511422402264216,61.511422402264216,26.737710707173672,33.77393808721708,0.0002145511941170671,0.0042586218802168055,0.050380428258670465
bfo-22d07ac0da0ea6fe26e8c5c2a6394b06a3a67be078fe535859e00d8c30c957f3,1781,61.51141725436894,61.51141725436894,26.73806218819007,33.774647290057445,0.0002145399268561222,0.00425839810692876,0.05038042979284823
bfo-22d07ac0da0ea6fe26e8c5c2a6394b06a3a67be078fe535859e00d8c30c957f3,1782,61.51141027451383,61.51141027451383,26.738055541284318,33.7746376123289,0.00021454216500626987,0.0042584037274677475,0.05038088888153566
bfo-22d07ac0da0ea6fe26e8c5c2a6394b06a3a67be078fe535859e00d8c30c957f3,1783,61.511407618471225,61.511407618471225,26.738360080043375,33.775252790223426,0.00021453300742556278,0.004258206126839723,0.05038107621736502
bfo-22d07ac0da0ea6fe26e8c5c2a6394b06a3a67be078fe535859e00d8c30c957f3,1784,61.51140995170837,61.51140995170837,26.738933414082332,33.776410476455595,0.00021451682961247428,0.004257837997744408,0.0503816325858604
bfo-22d07ac0da0ea6fe26e8c5c2a6394b06a3a67be078fe535859e00d8c30c957f3,1785,61.51140680980609,61.51140680980609,26.73831835188004,33.77516861970802,0.00021453456666622932,0.004258233619915307,0.050381117105194495
bfo-22d07ac0da0ea6fe26e8c5c2a6394b06a3a67be078fe535859e00d8c30c957f3,1786,61.511403903466174,61.511403903466174,26.738441130514907,33.77541674207388,0.00021453182665438788,0.004258151742454379,0.05038144237920763
bfo-22d07ac0da0ea6fe26e8c5c2a6394b06a3a67be078fe535859e00d8c30c957f3,1787,61.51139989439381,61.51139989439381,26.738088185469568,33.77470654169177,0.0002145427346436938,0.004258381269883341,0.05038128834564671
bfo-22d07ac0da0ea6fe26e8c5c2a6394b06a3a67be078fe535859e00d8c30c957f3,1788,61.51139767768467,61.51139767768467,26.737945343278707,33.77442015231224,0.00021454855752156508,0.004258471325634807,0.050381590273965854
bfo-22d07ac0da0ea6fe26e8c5c2a6394b06a3a67be078fe535859e00d8c30c957f3,1789,61.51139610914702,61.51139610914702,26.737820601911512,33.774167007632464,0.00021455332998523594,0.004258549302553026,0.05038178843124111
bfo-22d07ac0da0ea6fe26e8c5c2a6394b06a3a67be078fe535859e00d8c30c957f3,1790,61.51139402343303,61.51139402343303,26.737493641037585,33.77350839719902,0.00021456505176374447,0.004258757277295694,0.05038208045047193
bfo-22d07ac0da0ea6fe26e8c5c2a6394b06a3a67be078fe535859e00d8c30c957f3,1791,61.5113943931206,61.5113943931206,26.737208786820432,33.77293404059116,0.0002145740057124351,0.004258941066060923,0.05038200866932721
bfo-22d07ac0da0ea6fe26e8c5c2a6394b06a3a67be078fe535859e00d8c30c957f3,1792,61.511393807625694,61.511393807625694,26.737570250412396,33.77366209731938,0.00021456285607152534,0.004258706657799296,0.05038216372066386
bfo-22d07ac0da0ea6fe26e8c5c2a6394b06a3a67be078fe535859e00d8c30c957f3,1793,61.51139330348768,61.51139330348768,26.7374761194748,33.77347379645104,0.00021456592900280706,0.0042587697183656004,0.050382139254327094
bfo-22d07ac0da0ea6fe26e8c5c2a6394b06a3a67be078fe535859e00d8c30c957f3,1794,61.51140336303047,61.51140336303047,26.736780651325017,33.77207427628156,0.0002145889694942702,0.004259222720210324,0.05038219027054627
bfo-22d07ac0da0ea6fe26e8c5c2a6394b06a3a67be078fe535859e00d8c30c957f3,1795,61.511392929588894,61.511392929588894,26.737525555900127,33.773573028254084,0.0002145648764603744,0.004258738235660082,0.050382264555200576
bfo-22d07ac0da0ea6fe26e8c5c2a6394b06a3a67be078fe535859e00d8c30c957f3,1796,61.51139137045799,61.51139137045799,26.737512391726003,33.77354627616903,0.00021456546259706637,0.004258742847763877,0.050382347623953744
bfo-22d07ac0da0ea6fe26e8c5c2a6394b06a3a67be078fe535859e00d8c30c957f3,1797,61.51139136700621,61.51139136700621,26.737493613703602,33.773505429600775,0.0002145657721858175,0.004258755266239645,0.050382273404330345
bfo-22d07ac0da0ea6fe26e8c5c2a6394b06a3a67be078fe535859e00d8c30c957f3,1798,61.51139196028139,61.51139196028139,26.737407499420414,33.773333677642526,0.0002145699086493551,0.004258807118737361,0.05038263125496282
bfo-22d07ac0da0ea6fe26e8c5c2a6394b06a3a67be078fe535859e00d8c30c957f3,1799,61.51139090797312,61.51139090797312,26.7375488992208,33.77361654317627,0.00021456439854466503,0.004258720961094393,0.050382356699305075
bfo-22d07ac0da0ea6fe26e8c5c2a6394b06a3a67be078fe535859e00d8c30c957f3,1800,61.511383521438745,61.511383521438745,26.73825348361177,33.7750379162315,0.00021454383473983637,0.004258264770453583,0.0503829250422546
bfo-22d07ac0da0ea6fe26e8c5c2a6394b06a3a67be078fe535859e00d8c30c957f3,1801,61.51138539051106,61.51138539051106,26.738425501082734,33.77538527603859,0.00021453885234926366,0.004258156128459341,0.05038304042338784
bfo-22d07ac0da0ea6fe26e8c5c2a6394b06a3a67be078fe535859e00d8c30c957f3,1802,61.51138367475107,61.51138367475107,26.738262770264136,33.77505616835987,0.00021454341105220273,0.004258256973688778,0.05038291779426156
bfo-22d07ac0da0ea6fe26e8c5c2a6394b06a3a67be078fe535859e00d8c30c957f3,1803,61.51138466764736,61.51138466764736,26.738332105474573,33.77519543891194,0.00021454070840632271,0.004258217713682729,0.05038274762630131
bfo-22d07ac0da0ea6fe26e8c5c2a6394b06a3a67be078fe535859e00d8c30c957f3,1804,61.51138415432502,61.51138415432502,26.738284578377332,33.77510039688279,0.00021454272314700584,0.004258242846337644,0.050382923400323694
bfo-22d07ac0da0ea6fe26e8c5c2a6394b06a3a67be078fe535859e00d8c30c957f3,1805,61.511381465125666,61.511381465125666,26.738118220253625,33.774766558269555,0.00021454928872990405,0.004258351721479912,0.050383177051270295
bfo-22d07ac0da0ea6fe26e8c5c2a6394b06a3a67be078fe535859e00d8c30c957f3,1806,61.51137913363368,61.51137913363368,26.738014252369243,33.7745568418402,0.00021455193564320443,0.004258424175520893,0.050382941388632405
bfo-22d07ac0da0ea6fe26e8c5c2a6394b06a3a67be078fe535859e00d8c30c957f3,1807,61.51137962808759,61.51137962808759,26.738132791752196,33.77479537605414,0.00021454880011649336,0.0042583507739158664,0.05038307352008016
bfo-22d07ac0da0ea6fe26e8c5c2a6394b06a3a67be078fe535859e00d8c30c957f3,1808,61.5113785355748,61.5113785355748,26.737943301406858,33.774414050316004,0.00021455485392381444,0.004258471074787464,0.0503830718010742
bfo-22d07ac0da0ea6fe26e8c5c2a6394b06a3a67be078fe535859e00d8c30c957f3,1809,61.51137839348077,61.51137839348077,26.738189398868634,33.77490983209032,0.00021454690986044285,0.004258308188442479,0.05038313348074406
bfo-22d07ac0da0ea6fe26e8c5c2a6394b06a3a67be078fe535859e00d8c30c957f3,1810,61.51136776271801,61.51136776271801,26.7380701769019,33.7746733915291,0.00021455364011315186,0.004258388127039104,0.05038376815650502
bfo-22d07ac0da0ea6fe26e8c5c2a6394b06a3a67be078fe535859e00d8c30c957f3,1811,61.51136463914851,61.51136463914851,26.738703459553612,33.7759523012094,0.00021453544562017687,0.004257975716246253,0.050384375092046574
bfo-22d07ac0da0ea6fe26e8c5c2a6394b06a3a67be078fe535859e00d8c30c957f3,1812,61.511353880732884,61.511353880732884,26.738435735592855,33.77541559623418,0.00021454607154074317,0.0042581503987310695,0.050384803600332664
bfo-22d07ac0da0ea6fe26e8c5c2a6394b06a3a67be078fe535859e00d8c30c957f3,1813,61.51134967645792,61.51134967645792,26.738485973590045,33.77551763732951,0.00021454528865810337,0.004258117630162677,0.050385007482732905
bfo-22d07ac0da0ea6fe26e8c5c2a6394b06a3a67be078fe535859e00d8c30c957f3,1814,61.51134364514874,61.51134364514874,26.73841685023408,33.77537932485278,0.0002145483133394519,0.004258163994407981,0.050385169199966634
bfo-22d07ac0da0ea6fe26e8c5c2a6394b06a3a67be078fe535859e00d8c30c957f3,1815,61.51133463176488,61.51133463176488,26.738196650106747,33.77493903108304,0.00021455662639237107,0.00425830825236568,0.050385414506611936
bfo-22d07ac0da0ea6fe26e8c5c2a6394b06a3a67be078fe535859e00d8c30c957f3,1816,61.51132708999453,61.51132708999453,26.738120505159774,33.77478805948797,0.00021456106777844924,0.0042583573376530496,0.0503858767044436
bfo-22d07ac0da0ea6fe26e8c5c2a6394b06a3a67be078fe535859e00d8c30c957f3,1817,61.51131990588595,61.51131990588595,26.738188609080105,33.77492776853288,0.00021456041784223792,0.004258313521464805,0.050386242525522616
bfo-22d07ac0da0ea6fe26e8c5c2a6394b06a3a67be078fe535859e00d8c30c957f3,1818,61.511313930971426,61.511313930971426,26.73811730126384,33.7747867571018,0.00021456423150213472,0.004258361872213715,0.05038656599435342
bfo-22d07ac0da0ea6fe26e8c5c2a6394b06a3a67be078fe535859e00d8c30c957f3,1819,61.51130784386347,61.51130784386347,26.737881005986445,33.77431203526293,0.00021457386666379847,0.0042585136917902226,0.05038703223555786
bfo-22d07ac0da0ea6fe26e8c5c2a6394b06a3a67be078fe535859e00d8c30c957f3,1820,61.5113032424658,61.5113032424658,26.737844945691375,33.77424136431935,0.00021457564864303395,0.004258536669586348,0.05038717881085587
bfo-22d07ac0da0ea6fe26e8c5c2a6394b06a3a67be078fe535859e00d8c30c957f3,1821,61.51130123548529,61.51130123548529,26.737464121150996,33.77347683842068,0.0002145896215224309,0.004258788511560969,0.05038748013429237
bfo-22d07ac0da0ea6fe26e8c5c2a6394b06a3a67be078fe535859e00d8c30c957f3,1822,61.511299056220935,61.511299056220935,26.73726226407105,33.77307307118787,0.0002145987559539486,0.004258918020647981,0.05038809268305617
bfo-22d07ac0da0ea6fe26e8c5c2a6394b06a3a67be078fe535859e00d8c30c957f3,1823,61.51128854664927,61.51128854664927,26.737494950890355,33.77354388532475,0.00021459222177744235,0.004258766624667144,0.0503883496537485
bfo-22d07ac0da0ea6fe26e8c5c2a6394b06a3a67be078fe535859e00d8c30c957f3,1824,61.51128225766249,61.51128225766249,26.737773958905827,33.77410702561818,0.00021458340102002677,0.004258581128728084,0.05038847318710509
bfo-22d07ac0da0ea6fe26e8c5c2a6394b06a3a67be078fe535859e00d8c30c957f3,1825,61.51127778117435,61.51127778117435,26.73755978068183,33.77367736415411,0.00021459128719867904,0.0042587243005632125,0.05038863097343482
bfo-22d07ac0da0ea6fe26e8c5c2a6394b06a3a67be078fe535859e00d8c30c957f3,1826,61.51127433020794,61.51127433020794,26.737539867452735,33.77363725471829,0.00021459170679138717,0.004258734722122846,0.05038860619250309
bfo-22d07ac0da0ea6fe26e8c5c2a6394b06a3a67be078fe535859e00d8c30c957f3,1827,61.51127138155282,61.51127138155282,26.737760279409677,33.774080701392045,0.00021458493038861498,0.004258591788750553,0.0503887061811043
bfo-22d07ac0da0ea6fe26e8c5c2a6394b06a3a67be078fe535859e00d8c30c957f3,1828,61.51126532063671,61.51126532063671,26.737848096161663,33.774259522785314,0.00021458250495514045,0.00425853810872236,0.050388771798385794
bfo-22d07ac0da0ea6fe26e8c5c2a6394b06a3a67be078fe535859e00d8c30c957f3,1829,61.51125988406683,61.51125988406683,26.73810050538722,33.77476955473007,0.00021457495724571158,0.004258374120502498,0.050388939809823764
bfo-22d07ac0da0ea6fe26e8c5c2a6394b06a3a67be078fe535859e00d8c30c957f3,1830,61.51125602655067,61.51125602655067,26.73840004517882,33.77537388712779,0.00021456695381662604,0.004258177783255747,0.05038938361389199
bfo-22d07ac0da0ea6fe26e8c5c2a6394b06a3a67be078fe535859e00d8c30c957f3,1831,61.51125176123676,61.51125176123676,26.737968395297614,33.774502787730945,0.00021458051752760638,0.004258457658086598,0.05038925704007617
bfo-22d07ac0da0ea6fe26e8c5c2a6394b06a3a67be078fe535859e00d8c30c957f3,1832,61.51124641426837,61.51124641426837,26.738191873390004,33.77495521613979,0.00021457423468443438,0.004258312154556018,0.05038950337514803
bfo-22d07ac0da0ea6fe26e8c5c2a6394b06a3a67be078fe535859e00d8c30c957f3,1833,61.51124256262568,61.51124256262568,26.73829885484598,33.77517271802903,0.0002145718149380452,0.004258241086530882,0.05038977610186306
bfo-22d07ac0da0ea6fe26e8c5c2a6394b06a3a67be078fe535859e00d8c30c957f3,1834,61.511233872450575,61.511233872450575,26.738202615349397,33.77498158499627,0.000214576888112547,0.004258302706608844,0.05039023829365766
bfo-22d07ac0da0ea6fe26e8c5c2a6394b06a3a67be078fe535859e00d8c30c957f3,1835,61.511230401035874,61.511230401035874,26.738303802520793,33.77518586531617,0.0002145744217631295,0.004258238010919296,0.0503904246810304
bfo-22d07ac0da0ea6fe26e8c5c2a6394b06a3a67be078fe535859e00d8c30c957f3,1836,61.511230405407225,61.511230405407225,26.7384083874374,33.77539689123884,0.00021457119354220672,0.004258172056450841,0.05039044705043
bfo-22d07ac0da0ea6fe26e8c5c2a6394b06a3a67be078fe535859e00d8c30c957f3,1837,61.51123336150849,61.51123336150849,26.738449528460706,33.775478982204476,0.00021456977144501376,0.004258142285157516,0.05039046538978592
bfo-22d07ac0da0ea6fe26e8c5c2a6394b06a3a67be078fe535859e00d8c30c957f3,1838,61.51122644248049,61.51122644248049,26.738452003235135,33.775486169991595,0.00021457106706320993,0.004258143647434927,0.050390753537040936
bfo-22d07ac0da0ea6fe26e8c5c2a6394b06a3a67be078fe535859e00d8c30c957f3,1839,61.51121581394507,61.51121581394507,26.73816187750157,33.77490432111395,0.00021458159172704828,0.004258335578391545,0.05039095387782939
bfo-22d07ac0da0ea6fe26e8c5c2a6394b06a3a67be078fe535859e00d8c30c957f3,1840,61.511205679276685,61.511205679276685,26.73836029883659,33.77530461033026,0.00021457614809148717,0.004258215050359179,0.050391101800597825
bfo-22d07ac0da0ea6fe26e8c5c2a6394b06a3a67be078fe535859e00d8c30c957f3,1841,61.51119356283779,61.51119356283779,26.737796182321162,33.774169437685416,0.0002145965349695565,0.004258576632509528,0.05039161050463411
bfo-22d07ac0da0ea6fe26e8c5c2a6394b06a3a67be078fe535859e00d8c30c957f3,1842,61.511181922924465,61.511181922924465,26.73765006518959,33.77387951581524,0.00021460165798127174,0.004258671804954588,0.050391687317064844
bfo-22d07ac0da0ea6fe26e8c5c2a6394b06a3a67be078fe535859e00d8c30c957f3,1843,61.51116774532401,61.51116774532401,26.73747934519186,33.77354073048591,0.0002146103381304479,0.004258787907244301,0.050392351721810454
bfo-22d07ac0da0ea6fe26e8c5c2a6394b06a3a67be078fe535859e00d8c30c957f3,1844,61.511161182259265,61.511161182259265,26.737010165870203,33.77260129290986,0.0002146286923567542,0.004259095081424411,0.05039302674712156
bfo-22d07ac0da0ea6fe26e8c5c2a6394b06a3a67be078fe535859e00d8c30c957f3,1845,61.51116003404271,61.51116003404271,26.736874420259763,33.77233043301037,0.0002146348660177457,0.004259189370858677,0.050393360644228426
bfo-22d07ac0da0ea6fe26e8c5c2a6394b06a3a67be078fe535859e00d8c30c957f3,1846,61.51114838245719,61.51114838245719,26.73708599886604,33.77275928017105,0.0002146297875446713,0.004259051325169147,0.05039380161405953
bfo-22d07ac0da0ea6fe26e8c5c2a6394b06a3a67be078fe535859e00d8c30c957f3,1847,61.51113783512594,61.51113783512594,26.737441668155494,33.77347686589096,0.00021461959845474056,0.004258822939575943,0.050394111588990015
bfo-22d07ac0da0ea6fe26e8c5c2a6394b06a3a67be078fe535859e00d8c30c957f3,1848,61.51113497588925,61.51113497588925,26.737163624929583,33.77291867991209,0.00021463018563358448,0.004259009638885635,0.05039438832773861
bfo-22d07ac0da0ea6fe26e8c5c2a6394b06a3a67be078fe535859e00d8c30c957f3,1849,61.511127961359094,61.511127961359094,26.737891024677197,33.77438377418543,0.00021460724567121554,0.004258537717241706,0.050394586104598044
bfo-22d07ac0da0ea6fe26e8c5c2a6394b06a3a67be078fe535859e00d8c30c957f3,1850,61.51112593526658,61.51112593526658,26.73855341565341,33.77571961479717,0.00021458762435771106,0.004258105253664054,0.05039509631028043
bfo-22d07ac0da0ea6fe26e8c5c2a6394b06a3a67be078fe535859e00d8c30c957f3,1851,61.51112238934727,61.51112238934727,26.73843895988016,33.775489709822565,0.00021459194930495466,0.004258178937769393,0.05039523994671925
bfo-22d07ac0da0ea6fe26e8c5c2a6394b06a3a67be078fe535859e00d8c30c957f3,1852,61.51112204556841,61.51112204556841,26.738519793114925,33.77565259602096,0.00021458957294494786,0.004258125073248739,0.050395319360881666
bfo-22d07ac0da0ea6fe26e8c5c2a6394b06a3a67be078fe535859e00d8c30c957f3,1853,61.51112313313427,61.51112313313427,26.738609544021195,33.775832982769415,0.00021458658939695454,0.004258063508601864,0.05039534731303575
bfo-22d07ac0da0ea6fe26e8c5c2a6394b06a3a67be078fe535859e00d8c30c957f3,1854,1000000.0000002042,61.51112141420079,26.73849010680095,33.77559269700338,0.00021459065297227916,0.004258145221056369,0.05039533454874587
bfo-22d07ac0da0ea6fe26e8c5c2a6394b06a3a67be078fe535859e00d8c30c957f3,1855,61.511123373076884,61.511123373076884,26.738579174496792,33.77577240919449,0.00021458741250989207,0.004258084769229576,0.05039528899484962
bfo-22d07ac0da0ea6fe26e8c5c2a6394b06a3a67be078fe535859e00d8c30c957f3,1856,1000000.0000000191,61.51112399975372,26.738624889376958,33.77586449687289,0.00021458642188522539,0.00425805778831723,0.05039537567432339
bfo-22d07ac0da0ea6fe26e8c5c2a6394b06a3a67be078fe535859e00d8c30c957f3,1857,61.51111893048922,61.51111893048922,26.73830970768438,33.77522897902043,0.00021459586977467152,0.004258259539140329,0.050395206727581195
bfo-22d07ac0da0ea6fe26e8c5c2a6394b06a3a67be078fe535859e00d8c30c957f3,1858,61.51111633396316,61.51111633396316,26.738067582205968,33.77474090323527,0.0002146035419230677,0.00425841319125302,0.0503951900120621
bfo-22d07ac0da0ea6fe26e8c5c2a6394b06a3a67be078fe535859e00d8c30c957f3,1859,61.511116180368376,61.511116180368376,26.73791733155643,33.774438405335424,0.000214608539083102,0.004258510087962202,0.05039521678949392
bfo-22d07ac0da0ea6fe26e8c5c2a6394b06a3a67be078fe535859e00d8c30c957f3,1860,61.51111558500274,61.51111558500274,26.7380618843394,33.77473032988408,0.0002146054952200929,0.00425841489626381,0.05039562852562359
bfo-22d07ac0da0ea6fe26e8c5c2a6394b06a3a67be078fe535859e00d8c30c957f3,1861,61.511112209584425,61.511112209584425,26.737577575362643,33.77375464016921,0.00021462107731004743,0.004258726186524941,0.05039560373454653
bfo-22d07ac0da0ea6fe26e8c5c2a6394b06a3a67be078fe535859e00d8c30c957f3,1862,61.511109457982805,61.511109457982805,26.737841921193233,33.77428623811497,0.0002146129622080004,0.004258555561766078,0.05039571730255825
bfo-22d07ac0da0ea6fe26e8c5c2a6394b06a3a67be078fe535859e00d8c30c957f3,1863,61.51110925075589,61.51110925075589,26.73810248246241,33.77481216775006,0.0002146063582038359,0.004258386615589719,0.05039616586670966
bfo-22d07ac0da0ea6fe26e8c5c2a6394b06a3a67be078fe535859e00d8c30c957f3,1864,61.51110964458003,61.51110964458003,26.73807966834639,33.77476894375423,0.0002146064724765977,0.004258405846600689,0.050395965111664796
bfo-22d07ac0da0ea6fe26e8c5c2a6394b06a3a67be078fe535859e00d8c30c957f3,1865,1000000.0000000051,61.51110881917529,26.73803145888224,33.774668053770334,0.00021460849152706395,0.004258431896599165,0.05039613095572877
bfo-22d07ac0da0ea6fe26e8c5c2a6394b06a3a67be078fe535859e00d8c30c957f3,1866,61.51111048893358,61.51111048893358,26.738244580579913,33.77510048348406,0.00021460208916323004,0.004258296003399437,0.05039623572243715
bfo-22d07ac0da0ea6fe26e8c5c2a6394b06a3a67be078fe535859e00d8c30c957f3,1867,1000000.0000001863,61.511108931661944,26.73804638578476,33.77469951229364,0.00021460844970097793,0.004258425573326397,0.05039619596623363
bfo-22d07ac0da0ea6fe26e8c5c2a6394b06a3a67be078fe535859e00d8c30c957f3,1868,61.51111011311652,61.51111011311652,26.73821470587412,33.77503753044819,0.0002146021739815399,0.004258308671080659,0.0503961057212602
bfo-22d07ac0da0ea6fe26e8c5c2a6394b06a3a67be078fe535859e00d8c30c957f3,1869,61.511110357097984,61.511110357097984,26.737904522822216,33.77441295066818,0.0002146119885485399,0.0042585148681979195,0.05039597023629919
bfo-22d07ac0da0ea6fe26e8c5c2a6394b06a3a67be078fe535859e00d8c30c957f3,1870,61.51110899753382,61.51110899753382,26.737981889153936,33.77456825407774,0.0002146094692103453,0.004258462794994718,0.05039599487932393
bfo-22d07ac0da0ea6fe26e8c5c2a6394b06a3a67be078fe535859e00d8c30c957f3,1871,61.51110539969686,61.51110539969686,26.738094320559398,33.77479412143999,0.0002146067373087555,0.004258392599830357,0.050396184071263145
bfo-22d07ac0da0ea6fe26e8c5c2a6394b06a3a67be078fe535859e00d8c30c957f3,1872,61.51110435958353,61.51110435958353,26.738080117851872,33.774765587694255,0.00021460751536751585,0.004258403015756514,0.05039624351510337
bfo-22d07ac0da0ea6fe26e8c5c2a6394b06a3a67be078fe535859e00d8c30c957f3,1873,61.511104146647924,61.511104146647924,26.738128805309582,33.77486352361873,0.00021460672862019597,0.004258365763237949,0.05039649963205948
bfo-22d07ac0da0ea6fe26e8c5c2a6394b06a3a67be078fe535859e00d8c30c957f3,1874,61.511103161918044,61.511103161918044,26.737984993454226,33.7745723095377,0.0002146116182557358,0.0042584561074269925,0.05039657867588227
bfo-22d07ac0da0ea6fe26e8c5c2a6394b06a3a67be078fe535859e00d8c30c957f3,1875,61.511100751026866,61.511100751026866,26.737965567379394,33.77453284810005,0.0002146127689157165,0.004258466941536247,0.05039672066546434
bfo-22d07ac0da0ea6fe26e8c5c2a6394b06a3a67be078fe535859e00d8c30c957f3,1876,61.5111006919187,61.5111006919187,26.737817771629707,33.774236582852915,0.00021461811739489168,0.004258560262585989,0.050396872220041314
bfo-22d07ac0da0ea6fe26e8c5c2a6394b06a3a67be078fe535859e00d8c30c957f3,1877,61.51109873484018,61.51109873484018,26.737808859733978,33.77422121444048,0.0002146176780152582,0.00425856758948262,0.050396682336403265
bfo-22d07ac0da0ea6fe26e8c5c2a6394b06a3a67be078fe535859e00d8c30c957f3,1878,61.511098752253886,61.511098752253886,26.737684935713332,33.77397156552884,0.00021462138314708417,0.004258650173120678,0.05039657507012667
bfo-22d07ac0da0ea6fe26e8c5c2a6394b06a3a67be078fe535859e00d8c30c957f3,1879,1000000.0000007924,61.511097856759015,26.737825983212783,33.77425646126831,0.00021461738542027142,0.004258557078862143,0.05039673801381
bfo-22d07ac0da0ea6fe26e8c5c2a6394b06a3a67be078fe535859e00d8c30c957f3,1880,61.51110051343656,61.51110051343656,26.737774615818445,33.77415072599697,0.00021461826311083875,0.004258588607601362,0.05039657099719756
bfo-22d07ac0da0ea6fe26e8c5c2a6394b06a3a67be078fe535859e00d8c30c957f3,1881,1000000.0000003068,61.51109847688856,26.737894963965097,33.774394024030386,0.00021461412363074227,0.004258510561234182,0.05039652257397333
bfo-22d07ac0da0ea6fe26e8c5c2a6394b06a3a67be078fe535859e00d8c30c957f3,1882,61.51109977234549,61.51109977234549,26.737636721249796,33.77387571609505,0.00021462478336372104,0.004258681579928657,0.05039700182686974
bfo-22d07ac0da0ea6fe26e8c5c2a6394b06a3a67be078fe535859e00d8c30c957f3,1883,61.511098465946304,61.511098465946304,26.737762446347503,33.77412814218872,0.000214619114347166,0.004258598152206073,0.05039665793213837
bfo-22d07ac0da0ea6fe26e8c5c2a6394b06a3a67be078fe535859e00d8c30c957f3,1884,61.51109729336226,61.51109729336226,26.738173375498533,33.77495474064338,0.00021460521147625478,0.004258333811647256,0.050396521496101035
bfo-22d07ac0da0ea6fe26e8c5c2a6394b06a3a67be078fe535859e00d8c30c957f3,1885,61.511087844443374,61.511087844443374,26.738181976909825,33.774973981996645,0.00021460672572346334,0.004258325705636298,0.05039697302613818
bfo-22d07ac0da0ea6fe26e8c5c2a6394b06a3a67be078fe535859e00d8c30c957f3,1886,61.5110761699498,61.5110761699498,26.738030709772804,33.774671378912224,0.00021461378529524428,0.00425842479469678,0.05039745813111766
bfo-22d07ac0da0ea6fe26e8c5c2a6394b06a3a67be078fe535859e00d8c30c957f3,1887,61.51106652497003,61.51106652497003,26.737579438635017,33.773763732973514,0.00021463214008201714,0.0042587156358651354,0.050398326264020625
bfo-22d07ac0da0ea6fe26e8c5c2a6394b06a3a67be078fe535859e00d8c30c957f3,1888,61.511053566019726,61.511053566019726,26.737632066181423,33.77387631987247,0.00021463327049727932,0.004258686729534162,0.05039893378603997
bfo-22d07ac0da0ea6fe26e8c5c2a6394b06a3a67be078fe535859e00d8c30c957f3,1889,61.51104045711911,61.51104045711911,26.73722407685051,33.77305662978769,0.00021464982264026791,0.004258957685811922,0.050399613819912224
bfo-22d07ac0da0ea6fe26e8c5c2a6394b06a3a67be078fe535859e00d8c30c957f3,1890,61.5110396164955,61.5110396164955,26.736678688691157,33.77196142075213,0.0002146674653558812,0.004259308814211165,0.050399601137077484
bfo-22d07ac0da0ea6fe26e8c5c2a6394b06a3a67be078fe535859e00d8c30c957f3,1891,61.51102843636322,61.51102843636322,26.736855432669934,33.772318526685666,0.00021466343484579043,0.004259193464009633,0.050400019783018925
bfo-22d07ac0da0ea6fe26e8c5c2a6394b06a3a67be078fe535859e00d8c30c957f3,1892,61.511032605493185,61.511032605493185,26.736676548465883,33.77195862706639,0.00021466966311365593,0.0042593078223398155,0.05040012886312803
bfo-22d07ac0da0ea6fe26e8c5c2a6394b06a3a67be078fe535859e00d8c30c957f3,1893,61.511026029672074,61.511026029672074,26.73696017065802,33.77252948123491,0.0002146600686162846,0.00425912474633713,0.05040004259112002
bfo-22d07ac0da0ea6fe26e8c5c2a6394b06a3a67be078fe535859e00d8c30c957f3,1894,61.511011947307566,61.511011947307566,26.737712106342588,33.774044609961145,0.00021463690863787535,0.004258632517579838,0.05040042965713617
bfo-22d07ac0da0ea6fe26e8c5c2a6394b06a3a67be078fe535859e00d8c30c957f3,1895,61.511006224965556,61.511006224965556,26.73801028596215,33.77464734404157,0.00021462976713940631,0.004258434745317487,0.05040109335370469
bfo-22d07ac0da0ea6fe26e8c5c2a6394b06a3a67be078fe535859e00d8c30c957f3,1896,61.51100573199095,61.51100573199095,26.738548532807144,33.77573286785644,0.0002146135748583724,0.004258087775629775,0.0504013975678627
bfo-22d07ac0da0ea6fe26e8c5c2a6394b06a3a67be078fe535859e00d8c30c957f3,1897,61.51100991569314,61.51100991569314,26.738882900355687,33.776406143753164,0.00021460348788694718,0.004257866701111253,0.05040164546037531
bfo-22d07ac0da0ea6fe26e8c5c2a6394b06a3a67be078fe535859e00d8c30c957f3,1898,61.51100456753834,61.51100456753834,26.738483034912743,33.77560167937414,0.00021461539483927462,0.004258129558278267,0.05040133042031071
bfo-22d07ac0da0ea6fe26e8c5c2a6394b06a3a67be078fe535859e00d8c30c957f3,1899,61.5110023309003,61.5110023309003,26.738549595828474,33.77573649130883,0.00021461508038885977,0.004258086256869971,0.050401769114611306
bfo-22d07ac0da0ea6fe26e8c5c2a6394b06a3a67be078fe535859e00d8c30c957f3,1900,61.51100484073592,61.51100484073592,26.738771964028203,33.776183149723444,0.00021460805904884134,0.004257940020448574,0.05040185113416237
bfo-22d07ac0da0ea6fe26e8c5c2a6394b06a3a67be078fe535859e00d8c30c957f3,1901,61.51099914132725,61.51099914132725,26.73843866322957,33.775514064143174,0.0002146190196804215,0.004258159453242263,0.050401827840666116
bfo-22d07ac0da0ea6fe26e8c5c2a6394b06a3a67be078fe535859e00d8c30c957f3,1902,61.51100317330025,61.51100317330025,26.738678922305752,33.775996421060995,0.00021461058230608785,0.004258006545441091,0.05040165627172754
bfo-22d07ac0da0ea6fe26e8c5c2a6394b06a3a67be078fe535859e00d8c30c957f3,1903,61.510998631731525,61.510998631731525,26.738413822521807,33.77546472936022,0.0002146201842857294,0.004258176659944861,0.0504018976724438
bfo-22d07ac0da0ea6fe26e8c5c2a6394b06a3a67be078fe535859e00d8c30c957f3,1904,61.51099674695318,61.51099674695318,26.73846228125795,33.775562059440034,0.00021461875669857996,0.004258145817146089,0.05040192748552293
bfo-22d07ac0da0ea6fe26e8c5c2a6394b06a3a67be078fe535859e00d8c30c957f3,1905,61.510990276768894,61.510990276768894,26.737899196802,33.77442835067116,0.00021463696412430511,0.004258509076710849,0.050401903637618775
bfo-22d07ac0da0ea6fe26e8c5c2a6394b06a3a67be078fe535859e00d8c30c957f3,1906,61.51099013399766,61.51099013399766,26.737897682317186,33.774424882784615,0.00021463658297414824,0.004258506182896305,0.05040184838434803
bfo-22d07ac0da0ea6fe26e8c5c2a6394b06a3a67be078fe535859e00d8c30c957f3,1907,61.51098793682757,61.51098793682757,26.737887072285165,33.77440484648065,0.00021463695694512601,0.004258510363398308,0.05040188672309462
bfo-22d07ac0da0ea6fe26e8c5c2a6394b06a3a67be078fe535859e00d8c30c957f3,1908,61.51098405580976,61.51098405580976,26.737527099873734,33.77368255961705,0.00021465074057704415,0.0042587432687335985,0.05040236685619084
bfo-22d07ac0da0ea6fe26e8c5c2a6394b06a3a67be078fe535859e00d8c30c957f3,1909,61.51098252514079,61.51098252514079,26.737991747910613,33.77461971534332,0.0002146374148294754,0.004258443307524676,0.050402787903788875
bfo-22d07ac0da0ea6fe26e8c5c2a6394b06a3a67be078fe535859e00d8c30c957f3,1910,61.51098299459434,61.51098299459434,26.73771088253796,33.77405504394773,0.0002146465513073531,0.00425862639276676,0.050402766411237296
bfo-22d07ac0da0ea6fe26e8c5c2a6394b06a3a67be078fe535859e00d8c30c957f3,1911,61.51098212585072,61.51098212585072,26.737982284440687,33.77460073793945,0.0002146378837591142,0.004258447504280785,0.05040284834868821
bfo-22d07ac0da0ea6fe26e8c5c2a6394b06a3a67be078fe535859e00d8c30c957f3,1912,61.51098040824204,61.51098040824204,26.738013440650718,33.7746641709755,0.00021463741495871601,0.004258428225245952,0.05040296644810053
bfo-22d07ac0da0ea6fe26e8c5c2a6394b06a3a67be078fe535859e00d8c30c957f3,1913,61.51097417480608,61.51097417480608,26.737972577255047,33.77458407394189,0.0002146397622577249,0.004258459601721247,0.05040314628579984
bfo-22d07ac0da0ea6fe26e8c5c2a6394b06a3a67be078fe535859e00d8c30c957f3,1914,61.51097032503343,61.51097032503343,26.7380604949392,33.77476274868072,0.000214638195371329,0.0042584027551914524,0.0504034511788867
bfo-22d07ac0da0ea6fe26e8c5c2a6394b06a3a67be078fe535859e00d8c30c957f3,1915,61.51096364635444,61.51096364635444,26.738130250413718,33.77490548622824,0.00021463787270624361,0.004258354861822443,0.050403942290141904
bfo-22d07ac0da0ea6fe26e8c5c2a6394b06a3a67be078fe535859e00d8c30c957f3,1916,61.51096078971171,61.51096078971171,26.738259184176496,33.775166395030254,0.00021463490341400865,0.004258271995306567,0.05040422585747869
bfo-22d07ac0da0ea6fe26e8c5c2a6394b06a3a67be078fe535859e00d8c30c957f3,1917,61.510954984966105,61.510954984966105,26.738231149227303,33.775112437331444,0.0002146376733667048,0.004258287929336709,0.050404687735650086
bfo-22d07ac0da0ea6fe26e8c5c2a6394b06a3a67be078fe535859e00d8c30c957f3,1918,61.510951042997824,61.510951042997824,26.73838588637029,33.77542414642323,0.00021463341931477522,0.00425818570944417,0.05040489869634919
bfo-22d07ac0da0ea6fe26e8c5c2a6394b06a3a67be078fe535859e00d8c30c957f3,1919,61.510939888662065,61.510939888662065,26.737802662692786,33.774252329126064,0.00021465301961787095,0.004258564110321406,0.05040502245759791
bfo-22d07ac0da0ea6fe26e8c5c2a6394b06a3a67be078fe535859e00d8c30c957f3,1920,61.51093409952098,61.51093409952098,26.737711671654658,33.77407003999265,0.0002146580997147251,0.004258624113743653,0.050405505154110526
bfo-22d07ac0da0ea6fe26e8c5c2a6394b06a3a67be078fe535859e00d8c30c957f3,1921,61.51092749623739,61.51092749623739,26.73757524163092,33.77379651376708,0.0002146632494956145,0.004258713892703445,0.05040565177750074
bfo-22d07ac0da0ea6fe26e8c5c2a6394b06a3a67be078fe535859e00d8c30c957f3,1922,61.51091906652945,61.51091906652945,26.73757543014534,33.77379973723108,0.00021466479680667762,0.004258712554949393,0.050406030939373535
bfo-22d07ac0da0ea6fe26e8c5c2a6394b06a3a67be078fe535859e00d8c30c957f3,1923,61.51092039598639,61.51092039598639,26.736970938233178,33.77258335814698,0.00021468566217667726,0.004259108756973688,0.050406240936008
bfo-22d07ac0da0ea6fe26e8c5c2a6394b06a3a67be078fe535859e00d8c30c957f3,1924,61.51091987578437,61.51091987578437,26.73752367215185,33.773695088281706,0.0002146663649388911,0.004258745149569032,0.050406013367720416
bfo-22d07ac0da0ea6fe26e8c5c2a6394b06a3a67be078fe535859e00d8c30c957f3,1925,61.51091284181301,61.51091284181301,26.737727107184124,33.77410839608431,0.00021466093225329467,0.004258612654405403,0.050406305920129776
bfo-22d07ac0da0ea6fe26e8c5c2a6394b06a3a67be078fe535859e00d8c30c957f3,1926,61.5109096074463,61.5109096074463,26.737588050137894,33.77382935830611,0.00021466544348729548,0.004258697737392551,0.05040635816965199
bfo-22d07ac0da0ea6fe26e8c5c2a6394b06a3a67be078fe535859e00d8c30c957f3,1927,61.510909147505544,61.510909147505544,26.737538839020072,33.77373217002962,0.00021466754588183782,0.004258728946704688,0.05040648244306388
bfo-22d07ac0da0ea6fe26e8c5c2a6394b06a3a67be078fe535859e00d8c30c957f3,1928,61.510903713403664,61.510903713403664,26.737652373538605,33.77396208176228,0.00021466532931802286,0.004258652180418099,0.050406870583393784
bfo-22d07ac0da0ea6fe26e8c5c2a6394b06a3a67be078fe535859e00d8c30c957f3,1929,61.51089854270627,61.51089854270627,26.738261632780002,33.775189920800216,0.00021464737012631403,0.004258254230289788,0.05040736379699589
bfo-22d07ac0da0ea6fe26e8c5c2a6394b06a3a67be078fe535859e00d8c30c957f3,1930,61.51089792719023,61.51089792719023,26.738189682298195,33.77504526946975,0.00021464943748157465,0.004258297121681054,0.050407341561181894
bfo-22d07ac0da0ea6fe26e8c5c2a6394b06a3a67be078fe535859e00d8c30c957f3,1931,61.51089502697872,61.51089502697872,26.73834595279817,33.77536139236107,0.0002146455619846822,0.0042581982188690335,0.05040760221859552
bfo-22d07ac0da0ea6fe26e8c5c2a6394b06a3a67be078fe535859e00d8c30c957f3,1932,61.51089339914982,61.51089339914982,26.738429474583615,33.77552982998257,0.0002146429490585066,0.004258145150738163,0.050407616805006654
bfo-22d07ac0da0ea6fe26e8c5c2a6394b06a3a67be078fe535859e00d8c30c957f3,1933,61.510885965563766,61.510885965563766,26.73831548277122,33.77530188973793,0.00021464789682053154,0.004258218064618688,0.050407915603014726
bfo-22d07ac0da0ea6fe26e8c5c2a6394b06a3a67be078fe535859e00d8c30c957f3,1934,61.510883291994794,61.510883291994794,26.738288261800093,33.77524797345362,0.00021464937633799676,0.004258232441570515,0.05040809286090312
bfo-22d07ac0da0ea6fe26e8c5c2a6394b06a3a67be078fe535859e00d8c30c957f3,1935,61.51088452893437,61.51088452893437,26.73867355677553,33.776025192826424,0.0002146380923178784,0.004257983469411262,0.050408390229743125
bfo-22d07ac0da0ea6fe26e8c5c2a6394b06a3a67be078fe535859e00d8c30c957f3,1936,61.51088207916783,61.51088207916783,26.738198223987286,33.77506665043069,0.0002146527143753141,0.004258289397104412,0.05040820253345756
bfo-22d07ac0da0ea6fe26e8c5c2a6394b06a3a67be078fe535859e00d8c30c957f3,1937,61.51088192747382,61.51088192747382,26.738522934809687,33.7757228141296,0.00021464434836528437,0.004258077912980928,0.05040874139736432
bfo-22d07ac0da0ea6fe26e8c5c2a6394b06a3a67be078fe535859e00d8c30c957f3,1938,61.510867206669516,61.510867206669516,26.73806819304188,33.77480943506872,0.00021466086133695798,0.004258373585318884,0.05040911912402898
bfo-22d07ac0da0ea6fe26e8c5c2a6394b06a3a67be078fe535859e00d8c30c957f3,1939,61.510857413849195,61.510857413849195,26.73754677640206,33.77375991550696,0.00021467938120442066,0.004258709641503121,0.050409490027746785
bfo-22d07ac0da0ea6fe26e8c5c2a6394b06a3a67be078fe535859e00d8c30c957f3,1940,61.510854564629426,61.510854564629426,26.737348695058735,33.77336397520654,0.00021468497237499867,0.0042588351838150655,0.05040931689276687
bfo-22d07ac0da0ea6fe26e8c5c2a6394b06a3a67be078fe535859e00d8c30c957f3,1941,61.51085004324607,61.51085004324607,26.737023497215826,33.77271085315533,0.0002146974751524708,0.004259046857886187,0.050409747137421156
bfo-22d07ac0da0ea6fe26e8c5c2a6394b06a3a67be078fe535859e00d8c30c957f3,1942,61.510838526358896,61.510838526358896,26.737539893660045,33.77375212734231,0.00021468233028907718,0.004258710634156885,0.05041017076089246
bfo-22d07ac0da0ea6fe26e8c5c2a6394b06a3a67be078fe535859e00d8c30c957f3,1943,61.51083214604345,61.51083214604345,26.73762532266246,33.773924865121174,0.00021468108405566156,0.00425865120173942,0.050410581633916485
bfo-22d07ac0da0ea6fe26e8c5c2a6394b06a3a67be078fe535859e00d8c30c957f3,1944,61.510829512748074,61.510829512748074,26.737456264967022,33.773586944205384,0.00021468870444905027,0.004258761031206092,0.05041107093727912
bfo-22d07ac0da0ea6fe26e8c5c2a6394b06a3a67be078fe535859e00d8c30c957f3,1945,61.510822328355786,61.510822328355786,26.737791139514513,33.774263972416236,0.0002146795143817224,0.00425854620513082,0.050411455938430424
bfo-22d07ac0da0ea6fe26e8c5c2a6394b06a3a67be078fe535859e00d8c30c957f3,1946,61.510821965693935,61.510821965693935,26.737647251750076,33.77397655622571,0.00021468577254763832,0.004258640991925841,0.050411803426180145
bfo-22d07ac0da0ea6fe26e8c5c2a6394b06a3a67be078fe535859e00d8c30c957f3,1947,61.510822214322445,61.510822214322445,26.737583118493422,33.773846683424495,0.00021468929749522475,0.004258678286510916,0.050412189663454746
bfo-22d07ac0da0ea6fe26e8c5c2a6394b06a3a67be078fe535859e00d8c30c957f3,1948,61.510821828443824,61.510821828443824,26.737739792415958,33.7741631612751,0.00021468322662768826,0.004258581468444189,0.05041191021434649
bfo-22d07ac0da0ea6fe26e8c5c2a6394b06a3a67be078fe535859e00d8c30c957f3,1949,61.51082298586665,61.51082298586665,26.737418760552636,33.77351803376933,0.00021469371304178126,0.0042587898029367195,0.05041190642790955
bfo-22d07ac0da0ea6fe26e8c5c2a6394b06a3a67be078fe535859e00d8c30c957f3,1950,61.51082309774143,61.51082309774143,26.737606132731926,33.773892612649526,0.00021468708237162295,0.004258667101010867,0.050411801927571026
bfo-22d07ac0da0ea6fe26e8c5c2a6394b06a3a67be078fe535859e00d8c30c957f3,1951,61.510821925681235,61.510821925681235,26.73768145330919,33.77404445085071,0.00021468585861354986,0.004258617123487677,0.0504121061810151
bfo-22d07ac0da0ea6fe26e8c5c2a6394b06a3a67be078fe535859e00d8c30c957f3,1952,61.51082117455232,61.51082117455232,26.737874420733927,33.77443473773465,0.00021467912395710316,0.004258493250516468,0.05041199112645464
bfo-22d07ac0da0ea6fe26e8c5c2a6394b06a3a67be078fe535859e00d8c30c957f3,1953,61.510820768793096,61.510820768793096,26.737840451733945,33.77436605040171,0.0002146812310363944,0.004258510883892444,0.0504122771761399
bfo-22d07ac0da0ea6fe26e8c5c2a6394b06a3a67be078fe535859e00d8c30c957f3,1954,61.51082103822786,61.51082103822786,26.738213033228718,33.77511741555706,0.00021466865156024364,0.0042582664112082854,0.05041221728053678
bfo-22d07ac0da0ea6fe26e8c5c2a6394b06a3a67be078fe535859e00d8c30c957f3,1955,61.5108210741288,61.5108210741288,26.73781004035743,33.774305180942896,0.00021468217617973047,0.004258533726759799,0.05041222870461477
bfo-22d07ac0da0ea6fe26e8c5c2a6394b06a3a67be078fe535859e00d8c30c957f3,1956,61.51081989091123,61.51081989091123,26.73800790599332,33.77470296479024,0.00021467616324856946,0.004258399260905524,0.05041240853562421
bfo-22d07ac0da0ea6fe26e8c5c2a6394b06a3a67be078fe535859e00d8c30c957f3,1957,61.51081822981186,61.51081822981186,26.738328634406383,33.77534984851496,0.00021466692183081757,0.004258192306949202,0.05041268837964166
bfo-22d07ac0da0ea6fe26e8c5c2a6394b06a3a67be078fe535859e00d8c30c957f3,1958,61.51081931318609,61.51081931318609,26.738460561054282,33.775613287904065,0.00021466265628867514,0.00425810570481451,0.05041271193572359
bfo-22d07ac0da0ea6fe26e8c5c2a6394b06a3a67be078fe535859e00d8c30c957f3,1959,61.510818965196194,61.510818965196194,26.738377454266924,33.77544955727038,0.00021466534348998584,0.00425816291761367,0.050412665659651905
bfo-22d07ac0da0ea6fe26e8c5c2a6394b06a3a67be078fe535859e00d8c30c957f3,1960,61.5108202918141,61.5108202918141,26.738637772584113,33.77597383231927,0.00021465745771242768,0.004257990994620589,0.05041284915435921
bfo-22d07ac0da0ea6fe26e8c5c2a6394b06a3a67be078fe535859e00d8c30c957f3,1961,61.510817205701244,61.510817205701244,26.73809727187616,33.77488424147967,0.00021467434395314275,0.0042583416366770805,0.050412663489503386
bfo-22d07ac0da0ea6fe26e8c5c2a6394b06a3a67be078fe535859e00d8c30c957f3,1962,61.51081521848593,61.51081521848593,26.738105124966427,33.774901318167686,0.000214675092500168,0.004258336062476144,0.05041290526406655
bfo-22d07ac0da0ea6fe26e8c5c2a6394b06a3a67be078fe535859e00d8c30c957f3,1963,61.51081525307681,61.51081525307681,26.73818257072224,33.77505712181557,0.00021467311505499965,0.004258281632842086,0.05041308526879217
bfo-22d07ac0da0ea6fe26e8c5c2a6394b06a3a67be078fe535859e00d8c30c957f3,1964,61.51081772268935,61.51081772268935,26.738329482283902,33.77535355962142,0.00021466854429011526,0.004258191268134478,0.05041308169892565
bfo-22d07ac0da0ea6fe26e8c5c2a6394b06a3a67be078fe535859e00d8c30c957f3,1965,61.510805652287175,61.510805652287175,26.73763316927074,33.773952908902956,0.0002146921156582527,0.00425864284346705,0.050413270976128015
bfo-22d07ac0da0ea6fe26e8c5c2a6394b06a3a67be078fe535859e00d8c30c957f3,1966,61.51080341410666,61.51080341410666,26.737610524639575,33.773906527768865,0.000214692243593677,0.004258657052930022,0.050413132808138514
bfo-22d07ac0da0ea6fe26e8c5c2a6394b06a3a67be078fe535859e00d8c30c957f3,1967,61.51079626352323,61.51079626352323,26.737965684210348,33.774623653030595,0.00021468258920919617,0.004258427861671001,0.05041357895046156
bfo-22d07ac0da0ea6fe26e8c5c2a6394b06a3a67be078fe535859e00d8c30c957f3,1968,61.51079124082374,61.51079124082374,26.737675103251227,33.77404068337946,0.00021469259843222795,0.004258614806330907,0.05041371624244188
bfo-22d07ac0da0ea6fe26e8c5c2a6394b06a3a67be078fe535859e00d8c30c957f3,1969,61.51079108669951,61.51079108669951,26.737654323524183,33.77399867344328,0.00021469349300181685,0.004258622885253882,0.05041383066465574
bfo-22d07ac0da0ea6fe26e8c5c2a6394b06a3a67be078fe535859e00d8c30c957f3,1970,61.510790112680766,61.510790112680766,26.737877128456635,33.77444641560133,0.00021468629974178712,0.004258475481200399,0.050413886539807044
bfo-22d07ac0da0ea6fe26e8c5c2a6394b06a3a67be078fe535859e00d8c30c957f3,1971,61.51078920103129,61.51078920103129,26.737704528213506,33.77409935609829,0.00021469218596910475,0.004258584841984811,0.05041397411001034
bfo-22d07ac0da0ea6fe26e8c5c2a6394b06a3a67be078fe535859e00d8c30c957f3,1972,61.51078890813626,61.51078890813626,26.737553632998118,33.77379514145254,0.00021469663319553735,0.004258683102234495,0.050413855185159895
bfo-22d07ac0da0ea6fe26e8c5c2a6394b06a3a67be078fe535859e00d8c30c957f3,1973,61.51078426227622,61.51078426227622,26.73772193136758,33.774135076198874,0.0002146921898131183,0.004258573289338822,0.05041411177555453
bfo-22d07ac0da0ea6fe26e8c5c2a6394b06a3a67be078fe535859e00d8c30c957f3,1974,61.510782677258376,61.510782677258376,26.737817593257084,33.77432891073543,0.0002146884474137046,0.0042585089171901505,0.05041399503640357
bfo-22d07ac0da0ea6fe26e8c5c2a6394b06a3a67be078fe535859e00d8c30c957f3,1975,61.51078169969425,61.51078169969425,26.737972125330927,33.774641349325655,0.00021468466973831253,0.004258405645376371,0.050414330530349945
bfo-22d07ac0da0ea6fe26e8c5c2a6394b06a3a67be078fe535859e00d8c30c957f3,1976,61.51077955356197,61.51077955356197,26.73801561099065,33.774729039988415,0.00021468418627146465,0.004258378741624499,0.05041453550690193
bfo-22d07ac0da0ea6fe26e8c5c2a6394b06a3a67be078fe535859e00d8c30c957f3,1977,61.51077693567596,61.51077693567596,26.737968589655328,33.774633647611665,0.00021468692951917486,0.004258411977460972,0.050414786229109616
bfo-22d07ac0da0ea6fe26e8c5c2a6394b06a3a67be078fe535859e00d8c30c957f3,1978,61.51077615630892,61.51077615630892,26.737595156069304,33.77388365726372,0.000214699269186823,0.004258655679458621,0.050414798787892734
bfo-22d07ac0da0ea6fe26e8c5c2a6394b06a3a67be078fe535859e00d8c30c957f3,1979,61.51077455878832,61.51077455878832,26.737349516726827,33.773388576676105,0.00021470746063908156,0.004258811934542232,0.05041487249005746
bfo-22d07ac0da0ea6fe26e8c5c2a6394b06a3a67be078fe535859e00d8c30c957f3,1980,61.51076498791446,61.51076498791446,26.737616616328577,33.77392780434747,0.00021470028301101394,0.004258640421256393,0.05041521748099893
bfo-22d07ac0da0ea6fe26e8c5c2a6394b06a3a67be078fe535859e00d8c30c957f3,1981,61.51075815517011,61.51075815517011,26.737616244508384,33.773930152631614,0.00021470174235480616,0.004258643045834346,0.05041552908850151
bfo-22d07ac0da0ea6fe26e8c5c2a6394b06a3a67be078fe535859e00d8c30c957f3,1982,61.51074858526882,61.51074858526882,26.737721944359986,33.774145471181285,0.0002147011128629806,0.004258576140071383,0.05041617334083446
bfo-22d07ac0da0ea6fe26e8c5c2a6394b06a3a67be078fe535859e00d8c30c957f3,1983,61.510744079676066,61.510744079676066,26.73739559903936,33.77348844334126,0.00021471308239028373,0.004258786715113294,0.05041649106970408
bfo-22d07ac0da0ea6fe26e8c5c2a6394b06a3a67be078fe535859e00d8c30c957f3,1984,61.51074110318801,61.51074110318801,26.737115017106763,33.77292545288868,0.00021472428278774815,0.004258968043841385,0.05041697438848993
bfo-22d07ac0da0ea6fe26e8c5c2a6394b06a3a67be078fe535859e00d8c30c957f3,1985,61.51073641834414,61.51073641834414,26.73710289770841,33.772900614561436,0.000214726480901258,0.004258972661704859,0.050417435836581155
bfo-22d07ac0da0ea6fe26e8c5c2a6394b06a3a67be078fe535859e00d8c30c957f3,1986,61.510725224919554,61.510725224919554,26.737555070762124,33.773813863707666,0.00021471427474622747,0.004258681985732372,0.05041801089294127
bfo-22d07ac0da0ea6fe26e8c5c2a6394b06a3a67be078fe535859e00d8c30c957f3,1987,61.51071947918002,61.51071947918002,26.737808911196037,33.77432701193494,0.00021470679327227147,0.0042585220830298025,0.050418147208365405
bfo-22d07ac0da0ea6fe26e8c5c2a6394b06a3a67be078fe535859e00d8c30c957f3,1988,61.5107128173471,61.5107128173471,26.737952651794824,33.77461795929956,0.00021470349356372915,0.004258430138010538,0.050418460936413244
bfo-22d07ac0da0ea6fe26e8c5c2a6394b06a3a67be078fe535859e00d8c30c957f3,1989,61.510708967605105,61.510708967605105,26.738467479692503,33.77565749030253,0.000214689063440002,0.004258097641833717,0.05041900902665722
bfo-22d07ac0da0ea6fe26e8c5c2a6394b06a3a67be078fe535859e00d8c30c957f3,1990,61.510704650256756,61.510704650256756,26.738144314995893,33.77500675657076,0.0002146994138028034,0.0042583111800386,0.0504189113302089
bfo-22d07ac0da0ea6fe26e8c5c2a6394b06a3a67be078fe535859e00d8c30c957f3,1991,61.51069796739564,61.51069796739564,26.737940822200134,33.77459865112464,0.00021470788621685518,0.004258442668045282,0.05041934410154001
bfo-22d07ac0da0ea6fe26e8c5c2a6394b06a3a67be078fe535859e00d8c30c957f3,1992,61.51069524279485,61.51069524279485,26.738136406041335,33.774994660721795,0.00021470250313697443,0.004258321717474777,0.05041951204764654
bfo-22d07ac0da0ea6fe26e8c5c2a6394b06a3a67be078fe535859e00d8c30c957f3,1993,61.51068950373436,61.51068950373436,26.737974824582544,33.77466979104274,0.00021470904224129498,0.004258426519132562,0.050419806770560655
bfo-22d07ac0da0ea6fe26e8c5c2a6394b06a3a67be078fe535859e00d8c30c957f3,1994,61.510690193525704,61.510690193525704,26.738314153653832,33.77535384575172,0.00021469954809753014,0.004258202827450561,0.05042022580828387
bfo-22d07ac0da0ea6fe26e8c5c2a6394b06a3a67be078fe535859e00d8c30c957f3,1995,61.51068975195262,61.51068975195262,26.737950180512886,33.77462023632344,0.00021470964161677807,0.0042584404303533776,0.05041978281212234
bfo-22d07ac0da0ea6fe26e8c5c2a6394b06a3a67be078fe535859e00d8c30c957f3,1996,61.51068961922523,61.51068961922523,26.738114755522002,33.77495226317649,0.0002147047946668083,0.00425833396832642,0.0504199051234091
bfo-22d07ac0da0ea6fe26e8c5c2a6394b06a3a67be078fe535859e00d8c30c957f3,1997,61.51069012030662,61.51069012030662,26.737895265904033,33.77450915505227,0.0002147112548962804,0.004258476934780179,0.050419729444269895
bfo-22d07ac0da0ea6fe26e8c5c2a6394b06a3a67be078fe535859e00d8c30c957f3,1998,61.51068853612293,61.51068853612293,26.737949713788424,33.7746198273622,0.0002147107231508011,0.004258441603744262,0.05042002289335501
bfo-22d07ac0da0ea6fe26e8c5c2a6394b06a3a67be078fe535859e00d8c30c957f3,1999,61.51068834569104,61.51068834569104,26.738293648146676,33.77531375532184,0.0002147004139895341,0.0042582209776069755,0.05042021424406934
bfo-22d07ac0da0ea6fe26e8c5c2a6394b06a3a67be078fe535859e00d8c30c957f3,2000,61.51067869928132,61.51067869928132,26.73789613223054,33.774513143646175,0.00021471439581214764,0.004258477390003117,0.050420461622314845
bfo-22d07ac0da0ea6fe26e8c5c2a6394b06a3a67be078fe535859e00d8c30c957f3,2001,61.51067632604076,61.51067632604076,26.737656814460887,33.774033590660835,0.00021472347227727347,0.0042586361729014775,0.05042071300751172
bfo-22d07ac0da0ea6fe26e8c5c2a6394b06a3a67be078fe535859e00d8c30c957f3,2002,61.510671852900636,61.510671852900636,26.737143397071097,33.77300162129955,0.00021474194115815305,0.004258970626410405,0.05042108997571188
bfo-22d07ac0da0ea6fe26e8c5c2a6394b06a3a67be078fe535859e00d8c30c957f3,2003,61.510670711449805,61.510670711449805,26.73708689163517,33.7728876368881,0.0002147453564242901,0.0042590082394881055,0.05042144657839417
bfo-22d07ac0da0ea6fe26e8c5c2a6394b06a3a67be078fe535859e00d8c30c957f3,2004,61.51066921184908,61.51066921184908,26.7371051774093,33.772924054278604,0.00021474416234711655,0.004258998951218145,0.05042127617469737
bfo-22d07ac0da0ea6fe26e8c5c2a6394b06a3a67be078fe535859e00d8c30c957f3,2005,61.51067411616398,61.51067411616398,26.736782185001417,33.7722757564564,0.00021475558205426388,0.004259210683416991,0.05042145083134846
bfo-22d07ac0da0ea6fe26e8c5c2a6394b06a3a67be078fe535859e00d8c30c957f3,2006,61.51066979874295,61.51066979874295,26.737066521169073,33.77284674144276,0.00021474587555789495,0.004259025029130433,0.05042136970060017
bfo-22d07ac0da0ea6fe26e8c5c2a6394b06a3a67be078fe535859e00d8c30c957f3,2007,61.51067109361912,61.51067109361912,26.736891000882554,33.77249104110942,0.00021475012344401986,0.004259136964883631,0.05042104191873231
bfo-22d07ac0da0ea6fe26e8c5c2a6394b06a3a67be078fe535859e00d8c30c957f3,2008,61.51066791541332,61.51066791541332,26.73722687992174,33.77316814269395,0.00021474019654899696,0.004258919228183258,0.05042128883965697
bfo-22d07ac0da0ea6fe26e8c5c2a6394b06a3a67be078fe535859e00d8c30c957f3,2009,61.51066272305672,61.51066272305672,26.737543479544435,33.7738087337359,0.00021473061937516558,0.004258716418317494,0.05042144117686989
bfo-22d07ac0da0ea6fe26e8c5c2a6394b06a3a67be078fe535859e00d8c30c957f3,2010,61.510658801141595,61.510658801141595,26.73807047862624,33.77486846350962,0.00021471448855249893,0.0042583728964427974,0.05042172063697362
bfo-22d07ac0da0ea6fe26e8c5c2a6394b06a3a67be078fe535859e00d8c30c957f3,2011,61.51066058237586,61.51066058237586,26.73832917157702,33.77538834971577,0.000214706909251049,0.0042582024853576525,0.05042195855865118
bfo-22d07ac0da0ea6fe26e8c5c2a6394b06a3a67be078fe535859e00d8c30c957f3,2012,61.5106591992749,61.5106591992749,26.738125604864724,33.774979660992436,0.00021471336192253911,0.004258335585617815,0.050421897853169716
bfo-22d07ac0da0ea6fe26e8c5c2a6394b06a3a67be078fe535859e00d8c30c957f3,2013,61.5106565812068,61.5106565812068,26.7380593584394,33.7748454169136,0.00021471497967208197,0.004258378683135179,0.050421767449296155
bfo-22d07ac0da0ea6fe26e8c5c2a6394b06a3a67be078fe535859e00d8c30c957f3,2014,61.51065542898712,61.51065542898712,26.737740986050913,33.77420539242695,0.00021472582367201544,0.004258581771247748,0.05042190926607513
bfo-22d07ac0da0ea6fe26e8c5c2a6394b06a3a67be078fe535859e00d8c30c957f3,2015,61.510651420498355,61.510651420498355,26.738326706683754,33.77538673146114,0.00021470873695594064,0.004258200417581993,0.050422412263503184
bfo-22d07ac0da0ea6fe26e8c5c2a6394b06a3a67be078fe535859e00d8c30c957f3,2016,61.510650661163645,61.510650661163645,26.738393552507,33.77552182218511,0.00021470702173409368,0.0042581514531786595,0.05042258926084403
bfo-22d07ac0da0ea6fe26e8c5c2a6394b06a3a67be078fe535859e00d8c30c957f3,2017,61.510650096610014,61.510650096610014,26.73824202715832,33.77521671717513,0.0002147122562174583,0.004258254913792837,0.05042259342482942
bfo-22d07ac0da0ea6fe26e8c5c2a6394b06a3a67be078fe535859e00d8c30c957f3,2018,61.510653696558606,61.510653696558606,26.73875533724982,33.776253146064896,0.00021469723128530392,0.0042579255921865716,0.05042296457206301
bfo-22d07ac0da0ea6fe26e8c5c2a6394b06a3a67be078fe535859e00d8c30c957f3,2019,61.510651461081736,61.510651461081736,26.738356208098615,33.77544654470629,0.00021470847880275382,0.0042581808266593055,0.050422583620339176
bfo-22d07ac0da0ea6fe26e8c5c2a6394b06a3a67be078fe535859e00d8c30c957f3,2020,61.5106515784182,61.5106515784182,26.738366218420406,33.775465724700645,0.00021470855664131548,0.004258173367453925,0.05042269022731112
bfo-22d07ac0da0ea6fe26e8c5c2a6394b06a3a67be078fe535859e00d8c30c957f3,2021,61.51065149010165,61.51065149010165,26.738395151694334,33.77552564345562,0.00021470722421308244,0.00425815391913424,0.05042260761131348
bfo-22d07ac0da0ea6fe26e8c5c2a6394b06a3a67be078fe535859e00d8c30c957f3,2022,61.51065150662534,61.51065150662534,26.738414485103828,33.77556368727899,0.00021470646292264496,0.004258144513573512,0.05042254020224866
bfo-22d07ac0da0ea6fe26e8c5c2a6394b06a3a67be078fe535859e00d8c30c957f3,2023,61.510649184848546,61.510649184848546,26.73814849813419,33.77502860059375,0.00021471537171848556,0.00425831461071388,0.050422618182851896
bfo-22d07ac0da0ea6fe26e8c5c2a6394b06a3a67be078fe535859e00d8c30c957f3,2024,61.51064806121092,61.51064806121092,26.73804506646915,33.77482091194653,0.0002147196828682058,0.004258386712728797,0.05042277682916502
bfo-22d07ac0da0ea6fe26e8c5c2a6394b06a3a67be078fe535859e00d8c30c957f3,2025,61.51064735253679,61.51064735253679,26.73791740953137,33.77456229877876,0.00021472378123755606,0.004258467454240324,0.05042278320660808
bfo-22d07ac0da0ea6fe26e8c5c2a6394b06a3a67be078fe535859e00d8c30c957f3,2026,61.510647594540586,61.510647594540586,26.737957969498673,33.774642264349936,0.00021472337652059278,0.004258443168111626,0.05042297573171799
bfo-22d07ac0da0ea6fe26e8c5c2a6394b06a3a67be078fe535859e00d8c30c957f3,2027,61.51064744945985,61.51064744945985,26.737965976129775,33.77465979439105,0.00021472223790881652,0.004258435948560615,0.05042279383852053
bfo-22d07ac0da0ea6fe26e8c5c2a6394b06a3a67be078fe535859e00d8c30c957f3,2028,61.51064722740978,61.51064722740978,26.737975437267764,33.774679085301145,0.00021472269390603168,0.004258430355725407,0.050422967142656136
bfo-22d07ac0da0ea6fe26e8c5c2a6394b06a3a67be078fe535859e00d8c30c957f3,2029,61.51064803399342,61.51064803399342,26.73816569948474,33.7750630512191,0.00021471755684224257,0.004258303288344199,0.05042326539539026
bfo-22d07ac0da0ea6fe26e8c5c2a6394b06a3a67be078fe535859e00d8c30c957f3,2030,61.51064769441416,61.51064769441416,26.738037494586194,33.774804513552255,0.00021472012678600835,0.004258388958483002,0.05042285448309534
bfo-22d07ac0da0ea6fe26e8c5c2a6394b06a3a67be078fe535859e00d8c30c957f3,2031,61.51064830863825,61.51064830863825,26.738038042748837,33.77480539717755,0.00021472065422819422,0.004258391102492915,0.050422952955752255
bfo-22d07ac0da0ea6fe26e8c5c2a6394b06a3a67be078fe535859e00d8c30c957f3,2032,61.51064835110434,61.51064835110434,26.73807413242932,33.77487771651378,0.00021471976459290924,0.0042583653938760985,0.05042304845462417
bfo-22d07ac0da0ea6fe26e8c5c2a6394b06a3a67be078fe535859e00d8c30c957f3,2033,61.51064579042301,61.51064579042301,26.73786332037442,33.77445284512165,0.00021472525860430567,0.004258505186009674,0.05042268336545308
bfo-22d07ac0da0ea6fe26e8c5c2a6394b06a3a67be078fe535859e00d8c30c957f3,2034,61.51064630973653,61.51064630973653,26.737445301774905,33.77361024124621,0.00021473967575695634,0.004258772571879645,0.05042290287461375
bfo-22d07ac0da0ea6fe26e8c5c2a6394b06a3a67be078fe535859e00d8c30c957f3,2035,61.51064658737224,61.51064658737224,26.73773006052981,33.774184223798926,0.00021472962521864298,0.004258589785050134,0.050422707059612944
bfo-22d07ac0da0ea6fe26e8c5c2a6394b06a3a67be078fe535859e00d8c30c957f3,2036,61.51064439747303,61.51064439747303,26.7378343053145,33.774393439419846,0.00021472608477218161,0.0042585227706396596,0.05042266915950488
bfo-22d07ac0da0ea6fe26e8c5c2a6394b06a3a67be078fe535859e00d8c30c957f3,2037,61.5106430777294,61.5106430777294,26.737797513172755,33.774319171679565,0.0002147281566909044,0.004258546566164688,0.05042287394412404
bfo-22d07ac0da0ea6fe26e8c5c2a6394b06a3a67be078fe535859e00d8c30c957f3,2038,61.51063935487345,61.51063935487345,26.737593555909918,33.77391103467208,0.0002147360035548,0.004258681275684103,0.050423121537853374
bfo-22d07ac0da0ea6fe26e8c5c2a6394b06a3a67be078fe535859e00d8c30c957f3,2039,61.51063507910652,61.51063507910652,26.737903445090517,33.77453662458352,0.00021472655414816666,0.00425847846807928,0.050423303947105716
bfo-22d07ac0da0ea6fe26e8c5c2a6394b06a3a67be078fe535859e00d8c30c957f3,2040,61.51063343239062,61.51063343239062,26.737903751541413,33.77453807182447,0.00021472795972385137,0.004258475069611709,0.05042367425281896
bfo-22d07ac0da0ea6fe26e8c5c2a6394b06a3a67be078fe535859e00d8c30c957f3,2041,61.51063246363473,61.51063246363473,26.737830945211318,33.774392338889406,0.00021473110554026548,0.004258522579095849,0.05042385042040948
bfo-22d07ac0da0ea6fe26e8c5c2a6394b06a3a67be078fe535859e00d8c30c957f3,2042,61.5106312091563,61.5106312091563,26.738082693878415,33.774901169685,0.00021472339184732883,0.0042583652802307735,0.05042390159533058
bfo-22d07ac0da0ea6fe26e8c5c2a6394b06a3a67be078fe535859e00d8c30c957f3,2043,61.51062891822076,61.51062891822076,26.738035149210813,33.77480540708663,0.0002147252980909898,0.004258394122424973,0.05042400771695433
bfo-22d07ac0da0ea6fe26e8c5c2a6394b06a3a67be078fe535859e00d8c30c957f3,2044,61.51062924637653,61.51062924637653,26.73824411261129,33.77522746361887,0.00021471835842374194,0.004258256106767538,0.050424012328073815
bfo-22d07ac0da0ea6fe26e8c5c2a6394b06a3a67be078fe535859e00d8c30c957f3,2045,61.51062960504288,61.51062960504288,26.737881609479437,33.77449580534472,0.00021472946625671445,0.004258494768691692,0.05042379477260326
bfo-22d07ac0da0ea6fe26e8c5c2a6394b06a3a67be078fe535859e00d8c30c957f3,2046,61.510628226107634,61.510628226107634,26.738404086130274,33.77554965625166,0.00021471469670613613,0.004258157864659939,0.05042431575591279
bfo-22d07ac0da0ea6fe26e8c5c2a6394b06a3a67be078fe535859e00d8c30c957f3,2047,61.510626147911466,61.510626147911466,26.738262687775,33.77526441971895,0.0002147191552756426,0.004258250977676177,0.05042426019539592
bfo-22d07ac0da0ea6fe26e8c5c2a6394b06a3a67be078fe535859e00d8c30c957f3,2048,61.51062398704643,61.51062398704643,26.738118018518414,33.77497318959017,0.0002147237010565412,0.004258344688469701,0.05042421803898297
bfo-22d07ac0da0ea6fe26e8c5c2a6394b06a3a67be078fe535859e00d8c30c957f3,2049,61.51062096961959,61.51062096961959,26.738147085951375,33.77503296315272,0.00021472331800899376,0.004258326004676229,0.05042434932722341
bfo-22d07ac0da0ea6fe26e8c5c2a6394b06a3a67be078fe535859e00d8c30c957f3,2050,61.51062818886403,61.51062818886403,26.73853793159536,33.77581902965005,0.00021471119126941103,0.0042580721783246015,0.05042450721300177
bfo-22d07ac0da0ea6fe26e8c5c2a6394b06a3a67be078fe535859e00d8c30c957f3,2051,61.51061967001917,61.51061967001917,26.738089312944833,33.77491806564925,0.0002147258117776775,0.004258365879068283,0.05042446278116874
bfo-22d07ac0da0ea6fe26e8c5c2a6394b06a3a67be078fe535859e00d8c30c957f3,2052,61.510613191268234,61.510613191268234,26.738243556239826,33.7752319073566,0.0002147224576803085,0.004258269536821832,0.05042481595483198
bfo-22d07ac0da0ea6fe26e8c5c2a6394b06a3a67be078fe535859e00d8c30c957f3,2053,61.51061912611978,61.51061912611978,26.738576069418006,33.775901906752274,0.000214710592403532,0.0042580529403398746,0.050424594389001175
bfo-22d07ac0da0ea6fe26e8c5c2a6394b06a3a67be078fe535859e00d8c30c957f3,2054,61.51061453056015,61.51061453056015,26.738228044285556,33.77520088610192,0.00021472356948698063,0.004258277974906357,0.050424977127450823
bfo-22d07ac0da0ea6fe26e8c5c2a6394b06a3a67be078fe535859e00d8c30c957f3,2055,61.51060514821029,61.51060514821029,26.737761550687644,33.77426139985607,0.00021473892891258839,0.004258578977030573,0.05042501972390843
bfo-22d07ac0da0ea6fe26e8c5c2a6394b06a3a67be078fe535859e00d8c30c957f3,2056,61.510601401325324,61.510601401325324,26.737473219223386,33.77368356502224,0.0002147496194884355,0.004258769660023692,0.05042527223396272
bfo-22d07ac0da0ea6fe26e8c5c2a6394b06a3a67be078fe535859e00d8c30c957f3,2057,61.5106009088305,61.5106009088305,26.73720674184317,33.77314491287466,0.00021475834834667318,0.004258942152859736,0.05042527947989859
bfo-22d07ac0da0ea6fe26e8c5c2a6394b06a3a67be078fe535859e00d8c30c957f3,2058,61.51060253984451,61.51060253984451,26.736753735274068,33.77223396262588,0.0002147749118078849,0.004259234496526886,0.05042570724458095
bfo-22d07ac0da0ea6fe26e8c5c2a6394b06a3a67be078fe535859e00d8c30c957f3,2059,61.510605463601664,61.510605463601664,26.736994839571583,33.772718797722085,0.00021476478292343866,0.004259080558596831,0.050425151618684966
bfo-22d07ac0da0ea6fe26e8c5c2a6394b06a3a67be078fe535859e00d8c30c957f3,2060,61.51060525211512,61.51060525211512,26.736856356413153,33.772441271116875,0.00021476977517701575,0.004259172304357304,0.050425237541410955
bfo-22d07ac0da0ea6fe26e8c5c2a6394b06a3a67be078fe535859e00d8c30c957f3,2061,61.51060428609717,61.51060428609717,26.73704793639504,33.77282432891783,0.0002147629097099108,0.004259044190918626,0.050425142375333964
bfo-22d07ac0da0ea6fe26e8c5c2a6394b06a3a67be078fe535859e00d8c30c957f3,2062,61.51060250449296,61.51060250449296,26.73708352623403,33.77289729144186,0.00021476300987514592,0.004259020432076728,0.05042544718913827
bfo-22d07ac0da0ea6fe26e8c5c2a6394b06a3a67be078fe535859e00d8c30c957f3,2063,61.51060360914306,61.51060360914306,26.737052607967275,33.772834912988564,0.0002147633717441239,0.00425904078745599,0.050425291153975156
bfo-22d07ac0da0ea6fe26e8c5c2a6394b06a3a67be078fe535859e00d8c30c957f3,2064,61.51059523080028,61.51059523080028,26.737483634052403,33.773703070565894,0.00021474915914598393,0.0042587671312222745,0.05042519408295295
bfo-22d07ac0da0ea6fe26e8c5c2a6394b06a3a67be078fe535859e00d8c30c957f3,2065,61.51059832594605,61.51059832594605,26.73729051993121,33.773313703945874,0.00021475550219772453,0.004258899405909961,0.05042511732014944
bfo-22d07ac0da0ea6fe26e8c5c2a6394b06a3a67be078fe535859e00d8c30c957f3,2066,61.510592951214434,61.510592951214434,26.7376767775243,33.77409253055197,0.00021474351711407632,0.004258641348041854,0.05042535859771721
bfo-22d07ac0da0ea6fe26e8c5c2a6394b06a3a67be078fe535859e00d8c30c957f3,2067,61.51059066733423,61.51059066733423,26.738341156793464,33.77543057072438,0.00021472395680826014,0.004258210355163877,0.050425868827233294
bfo-22d07ac0da0ea6fe26e8c5c2a6394b06a3a67be078fe535859e00d8c30c957f3,2068,61.51058429723834,61.51058429723834,26.738085187886487,33.77491817687011,0.00021473284669257868,0.0042583785458162595,0.0504259648084945
bfo-22d07ac0da0ea6fe26e8c5c2a6394b06a3a67be078fe535859e00d8c30c957f3,2069,61.510583057294696,61.510583057294696,26.737907587812426,33.774560645461754,0.00021473936429926475,0.004258488255560513,0.050426196202107455
bfo-22d07ac0da0ea6fe26e8c5c2a6394b06a3a67be078fe535859e00d8c30c957f3,2070,61.51058062426085,61.51058062426085,26.73829817032833,33.77534880337576,0.00021472635424610214,0.004258236117948779,0.050426126757277444
bfo-22d07ac0da0ea6fe26e8c5c2a6394b06a3a67be078fe535859e00d8c30c957f3,2071,61.510577947639305,61.510577947639305,26.738322938052292,33.77539908612957,0.00021472585902666477,0.0042582214739176755,0.05042618387556797
bfo-22d07ac0da0ea6fe26e8c5c2a6394b06a3a67be078fe535859e00d8c30c957f3,2072,61.51057491930057,61.51057491930057,26.73845579370604,33.775668292376665,0.00021472361615662523,0.004258137528747011,0.05042665125468817
bfo-22d07ac0da0ea6fe26e8c5c2a6394b06a3a67be078fe535859e00d8c30c957f3,2073,61.51057166386432,61.51057166386432,26.738487024175896,33.775729642187116,0.00021472272949660032,0.004258115771797174,0.050426700682676545
bfo-22d07ac0da0ea6fe26e8c5c2a6394b06a3a67be078fe535859e00d8c30c957f3,2074,61.51056754918692,61.51056754918692,26.738612100373945,33.775983881086105,0.00021472060026552116,0.004258038911275817,0.05042711086949306
bfo-22d07ac0da0ea6fe26e8c5c2a6394b06a3a67be078fe535859e00d8c30c957f3,2075,61.51056854932966,61.51056854932966,26.738770673551883,33.776301743277465,0.00021471518745268568,0.004257932145785202,0.050427104073329516
bfo-22d07ac0da0ea6fe26e8c5c2a6394b06a3a67be078fe535859e00d8c30c957f3,2076,61.51056717424677,61.51056717424677,26.738590947897034,33.77594187701465,0.000214721163003576,0.004258052945085625,0.05042707682895149
bfo-22d07ac0da0ea6fe26e8c5c2a6394b06a3a67be078fe535859e00d8c30c957f3,2077,61.51056255188904,61.51056255188904,26.738407755773615,33.77557351248763,0.00021472855653892854,0.004258171729964203,0.0504274064448626
bfo-22d07ac0da0ea6fe26e8c5c2a6394b06a3a67be078fe535859e00d8c30c957f3,2078,61.510559281952894,61.510559281952894,26.738281830482922,33.775322141535916,0.00021473286428976877,0.004258257624165942,0.05042740088602041
bfo-22d07ac0da0ea6fe26e8c5c2a6394b06a3a67be078fe535859e00d8c30c957f3,2079,61.510560716026184,61.510560716026184,26.738429564143598,33.77561849319085,0.0002147284894863079,0.004258160543216511,0.050427523177439246
bfo-22d07ac0da0ea6fe26e8c5c2a6394b06a3a67be078fe535859e00d8c30c957f3,2080,61.51055958132305,61.51055958132305,26.738290305346474,33.77533935053123,0.00021473282617314075,0.0042582516324467835,0.050427462890387166
bfo-22d07ac0da0ea6fe26e8c5c2a6394b06a3a67be078fe535859e00d8c30c957f3,2081,61.51056049437986,61.51056049437986,26.738481177622024,33.775723253062544,0.00021472722741835997,0.0042581304390591395,0.050427583300103246
bfo-22d07ac0da0ea6fe26e8c5c2a6394b06a3a67be078fe535859e00d8c30c957f3,2082,61.51055927932566,61.51055927932566,26.73825483047099,33.77526695649378,0.0002147337417890716,0.004258275740896959,0.05042739241302403
bfo-22d07ac0da0ea6fe26e8c5c2a6394b06a3a67be078fe535859e00d8c30c957f3,2083,61.51055854774426,61.51055854774426,26.7384239189459,33.775607111282056,0.00021472842596532304,0.004258161959885584,0.050427491482990174
bfo-22d07ac0da0ea6fe26e8c5c2a6394b06a3a67be078fe535859e00d8c30c957f3,2084,61.510555192317824,61.510555192317824,26.738248969120843,33.77525569102795,0.00021473458856736095,0.004258278746235246,0.05042755567779782
bfo-22d07ac0da0ea6fe26e8c5c2a6394b06a3a67be078fe535859e00d8c30c957f3,2085,61.5105534113508,61.5105534113508,26.738347352403792,33.775453395786585,0.0002147328944900755,0.004258212400334851,0.05042794353639796
bfo-22d07ac0da0ea6fe26e8c5c2a6394b06a3a67be078fe535859e00d8c30c957f3,2086,61.51054684090011,61.51054684090011,26.738167700409054,33.77509488211658,0.0002147396214978608,0.004258334080201962,0.0504280823095205
bfo-22d07ac0da0ea6fe26e8c5c2a6394b06a3a67be078fe535859e00d8c30c957f3,2087,61.5105454650222,61.5105454650222,26.73736084864912,33.773473105779225,0.00021476627175166755,0.004258859597763709,0.05042811739190452
bfo-22d07ac0da0ea6fe26e8c5c2a6394b06a3a67be078fe535859e00d8c30c957f3,2088,61.510537510077015,61.510537510077015,26.73761162787402,33.7739805486402,0.00021475817811896164,0.004258702395612985,0.05042807836025133
bfo-22d07ac0da0ea6fe26e8c5c2a6394b06a3a67be078fe535859e00d8c30c957f3,2089,61.51053601848553,61.51053601848553,26.737730816325602,33.774220705875855,0.00021475572389303076,0.004258625818127975,0.05042840884936775
bfo-22d07ac0da0ea6fe26e8c5c2a6394b06a3a67be078fe535859e00d8c30c957f3,2090,61.51053257412045,61.51053257412045,26.73801156536053,33.77478825586723,0.00021474683519453252,0.00425844409584218,0.05042847348969663
bfo-22d07ac0da0ea6fe26e8c5c2a6394b06a3a67be078fe535859e00d8c30c957f3,2091,61.51053231755658,61.51053231755658,26.737982676881142,33.774730305173975,0.0002147474173301293,0.004258464342641086,0.05042837042917298
bfo-22d07ac0da0ea6fe26e8c5c2a6394b06a3a67be078fe535859e00d8c30c957f3,2092,61.51053188608556,61.51053188608556,26.73789058368622,33.77454392081216,0.00021474974180172833,0.004258524024677861,0.05042820952923313
bfo-22d07ac0da0ea6fe26e8c5c2a6394b06a3a67be078fe535859e00d8c30c957f3,2093,61.510529937340365,61.510529937340365,26.7382874408868,33.77534497277484,0.00021473851473544558,0.004258268094469204,0.05042860382941974
bfo-22d07ac0da0ea6fe26e8c5c2a6394b06a3a67be078fe535859e00d8c30c957f3,2094,61.510530285447366,61.510530285447366,26.738543394680207,33.775860328960775,0.00021473103853142546,0.004258104747463375,0.050428782584398466
bfo-22d07ac0da0ea6fe26e8c5c2a6394b06a3a67be078fe535859e00d8c30c957f3,2095,61.51052963435899,61.51052963435899,26.738260912461612,33.77529140967258,0.00021473910366998176,0.0042582842482379885,0.05042855083214265
bfo-22d07ac0da0ea6fe26e8c5c2a6394b06a3a67be078fe535859e00d8c30c957f3,2096,61.510525707188584,61.510525707188584,26.73819477149035,33.77515942383754,0.00021474175716604092,0.0042583318619585885,0.05042861010538339
bfo-22d07ac0da0ea6fe26e8c5c2a6394b06a3a67be078fe535859e00d8c30c957f3,2097,61.51052156428066,61.51052156428066,26.738257936146155,33.7752890496053,0.0002147417100060988,0.004258295664207222,0.05042902770023552
bfo-22d07ac0da0ea6fe26e8c5c2a6394b06a3a67be078fe535859e00d8c30c957f3,2098,61.51052043240636,61.51052043240636,26.73839700612003,33.775568730734555,0.0002147383652004987,0.004258206691760118,0.05042929588552621
bfo-22d07ac0da0ea6fe26e8c5c2a6394b06a3a67be078fe535859e00d8c30c957f3,2099,61.510519244703985,61.510519244703985,26.738647605320235,33.77607493573096,0.00021473136959342494,0.004258043834059092,0.050429581742639465
bfo-22d07ac0da0ea6fe26e8c5c2a6394b06a3a67be078fe535859e00d8c30c957f3,2100,61.510510201093254,61.510510201093254,26.73828083775306,33.77533897411537,0.00021474354595552996,0.004258284502349576,0.05042959103297156
